[16:11:03.881780] {Default Queue}  -> wl_display#1.get_registry(new id wl_registry#2)
[16:11:03.881792] {Default Queue}  -> wl_display#1.sync(new id wl_callback#3)
[16:11:03.921112] {Display Queue} wl_display#1.delete_id(3)
[16:11:03.921121] {Default Queue} wl_registry#2.global(1, "wl_compositor", 6)
[16:11:03.921127] {Default Queue}  -> wl_registry#2.bind(1, "wl_compositor", 6, new id [unknown]#4)
[16:11:03.921130] {Default Queue} wl_registry#2.global(2, "wl_fixes", 1)
[16:11:03.921135] {Default Queue} wl_registry#2.global(3, "wp_security_context_manager_v1", 1)
[16:11:03.921136] {Default Queue} wl_registry#2.global(4, "wl_shm", 2)
[16:11:03.921138] {Default Queue}  -> wl_registry#2.bind(4, "wl_shm", 1, new id [unknown]#5)
[16:11:03.921139] {Default Queue} wl_registry#2.global(5, "wp_single_pixel_buffer_manager_v1", 1)
[16:11:03.921140] {Default Queue}  -> wl_registry#2.bind(5, "wp_single_pixel_buffer_manager_v1", 1, new id [unknown]#6)
[16:11:03.921141] {Default Queue} wl_registry#2.global(6, "wp_alpha_modifier_v1", 1)
[16:11:03.921141] {Default Queue} wl_registry#2.global(7, "wp_color_representation_manager_v1", 1)
[16:11:03.921142] {Default Queue}  -> wl_registry#2.bind(7, "wp_color_representation_manager_v1", 1, new id [unknown]#7)
[16:11:03.921143] {Default Queue} wl_registry#2.global(8, "wp_content_type_manager_v1", 1)
[16:11:03.921145] {Default Queue} wl_registry#2.global(9, "wp_fifo_manager_v1", 1)
[16:11:03.921146] {Default Queue} wl_registry#2.global(10, "wp_commit_timing_manager_v1", 1)
[16:11:03.921147] {Default Queue} wl_registry#2.global(11, "xdg_wm_dialog_v1", 1)
[16:11:03.921147] {Default Queue}  -> wl_registry#2.bind(11, "xdg_wm_dialog_v1", 1, new id [unknown]#8)
[16:11:03.921148] {Default Queue} wl_registry#2.global(12, "xdg_toplevel_drag_manager_v1", 1)
[16:11:03.921149] {Default Queue} wl_registry#2.global(13, "xdg_toplevel_icon_manager_v1", 1)
[16:11:03.921150] {Default Queue}  -> wl_registry#2.bind(13, "xdg_toplevel_icon_manager_v1", 1, new id [unknown]#9)
[16:11:03.921151] {Default Queue} wl_registry#2.global(14, "xdg_toplevel_tag_manager_v1", 1)
[16:11:03.921151] {Default Queue} wl_registry#2.global(15, "wp_viewporter", 1)
[16:11:03.921152] {Default Queue}  -> wl_registry#2.bind(15, "wp_viewporter", 1, new id [unknown]#10)
[16:11:03.921153] {Default Queue} wl_registry#2.global(16, "wp_fractional_scale_manager_v1", 1)
[16:11:03.921154] {Default Queue}  -> wl_registry#2.bind(16, "wp_fractional_scale_manager_v1", 1, new id [unknown]#11)
[16:11:03.921155] {Default Queue} wl_registry#2.global(17, "wl_subcompositor", 1)
[16:11:03.921156] {Default Queue}  -> wl_registry#2.bind(17, "wl_subcompositor", 1, new id [unknown]#12)
[16:11:03.921157] {Default Queue} wl_registry#2.global(18, "wp_cursor_shape_manager_v1", 2)
[16:11:03.921158] {Default Queue}  -> wl_registry#2.bind(18, "wp_cursor_shape_manager_v1", 1, new id [unknown]#13)
[16:11:03.921159] {Default Queue} wl_registry#2.global(19, "xdg_wm_base", 7)
[16:11:03.921159] {Default Queue} wl_registry#2.global(20, "zxdg_decoration_manager_v1", 1)
[16:11:03.921160] {Default Queue} wl_registry#2.global(21, "org_kde_kwin_server_decoration_manager", 1)
[16:11:03.921161] {Default Queue}  -> wl_registry#2.bind(21, "org_kde_kwin_server_decoration_manager", 1, new id [unknown]#14)
[16:11:03.921162] {Default Queue} wl_registry#2.global(22, "xdg_activation_v1", 1)
[16:11:03.921163] {Default Queue}  -> wl_registry#2.bind(22, "xdg_activation_v1", 1, new id [unknown]#15)
[16:11:03.921163] {Default Queue} wl_registry#2.global(23, "zxdg_exporter_v2", 1)
[16:11:03.921164] {Default Queue}  -> wl_registry#2.bind(23, "zxdg_exporter_v2", 1, new id [unknown]#16)
[16:11:03.921165] {Default Queue} wl_registry#2.global(24, "zxdg_importer_v2", 1)
[16:11:03.921165] {Default Queue}  -> wl_registry#2.bind(24, "zxdg_importer_v2", 1, new id [unknown]#17)
[16:11:03.921166] {Default Queue} wl_registry#2.global(25, "wl_data_device_manager", 3)
[16:11:03.921167] {Default Queue}  -> wl_registry#2.bind(25, "wl_data_device_manager", 3, new id [unknown]#18)
[16:11:03.921168] {Default Queue} wl_registry#2.global(26, "zwp_primary_selection_device_manager_v1", 1)
[16:11:03.921168] {Default Queue}  -> wl_registry#2.bind(26, "zwp_primary_selection_device_manager_v1", 1, new id [unknown]#19)
[16:11:03.921169] {Default Queue} wl_registry#2.global(27, "ext_data_control_manager_v1", 1)
[16:11:03.921171] {Default Queue} wl_registry#2.global(28, "zwlr_data_control_manager_v1", 2)
[16:11:03.921171] {Default Queue} wl_registry#2.global(29, "zwlr_export_dmabuf_manager_v1", 1)
[16:11:03.921172] {Default Queue} wl_registry#2.global(30, "zwlr_screencopy_manager_v1", 3)
[16:11:03.921173] {Default Queue} wl_registry#2.global(31, "ext_image_copy_capture_manager_v1", 1)
[16:11:03.921174] {Default Queue} wl_registry#2.global(32, "aqueous_capture_color_manager_v1", 1)
[16:11:03.921175] {Default Queue} wl_registry#2.global(33, "ext_output_image_capture_source_manager_v1", 1)
[16:11:03.921176] {Default Queue} wl_registry#2.global(34, "zwlr_foreign_toplevel_manager_v1", 3)
[16:11:03.921177] {Default Queue} wl_registry#2.global(35, "ext_foreign_toplevel_list_v1", 1)
[16:11:03.921178] {Default Queue} wl_registry#2.global(36, "ext_foreign_toplevel_image_capture_source_manager_v1", 1)
[16:11:03.921179] {Default Queue} wl_registry#2.global(37, "wp_tearing_control_manager_v1", 1)
[16:11:03.921180] {Default Queue} wl_registry#2.global(38, "zwp_linux_dmabuf_v1", 5)
[16:11:03.921181] {Default Queue}  -> wl_registry#2.bind(38, "zwp_linux_dmabuf_v1", 5, new id [unknown]#20)
[16:11:03.921182] {Default Queue}  -> zwp_linux_dmabuf_v1#20.get_default_feedback(new id zwp_linux_dmabuf_feedback_v1#21)
[16:11:03.921183] {Default Queue}  -> wl_display#1.sync(new id wl_callback#22)
[16:11:03.921185] {Default Queue} wl_registry#2.global(39, "wp_linux_drm_syncobj_manager_v1", 1)
[16:11:03.921185] {Default Queue} wl_registry#2.global(40, "wp_color_manager_v1", 3)
[16:11:03.921186] {Default Queue} wl_registry#2.global(41, "aqueous_window_manager_v1", 10)
[16:11:03.921187] {Default Queue} wl_registry#2.global(42, "ext_workspace_manager_v1", 1)
[16:11:03.921188] {Default Queue} wl_registry#2.global(43, "aqueous_window_info_manager_v1", 8)
[16:11:03.921189] {Default Queue} wl_registry#2.global(44, "aqueous_xkb_bindings_v1", 3)
[16:11:03.921189] {Default Queue} wl_registry#2.global(45, "aqueous_layer_shell_v1", 1)
[16:11:03.921190] {Default Queue} wl_registry#2.global(46, "zwlr_layer_shell_v1", 4)
[16:11:03.921191] {Default Queue} wl_registry#2.global(47, "zwlr_gamma_control_manager_v1", 1)
[16:11:03.921192] {Default Queue} wl_registry#2.global(48, "wp_presentation", 2)
[16:11:03.921192] {Default Queue}  -> wl_registry#2.bind(48, "wp_presentation", 1, new id [unknown]#23)
[16:11:03.921193] {Default Queue} wl_registry#2.global(49, "zxdg_output_manager_v1", 3)
[16:11:03.921194] {Default Queue}  -> wl_registry#2.bind(49, "zxdg_output_manager_v1", 3, new id [unknown]#24)
[16:11:03.921196] {Default Queue}  -> wl_display#1.sync(new id wl_callback#25)
[16:11:03.921197] {Default Queue} wl_registry#2.global(50, "zwlr_output_manager_v1", 4)
[16:11:03.921198] {Default Queue} wl_registry#2.global(51, "zwlr_output_power_manager_v1", 1)
[16:11:03.921199] {Default Queue} wl_registry#2.global(52, "aqueous_input_manager_v1", 2)
[16:11:03.921200] {Default Queue} wl_registry#2.global(53, "ext_idle_notifier_v1", 2)
[16:11:03.921200] {Default Queue} wl_registry#2.global(54, "zwp_relative_pointer_manager_v1", 1)
[16:11:03.921201] {Default Queue} wl_registry#2.global(55, "zwp_pointer_gestures_v1", 3)
[16:11:03.921202] {Default Queue}  -> wl_registry#2.bind(55, "zwp_pointer_gestures_v1", 3, new id [unknown]#26)
[16:11:03.921203] {Default Queue} wl_registry#2.global(56, "zwlr_virtual_pointer_manager_v1", 2)
[16:11:03.921204] {Default Queue} wl_registry#2.global(57, "zwp_virtual_keyboard_manager_v1", 1)
[16:11:03.921204] {Default Queue} wl_registry#2.global(58, "zwp_pointer_constraints_v1", 1)
[16:11:03.921205] {Default Queue} wl_registry#2.global(59, "zwp_input_method_manager_v2", 1)
[16:11:03.921206] {Default Queue} wl_registry#2.global(60, "zwp_text_input_manager_v3", 1)
[16:11:03.921207] {Default Queue} wl_registry#2.global(61, "zwp_tablet_manager_v2", 1)
[16:11:03.921208] {Default Queue}  -> wl_registry#2.bind(61, "zwp_tablet_manager_v2", 1, new id [unknown]#27)
[16:11:03.921209] {Default Queue} wl_registry#2.global(62, "wp_pointer_warp_v1", 1)
[16:11:03.921210] {Default Queue} wl_registry#2.global(63, "wl_seat", 9)
[16:11:03.921211] {Default Queue} wl_registry#2.global(64, "aqueous_libinput_config_v1", 2)
[16:11:03.921212] {Default Queue} wl_registry#2.global(65, "aqueous_xkb_config_v1", 2)
[16:11:03.921213] {Default Queue} wl_registry#2.global(66, "zwp_idle_inhibit_manager_v1", 1)
[16:11:03.921214] {Default Queue}  -> wl_registry#2.bind(66, "zwp_idle_inhibit_manager_v1", 1, new id [unknown]#28)
[16:11:03.921215] {Default Queue} wl_registry#2.global(67, "ext_session_lock_manager_v1", 1)
[16:11:03.921215] {Default Queue} wl_registry#2.global(68, "aqueous_shell_manager_v1", 2)
[16:11:03.921216] {Default Queue} wl_registry#2.global(69, "zwp_keyboard_shortcuts_inhibit_manager_v1", 1)
[16:11:03.921217] {Default Queue}  -> wl_registry#2.bind(69, "zwp_keyboard_shortcuts_inhibit_manager_v1", 1, new id [unknown]#29)
[16:11:03.921218] {Default Queue} wl_registry#2.global(70, "ext_background_effect_manager_v1", 1)
[16:11:03.921219] {Default Queue} wl_registry#2.global(71, "xdg_system_bell_v1", 1)
[16:11:03.921220] {Default Queue}  -> wl_registry#2.bind(71, "xdg_system_bell_v1", 1, new id [unknown]#30)
[16:11:03.921220] {Default Queue} wl_registry#2.global(72, "wl_output", 4)
[16:11:03.921221] {Default Queue}  -> wl_registry#2.bind(72, "wl_output", 4, new id [unknown]#31)
[16:11:03.921262] {Default Queue}  -> zxdg_output_manager_v1#24.get_xdg_output(new id zxdg_output_v1#32, wl_output#31)
[16:11:03.921267] {Default Queue}  -> wl_display#1.sync(new id wl_callback#33)
[16:11:03.921268] {Default Queue} wl_registry#2.global(73, "wl_output", 4)
[16:11:03.921269] {Default Queue}  -> wl_registry#2.bind(73, "wl_output", 4, new id [unknown]#34)
[16:11:03.921270] {Default Queue}  -> zxdg_output_manager_v1#24.get_xdg_output(new id zxdg_output_v1#35, wl_output#34)
[16:11:03.921271] {Default Queue}  -> wl_display#1.sync(new id wl_callback#36)
[16:11:03.921272] {Default Queue} wl_callback#3.done(5)
[16:11:03.921274] {Default Queue}  -> wl_registry#2.bind(63, "wl_seat", 9, new id [unknown]#3)
[16:11:03.922416] {Default Queue}  -> zwp_primary_selection_device_manager_v1#19.get_device(new id zwp_primary_selection_device_v1#37, wl_seat#3)
[16:11:03.922422] {Default Queue}  -> wl_data_device_manager#18.get_data_device(new id wl_data_device#38, wl_seat#3)
[16:11:03.922452] {Default Queue}  -> wl_compositor#4.create_surface(new id wl_surface#39)
[16:11:03.922453] {Default Queue}  -> wp_viewporter#10.get_viewport(new id wp_viewport#40, wl_surface#39)
[16:11:03.922455] {Default Queue}  -> wp_fractional_scale_manager_v1#11.get_fractional_scale(new id wp_fractional_scale_v1#41, wl_surface#39)
[16:11:03.922456] {Default Queue}  -> zwp_tablet_manager_v2#27.get_tablet_seat(new id zwp_tablet_seat_v2#42, wl_seat#3)
[16:11:03.922459] {Default Queue}  -> wl_display#1.sync(new id wl_callback#43)
[16:11:03.922547] {Display Queue} wl_display#1.delete_id(22)
[16:11:03.922551] {Display Queue} wl_display#1.delete_id(25)
[16:11:03.922553] {Display Queue} wl_display#1.delete_id(33)
[16:11:03.922553] {Display Queue} wl_display#1.delete_id(36)
[16:11:03.922554] {Display Queue} wl_display#1.delete_id(43)
[16:11:03.922554] {Default Queue} wl_shm#5.format(538982482)
[16:11:03.922555] {Default Queue} wl_shm#5.format(1210064978)
[16:11:03.922556] {Default Queue} wl_shm#5.format(1176510546)
[16:11:03.922556] {Default Queue} wl_shm#5.format(943215175)
[16:11:03.922557] {Default Queue} wl_shm#5.format(1210077767)
[16:11:03.922557] {Default Queue} wl_shm#5.format(1176523335)
[16:11:03.922558] {Default Queue} wl_shm#5.format(1)
[16:11:03.922558] {Default Queue} wl_shm#5.format(875709016)
[16:11:03.922559] {Default Queue} wl_shm#5.format(0)
[16:11:03.922559] {Default Queue} wl_shm#5.format(875708993)
[16:11:03.922560] {Default Queue} wl_shm#5.format(842088786)
[16:11:03.922560] {Default Queue} wl_shm#5.format(842094674)
[16:11:03.922561] {Default Queue} wl_shm#5.format(842088770)
[16:11:03.922561] {Default Queue} wl_shm#5.format(842094658)
[16:11:03.922562] {Default Queue} wl_shm#5.format(909199186)
[16:11:03.922562] {Default Queue} wl_shm#5.format(909199170)
[16:11:03.922563] {Default Queue} wl_shm#5.format(892420434)
[16:11:03.922564] {Default Queue} wl_shm#5.format(892426322)
[16:11:03.922564] {Default Queue} wl_shm#5.format(892420418)
[16:11:03.922565] {Default Queue} wl_shm#5.format(892426306)
[16:11:03.922565] {Default Queue} wl_shm#5.format(892424769)
[16:11:03.922566] {Default Queue} wl_shm#5.format(892424792)
[16:11:03.922566] {Default Queue} wl_shm#5.format(808669761)
[16:11:03.922567] {Default Queue} wl_shm#5.format(808669784)
[16:11:03.922567] {Default Queue} wl_shm#5.format(808665665)
[16:11:03.922568] {Default Queue} wl_shm#5.format(808665688)
[16:11:03.922568] {Default Queue} wl_shm#5.format(942948929)
[16:11:03.922569] {Default Queue} wl_shm#5.format(942948952)
[16:11:03.922569] {Default Queue} wl_shm#5.format(1211384385)
[16:11:03.922570] {Default Queue} wl_shm#5.format(1211384408)
[16:11:03.922570] {Default Queue} wl_shm#5.format(1178092097)
[16:11:03.922571] {Default Queue} wp_color_representation_manager_v1#7.supported_alpha_mode(0)
[16:11:03.922572] {Default Queue} wp_color_representation_manager_v1#7.supported_coefficients_and_ranges(1, 1)
[16:11:03.922573] {Default Queue} wp_color_representation_manager_v1#7.supported_coefficients_and_ranges(2, 2)
[16:11:03.922574] {Default Queue} wp_color_representation_manager_v1#7.supported_coefficients_and_ranges(2, 1)
[16:11:03.922574] {Default Queue} wp_color_representation_manager_v1#7.supported_coefficients_and_ranges(4, 2)
[16:11:03.922575] {Default Queue} wp_color_representation_manager_v1#7.supported_coefficients_and_ranges(4, 1)
[16:11:03.922575] {Default Queue} wp_color_representation_manager_v1#7.supported_coefficients_and_ranges(6, 2)
[16:11:03.922576] {Default Queue} wp_color_representation_manager_v1#7.supported_coefficients_and_ranges(6, 1)
[16:11:03.922577] {Default Queue} wp_color_representation_manager_v1#7.done()
[16:11:03.922578] {Default Queue} discarded xdg_toplevel_icon_manager_v1#9.icon_size(32)
[16:11:03.922579] {Default Queue} discarded xdg_toplevel_icon_manager_v1#9.icon_size(64)
[16:11:03.922579] {Default Queue} discarded xdg_toplevel_icon_manager_v1#9.icon_size(128)
[16:11:03.922580] {Default Queue} discarded xdg_toplevel_icon_manager_v1#9.done()
[16:11:03.922580] {Default Queue} org_kde_kwin_server_decoration_manager#14.default_mode(1)
[16:11:03.922581] {Default Queue} zwp_linux_dmabuf_feedback_v1#21.main_device(array[8])
[16:11:03.922582] {Default Queue} zwp_linux_dmabuf_feedback_v1#21.format_table(fd 7, 3200)
[16:11:03.922588] {Default Queue} zwp_linux_dmabuf_feedback_v1#21.tranche_target_device(array[8])
[16:11:03.922589] {Default Queue} zwp_linux_dmabuf_feedback_v1#21.tranche_flags(0)
[16:11:03.922590] {Default Queue} zwp_linux_dmabuf_feedback_v1#21.tranche_formats(array[400])
[16:11:03.922602] {Default Queue} zwp_linux_dmabuf_feedback_v1#21.tranche_done()
[16:11:03.922603] {Default Queue} zwp_linux_dmabuf_feedback_v1#21.done()
[16:11:03.922604] {Default Queue} wl_callback#22.done(5)
[16:11:03.922605] {Default Queue} discarded wp_presentation#23.clock_id(1)
[16:11:03.922606] {Default Queue} wl_callback#25.done(5)
[16:11:03.922606] {Default Queue} wl_output#31.geometry(0, 0, 0, 0, 0, "Unknown", "Unknown", 0)
[16:11:03.922610] {Default Queue} wl_output#31.mode(1, 1280, 720, 0)
[16:11:03.922612] {Default Queue} wl_output#31.scale(1)
[16:11:03.922612] {Default Queue} wl_output#31.name("HEADLESS-2")
[16:11:03.922613] {Default Queue} wl_output#31.description("Headless output 2")
[16:11:03.922614] {Default Queue} wl_output#31.done()
[16:11:03.922615] {Default Queue} zxdg_output_v1#32.name("HEADLESS-2")
[16:11:03.922616] {Default Queue} zxdg_output_v1#32.description("Headless output 2")
[16:11:03.922617] {Default Queue} zxdg_output_v1#32.logical_position(0, 0)
[16:11:03.922617] {Default Queue} zxdg_output_v1#32.logical_size(1280, 720)
[16:11:03.922618] {Default Queue} wl_output#31.done()
[16:11:03.922619] {Default Queue} wl_callback#33.done(5)
[16:11:03.922620] {Default Queue} wl_output#34.geometry(0, 0, 0, 0, 0, "Unknown", "Unknown", 0)
[16:11:03.922621] {Default Queue} wl_output#34.mode(1, 1280, 720, 0)
[16:11:03.922622] {Default Queue} wl_output#34.scale(1)
[16:11:03.922623] {Default Queue} wl_output#34.name("HEADLESS-1")
[16:11:03.922623] {Default Queue} wl_output#34.description("Headless output 1")
[16:11:03.922624] {Default Queue} wl_output#34.done()
[16:11:03.922625] {Default Queue} zxdg_output_v1#35.name("HEADLESS-1")
[16:11:03.922625] {Default Queue} zxdg_output_v1#35.description("Headless output 1")
[16:11:03.922626] {Default Queue} zxdg_output_v1#35.logical_position(1280, 0)
[16:11:03.922626] {Default Queue} zxdg_output_v1#35.logical_size(1280, 720)
[16:11:03.922627] {Default Queue} wl_output#34.done()
[16:11:03.922627] {Default Queue} wl_callback#36.done(5)
[16:11:03.922628] {Default Queue} wl_seat#3.name("default")
[16:11:03.922629] {Default Queue} wl_seat#3.capabilities(0)
[16:11:03.922630] {Default Queue} wl_callback#43.done(5)
[16:11:03.922631] {Default Queue}  -> wl_registry#2.bind(19, "xdg_wm_base", 7, new id [unknown]#43)
[16:11:03.951426] {Default Queue}  -> wl_display#1.get_registry(new id wl_registry#36)
[16:11:03.951434] {Default Queue}  -> wl_display#1.sync(new id wl_callback#33)
[16:11:03.951517] {Display Queue} wl_display#1.delete_id(33)
[16:11:03.951520] {Default Queue} wl_registry#36.global(1, "wl_compositor", 6)
[16:11:03.951522] {Default Queue} wl_registry#36.global(2, "wl_fixes", 1)
[16:11:03.951524] {Default Queue} wl_registry#36.global(3, "wp_security_context_manager_v1", 1)
[16:11:03.951525] {Default Queue} wl_registry#36.global(4, "wl_shm", 2)
[16:11:03.951526] {Default Queue} wl_registry#36.global(5, "wp_single_pixel_buffer_manager_v1", 1)
[16:11:03.951527] {Default Queue} wl_registry#36.global(6, "wp_alpha_modifier_v1", 1)
[16:11:03.951528] {Default Queue} wl_registry#36.global(7, "wp_color_representation_manager_v1", 1)
[16:11:03.951529] {Default Queue} wl_registry#36.global(8, "wp_content_type_manager_v1", 1)
[16:11:03.951530] {Default Queue} wl_registry#36.global(9, "wp_fifo_manager_v1", 1)
[16:11:03.951531] {Default Queue} wl_registry#36.global(10, "wp_commit_timing_manager_v1", 1)
[16:11:03.951532] {Default Queue} wl_registry#36.global(11, "xdg_wm_dialog_v1", 1)
[16:11:03.951533] {Default Queue} wl_registry#36.global(12, "xdg_toplevel_drag_manager_v1", 1)
[16:11:03.951534] {Default Queue} wl_registry#36.global(13, "xdg_toplevel_icon_manager_v1", 1)
[16:11:03.951535] {Default Queue} wl_registry#36.global(14, "xdg_toplevel_tag_manager_v1", 1)
[16:11:03.951535] {Default Queue} wl_registry#36.global(15, "wp_viewporter", 1)
[16:11:03.951536] {Default Queue} wl_registry#36.global(16, "wp_fractional_scale_manager_v1", 1)
[16:11:03.951537] {Default Queue} wl_registry#36.global(17, "wl_subcompositor", 1)
[16:11:03.951538] {Default Queue} wl_registry#36.global(18, "wp_cursor_shape_manager_v1", 2)
[16:11:03.951539] {Default Queue} wl_registry#36.global(19, "xdg_wm_base", 7)
[16:11:03.951540] {Default Queue} wl_registry#36.global(20, "zxdg_decoration_manager_v1", 1)
[16:11:03.951541] {Default Queue} wl_registry#36.global(21, "org_kde_kwin_server_decoration_manager", 1)
[16:11:03.951542] {Default Queue} wl_registry#36.global(22, "xdg_activation_v1", 1)
[16:11:03.951543] {Default Queue} wl_registry#36.global(23, "zxdg_exporter_v2", 1)
[16:11:03.951544] {Default Queue} wl_registry#36.global(24, "zxdg_importer_v2", 1)
[16:11:03.951545] {Default Queue} wl_registry#36.global(25, "wl_data_device_manager", 3)
[16:11:03.951546] {Default Queue} wl_registry#36.global(26, "zwp_primary_selection_device_manager_v1", 1)
[16:11:03.951547] {Default Queue} wl_registry#36.global(27, "ext_data_control_manager_v1", 1)
[16:11:03.951548] {Default Queue} wl_registry#36.global(28, "zwlr_data_control_manager_v1", 2)
[16:11:03.951549] {Default Queue} wl_registry#36.global(29, "zwlr_export_dmabuf_manager_v1", 1)
[16:11:03.951549] {Default Queue} wl_registry#36.global(30, "zwlr_screencopy_manager_v1", 3)
[16:11:03.951550] {Default Queue} wl_registry#36.global(31, "ext_image_copy_capture_manager_v1", 1)
[16:11:03.951550] {Default Queue} wl_registry#36.global(32, "aqueous_capture_color_manager_v1", 1)
[16:11:03.951551] {Default Queue} wl_registry#36.global(33, "ext_output_image_capture_source_manager_v1", 1)
[16:11:03.951552] {Default Queue} wl_registry#36.global(34, "zwlr_foreign_toplevel_manager_v1", 3)
[16:11:03.951552] {Default Queue} wl_registry#36.global(35, "ext_foreign_toplevel_list_v1", 1)
[16:11:03.951553] {Default Queue} wl_registry#36.global(36, "ext_foreign_toplevel_image_capture_source_manager_v1", 1)
[16:11:03.951553] {Default Queue} wl_registry#36.global(37, "wp_tearing_control_manager_v1", 1)
[16:11:03.951554] {Default Queue} wl_registry#36.global(38, "zwp_linux_dmabuf_v1", 5)
[16:11:03.951555] {Default Queue} wl_registry#36.global(39, "wp_linux_drm_syncobj_manager_v1", 1)
[16:11:03.951555] {Default Queue} wl_registry#36.global(40, "wp_color_manager_v1", 3)
[16:11:03.951556] {Default Queue} wl_registry#36.global(41, "aqueous_window_manager_v1", 10)
[16:11:03.951557] {Default Queue} wl_registry#36.global(42, "ext_workspace_manager_v1", 1)
[16:11:03.951557] {Default Queue} wl_registry#36.global(43, "aqueous_window_info_manager_v1", 8)
[16:11:03.951558] {Default Queue} wl_registry#36.global(44, "aqueous_xkb_bindings_v1", 3)
[16:11:03.951558] {Default Queue} wl_registry#36.global(45, "aqueous_layer_shell_v1", 1)
[16:11:03.951559] {Default Queue} wl_registry#36.global(46, "zwlr_layer_shell_v1", 4)
[16:11:03.951560] {Default Queue}  -> wl_registry#36.bind(46, "zwlr_layer_shell_v1", 4, new id [unknown]#25)
[16:11:03.951561] {Default Queue} wl_registry#36.global(47, "zwlr_gamma_control_manager_v1", 1)
[16:11:03.951562] {Default Queue} wl_registry#36.global(48, "wp_presentation", 2)
[16:11:03.951562] {Default Queue} wl_registry#36.global(49, "zxdg_output_manager_v1", 3)
[16:11:03.951563] {Default Queue} wl_registry#36.global(50, "zwlr_output_manager_v1", 4)
[16:11:03.951564] {Default Queue} wl_registry#36.global(51, "zwlr_output_power_manager_v1", 1)
[16:11:03.951564] {Default Queue} wl_registry#36.global(52, "aqueous_input_manager_v1", 2)
[16:11:03.951565] {Default Queue} wl_registry#36.global(53, "ext_idle_notifier_v1", 2)
[16:11:03.951565] {Default Queue} wl_registry#36.global(54, "zwp_relative_pointer_manager_v1", 1)
[16:11:03.951566] {Default Queue} wl_registry#36.global(55, "zwp_pointer_gestures_v1", 3)
[16:11:03.951567] {Default Queue} wl_registry#36.global(56, "zwlr_virtual_pointer_manager_v1", 2)
[16:11:03.951567] {Default Queue} wl_registry#36.global(57, "zwp_virtual_keyboard_manager_v1", 1)
[16:11:03.951568] {Default Queue} wl_registry#36.global(58, "zwp_pointer_constraints_v1", 1)
[16:11:03.951569] {Default Queue} wl_registry#36.global(59, "zwp_input_method_manager_v2", 1)
[16:11:03.951569] {Default Queue} wl_registry#36.global(60, "zwp_text_input_manager_v3", 1)
[16:11:03.951570] {Default Queue} wl_registry#36.global(61, "zwp_tablet_manager_v2", 1)
[16:11:03.951571] {Default Queue} wl_registry#36.global(62, "wp_pointer_warp_v1", 1)
[16:11:03.951571] {Default Queue} wl_registry#36.global(63, "wl_seat", 9)
[16:11:03.951572] {Default Queue} wl_registry#36.global(64, "aqueous_libinput_config_v1", 2)
[16:11:03.951573] {Default Queue} wl_registry#36.global(65, "aqueous_xkb_config_v1", 2)
[16:11:03.951573] {Default Queue} wl_registry#36.global(66, "zwp_idle_inhibit_manager_v1", 1)
[16:11:03.951574] {Default Queue} wl_registry#36.global(67, "ext_session_lock_manager_v1", 1)
[16:11:03.951574] {Default Queue} wl_registry#36.global(68, "aqueous_shell_manager_v1", 2)
[16:11:03.951575] {Default Queue} wl_registry#36.global(69, "zwp_keyboard_shortcuts_inhibit_manager_v1", 1)
[16:11:03.951576] {Default Queue} wl_registry#36.global(70, "ext_background_effect_manager_v1", 1)
[16:11:03.951576] {Default Queue} wl_registry#36.global(71, "xdg_system_bell_v1", 1)
[16:11:03.951577] {Default Queue} wl_registry#36.global(72, "wl_output", 4)
[16:11:03.951577] {Default Queue} wl_registry#36.global(73, "wl_output", 4)
[16:11:03.951578] {Default Queue} wl_callback#33.done(6)
[16:11:03.951583] {Default Queue}  -> wl_display#1.get_registry(new id wl_registry#33)
[16:11:03.951587] {Default Queue}  -> wl_display#1.get_registry(new id wl_registry#22)
[16:11:03.952013] {Default Queue}  -> wl_display#1.get_registry(new id wl_registry#44)
[16:11:03.952016] {Default Queue}  -> wl_display#1.sync(new id wl_callback#45)
[16:11:03.952032] {Default Queue} wl_registry#33.global(1, "wl_compositor", 6)
[16:11:03.952035] {Default Queue}  -> wl_registry#33.bind(1, "wl_compositor", 6, new id [unknown]#46)
[16:11:03.952037] {Default Queue} wl_registry#33.global(2, "wl_fixes", 1)
[16:11:03.952038] {Default Queue} wl_registry#33.global(3, "wp_security_context_manager_v1", 1)
[16:11:03.952039] {Default Queue} wl_registry#33.global(4, "wl_shm", 2)
[16:11:03.952039] {Default Queue} wl_registry#33.global(5, "wp_single_pixel_buffer_manager_v1", 1)
[16:11:03.952040] {Default Queue} wl_registry#33.global(6, "wp_alpha_modifier_v1", 1)
[16:11:03.952041] {Default Queue} wl_registry#33.global(7, "wp_color_representation_manager_v1", 1)
[16:11:03.952041] {Default Queue} wl_registry#33.global(8, "wp_content_type_manager_v1", 1)
[16:11:03.952042] {Default Queue} wl_registry#33.global(9, "wp_fifo_manager_v1", 1)
[16:11:03.952043] {Default Queue} wl_registry#33.global(10, "wp_commit_timing_manager_v1", 1)
[16:11:03.952043] {Default Queue} wl_registry#33.global(11, "xdg_wm_dialog_v1", 1)
[16:11:03.952044] {Default Queue} wl_registry#33.global(12, "xdg_toplevel_drag_manager_v1", 1)
[16:11:03.952044] {Default Queue} wl_registry#33.global(13, "xdg_toplevel_icon_manager_v1", 1)
[16:11:03.952045] {Default Queue} wl_registry#33.global(14, "xdg_toplevel_tag_manager_v1", 1)
[16:11:03.952046] {Default Queue} wl_registry#33.global(15, "wp_viewporter", 1)
[16:11:03.952047] {Default Queue} wl_registry#33.global(16, "wp_fractional_scale_manager_v1", 1)
[16:11:03.952047] {Default Queue} wl_registry#33.global(17, "wl_subcompositor", 1)
[16:11:03.952048] {Default Queue} wl_registry#33.global(18, "wp_cursor_shape_manager_v1", 2)
[16:11:03.952049] {Default Queue} wl_registry#33.global(19, "xdg_wm_base", 7)
[16:11:03.952049] {Default Queue} wl_registry#33.global(20, "zxdg_decoration_manager_v1", 1)
[16:11:03.952050] {Default Queue} wl_registry#33.global(21, "org_kde_kwin_server_decoration_manager", 1)
[16:11:03.952050] {Default Queue} wl_registry#33.global(22, "xdg_activation_v1", 1)
[16:11:03.952051] {Default Queue} wl_registry#33.global(23, "zxdg_exporter_v2", 1)
[16:11:03.952052] {Default Queue} wl_registry#33.global(24, "zxdg_importer_v2", 1)
[16:11:03.952052] {Default Queue} wl_registry#33.global(25, "wl_data_device_manager", 3)
[16:11:03.952053] {Default Queue} wl_registry#33.global(26, "zwp_primary_selection_device_manager_v1", 1)
[16:11:03.952054] {Default Queue} wl_registry#33.global(27, "ext_data_control_manager_v1", 1)
[16:11:03.952054] {Default Queue} wl_registry#33.global(28, "zwlr_data_control_manager_v1", 2)
[16:11:03.952055] {Default Queue} wl_registry#33.global(29, "zwlr_export_dmabuf_manager_v1", 1)
[16:11:03.952057] {Default Queue} wl_registry#33.global(30, "zwlr_screencopy_manager_v1", 3)
[16:11:03.952058] {Default Queue} wl_registry#33.global(31, "ext_image_copy_capture_manager_v1", 1)
[16:11:03.952059] {Default Queue} wl_registry#33.global(32, "aqueous_capture_color_manager_v1", 1)
[16:11:03.952060] {Default Queue} wl_registry#33.global(33, "ext_output_image_capture_source_manager_v1", 1)
[16:11:03.952061] {Default Queue} wl_registry#33.global(34, "zwlr_foreign_toplevel_manager_v1", 3)
[16:11:03.952062] {Default Queue} wl_registry#33.global(35, "ext_foreign_toplevel_list_v1", 1)
[16:11:03.952062] {Default Queue} wl_registry#33.global(36, "ext_foreign_toplevel_image_capture_source_manager_v1", 1)
[16:11:03.952063] {Default Queue} wl_registry#33.global(37, "wp_tearing_control_manager_v1", 1)
[16:11:03.952064] {Default Queue} wl_registry#33.global(38, "zwp_linux_dmabuf_v1", 5)
[16:11:03.952064] {Default Queue} wl_registry#33.global(39, "wp_linux_drm_syncobj_manager_v1", 1)
[16:11:03.952065] {Default Queue} wl_registry#33.global(40, "wp_color_manager_v1", 3)
[16:11:03.952066] {Default Queue} wl_registry#33.global(41, "aqueous_window_manager_v1", 10)
[16:11:03.952066] {Default Queue} wl_registry#33.global(42, "ext_workspace_manager_v1", 1)
[16:11:03.952067] {Default Queue} wl_registry#33.global(43, "aqueous_window_info_manager_v1", 8)
[16:11:03.952068] {Default Queue} wl_registry#33.global(44, "aqueous_xkb_bindings_v1", 3)
[16:11:03.952068] {Default Queue} wl_registry#33.global(45, "aqueous_layer_shell_v1", 1)
[16:11:03.952069] {Default Queue} wl_registry#33.global(46, "zwlr_layer_shell_v1", 4)
[16:11:03.952069] {Default Queue} wl_registry#33.global(47, "zwlr_gamma_control_manager_v1", 1)
[16:11:03.952070] {Default Queue} wl_registry#33.global(48, "wp_presentation", 2)
[16:11:03.952071] {Default Queue} wl_registry#33.global(49, "zxdg_output_manager_v1", 3)
[16:11:03.952071] {Default Queue} wl_registry#33.global(50, "zwlr_output_manager_v1", 4)
[16:11:03.952072] {Default Queue} wl_registry#33.global(51, "zwlr_output_power_manager_v1", 1)
[16:11:03.952073] {Default Queue} wl_registry#33.global(52, "aqueous_input_manager_v1", 2)
[16:11:03.952073] {Default Queue} wl_registry#33.global(53, "ext_idle_notifier_v1", 2)
[16:11:03.952074] {Default Queue} wl_registry#33.global(54, "zwp_relative_pointer_manager_v1", 1)
[16:11:03.952075] {Default Queue} wl_registry#33.global(55, "zwp_pointer_gestures_v1", 3)
[16:11:03.952075] {Default Queue} wl_registry#33.global(56, "zwlr_virtual_pointer_manager_v1", 2)
[16:11:03.952076] {Default Queue} wl_registry#33.global(57, "zwp_virtual_keyboard_manager_v1", 1)
[16:11:03.952076] {Default Queue} wl_registry#33.global(58, "zwp_pointer_constraints_v1", 1)
[16:11:03.952077] {Default Queue} wl_registry#33.global(59, "zwp_input_method_manager_v2", 1)
[16:11:03.952078] {Default Queue} wl_registry#33.global(60, "zwp_text_input_manager_v3", 1)
[16:11:03.952078] {Default Queue} wl_registry#33.global(61, "zwp_tablet_manager_v2", 1)
[16:11:03.952079] {Default Queue} wl_registry#33.global(62, "wp_pointer_warp_v1", 1)
[16:11:03.952080] {Default Queue} wl_registry#33.global(63, "wl_seat", 9)
[16:11:03.952080] {Default Queue} wl_registry#33.global(64, "aqueous_libinput_config_v1", 2)
[16:11:03.952081] {Default Queue} wl_registry#33.global(65, "aqueous_xkb_config_v1", 2)
[16:11:03.952082] {Default Queue} wl_registry#33.global(66, "zwp_idle_inhibit_manager_v1", 1)
[16:11:03.952082] {Default Queue} wl_registry#33.global(67, "ext_session_lock_manager_v1", 1)
[16:11:03.952083] {Default Queue} wl_registry#33.global(68, "aqueous_shell_manager_v1", 2)
[16:11:03.952084] {Default Queue}  -> wl_registry#33.bind(68, "aqueous_shell_manager_v1", 2, new id [unknown]#47)
[16:11:03.952085] {Default Queue} wl_registry#33.global(69, "zwp_keyboard_shortcuts_inhibit_manager_v1", 1)
[16:11:03.952086] {Default Queue} wl_registry#33.global(70, "ext_background_effect_manager_v1", 1)
[16:11:03.952087] {Default Queue}  -> wl_registry#33.bind(70, "ext_background_effect_manager_v1", 1, new id [unknown]#48)
[16:11:03.952089] {Default Queue} wl_registry#33.global(71, "xdg_system_bell_v1", 1)
[16:11:03.952089] {Default Queue} wl_registry#33.global(72, "wl_output", 4)
[16:11:03.952090] {Default Queue} wl_registry#33.global(73, "wl_output", 4)
[16:11:03.952091] {Default Queue} wl_registry#22.global(1, "wl_compositor", 6)
[16:11:03.952093] {Default Queue} wl_registry#22.global(2, "wl_fixes", 1)
[16:11:03.952093] {Default Queue} wl_registry#22.global(3, "wp_security_context_manager_v1", 1)
[16:11:03.952094] {Default Queue} wl_registry#22.global(4, "wl_shm", 2)
[16:11:03.952094] {Default Queue} wl_registry#22.global(5, "wp_single_pixel_buffer_manager_v1", 1)
[16:11:03.952095] {Default Queue} wl_registry#22.global(6, "wp_alpha_modifier_v1", 1)
[16:11:03.952096] {Default Queue} wl_registry#22.global(7, "wp_color_representation_manager_v1", 1)
[16:11:03.952096] {Default Queue} wl_registry#22.global(8, "wp_content_type_manager_v1", 1)
[16:11:03.952097] {Default Queue} wl_registry#22.global(9, "wp_fifo_manager_v1", 1)
[16:11:03.952097] {Default Queue} wl_registry#22.global(10, "wp_commit_timing_manager_v1", 1)
[16:11:03.952098] {Default Queue} wl_registry#22.global(11, "xdg_wm_dialog_v1", 1)
[16:11:03.952098] {Default Queue} wl_registry#22.global(12, "xdg_toplevel_drag_manager_v1", 1)
[16:11:03.952099] {Default Queue} wl_registry#22.global(13, "xdg_toplevel_icon_manager_v1", 1)
[16:11:03.952099] {Default Queue} wl_registry#22.global(14, "xdg_toplevel_tag_manager_v1", 1)
[16:11:03.952100] {Default Queue} wl_registry#22.global(15, "wp_viewporter", 1)
[16:11:03.952100] {Default Queue} wl_registry#22.global(16, "wp_fractional_scale_manager_v1", 1)
[16:11:03.952101] {Default Queue} wl_registry#22.global(17, "wl_subcompositor", 1)
[16:11:03.952102] {Default Queue} wl_registry#22.global(18, "wp_cursor_shape_manager_v1", 2)
[16:11:03.952102] {Default Queue} wl_registry#22.global(19, "xdg_wm_base", 7)
[16:11:03.952103] {Default Queue} wl_registry#22.global(20, "zxdg_decoration_manager_v1", 1)
[16:11:03.952103] {Default Queue} wl_registry#22.global(21, "org_kde_kwin_server_decoration_manager", 1)
[16:11:03.952104] {Default Queue} wl_registry#22.global(22, "xdg_activation_v1", 1)
[16:11:03.952104] {Default Queue} wl_registry#22.global(23, "zxdg_exporter_v2", 1)
[16:11:03.952105] {Default Queue} wl_registry#22.global(24, "zxdg_importer_v2", 1)
[16:11:03.952105] {Default Queue} wl_registry#22.global(25, "wl_data_device_manager", 3)
[16:11:03.952106] {Default Queue} wl_registry#22.global(26, "zwp_primary_selection_device_manager_v1", 1)
[16:11:03.952107] {Default Queue} wl_registry#22.global(27, "ext_data_control_manager_v1", 1)
[16:11:03.952107] {Default Queue} wl_registry#22.global(28, "zwlr_data_control_manager_v1", 2)
[16:11:03.952108] {Default Queue} wl_registry#22.global(29, "zwlr_export_dmabuf_manager_v1", 1)
[16:11:03.952108] {Default Queue} wl_registry#22.global(30, "zwlr_screencopy_manager_v1", 3)
[16:11:03.952109] {Default Queue} wl_registry#22.global(31, "ext_image_copy_capture_manager_v1", 1)
[16:11:03.952109] {Default Queue} wl_registry#22.global(32, "aqueous_capture_color_manager_v1", 1)
[16:11:03.952110] {Default Queue} wl_registry#22.global(33, "ext_output_image_capture_source_manager_v1", 1)
[16:11:03.952111] {Default Queue} wl_registry#22.global(34, "zwlr_foreign_toplevel_manager_v1", 3)
[16:11:03.952111] {Default Queue} wl_registry#22.global(35, "ext_foreign_toplevel_list_v1", 1)
[16:11:03.952112] {Default Queue} wl_registry#22.global(36, "ext_foreign_toplevel_image_capture_source_manager_v1", 1)
[16:11:03.952112] {Default Queue} wl_registry#22.global(37, "wp_tearing_control_manager_v1", 1)
[16:11:03.952113] {Default Queue} wl_registry#22.global(38, "zwp_linux_dmabuf_v1", 5)
[16:11:03.952114] {Default Queue} wl_registry#22.global(39, "wp_linux_drm_syncobj_manager_v1", 1)
[16:11:03.952114] {Default Queue} wl_registry#22.global(40, "wp_color_manager_v1", 3)
[16:11:03.952115] {Default Queue} wl_registry#22.global(41, "aqueous_window_manager_v1", 10)
[16:11:03.952115] {Default Queue} wl_registry#22.global(42, "ext_workspace_manager_v1", 1)
[16:11:03.952116] {Default Queue} wl_registry#22.global(43, "aqueous_window_info_manager_v1", 8)
[16:11:03.952117] {Default Queue} wl_registry#22.global(44, "aqueous_xkb_bindings_v1", 3)
[16:11:03.952117] {Default Queue} wl_registry#22.global(45, "aqueous_layer_shell_v1", 1)
[16:11:03.952118] {Default Queue} wl_registry#22.global(46, "zwlr_layer_shell_v1", 4)
[16:11:03.952119] {Default Queue} wl_registry#22.global(47, "zwlr_gamma_control_manager_v1", 1)
[16:11:03.952119] {Default Queue} wl_registry#22.global(48, "wp_presentation", 2)
[16:11:03.952120] {Default Queue} wl_registry#22.global(49, "zxdg_output_manager_v1", 3)
[16:11:03.952120] {Default Queue} wl_registry#22.global(50, "zwlr_output_manager_v1", 4)
[16:11:03.952121] {Default Queue} wl_registry#22.global(51, "zwlr_output_power_manager_v1", 1)
[16:11:03.952122] {Default Queue} wl_registry#22.global(52, "aqueous_input_manager_v1", 2)
[16:11:03.952122] {Default Queue} wl_registry#22.global(53, "ext_idle_notifier_v1", 2)
[16:11:03.952123] {Default Queue} wl_registry#22.global(54, "zwp_relative_pointer_manager_v1", 1)
[16:11:03.952123] {Default Queue} wl_registry#22.global(55, "zwp_pointer_gestures_v1", 3)
[16:11:03.952124] {Default Queue} wl_registry#22.global(56, "zwlr_virtual_pointer_manager_v1", 2)
[16:11:03.952124] {Default Queue} wl_registry#22.global(57, "zwp_virtual_keyboard_manager_v1", 1)
[16:11:03.952125] {Default Queue} wl_registry#22.global(58, "zwp_pointer_constraints_v1", 1)
[16:11:03.952125] {Default Queue} wl_registry#22.global(59, "zwp_input_method_manager_v2", 1)
[16:11:03.952126] {Default Queue} wl_registry#22.global(60, "zwp_text_input_manager_v3", 1)
[16:11:03.952127] {Default Queue} wl_registry#22.global(61, "zwp_tablet_manager_v2", 1)
[16:11:03.952127] {Default Queue} wl_registry#22.global(62, "wp_pointer_warp_v1", 1)
[16:11:03.952128] {Default Queue} wl_registry#22.global(63, "wl_seat", 9)
[16:11:03.952128] {Default Queue} wl_registry#22.global(64, "aqueous_libinput_config_v1", 2)
[16:11:03.952129] {Default Queue} wl_registry#22.global(65, "aqueous_xkb_config_v1", 2)
[16:11:03.952129] {Default Queue} wl_registry#22.global(66, "zwp_idle_inhibit_manager_v1", 1)
[16:11:03.952130] {Default Queue} wl_registry#22.global(67, "ext_session_lock_manager_v1", 1)
[16:11:03.952130] {Default Queue} wl_registry#22.global(68, "aqueous_shell_manager_v1", 2)
[16:11:03.952131] {Default Queue} wl_registry#22.global(69, "zwp_keyboard_shortcuts_inhibit_manager_v1", 1)
[16:11:03.952132] {Default Queue} wl_registry#22.global(70, "ext_background_effect_manager_v1", 1)
[16:11:03.952132] {Default Queue} wl_registry#22.global(71, "xdg_system_bell_v1", 1)
[16:11:03.952133] {Default Queue} wl_registry#22.global(72, "wl_output", 4)
[16:11:03.952133] {Default Queue} wl_registry#22.global(73, "wl_output", 4)
[16:11:03.952141] {Display Queue} wl_display#1.delete_id(45)
[16:11:03.952142] {Default Queue} wl_registry#44.global(1, "wl_compositor", 6)
[16:11:03.952143] {Default Queue} wl_registry#44.global(2, "wl_fixes", 1)
[16:11:03.952144] {Default Queue} wl_registry#44.global(3, "wp_security_context_manager_v1", 1)
[16:11:03.952144] {Default Queue} wl_registry#44.global(4, "wl_shm", 2)
[16:11:03.952145] {Default Queue} wl_registry#44.global(5, "wp_single_pixel_buffer_manager_v1", 1)
[16:11:03.952146] {Default Queue} wl_registry#44.global(6, "wp_alpha_modifier_v1", 1)
[16:11:03.952146] {Default Queue} wl_registry#44.global(7, "wp_color_representation_manager_v1", 1)
[16:11:03.952147] {Default Queue} wl_registry#44.global(8, "wp_content_type_manager_v1", 1)
[16:11:03.952148] {Default Queue} wl_registry#44.global(9, "wp_fifo_manager_v1", 1)
[16:11:03.952148] {Default Queue} wl_registry#44.global(10, "wp_commit_timing_manager_v1", 1)
[16:11:03.952149] {Default Queue} wl_registry#44.global(11, "xdg_wm_dialog_v1", 1)
[16:11:03.952149] {Default Queue} wl_registry#44.global(12, "xdg_toplevel_drag_manager_v1", 1)
[16:11:03.952150] {Default Queue} wl_registry#44.global(13, "xdg_toplevel_icon_manager_v1", 1)
[16:11:03.952151] {Default Queue} wl_registry#44.global(14, "xdg_toplevel_tag_manager_v1", 1)
[16:11:03.952151] {Default Queue} wl_registry#44.global(15, "wp_viewporter", 1)
[16:11:03.952152] {Default Queue} wl_registry#44.global(16, "wp_fractional_scale_manager_v1", 1)
[16:11:03.952152] {Default Queue} wl_registry#44.global(17, "wl_subcompositor", 1)
[16:11:03.952153] {Default Queue} wl_registry#44.global(18, "wp_cursor_shape_manager_v1", 2)
[16:11:03.952153] {Default Queue} wl_registry#44.global(19, "xdg_wm_base", 7)
[16:11:03.952154] {Default Queue} wl_registry#44.global(20, "zxdg_decoration_manager_v1", 1)
[16:11:03.952155] {Default Queue} wl_registry#44.global(21, "org_kde_kwin_server_decoration_manager", 1)
[16:11:03.952155] {Default Queue} wl_registry#44.global(22, "xdg_activation_v1", 1)
[16:11:03.952156] {Default Queue} wl_registry#44.global(23, "zxdg_exporter_v2", 1)
[16:11:03.952156] {Default Queue} wl_registry#44.global(24, "zxdg_importer_v2", 1)
[16:11:03.952157] {Default Queue} wl_registry#44.global(25, "wl_data_device_manager", 3)
[16:11:03.952157] {Default Queue} wl_registry#44.global(26, "zwp_primary_selection_device_manager_v1", 1)
[16:11:03.952158] {Default Queue} wl_registry#44.global(27, "ext_data_control_manager_v1", 1)
[16:11:03.952159] {Default Queue} wl_registry#44.global(28, "zwlr_data_control_manager_v1", 2)
[16:11:03.952159] {Default Queue} wl_registry#44.global(29, "zwlr_export_dmabuf_manager_v1", 1)
[16:11:03.952160] {Default Queue} wl_registry#44.global(30, "zwlr_screencopy_manager_v1", 3)
[16:11:03.952160] {Default Queue} wl_registry#44.global(31, "ext_image_copy_capture_manager_v1", 1)
[16:11:03.952161] {Default Queue} wl_registry#44.global(32, "aqueous_capture_color_manager_v1", 1)
[16:11:03.952162] {Default Queue} wl_registry#44.global(33, "ext_output_image_capture_source_manager_v1", 1)
[16:11:03.952162] {Default Queue} wl_registry#44.global(34, "zwlr_foreign_toplevel_manager_v1", 3)
[16:11:03.952163] {Default Queue} wl_registry#44.global(35, "ext_foreign_toplevel_list_v1", 1)
[16:11:03.952163] {Default Queue} wl_registry#44.global(36, "ext_foreign_toplevel_image_capture_source_manager_v1", 1)
[16:11:03.952164] {Default Queue} wl_registry#44.global(37, "wp_tearing_control_manager_v1", 1)
[16:11:03.952165] {Default Queue} wl_registry#44.global(38, "zwp_linux_dmabuf_v1", 5)
[16:11:03.952165] {Default Queue} wl_registry#44.global(39, "wp_linux_drm_syncobj_manager_v1", 1)
[16:11:03.952166] {Default Queue} wl_registry#44.global(40, "wp_color_manager_v1", 3)
[16:11:03.952166] {Default Queue} wl_registry#44.global(41, "aqueous_window_manager_v1", 10)
[16:11:03.952167] {Default Queue} wl_registry#44.global(42, "ext_workspace_manager_v1", 1)
[16:11:03.952168] {Default Queue} wl_registry#44.global(43, "aqueous_window_info_manager_v1", 8)
[16:11:03.952168] {Default Queue} wl_registry#44.global(44, "aqueous_xkb_bindings_v1", 3)
[16:11:03.952169] {Default Queue} wl_registry#44.global(45, "aqueous_layer_shell_v1", 1)
[16:11:03.952169] {Default Queue} wl_registry#44.global(46, "zwlr_layer_shell_v1", 4)
[16:11:03.952170] {Default Queue}  -> wl_registry#44.bind(46, "zwlr_layer_shell_v1", 4, new id [unknown]#49)
[16:11:03.952171] {Default Queue} wl_registry#44.global(47, "zwlr_gamma_control_manager_v1", 1)
[16:11:03.952171] {Default Queue} wl_registry#44.global(48, "wp_presentation", 2)
[16:11:03.952172] {Default Queue} wl_registry#44.global(49, "zxdg_output_manager_v1", 3)
[16:11:03.952173] {Default Queue} wl_registry#44.global(50, "zwlr_output_manager_v1", 4)
[16:11:03.952173] {Default Queue} wl_registry#44.global(51, "zwlr_output_power_manager_v1", 1)
[16:11:03.952174] {Default Queue} wl_registry#44.global(52, "aqueous_input_manager_v1", 2)
[16:11:03.952175] {Default Queue} wl_registry#44.global(53, "ext_idle_notifier_v1", 2)
[16:11:03.952175] {Default Queue} wl_registry#44.global(54, "zwp_relative_pointer_manager_v1", 1)
[16:11:03.952176] {Default Queue} wl_registry#44.global(55, "zwp_pointer_gestures_v1", 3)
[16:11:03.952176] {Default Queue} wl_registry#44.global(56, "zwlr_virtual_pointer_manager_v1", 2)
[16:11:03.952177] {Default Queue} wl_registry#44.global(57, "zwp_virtual_keyboard_manager_v1", 1)
[16:11:03.952178] {Default Queue} wl_registry#44.global(58, "zwp_pointer_constraints_v1", 1)
[16:11:03.952178] {Default Queue} wl_registry#44.global(59, "zwp_input_method_manager_v2", 1)
[16:11:03.952179] {Default Queue} wl_registry#44.global(60, "zwp_text_input_manager_v3", 1)
[16:11:03.952179] {Default Queue} wl_registry#44.global(61, "zwp_tablet_manager_v2", 1)
[16:11:03.952180] {Default Queue} wl_registry#44.global(62, "wp_pointer_warp_v1", 1)
[16:11:03.952181] {Default Queue} wl_registry#44.global(63, "wl_seat", 9)
[16:11:03.952181] {Default Queue} wl_registry#44.global(64, "aqueous_libinput_config_v1", 2)
[16:11:03.952182] {Default Queue} wl_registry#44.global(65, "aqueous_xkb_config_v1", 2)
[16:11:03.952183] {Default Queue} wl_registry#44.global(66, "zwp_idle_inhibit_manager_v1", 1)
[16:11:03.952183] {Default Queue} wl_registry#44.global(67, "ext_session_lock_manager_v1", 1)
[16:11:03.952184] {Default Queue}  -> wl_registry#44.bind(67, "ext_session_lock_manager_v1", 1, new id [unknown]#50)
[16:11:03.952184] {Default Queue} wl_registry#44.global(68, "aqueous_shell_manager_v1", 2)
[16:11:03.952185] {Default Queue} wl_registry#44.global(69, "zwp_keyboard_shortcuts_inhibit_manager_v1", 1)
[16:11:03.952186] {Default Queue} wl_registry#44.global(70, "ext_background_effect_manager_v1", 1)
[16:11:03.952186] {Default Queue} wl_registry#44.global(71, "xdg_system_bell_v1", 1)
[16:11:03.952187] {Default Queue} wl_registry#44.global(72, "wl_output", 4)
[16:11:03.952188] {Default Queue} wl_registry#44.global(73, "wl_output", 4)
[16:11:03.952188] {Default Queue} wl_callback#45.done(6)
[16:11:03.952189] {Default Queue} aqueous_shell_manager_v1#47.capabilities("{"schema":1,"session":"4b570850d9593fc4bb11406ca2cdab44","max_batch_bytes":4194304,"state":true,"commands":true,"keyboard":true,"overview":true,"config_reload":true,"shortcut_inhibition":true,"icon_metadata":true,"geometry":"committed-content-global-logical"}")
[16:11:03.952244] {Default Queue}  -> aqueous_shell_manager_v1#47.destroy()
[16:11:03.952247] {Default Queue} ext_background_effect_manager_v1#48.capabilities(1)
info: event=blur-capability available=true
[16:11:03.952271] {Default Queue}  -> wl_display#1.get_registry(new id wl_registry#45)
[16:11:03.952894] {Default Queue}  -> wl_display#1.get_registry(new id wl_registry#51)
[16:11:03.952902] {Default Queue}  -> wl_display#1.get_registry(new id wl_registry#52)
info(pearl): event=aqueous-availability state=connecting
info(pearl): event=ready mode=session
[16:11:03.953353] {Display Queue} wl_display#1.delete_id(47)
[16:11:03.953357] {Default Queue} wl_registry#45.global(1, "wl_compositor", 6)
[16:11:03.953359] {Default Queue} wl_registry#45.global(2, "wl_fixes", 1)
[16:11:03.953360] {Default Queue} wl_registry#45.global(3, "wp_security_context_manager_v1", 1)
[16:11:03.953362] {Default Queue} wl_registry#45.global(4, "wl_shm", 2)
[16:11:03.953362] {Default Queue} wl_registry#45.global(5, "wp_single_pixel_buffer_manager_v1", 1)
[16:11:03.953363] {Default Queue} wl_registry#45.global(6, "wp_alpha_modifier_v1", 1)
[16:11:03.953365] {Default Queue} wl_registry#45.global(7, "wp_color_representation_manager_v1", 1)
[16:11:03.953365] {Default Queue} wl_registry#45.global(8, "wp_content_type_manager_v1", 1)
[16:11:03.953366] {Default Queue} wl_registry#45.global(9, "wp_fifo_manager_v1", 1)
[16:11:03.953367] {Default Queue} wl_registry#45.global(10, "wp_commit_timing_manager_v1", 1)
[16:11:03.953367] {Default Queue} wl_registry#45.global(11, "xdg_wm_dialog_v1", 1)
[16:11:03.953368] {Default Queue} wl_registry#45.global(12, "xdg_toplevel_drag_manager_v1", 1)
[16:11:03.953369] {Default Queue} wl_registry#45.global(13, "xdg_toplevel_icon_manager_v1", 1)
[16:11:03.953369] {Default Queue} wl_registry#45.global(14, "xdg_toplevel_tag_manager_v1", 1)
[16:11:03.953370] {Default Queue} wl_registry#45.global(15, "wp_viewporter", 1)
[16:11:03.953370] {Default Queue} wl_registry#45.global(16, "wp_fractional_scale_manager_v1", 1)
[16:11:03.953371] {Default Queue} wl_registry#45.global(17, "wl_subcompositor", 1)
[16:11:03.953372] {Default Queue} wl_registry#45.global(18, "wp_cursor_shape_manager_v1", 2)
[16:11:03.953372] {Default Queue} wl_registry#45.global(19, "xdg_wm_base", 7)
[16:11:03.953373] {Default Queue} wl_registry#45.global(20, "zxdg_decoration_manager_v1", 1)
[16:11:03.953374] {Default Queue} wl_registry#45.global(21, "org_kde_kwin_server_decoration_manager", 1)
[16:11:03.953374] {Default Queue} wl_registry#45.global(22, "xdg_activation_v1", 1)
[16:11:03.953375] {Default Queue} wl_registry#45.global(23, "zxdg_exporter_v2", 1)
[16:11:03.953376] {Default Queue} wl_registry#45.global(24, "zxdg_importer_v2", 1)
[16:11:03.953376] {Default Queue} wl_registry#45.global(25, "wl_data_device_manager", 3)
[16:11:03.953377] {Default Queue} wl_registry#45.global(26, "zwp_primary_selection_device_manager_v1", 1)
[16:11:03.953377] {Default Queue} wl_registry#45.global(27, "ext_data_control_manager_v1", 1)
[16:11:03.953378] {Default Queue} wl_registry#45.global(28, "zwlr_data_control_manager_v1", 2)
[16:11:03.953379] {Default Queue} wl_registry#45.global(29, "zwlr_export_dmabuf_manager_v1", 1)
[16:11:03.953379] {Default Queue} wl_registry#45.global(30, "zwlr_screencopy_manager_v1", 3)
[16:11:03.953380] {Default Queue} wl_registry#45.global(31, "ext_image_copy_capture_manager_v1", 1)
[16:11:03.953381] {Default Queue} wl_registry#45.global(32, "aqueous_capture_color_manager_v1", 1)
[16:11:03.953382] {Default Queue} wl_registry#45.global(33, "ext_output_image_capture_source_manager_v1", 1)
[16:11:03.953382] {Default Queue} wl_registry#45.global(34, "zwlr_foreign_toplevel_manager_v1", 3)
[16:11:03.953383] {Default Queue} wl_registry#45.global(35, "ext_foreign_toplevel_list_v1", 1)
[16:11:03.953384] {Default Queue} wl_registry#45.global(36, "ext_foreign_toplevel_image_capture_source_manager_v1", 1)
[16:11:03.953385] {Default Queue} wl_registry#45.global(37, "wp_tearing_control_manager_v1", 1)
[16:11:03.953385] {Default Queue} wl_registry#45.global(38, "zwp_linux_dmabuf_v1", 5)
[16:11:03.953386] {Default Queue} wl_registry#45.global(39, "wp_linux_drm_syncobj_manager_v1", 1)
[16:11:03.953387] {Default Queue} wl_registry#45.global(40, "wp_color_manager_v1", 3)
[16:11:03.953387] {Default Queue} wl_registry#45.global(41, "aqueous_window_manager_v1", 10)
[16:11:03.953388] {Default Queue} wl_registry#45.global(42, "ext_workspace_manager_v1", 1)
[16:11:03.953389] {Default Queue} wl_registry#45.global(43, "aqueous_window_info_manager_v1", 8)
[16:11:03.953389] {Default Queue} wl_registry#45.global(44, "aqueous_xkb_bindings_v1", 3)
[16:11:03.953390] {Default Queue} wl_registry#45.global(45, "aqueous_layer_shell_v1", 1)
[16:11:03.953391] {Default Queue} wl_registry#45.global(46, "zwlr_layer_shell_v1", 4)
[16:11:03.953391] {Default Queue} wl_registry#45.global(47, "zwlr_gamma_control_manager_v1", 1)
[16:11:03.953392] {Default Queue} wl_registry#45.global(48, "wp_presentation", 2)
[16:11:03.953392] {Default Queue} wl_registry#45.global(49, "zxdg_output_manager_v1", 3)
[16:11:03.953393] {Default Queue} wl_registry#45.global(50, "zwlr_output_manager_v1", 4)
[16:11:03.953394] {Default Queue} wl_registry#45.global(51, "zwlr_output_power_manager_v1", 1)
[16:11:03.953394] {Default Queue} wl_registry#45.global(52, "aqueous_input_manager_v1", 2)
[16:11:03.953395] {Default Queue} wl_registry#45.global(53, "ext_idle_notifier_v1", 2)
[16:11:03.953397] {Default Queue}  -> wl_registry#45.bind(53, "ext_idle_notifier_v1", 1, new id [unknown]#47)
[16:11:03.953398] {Default Queue} wl_registry#45.global(54, "zwp_relative_pointer_manager_v1", 1)
[16:11:03.953399] {Default Queue} wl_registry#45.global(55, "zwp_pointer_gestures_v1", 3)
[16:11:03.953399] {Default Queue} wl_registry#45.global(56, "zwlr_virtual_pointer_manager_v1", 2)
[16:11:03.953400] {Default Queue} wl_registry#45.global(57, "zwp_virtual_keyboard_manager_v1", 1)
[16:11:03.953401] {Default Queue} wl_registry#45.global(58, "zwp_pointer_constraints_v1", 1)
[16:11:03.953401] {Default Queue} wl_registry#45.global(59, "zwp_input_method_manager_v2", 1)
[16:11:03.953402] {Default Queue} wl_registry#45.global(60, "zwp_text_input_manager_v3", 1)
[16:11:03.953403] {Default Queue} wl_registry#45.global(61, "zwp_tablet_manager_v2", 1)
[16:11:03.953403] {Default Queue} wl_registry#45.global(62, "wp_pointer_warp_v1", 1)
[16:11:03.953404] {Default Queue} wl_registry#45.global(63, "wl_seat", 9)
[16:11:03.953406] {Default Queue}  -> wl_registry#45.bind(63, "wl_seat", 5, new id [unknown]#53)
[16:11:03.953408] {Default Queue} wl_registry#45.global(64, "aqueous_libinput_config_v1", 2)
[16:11:03.953408] {Default Queue} wl_registry#45.global(65, "aqueous_xkb_config_v1", 2)
[16:11:03.953409] {Default Queue} wl_registry#45.global(66, "zwp_idle_inhibit_manager_v1", 1)
[16:11:03.953410] {Default Queue} wl_registry#45.global(67, "ext_session_lock_manager_v1", 1)
[16:11:03.953410] {Default Queue} wl_registry#45.global(68, "aqueous_shell_manager_v1", 2)
[16:11:03.953411] {Default Queue} wl_registry#45.global(69, "zwp_keyboard_shortcuts_inhibit_manager_v1", 1)
[16:11:03.953412] {Default Queue} wl_registry#45.global(70, "ext_background_effect_manager_v1", 1)
[16:11:03.953413] {Default Queue} wl_registry#45.global(71, "xdg_system_bell_v1", 1)
[16:11:03.953413] {Default Queue} wl_registry#45.global(72, "wl_output", 4)
[16:11:03.953414] {Default Queue} wl_registry#45.global(73, "wl_output", 4)
[16:11:03.953415] {Default Queue} wl_registry#51.global(1, "wl_compositor", 6)
[16:11:03.953416] {Default Queue} wl_registry#51.global(2, "wl_fixes", 1)
[16:11:03.953417] {Default Queue} wl_registry#51.global(3, "wp_security_context_manager_v1", 1)
[16:11:03.953417] {Default Queue} wl_registry#51.global(4, "wl_shm", 2)
[16:11:03.953418] {Default Queue} wl_registry#51.global(5, "wp_single_pixel_buffer_manager_v1", 1)
[16:11:03.953418] {Default Queue} wl_registry#51.global(6, "wp_alpha_modifier_v1", 1)
[16:11:03.953419] {Default Queue} wl_registry#51.global(7, "wp_color_representation_manager_v1", 1)
[16:11:03.953420] {Default Queue} wl_registry#51.global(8, "wp_content_type_manager_v1", 1)
[16:11:03.953420] {Default Queue} wl_registry#51.global(9, "wp_fifo_manager_v1", 1)
[16:11:03.953421] {Default Queue} wl_registry#51.global(10, "wp_commit_timing_manager_v1", 1)
[16:11:03.953422] {Default Queue} wl_registry#51.global(11, "xdg_wm_dialog_v1", 1)
[16:11:03.953423] {Default Queue} wl_registry#51.global(12, "xdg_toplevel_drag_manager_v1", 1)
[16:11:03.953423] {Default Queue} wl_registry#51.global(13, "xdg_toplevel_icon_manager_v1", 1)
[16:11:03.953424] {Default Queue} wl_registry#51.global(14, "xdg_toplevel_tag_manager_v1", 1)
[16:11:03.953425] {Default Queue} wl_registry#51.global(15, "wp_viewporter", 1)
[16:11:03.953425] {Default Queue} wl_registry#51.global(16, "wp_fractional_scale_manager_v1", 1)
[16:11:03.953426] {Default Queue} wl_registry#51.global(17, "wl_subcompositor", 1)
[16:11:03.953427] {Default Queue} wl_registry#51.global(18, "wp_cursor_shape_manager_v1", 2)
[16:11:03.953427] {Default Queue} wl_registry#51.global(19, "xdg_wm_base", 7)
[16:11:03.953428] {Default Queue} wl_registry#51.global(20, "zxdg_decoration_manager_v1", 1)
[16:11:03.953428] {Default Queue} wl_registry#51.global(21, "org_kde_kwin_server_decoration_manager", 1)
[16:11:03.953429] {Default Queue} wl_registry#51.global(22, "xdg_activation_v1", 1)
[16:11:03.953430] {Default Queue} wl_registry#51.global(23, "zxdg_exporter_v2", 1)
[16:11:03.953430] {Default Queue} wl_registry#51.global(24, "zxdg_importer_v2", 1)
[16:11:03.953431] {Default Queue} wl_registry#51.global(25, "wl_data_device_manager", 3)
[16:11:03.953432] {Default Queue} wl_registry#51.global(26, "zwp_primary_selection_device_manager_v1", 1)
[16:11:03.953432] {Default Queue} wl_registry#51.global(27, "ext_data_control_manager_v1", 1)
[16:11:03.953433] {Default Queue}  -> wl_registry#51.bind(27, "ext_data_control_manager_v1", 1, new id [unknown]#54)
[16:11:03.953434] {Default Queue} wl_registry#51.global(28, "zwlr_data_control_manager_v1", 2)
[16:11:03.953435] {Default Queue} wl_registry#51.global(29, "zwlr_export_dmabuf_manager_v1", 1)
[16:11:03.953435] {Default Queue} wl_registry#51.global(30, "zwlr_screencopy_manager_v1", 3)
[16:11:03.953436] {Default Queue} wl_registry#51.global(31, "ext_image_copy_capture_manager_v1", 1)
[16:11:03.953436] {Default Queue} wl_registry#51.global(32, "aqueous_capture_color_manager_v1", 1)
[16:11:03.953437] {Default Queue} wl_registry#51.global(33, "ext_output_image_capture_source_manager_v1", 1)
[16:11:03.953438] {Default Queue} wl_registry#51.global(34, "zwlr_foreign_toplevel_manager_v1", 3)
[16:11:03.953438] {Default Queue} wl_registry#51.global(35, "ext_foreign_toplevel_list_v1", 1)
[16:11:03.953439] {Default Queue} wl_registry#51.global(36, "ext_foreign_toplevel_image_capture_source_manager_v1", 1)
[16:11:03.953440] {Default Queue} wl_registry#51.global(37, "wp_tearing_control_manager_v1", 1)
[16:11:03.953440] {Default Queue} wl_registry#51.global(38, "zwp_linux_dmabuf_v1", 5)
[16:11:03.953441] {Default Queue} wl_registry#51.global(39, "wp_linux_drm_syncobj_manager_v1", 1)
[16:11:03.953442] {Default Queue} wl_registry#51.global(40, "wp_color_manager_v1", 3)
[16:11:03.953442] {Default Queue} wl_registry#51.global(41, "aqueous_window_manager_v1", 10)
[16:11:03.953443] {Default Queue} wl_registry#51.global(42, "ext_workspace_manager_v1", 1)
[16:11:03.953443] {Default Queue} wl_registry#51.global(43, "aqueous_window_info_manager_v1", 8)
[16:11:03.953444] {Default Queue} wl_registry#51.global(44, "aqueous_xkb_bindings_v1", 3)
[16:11:03.953445] {Default Queue} wl_registry#51.global(45, "aqueous_layer_shell_v1", 1)
[16:11:03.953445] {Default Queue} wl_registry#51.global(46, "zwlr_layer_shell_v1", 4)
[16:11:03.953446] {Default Queue} wl_registry#51.global(47, "zwlr_gamma_control_manager_v1", 1)
[16:11:03.953447] {Default Queue} wl_registry#51.global(48, "wp_presentation", 2)
[16:11:03.953447] {Default Queue} wl_registry#51.global(49, "zxdg_output_manager_v1", 3)
[16:11:03.953448] {Default Queue} wl_registry#51.global(50, "zwlr_output_manager_v1", 4)
[16:11:03.953448] {Default Queue} wl_registry#51.global(51, "zwlr_output_power_manager_v1", 1)
[16:11:03.953449] {Default Queue} wl_registry#51.global(52, "aqueous_input_manager_v1", 2)
[16:11:03.953449] {Default Queue} wl_registry#51.global(53, "ext_idle_notifier_v1", 2)
[16:11:03.953450] {Default Queue} wl_registry#51.global(54, "zwp_relative_pointer_manager_v1", 1)
[16:11:03.953451] {Default Queue} wl_registry#51.global(55, "zwp_pointer_gestures_v1", 3)
[16:11:03.953451] {Default Queue} wl_registry#51.global(56, "zwlr_virtual_pointer_manager_v1", 2)
[16:11:03.953452] {Default Queue} wl_registry#51.global(57, "zwp_virtual_keyboard_manager_v1", 1)
[16:11:03.953452] {Default Queue} wl_registry#51.global(58, "zwp_pointer_constraints_v1", 1)
[16:11:03.953453] {Default Queue} wl_registry#51.global(59, "zwp_input_method_manager_v2", 1)
[16:11:03.953454] {Default Queue} wl_registry#51.global(60, "zwp_text_input_manager_v3", 1)
[16:11:03.953454] {Default Queue} wl_registry#51.global(61, "zwp_tablet_manager_v2", 1)
[16:11:03.953455] {Default Queue} wl_registry#51.global(62, "wp_pointer_warp_v1", 1)
[16:11:03.953456] {Default Queue} wl_registry#51.global(63, "wl_seat", 9)
[16:11:03.953456] {Default Queue}  -> wl_registry#51.bind(63, "wl_seat", 5, new id [unknown]#55)
[16:11:03.953457] {Default Queue} wl_registry#51.global(64, "aqueous_libinput_config_v1", 2)
[16:11:03.953458] {Default Queue} wl_registry#51.global(65, "aqueous_xkb_config_v1", 2)
[16:11:03.953459] {Default Queue} wl_registry#51.global(66, "zwp_idle_inhibit_manager_v1", 1)
[16:11:03.953459] {Default Queue} wl_registry#51.global(67, "ext_session_lock_manager_v1", 1)
[16:11:03.953460] {Default Queue} wl_registry#51.global(68, "aqueous_shell_manager_v1", 2)
[16:11:03.953461] {Default Queue} wl_registry#51.global(69, "zwp_keyboard_shortcuts_inhibit_manager_v1", 1)
[16:11:03.953461] {Default Queue} wl_registry#51.global(70, "ext_background_effect_manager_v1", 1)
[16:11:03.953462] {Default Queue} wl_registry#51.global(71, "xdg_system_bell_v1", 1)
[16:11:03.953462] {Default Queue} wl_registry#51.global(72, "wl_output", 4)
[16:11:03.953463] {Default Queue} wl_registry#51.global(73, "wl_output", 4)
[16:11:03.953464] {Default Queue} wl_registry#52.global(1, "wl_compositor", 6)
[16:11:03.953466] {Default Queue} wl_registry#52.global(2, "wl_fixes", 1)
[16:11:03.953467] {Default Queue} wl_registry#52.global(3, "wp_security_context_manager_v1", 1)
[16:11:03.953468] {Default Queue} wl_registry#52.global(4, "wl_shm", 2)
[16:11:03.953469] {Default Queue}  -> wl_registry#52.bind(4, "wl_shm", 1, new id [unknown]#56)
[16:11:03.953470] {Default Queue} wl_registry#52.global(5, "wp_single_pixel_buffer_manager_v1", 1)
[16:11:03.953471] {Default Queue} wl_registry#52.global(6, "wp_alpha_modifier_v1", 1)
[16:11:03.953472] {Default Queue} wl_registry#52.global(7, "wp_color_representation_manager_v1", 1)
[16:11:03.953473] {Default Queue} wl_registry#52.global(8, "wp_content_type_manager_v1", 1)
[16:11:03.953474] {Default Queue} wl_registry#52.global(9, "wp_fifo_manager_v1", 1)
[16:11:03.953475] {Default Queue} wl_registry#52.global(10, "wp_commit_timing_manager_v1", 1)
[16:11:03.953476] {Default Queue} wl_registry#52.global(11, "xdg_wm_dialog_v1", 1)
[16:11:03.953477] {Default Queue} wl_registry#52.global(12, "xdg_toplevel_drag_manager_v1", 1)
[16:11:03.953478] {Default Queue} wl_registry#52.global(13, "xdg_toplevel_icon_manager_v1", 1)
[16:11:03.953479] {Default Queue} wl_registry#52.global(14, "xdg_toplevel_tag_manager_v1", 1)
[16:11:03.953479] {Default Queue} wl_registry#52.global(15, "wp_viewporter", 1)
[16:11:03.953480] {Default Queue} wl_registry#52.global(16, "wp_fractional_scale_manager_v1", 1)
[16:11:03.953481] {Default Queue} wl_registry#52.global(17, "wl_subcompositor", 1)
[16:11:03.953482] {Default Queue} wl_registry#52.global(18, "wp_cursor_shape_manager_v1", 2)
[16:11:03.953483] {Default Queue} wl_registry#52.global(19, "xdg_wm_base", 7)
[16:11:03.953483] {Default Queue} wl_registry#52.global(20, "zxdg_decoration_manager_v1", 1)
[16:11:03.953484] {Default Queue} wl_registry#52.global(21, "org_kde_kwin_server_decoration_manager", 1)
[16:11:03.953485] {Default Queue} wl_registry#52.global(22, "xdg_activation_v1", 1)
[16:11:03.953486] {Default Queue} wl_registry#52.global(23, "zxdg_exporter_v2", 1)
[16:11:03.953487] {Default Queue} wl_registry#52.global(24, "zxdg_importer_v2", 1)
[16:11:03.953488] {Default Queue} wl_registry#52.global(25, "wl_data_device_manager", 3)
[16:11:03.953489] {Default Queue} wl_registry#52.global(26, "zwp_primary_selection_device_manager_v1", 1)
[16:11:03.953490] {Default Queue} wl_registry#52.global(27, "ext_data_control_manager_v1", 1)
[16:11:03.953490] {Default Queue} wl_registry#52.global(28, "zwlr_data_control_manager_v1", 2)
[16:11:03.953491] {Default Queue} wl_registry#52.global(29, "zwlr_export_dmabuf_manager_v1", 1)
[16:11:03.953492] {Default Queue} wl_registry#52.global(30, "zwlr_screencopy_manager_v1", 3)
[16:11:03.953493] {Default Queue}  -> wl_registry#52.bind(30, "zwlr_screencopy_manager_v1", 3, new id [unknown]#57)
[16:11:03.953494] {Default Queue} wl_registry#52.global(31, "ext_image_copy_capture_manager_v1", 1)
[16:11:03.953495] {Default Queue}  -> wl_registry#52.bind(31, "ext_image_copy_capture_manager_v1", 1, new id [unknown]#58)
[16:11:03.953496] {Default Queue} wl_registry#52.global(32, "aqueous_capture_color_manager_v1", 1)
[16:11:03.953497] {Default Queue}  -> wl_registry#52.bind(32, "aqueous_capture_color_manager_v1", 1, new id [unknown]#59)
[16:11:03.953498] {Default Queue} wl_registry#52.global(33, "ext_output_image_capture_source_manager_v1", 1)
[16:11:03.953499] {Default Queue}  -> wl_registry#52.bind(33, "ext_output_image_capture_source_manager_v1", 1, new id [unknown]#60)
[16:11:03.953501] {Default Queue} wl_registry#52.global(34, "zwlr_foreign_toplevel_manager_v1", 3)
[16:11:03.953501] {Default Queue} wl_registry#52.global(35, "ext_foreign_toplevel_list_v1", 1)
[16:11:03.953503] {Default Queue}  -> wl_registry#52.bind(35, "ext_foreign_toplevel_list_v1", 1, new id [unknown]#61)
[16:11:03.953504] {Default Queue} wl_registry#52.global(36, "ext_foreign_toplevel_image_capture_source_manager_v1", 1)
[16:11:03.953505] {Default Queue}  -> wl_registry#52.bind(36, "ext_foreign_toplevel_image_capture_source_manager_v1", 1, new id [unknown]#62)
[16:11:03.953506] {Default Queue} wl_registry#52.global(37, "wp_tearing_control_manager_v1", 1)
[16:11:03.953507] {Default Queue} wl_registry#52.global(38, "zwp_linux_dmabuf_v1", 5)
[16:11:03.953508] {Default Queue} wl_registry#52.global(39, "wp_linux_drm_syncobj_manager_v1", 1)
[16:11:03.953508] {Default Queue} wl_registry#52.global(40, "wp_color_manager_v1", 3)
[16:11:03.953509] {Default Queue} wl_registry#52.global(41, "aqueous_window_manager_v1", 10)
[16:11:03.953510] {Default Queue} wl_registry#52.global(42, "ext_workspace_manager_v1", 1)
[16:11:03.953511] {Default Queue} wl_registry#52.global(43, "aqueous_window_info_manager_v1", 8)
[16:11:03.953512] {Default Queue} wl_registry#52.global(44, "aqueous_xkb_bindings_v1", 3)
[16:11:03.953513] {Default Queue} wl_registry#52.global(45, "aqueous_layer_shell_v1", 1)
[16:11:03.953514] {Default Queue} wl_registry#52.global(46, "zwlr_layer_shell_v1", 4)
[16:11:03.953514] {Default Queue} wl_registry#52.global(47, "zwlr_gamma_control_manager_v1", 1)
[16:11:03.953515] {Default Queue} wl_registry#52.global(48, "wp_presentation", 2)
[16:11:03.953516] {Default Queue} wl_registry#52.global(49, "zxdg_output_manager_v1", 3)
[16:11:03.953517] {Default Queue} wl_registry#52.global(50, "zwlr_output_manager_v1", 4)
[16:11:03.953518] {Default Queue} wl_registry#52.global(51, "zwlr_output_power_manager_v1", 1)
[16:11:03.953518] {Default Queue} wl_registry#52.global(52, "aqueous_input_manager_v1", 2)
[16:11:03.953519] {Default Queue} wl_registry#52.global(53, "ext_idle_notifier_v1", 2)
[16:11:03.953520] {Default Queue} wl_registry#52.global(54, "zwp_relative_pointer_manager_v1", 1)
[16:11:03.953521] {Default Queue} wl_registry#52.global(55, "zwp_pointer_gestures_v1", 3)
[16:11:03.953522] {Default Queue} wl_registry#52.global(56, "zwlr_virtual_pointer_manager_v1", 2)
[16:11:03.953523] {Default Queue} wl_registry#52.global(57, "zwp_virtual_keyboard_manager_v1", 1)
[16:11:03.953523] {Default Queue} wl_registry#52.global(58, "zwp_pointer_constraints_v1", 1)
[16:11:03.953524] {Default Queue} wl_registry#52.global(59, "zwp_input_method_manager_v2", 1)
[16:11:03.953525] {Default Queue} wl_registry#52.global(60, "zwp_text_input_manager_v3", 1)
[16:11:03.953526] {Default Queue} wl_registry#52.global(61, "zwp_tablet_manager_v2", 1)
[16:11:03.953527] {Default Queue} wl_registry#52.global(62, "wp_pointer_warp_v1", 1)
[16:11:03.953527] {Default Queue} wl_registry#52.global(63, "wl_seat", 9)
[16:11:03.953528] {Default Queue} wl_registry#52.global(64, "aqueous_libinput_config_v1", 2)
[16:11:03.953529] {Default Queue} wl_registry#52.global(65, "aqueous_xkb_config_v1", 2)
[16:11:03.953530] {Default Queue} wl_registry#52.global(66, "zwp_idle_inhibit_manager_v1", 1)
[16:11:03.953531] {Default Queue} wl_registry#52.global(67, "ext_session_lock_manager_v1", 1)
[16:11:03.953532] {Default Queue} wl_registry#52.global(68, "aqueous_shell_manager_v1", 2)
[16:11:03.953532] {Default Queue} wl_registry#52.global(69, "zwp_keyboard_shortcuts_inhibit_manager_v1", 1)
[16:11:03.953533] {Default Queue} wl_registry#52.global(70, "ext_background_effect_manager_v1", 1)
[16:11:03.953534] {Default Queue} wl_registry#52.global(71, "xdg_system_bell_v1", 1)
[16:11:03.953535] {Default Queue} wl_registry#52.global(72, "wl_output", 4)
[16:11:03.953536] {Default Queue}  -> wl_registry#52.bind(72, "wl_output", 4, new id [unknown]#63)
[16:11:03.953541] {Default Queue} wl_registry#52.global(73, "wl_output", 4)
[16:11:03.953542] {Default Queue}  -> wl_registry#52.bind(73, "wl_output", 4, new id [unknown]#64)
[16:11:03.953689] {Default Queue} wl_seat#53.name("default")
[16:11:03.953690] {Default Queue} wl_seat#53.capabilities(0)
[16:11:03.953831] {Default Queue} wl_seat#55.name("default")
[16:11:03.953835] {Default Queue} wl_seat#55.capabilities(0)
[16:11:03.953836] {Default Queue} wl_shm#56.format(538982482)
[16:11:03.953838] {Default Queue} wl_shm#56.format(1210064978)
[16:11:03.953838] {Default Queue} wl_shm#56.format(1176510546)
[16:11:03.953839] {Default Queue} wl_shm#56.format(943215175)
[16:11:03.953839] {Default Queue} wl_shm#56.format(1210077767)
[16:11:03.953840] {Default Queue} wl_shm#56.format(1176523335)
[16:11:03.953840] {Default Queue} wl_shm#56.format(1)
[16:11:03.953840] {Default Queue} wl_shm#56.format(875709016)
[16:11:03.953841] {Default Queue} wl_shm#56.format(0)
[16:11:03.953841] {Default Queue} wl_shm#56.format(875708993)
[16:11:03.953842] {Default Queue} wl_shm#56.format(842088786)
[16:11:03.953842] {Default Queue} wl_shm#56.format(842094674)
[16:11:03.953843] {Default Queue} wl_shm#56.format(842088770)
[16:11:03.953843] {Default Queue} wl_shm#56.format(842094658)
[16:11:03.953844] {Default Queue} wl_shm#56.format(909199186)
[16:11:03.953844] {Default Queue} wl_shm#56.format(909199170)
[16:11:03.953845] {Default Queue} wl_shm#56.format(892420434)
[16:11:03.953845] {Default Queue} wl_shm#56.format(892426322)
[16:11:03.953846] {Default Queue} wl_shm#56.format(892420418)
[16:11:03.953846] {Default Queue} wl_shm#56.format(892426306)
[16:11:03.953847] {Default Queue} wl_shm#56.format(892424769)
[16:11:03.953847] {Default Queue} wl_shm#56.format(892424792)
[16:11:03.953848] {Default Queue} wl_shm#56.format(808669761)
[16:11:03.953848] {Default Queue} wl_shm#56.format(808669784)
[16:11:03.953848] {Default Queue} wl_shm#56.format(808665665)
[16:11:03.953849] {Default Queue} wl_shm#56.format(808665688)
[16:11:03.953849] {Default Queue} wl_shm#56.format(942948929)
[16:11:03.953850] {Default Queue} wl_shm#56.format(942948952)
[16:11:03.953850] {Default Queue} wl_shm#56.format(1211384385)
[16:11:03.953851] {Default Queue} wl_shm#56.format(1211384408)
[16:11:03.953851] {Default Queue} wl_shm#56.format(1178092097)
[16:11:03.953852] {Default Queue} ext_foreign_toplevel_list_v1#61.toplevel(new id ext_foreign_toplevel_handle_v1#4278190080)
[16:11:03.953856] {Default Queue} ext_foreign_toplevel_handle_v1#4278190080.title("Pearl · Component gallery")
[16:11:03.953858] {Default Queue} ext_foreign_toplevel_handle_v1#4278190080.app_id("pearl")
[16:11:03.953859] {Default Queue} ext_foreign_toplevel_handle_v1#4278190080.identifier("ce5d797ac5ccb9c2d8c6b0baa87f5d6b")
[16:11:03.953862] {Default Queue} ext_foreign_toplevel_handle_v1#4278190080.done()
[16:11:03.953862] {Default Queue} wl_output#63.geometry(0, 0, 0, 0, 0, "Unknown", "Unknown", 0)
[16:11:03.953864] {Default Queue} wl_output#63.mode(1, 1280, 720, 0)
[16:11:03.953866] {Default Queue} wl_output#63.scale(1)
[16:11:03.953867] {Default Queue} wl_output#63.name("HEADLESS-2")
[16:11:03.953868] {Default Queue} wl_output#63.description("Headless output 2")
[16:11:03.953869] {Default Queue} wl_output#63.done()
[16:11:03.953869] {Default Queue} wl_output#64.geometry(0, 0, 0, 0, 0, "Unknown", "Unknown", 0)
[16:11:03.953870] {Default Queue} wl_output#64.mode(1, 1280, 720, 0)
[16:11:03.953871] {Default Queue} wl_output#64.scale(1)
[16:11:03.953872] {Default Queue} wl_output#64.name("HEADLESS-1")
[16:11:03.953873] {Default Queue} wl_output#64.description("Headless output 1")
[16:11:03.953873] {Default Queue} wl_output#64.done()
info(pearl): event=aqueous-availability state=subscribing
info(pearl): event=aqueous-availability state=ready
[16:11:03.955167] {Default Queue}  -> wl_compositor#4.create_surface(new id wl_surface#65)
[16:11:03.955171] {Default Queue}  -> wp_fractional_scale_manager_v1#11.get_fractional_scale(new id wp_fractional_scale_v1#66, wl_surface#65)
[16:11:03.955174] {Default Queue}  -> wp_viewporter#10.get_viewport(new id wp_viewport#67, wl_surface#65)
[16:11:03.955209] {Default Queue}  -> xdg_toplevel_icon_manager_v1#9.create_icon(new id xdg_toplevel_icon_v1#68)
[16:11:03.955223] {Default Queue}  -> zwlr_layer_shell_v1#49.get_layer_surface(new id zwlr_layer_surface_v1#69, wl_surface#65, wl_output#31, 0, "pearl:wallpaper")
[16:11:03.955225] {Default Queue}  -> zwlr_layer_surface_v1#69.set_keyboard_interactivity(0)
[16:11:03.955226] {Default Queue}  -> zwlr_layer_surface_v1#69.set_exclusive_zone(-1)
[16:11:03.955227] {Default Queue}  -> zwlr_layer_surface_v1#69.set_anchor(15)
[16:11:03.955228] {Default Queue}  -> zwlr_layer_surface_v1#69.set_margin(0, 0, 0, 0)
[16:11:03.955229] {Default Queue}  -> zwlr_layer_surface_v1#69.set_size(0, 0)
[16:11:03.955233]  -> wl_surface#65.commit()
[16:11:03.955260] {Default Queue}  -> xdg_activation_v1#15.get_activation_token(new id xdg_activation_token_v1#70)
[16:11:03.955262]  -> xdg_activation_token_v1#70.set_serial(0, wl_seat#3)
[16:11:03.955264]  -> xdg_activation_token_v1#70.commit()
[16:11:03.955396] xdg_activation_token_v1#70.done("84d1d1ed160678dac9653b52fd3230e1")
[16:11:03.955398]  -> xdg_activation_token_v1#70.destroy()
[16:11:03.955399] {Default Queue}  -> xdg_activation_v1#15.activate("84d1d1ed160678dac9653b52fd3230e1", wl_surface#65)
[16:11:03.962490] {Default Queue}  -> wl_compositor#4.create_surface(new id wl_surface#71)
[16:11:03.962496] {Default Queue}  -> wp_fractional_scale_manager_v1#11.get_fractional_scale(new id wp_fractional_scale_v1#72, wl_surface#71)
[16:11:03.962499] {Default Queue}  -> wp_viewporter#10.get_viewport(new id wp_viewport#73, wl_surface#71)
[16:11:03.962523] {Default Queue}  -> xdg_toplevel_icon_manager_v1#9.create_icon(new id xdg_toplevel_icon_v1#74)
[16:11:03.962536] {Default Queue}  -> zwlr_layer_shell_v1#49.get_layer_surface(new id zwlr_layer_surface_v1#75, wl_surface#71, wl_output#31, 2, "pearl:bar")
[16:11:03.962539] {Default Queue}  -> zwlr_layer_surface_v1#75.set_keyboard_interactivity(0)
[16:11:03.962540] {Default Queue}  -> zwlr_layer_surface_v1#75.set_exclusive_zone(48)
[16:11:03.962540] {Default Queue}  -> zwlr_layer_surface_v1#75.set_anchor(13)
[16:11:03.962541] {Default Queue}  -> zwlr_layer_surface_v1#75.set_margin(0, 0, 0, 0)
[16:11:03.962542] {Default Queue}  -> zwlr_layer_surface_v1#75.set_size(0, 200)
[16:11:03.962547]  -> wl_surface#71.commit()
[16:11:03.962670] {Default Queue}  -> xdg_activation_v1#15.get_activation_token(new id xdg_activation_token_v1#76)
[16:11:03.962673]  -> xdg_activation_token_v1#76.set_serial(0, wl_seat#3)
[16:11:03.962674]  -> xdg_activation_token_v1#76.commit()
[16:11:03.962847] {Display Queue} wl_display#1.delete_id(70)
[16:11:03.962849] xdg_activation_token_v1#76.done("b1b7fe45506c197e46530a931b96685c")
[16:11:03.962850]  -> xdg_activation_token_v1#76.destroy()
[16:11:03.962852] {Default Queue}  -> xdg_activation_v1#15.activate("b1b7fe45506c197e46530a931b96685c", wl_surface#71)
info: event=output-mapped id=1 connector=HEADLESS-2 scale=1
[16:11:03.965745] {Default Queue}  -> wl_compositor#4.create_surface(new id wl_surface#70)
[16:11:03.965750] {Default Queue}  -> wp_fractional_scale_manager_v1#11.get_fractional_scale(new id wp_fractional_scale_v1#77, wl_surface#70)
[16:11:03.965753] {Default Queue}  -> wp_viewporter#10.get_viewport(new id wp_viewport#78, wl_surface#70)
[16:11:03.965770] {Default Queue}  -> xdg_toplevel_icon_manager_v1#9.create_icon(new id xdg_toplevel_icon_v1#79)
[16:11:03.965780] {Default Queue}  -> zwlr_layer_shell_v1#49.get_layer_surface(new id zwlr_layer_surface_v1#80, wl_surface#70, wl_output#31, 3, "pearl:dock-reveal")
[16:11:03.965783] {Default Queue}  -> zwlr_layer_surface_v1#80.set_keyboard_interactivity(0)
[16:11:03.965784] {Default Queue}  -> zwlr_layer_surface_v1#80.set_exclusive_zone(-1)
[16:11:03.965784] {Default Queue}  -> zwlr_layer_surface_v1#80.set_anchor(2)
[16:11:03.965785] {Default Queue}  -> zwlr_layer_surface_v1#80.set_margin(0, 0, 0, 0)
[16:11:03.965786] {Default Queue}  -> zwlr_layer_surface_v1#80.set_size(200, 200)
[16:11:03.965790]  -> wl_surface#70.commit()
[16:11:03.965871] {Default Queue}  -> wl_compositor#4.create_surface(new id wl_surface#81)
[16:11:03.965873] {Default Queue}  -> wp_fractional_scale_manager_v1#11.get_fractional_scale(new id wp_fractional_scale_v1#82, wl_surface#81)
[16:11:03.965875] {Default Queue}  -> wp_viewporter#10.get_viewport(new id wp_viewport#83, wl_surface#81)
[16:11:03.965882] {Default Queue}  -> xdg_toplevel_icon_manager_v1#9.create_icon(new id xdg_toplevel_icon_v1#84)
[16:11:03.965887] {Default Queue}  -> zwlr_layer_shell_v1#49.get_layer_surface(new id zwlr_layer_surface_v1#85, wl_surface#81, wl_output#34, 0, "pearl:wallpaper")
[16:11:03.965889] {Default Queue}  -> zwlr_layer_surface_v1#85.set_keyboard_interactivity(0)
[16:11:03.965889] {Default Queue}  -> zwlr_layer_surface_v1#85.set_exclusive_zone(-1)
[16:11:03.965890] {Default Queue}  -> zwlr_layer_surface_v1#85.set_anchor(15)
[16:11:03.965891] {Default Queue}  -> zwlr_layer_surface_v1#85.set_margin(0, 0, 0, 0)
[16:11:03.965891] {Default Queue}  -> zwlr_layer_surface_v1#85.set_size(0, 0)
[16:11:03.965893]  -> wl_surface#81.commit()
[16:11:03.965906] {Default Queue}  -> xdg_activation_v1#15.get_activation_token(new id xdg_activation_token_v1#86)
[16:11:03.965908]  -> xdg_activation_token_v1#86.set_serial(0, wl_seat#3)
[16:11:03.965909]  -> xdg_activation_token_v1#86.commit()
[16:11:03.966112] {Display Queue} wl_display#1.delete_id(76)
[16:11:03.966117] xdg_activation_token_v1#86.done("8e7a9d7af8b440a9560e685527edeabb")
[16:11:03.966120]  -> xdg_activation_token_v1#86.destroy()
[16:11:03.966122] {Default Queue}  -> xdg_activation_v1#15.activate("8e7a9d7af8b440a9560e685527edeabb", wl_surface#81)
[16:11:03.967579] {Default Queue}  -> wl_compositor#4.create_surface(new id wl_surface#76)
[16:11:03.967584] {Default Queue}  -> wp_fractional_scale_manager_v1#11.get_fractional_scale(new id wp_fractional_scale_v1#87, wl_surface#76)
[16:11:03.967586] {Default Queue}  -> wp_viewporter#10.get_viewport(new id wp_viewport#88, wl_surface#76)
[16:11:03.967604] {Default Queue}  -> xdg_toplevel_icon_manager_v1#9.create_icon(new id xdg_toplevel_icon_v1#89)
[16:11:03.967613] {Default Queue}  -> zwlr_layer_shell_v1#49.get_layer_surface(new id zwlr_layer_surface_v1#90, wl_surface#76, wl_output#34, 2, "pearl:bar")
[16:11:03.967616] {Default Queue}  -> zwlr_layer_surface_v1#90.set_keyboard_interactivity(0)
[16:11:03.967617] {Default Queue}  -> zwlr_layer_surface_v1#90.set_exclusive_zone(48)
[16:11:03.967617] {Default Queue}  -> zwlr_layer_surface_v1#90.set_anchor(13)
[16:11:03.967618] {Default Queue}  -> zwlr_layer_surface_v1#90.set_margin(0, 0, 0, 0)
[16:11:03.967619] {Default Queue}  -> zwlr_layer_surface_v1#90.set_size(0, 200)
[16:11:03.967623]  -> wl_surface#76.commit()
[16:11:03.967724] {Default Queue}  -> xdg_activation_v1#15.get_activation_token(new id xdg_activation_token_v1#91)
[16:11:03.967726]  -> xdg_activation_token_v1#91.set_serial(0, wl_seat#3)
[16:11:03.967727]  -> xdg_activation_token_v1#91.commit()
[16:11:03.967881] {Display Queue} wl_display#1.delete_id(86)
[16:11:03.967884] xdg_activation_token_v1#91.done("687619e6920610bdb76a209d3b451ac1")
[16:11:03.967886]  -> xdg_activation_token_v1#91.destroy()
[16:11:03.967887] {Default Queue}  -> xdg_activation_v1#15.activate("687619e6920610bdb76a209d3b451ac1", wl_surface#76)
info: event=output-mapped id=2 connector=HEADLESS-1 scale=1
info(pearl): event=settings-backend-ready session=4b570850d9593fc4bb11406ca2cdab44
info(pearl): event=control-ready session=4b570850d9593fc4bb11406ca2cdab44
[16:11:03.968681] {Default Queue} zwlr_layer_surface_v1#69.configure(7, 1280, 720)
[16:11:03.968695] {Default Queue}  -> zwlr_layer_surface_v1#69.ack_configure(7)
[16:11:03.968696] {Default Queue} zwlr_layer_surface_v1#75.configure(8, 1280, 200)
[16:11:03.968779] {Default Queue}  -> zwlr_layer_surface_v1#75.ack_configure(8)
[16:11:03.968780] {Default Queue} zwlr_layer_surface_v1#69.configure(9, 1280, 720)
[16:11:03.968781] {Default Queue}  -> zwlr_layer_surface_v1#69.ack_configure(9)
[16:11:03.968782] {Default Queue} zwlr_layer_surface_v1#75.configure(10, 1280, 200)
[16:11:03.968783] {Default Queue}  -> zwlr_layer_surface_v1#75.ack_configure(10)
[16:11:03.968783] {Default Queue} zwlr_layer_surface_v1#69.configure(11, 1280, 720)
[16:11:03.968784] {Default Queue}  -> zwlr_layer_surface_v1#69.ack_configure(11)
[16:11:03.968784] {Default Queue} zwlr_layer_surface_v1#80.configure(12, 200, 200)
[16:11:03.968791] {Default Queue}  -> zwlr_layer_surface_v1#80.ack_configure(12)
[16:11:03.968792] {Default Queue} zwlr_layer_surface_v1#85.configure(13, 1280, 720)
[16:11:03.968794] {Default Queue}  -> zwlr_layer_surface_v1#85.ack_configure(13)
[16:11:03.968794] {Default Queue} zwlr_layer_surface_v1#90.configure(14, 1280, 200)
[16:11:03.968845] {Default Queue}  -> zwlr_layer_surface_v1#90.ack_configure(14)
[16:11:03.968846] {Default Queue} zwlr_layer_surface_v1#85.configure(15, 1280, 720)
[16:11:03.968847] {Default Queue}  -> zwlr_layer_surface_v1#85.ack_configure(15)
info: event=app-index-ready entries=160 truncated=false
[16:11:03.968960] {Default Queue}  -> wl_shm#5.create_pool(new id wl_shm_pool#86, fd 18, 3686400)
[16:11:03.968969] {Default Queue}  -> wl_shm_pool#86.create_buffer(new id wl_buffer#92, 0, 1280, 720, 5120, 0)
[16:11:03.971405] {Default Queue}  -> wl_compositor#4.create_region(new id wl_region#93)
[16:11:03.971407] {Default Queue}  -> wl_region#93.add(0, 0, 1280, 720)
[16:11:03.971409]  -> wl_surface#65.set_opaque_region(wl_region#93)
[16:11:03.971410] {Default Queue}  -> wl_region#93.destroy()
[16:11:03.971411] {Default Queue}  -> wp_viewport#67.set_destination(1280, 720)
[16:11:03.971412]  -> wl_surface#65.attach(wl_buffer#92, 0, 0)
[16:11:03.971413]  -> wl_surface#65.damage_buffer(0, 0, 1280, 720)
[16:11:03.971414]  -> wl_surface#65.frame(new id wl_callback#94)
[16:11:03.971416] {Default Queue}  -> wp_presentation#23.feedback(wl_surface#65, new id wp_presentation_feedback#95)
[16:11:03.971418]  -> wl_surface#65.commit()
[16:11:03.971938] {Default Queue}  -> wl_shm#5.create_pool(new id wl_shm_pool#96, fd 18, 245760)
[16:11:03.971942] {Default Queue}  -> wl_shm_pool#96.create_buffer(new id wl_buffer#97, 0, 1280, 48, 5120, 0)
[16:11:03.972539] {Default Queue}  -> zwlr_layer_surface_v1#75.set_size(0, 48)
[16:11:03.972541] {Default Queue}  -> wl_compositor#4.create_region(new id wl_region#98)
[16:11:03.972543] {Default Queue}  -> wl_region#98.add(76, 4, 6, 40)
[16:11:03.972544]  -> wl_surface#71.set_opaque_region(wl_region#98)
[16:11:03.972545] {Default Queue}  -> wl_region#98.destroy()
[16:11:03.972546] {Default Queue}  -> wp_viewport#73.set_destination(1280, 48)
[16:11:03.972547]  -> wl_surface#71.attach(wl_buffer#97, 0, 0)
[16:11:03.972548]  -> wl_surface#71.damage_buffer(0, 0, 1280, 48)
[16:11:03.972549]  -> wl_surface#71.frame(new id wl_callback#99)
[16:11:03.972550] {Default Queue}  -> wp_presentation#23.feedback(wl_surface#71, new id wp_presentation_feedback#100)
[16:11:03.972552]  -> wl_surface#71.commit()
[16:11:03.972577] {Default Queue}  -> ext_background_effect_manager_v1#48.get_background_effect(new id ext_background_effect_surface_v1#101, wl_surface#71)
[16:11:03.972579] {Default Queue}  -> wl_compositor#46.create_region(new id wl_region#102)
[16:11:03.972593] {Default Queue}  -> wl_region#102.add(19, 4, 641, 1)
[16:11:03.972594] {Default Queue}  -> wl_region#102.add(690, 4, 132, 1)
[16:11:03.972595] {Default Queue}  -> wl_region#102.add(888, 4, 373, 1)
[16:11:03.972596] {Default Queue}  -> wl_region#102.add(17, 5, 645, 1)
[16:11:03.972596] {Default Queue}  -> wl_region#102.add(688, 5, 136, 1)
[16:11:03.972597] {Default Queue}  -> wl_region#102.add(886, 5, 377, 1)
[16:11:03.972598] {Default Queue}  -> wl_region#102.add(16, 6, 647, 1)
[16:11:03.972598] {Default Queue}  -> wl_region#102.add(687, 6, 138, 1)
[16:11:03.972599] {Default Queue}  -> wl_region#102.add(885, 6, 379, 1)
[16:11:03.972600] {Default Queue}  -> wl_region#102.add(15, 7, 649, 1)
[16:11:03.972600] {Default Queue}  -> wl_region#102.add(686, 7, 140, 1)
[16:11:03.972601] {Default Queue}  -> wl_region#102.add(884, 7, 381, 1)
[16:11:03.972601] {Default Queue}  -> wl_region#102.add(14, 8, 651, 1)
[16:11:03.972602] {Default Queue}  -> wl_region#102.add(685, 8, 142, 1)
[16:11:03.972603] {Default Queue}  -> wl_region#102.add(883, 8, 383, 1)
[16:11:03.972603] {Default Queue}  -> wl_region#102.add(13, 9, 653, 1)
[16:11:03.972604] {Default Queue}  -> wl_region#102.add(684, 9, 144, 1)
[16:11:03.972605] {Default Queue}  -> wl_region#102.add(882, 9, 385, 1)
[16:11:03.972605] {Default Queue}  -> wl_region#102.add(12, 10, 655, 2)
[16:11:03.972606] {Default Queue}  -> wl_region#102.add(683, 10, 146, 2)
[16:11:03.972606] {Default Queue}  -> wl_region#102.add(881, 10, 387, 2)
[16:11:03.972607] {Default Queue}  -> wl_region#102.add(11, 12, 657, 5)
[16:11:03.972608] {Default Queue}  -> wl_region#102.add(682, 12, 148, 5)
[16:11:03.972608] {Default Queue}  -> wl_region#102.add(880, 12, 389, 5)
[16:11:03.972609] {Default Queue}  -> wl_region#102.add(10, 17, 659, 14)
[16:11:03.972610] {Default Queue}  -> wl_region#102.add(681, 17, 150, 14)
[16:11:03.972610] {Default Queue}  -> wl_region#102.add(879, 17, 391, 14)
[16:11:03.972611] {Default Queue}  -> wl_region#102.add(11, 31, 657, 5)
[16:11:03.972612] {Default Queue}  -> wl_region#102.add(682, 31, 148, 5)
[16:11:03.972612] {Default Queue}  -> wl_region#102.add(880, 31, 389, 5)
[16:11:03.972613] {Default Queue}  -> wl_region#102.add(12, 36, 655, 2)
[16:11:03.972613] {Default Queue}  -> wl_region#102.add(683, 36, 146, 2)
[16:11:03.972614] {Default Queue}  -> wl_region#102.add(881, 36, 387, 2)
[16:11:03.972615] {Default Queue}  -> wl_region#102.add(13, 38, 653, 1)
[16:11:03.972615] {Default Queue}  -> wl_region#102.add(684, 38, 144, 1)
[16:11:03.972616] {Default Queue}  -> wl_region#102.add(882, 38, 385, 1)
[16:11:03.972617] {Default Queue}  -> wl_region#102.add(14, 39, 651, 1)
[16:11:03.972617] {Default Queue}  -> wl_region#102.add(685, 39, 142, 1)
[16:11:03.972618] {Default Queue}  -> wl_region#102.add(883, 39, 383, 1)
[16:11:03.972618] {Default Queue}  -> wl_region#102.add(15, 40, 649, 1)
[16:11:03.972619] {Default Queue}  -> wl_region#102.add(686, 40, 140, 1)
[16:11:03.972620] {Default Queue}  -> wl_region#102.add(884, 40, 381, 1)
[16:11:03.972620] {Default Queue}  -> wl_region#102.add(16, 41, 647, 1)
[16:11:03.972621] {Default Queue}  -> wl_region#102.add(687, 41, 138, 1)
[16:11:03.972622] {Default Queue}  -> wl_region#102.add(885, 41, 379, 1)
[16:11:03.972622] {Default Queue}  -> wl_region#102.add(17, 42, 645, 1)
[16:11:03.972623] {Default Queue}  -> wl_region#102.add(688, 42, 136, 1)
[16:11:03.972623] {Default Queue}  -> wl_region#102.add(886, 42, 377, 1)
[16:11:03.972624] {Default Queue}  -> wl_region#102.add(19, 43, 641, 1)
[16:11:03.972625] {Default Queue}  -> wl_region#102.add(690, 43, 132, 1)
[16:11:03.972625] {Default Queue}  -> wl_region#102.add(888, 43, 373, 1)
[16:11:03.972626] {Default Queue}  -> ext_background_effect_surface_v1#101.set_blur_region(wl_region#102)
[16:11:03.972627] {Default Queue}  -> wl_region#102.destroy()
[16:11:03.972690] {Default Queue}  -> wl_shm#5.create_pool(new id wl_shm_pool#103, fd 18, 704)
[16:11:03.972692] {Default Queue}  -> wl_shm_pool#103.create_buffer(new id wl_buffer#104, 0, 88, 2, 352, 0)
[16:11:03.972713] {Default Queue}  -> zwlr_layer_surface_v1#80.set_size(88, 2)
[16:11:03.972714] {Default Queue}  -> wp_viewport#78.set_destination(88, 2)
[16:11:03.972716]  -> wl_surface#70.attach(wl_buffer#104, 0, 0)
[16:11:03.972716]  -> wl_surface#70.damage_buffer(0, 0, 88, 2)
[16:11:03.972717]  -> wl_surface#70.frame(new id wl_callback#105)
[16:11:03.972718] {Default Queue}  -> wp_presentation#23.feedback(wl_surface#70, new id wp_presentation_feedback#106)
[16:11:03.972719]  -> wl_surface#70.commit()
[16:11:03.972760] {Default Queue}  -> wl_shm#5.create_pool(new id wl_shm_pool#107, fd 19, 3686400)
[16:11:03.972761] {Default Queue}  -> wl_shm_pool#107.create_buffer(new id wl_buffer#108, 0, 1280, 720, 5120, 0)
[16:11:03.975114] {Default Queue}  -> wl_compositor#4.create_region(new id wl_region#109)
[16:11:03.975116] {Default Queue}  -> wl_region#109.add(0, 0, 1280, 720)
[16:11:03.975117]  -> wl_surface#81.set_opaque_region(wl_region#109)
[16:11:03.975118] {Default Queue}  -> wl_region#109.destroy()
[16:11:03.975119] {Default Queue}  -> wp_viewport#83.set_destination(1280, 720)
[16:11:03.975120]  -> wl_surface#81.attach(wl_buffer#108, 0, 0)
[16:11:03.975120]  -> wl_surface#81.damage_buffer(0, 0, 1280, 720)
[16:11:03.975121]  -> wl_surface#81.frame(new id wl_callback#110)
[16:11:03.975122] {Default Queue}  -> wp_presentation#23.feedback(wl_surface#81, new id wp_presentation_feedback#111)
[16:11:03.975123]  -> wl_surface#81.commit()
[16:11:03.975604] {Default Queue}  -> wl_shm#5.create_pool(new id wl_shm_pool#112, fd 18, 245760)
[16:11:03.975611] {Default Queue}  -> wl_shm_pool#112.create_buffer(new id wl_buffer#113, 0, 1280, 48, 5120, 0)
[16:11:03.975906] {Default Queue}  -> zwlr_layer_surface_v1#90.set_size(0, 48)
[16:11:03.975909] {Default Queue}  -> wl_compositor#4.create_region(new id wl_region#114)
[16:11:03.975910] {Default Queue}  -> wl_region#114.add(76, 4, 6, 40)
[16:11:03.975912]  -> wl_surface#76.set_opaque_region(wl_region#114)
[16:11:03.975913] {Default Queue}  -> wl_region#114.destroy()
[16:11:03.975914] {Default Queue}  -> wp_viewport#88.set_destination(1280, 48)
[16:11:03.975915]  -> wl_surface#76.attach(wl_buffer#113, 0, 0)
[16:11:03.975916]  -> wl_surface#76.damage_buffer(0, 0, 1280, 48)
[16:11:03.975916]  -> wl_surface#76.frame(new id wl_callback#115)
[16:11:03.975917] {Default Queue}  -> wp_presentation#23.feedback(wl_surface#76, new id wp_presentation_feedback#116)
[16:11:03.975918]  -> wl_surface#76.commit()
[16:11:03.975945] {Default Queue}  -> ext_background_effect_manager_v1#48.get_background_effect(new id ext_background_effect_surface_v1#117, wl_surface#76)
[16:11:03.975948] {Default Queue}  -> wl_compositor#46.create_region(new id wl_region#118)
[16:11:03.975961] {Default Queue}  -> wl_region#118.add(19, 4, 525, 1)
[16:11:03.975962] {Default Queue}  -> wl_region#118.add(574, 4, 132, 1)
[16:11:03.975963] {Default Queue}  -> wl_region#118.add(888, 4, 373, 1)
[16:11:03.975963] {Default Queue}  -> wl_region#118.add(17, 5, 529, 1)
[16:11:03.975964] {Default Queue}  -> wl_region#118.add(572, 5, 136, 1)
[16:11:03.975965] {Default Queue}  -> wl_region#118.add(886, 5, 377, 1)
[16:11:03.975965] {Default Queue}  -> wl_region#118.add(16, 6, 531, 1)
[16:11:03.975966] {Default Queue}  -> wl_region#118.add(571, 6, 138, 1)
[16:11:03.975966] {Default Queue}  -> wl_region#118.add(885, 6, 379, 1)
[16:11:03.975967] {Default Queue}  -> wl_region#118.add(15, 7, 533, 1)
[16:11:03.975968] {Default Queue}  -> wl_region#118.add(570, 7, 140, 1)
[16:11:03.975968] {Default Queue}  -> wl_region#118.add(884, 7, 381, 1)
[16:11:03.975969] {Default Queue}  -> wl_region#118.add(14, 8, 535, 1)
[16:11:03.975970] {Default Queue}  -> wl_region#118.add(569, 8, 142, 1)
[16:11:03.975970] {Default Queue}  -> wl_region#118.add(883, 8, 383, 1)
[16:11:03.975971] {Default Queue}  -> wl_region#118.add(13, 9, 537, 1)
[16:11:03.975972] {Default Queue}  -> wl_region#118.add(568, 9, 144, 1)
[16:11:03.975972] {Default Queue}  -> wl_region#118.add(882, 9, 385, 1)
[16:11:03.975973] {Default Queue}  -> wl_region#118.add(12, 10, 539, 2)
[16:11:03.975974] {Default Queue}  -> wl_region#118.add(567, 10, 146, 2)
[16:11:03.975974] {Default Queue}  -> wl_region#118.add(881, 10, 387, 2)
[16:11:03.975975] {Default Queue}  -> wl_region#118.add(11, 12, 541, 5)
[16:11:03.975976] {Default Queue}  -> wl_region#118.add(566, 12, 148, 5)
[16:11:03.975976] {Default Queue}  -> wl_region#118.add(880, 12, 389, 5)
[16:11:03.975977] {Default Queue}  -> wl_region#118.add(10, 17, 543, 14)
[16:11:03.975977] {Default Queue}  -> wl_region#118.add(565, 17, 150, 14)
[16:11:03.975978] {Default Queue}  -> wl_region#118.add(879, 17, 391, 14)
[16:11:03.975979] {Default Queue}  -> wl_region#118.add(11, 31, 541, 5)
[16:11:03.975979] {Default Queue}  -> wl_region#118.add(566, 31, 148, 5)
[16:11:03.975980] {Default Queue}  -> wl_region#118.add(880, 31, 389, 5)
[16:11:03.975981] {Default Queue}  -> wl_region#118.add(12, 36, 539, 2)
[16:11:03.975981] {Default Queue}  -> wl_region#118.add(567, 36, 146, 2)
[16:11:03.975982] {Default Queue}  -> wl_region#118.add(881, 36, 387, 2)
[16:11:03.975983] {Default Queue}  -> wl_region#118.add(13, 38, 537, 1)
[16:11:03.975983] {Default Queue}  -> wl_region#118.add(568, 38, 144, 1)
[16:11:03.975984] {Default Queue}  -> wl_region#118.add(882, 38, 385, 1)
[16:11:03.975984] {Default Queue}  -> wl_region#118.add(14, 39, 535, 1)
[16:11:03.975985] {Default Queue}  -> wl_region#118.add(569, 39, 142, 1)
[16:11:03.975986] {Default Queue}  -> wl_region#118.add(883, 39, 383, 1)
[16:11:03.975986] {Default Queue}  -> wl_region#118.add(15, 40, 533, 1)
[16:11:03.975987] {Default Queue}  -> wl_region#118.add(570, 40, 140, 1)
[16:11:03.975988] {Default Queue}  -> wl_region#118.add(884, 40, 381, 1)
[16:11:03.975988] {Default Queue}  -> wl_region#118.add(16, 41, 531, 1)
[16:11:03.975989] {Default Queue}  -> wl_region#118.add(571, 41, 138, 1)
[16:11:03.975989] {Default Queue}  -> wl_region#118.add(885, 41, 379, 1)
[16:11:03.975990] {Default Queue}  -> wl_region#118.add(17, 42, 529, 1)
[16:11:03.975991] {Default Queue}  -> wl_region#118.add(572, 42, 136, 1)
[16:11:03.975991] {Default Queue}  -> wl_region#118.add(886, 42, 377, 1)
[16:11:03.975992] {Default Queue}  -> wl_region#118.add(19, 43, 525, 1)
[16:11:03.975993] {Default Queue}  -> wl_region#118.add(574, 43, 132, 1)
[16:11:03.975993] {Default Queue}  -> wl_region#118.add(888, 43, 373, 1)
[16:11:03.975994] {Default Queue}  -> ext_background_effect_surface_v1#117.set_blur_region(wl_region#118)
[16:11:03.975995] {Default Queue}  -> wl_region#118.destroy()
[16:11:03.976024] {Display Queue} wl_display#1.delete_id(91)
[16:11:03.976026] {Display Queue} wl_display#1.delete_id(93)
[16:11:03.976026] {Display Queue} wl_display#1.delete_id(98)
[16:11:03.976027] {Display Queue} wl_display#1.delete_id(102)
[16:11:03.976027] {Default Queue} zwlr_layer_surface_v1#75.configure(16, 1280, 200)
[16:11:03.976032] {Default Queue}  -> zwlr_layer_surface_v1#75.ack_configure(16)
[16:11:03.976032] {Default Queue} zwlr_layer_surface_v1#69.configure(17, 1280, 720)
[16:11:03.976034] {Default Queue}  -> zwlr_layer_surface_v1#69.ack_configure(17)
[16:11:03.976034] {Default Queue} zwlr_layer_surface_v1#80.configure(18, 200, 200)
[16:11:03.976037] {Default Queue}  -> zwlr_layer_surface_v1#80.ack_configure(18)
[16:11:03.976038] {Default Queue} wp_fractional_scale_v1#66.preferred_scale(120)
[16:11:03.976039] {Default Queue} wl_buffer#92.release()
[16:11:03.976040] {Default Queue} zwlr_layer_surface_v1#75.configure(19, 1280, 48)
[16:11:03.976041] {Default Queue}  -> zwlr_layer_surface_v1#75.ack_configure(19)
[16:11:03.976041] {Default Queue} zwlr_layer_surface_v1#69.configure(20, 1280, 720)
[16:11:03.976042] {Default Queue}  -> zwlr_layer_surface_v1#69.ack_configure(20)
[16:11:03.976043] {Default Queue} zwlr_layer_surface_v1#80.configure(21, 200, 200)
[16:11:03.976043] {Default Queue}  -> zwlr_layer_surface_v1#80.ack_configure(21)
[16:11:03.976044] {Default Queue} wp_fractional_scale_v1#72.preferred_scale(120)
[16:11:03.976044] {Default Queue} zwlr_layer_surface_v1#75.configure(22, 1280, 48)
[16:11:03.976045] {Default Queue}  -> zwlr_layer_surface_v1#75.ack_configure(22)
[16:11:03.976046] {Default Queue} zwlr_layer_surface_v1#69.configure(23, 1280, 720)
[16:11:03.976047] {Default Queue}  -> zwlr_layer_surface_v1#69.ack_configure(23)
[16:11:03.976047] {Default Queue} zwlr_layer_surface_v1#80.configure(24, 200, 200)
[16:11:03.976048] {Default Queue}  -> zwlr_layer_surface_v1#80.ack_configure(24)
[16:11:03.976048] {Default Queue} wl_buffer#97.release()
[16:11:03.976049] wl_surface#71.enter(wl_output#63)
[16:11:03.976089] wl_surface#71.enter(wl_output#31)
[16:11:03.976099] wl_surface#71.preferred_buffer_scale(1)
[16:11:03.976100] wl_surface#65.enter(wl_output#63)
[16:11:03.976102] wl_surface#65.enter(wl_output#31)
[16:11:03.976103] wl_surface#65.preferred_buffer_scale(1)
[16:11:03.977722] {Display Queue} wl_display#1.delete_id(109)
[16:11:03.977726] {Display Queue} wl_display#1.delete_id(114)
[16:11:03.977727] {Display Queue} wl_display#1.delete_id(118)
[16:11:03.977728] {Default Queue} zwlr_layer_surface_v1#75.configure(26, 1280, 48)
[16:11:03.977733] {Default Queue}  -> zwlr_layer_surface_v1#75.ack_configure(26)
[16:11:03.977734] {Default Queue} zwlr_layer_surface_v1#69.configure(27, 1280, 720)
[16:11:03.977735] {Default Queue}  -> zwlr_layer_surface_v1#69.ack_configure(27)
[16:11:03.977736] {Default Queue} zwlr_layer_surface_v1#80.configure(28, 88, 2)
[16:11:03.977739] {Default Queue}  -> zwlr_layer_surface_v1#80.ack_configure(28)
[16:11:03.977740] {Default Queue} wp_fractional_scale_v1#77.preferred_scale(120)
[16:11:03.977740] {Default Queue} zwlr_layer_surface_v1#75.configure(29, 1280, 48)
[16:11:03.977741] {Default Queue}  -> zwlr_layer_surface_v1#75.ack_configure(29)
[16:11:03.977742] {Default Queue} zwlr_layer_surface_v1#69.configure(30, 1280, 720)
[16:11:03.977742] {Default Queue}  -> zwlr_layer_surface_v1#69.ack_configure(30)
[16:11:03.977743] {Default Queue} zwlr_layer_surface_v1#80.configure(31, 88, 2)
[16:11:03.977744] {Default Queue}  -> zwlr_layer_surface_v1#80.ack_configure(31)
[16:11:03.977744] {Default Queue} wl_buffer#104.release()
[16:11:03.977745] {Default Queue} zwlr_layer_surface_v1#90.configure(32, 1280, 200)
[16:11:03.977747] {Default Queue}  -> zwlr_layer_surface_v1#90.ack_configure(32)
[16:11:03.977747] {Default Queue} zwlr_layer_surface_v1#85.configure(33, 1280, 720)
[16:11:03.977748] {Default Queue}  -> zwlr_layer_surface_v1#85.ack_configure(33)
[16:11:03.977749] {Default Queue} wp_fractional_scale_v1#82.preferred_scale(120)
[16:11:03.977749] {Default Queue} wl_buffer#108.release()
[16:11:03.977750] {Default Queue} zwlr_layer_surface_v1#90.configure(34, 1280, 48)
[16:11:03.977750] {Default Queue}  -> zwlr_layer_surface_v1#90.ack_configure(34)
[16:11:03.977751] {Default Queue} zwlr_layer_surface_v1#85.configure(35, 1280, 720)
[16:11:03.977752] {Default Queue}  -> zwlr_layer_surface_v1#85.ack_configure(35)
[16:11:03.977752] {Default Queue} wp_fractional_scale_v1#87.preferred_scale(120)
[16:11:03.977753] {Default Queue} zwlr_layer_surface_v1#90.configure(36, 1280, 48)
[16:11:03.977753] {Default Queue}  -> zwlr_layer_surface_v1#90.ack_configure(36)
[16:11:03.977754] {Default Queue} zwlr_layer_surface_v1#85.configure(37, 1280, 720)
[16:11:03.977755] {Default Queue}  -> zwlr_layer_surface_v1#85.ack_configure(37)
[16:11:03.977755] {Default Queue} wl_buffer#113.release()
[16:11:03.977756] wl_surface#76.enter(wl_output#64)
[16:11:03.977785] wl_surface#76.enter(wl_output#34)
[16:11:03.977794] wl_surface#76.preferred_buffer_scale(1)
[16:11:03.977795] wl_surface#81.enter(wl_output#64)
[16:11:03.977797] wl_surface#81.enter(wl_output#34)
[16:11:03.977798] wl_surface#81.preferred_buffer_scale(1)
[16:11:03.977798] wl_surface#70.enter(wl_output#63)
[16:11:03.977799] wl_surface#70.enter(wl_output#31)
[16:11:03.977800] wl_surface#70.preferred_buffer_scale(1)
[16:11:03.991855] {Display Queue} wl_display#1.delete_id(94)
[16:11:03.991863] {Display Queue} wl_display#1.delete_id(99)
[16:11:03.991864] {Display Queue} wl_display#1.delete_id(105)
[16:11:03.991865] {Display Queue} wl_display#1.delete_id(95)
[16:11:03.991865] {Display Queue} wl_display#1.delete_id(100)
[16:11:03.991866] {Display Queue} wl_display#1.delete_id(106)
[16:11:03.991867] {Default Queue} wl_callback#94.done(15892106)
[16:11:03.991877] {Default Queue} wl_callback#99.done(15892106)
[16:11:03.991879] {Default Queue} wl_callback#105.done(15892106)
[16:11:03.991881] {Default Queue} wp_presentation_feedback#95.sync_output(wl_output#63)
[16:11:03.991882] {Default Queue} wp_presentation_feedback#95.sync_output(wl_output#31)
[16:11:03.991882] {Default Queue} wp_presentation_feedback#95.presented(0, 15892, 106904196, 0, 0, 0, 0)
[16:11:03.991885] {Default Queue} wp_presentation_feedback#100.sync_output(wl_output#63)
[16:11:03.991886] {Default Queue} wp_presentation_feedback#100.sync_output(wl_output#31)
[16:11:03.991886] {Default Queue} wp_presentation_feedback#100.presented(0, 15892, 106904196, 0, 0, 0, 0)
[16:11:03.991888] {Default Queue} wp_presentation_feedback#106.sync_output(wl_output#63)
[16:11:03.991888] {Default Queue} wp_presentation_feedback#106.sync_output(wl_output#31)
[16:11:03.991889] {Default Queue} wp_presentation_feedback#106.presented(0, 15892, 106904196, 0, 0, 0, 0)
[16:11:03.991891] wl_surface#70.preferred_buffer_transform(0)
[16:11:03.991892] wl_surface#71.preferred_buffer_transform(0)
[16:11:03.991893] wl_surface#65.preferred_buffer_transform(0)
[16:11:03.991973] {Default Queue}  -> wl_compositor#4.create_region(new id wl_region#106)
[16:11:03.991975]  -> wl_surface#65.set_input_region(wl_region#106)
[16:11:03.991976] {Default Queue}  -> wl_region#106.destroy()
[16:11:03.991978]  -> wl_surface#65.attach(wl_buffer#92, 0, 0)
[16:11:03.991979]  -> wl_surface#65.frame(new id wl_callback#100)
[16:11:03.991981] {Default Queue}  -> wp_presentation#23.feedback(wl_surface#65, new id wp_presentation_feedback#95)
[16:11:03.991982]  -> wl_surface#65.commit()
[16:11:03.992063] {Default Queue}  -> wl_compositor#4.create_region(new id wl_region#105)
[16:11:03.992064] {Default Queue}  -> wl_region#105.add(19, 4, 641, 1)
[16:11:03.992065] {Default Queue}  -> wl_region#105.add(690, 4, 132, 1)
[16:11:03.992066] {Default Queue}  -> wl_region#105.add(888, 4, 373, 1)
[16:11:03.992067] {Default Queue}  -> wl_region#105.add(17, 5, 645, 1)
[16:11:03.992068] {Default Queue}  -> wl_region#105.add(688, 5, 136, 1)
[16:11:03.992068] {Default Queue}  -> wl_region#105.add(886, 5, 377, 1)
[16:11:03.992069] {Default Queue}  -> wl_region#105.add(16, 6, 647, 1)
[16:11:03.992070] {Default Queue}  -> wl_region#105.add(687, 6, 138, 1)
[16:11:03.992070] {Default Queue}  -> wl_region#105.add(885, 6, 379, 1)
[16:11:03.992071] {Default Queue}  -> wl_region#105.add(15, 7, 649, 1)
[16:11:03.992072] {Default Queue}  -> wl_region#105.add(686, 7, 140, 1)
[16:11:03.992072] {Default Queue}  -> wl_region#105.add(884, 7, 381, 1)
[16:11:03.992073] {Default Queue}  -> wl_region#105.add(14, 8, 651, 1)
[16:11:03.992074] {Default Queue}  -> wl_region#105.add(685, 8, 142, 1)
[16:11:03.992074] {Default Queue}  -> wl_region#105.add(883, 8, 383, 1)
[16:11:03.992075] {Default Queue}  -> wl_region#105.add(13, 9, 653, 1)
[16:11:03.992076] {Default Queue}  -> wl_region#105.add(684, 9, 144, 1)
[16:11:03.992076] {Default Queue}  -> wl_region#105.add(882, 9, 385, 1)
[16:11:03.992077] {Default Queue}  -> wl_region#105.add(12, 10, 655, 2)
[16:11:03.992078] {Default Queue}  -> wl_region#105.add(683, 10, 146, 2)
[16:11:03.992078] {Default Queue}  -> wl_region#105.add(881, 10, 387, 2)
[16:11:03.992079] {Default Queue}  -> wl_region#105.add(11, 12, 657, 5)
[16:11:03.992079] {Default Queue}  -> wl_region#105.add(682, 12, 148, 5)
[16:11:03.992080] {Default Queue}  -> wl_region#105.add(880, 12, 389, 5)
[16:11:03.992081] {Default Queue}  -> wl_region#105.add(10, 17, 659, 14)
[16:11:03.992081] {Default Queue}  -> wl_region#105.add(681, 17, 150, 14)
[16:11:03.992082] {Default Queue}  -> wl_region#105.add(879, 17, 391, 14)
[16:11:03.992083] {Default Queue}  -> wl_region#105.add(11, 31, 657, 5)
[16:11:03.992083] {Default Queue}  -> wl_region#105.add(682, 31, 148, 5)
[16:11:03.992084] {Default Queue}  -> wl_region#105.add(880, 31, 389, 5)
[16:11:03.992084] {Default Queue}  -> wl_region#105.add(12, 36, 655, 2)
[16:11:03.992085] {Default Queue}  -> wl_region#105.add(683, 36, 146, 2)
[16:11:03.992086] {Default Queue}  -> wl_region#105.add(881, 36, 387, 2)
[16:11:03.992086] {Default Queue}  -> wl_region#105.add(13, 38, 653, 1)
[16:11:03.992087] {Default Queue}  -> wl_region#105.add(684, 38, 144, 1)
[16:11:03.992087] {Default Queue}  -> wl_region#105.add(882, 38, 385, 1)
[16:11:03.992088] {Default Queue}  -> wl_region#105.add(14, 39, 651, 1)
[16:11:03.992089] {Default Queue}  -> wl_region#105.add(685, 39, 142, 1)
[16:11:03.992089] {Default Queue}  -> wl_region#105.add(883, 39, 383, 1)
[16:11:03.992090] {Default Queue}  -> wl_region#105.add(15, 40, 649, 1)
[16:11:03.992091] {Default Queue}  -> wl_region#105.add(686, 40, 140, 1)
[16:11:03.992091] {Default Queue}  -> wl_region#105.add(884, 40, 381, 1)
[16:11:03.992092] {Default Queue}  -> wl_region#105.add(16, 41, 647, 1)
[16:11:03.992092] {Default Queue}  -> wl_region#105.add(687, 41, 138, 1)
[16:11:03.992093] {Default Queue}  -> wl_region#105.add(885, 41, 379, 1)
[16:11:03.992094] {Default Queue}  -> wl_region#105.add(17, 42, 645, 1)
[16:11:03.992094] {Default Queue}  -> wl_region#105.add(688, 42, 136, 1)
[16:11:03.992095] {Default Queue}  -> wl_region#105.add(886, 42, 377, 1)
[16:11:03.992095] {Default Queue}  -> wl_region#105.add(19, 43, 641, 1)
[16:11:03.992096] {Default Queue}  -> wl_region#105.add(690, 43, 132, 1)
[16:11:03.992097] {Default Queue}  -> wl_region#105.add(888, 43, 373, 1)
[16:11:03.992097]  -> wl_surface#71.set_input_region(wl_region#105)
[16:11:03.992098] {Default Queue}  -> wl_region#105.destroy()
[16:11:03.992099]  -> wl_surface#71.attach(wl_buffer#97, 0, 0)
[16:11:03.992100]  -> wl_surface#71.frame(new id wl_callback#99)
[16:11:03.992100] {Default Queue}  -> wp_presentation#23.feedback(wl_surface#71, new id wp_presentation_feedback#94)
[16:11:03.992101]  -> wl_surface#71.commit()
[16:11:03.992130]  -> wl_surface#70.attach(wl_buffer#104, 0, 0)
[16:11:03.992131]  -> wl_surface#70.frame(new id wl_callback#118)
[16:11:03.992131] {Default Queue}  -> wp_presentation#23.feedback(wl_surface#70, new id wp_presentation_feedback#114)
[16:11:03.992132]  -> wl_surface#70.commit()
[16:11:03.992142] {Display Queue} wl_display#1.delete_id(110)
[16:11:03.992142] {Display Queue} wl_display#1.delete_id(115)
[16:11:03.992143] {Display Queue} wl_display#1.delete_id(111)
[16:11:03.992144] {Display Queue} wl_display#1.delete_id(116)
[16:11:03.992144] {Default Queue} wl_callback#110.done(15892107)
[16:11:03.992146] {Default Queue} wl_callback#115.done(15892107)
[16:11:03.992147] {Default Queue} wp_presentation_feedback#111.sync_output(wl_output#64)
[16:11:03.992148] {Default Queue} wp_presentation_feedback#111.sync_output(wl_output#34)
[16:11:03.992148] {Default Queue} wp_presentation_feedback#111.presented(0, 15892, 107075938, 0, 0, 0, 0)
[16:11:03.992150] {Default Queue} wp_presentation_feedback#116.sync_output(wl_output#64)
[16:11:03.992150] {Default Queue} wp_presentation_feedback#116.sync_output(wl_output#34)
[16:11:03.992151] {Default Queue} wp_presentation_feedback#116.presented(0, 15892, 107075938, 0, 0, 0, 0)
[16:11:03.992152] wl_surface#76.preferred_buffer_transform(0)
[16:11:03.992153] wl_surface#81.preferred_buffer_transform(0)
[16:11:03.992163] {Default Queue}  -> wl_compositor#4.create_region(new id wl_region#116)
[16:11:03.992164]  -> wl_surface#81.set_input_region(wl_region#116)
[16:11:03.992165] {Default Queue}  -> wl_region#116.destroy()
[16:11:03.992165]  -> wl_surface#81.attach(wl_buffer#108, 0, 0)
[16:11:03.992166]  -> wl_surface#81.frame(new id wl_callback#111)
[16:11:03.992167] {Default Queue}  -> wp_presentation#23.feedback(wl_surface#81, new id wp_presentation_feedback#115)
[16:11:03.992167]  -> wl_surface#81.commit()
[16:11:03.992207] {Default Queue}  -> wl_compositor#4.create_region(new id wl_region#110)
[16:11:03.992208] {Default Queue}  -> wl_region#110.add(19, 4, 525, 1)
[16:11:03.992209] {Default Queue}  -> wl_region#110.add(574, 4, 132, 1)
[16:11:03.992210] {Default Queue}  -> wl_region#110.add(888, 4, 373, 1)
[16:11:03.992210] {Default Queue}  -> wl_region#110.add(17, 5, 529, 1)
[16:11:03.992211] {Default Queue}  -> wl_region#110.add(572, 5, 136, 1)
[16:11:03.992211] {Default Queue}  -> wl_region#110.add(886, 5, 377, 1)
[16:11:03.992212] {Default Queue}  -> wl_region#110.add(16, 6, 531, 1)
[16:11:03.992213] {Default Queue}  -> wl_region#110.add(571, 6, 138, 1)
[16:11:03.992214] {Default Queue}  -> wl_region#110.add(885, 6, 379, 1)
[16:11:03.992214] {Default Queue}  -> wl_region#110.add(15, 7, 533, 1)
[16:11:03.992215] {Default Queue}  -> wl_region#110.add(570, 7, 140, 1)
[16:11:03.992216] {Default Queue}  -> wl_region#110.add(884, 7, 381, 1)
[16:11:03.992216] {Default Queue}  -> wl_region#110.add(14, 8, 535, 1)
[16:11:03.992217] {Default Queue}  -> wl_region#110.add(569, 8, 142, 1)
[16:11:03.992218] {Default Queue}  -> wl_region#110.add(883, 8, 383, 1)
[16:11:03.992218] {Default Queue}  -> wl_region#110.add(13, 9, 537, 1)
[16:11:03.992219] {Default Queue}  -> wl_region#110.add(568, 9, 144, 1)
[16:11:03.992219] {Default Queue}  -> wl_region#110.add(882, 9, 385, 1)
[16:11:03.992220] {Default Queue}  -> wl_region#110.add(12, 10, 539, 2)
[16:11:03.992221] {Default Queue}  -> wl_region#110.add(567, 10, 146, 2)
[16:11:03.992221] {Default Queue}  -> wl_region#110.add(881, 10, 387, 2)
[16:11:03.992222] {Default Queue}  -> wl_region#110.add(11, 12, 541, 5)
[16:11:03.992223] {Default Queue}  -> wl_region#110.add(566, 12, 148, 5)
[16:11:03.992223] {Default Queue}  -> wl_region#110.add(880, 12, 389, 5)
[16:11:03.992224] {Default Queue}  -> wl_region#110.add(10, 17, 543, 14)
[16:11:03.992224] {Default Queue}  -> wl_region#110.add(565, 17, 150, 14)
[16:11:03.992225] {Default Queue}  -> wl_region#110.add(879, 17, 391, 14)
[16:11:03.992226] {Default Queue}  -> wl_region#110.add(11, 31, 541, 5)
[16:11:03.992226] {Default Queue}  -> wl_region#110.add(566, 31, 148, 5)
[16:11:03.992227] {Default Queue}  -> wl_region#110.add(880, 31, 389, 5)
[16:11:03.992228] {Default Queue}  -> wl_region#110.add(12, 36, 539, 2)
[16:11:03.992228] {Default Queue}  -> wl_region#110.add(567, 36, 146, 2)
[16:11:03.992229] {Default Queue}  -> wl_region#110.add(881, 36, 387, 2)
[16:11:03.992229] {Default Queue}  -> wl_region#110.add(13, 38, 537, 1)
[16:11:03.992230] {Default Queue}  -> wl_region#110.add(568, 38, 144, 1)
[16:11:03.992231] {Default Queue}  -> wl_region#110.add(882, 38, 385, 1)
[16:11:03.992231] {Default Queue}  -> wl_region#110.add(14, 39, 535, 1)
[16:11:03.992232] {Default Queue}  -> wl_region#110.add(569, 39, 142, 1)
[16:11:03.992233] {Default Queue}  -> wl_region#110.add(883, 39, 383, 1)
[16:11:03.992233] {Default Queue}  -> wl_region#110.add(15, 40, 533, 1)
[16:11:03.992234] {Default Queue}  -> wl_region#110.add(570, 40, 140, 1)
[16:11:03.992234] {Default Queue}  -> wl_region#110.add(884, 40, 381, 1)
[16:11:03.992235] {Default Queue}  -> wl_region#110.add(16, 41, 531, 1)
[16:11:03.992236] {Default Queue}  -> wl_region#110.add(571, 41, 138, 1)
[16:11:03.992236] {Default Queue}  -> wl_region#110.add(885, 41, 379, 1)
[16:11:03.992237] {Default Queue}  -> wl_region#110.add(17, 42, 529, 1)
[16:11:03.992238] {Default Queue}  -> wl_region#110.add(572, 42, 136, 1)
[16:11:03.992238] {Default Queue}  -> wl_region#110.add(886, 42, 377, 1)
[16:11:03.992239] {Default Queue}  -> wl_region#110.add(19, 43, 525, 1)
[16:11:03.992239] {Default Queue}  -> wl_region#110.add(574, 43, 132, 1)
[16:11:03.992240] {Default Queue}  -> wl_region#110.add(888, 43, 373, 1)
[16:11:03.992241]  -> wl_surface#76.set_input_region(wl_region#110)
[16:11:03.992241] {Default Queue}  -> wl_region#110.destroy()
[16:11:03.992242]  -> wl_surface#76.attach(wl_buffer#113, 0, 0)
[16:11:03.992242]  -> wl_surface#76.frame(new id wl_callback#109)
[16:11:03.992243] {Default Queue}  -> wp_presentation#23.feedback(wl_surface#76, new id wp_presentation_feedback#102)
[16:11:03.992247]  -> wl_surface#76.commit()
[16:11:03.992256] {Display Queue} wl_display#1.delete_id(106)
[16:11:03.992257] {Display Queue} wl_display#1.delete_id(105)
[16:11:03.992258] {Default Queue} wl_buffer#92.release()
[16:11:03.992258] {Default Queue} wl_buffer#97.release()
[16:11:03.992259] {Default Queue} wl_buffer#104.release()
[16:11:03.992438] {Display Queue} wl_display#1.delete_id(116)
[16:11:03.992440] {Display Queue} wl_display#1.delete_id(110)
[16:11:03.992440] {Default Queue} wl_buffer#108.release()
[16:11:03.992441] {Default Queue} wl_buffer#113.release()
[16:11:03.999078] {Default Queue}  -> wl_compositor#4.create_surface(new id wl_surface#110)
[16:11:03.999086] {Default Queue}  -> wp_fractional_scale_manager_v1#11.get_fractional_scale(new id wp_fractional_scale_v1#116, wl_surface#110)
[16:11:03.999088] {Default Queue}  -> wp_viewporter#10.get_viewport(new id wp_viewport#105, wl_surface#110)
[16:11:03.999112] {Default Queue}  -> xdg_toplevel_icon_manager_v1#9.create_icon(new id xdg_toplevel_icon_v1#106)
[16:11:03.999128] {Default Queue}  -> zwlr_layer_shell_v1#49.get_layer_surface(new id zwlr_layer_surface_v1#98, wl_surface#110, wl_output#31, 3, "pearl:popup")
[16:11:03.999131] {Default Queue}  -> zwlr_layer_surface_v1#98.set_keyboard_interactivity(1)
[16:11:03.999132] {Default Queue}  -> zwlr_layer_surface_v1#98.set_exclusive_zone(0)
[16:11:03.999133] {Default Queue}  -> zwlr_layer_surface_v1#98.set_anchor(15)
[16:11:03.999134] {Default Queue}  -> zwlr_layer_surface_v1#98.set_margin(0, 0, 0, 0)
[16:11:03.999135] {Default Queue}  -> zwlr_layer_surface_v1#98.set_size(0, 0)
[16:11:03.999141]  -> wl_surface#110.commit()
[16:11:03.999253] {Default Queue}  -> ext_background_effect_manager_v1#48.get_background_effect(new id ext_background_effect_surface_v1#93, wl_surface#110)
[16:11:03.999256] {Default Queue}  -> wl_compositor#46.create_region(new id wl_region#91)
[16:11:03.999264] {Default Queue}  -> wl_region#91.add(-11, -20, 22, 1)
[16:11:03.999266] {Default Queue}  -> wl_region#91.add(-13, -19, 26, 1)
[16:11:03.999266] {Default Queue}  -> wl_region#91.add(-14, -18, 28, 1)
[16:11:03.999267] {Default Queue}  -> wl_region#91.add(-15, -17, 30, 1)
[16:11:03.999268] {Default Queue}  -> wl_region#91.add(-16, -16, 32, 1)
[16:11:03.999268] {Default Queue}  -> wl_region#91.add(-17, -15, 34, 1)
[16:11:03.999269] {Default Queue}  -> wl_region#91.add(-18, -14, 36, 2)
[16:11:03.999270] {Default Queue}  -> wl_region#91.add(-19, -12, 38, 5)
[16:11:03.999270] {Default Queue}  -> wl_region#91.add(-20, -7, 40, 14)
[16:11:03.999271] {Default Queue}  -> wl_region#91.add(-19, 7, 38, 5)
[16:11:03.999272] {Default Queue}  -> wl_region#91.add(-18, 12, 36, 2)
[16:11:03.999272] {Default Queue}  -> wl_region#91.add(-17, 14, 34, 1)
[16:11:03.999273] {Default Queue}  -> wl_region#91.add(-16, 15, 32, 1)
[16:11:03.999273] {Default Queue}  -> wl_region#91.add(-15, 16, 30, 1)
[16:11:03.999274] {Default Queue}  -> wl_region#91.add(-14, 17, 28, 1)
[16:11:03.999275] {Default Queue}  -> wl_region#91.add(-13, 18, 26, 1)
[16:11:03.999275] {Default Queue}  -> wl_region#91.add(-11, 19, 22, 1)
[16:11:03.999276] {Default Queue}  -> ext_background_effect_surface_v1#93.set_blur_region(wl_region#91)
[16:11:03.999277] {Default Queue}  -> wl_region#91.destroy()
[16:11:03.999341] {Default Queue}  -> wl_display#1.get_registry(new id wl_registry#119)
[16:11:03.999352] {Default Queue}  -> xdg_activation_v1#15.get_activation_token(new id xdg_activation_token_v1#120)
[16:11:03.999354]  -> xdg_activation_token_v1#120.set_serial(0, wl_seat#3)
[16:11:03.999356]  -> xdg_activation_token_v1#120.commit()
[16:11:03.999481] {Display Queue} wl_display#1.delete_id(91)
[16:11:03.999526] xdg_activation_token_v1#120.done("b74524fe21eb8b22128819f93880a0c8")
[16:11:03.999528]  -> xdg_activation_token_v1#120.destroy()
[16:11:03.999528] {Default Queue}  -> xdg_activation_v1#15.activate("b74524fe21eb8b22128819f93880a0c8", wl_surface#110)
info: event=popup-opened output=1
[16:11:03.999563] {Default Queue} zwlr_layer_surface_v1#75.configure(38, 1280, 48)
[16:11:03.999568] {Default Queue}  -> zwlr_layer_surface_v1#75.ack_configure(38)
[16:11:03.999570] {Default Queue} zwlr_layer_surface_v1#69.configure(39, 1280, 720)
[16:11:03.999571] {Default Queue}  -> zwlr_layer_surface_v1#69.ack_configure(39)
[16:11:03.999572] {Default Queue} zwlr_layer_surface_v1#80.configure(40, 88, 2)
[16:11:03.999576] {Default Queue}  -> zwlr_layer_surface_v1#80.ack_configure(40)
[16:11:03.999576] {Default Queue} zwlr_layer_surface_v1#98.configure(41, 1280, 672)
[16:11:03.999580] {Default Queue}  -> zwlr_layer_surface_v1#98.ack_configure(41)
[16:11:03.999581] {Default Queue} wl_registry#119.global(1, "wl_compositor", 6)
[16:11:03.999582] {Default Queue} wl_registry#119.global(2, "wl_fixes", 1)
[16:11:03.999583] {Default Queue} wl_registry#119.global(3, "wp_security_context_manager_v1", 1)
[16:11:03.999583] {Default Queue} wl_registry#119.global(4, "wl_shm", 2)
[16:11:03.999584] {Default Queue} wl_registry#119.global(5, "wp_single_pixel_buffer_manager_v1", 1)
[16:11:03.999585] {Default Queue} wl_registry#119.global(6, "wp_alpha_modifier_v1", 1)
[16:11:03.999585] {Default Queue} wl_registry#119.global(7, "wp_color_representation_manager_v1", 1)
[16:11:03.999586] {Default Queue} wl_registry#119.global(8, "wp_content_type_manager_v1", 1)
[16:11:03.999586] {Default Queue} wl_registry#119.global(9, "wp_fifo_manager_v1", 1)
[16:11:03.999587] {Default Queue} wl_registry#119.global(10, "wp_commit_timing_manager_v1", 1)
[16:11:03.999588] {Default Queue} wl_registry#119.global(11, "xdg_wm_dialog_v1", 1)
[16:11:03.999588] {Default Queue} wl_registry#119.global(12, "xdg_toplevel_drag_manager_v1", 1)
[16:11:03.999589] {Default Queue} wl_registry#119.global(13, "xdg_toplevel_icon_manager_v1", 1)
[16:11:03.999590] {Default Queue} wl_registry#119.global(14, "xdg_toplevel_tag_manager_v1", 1)
[16:11:03.999590] {Default Queue} wl_registry#119.global(15, "wp_viewporter", 1)
[16:11:03.999591] {Default Queue} wl_registry#119.global(16, "wp_fractional_scale_manager_v1", 1)
[16:11:03.999591] {Default Queue} wl_registry#119.global(17, "wl_subcompositor", 1)
[16:11:03.999592] {Default Queue} wl_registry#119.global(18, "wp_cursor_shape_manager_v1", 2)
[16:11:03.999592] {Default Queue} wl_registry#119.global(19, "xdg_wm_base", 7)
[16:11:03.999593] {Default Queue} wl_registry#119.global(20, "zxdg_decoration_manager_v1", 1)
[16:11:03.999594] {Default Queue} wl_registry#119.global(21, "org_kde_kwin_server_decoration_manager", 1)
[16:11:03.999594] {Default Queue} wl_registry#119.global(22, "xdg_activation_v1", 1)
[16:11:03.999595] {Default Queue} wl_registry#119.global(23, "zxdg_exporter_v2", 1)
[16:11:03.999595] {Default Queue} wl_registry#119.global(24, "zxdg_importer_v2", 1)
[16:11:03.999596] {Default Queue} wl_registry#119.global(25, "wl_data_device_manager", 3)
[16:11:03.999597] {Default Queue} wl_registry#119.global(26, "zwp_primary_selection_device_manager_v1", 1)
[16:11:03.999597] {Default Queue} wl_registry#119.global(27, "ext_data_control_manager_v1", 1)
[16:11:03.999598] {Default Queue} wl_registry#119.global(28, "zwlr_data_control_manager_v1", 2)
[16:11:03.999598] {Default Queue} wl_registry#119.global(29, "zwlr_export_dmabuf_manager_v1", 1)
[16:11:03.999599] {Default Queue} wl_registry#119.global(30, "zwlr_screencopy_manager_v1", 3)
[16:11:03.999600] {Default Queue} wl_registry#119.global(31, "ext_image_copy_capture_manager_v1", 1)
[16:11:03.999600] {Default Queue} wl_registry#119.global(32, "aqueous_capture_color_manager_v1", 1)
[16:11:03.999601] {Default Queue} wl_registry#119.global(33, "ext_output_image_capture_source_manager_v1", 1)
[16:11:03.999602] {Default Queue} wl_registry#119.global(34, "zwlr_foreign_toplevel_manager_v1", 3)
[16:11:03.999602] {Default Queue} wl_registry#119.global(35, "ext_foreign_toplevel_list_v1", 1)
[16:11:03.999603] {Default Queue} wl_registry#119.global(36, "ext_foreign_toplevel_image_capture_source_manager_v1", 1)
[16:11:03.999603] {Default Queue} wl_registry#119.global(37, "wp_tearing_control_manager_v1", 1)
[16:11:03.999604] {Default Queue} wl_registry#119.global(38, "zwp_linux_dmabuf_v1", 5)
[16:11:03.999605] {Default Queue} wl_registry#119.global(39, "wp_linux_drm_syncobj_manager_v1", 1)
[16:11:03.999605] {Default Queue} wl_registry#119.global(40, "wp_color_manager_v1", 3)
[16:11:03.999606] {Default Queue} wl_registry#119.global(41, "aqueous_window_manager_v1", 10)
[16:11:03.999606] {Default Queue} wl_registry#119.global(42, "ext_workspace_manager_v1", 1)
[16:11:03.999607] {Default Queue} wl_registry#119.global(43, "aqueous_window_info_manager_v1", 8)
[16:11:03.999607] {Default Queue} wl_registry#119.global(44, "aqueous_xkb_bindings_v1", 3)
[16:11:03.999608] {Default Queue} wl_registry#119.global(45, "aqueous_layer_shell_v1", 1)
[16:11:03.999609] {Default Queue} wl_registry#119.global(46, "zwlr_layer_shell_v1", 4)
[16:11:03.999609] {Default Queue} wl_registry#119.global(47, "zwlr_gamma_control_manager_v1", 1)
[16:11:03.999610] {Default Queue} wl_registry#119.global(48, "wp_presentation", 2)
[16:11:03.999611] {Default Queue} wl_registry#119.global(49, "zxdg_output_manager_v1", 3)
[16:11:03.999611] {Default Queue} wl_registry#119.global(50, "zwlr_output_manager_v1", 4)
[16:11:03.999612] {Default Queue} wl_registry#119.global(51, "zwlr_output_power_manager_v1", 1)
[16:11:03.999612] {Default Queue} wl_registry#119.global(52, "aqueous_input_manager_v1", 2)
[16:11:03.999613] {Default Queue} wl_registry#119.global(53, "ext_idle_notifier_v1", 2)
[16:11:03.999614] {Default Queue} wl_registry#119.global(54, "zwp_relative_pointer_manager_v1", 1)
[16:11:03.999614] {Default Queue} wl_registry#119.global(55, "zwp_pointer_gestures_v1", 3)
[16:11:03.999615] {Default Queue} wl_registry#119.global(56, "zwlr_virtual_pointer_manager_v1", 2)
[16:11:03.999615] {Default Queue} wl_registry#119.global(57, "zwp_virtual_keyboard_manager_v1", 1)
[16:11:03.999616] {Default Queue} wl_registry#119.global(58, "zwp_pointer_constraints_v1", 1)
[16:11:03.999617] {Default Queue} wl_registry#119.global(59, "zwp_input_method_manager_v2", 1)
[16:11:03.999617] {Default Queue} wl_registry#119.global(60, "zwp_text_input_manager_v3", 1)
[16:11:03.999618] {Default Queue}  -> wl_registry#119.bind(60, "zwp_text_input_manager_v3", 1, new id [unknown]#91)
[16:11:03.999620] {Default Queue}  -> zwp_text_input_manager_v3#91.get_text_input(new id zwp_text_input_v3#121, wl_seat#3)
[16:11:03.999621] {Default Queue} wl_registry#119.global(61, "zwp_tablet_manager_v2", 1)
[16:11:03.999621] {Default Queue} wl_registry#119.global(62, "wp_pointer_warp_v1", 1)
[16:11:03.999622] {Default Queue} wl_registry#119.global(63, "wl_seat", 9)
[16:11:03.999622] {Default Queue} wl_registry#119.global(64, "aqueous_libinput_config_v1", 2)
[16:11:03.999623] {Default Queue} wl_registry#119.global(65, "aqueous_xkb_config_v1", 2)
[16:11:03.999624] {Default Queue} wl_registry#119.global(66, "zwp_idle_inhibit_manager_v1", 1)
[16:11:03.999624] {Default Queue} wl_registry#119.global(67, "ext_session_lock_manager_v1", 1)
[16:11:03.999625] {Default Queue} wl_registry#119.global(68, "aqueous_shell_manager_v1", 2)
[16:11:03.999626] {Default Queue} wl_registry#119.global(69, "zwp_keyboard_shortcuts_inhibit_manager_v1", 1)
[16:11:03.999626] {Default Queue} wl_registry#119.global(70, "ext_background_effect_manager_v1", 1)
[16:11:03.999627] {Default Queue} wl_registry#119.global(71, "xdg_system_bell_v1", 1)
[16:11:03.999627] {Default Queue} wl_registry#119.global(72, "wl_output", 4)
[16:11:03.999628] {Default Queue} wl_registry#119.global(73, "wl_output", 4)
[16:11:04.002235] {Default Queue}  -> wl_shm#5.create_pool(new id wl_shm_pool#122, fd 18, 3440640)
[16:11:04.002242] {Default Queue}  -> wl_shm_pool#122.create_buffer(new id wl_buffer#123, 0, 1280, 672, 5120, 0)
[16:11:04.003295] {Default Queue}  -> wl_compositor#4.create_region(new id wl_region#124)
[16:11:04.003298] {Default Queue}  -> wl_region#124.add(377, 90, 526, 54)
[16:11:04.003299]  -> wl_surface#110.set_opaque_region(wl_region#124)
[16:11:04.003301] {Default Queue}  -> wl_region#124.destroy()
[16:11:04.003302] {Default Queue}  -> wp_viewport#105.set_destination(1280, 672)
[16:11:04.003304]  -> wl_surface#110.attach(wl_buffer#123, 0, 0)
[16:11:04.003305]  -> wl_surface#110.damage_buffer(0, 0, 1280, 672)
[16:11:04.003306]  -> wl_surface#110.frame(new id wl_callback#125)
[16:11:04.003308] {Default Queue}  -> wp_presentation#23.feedback(wl_surface#110, new id wp_presentation_feedback#126)
[16:11:04.003310]  -> wl_surface#110.commit()
[16:11:04.003320] {Default Queue}  -> wl_compositor#46.create_region(new id wl_region#127)
[16:11:04.003353] {Default Queue}  -> wl_region#127.add(339, 36, 602, 1)
[16:11:04.003354] {Default Queue}  -> wl_region#127.add(337, 37, 606, 1)
[16:11:04.003355] {Default Queue}  -> wl_region#127.add(336, 38, 608, 1)
[16:11:04.003356] {Default Queue}  -> wl_region#127.add(335, 39, 610, 1)
[16:11:04.003356] {Default Queue}  -> wl_region#127.add(334, 40, 612, 1)
[16:11:04.003357] {Default Queue}  -> wl_region#127.add(333, 41, 614, 1)
[16:11:04.003357] {Default Queue}  -> wl_region#127.add(332, 42, 616, 2)
[16:11:04.003358] {Default Queue}  -> wl_region#127.add(331, 44, 618, 5)
[16:11:04.003359] {Default Queue}  -> wl_region#127.add(330, 49, 620, 574)
[16:11:04.003359] {Default Queue}  -> wl_region#127.add(331, 623, 618, 5)
[16:11:04.003360] {Default Queue}  -> wl_region#127.add(332, 628, 616, 2)
[16:11:04.003361] {Default Queue}  -> wl_region#127.add(333, 630, 614, 1)
[16:11:04.003361] {Default Queue}  -> wl_region#127.add(334, 631, 612, 1)
[16:11:04.003362] {Default Queue}  -> wl_region#127.add(335, 632, 610, 1)
[16:11:04.003363] {Default Queue}  -> wl_region#127.add(336, 633, 608, 1)
[16:11:04.003363] {Default Queue}  -> wl_region#127.add(337, 634, 606, 1)
[16:11:04.003364] {Default Queue}  -> wl_region#127.add(339, 635, 602, 1)
[16:11:04.003365] {Default Queue}  -> ext_background_effect_surface_v1#93.set_blur_region(wl_region#127)
[16:11:04.003366] {Default Queue}  -> wl_region#127.destroy()
info: event=launcher-results count=114 shown=114 publish_us=6241
[16:11:04.005898] {Display Queue} wl_display#1.delete_id(120)
[16:11:04.005901] {Display Queue} wl_display#1.delete_id(124)
[16:11:04.005902] {Display Queue} wl_display#1.delete_id(127)
[16:11:04.005902] {Default Queue} zwlr_layer_surface_v1#75.configure(42, 1280, 48)
[16:11:04.005907] {Default Queue}  -> zwlr_layer_surface_v1#75.ack_configure(42)
[16:11:04.005908] {Default Queue} zwlr_layer_surface_v1#69.configure(43, 1280, 720)
[16:11:04.005910] {Default Queue}  -> zwlr_layer_surface_v1#69.ack_configure(43)
[16:11:04.005911] {Default Queue} zwlr_layer_surface_v1#80.configure(44, 88, 2)
[16:11:04.005913] {Default Queue}  -> zwlr_layer_surface_v1#80.ack_configure(44)
[16:11:04.005914] {Default Queue} zwlr_layer_surface_v1#98.configure(45, 1280, 672)
[16:11:04.005914] {Default Queue}  -> zwlr_layer_surface_v1#98.ack_configure(45)
[16:11:04.005915] {Default Queue} wp_fractional_scale_v1#116.preferred_scale(120)
[16:11:04.005916] {Default Queue} wl_buffer#123.release()
[16:11:04.005917] {Default Queue} wl_data_device#38.selection(nil)
[16:11:04.005923] {Default Queue} zwp_primary_selection_device_v1#37.selection(nil)
[16:11:04.005926] wl_surface#110.enter(wl_output#63)
[16:11:04.005983] wl_surface#110.enter(wl_output#31)
[16:11:04.005994] wl_surface#110.preferred_buffer_scale(1)
info: event=launcher-results count=114 shown=114 publish_us=3958
[16:11:04.010819] {Display Queue} wl_display#1.delete_id(100)
[16:11:04.010824] {Display Queue} wl_display#1.delete_id(99)
[16:11:04.010825] {Display Queue} wl_display#1.delete_id(118)
[16:11:04.010826] {Display Queue} wl_display#1.delete_id(125)
[16:11:04.010826] {Display Queue} wl_display#1.delete_id(95)
[16:11:04.010827] {Display Queue} wl_display#1.delete_id(94)
[16:11:04.010827] {Display Queue} wl_display#1.delete_id(114)
[16:11:04.010828] {Display Queue} wl_display#1.delete_id(126)
[16:11:04.010828] {Display Queue} wl_display#1.delete_id(111)
[16:11:04.010829] {Display Queue} wl_display#1.delete_id(109)
[16:11:04.010829] {Display Queue} wl_display#1.delete_id(115)
[16:11:04.010830] {Display Queue} wl_display#1.delete_id(102)
[16:11:04.010830] {Default Queue} wl_callback#100.done(15892123)
[16:11:04.010834] {Default Queue} wl_callback#99.done(15892123)
[16:11:04.010836] {Default Queue} wl_callback#118.done(15892123)
[16:11:04.010837] {Default Queue} wl_callback#125.done(15892123)
[16:11:04.010839] {Default Queue} wp_presentation_feedback#95.sync_output(wl_output#63)
[16:11:04.010840] {Default Queue} wp_presentation_feedback#95.sync_output(wl_output#31)
[16:11:04.010840] {Default Queue} wp_presentation_feedback#95.presented(0, 15892, 123601813, 0, 0, 0, 0)
[16:11:04.010843] {Default Queue} wp_presentation_feedback#94.sync_output(wl_output#63)
[16:11:04.010843] {Default Queue} wp_presentation_feedback#94.sync_output(wl_output#31)
[16:11:04.010844] {Default Queue} wp_presentation_feedback#94.presented(0, 15892, 123601813, 0, 0, 0, 0)
[16:11:04.010850] {Default Queue} wp_presentation_feedback#114.sync_output(wl_output#63)
[16:11:04.010850] {Default Queue} wp_presentation_feedback#114.sync_output(wl_output#31)
[16:11:04.010851] {Default Queue} wp_presentation_feedback#114.presented(0, 15892, 123601813, 0, 0, 0, 0)
[16:11:04.010852] {Default Queue} wp_presentation_feedback#126.sync_output(wl_output#63)
[16:11:04.010853] {Default Queue} wp_presentation_feedback#126.sync_output(wl_output#31)
[16:11:04.010853] {Default Queue} wp_presentation_feedback#126.presented(0, 15892, 123601813, 0, 0, 0, 0)
[16:11:04.010855] {Default Queue} wl_callback#111.done(15892123)
[16:11:04.010856] {Default Queue} wl_callback#109.done(15892123)
[16:11:04.010858] {Default Queue} wp_presentation_feedback#115.sync_output(wl_output#64)
[16:11:04.010859] {Default Queue} wp_presentation_feedback#115.sync_output(wl_output#34)
[16:11:04.010860] {Default Queue} wp_presentation_feedback#115.presented(0, 15892, 123904466, 0, 0, 0, 0)
[16:11:04.010861] {Default Queue} wp_presentation_feedback#102.sync_output(wl_output#64)
[16:11:04.010861] {Default Queue} wp_presentation_feedback#102.sync_output(wl_output#34)
[16:11:04.010862] {Default Queue} wp_presentation_feedback#102.presented(0, 15892, 123904466, 0, 0, 0, 0)
[16:11:04.010863] wl_surface#110.preferred_buffer_transform(0)
[16:11:04.010874]  -> wl_surface#65.commit()
[16:11:04.011107]  -> wl_surface#71.attach(wl_buffer#97, 0, 0)
[16:11:04.011110]  -> wl_surface#71.damage_buffer(4, 4, 833, 40)
[16:11:04.011111]  -> wl_surface#71.frame(new id wl_callback#102)
[16:11:04.011113] {Default Queue}  -> wp_presentation#23.feedback(wl_surface#71, new id wp_presentation_feedback#115)
[16:11:04.011114]  -> wl_surface#71.commit()
[16:11:04.011145] {Default Queue}  -> wl_compositor#46.create_region(new id wl_region#109)
[16:11:04.011160] {Default Queue}  -> wl_region#109.add(19, 4, 504, 1)
[16:11:04.011161] {Default Queue}  -> wl_region#109.add(574, 4, 132, 1)
[16:11:04.011162] {Default Queue}  -> wl_region#109.add(888, 4, 373, 1)
[16:11:04.011163] {Default Queue}  -> wl_region#109.add(17, 5, 508, 1)
[16:11:04.011163] {Default Queue}  -> wl_region#109.add(572, 5, 136, 1)
[16:11:04.011164] {Default Queue}  -> wl_region#109.add(886, 5, 377, 1)
[16:11:04.011165] {Default Queue}  -> wl_region#109.add(16, 6, 510, 1)
[16:11:04.011165] {Default Queue}  -> wl_region#109.add(571, 6, 138, 1)
[16:11:04.011166] {Default Queue}  -> wl_region#109.add(885, 6, 379, 1)
[16:11:04.011167] {Default Queue}  -> wl_region#109.add(15, 7, 512, 1)
[16:11:04.011167] {Default Queue}  -> wl_region#109.add(570, 7, 140, 1)
[16:11:04.011168] {Default Queue}  -> wl_region#109.add(884, 7, 381, 1)
[16:11:04.011169] {Default Queue}  -> wl_region#109.add(14, 8, 514, 1)
[16:11:04.011169] {Default Queue}  -> wl_region#109.add(569, 8, 142, 1)
[16:11:04.011170] {Default Queue}  -> wl_region#109.add(883, 8, 383, 1)
[16:11:04.011171] {Default Queue}  -> wl_region#109.add(13, 9, 516, 1)
[16:11:04.011171] {Default Queue}  -> wl_region#109.add(568, 9, 144, 1)
[16:11:04.011172] {Default Queue}  -> wl_region#109.add(882, 9, 385, 1)
[16:11:04.011172] {Default Queue}  -> wl_region#109.add(12, 10, 518, 2)
[16:11:04.011173] {Default Queue}  -> wl_region#109.add(567, 10, 146, 2)
[16:11:04.011174] {Default Queue}  -> wl_region#109.add(881, 10, 387, 2)
[16:11:04.011174] {Default Queue}  -> wl_region#109.add(11, 12, 520, 5)
[16:11:04.011175] {Default Queue}  -> wl_region#109.add(566, 12, 148, 5)
[16:11:04.011176] {Default Queue}  -> wl_region#109.add(880, 12, 389, 5)
[16:11:04.011176] {Default Queue}  -> wl_region#109.add(10, 17, 522, 14)
[16:11:04.011177] {Default Queue}  -> wl_region#109.add(565, 17, 150, 14)
[16:11:04.011178] {Default Queue}  -> wl_region#109.add(879, 17, 391, 14)
[16:11:04.011178] {Default Queue}  -> wl_region#109.add(11, 31, 520, 5)
[16:11:04.011179] {Default Queue}  -> wl_region#109.add(566, 31, 148, 5)
[16:11:04.011180] {Default Queue}  -> wl_region#109.add(880, 31, 389, 5)
[16:11:04.011180] {Default Queue}  -> wl_region#109.add(12, 36, 518, 2)
[16:11:04.011181] {Default Queue}  -> wl_region#109.add(567, 36, 146, 2)
[16:11:04.011181] {Default Queue}  -> wl_region#109.add(881, 36, 387, 2)
[16:11:04.011182] {Default Queue}  -> wl_region#109.add(13, 38, 516, 1)
[16:11:04.011183] {Default Queue}  -> wl_region#109.add(568, 38, 144, 1)
[16:11:04.011183] {Default Queue}  -> wl_region#109.add(882, 38, 385, 1)
[16:11:04.011184] {Default Queue}  -> wl_region#109.add(14, 39, 514, 1)
[16:11:04.011185] {Default Queue}  -> wl_region#109.add(569, 39, 142, 1)
[16:11:04.011185] {Default Queue}  -> wl_region#109.add(883, 39, 383, 1)
[16:11:04.011186] {Default Queue}  -> wl_region#109.add(15, 40, 512, 1)
[16:11:04.011186] {Default Queue}  -> wl_region#109.add(570, 40, 140, 1)
[16:11:04.011187] {Default Queue}  -> wl_region#109.add(884, 40, 381, 1)
[16:11:04.011188] {Default Queue}  -> wl_region#109.add(16, 41, 510, 1)
[16:11:04.011189] {Default Queue}  -> wl_region#109.add(571, 41, 138, 1)
[16:11:04.011189] {Default Queue}  -> wl_region#109.add(885, 41, 379, 1)
[16:11:04.011190] {Default Queue}  -> wl_region#109.add(17, 42, 508, 1)
[16:11:04.011190] {Default Queue}  -> wl_region#109.add(572, 42, 136, 1)
[16:11:04.011191] {Default Queue}  -> wl_region#109.add(886, 42, 377, 1)
[16:11:04.011192] {Default Queue}  -> wl_region#109.add(19, 43, 504, 1)
[16:11:04.011192] {Default Queue}  -> wl_region#109.add(574, 43, 132, 1)
[16:11:04.011193] {Default Queue}  -> wl_region#109.add(888, 43, 373, 1)
[16:11:04.011194] {Default Queue}  -> ext_background_effect_surface_v1#101.set_blur_region(wl_region#109)
[16:11:04.011195] {Default Queue}  -> wl_region#109.destroy()
[16:11:04.011224]  -> wl_surface#70.attach(wl_buffer#104, 0, 0)
[16:11:04.011225]  -> wl_surface#70.frame(new id wl_callback#111)
[16:11:04.011226] {Default Queue}  -> wp_presentation#23.feedback(wl_surface#70, new id wp_presentation_feedback#126)
[16:11:04.011227]  -> wl_surface#70.commit()
[16:11:04.024507] {Default Queue}  -> wl_compositor#4.create_region(new id wl_region#114)
[16:11:04.024515] {Default Queue}  -> wl_region#114.add(365, 158, 550, 62)
[16:11:04.024518]  -> wl_surface#110.set_opaque_region(wl_region#114)
[16:11:04.024520] {Default Queue}  -> wl_region#114.destroy()
[16:11:04.024521]  -> wl_surface#110.attach(wl_buffer#123, 0, 0)
[16:11:04.024523]  -> wl_surface#110.damage_buffer(346, 86, 588, 62)
[16:11:04.024524]  -> wl_surface#110.damage_buffer(353, 158, 574, 426)
[16:11:04.024524]  -> wl_surface#110.damage_buffer(351, 600, 285, 15)
[16:11:04.024526]  -> wl_surface#110.frame(new id wl_callback#94)
[16:11:04.024529] {Default Queue}  -> wp_presentation#23.feedback(wl_surface#110, new id wp_presentation_feedback#95)
[16:11:04.024531]  -> wl_surface#110.commit()
info: event=launcher-painted latency_us=17714
[16:11:04.024722]  -> wl_surface#76.attach(wl_buffer#113, 0, 0)
[16:11:04.024724]  -> wl_surface#76.damage_buffer(4, 4, 555, 40)
[16:11:04.024726]  -> wl_surface#76.frame(new id wl_callback#125)
[16:11:04.024727] {Default Queue}  -> wp_presentation#23.feedback(wl_surface#76, new id wp_presentation_feedback#118)
[16:11:04.024728]  -> wl_surface#76.commit()
[16:11:04.024758] {Default Queue}  -> wl_compositor#46.create_region(new id wl_region#99)
[16:11:04.024774] {Default Queue}  -> wl_region#99.add(19, 4, 504, 1)
[16:11:04.024775] {Default Queue}  -> wl_region#99.add(574, 4, 132, 1)
[16:11:04.024776] {Default Queue}  -> wl_region#99.add(888, 4, 373, 1)
[16:11:04.024776] {Default Queue}  -> wl_region#99.add(17, 5, 508, 1)
[16:11:04.024777] {Default Queue}  -> wl_region#99.add(572, 5, 136, 1)
[16:11:04.024778] {Default Queue}  -> wl_region#99.add(886, 5, 377, 1)
[16:11:04.024778] {Default Queue}  -> wl_region#99.add(16, 6, 510, 1)
[16:11:04.024779] {Default Queue}  -> wl_region#99.add(571, 6, 138, 1)
[16:11:04.024780] {Default Queue}  -> wl_region#99.add(885, 6, 379, 1)
[16:11:04.024780] {Default Queue}  -> wl_region#99.add(15, 7, 512, 1)
[16:11:04.024781] {Default Queue}  -> wl_region#99.add(570, 7, 140, 1)
[16:11:04.024782] {Default Queue}  -> wl_region#99.add(884, 7, 381, 1)
[16:11:04.024782] {Default Queue}  -> wl_region#99.add(14, 8, 514, 1)
[16:11:04.024783] {Default Queue}  -> wl_region#99.add(569, 8, 142, 1)
[16:11:04.024784] {Default Queue}  -> wl_region#99.add(883, 8, 383, 1)
[16:11:04.024784] {Default Queue}  -> wl_region#99.add(13, 9, 516, 1)
[16:11:04.024785] {Default Queue}  -> wl_region#99.add(568, 9, 144, 1)
[16:11:04.024785] {Default Queue}  -> wl_region#99.add(882, 9, 385, 1)
[16:11:04.024786] {Default Queue}  -> wl_region#99.add(12, 10, 518, 2)
[16:11:04.024787] {Default Queue}  -> wl_region#99.add(567, 10, 146, 2)
[16:11:04.024787] {Default Queue}  -> wl_region#99.add(881, 10, 387, 2)
[16:11:04.024788] {Default Queue}  -> wl_region#99.add(11, 12, 520, 5)
[16:11:04.024789] {Default Queue}  -> wl_region#99.add(566, 12, 148, 5)
[16:11:04.024789] {Default Queue}  -> wl_region#99.add(880, 12, 389, 5)
[16:11:04.024791] {Default Queue}  -> wl_region#99.add(10, 17, 522, 14)
[16:11:04.024792] {Default Queue}  -> wl_region#99.add(565, 17, 150, 14)
[16:11:04.024792] {Default Queue}  -> wl_region#99.add(879, 17, 391, 14)
[16:11:04.024793] {Default Queue}  -> wl_region#99.add(11, 31, 520, 5)
[16:11:04.024794] {Default Queue}  -> wl_region#99.add(566, 31, 148, 5)
[16:11:04.024794] {Default Queue}  -> wl_region#99.add(880, 31, 389, 5)
[16:11:04.024795] {Default Queue}  -> wl_region#99.add(12, 36, 518, 2)
[16:11:04.024795] {Default Queue}  -> wl_region#99.add(567, 36, 146, 2)
[16:11:04.024796] {Default Queue}  -> wl_region#99.add(881, 36, 387, 2)
[16:11:04.024797] {Default Queue}  -> wl_region#99.add(13, 38, 516, 1)
[16:11:04.024797] {Default Queue}  -> wl_region#99.add(568, 38, 144, 1)
[16:11:04.024798] {Default Queue}  -> wl_region#99.add(882, 38, 385, 1)
[16:11:04.024799] {Default Queue}  -> wl_region#99.add(14, 39, 514, 1)
[16:11:04.024799] {Default Queue}  -> wl_region#99.add(569, 39, 142, 1)
[16:11:04.024800] {Default Queue}  -> wl_region#99.add(883, 39, 383, 1)
[16:11:04.024801] {Default Queue}  -> wl_region#99.add(15, 40, 512, 1)
[16:11:04.024801] {Default Queue}  -> wl_region#99.add(570, 40, 140, 1)
[16:11:04.024802] {Default Queue}  -> wl_region#99.add(884, 40, 381, 1)
[16:11:04.024802] {Default Queue}  -> wl_region#99.add(16, 41, 510, 1)
[16:11:04.024803] {Default Queue}  -> wl_region#99.add(571, 41, 138, 1)
[16:11:04.024804] {Default Queue}  -> wl_region#99.add(885, 41, 379, 1)
[16:11:04.024804] {Default Queue}  -> wl_region#99.add(17, 42, 508, 1)
[16:11:04.024805] {Default Queue}  -> wl_region#99.add(572, 42, 136, 1)
[16:11:04.024806] {Default Queue}  -> wl_region#99.add(886, 42, 377, 1)
[16:11:04.024806] {Default Queue}  -> wl_region#99.add(19, 43, 504, 1)
[16:11:04.024807] {Default Queue}  -> wl_region#99.add(574, 43, 132, 1)
[16:11:04.024808] {Default Queue}  -> wl_region#99.add(888, 43, 373, 1)
[16:11:04.024809] {Default Queue}  -> ext_background_effect_surface_v1#117.set_blur_region(wl_region#99)
[16:11:04.024810] {Default Queue}  -> wl_region#99.destroy()
[16:11:04.024858] {Display Queue} wl_display#1.delete_id(109)
[16:11:04.024861] {Default Queue} wl_buffer#97.release()
[16:11:04.024958] {Display Queue} wl_display#1.delete_id(102)
[16:11:04.024959] {Display Queue} wl_display#1.delete_id(115)
[16:11:04.024960] {Default Queue} wl_callback#102.done(15892139)
[16:11:04.024964] {Default Queue} wp_presentation_feedback#115.sync_output(wl_output#63)
[16:11:04.024965] {Default Queue} wp_presentation_feedback#115.sync_output(wl_output#31)
[16:11:04.024966] {Default Queue} wp_presentation_feedback#115.presented(0, 15892, 139965477, 0, 0, 0, 0)
[16:11:04.025010] {Default Queue}  -> wl_compositor#4.create_region(new id wl_region#115)
[16:11:04.025012] {Default Queue}  -> wl_region#115.add(19, 4, 504, 1)
[16:11:04.025013] {Default Queue}  -> wl_region#115.add(574, 4, 132, 1)
[16:11:04.025013] {Default Queue}  -> wl_region#115.add(888, 4, 373, 1)
[16:11:04.025014] {Default Queue}  -> wl_region#115.add(17, 5, 508, 1)
[16:11:04.025015] {Default Queue}  -> wl_region#115.add(572, 5, 136, 1)
[16:11:04.025015] {Default Queue}  -> wl_region#115.add(886, 5, 377, 1)
[16:11:04.025016] {Default Queue}  -> wl_region#115.add(16, 6, 510, 1)
[16:11:04.025017] {Default Queue}  -> wl_region#115.add(571, 6, 138, 1)
[16:11:04.025017] {Default Queue}  -> wl_region#115.add(885, 6, 379, 1)
[16:11:04.025018] {Default Queue}  -> wl_region#115.add(15, 7, 512, 1)
[16:11:04.025019] {Default Queue}  -> wl_region#115.add(570, 7, 140, 1)
[16:11:04.025019] {Default Queue}  -> wl_region#115.add(884, 7, 381, 1)
[16:11:04.025020] {Default Queue}  -> wl_region#115.add(14, 8, 514, 1)
[16:11:04.025021] {Default Queue}  -> wl_region#115.add(569, 8, 142, 1)
[16:11:04.025021] {Default Queue}  -> wl_region#115.add(883, 8, 383, 1)
[16:11:04.025022] {Default Queue}  -> wl_region#115.add(13, 9, 516, 1)
[16:11:04.025022] {Default Queue}  -> wl_region#115.add(568, 9, 144, 1)
[16:11:04.025023] {Default Queue}  -> wl_region#115.add(882, 9, 385, 1)
[16:11:04.025024] {Default Queue}  -> wl_region#115.add(12, 10, 518, 2)
[16:11:04.025024] {Default Queue}  -> wl_region#115.add(567, 10, 146, 2)
[16:11:04.025025] {Default Queue}  -> wl_region#115.add(881, 10, 387, 2)
[16:11:04.025026] {Default Queue}  -> wl_region#115.add(11, 12, 520, 5)
[16:11:04.025026] {Default Queue}  -> wl_region#115.add(566, 12, 148, 5)
[16:11:04.025027] {Default Queue}  -> wl_region#115.add(880, 12, 389, 5)
[16:11:04.025028] {Default Queue}  -> wl_region#115.add(10, 17, 522, 14)
[16:11:04.025028] {Default Queue}  -> wl_region#115.add(565, 17, 150, 14)
[16:11:04.025029] {Default Queue}  -> wl_region#115.add(879, 17, 391, 14)
[16:11:04.025029] {Default Queue}  -> wl_region#115.add(11, 31, 520, 5)
[16:11:04.025030] {Default Queue}  -> wl_region#115.add(566, 31, 148, 5)
[16:11:04.025031] {Default Queue}  -> wl_region#115.add(880, 31, 389, 5)
[16:11:04.025031] {Default Queue}  -> wl_region#115.add(12, 36, 518, 2)
[16:11:04.025032] {Default Queue}  -> wl_region#115.add(567, 36, 146, 2)
[16:11:04.025033] {Default Queue}  -> wl_region#115.add(881, 36, 387, 2)
[16:11:04.025033] {Default Queue}  -> wl_region#115.add(13, 38, 516, 1)
[16:11:04.025034] {Default Queue}  -> wl_region#115.add(568, 38, 144, 1)
[16:11:04.025034] {Default Queue}  -> wl_region#115.add(882, 38, 385, 1)
[16:11:04.025035] {Default Queue}  -> wl_region#115.add(14, 39, 514, 1)
[16:11:04.025036] {Default Queue}  -> wl_region#115.add(569, 39, 142, 1)
[16:11:04.025036] {Default Queue}  -> wl_region#115.add(883, 39, 383, 1)
[16:11:04.025037] {Default Queue}  -> wl_region#115.add(15, 40, 512, 1)
[16:11:04.025038] {Default Queue}  -> wl_region#115.add(570, 40, 140, 1)
[16:11:04.025038] {Default Queue}  -> wl_region#115.add(884, 40, 381, 1)
[16:11:04.025039] {Default Queue}  -> wl_region#115.add(16, 41, 510, 1)
[16:11:04.025040] {Default Queue}  -> wl_region#115.add(571, 41, 138, 1)
[16:11:04.025040] {Default Queue}  -> wl_region#115.add(885, 41, 379, 1)
[16:11:04.025041] {Default Queue}  -> wl_region#115.add(17, 42, 508, 1)
[16:11:04.025041] {Default Queue}  -> wl_region#115.add(572, 42, 136, 1)
[16:11:04.025042] {Default Queue}  -> wl_region#115.add(886, 42, 377, 1)
[16:11:04.025043] {Default Queue}  -> wl_region#115.add(19, 43, 504, 1)
[16:11:04.025043] {Default Queue}  -> wl_region#115.add(574, 43, 132, 1)
[16:11:04.025044] {Default Queue}  -> wl_region#115.add(888, 43, 373, 1)
[16:11:04.025045]  -> wl_surface#71.set_input_region(wl_region#115)
[16:11:04.025045] {Default Queue}  -> wl_region#115.destroy()
[16:11:04.025046]  -> wl_surface#71.attach(wl_buffer#97, 0, 0)
[16:11:04.025047]  -> wl_surface#71.frame(new id wl_callback#102)
[16:11:04.025048] {Default Queue}  -> wp_presentation#23.feedback(wl_surface#71, new id wp_presentation_feedback#109)
[16:11:04.025049]  -> wl_surface#71.commit()
[16:11:04.025198] {Display Queue} wl_display#1.delete_id(114)
[16:11:04.025199] {Display Queue} wl_display#1.delete_id(99)
[16:11:04.025199] {Default Queue} wl_buffer#104.release()
[16:11:04.025200] {Default Queue} wl_buffer#123.release()
[16:11:04.025201] {Default Queue} wl_buffer#113.release()
[16:11:04.025213] {Display Queue} wl_display#1.delete_id(115)
[16:11:04.025214] {Default Queue} wl_buffer#97.release()
[16:11:04.041211] {Display Queue} wl_display#1.delete_id(102)
[16:11:04.041218] {Display Queue} wl_display#1.delete_id(111)
[16:11:04.041220] {Display Queue} wl_display#1.delete_id(94)
[16:11:04.041220] {Display Queue} wl_display#1.delete_id(109)
[16:11:04.041221] {Display Queue} wl_display#1.delete_id(126)
[16:11:04.041222] {Display Queue} wl_display#1.delete_id(95)
[16:11:04.041223] {Default Queue} wl_callback#102.done(15892156)
[16:11:04.041230] {Default Queue} wl_callback#111.done(15892156)
[16:11:04.041232] {Default Queue} wl_callback#94.done(15892156)
[16:11:04.041236] {Default Queue} wp_presentation_feedback#109.sync_output(wl_output#63)
[16:11:04.041237] {Default Queue} wp_presentation_feedback#109.sync_output(wl_output#31)
[16:11:04.041238] {Default Queue} wp_presentation_feedback#109.presented(0, 15892, 156260381, 0, 0, 0, 0)
[16:11:04.041240] {Default Queue} wp_presentation_feedback#126.sync_output(wl_output#63)
[16:11:04.041241] {Default Queue} wp_presentation_feedback#126.sync_output(wl_output#31)
[16:11:04.041242] {Default Queue} wp_presentation_feedback#126.presented(0, 15892, 156260381, 0, 0, 0, 0)
[16:11:04.041244] {Default Queue} wp_presentation_feedback#95.sync_output(wl_output#63)
[16:11:04.041244] {Default Queue} wp_presentation_feedback#95.sync_output(wl_output#31)
[16:11:04.041245] {Default Queue} wp_presentation_feedback#95.presented(0, 15892, 156260381, 0, 0, 0, 0)
[16:11:04.041811]  -> wl_surface#110.attach(wl_buffer#123, 0, 0)
[16:11:04.041815]  -> wl_surface#110.damage_buffer(346, 86, 588, 62)
[16:11:04.041817]  -> wl_surface#110.frame(new id wl_callback#95)
[16:11:04.041819] {Default Queue}  -> wp_presentation#23.feedback(wl_surface#110, new id wp_presentation_feedback#126)
[16:11:04.041821]  -> wl_surface#110.commit()
[16:11:04.041847] {Display Queue} wl_display#1.delete_id(125)
[16:11:04.041849] {Display Queue} wl_display#1.delete_id(118)
[16:11:04.041849] {Default Queue} wl_callback#125.done(15892156)
[16:11:04.041852] {Default Queue} wp_presentation_feedback#118.sync_output(wl_output#64)
[16:11:04.041853] {Default Queue} wp_presentation_feedback#118.sync_output(wl_output#34)
[16:11:04.041854] {Default Queue} wp_presentation_feedback#118.presented(0, 15892, 156353912, 0, 0, 0, 0)
[16:11:04.041923] {Default Queue}  -> wl_compositor#4.create_region(new id wl_region#118)
[16:11:04.041925] {Default Queue}  -> wl_region#118.add(19, 4, 504, 1)
[16:11:04.041926] {Default Queue}  -> wl_region#118.add(574, 4, 132, 1)
[16:11:04.041927] {Default Queue}  -> wl_region#118.add(888, 4, 373, 1)
[16:11:04.041928] {Default Queue}  -> wl_region#118.add(17, 5, 508, 1)
[16:11:04.041929] {Default Queue}  -> wl_region#118.add(572, 5, 136, 1)
[16:11:04.041929] {Default Queue}  -> wl_region#118.add(886, 5, 377, 1)
[16:11:04.041930] {Default Queue}  -> wl_region#118.add(16, 6, 510, 1)
[16:11:04.041931] {Default Queue}  -> wl_region#118.add(571, 6, 138, 1)
[16:11:04.041931] {Default Queue}  -> wl_region#118.add(885, 6, 379, 1)
[16:11:04.041932] {Default Queue}  -> wl_region#118.add(15, 7, 512, 1)
[16:11:04.041933] {Default Queue}  -> wl_region#118.add(570, 7, 140, 1)
[16:11:04.041933] {Default Queue}  -> wl_region#118.add(884, 7, 381, 1)
[16:11:04.041934] {Default Queue}  -> wl_region#118.add(14, 8, 514, 1)
[16:11:04.041934] {Default Queue}  -> wl_region#118.add(569, 8, 142, 1)
[16:11:04.041935] {Default Queue}  -> wl_region#118.add(883, 8, 383, 1)
[16:11:04.041936] {Default Queue}  -> wl_region#118.add(13, 9, 516, 1)
[16:11:04.041936] {Default Queue}  -> wl_region#118.add(568, 9, 144, 1)
[16:11:04.041937] {Default Queue}  -> wl_region#118.add(882, 9, 385, 1)
[16:11:04.041938] {Default Queue}  -> wl_region#118.add(12, 10, 518, 2)
[16:11:04.041938] {Default Queue}  -> wl_region#118.add(567, 10, 146, 2)
[16:11:04.041939] {Default Queue}  -> wl_region#118.add(881, 10, 387, 2)
[16:11:04.041939] {Default Queue}  -> wl_region#118.add(11, 12, 520, 5)
[16:11:04.041940] {Default Queue}  -> wl_region#118.add(566, 12, 148, 5)
[16:11:04.041943] {Default Queue}  -> wl_region#118.add(880, 12, 389, 5)
[16:11:04.041944] {Default Queue}  -> wl_region#118.add(10, 17, 522, 14)
[16:11:04.041945] {Default Queue}  -> wl_region#118.add(565, 17, 150, 14)
[16:11:04.041946] {Default Queue}  -> wl_region#118.add(879, 17, 391, 14)
[16:11:04.041947] {Default Queue}  -> wl_region#118.add(11, 31, 520, 5)
[16:11:04.041949] {Default Queue}  -> wl_region#118.add(566, 31, 148, 5)
[16:11:04.041950] {Default Queue}  -> wl_region#118.add(880, 31, 389, 5)
[16:11:04.041951] {Default Queue}  -> wl_region#118.add(12, 36, 518, 2)
[16:11:04.041952] {Default Queue}  -> wl_region#118.add(567, 36, 146, 2)
[16:11:04.041953] {Default Queue}  -> wl_region#118.add(881, 36, 387, 2)
[16:11:04.041954] {Default Queue}  -> wl_region#118.add(13, 38, 516, 1)
[16:11:04.041955] {Default Queue}  -> wl_region#118.add(568, 38, 144, 1)
[16:11:04.041956] {Default Queue}  -> wl_region#118.add(882, 38, 385, 1)
[16:11:04.041957] {Default Queue}  -> wl_region#118.add(14, 39, 514, 1)
[16:11:04.041958] {Default Queue}  -> wl_region#118.add(569, 39, 142, 1)
[16:11:04.041959] {Default Queue}  -> wl_region#118.add(883, 39, 383, 1)
[16:11:04.041960] {Default Queue}  -> wl_region#118.add(15, 40, 512, 1)
[16:11:04.041961] {Default Queue}  -> wl_region#118.add(570, 40, 140, 1)
[16:11:04.041962] {Default Queue}  -> wl_region#118.add(884, 40, 381, 1)
[16:11:04.041963] {Default Queue}  -> wl_region#118.add(16, 41, 510, 1)
[16:11:04.041964] {Default Queue}  -> wl_region#118.add(571, 41, 138, 1)
[16:11:04.041965] {Default Queue}  -> wl_region#118.add(885, 41, 379, 1)
[16:11:04.041966] {Default Queue}  -> wl_region#118.add(17, 42, 508, 1)
[16:11:04.041968] {Default Queue}  -> wl_region#118.add(572, 42, 136, 1)
[16:11:04.041969] {Default Queue}  -> wl_region#118.add(886, 42, 377, 1)
[16:11:04.041970] {Default Queue}  -> wl_region#118.add(19, 43, 504, 1)
[16:11:04.041971] {Default Queue}  -> wl_region#118.add(574, 43, 132, 1)
[16:11:04.041972] {Default Queue}  -> wl_region#118.add(888, 43, 373, 1)
[16:11:04.041973]  -> wl_surface#76.set_input_region(wl_region#118)
[16:11:04.041974] {Default Queue}  -> wl_region#118.destroy()
[16:11:04.041976]  -> wl_surface#76.attach(wl_buffer#113, 0, 0)
[16:11:04.041977]  -> wl_surface#76.frame(new id wl_callback#125)
[16:11:04.041978] {Default Queue}  -> wp_presentation#23.feedback(wl_surface#76, new id wp_presentation_feedback#109)
[16:11:04.041980]  -> wl_surface#76.commit()
[16:11:04.041998] {Default Queue} wl_buffer#123.release()
[16:11:04.042044] {Display Queue} wl_display#1.delete_id(118)
[16:11:04.042045] {Default Queue} wl_buffer#113.release()
[16:11:04.057580] {Display Queue} wl_display#1.delete_id(95)
[16:11:04.057588] {Display Queue} wl_display#1.delete_id(126)
[16:11:04.057589] {Default Queue} wl_callback#95.done(15892172)
[16:11:04.057598] {Default Queue} wp_presentation_feedback#126.sync_output(wl_output#63)
[16:11:04.057600] {Default Queue} wp_presentation_feedback#126.sync_output(wl_output#31)
[16:11:04.057600] {Default Queue} wp_presentation_feedback#126.presented(0, 15892, 172632635, 0, 0, 0, 0)
[16:11:04.058250]  -> wl_surface#110.attach(wl_buffer#123, 0, 0)
[16:11:04.058257]  -> wl_surface#110.damage_buffer(346, 86, 588, 62)
[16:11:04.058259]  -> wl_surface#110.frame(new id wl_callback#126)
[16:11:04.058262] {Default Queue}  -> wp_presentation#23.feedback(wl_surface#110, new id wp_presentation_feedback#95)
[16:11:04.058265]  -> wl_surface#110.commit()
[16:11:04.058300] {Display Queue} wl_display#1.delete_id(125)
[16:11:04.058302] {Display Queue} wl_display#1.delete_id(109)
[16:11:04.058302] {Default Queue} wl_callback#125.done(15892172)
[16:11:04.058305] {Default Queue} wp_presentation_feedback#109.sync_output(wl_output#64)
[16:11:04.058305] {Default Queue} wp_presentation_feedback#109.sync_output(wl_output#34)
[16:11:04.058306] {Default Queue} wp_presentation_feedback#109.presented(0, 15892, 172733976, 0, 0, 0, 0)
[16:11:04.058386] {Default Queue} wl_buffer#123.release()
[16:11:04.073934] {Display Queue} wl_display#1.delete_id(126)
[16:11:04.073942] {Display Queue} wl_display#1.delete_id(95)
[16:11:04.073943] {Default Queue} wl_callback#126.done(15892188)
[16:11:04.073953] {Default Queue} wp_presentation_feedback#95.sync_output(wl_output#63)
[16:11:04.073954] {Default Queue} wp_presentation_feedback#95.sync_output(wl_output#31)
[16:11:04.073955] {Default Queue} wp_presentation_feedback#95.presented(0, 15892, 188968569, 0, 0, 0, 0)
[16:11:04.074464]  -> wl_surface#110.attach(wl_buffer#123, 0, 0)
[16:11:04.074468]  -> wl_surface#110.damage_buffer(346, 86, 588, 62)
[16:11:04.074470]  -> wl_surface#110.frame(new id wl_callback#95)
[16:11:04.074471] {Default Queue}  -> wp_presentation#23.feedback(wl_surface#110, new id wp_presentation_feedback#126)
[16:11:04.074473]  -> wl_surface#110.commit()
[16:11:04.074560] {Default Queue} wl_buffer#123.release()
[16:11:04.090377] {Display Queue} wl_display#1.delete_id(95)
[16:11:04.090386] {Display Queue} wl_display#1.delete_id(126)
[16:11:04.090387] {Default Queue} wl_callback#95.done(15892205)
[16:11:04.090397] {Default Queue} wp_presentation_feedback#126.sync_output(wl_output#63)
[16:11:04.090398] {Default Queue} wp_presentation_feedback#126.sync_output(wl_output#31)
[16:11:04.090399] {Default Queue} wp_presentation_feedback#126.presented(0, 15892, 205428384, 0, 0, 0, 0)
[16:11:04.090953]  -> wl_surface#110.attach(wl_buffer#123, 0, 0)
[16:11:04.090957]  -> wl_surface#110.damage_buffer(346, 86, 588, 62)
[16:11:04.090959]  -> wl_surface#110.frame(new id wl_callback#126)
[16:11:04.090961] {Default Queue}  -> wp_presentation#23.feedback(wl_surface#110, new id wp_presentation_feedback#95)
[16:11:04.090963]  -> wl_surface#110.commit()
[16:11:04.091051] {Default Queue} wl_buffer#123.release()
[16:11:04.106742] {Display Queue} wl_display#1.delete_id(126)
[16:11:04.106751] {Display Queue} wl_display#1.delete_id(95)
[16:11:04.106752] {Default Queue} wl_callback#126.done(15892221)
[16:11:04.106762] {Default Queue} wp_presentation_feedback#95.sync_output(wl_output#63)
[16:11:04.106763] {Default Queue} wp_presentation_feedback#95.sync_output(wl_output#31)
[16:11:04.106764] {Default Queue} wp_presentation_feedback#95.presented(0, 15892, 221793498, 0, 0, 0, 0)
[16:11:04.107319]  -> wl_surface#110.attach(wl_buffer#123, 0, 0)
[16:11:04.107325]  -> wl_surface#110.damage_buffer(346, 86, 588, 62)
[16:11:04.107327]  -> wl_surface#110.frame(new id wl_callback#95)
[16:11:04.107329] {Default Queue}  -> wp_presentation#23.feedback(wl_surface#110, new id wp_presentation_feedback#126)
[16:11:04.107331]  -> wl_surface#110.commit()
[16:11:04.107436] {Default Queue} wl_buffer#123.release()
[16:11:04.123133] {Display Queue} wl_display#1.delete_id(95)
[16:11:04.123141] {Display Queue} wl_display#1.delete_id(126)
[16:11:04.123143] {Default Queue} wl_callback#95.done(15892238)
[16:11:04.123152] {Default Queue} wp_presentation_feedback#126.sync_output(wl_output#63)
[16:11:04.123153] {Default Queue} wp_presentation_feedback#126.sync_output(wl_output#31)
[16:11:04.123154] {Default Queue} wp_presentation_feedback#126.presented(0, 15892, 238184432, 0, 0, 0, 0)
[16:11:04.123645]  -> wl_surface#110.attach(wl_buffer#123, 0, 0)
[16:11:04.123650]  -> wl_surface#110.damage_buffer(346, 86, 588, 62)
[16:11:04.123651]  -> wl_surface#110.frame(new id wl_callback#126)
[16:11:04.123653] {Default Queue}  -> wp_presentation#23.feedback(wl_surface#110, new id wp_presentation_feedback#95)
[16:11:04.123655]  -> wl_surface#110.commit()
[16:11:04.123745] {Default Queue} wl_buffer#123.release()
[16:11:04.132014]  -> wl_surface#70.attach(wl_buffer#104, 0, 0)
[16:11:04.132021]  -> wl_surface#70.frame(new id wl_callback#109)
[16:11:04.132024] {Default Queue}  -> wp_presentation#23.feedback(wl_surface#70, new id wp_presentation_feedback#125)
[16:11:04.132026]  -> wl_surface#70.commit()
info: event=launcher-results count=114 shown=114 publish_us=4856
[16:11:04.136838] {Default Queue} wl_buffer#104.release()
[16:11:04.139460] {Display Queue} wl_display#1.delete_id(109)
[16:11:04.139467] {Display Queue} wl_display#1.delete_id(126)
[16:11:04.139468] {Display Queue} wl_display#1.delete_id(125)
[16:11:04.139469] {Display Queue} wl_display#1.delete_id(95)
[16:11:04.139470] {Default Queue} wl_callback#109.done(15892254)
[16:11:04.139475] {Default Queue} wl_callback#126.done(15892254)
[16:11:04.139478] {Default Queue} wp_presentation_feedback#125.sync_output(wl_output#63)
[16:11:04.139479] {Default Queue} wp_presentation_feedback#125.sync_output(wl_output#31)
[16:11:04.139480] {Default Queue} wp_presentation_feedback#125.presented(0, 15892, 254508246, 0, 0, 0, 0)
[16:11:04.139483] {Default Queue} wp_presentation_feedback#95.sync_output(wl_output#63)
[16:11:04.139484] {Default Queue} wp_presentation_feedback#95.sync_output(wl_output#31)
[16:11:04.139484] {Default Queue} wp_presentation_feedback#95.presented(0, 15892, 254508246, 0, 0, 0, 0)
[16:11:04.149673]  -> wl_surface#110.attach(wl_buffer#123, 0, 0)
[16:11:04.149681]  -> wl_surface#110.damage_buffer(346, 86, 588, 62)
[16:11:04.149683]  -> wl_surface#110.frame(new id wl_callback#95)
[16:11:04.149685] {Default Queue}  -> wp_presentation#23.feedback(wl_surface#110, new id wp_presentation_feedback#125)
[16:11:04.149688]  -> wl_surface#110.commit()
info: event=launcher-painted latency_us=17757
[16:11:04.150286] {Default Queue} wl_buffer#123.release()
info: event=preferences-applied revision=0 mode=static cache=false
info: event=launcher-results count=114 shown=114 publish_us=5644
[16:11:04.159674] {Display Queue} wl_display#1.delete_id(95)
[16:11:04.159679] {Display Queue} wl_display#1.delete_id(125)
[16:11:04.159681] {Default Queue} wl_callback#95.done(15892270)
[16:11:04.159687] {Default Queue} wp_presentation_feedback#125.sync_output(wl_output#63)
[16:11:04.159688] {Default Queue} wp_presentation_feedback#125.sync_output(wl_output#31)
[16:11:04.159689] {Default Queue} wp_presentation_feedback#125.presented(0, 15892, 270972311, 0, 0, 0, 0)
[16:11:04.170740]  -> wl_surface#110.attach(wl_buffer#123, 0, 0)
[16:11:04.170747]  -> wl_surface#110.damage_buffer(346, 86, 588, 62)
[16:11:04.170750]  -> wl_surface#110.frame(new id wl_callback#125)
[16:11:04.170753] {Default Queue}  -> wp_presentation#23.feedback(wl_surface#110, new id wp_presentation_feedback#95)
[16:11:04.170755]  -> wl_surface#110.commit()
info: event=launcher-painted latency_us=16789
[16:11:04.170901] {Default Queue} wl_buffer#123.release()
[16:11:04.171766]  -> wl_surface#71.attach(wl_buffer#97, 0, 0)
[16:11:04.171770]  -> wl_surface#71.damage_buffer(873, 4, 403, 11)
[16:11:04.171771]  -> wl_surface#71.damage_buffer(22, 15, 18, 18)
[16:11:04.171772]  -> wl_surface#71.damage_buffer(873, 15, 403, 18)
[16:11:04.171773]  -> wl_surface#71.damage_buffer(873, 33, 403, 11)
[16:11:04.171774]  -> wl_surface#71.frame(new id wl_callback#126)
[16:11:04.171775] {Default Queue}  -> wp_presentation#23.feedback(wl_surface#71, new id wp_presentation_feedback#109)
[16:11:04.171777]  -> wl_surface#71.commit()
[16:11:04.172313]  -> wl_surface#70.attach(wl_buffer#104, 0, 0)
[16:11:04.172316]  -> wl_surface#70.frame(new id wl_callback#118)
[16:11:04.172317] {Default Queue}  -> wp_presentation#23.feedback(wl_surface#70, new id wp_presentation_feedback#94)
[16:11:04.172319]  -> wl_surface#70.commit()
[16:11:04.173037]  -> wl_surface#76.attach(wl_buffer#113, 0, 0)
[16:11:04.173040]  -> wl_surface#76.damage_buffer(873, 4, 403, 11)
[16:11:04.173041]  -> wl_surface#76.damage_buffer(22, 15, 18, 18)
[16:11:04.173042]  -> wl_surface#76.damage_buffer(873, 15, 403, 18)
[16:11:04.173043]  -> wl_surface#76.damage_buffer(873, 33, 403, 11)
[16:11:04.173044]  -> wl_surface#76.frame(new id wl_callback#111)
[16:11:04.173045] {Default Queue}  -> wp_presentation#23.feedback(wl_surface#76, new id wp_presentation_feedback#102)
[16:11:04.173046]  -> wl_surface#76.commit()
[16:11:04.173500] {Display Queue} wl_display#1.delete_id(125)
[16:11:04.173502] {Display Queue} wl_display#1.delete_id(95)
[16:11:04.173503] {Default Queue} wl_callback#125.done(15892287)
[16:11:04.173507] {Default Queue} wp_presentation_feedback#95.sync_output(wl_output#63)
[16:11:04.173508] {Default Queue} wp_presentation_feedback#95.sync_output(wl_output#31)
[16:11:04.173509] {Default Queue} wp_presentation_feedback#95.presented(0, 15892, 287279265, 0, 0, 0, 0)
[16:11:04.173959]  -> wl_surface#110.attach(wl_buffer#123, 0, 0)
[16:11:04.173961]  -> wl_surface#110.damage_buffer(346, 86, 588, 62)
[16:11:04.173962]  -> wl_surface#110.frame(new id wl_callback#95)
[16:11:04.173963] {Default Queue}  -> wp_presentation#23.feedback(wl_surface#110, new id wp_presentation_feedback#125)
[16:11:04.173964]  -> wl_surface#110.commit()
[16:11:04.173977] {Default Queue} wl_buffer#97.release()
[16:11:04.173978] {Default Queue} wl_buffer#104.release()
[16:11:04.173979] {Default Queue} wl_buffer#113.release()
[16:11:04.174021] {Default Queue} wl_buffer#123.release()
[16:11:04.188546] {Display Queue} wl_display#1.delete_id(126)
[16:11:04.188553] {Display Queue} wl_display#1.delete_id(118)
[16:11:04.188554] {Display Queue} wl_display#1.delete_id(95)
[16:11:04.188555] {Display Queue} wl_display#1.delete_id(109)
[16:11:04.188556] {Display Queue} wl_display#1.delete_id(94)
[16:11:04.188557] {Display Queue} wl_display#1.delete_id(125)
[16:11:04.188557] {Default Queue} wl_callback#126.done(15892303)
[16:11:04.188566] {Default Queue} wl_callback#118.done(15892303)
[16:11:04.188569] {Default Queue} wl_callback#95.done(15892303)
[16:11:04.188571] {Default Queue} wp_presentation_feedback#109.sync_output(wl_output#63)
[16:11:04.188572] {Default Queue} wp_presentation_feedback#109.sync_output(wl_output#31)
[16:11:04.188573] {Default Queue} wp_presentation_feedback#109.presented(0, 15892, 303596998, 0, 0, 0, 0)
[16:11:04.188575] {Default Queue} wp_presentation_feedback#94.sync_output(wl_output#63)
[16:11:04.188576] {Default Queue} wp_presentation_feedback#94.sync_output(wl_output#31)
[16:11:04.188577] {Default Queue} wp_presentation_feedback#94.presented(0, 15892, 303596998, 0, 0, 0, 0)
[16:11:04.188579] {Default Queue} wp_presentation_feedback#125.sync_output(wl_output#63)
[16:11:04.188579] {Default Queue} wp_presentation_feedback#125.sync_output(wl_output#31)
[16:11:04.188580] {Default Queue} wp_presentation_feedback#125.presented(0, 15892, 303596998, 0, 0, 0, 0)
[16:11:04.189139]  -> wl_surface#110.attach(wl_buffer#123, 0, 0)
[16:11:04.189144]  -> wl_surface#110.damage_buffer(346, 86, 588, 62)
[16:11:04.189146]  -> wl_surface#110.frame(new id wl_callback#125)
[16:11:04.189148] {Default Queue}  -> wp_presentation#23.feedback(wl_surface#110, new id wp_presentation_feedback#94)
[16:11:04.189149]  -> wl_surface#110.commit()
[16:11:04.189169] {Display Queue} wl_display#1.delete_id(111)
[16:11:04.189170] {Display Queue} wl_display#1.delete_id(102)
[16:11:04.189171] {Default Queue} wl_callback#111.done(15892303)
[16:11:04.189173] {Default Queue} wp_presentation_feedback#102.sync_output(wl_output#64)
[16:11:04.189174] {Default Queue} wp_presentation_feedback#102.sync_output(wl_output#34)
[16:11:04.189174] {Default Queue} wp_presentation_feedback#102.presented(0, 15892, 303692739, 0, 0, 0, 0)
[16:11:04.189245] {Default Queue} wl_buffer#123.release()
[16:11:04.204856] {Display Queue} wl_display#1.delete_id(125)
[16:11:04.204865] {Display Queue} wl_display#1.delete_id(94)
[16:11:04.204866] {Default Queue} wl_callback#125.done(15892319)
[16:11:04.204874] {Default Queue} wp_presentation_feedback#94.sync_output(wl_output#63)
[16:11:04.204876] {Default Queue} wp_presentation_feedback#94.sync_output(wl_output#31)
[16:11:04.204876] {Default Queue} wp_presentation_feedback#94.presented(0, 15892, 319911762, 0, 0, 0, 0)
[16:11:04.205370]  -> wl_surface#110.attach(wl_buffer#123, 0, 0)
[16:11:04.205374]  -> wl_surface#110.damage_buffer(346, 86, 588, 62)
[16:11:04.205375]  -> wl_surface#110.frame(new id wl_callback#94)
[16:11:04.205377] {Default Queue}  -> wp_presentation#23.feedback(wl_surface#110, new id wp_presentation_feedback#125)
[16:11:04.205379]  -> wl_surface#110.commit()
[16:11:04.205456] {Default Queue} wl_buffer#123.release()
[16:11:04.221227] {Display Queue} wl_display#1.delete_id(94)
[16:11:04.221235] {Display Queue} wl_display#1.delete_id(125)
[16:11:04.221236] {Default Queue} wl_callback#94.done(15892336)
[16:11:04.221246] {Default Queue} wp_presentation_feedback#125.sync_output(wl_output#63)
[16:11:04.221247] {Default Queue} wp_presentation_feedback#125.sync_output(wl_output#31)
[16:11:04.221248] {Default Queue} wp_presentation_feedback#125.presented(0, 15892, 336280086, 0, 0, 0, 0)
[16:11:04.221762]  -> wl_surface#110.attach(wl_buffer#123, 0, 0)
[16:11:04.221767]  -> wl_surface#110.damage_buffer(346, 86, 588, 62)
[16:11:04.221769]  -> wl_surface#110.frame(new id wl_callback#125)
[16:11:04.221771] {Default Queue}  -> wp_presentation#23.feedback(wl_surface#110, new id wp_presentation_feedback#94)
[16:11:04.221773]  -> wl_surface#110.commit()
[16:11:04.221870] {Default Queue} wl_buffer#123.release()
[16:11:04.237533] {Display Queue} wl_display#1.delete_id(125)
[16:11:04.237541] {Display Queue} wl_display#1.delete_id(94)
[16:11:04.237542] {Default Queue} wl_callback#125.done(15892352)
[16:11:04.237552] {Default Queue} wp_presentation_feedback#94.sync_output(wl_output#63)
[16:11:04.237554] {Default Queue} wp_presentation_feedback#94.sync_output(wl_output#31)
[16:11:04.237555] {Default Queue} wp_presentation_feedback#94.presented(0, 15892, 352587840, 0, 0, 0, 0)
[16:11:04.238025]  -> wl_surface#110.attach(wl_buffer#123, 0, 0)
[16:11:04.238029]  -> wl_surface#110.damage_buffer(346, 86, 588, 62)
[16:11:04.238030]  -> wl_surface#110.frame(new id wl_callback#94)
[16:11:04.238032] {Default Queue}  -> wp_presentation#23.feedback(wl_surface#110, new id wp_presentation_feedback#125)
[16:11:04.238034]  -> wl_surface#110.commit()
[16:11:04.238128] {Default Queue} wl_buffer#123.release()
[16:11:04.253903] {Display Queue} wl_display#1.delete_id(94)
[16:11:04.253916] {Display Queue} wl_display#1.delete_id(125)
[16:11:04.253918] {Default Queue} wl_callback#94.done(15892368)
[16:11:04.253929] {Default Queue} wp_presentation_feedback#125.sync_output(wl_output#63)
[16:11:04.253930] {Default Queue} wp_presentation_feedback#125.sync_output(wl_output#31)
[16:11:04.253931] {Default Queue} wp_presentation_feedback#125.presented(0, 15892, 368957694, 0, 0, 0, 0)
[16:11:04.254470]  -> wl_surface#110.attach(wl_buffer#123, 0, 0)
[16:11:04.254475]  -> wl_surface#110.damage_buffer(346, 86, 588, 62)
[16:11:04.254477]  -> wl_surface#110.frame(new id wl_callback#125)
[16:11:04.254479] {Default Queue}  -> wp_presentation#23.feedback(wl_surface#110, new id wp_presentation_feedback#94)
[16:11:04.254481]  -> wl_surface#110.commit()
[16:11:04.254572] {Default Queue} wl_buffer#123.release()
[16:11:04.270218] {Display Queue} wl_display#1.delete_id(125)
[16:11:04.270224] {Display Queue} wl_display#1.delete_id(94)
[16:11:04.270225] {Default Queue} wl_callback#125.done(15892385)
[16:11:04.270237] {Default Queue} wp_presentation_feedback#94.sync_output(wl_output#63)
[16:11:04.270239] {Default Queue} wp_presentation_feedback#94.sync_output(wl_output#31)
[16:11:04.270239] {Default Queue} wp_presentation_feedback#94.presented(0, 15892, 385275547, 0, 0, 0, 0)
[16:11:04.270714]  -> wl_surface#110.attach(wl_buffer#123, 0, 0)
[16:11:04.270719]  -> wl_surface#110.damage_buffer(346, 86, 588, 62)
[16:11:04.270721]  -> wl_surface#110.frame(new id wl_callback#94)
[16:11:04.270723] {Default Queue}  -> wp_presentation#23.feedback(wl_surface#110, new id wp_presentation_feedback#125)
[16:11:04.270725]  -> wl_surface#110.commit()
[16:11:04.270813] {Default Queue} wl_buffer#123.release()
[16:11:04.286783] {Display Queue} wl_display#1.delete_id(94)
[16:11:04.286793] {Display Queue} wl_display#1.delete_id(125)
[16:11:04.286794] {Default Queue} wl_callback#94.done(15892401)
[16:11:04.286806] {Default Queue} wp_presentation_feedback#125.sync_output(wl_output#63)
[16:11:04.286807] {Default Queue} wp_presentation_feedback#125.sync_output(wl_output#31)
[16:11:04.286808] {Default Queue} wp_presentation_feedback#125.presented(0, 15892, 401842743, 0, 0, 0, 0)
[16:11:04.287403]  -> wl_surface#110.attach(wl_buffer#123, 0, 0)
[16:11:04.287409]  -> wl_surface#110.damage_buffer(346, 86, 588, 62)
[16:11:04.287411]  -> wl_surface#110.frame(new id wl_callback#125)
[16:11:04.287414] {Default Queue}  -> wp_presentation#23.feedback(wl_surface#110, new id wp_presentation_feedback#94)
[16:11:04.287416]  -> wl_surface#110.commit()
[16:11:04.287497] {Default Queue} wl_buffer#123.release()
[16:11:04.304785] {Display Queue} wl_display#1.delete_id(125)
[16:11:04.304793] {Display Queue} wl_display#1.delete_id(94)
[16:11:04.304794] {Default Queue} wl_callback#125.done(15892419)
[16:11:04.304807] {Default Queue} wp_presentation_feedback#94.sync_output(wl_output#63)
[16:11:04.304809] {Default Queue} wp_presentation_feedback#94.sync_output(wl_output#31)
[16:11:04.304810] {Default Queue} wp_presentation_feedback#94.presented(0, 15892, 419840893, 0, 0, 0, 0)
[16:11:04.305285]  -> wl_surface#110.attach(wl_buffer#123, 0, 0)
[16:11:04.305289]  -> wl_surface#110.damage_buffer(346, 86, 588, 62)
[16:11:04.305291]  -> wl_surface#110.frame(new id wl_callback#94)
[16:11:04.305293] {Default Queue}  -> wp_presentation#23.feedback(wl_surface#110, new id wp_presentation_feedback#125)
[16:11:04.305294]  -> wl_surface#110.commit()
[16:11:04.305367] {Default Queue} wl_buffer#123.release()
[16:11:04.319131] {Display Queue} wl_display#1.delete_id(94)
[16:11:04.319139] {Display Queue} wl_display#1.delete_id(125)
[16:11:04.319141] {Default Queue} wl_callback#94.done(15892434)
[16:11:04.319153] {Default Queue} wp_presentation_feedback#125.sync_output(wl_output#63)
[16:11:04.319156] {Default Queue} wp_presentation_feedback#125.sync_output(wl_output#31)
[16:11:04.319156] {Default Queue} wp_presentation_feedback#125.presented(0, 15892, 434189608, 0, 0, 0, 0)
[16:11:04.382143]  -> wl_surface#71.attach(wl_buffer#97, 0, 0)
[16:11:04.382151]  -> wl_surface#71.damage_buffer(862, 4, 414, 40)
[16:11:04.382153]  -> wl_surface#71.frame(new id wl_callback#125)
[16:11:04.382156] {Default Queue}  -> wp_presentation#23.feedback(wl_surface#71, new id wp_presentation_feedback#94)
[16:11:04.382159]  -> wl_surface#71.commit()
[16:11:04.382202] {Default Queue}  -> wl_compositor#46.create_region(new id wl_region#102)
[16:11:04.382218] {Default Queue}  -> wl_region#102.add(19, 4, 504, 1)
[16:11:04.382219] {Default Queue}  -> wl_region#102.add(574, 4, 132, 1)
[16:11:04.382220] {Default Queue}  -> wl_region#102.add(877, 4, 384, 1)
[16:11:04.382221] {Default Queue}  -> wl_region#102.add(17, 5, 508, 1)
[16:11:04.382222] {Default Queue}  -> wl_region#102.add(572, 5, 136, 1)
[16:11:04.382222] {Default Queue}  -> wl_region#102.add(875, 5, 388, 1)
[16:11:04.382223] {Default Queue}  -> wl_region#102.add(16, 6, 510, 1)
[16:11:04.382224] {Default Queue}  -> wl_region#102.add(571, 6, 138, 1)
[16:11:04.382224] {Default Queue}  -> wl_region#102.add(874, 6, 390, 1)
[16:11:04.382225] {Default Queue}  -> wl_region#102.add(15, 7, 512, 1)
[16:11:04.382226] {Default Queue}  -> wl_region#102.add(570, 7, 140, 1)
[16:11:04.382226] {Default Queue}  -> wl_region#102.add(873, 7, 392, 1)
[16:11:04.382227] {Default Queue}  -> wl_region#102.add(14, 8, 514, 1)
[16:11:04.382228] {Default Queue}  -> wl_region#102.add(569, 8, 142, 1)
[16:11:04.382228] {Default Queue}  -> wl_region#102.add(872, 8, 394, 1)
[16:11:04.382229] {Default Queue}  -> wl_region#102.add(13, 9, 516, 1)
[16:11:04.382229] {Default Queue}  -> wl_region#102.add(568, 9, 144, 1)
[16:11:04.382230] {Default Queue}  -> wl_region#102.add(871, 9, 396, 1)
[16:11:04.382231] {Default Queue}  -> wl_region#102.add(12, 10, 518, 2)
[16:11:04.382231] {Default Queue}  -> wl_region#102.add(567, 10, 146, 2)
[16:11:04.382232] {Default Queue}  -> wl_region#102.add(870, 10, 398, 2)
[16:11:04.382233] {Default Queue}  -> wl_region#102.add(11, 12, 520, 5)
[16:11:04.382233] {Default Queue}  -> wl_region#102.add(566, 12, 148, 5)
[16:11:04.382234] {Default Queue}  -> wl_region#102.add(869, 12, 400, 5)
[16:11:04.382235] {Default Queue}  -> wl_region#102.add(10, 17, 522, 14)
[16:11:04.382235] {Default Queue}  -> wl_region#102.add(565, 17, 150, 14)
[16:11:04.382236] {Default Queue}  -> wl_region#102.add(868, 17, 402, 14)
[16:11:04.382237] {Default Queue}  -> wl_region#102.add(11, 31, 520, 5)
[16:11:04.382237] {Default Queue}  -> wl_region#102.add(566, 31, 148, 5)
[16:11:04.382238] {Default Queue}  -> wl_region#102.add(869, 31, 400, 5)
[16:11:04.382239] {Default Queue}  -> wl_region#102.add(12, 36, 518, 2)
[16:11:04.382239] {Default Queue}  -> wl_region#102.add(567, 36, 146, 2)
[16:11:04.382240] {Default Queue}  -> wl_region#102.add(870, 36, 398, 2)
[16:11:04.382240] {Default Queue}  -> wl_region#102.add(13, 38, 516, 1)
[16:11:04.382241] {Default Queue}  -> wl_region#102.add(568, 38, 144, 1)
[16:11:04.382242] {Default Queue}  -> wl_region#102.add(871, 38, 396, 1)
[16:11:04.382242] {Default Queue}  -> wl_region#102.add(14, 39, 514, 1)
[16:11:04.382243] {Default Queue}  -> wl_region#102.add(569, 39, 142, 1)
[16:11:04.382244] {Default Queue}  -> wl_region#102.add(872, 39, 394, 1)
[16:11:04.382244] {Default Queue}  -> wl_region#102.add(15, 40, 512, 1)
[16:11:04.382245] {Default Queue}  -> wl_region#102.add(570, 40, 140, 1)
[16:11:04.382246] {Default Queue}  -> wl_region#102.add(873, 40, 392, 1)
[16:11:04.382246] {Default Queue}  -> wl_region#102.add(16, 41, 510, 1)
[16:11:04.382247] {Default Queue}  -> wl_region#102.add(571, 41, 138, 1)
[16:11:04.382247] {Default Queue}  -> wl_region#102.add(874, 41, 390, 1)
[16:11:04.382248] {Default Queue}  -> wl_region#102.add(17, 42, 508, 1)
[16:11:04.382249] {Default Queue}  -> wl_region#102.add(572, 42, 136, 1)
[16:11:04.382249] {Default Queue}  -> wl_region#102.add(875, 42, 388, 1)
[16:11:04.382250] {Default Queue}  -> wl_region#102.add(19, 43, 504, 1)
[16:11:04.382251] {Default Queue}  -> wl_region#102.add(574, 43, 132, 1)
[16:11:04.382251] {Default Queue}  -> wl_region#102.add(877, 43, 384, 1)
[16:11:04.382252] {Default Queue}  -> ext_background_effect_surface_v1#101.set_blur_region(wl_region#102)
[16:11:04.382253] {Default Queue}  -> wl_region#102.destroy()
[16:11:04.382284]  -> wl_surface#70.attach(wl_buffer#104, 0, 0)
[16:11:04.382285]  -> wl_surface#70.frame(new id wl_callback#111)
[16:11:04.382286] {Default Queue}  -> wp_presentation#23.feedback(wl_surface#70, new id wp_presentation_feedback#109)
[16:11:04.382287]  -> wl_surface#70.commit()
[16:11:04.382480]  -> wl_surface#76.attach(wl_buffer#113, 0, 0)
[16:11:04.382483]  -> wl_surface#76.damage_buffer(862, 4, 414, 40)
[16:11:04.382484]  -> wl_surface#76.frame(new id wl_callback#95)
[16:11:04.382485] {Default Queue}  -> wp_presentation#23.feedback(wl_surface#76, new id wp_presentation_feedback#118)
[16:11:04.382486]  -> wl_surface#76.commit()
[16:11:04.382506] {Default Queue}  -> wl_compositor#46.create_region(new id wl_region#126)
[16:11:04.382520] {Default Queue}  -> wl_region#126.add(19, 4, 504, 1)
[16:11:04.382521] {Default Queue}  -> wl_region#126.add(574, 4, 132, 1)
[16:11:04.382522] {Default Queue}  -> wl_region#126.add(877, 4, 384, 1)
[16:11:04.382523] {Default Queue}  -> wl_region#126.add(17, 5, 508, 1)
[16:11:04.382523] {Default Queue}  -> wl_region#126.add(572, 5, 136, 1)
[16:11:04.382524] {Default Queue}  -> wl_region#126.add(875, 5, 388, 1)
[16:11:04.382525] {Default Queue}  -> wl_region#126.add(16, 6, 510, 1)
[16:11:04.382525] {Default Queue}  -> wl_region#126.add(571, 6, 138, 1)
[16:11:04.382526] {Default Queue}  -> wl_region#126.add(874, 6, 390, 1)
[16:11:04.382527] {Default Queue}  -> wl_region#126.add(15, 7, 512, 1)
[16:11:04.382527] {Default Queue}  -> wl_region#126.add(570, 7, 140, 1)
[16:11:04.382528] {Default Queue}  -> wl_region#126.add(873, 7, 392, 1)
[16:11:04.382529] {Default Queue}  -> wl_region#126.add(14, 8, 514, 1)
[16:11:04.382529] {Default Queue}  -> wl_region#126.add(569, 8, 142, 1)
[16:11:04.382530] {Default Queue}  -> wl_region#126.add(872, 8, 394, 1)
[16:11:04.382531] {Default Queue}  -> wl_region#126.add(13, 9, 516, 1)
[16:11:04.382531] {Default Queue}  -> wl_region#126.add(568, 9, 144, 1)
[16:11:04.382532] {Default Queue}  -> wl_region#126.add(871, 9, 396, 1)
[16:11:04.382533] {Default Queue}  -> wl_region#126.add(12, 10, 518, 2)
[16:11:04.382533] {Default Queue}  -> wl_region#126.add(567, 10, 146, 2)
[16:11:04.382534] {Default Queue}  -> wl_region#126.add(870, 10, 398, 2)
[16:11:04.382535] {Default Queue}  -> wl_region#126.add(11, 12, 520, 5)
[16:11:04.382535] {Default Queue}  -> wl_region#126.add(566, 12, 148, 5)
[16:11:04.382536] {Default Queue}  -> wl_region#126.add(869, 12, 400, 5)
[16:11:04.382536] {Default Queue}  -> wl_region#126.add(10, 17, 522, 14)
[16:11:04.382537] {Default Queue}  -> wl_region#126.add(565, 17, 150, 14)
[16:11:04.382538] {Default Queue}  -> wl_region#126.add(868, 17, 402, 14)
[16:11:04.382538] {Default Queue}  -> wl_region#126.add(11, 31, 520, 5)
[16:11:04.382539] {Default Queue}  -> wl_region#126.add(566, 31, 148, 5)
[16:11:04.382540] {Default Queue}  -> wl_region#126.add(869, 31, 400, 5)
[16:11:04.382540] {Default Queue}  -> wl_region#126.add(12, 36, 518, 2)
[16:11:04.382541] {Default Queue}  -> wl_region#126.add(567, 36, 146, 2)
[16:11:04.382542] {Default Queue}  -> wl_region#126.add(870, 36, 398, 2)
[16:11:04.382542] {Default Queue}  -> wl_region#126.add(13, 38, 516, 1)
[16:11:04.382543] {Default Queue}  -> wl_region#126.add(568, 38, 144, 1)
[16:11:04.382544] {Default Queue}  -> wl_region#126.add(871, 38, 396, 1)
[16:11:04.382544] {Default Queue}  -> wl_region#126.add(14, 39, 514, 1)
[16:11:04.382545] {Default Queue}  -> wl_region#126.add(569, 39, 142, 1)
[16:11:04.382545] {Default Queue}  -> wl_region#126.add(872, 39, 394, 1)
[16:11:04.382546] {Default Queue}  -> wl_region#126.add(15, 40, 512, 1)
[16:11:04.382547] {Default Queue}  -> wl_region#126.add(570, 40, 140, 1)
[16:11:04.382547] {Default Queue}  -> wl_region#126.add(873, 40, 392, 1)
[16:11:04.382548] {Default Queue}  -> wl_region#126.add(16, 41, 510, 1)
[16:11:04.382549] {Default Queue}  -> wl_region#126.add(571, 41, 138, 1)
[16:11:04.382549] {Default Queue}  -> wl_region#126.add(874, 41, 390, 1)
[16:11:04.382550] {Default Queue}  -> wl_region#126.add(17, 42, 508, 1)
[16:11:04.382553] {Default Queue}  -> wl_region#126.add(572, 42, 136, 1)
[16:11:04.382553] {Default Queue}  -> wl_region#126.add(875, 42, 388, 1)
[16:11:04.382554] {Default Queue}  -> wl_region#126.add(19, 43, 504, 1)
[16:11:04.382555] {Default Queue}  -> wl_region#126.add(574, 43, 132, 1)
[16:11:04.382555] {Default Queue}  -> wl_region#126.add(877, 43, 384, 1)
[16:11:04.382556] {Default Queue}  -> ext_background_effect_surface_v1#117.set_blur_region(wl_region#126)
[16:11:04.382557] {Default Queue}  -> wl_region#126.destroy()
[16:11:04.382569] {Display Queue} wl_display#1.delete_id(102)
[16:11:04.382571] {Display Queue} wl_display#1.delete_id(125)
[16:11:04.382572] {Display Queue} wl_display#1.delete_id(94)
[16:11:04.382572] {Default Queue} wl_buffer#97.release()
[16:11:04.382573] {Default Queue} wl_callback#125.done(15892497)
[16:11:04.382576] {Default Queue} wp_presentation_feedback#94.sync_output(wl_output#63)
[16:11:04.382577] {Default Queue} wp_presentation_feedback#94.sync_output(wl_output#31)
[16:11:04.382579] {Default Queue} wp_presentation_feedback#94.presented(0, 15892, 497616925, 0, 0, 0, 0)
info: event=launcher-results count=114 shown=114 publish_us=5936
[16:11:04.387761] {Display Queue} wl_display#1.delete_id(126)
[16:11:04.387766] {Default Queue} wl_buffer#104.release()
[16:11:04.387768] {Default Queue} wl_buffer#113.release()
[16:11:04.387837] {Default Queue}  -> wl_compositor#4.create_region(new id wl_region#126)
[16:11:04.387840] {Default Queue}  -> wl_region#126.add(19, 4, 504, 1)
[16:11:04.387842] {Default Queue}  -> wl_region#126.add(574, 4, 132, 1)
[16:11:04.387843] {Default Queue}  -> wl_region#126.add(877, 4, 384, 1)
[16:11:04.387843] {Default Queue}  -> wl_region#126.add(17, 5, 508, 1)
[16:11:04.387844] {Default Queue}  -> wl_region#126.add(572, 5, 136, 1)
[16:11:04.387845] {Default Queue}  -> wl_region#126.add(875, 5, 388, 1)
[16:11:04.387846] {Default Queue}  -> wl_region#126.add(16, 6, 510, 1)
[16:11:04.387846] {Default Queue}  -> wl_region#126.add(571, 6, 138, 1)
[16:11:04.387847] {Default Queue}  -> wl_region#126.add(874, 6, 390, 1)
[16:11:04.387848] {Default Queue}  -> wl_region#126.add(15, 7, 512, 1)
[16:11:04.387848] {Default Queue}  -> wl_region#126.add(570, 7, 140, 1)
[16:11:04.387849] {Default Queue}  -> wl_region#126.add(873, 7, 392, 1)
[16:11:04.387849] {Default Queue}  -> wl_region#126.add(14, 8, 514, 1)
[16:11:04.387850] {Default Queue}  -> wl_region#126.add(569, 8, 142, 1)
[16:11:04.387851] {Default Queue}  -> wl_region#126.add(872, 8, 394, 1)
[16:11:04.387851] {Default Queue}  -> wl_region#126.add(13, 9, 516, 1)
[16:11:04.387852] {Default Queue}  -> wl_region#126.add(568, 9, 144, 1)
[16:11:04.387853] {Default Queue}  -> wl_region#126.add(871, 9, 396, 1)
[16:11:04.387853] {Default Queue}  -> wl_region#126.add(12, 10, 518, 2)
[16:11:04.387854] {Default Queue}  -> wl_region#126.add(567, 10, 146, 2)
[16:11:04.387855] {Default Queue}  -> wl_region#126.add(870, 10, 398, 2)
[16:11:04.387855] {Default Queue}  -> wl_region#126.add(11, 12, 520, 5)
[16:11:04.387856] {Default Queue}  -> wl_region#126.add(566, 12, 148, 5)
[16:11:04.387856] {Default Queue}  -> wl_region#126.add(869, 12, 400, 5)
[16:11:04.387857] {Default Queue}  -> wl_region#126.add(10, 17, 522, 14)
[16:11:04.387858] {Default Queue}  -> wl_region#126.add(565, 17, 150, 14)
[16:11:04.387859] {Default Queue}  -> wl_region#126.add(868, 17, 402, 14)
[16:11:04.387859] {Default Queue}  -> wl_region#126.add(11, 31, 520, 5)
[16:11:04.387860] {Default Queue}  -> wl_region#126.add(566, 31, 148, 5)
[16:11:04.387861] {Default Queue}  -> wl_region#126.add(869, 31, 400, 5)
[16:11:04.387861] {Default Queue}  -> wl_region#126.add(12, 36, 518, 2)
[16:11:04.387862] {Default Queue}  -> wl_region#126.add(567, 36, 146, 2)
[16:11:04.387863] {Default Queue}  -> wl_region#126.add(870, 36, 398, 2)
[16:11:04.387863] {Default Queue}  -> wl_region#126.add(13, 38, 516, 1)
[16:11:04.387864] {Default Queue}  -> wl_region#126.add(568, 38, 144, 1)
[16:11:04.387864] {Default Queue}  -> wl_region#126.add(871, 38, 396, 1)
[16:11:04.387865] {Default Queue}  -> wl_region#126.add(14, 39, 514, 1)
[16:11:04.387866] {Default Queue}  -> wl_region#126.add(569, 39, 142, 1)
[16:11:04.387866] {Default Queue}  -> wl_region#126.add(872, 39, 394, 1)
[16:11:04.387867] {Default Queue}  -> wl_region#126.add(15, 40, 512, 1)
[16:11:04.387868] {Default Queue}  -> wl_region#126.add(570, 40, 140, 1)
[16:11:04.387868] {Default Queue}  -> wl_region#126.add(873, 40, 392, 1)
[16:11:04.387869] {Default Queue}  -> wl_region#126.add(16, 41, 510, 1)
[16:11:04.387869] {Default Queue}  -> wl_region#126.add(571, 41, 138, 1)
[16:11:04.387870] {Default Queue}  -> wl_region#126.add(874, 41, 390, 1)
[16:11:04.387871] {Default Queue}  -> wl_region#126.add(17, 42, 508, 1)
[16:11:04.387871] {Default Queue}  -> wl_region#126.add(572, 42, 136, 1)
[16:11:04.387872] {Default Queue}  -> wl_region#126.add(875, 42, 388, 1)
[16:11:04.387873] {Default Queue}  -> wl_region#126.add(19, 43, 504, 1)
[16:11:04.387873] {Default Queue}  -> wl_region#126.add(574, 43, 132, 1)
[16:11:04.387874] {Default Queue}  -> wl_region#126.add(877, 43, 384, 1)
[16:11:04.387875]  -> wl_surface#71.set_input_region(wl_region#126)
[16:11:04.387876] {Default Queue}  -> wl_region#126.destroy()
[16:11:04.387877]  -> wl_surface#71.attach(wl_buffer#97, 0, 0)
[16:11:04.387878]  -> wl_surface#71.frame(new id wl_callback#94)
[16:11:04.387880] {Default Queue}  -> wp_presentation#23.feedback(wl_surface#71, new id wp_presentation_feedback#125)
[16:11:04.387882]  -> wl_surface#71.commit()
[16:11:04.398580]  -> wl_surface#110.attach(wl_buffer#123, 0, 0)
[16:11:04.398591]  -> wl_surface#110.frame(new id wl_callback#102)
[16:11:04.398594] {Default Queue}  -> wp_presentation#23.feedback(wl_surface#110, new id wp_presentation_feedback#115)
[16:11:04.398597]  -> wl_surface#110.commit()
info: event=launcher-painted latency_us=16831
[16:11:04.398748] {Display Queue} wl_display#1.delete_id(111)
[16:11:04.398751] {Default Queue} wl_callback#111.done(15892513)
[16:11:04.398867] {Display Queue} wl_display#1.delete_id(95)
[16:11:04.398869] {Display Queue} wl_display#1.delete_id(126)
[16:11:04.398870] {Display Queue} wl_display#1.delete_id(118)
[16:11:04.398871] {Default Queue} wl_callback#95.done(15892513)
[16:11:04.398876] {Default Queue} wl_buffer#97.release()
[16:11:04.398878] {Default Queue} wl_buffer#123.release()
[16:11:04.398879] {Default Queue} wp_presentation_feedback#118.sync_output(wl_output#64)
[16:11:04.398880] {Default Queue} wp_presentation_feedback#118.sync_output(wl_output#34)
[16:11:04.398881] {Default Queue} wp_presentation_feedback#118.presented(0, 15892, 513938459, 0, 0, 0, 0)
[16:11:04.398968] {Default Queue}  -> wl_compositor#4.create_region(new id wl_region#118)
[16:11:04.398971] {Default Queue}  -> wl_region#118.add(19, 4, 504, 1)
[16:11:04.398973] {Default Queue}  -> wl_region#118.add(574, 4, 132, 1)
[16:11:04.398974] {Default Queue}  -> wl_region#118.add(877, 4, 384, 1)
[16:11:04.398975] {Default Queue}  -> wl_region#118.add(17, 5, 508, 1)
[16:11:04.398976] {Default Queue}  -> wl_region#118.add(572, 5, 136, 1)
[16:11:04.398978] {Default Queue}  -> wl_region#118.add(875, 5, 388, 1)
[16:11:04.398979] {Default Queue}  -> wl_region#118.add(16, 6, 510, 1)
[16:11:04.398980] {Default Queue}  -> wl_region#118.add(571, 6, 138, 1)
[16:11:04.398981] {Default Queue}  -> wl_region#118.add(874, 6, 390, 1)
[16:11:04.398982] {Default Queue}  -> wl_region#118.add(15, 7, 512, 1)
[16:11:04.398983] {Default Queue}  -> wl_region#118.add(570, 7, 140, 1)
[16:11:04.398984] {Default Queue}  -> wl_region#118.add(873, 7, 392, 1)
[16:11:04.398985] {Default Queue}  -> wl_region#118.add(14, 8, 514, 1)
[16:11:04.398986] {Default Queue}  -> wl_region#118.add(569, 8, 142, 1)
[16:11:04.398987] {Default Queue}  -> wl_region#118.add(872, 8, 394, 1)
[16:11:04.398988] {Default Queue}  -> wl_region#118.add(13, 9, 516, 1)
[16:11:04.398989] {Default Queue}  -> wl_region#118.add(568, 9, 144, 1)
[16:11:04.398990] {Default Queue}  -> wl_region#118.add(871, 9, 396, 1)
[16:11:04.398991] {Default Queue}  -> wl_region#118.add(12, 10, 518, 2)
[16:11:04.398992] {Default Queue}  -> wl_region#118.add(567, 10, 146, 2)
[16:11:04.398993] {Default Queue}  -> wl_region#118.add(870, 10, 398, 2)
[16:11:04.398995] {Default Queue}  -> wl_region#118.add(11, 12, 520, 5)
[16:11:04.398996] {Default Queue}  -> wl_region#118.add(566, 12, 148, 5)
[16:11:04.398997] {Default Queue}  -> wl_region#118.add(869, 12, 400, 5)
[16:11:04.398998] {Default Queue}  -> wl_region#118.add(10, 17, 522, 14)
[16:11:04.398999] {Default Queue}  -> wl_region#118.add(565, 17, 150, 14)
[16:11:04.399000] {Default Queue}  -> wl_region#118.add(868, 17, 402, 14)
[16:11:04.399001] {Default Queue}  -> wl_region#118.add(11, 31, 520, 5)
[16:11:04.399002] {Default Queue}  -> wl_region#118.add(566, 31, 148, 5)
[16:11:04.399003] {Default Queue}  -> wl_region#118.add(869, 31, 400, 5)
[16:11:04.399004] {Default Queue}  -> wl_region#118.add(12, 36, 518, 2)
[16:11:04.399005] {Default Queue}  -> wl_region#118.add(567, 36, 146, 2)
[16:11:04.399006] {Default Queue}  -> wl_region#118.add(870, 36, 398, 2)
[16:11:04.399007] {Default Queue}  -> wl_region#118.add(13, 38, 516, 1)
[16:11:04.399008] {Default Queue}  -> wl_region#118.add(568, 38, 144, 1)
[16:11:04.399009] {Default Queue}  -> wl_region#118.add(871, 38, 396, 1)
[16:11:04.399010] {Default Queue}  -> wl_region#118.add(14, 39, 514, 1)
[16:11:04.399011] {Default Queue}  -> wl_region#118.add(569, 39, 142, 1)
[16:11:04.399012] {Default Queue}  -> wl_region#118.add(872, 39, 394, 1)
[16:11:04.399013] {Default Queue}  -> wl_region#118.add(15, 40, 512, 1)
[16:11:04.399015] {Default Queue}  -> wl_region#118.add(570, 40, 140, 1)
[16:11:04.399016] {Default Queue}  -> wl_region#118.add(873, 40, 392, 1)
[16:11:04.399017] {Default Queue}  -> wl_region#118.add(16, 41, 510, 1)
[16:11:04.399018] {Default Queue}  -> wl_region#118.add(571, 41, 138, 1)
[16:11:04.399019] {Default Queue}  -> wl_region#118.add(874, 41, 390, 1)
[16:11:04.399020] {Default Queue}  -> wl_region#118.add(17, 42, 508, 1)
[16:11:04.399021] {Default Queue}  -> wl_region#118.add(572, 42, 136, 1)
[16:11:04.399022] {Default Queue}  -> wl_region#118.add(875, 42, 388, 1)
[16:11:04.399023] {Default Queue}  -> wl_region#118.add(19, 43, 504, 1)
[16:11:04.399024] {Default Queue}  -> wl_region#118.add(574, 43, 132, 1)
[16:11:04.399025] {Default Queue}  -> wl_region#118.add(877, 43, 384, 1)
[16:11:04.399027]  -> wl_surface#76.set_input_region(wl_region#118)
[16:11:04.399028] {Default Queue}  -> wl_region#118.destroy()
[16:11:04.399029]  -> wl_surface#76.attach(wl_buffer#113, 0, 0)
[16:11:04.399031]  -> wl_surface#76.frame(new id wl_callback#95)
[16:11:04.399032] {Default Queue}  -> wp_presentation#23.feedback(wl_surface#76, new id wp_presentation_feedback#126)
[16:11:04.399034]  -> wl_surface#76.commit()
[16:11:04.399125] {Display Queue} wl_display#1.delete_id(118)
[16:11:04.399127] {Default Queue} wl_buffer#113.release()
[16:11:04.415015] {Display Queue} wl_display#1.delete_id(94)
[16:11:04.415024] {Display Queue} wl_display#1.delete_id(102)
[16:11:04.415026] {Display Queue} wl_display#1.delete_id(125)
[16:11:04.415027] {Display Queue} wl_display#1.delete_id(109)
[16:11:04.415027] {Display Queue} wl_display#1.delete_id(115)
[16:11:04.415028] {Default Queue} wl_callback#94.done(15892530)
[16:11:04.415036] {Default Queue} wl_callback#102.done(15892530)
[16:11:04.415041] {Default Queue} wp_presentation_feedback#125.sync_output(wl_output#63)
[16:11:04.415042] {Default Queue} wp_presentation_feedback#125.sync_output(wl_output#31)
[16:11:04.415043] {Default Queue} wp_presentation_feedback#125.presented(0, 15892, 530062251, 0, 0, 0, 0)
[16:11:04.415047] {Default Queue} wp_presentation_feedback#109.sync_output(wl_output#63)
[16:11:04.415048] {Default Queue} wp_presentation_feedback#109.sync_output(wl_output#31)
[16:11:04.415048] {Default Queue} wp_presentation_feedback#109.presented(0, 15892, 530062251, 0, 0, 0, 0)
[16:11:04.415051] {Default Queue} wp_presentation_feedback#115.sync_output(wl_output#63)
[16:11:04.415052] {Default Queue} wp_presentation_feedback#115.sync_output(wl_output#31)
[16:11:04.415052] {Default Queue} wp_presentation_feedback#115.presented(0, 15892, 530062251, 0, 0, 0, 0)
[16:11:04.415090] {Display Queue} wl_display#1.delete_id(95)
[16:11:04.415091] {Display Queue} wl_display#1.delete_id(126)
[16:11:04.415091] {Default Queue} wl_callback#95.done(15892530)
[16:11:04.415093] {Default Queue} wp_presentation_feedback#126.sync_output(wl_output#64)
[16:11:04.415093] {Default Queue} wp_presentation_feedback#126.sync_output(wl_output#34)
[16:11:04.415094] {Default Queue} wp_presentation_feedback#126.presented(0, 15892, 530158432, 0, 0, 0, 0)
[16:11:04.735027]  -> wl_surface#70.attach(wl_buffer#104, 0, 0)
[16:11:04.735036]  -> wl_surface#70.frame(new id wl_callback#126)
[16:11:04.735039] {Default Queue}  -> wp_presentation#23.feedback(wl_surface#70, new id wp_presentation_feedback#95)
[16:11:04.735042]  -> wl_surface#70.commit()
info: event=launcher-results count=114 shown=114 publish_us=5152
[16:11:04.740091] {Default Queue} wl_buffer#104.release()
[16:11:04.752009]  -> wl_surface#110.attach(wl_buffer#123, 0, 0)
[16:11:04.752018]  -> wl_surface#110.frame(new id wl_callback#115)
[16:11:04.752021] {Default Queue}  -> wp_presentation#23.feedback(wl_surface#110, new id wp_presentation_feedback#109)
[16:11:04.752023]  -> wl_surface#110.commit()
info: event=launcher-painted latency_us=17137
[16:11:04.752093] {Display Queue} wl_display#1.delete_id(126)
[16:11:04.752095] {Default Queue} wl_callback#126.done(15892864)
[16:11:04.752229] {Default Queue} wl_buffer#123.release()
[16:11:04.752590]  -> wl_surface#71.attach(wl_buffer#97, 0, 0)
[16:11:04.752594]  -> wl_surface#71.damage_buffer(1099, 18, 19, 12)
[16:11:04.752595]  -> wl_surface#71.frame(new id wl_callback#126)
[16:11:04.752596] {Default Queue}  -> wp_presentation#23.feedback(wl_surface#71, new id wp_presentation_feedback#125)
[16:11:04.752598]  -> wl_surface#71.commit()
[16:11:04.752618]  -> wl_surface#70.attach(wl_buffer#104, 0, 0)
[16:11:04.752619]  -> wl_surface#70.frame(new id wl_callback#102)
[16:11:04.752620] {Default Queue}  -> wp_presentation#23.feedback(wl_surface#70, new id wp_presentation_feedback#94)
[16:11:04.752621]  -> wl_surface#70.commit()
[16:11:04.752675]  -> wl_surface#76.attach(wl_buffer#113, 0, 0)
[16:11:04.752676]  -> wl_surface#76.damage_buffer(1099, 18, 19, 12)
[16:11:04.752677]  -> wl_surface#76.frame(new id wl_callback#118)
[16:11:04.752678] {Default Queue}  -> wp_presentation#23.feedback(wl_surface#76, new id wp_presentation_feedback#111)
[16:11:04.752679]  -> wl_surface#76.commit()
info: event=launcher-results count=114 shown=114 publish_us=4758
[16:11:04.757233] {Display Queue} wl_display#1.delete_id(95)
[16:11:04.757236] {Default Queue} wl_buffer#97.release()
[16:11:04.757237] {Default Queue} wp_presentation_feedback#95.discarded()
[16:11:04.757240] {Default Queue} wl_buffer#104.release()
[16:11:04.757240] {Default Queue} wl_buffer#113.release()
info: event=launcher-results count=114 shown=114 publish_us=4225
[16:11:04.765289] {Display Queue} wl_display#1.delete_id(126)
[16:11:04.765295] {Display Queue} wl_display#1.delete_id(102)
[16:11:04.765296] {Display Queue} wl_display#1.delete_id(115)
[16:11:04.765297] {Display Queue} wl_display#1.delete_id(125)
[16:11:04.765298] {Default Queue} wl_callback#126.done(15892880)
[16:11:04.765304] {Default Queue} wl_callback#102.done(15892880)
[16:11:04.765308] {Default Queue} wl_callback#115.done(15892880)
[16:11:04.765310] {Default Queue} wp_presentation_feedback#125.sync_output(wl_output#63)
[16:11:04.765311] {Default Queue} wp_presentation_feedback#125.sync_output(wl_output#31)
[16:11:04.765312] {Default Queue} wp_presentation_feedback#125.presented(0, 15892, 880339359, 0, 0, 0, 0)
[16:11:04.765371]  -> wl_surface#70.attach(wl_buffer#104, 0, 0)
[16:11:04.765374]  -> wl_surface#70.frame(new id wl_callback#125)
[16:11:04.765376] {Default Queue}  -> wp_presentation#23.feedback(wl_surface#70, new id wp_presentation_feedback#115)
[16:11:04.765377]  -> wl_surface#70.commit()
[16:11:04.778637]  -> wl_surface#110.attach(wl_buffer#123, 0, 0)
[16:11:04.778644]  -> wl_surface#110.frame(new id wl_callback#102)
[16:11:04.778647] {Default Queue}  -> wp_presentation#23.feedback(wl_surface#110, new id wp_presentation_feedback#126)
[16:11:04.778650]  -> wl_surface#110.commit()
info: event=launcher-painted latency_us=21301
[16:11:04.778722] {Display Queue} wl_display#1.delete_id(118)
[16:11:04.778724] {Display Queue} wl_display#1.delete_id(111)
[16:11:04.778725] {Default Queue} wl_callback#118.done(15892880)
[16:11:04.778730] {Default Queue} wp_presentation_feedback#111.sync_output(wl_output#64)
[16:11:04.778731] {Default Queue} wp_presentation_feedback#111.sync_output(wl_output#34)
[16:11:04.778731] {Default Queue} wp_presentation_feedback#111.presented(0, 15892, 880479821, 0, 0, 0, 0)
[16:11:04.778803] {Display Queue} wl_display#1.delete_id(94)
[16:11:04.778804] {Display Queue} wl_display#1.delete_id(109)
[16:11:04.778804] {Default Queue} wp_presentation_feedback#94.discarded()
[16:11:04.778806] {Default Queue} wl_buffer#104.release()
[16:11:04.778807] {Default Queue} wp_presentation_feedback#109.discarded()
[16:11:04.778807] {Default Queue} wl_buffer#123.release()
[16:11:04.779548] {Display Queue} wl_display#1.delete_id(125)
[16:11:04.779553] {Display Queue} wl_display#1.delete_id(102)
[16:11:04.779555] {Default Queue} wl_callback#125.done(15892894)
[16:11:04.779559] {Default Queue} wl_callback#102.done(15892894)
[16:11:05.733089] {Display Queue} wl_display#1.delete_id(115)
[16:11:05.733096] {Display Queue} wl_display#1.delete_id(126)
[16:11:05.733098] {Default Queue} wp_presentation_feedback#115.sync_output(wl_output#63)
[16:11:05.733099] {Default Queue} wp_presentation_feedback#115.sync_output(wl_output#31)
[16:11:05.733100] {Default Queue} wp_presentation_feedback#115.presented(0, 15893, 848130873, 0, 0, 0, 0)
[16:11:05.733107] {Default Queue} wp_presentation_feedback#126.sync_output(wl_output#63)
[16:11:05.733107] {Default Queue} wp_presentation_feedback#126.sync_output(wl_output#31)
[16:11:05.733108] {Default Queue} wp_presentation_feedback#126.presented(0, 15893, 848130873, 0, 0, 0, 0)
[16:11:05.736643]  -> wl_surface#70.attach(wl_buffer#104, 0, 0)
[16:11:05.736649]  -> wl_surface#70.frame(new id wl_callback#126)
[16:11:05.736652] {Default Queue}  -> wp_presentation#23.feedback(wl_surface#70, new id wp_presentation_feedback#115)
[16:11:05.736654]  -> wl_surface#70.commit()
info: event=launcher-results count=114 shown=114 publish_us=5191
[16:11:05.741782] {Default Queue} wl_buffer#104.release()
[16:11:05.753558]  -> wl_surface#110.attach(wl_buffer#123, 0, 0)
[16:11:05.753566]  -> wl_surface#110.frame(new id wl_callback#102)
[16:11:05.753569] {Default Queue}  -> wp_presentation#23.feedback(wl_surface#110, new id wp_presentation_feedback#125)
[16:11:05.753572]  -> wl_surface#110.commit()
info: event=launcher-painted latency_us=17058
[16:11:05.753641] {Display Queue} wl_display#1.delete_id(126)
[16:11:05.753644] {Default Queue} wl_callback#126.done(15893864)
[16:11:05.753809] {Default Queue} wl_buffer#123.release()
[16:11:05.754299]  -> wl_surface#71.attach(wl_buffer#97, 0, 0)
[16:11:05.754305]  -> wl_surface#71.damage_buffer(1099, 18, 19, 11)
[16:11:05.754307]  -> wl_surface#71.frame(new id wl_callback#126)
[16:11:05.754309] {Default Queue}  -> wp_presentation#23.feedback(wl_surface#71, new id wp_presentation_feedback#109)
[16:11:05.754310]  -> wl_surface#71.commit()
[16:11:05.754345]  -> wl_surface#70.attach(wl_buffer#104, 0, 0)
[16:11:05.754347]  -> wl_surface#70.frame(new id wl_callback#94)
[16:11:05.754349] {Default Queue}  -> wp_presentation#23.feedback(wl_surface#70, new id wp_presentation_feedback#111)
[16:11:05.754350]  -> wl_surface#70.commit()
[16:11:05.754446]  -> wl_surface#76.attach(wl_buffer#113, 0, 0)
[16:11:05.754448]  -> wl_surface#76.damage_buffer(1099, 18, 19, 11)
[16:11:05.754450]  -> wl_surface#76.frame(new id wl_callback#118)
[16:11:05.754451] {Default Queue}  -> wp_presentation#23.feedback(wl_surface#76, new id wp_presentation_feedback#95)
[16:11:05.754452]  -> wl_surface#76.commit()
info: event=launcher-results count=114 shown=114 publish_us=5250
[16:11:05.759384] {Display Queue} wl_display#1.delete_id(115)
[16:11:05.759387] {Default Queue} wl_buffer#97.release()
[16:11:05.759389] {Default Queue} wp_presentation_feedback#115.discarded()
[16:11:05.759392] {Default Queue} wl_buffer#104.release()
[16:11:05.759392] {Default Queue} wl_buffer#113.release()
info: event=launcher-results count=114 shown=114 publish_us=4137
[16:11:05.766433] {Display Queue} wl_display#1.delete_id(126)
[16:11:05.766440] {Display Queue} wl_display#1.delete_id(94)
[16:11:05.766441] {Display Queue} wl_display#1.delete_id(102)
[16:11:05.766441] {Display Queue} wl_display#1.delete_id(109)
[16:11:05.766442] {Default Queue} wl_callback#126.done(15893881)
[16:11:05.766449] {Default Queue} wl_callback#94.done(15893881)
[16:11:05.766453] {Default Queue} wl_callback#102.done(15893881)
[16:11:05.766455] {Default Queue} wp_presentation_feedback#109.sync_output(wl_output#63)
[16:11:05.766456] {Default Queue} wp_presentation_feedback#109.sync_output(wl_output#31)
[16:11:05.766457] {Default Queue} wp_presentation_feedback#109.presented(0, 15893, 881475827, 0, 0, 0, 0)
[16:11:05.766514]  -> wl_surface#70.attach(wl_buffer#104, 0, 0)
[16:11:05.766517]  -> wl_surface#70.frame(new id wl_callback#109)
[16:11:05.766519] {Default Queue}  -> wp_presentation#23.feedback(wl_surface#70, new id wp_presentation_feedback#102)
[16:11:05.766521]  -> wl_surface#70.commit()
[16:11:05.777171]  -> wl_surface#110.attach(wl_buffer#123, 0, 0)
[16:11:05.777179]  -> wl_surface#110.frame(new id wl_callback#94)
[16:11:05.777182] {Default Queue}  -> wp_presentation#23.feedback(wl_surface#110, new id wp_presentation_feedback#126)
[16:11:05.777184]  -> wl_surface#110.commit()
info: event=launcher-painted latency_us=17669
[16:11:05.777247] {Display Queue} wl_display#1.delete_id(118)
[16:11:05.777249] {Display Queue} wl_display#1.delete_id(95)
[16:11:05.777250] {Default Queue} wl_callback#118.done(15893881)
[16:11:05.777255] {Default Queue} wp_presentation_feedback#95.sync_output(wl_output#64)
[16:11:05.777256] {Default Queue} wp_presentation_feedback#95.sync_output(wl_output#34)
[16:11:05.777257] {Default Queue} wp_presentation_feedback#95.presented(0, 15893, 881655518, 0, 0, 0, 0)
[16:11:05.777326] {Display Queue} wl_display#1.delete_id(111)
[16:11:05.777328] {Display Queue} wl_display#1.delete_id(125)
[16:11:05.777328] {Default Queue} wp_presentation_feedback#111.discarded()
[16:11:05.777330] {Default Queue} wl_buffer#104.release()
[16:11:05.777331] {Default Queue} wp_presentation_feedback#125.discarded()
[16:11:05.777332] {Default Queue} wl_buffer#123.release()
[16:11:05.781449] {Display Queue} wl_display#1.delete_id(109)
[16:11:05.781456] {Display Queue} wl_display#1.delete_id(94)
[16:11:05.781457] {Default Queue} wl_callback#109.done(15893896)
[16:11:05.781465] {Default Queue} wl_callback#94.done(15893896)
[16:11:05.952408]  -> wl_surface#70.attach(wl_buffer#104, 0, 0)
[16:11:05.952415]  -> wl_surface#70.frame(new id wl_callback#94)
[16:11:05.952418] {Default Queue}  -> wp_presentation#23.feedback(wl_surface#70, new id wp_presentation_feedback#109)
[16:11:05.952421]  -> wl_surface#70.commit()
info: event=launcher-results count=114 shown=114 publish_us=5635
[16:11:05.957985] {Display Queue} wl_display#1.delete_id(102)
[16:11:05.957990] {Display Queue} wl_display#1.delete_id(94)
[16:11:05.957991] {Default Queue} wp_presentation_feedback#102.discarded()
[16:11:05.957993] {Default Queue} wl_buffer#104.release()
[16:11:05.957994] {Default Queue} wl_callback#94.done(15894067)
[16:11:05.968697]  -> wl_surface#110.attach(wl_buffer#123, 0, 0)
[16:11:05.968704]  -> wl_surface#110.frame(new id wl_callback#94)
[16:11:05.968707] {Default Queue}  -> wp_presentation#23.feedback(wl_surface#110, new id wp_presentation_feedback#102)
[16:11:05.968710]  -> wl_surface#110.commit()
info: event=launcher-painted latency_us=16412
[16:11:05.969052] {Display Queue} wl_display#1.delete_id(126)
[16:11:05.969055] {Display Queue} wl_display#1.delete_id(94)
[16:11:05.969056] {Default Queue} wp_presentation_feedback#126.discarded()
[16:11:05.969059] {Default Queue} wl_buffer#123.release()
[16:11:05.969060] {Default Queue} wl_callback#94.done(15894084)
[16:11:06.734834] {Display Queue} wl_display#1.delete_id(109)
[16:11:06.734841] {Display Queue} wl_display#1.delete_id(102)
[16:11:06.734843] {Default Queue} ext_background_effect_manager_v1#48.capabilities(0)
info: event=blur-capability available=false
[16:11:06.735014] {Default Queue}  -> ext_background_effect_surface_v1#101.set_blur_region(nil)
[16:11:06.735063] {Default Queue}  -> ext_background_effect_surface_v1#117.set_blur_region(nil)
[16:11:06.735119] {Default Queue}  -> ext_background_effect_surface_v1#93.set_blur_region(nil)
[16:11:06.735122] {Default Queue} wp_presentation_feedback#109.sync_output(wl_output#63)
[16:11:06.735123] {Default Queue} wp_presentation_feedback#109.sync_output(wl_output#31)
[16:11:06.735124] {Default Queue} wp_presentation_feedback#109.presented(0, 15894, 849879876, 0, 0, 0, 0)
[16:11:06.735127] {Default Queue} wp_presentation_feedback#102.sync_output(wl_output#63)
[16:11:06.735128] {Default Queue} wp_presentation_feedback#102.sync_output(wl_output#31)
[16:11:06.735129] {Default Queue} wp_presentation_feedback#102.presented(0, 15894, 849879876, 0, 0, 0, 0)
[16:11:06.735789] {Default Queue}  -> wl_compositor#4.create_region(new id wl_region#102)
[16:11:06.735792] {Default Queue}  -> wl_region#102.add(18, 4, 506, 40)
[16:11:06.735794]  -> wl_surface#71.set_opaque_region(wl_region#102)
[16:11:06.735796] {Default Queue}  -> wl_region#102.destroy()
[16:11:06.735797]  -> wl_surface#71.attach(wl_buffer#97, 0, 0)
[16:11:06.735799]  -> wl_surface#71.damage_buffer(4, 4, 534, 40)
[16:11:06.735800]  -> wl_surface#71.damage_buffer(559, 4, 162, 40)
[16:11:06.735801]  -> wl_surface#71.damage_buffer(862, 4, 414, 40)
[16:11:06.735802]  -> wl_surface#71.frame(new id wl_callback#109)
[16:11:06.735804] {Default Queue}  -> wp_presentation#23.feedback(wl_surface#71, new id wp_presentation_feedback#94)
[16:11:06.735806]  -> wl_surface#71.commit()
[16:11:06.736411] {Default Queue}  -> wl_compositor#4.create_region(new id wl_region#126)
[16:11:06.736415] {Default Queue}  -> wl_region#126.add(18, 4, 506, 40)
[16:11:06.736417]  -> wl_surface#76.set_opaque_region(wl_region#126)
[16:11:06.736418] {Default Queue}  -> wl_region#126.destroy()
[16:11:06.736420]  -> wl_surface#76.attach(wl_buffer#113, 0, 0)
[16:11:06.736422]  -> wl_surface#76.damage_buffer(4, 4, 534, 40)
[16:11:06.736423]  -> wl_surface#76.damage_buffer(559, 4, 162, 40)
[16:11:06.736424]  -> wl_surface#76.damage_buffer(862, 4, 414, 40)
[16:11:06.736425]  -> wl_surface#76.frame(new id wl_callback#125)
[16:11:06.736427] {Default Queue}  -> wp_presentation#23.feedback(wl_surface#76, new id wp_presentation_feedback#111)
[16:11:06.736428]  -> wl_surface#76.commit()
[16:11:06.739612] {Default Queue}  -> wl_compositor#4.create_region(new id wl_region#95)
[16:11:06.739615] {Default Queue}  -> wl_region#95.add(344, 36, 592, 600)
[16:11:06.739617]  -> wl_surface#110.set_opaque_region(wl_region#95)
[16:11:06.739618] {Default Queue}  -> wl_region#95.destroy()
[16:11:06.739619]  -> wl_surface#110.attach(wl_buffer#123, 0, 0)
[16:11:06.739620]  -> wl_surface#110.damage_buffer(330, 36, 620, 600)
[16:11:06.739621]  -> wl_surface#110.frame(new id wl_callback#118)
[16:11:06.739623] {Default Queue}  -> wp_presentation#23.feedback(wl_surface#110, new id wp_presentation_feedback#115)
[16:11:06.739624]  -> wl_surface#110.commit()
[16:11:06.739916] {Display Queue} wl_display#1.delete_id(102)
[16:11:06.739919] {Display Queue} wl_display#1.delete_id(126)
[16:11:06.739919] {Display Queue} wl_display#1.delete_id(95)
[16:11:06.739920] {Default Queue} wl_buffer#97.release()
[16:11:06.739923] {Default Queue} wl_buffer#113.release()
[16:11:06.739924] {Default Queue} wl_buffer#123.release()
[16:11:06.739963]  -> wl_surface#70.attach(wl_buffer#104, 0, 0)
[16:11:06.739965]  -> wl_surface#70.frame(new id wl_callback#95)
[16:11:06.739966] {Default Queue}  -> wp_presentation#23.feedback(wl_surface#70, new id wp_presentation_feedback#126)
[16:11:06.739967]  -> wl_surface#70.commit()
info: event=launcher-results count=114 shown=114 publish_us=5355
[16:11:06.745290] {Default Queue} wl_buffer#104.release()
info: event=launcher-results count=114 shown=114 publish_us=4314
[16:11:06.751030] {Display Queue} wl_display#1.delete_id(109)
[16:11:06.751037] {Display Queue} wl_display#1.delete_id(95)
[16:11:06.751039] {Display Queue} wl_display#1.delete_id(118)
[16:11:06.751039] {Display Queue} wl_display#1.delete_id(94)
[16:11:06.751040] {Display Queue} wl_display#1.delete_id(126)
[16:11:06.751041] {Display Queue} wl_display#1.delete_id(115)
[16:11:06.751041] {Default Queue} wl_callback#109.done(15894866)
[16:11:06.751049] {Default Queue} wl_callback#95.done(15894866)
[16:11:06.751051] {Default Queue} wl_callback#118.done(15894866)
[16:11:06.751054] {Default Queue} wp_presentation_feedback#94.sync_output(wl_output#63)
[16:11:06.751055] {Default Queue} wp_presentation_feedback#94.sync_output(wl_output#31)
[16:11:06.751056] {Default Queue} wp_presentation_feedback#94.presented(0, 15894, 866049898, 0, 0, 0, 0)
[16:11:06.751059] {Default Queue} wp_presentation_feedback#126.sync_output(wl_output#63)
[16:11:06.751060] {Default Queue} wp_presentation_feedback#126.sync_output(wl_output#31)
[16:11:06.751060] {Default Queue} wp_presentation_feedback#126.presented(0, 15894, 866049898, 0, 0, 0, 0)
[16:11:06.751062] {Default Queue} wp_presentation_feedback#115.sync_output(wl_output#63)
[16:11:06.751063] {Default Queue} wp_presentation_feedback#115.sync_output(wl_output#31)
[16:11:06.751063] {Default Queue} wp_presentation_feedback#115.presented(0, 15894, 866049898, 0, 0, 0, 0)
[16:11:06.751073] {Display Queue} wl_display#1.delete_id(125)
[16:11:06.751074] {Display Queue} wl_display#1.delete_id(111)
[16:11:06.751074] {Default Queue} wl_callback#125.done(15894866)
[16:11:06.751076] {Default Queue} wp_presentation_feedback#111.sync_output(wl_output#64)
[16:11:06.751077] {Default Queue} wp_presentation_feedback#111.sync_output(wl_output#34)
[16:11:06.751077] {Default Queue} wp_presentation_feedback#111.presented(0, 15894, 866114179, 0, 0, 0, 0)
[16:11:06.751283]  -> wl_surface#71.attach(wl_buffer#97, 0, 0)
[16:11:06.751286]  -> wl_surface#71.damage_buffer(1099, 18, 19, 12)
[16:11:06.751287]  -> wl_surface#71.frame(new id wl_callback#111)
[16:11:06.751289] {Default Queue}  -> wp_presentation#23.feedback(wl_surface#71, new id wp_presentation_feedback#125)
[16:11:06.751291]  -> wl_surface#71.commit()
[16:11:06.751321]  -> wl_surface#70.attach(wl_buffer#104, 0, 0)
[16:11:06.751322]  -> wl_surface#70.frame(new id wl_callback#115)
[16:11:06.751323] {Default Queue}  -> wp_presentation#23.feedback(wl_surface#70, new id wp_presentation_feedback#126)
[16:11:06.751324]  -> wl_surface#70.commit()
[16:11:06.761928]  -> wl_surface#110.attach(wl_buffer#123, 0, 0)
[16:11:06.761936]  -> wl_surface#110.frame(new id wl_callback#94)
[16:11:06.761939] {Default Queue}  -> wp_presentation#23.feedback(wl_surface#110, new id wp_presentation_feedback#118)
[16:11:06.761942]  -> wl_surface#110.commit()
info: event=launcher-painted latency_us=16155
[16:11:06.762096]  -> wl_surface#76.attach(wl_buffer#113, 0, 0)
[16:11:06.762098]  -> wl_surface#76.damage_buffer(1099, 18, 19, 12)
[16:11:06.762099]  -> wl_surface#76.frame(new id wl_callback#95)
[16:11:06.762101] {Default Queue}  -> wp_presentation#23.feedback(wl_surface#76, new id wp_presentation_feedback#109)
[16:11:06.762102]  -> wl_surface#76.commit()
[16:11:06.762256] {Default Queue} wl_buffer#97.release()
[16:11:06.762259] {Default Queue} wl_buffer#104.release()
[16:11:06.762260] {Default Queue} wl_buffer#123.release()
[16:11:06.762260] {Default Queue} wl_buffer#113.release()
[16:11:06.769211] {Display Queue} wl_display#1.delete_id(111)
[16:11:06.769217] {Display Queue} wl_display#1.delete_id(115)
[16:11:06.769219] {Display Queue} wl_display#1.delete_id(94)
[16:11:06.769220] {Display Queue} wl_display#1.delete_id(125)
[16:11:06.769221] {Default Queue} wl_callback#111.done(15894884)
[16:11:06.769225] {Default Queue} wl_callback#115.done(15894884)
[16:11:06.769227] {Default Queue} wl_callback#94.done(15894884)
[16:11:06.769231] {Default Queue} wp_presentation_feedback#125.sync_output(wl_output#63)
[16:11:06.769232] {Default Queue} wp_presentation_feedback#125.sync_output(wl_output#31)
[16:11:06.769233] {Default Queue} wp_presentation_feedback#125.presented(0, 15894, 884276750, 0, 0, 0, 0)
[16:11:06.769257] {Display Queue} wl_display#1.delete_id(95)
[16:11:06.769258] {Display Queue} wl_display#1.delete_id(109)
[16:11:06.769259] {Default Queue} wl_callback#95.done(15894884)
[16:11:06.769261] {Default Queue} wp_presentation_feedback#109.sync_output(wl_output#64)
[16:11:06.769261] {Default Queue} wp_presentation_feedback#109.sync_output(wl_output#34)
[16:11:06.769262] {Default Queue} wp_presentation_feedback#109.presented(0, 15894, 884327900, 0, 0, 0, 0)
[16:11:07.737191] {Display Queue} wl_display#1.delete_id(126)
[16:11:07.737199] {Display Queue} wl_display#1.delete_id(118)
[16:11:07.737201] {Default Queue} ext_background_effect_manager_v1#48.capabilities(1)
info: event=blur-capability available=true
[16:11:07.737385] {Default Queue}  -> wl_compositor#46.create_region(new id wl_region#109)
[16:11:07.737402] {Default Queue}  -> wl_region#109.add(19, 4, 504, 1)
[16:11:07.737404] {Default Queue}  -> wl_region#109.add(574, 4, 132, 1)
[16:11:07.737405] {Default Queue}  -> wl_region#109.add(877, 4, 384, 1)
[16:11:07.737406] {Default Queue}  -> wl_region#109.add(17, 5, 508, 1)
[16:11:07.737407] {Default Queue}  -> wl_region#109.add(572, 5, 136, 1)
[16:11:07.737408] {Default Queue}  -> wl_region#109.add(875, 5, 388, 1)
[16:11:07.737409] {Default Queue}  -> wl_region#109.add(16, 6, 510, 1)
[16:11:07.737409] {Default Queue}  -> wl_region#109.add(571, 6, 138, 1)
[16:11:07.737410] {Default Queue}  -> wl_region#109.add(874, 6, 390, 1)
[16:11:07.737411] {Default Queue}  -> wl_region#109.add(15, 7, 512, 1)
[16:11:07.737411] {Default Queue}  -> wl_region#109.add(570, 7, 140, 1)
[16:11:07.737412] {Default Queue}  -> wl_region#109.add(873, 7, 392, 1)
[16:11:07.737412] {Default Queue}  -> wl_region#109.add(14, 8, 514, 1)
[16:11:07.737413] {Default Queue}  -> wl_region#109.add(569, 8, 142, 1)
[16:11:07.737414] {Default Queue}  -> wl_region#109.add(872, 8, 394, 1)
[16:11:07.737414] {Default Queue}  -> wl_region#109.add(13, 9, 516, 1)
[16:11:07.737415] {Default Queue}  -> wl_region#109.add(568, 9, 144, 1)
[16:11:07.737415] {Default Queue}  -> wl_region#109.add(871, 9, 396, 1)
[16:11:07.737416] {Default Queue}  -> wl_region#109.add(12, 10, 518, 2)
[16:11:07.737417] {Default Queue}  -> wl_region#109.add(567, 10, 146, 2)
[16:11:07.737417] {Default Queue}  -> wl_region#109.add(870, 10, 398, 2)
[16:11:07.737418] {Default Queue}  -> wl_region#109.add(11, 12, 520, 5)
[16:11:07.737418] {Default Queue}  -> wl_region#109.add(566, 12, 148, 5)
[16:11:07.737419] {Default Queue}  -> wl_region#109.add(869, 12, 400, 5)
[16:11:07.737420] {Default Queue}  -> wl_region#109.add(10, 17, 522, 14)
[16:11:07.737420] {Default Queue}  -> wl_region#109.add(565, 17, 150, 14)
[16:11:07.737421] {Default Queue}  -> wl_region#109.add(868, 17, 402, 14)
[16:11:07.737421] {Default Queue}  -> wl_region#109.add(11, 31, 520, 5)
[16:11:07.737422] {Default Queue}  -> wl_region#109.add(566, 31, 148, 5)
[16:11:07.737423] {Default Queue}  -> wl_region#109.add(869, 31, 400, 5)
[16:11:07.737423] {Default Queue}  -> wl_region#109.add(12, 36, 518, 2)
[16:11:07.737424] {Default Queue}  -> wl_region#109.add(567, 36, 146, 2)
[16:11:07.737425] {Default Queue}  -> wl_region#109.add(870, 36, 398, 2)
[16:11:07.737425] {Default Queue}  -> wl_region#109.add(13, 38, 516, 1)
[16:11:07.737426] {Default Queue}  -> wl_region#109.add(568, 38, 144, 1)
[16:11:07.737426] {Default Queue}  -> wl_region#109.add(871, 38, 396, 1)
[16:11:07.737427] {Default Queue}  -> wl_region#109.add(14, 39, 514, 1)
[16:11:07.737428] {Default Queue}  -> wl_region#109.add(569, 39, 142, 1)
[16:11:07.737428] {Default Queue}  -> wl_region#109.add(872, 39, 394, 1)
[16:11:07.737429] {Default Queue}  -> wl_region#109.add(15, 40, 512, 1)
[16:11:07.737429] {Default Queue}  -> wl_region#109.add(570, 40, 140, 1)
[16:11:07.737430] {Default Queue}  -> wl_region#109.add(873, 40, 392, 1)
[16:11:07.737431] {Default Queue}  -> wl_region#109.add(16, 41, 510, 1)
[16:11:07.737431] {Default Queue}  -> wl_region#109.add(571, 41, 138, 1)
[16:11:07.737432] {Default Queue}  -> wl_region#109.add(874, 41, 390, 1)
[16:11:07.737432] {Default Queue}  -> wl_region#109.add(17, 42, 508, 1)
[16:11:07.737433] {Default Queue}  -> wl_region#109.add(572, 42, 136, 1)
[16:11:07.737434] {Default Queue}  -> wl_region#109.add(875, 42, 388, 1)
[16:11:07.737434] {Default Queue}  -> wl_region#109.add(19, 43, 504, 1)
[16:11:07.737435] {Default Queue}  -> wl_region#109.add(574, 43, 132, 1)
[16:11:07.737435] {Default Queue}  -> wl_region#109.add(877, 43, 384, 1)
[16:11:07.737437] {Default Queue}  -> ext_background_effect_surface_v1#101.set_blur_region(wl_region#109)
[16:11:07.737438] {Default Queue}  -> wl_region#109.destroy()
[16:11:07.737497] {Default Queue}  -> wl_compositor#46.create_region(new id wl_region#95)
[16:11:07.737509] {Default Queue}  -> wl_region#95.add(19, 4, 504, 1)
[16:11:07.737510] {Default Queue}  -> wl_region#95.add(574, 4, 132, 1)
[16:11:07.737511] {Default Queue}  -> wl_region#95.add(877, 4, 384, 1)
[16:11:07.737512] {Default Queue}  -> wl_region#95.add(17, 5, 508, 1)
[16:11:07.737512] {Default Queue}  -> wl_region#95.add(572, 5, 136, 1)
[16:11:07.737513] {Default Queue}  -> wl_region#95.add(875, 5, 388, 1)
[16:11:07.737513] {Default Queue}  -> wl_region#95.add(16, 6, 510, 1)
[16:11:07.737514] {Default Queue}  -> wl_region#95.add(571, 6, 138, 1)
[16:11:07.737515] {Default Queue}  -> wl_region#95.add(874, 6, 390, 1)
[16:11:07.737515] {Default Queue}  -> wl_region#95.add(15, 7, 512, 1)
[16:11:07.737516] {Default Queue}  -> wl_region#95.add(570, 7, 140, 1)
[16:11:07.737516] {Default Queue}  -> wl_region#95.add(873, 7, 392, 1)
[16:11:07.737517] {Default Queue}  -> wl_region#95.add(14, 8, 514, 1)
[16:11:07.737518] {Default Queue}  -> wl_region#95.add(569, 8, 142, 1)
[16:11:07.737518] {Default Queue}  -> wl_region#95.add(872, 8, 394, 1)
[16:11:07.737519] {Default Queue}  -> wl_region#95.add(13, 9, 516, 1)
[16:11:07.737519] {Default Queue}  -> wl_region#95.add(568, 9, 144, 1)
[16:11:07.737520] {Default Queue}  -> wl_region#95.add(871, 9, 396, 1)
[16:11:07.737521] {Default Queue}  -> wl_region#95.add(12, 10, 518, 2)
[16:11:07.737521] {Default Queue}  -> wl_region#95.add(567, 10, 146, 2)
[16:11:07.737522] {Default Queue}  -> wl_region#95.add(870, 10, 398, 2)
[16:11:07.737523] {Default Queue}  -> wl_region#95.add(11, 12, 520, 5)
[16:11:07.737523] {Default Queue}  -> wl_region#95.add(566, 12, 148, 5)
[16:11:07.737524] {Default Queue}  -> wl_region#95.add(869, 12, 400, 5)
[16:11:07.737524] {Default Queue}  -> wl_region#95.add(10, 17, 522, 14)
[16:11:07.737525] {Default Queue}  -> wl_region#95.add(565, 17, 150, 14)
[16:11:07.737526] {Default Queue}  -> wl_region#95.add(868, 17, 402, 14)
[16:11:07.737526] {Default Queue}  -> wl_region#95.add(11, 31, 520, 5)
[16:11:07.737527] {Default Queue}  -> wl_region#95.add(566, 31, 148, 5)
[16:11:07.737528] {Default Queue}  -> wl_region#95.add(869, 31, 400, 5)
[16:11:07.737528] {Default Queue}  -> wl_region#95.add(12, 36, 518, 2)
[16:11:07.737529] {Default Queue}  -> wl_region#95.add(567, 36, 146, 2)
[16:11:07.737529] {Default Queue}  -> wl_region#95.add(870, 36, 398, 2)
[16:11:07.737530] {Default Queue}  -> wl_region#95.add(13, 38, 516, 1)
[16:11:07.737531] {Default Queue}  -> wl_region#95.add(568, 38, 144, 1)
[16:11:07.737531] {Default Queue}  -> wl_region#95.add(871, 38, 396, 1)
[16:11:07.737532] {Default Queue}  -> wl_region#95.add(14, 39, 514, 1)
[16:11:07.737532] {Default Queue}  -> wl_region#95.add(569, 39, 142, 1)
[16:11:07.737533] {Default Queue}  -> wl_region#95.add(872, 39, 394, 1)
[16:11:07.737534] {Default Queue}  -> wl_region#95.add(15, 40, 512, 1)
[16:11:07.737534] {Default Queue}  -> wl_region#95.add(570, 40, 140, 1)
[16:11:07.737535] {Default Queue}  -> wl_region#95.add(873, 40, 392, 1)
[16:11:07.737535] {Default Queue}  -> wl_region#95.add(16, 41, 510, 1)
[16:11:07.737536] {Default Queue}  -> wl_region#95.add(571, 41, 138, 1)
[16:11:07.737537] {Default Queue}  -> wl_region#95.add(874, 41, 390, 1)
[16:11:07.737537] {Default Queue}  -> wl_region#95.add(17, 42, 508, 1)
[16:11:07.737538] {Default Queue}  -> wl_region#95.add(572, 42, 136, 1)
[16:11:07.737538] {Default Queue}  -> wl_region#95.add(875, 42, 388, 1)
[16:11:07.737539] {Default Queue}  -> wl_region#95.add(19, 43, 504, 1)
[16:11:07.737540] {Default Queue}  -> wl_region#95.add(574, 43, 132, 1)
[16:11:07.737540] {Default Queue}  -> wl_region#95.add(877, 43, 384, 1)
[16:11:07.737541] {Default Queue}  -> ext_background_effect_surface_v1#117.set_blur_region(wl_region#95)
[16:11:07.737542] {Default Queue}  -> wl_region#95.destroy()
[16:11:07.737600] {Default Queue}  -> wl_compositor#46.create_region(new id wl_region#125)
[16:11:07.737629] {Default Queue}  -> wl_region#125.add(339, 36, 602, 1)
[16:11:07.737631] {Default Queue}  -> wl_region#125.add(337, 37, 606, 1)
[16:11:07.737631] {Default Queue}  -> wl_region#125.add(336, 38, 608, 1)
[16:11:07.737632] {Default Queue}  -> wl_region#125.add(335, 39, 610, 1)
[16:11:07.737633] {Default Queue}  -> wl_region#125.add(334, 40, 612, 1)
[16:11:07.737633] {Default Queue}  -> wl_region#125.add(333, 41, 614, 1)
[16:11:07.737634] {Default Queue}  -> wl_region#125.add(332, 42, 616, 2)
[16:11:07.737635] {Default Queue}  -> wl_region#125.add(331, 44, 618, 5)
[16:11:07.737635] {Default Queue}  -> wl_region#125.add(330, 49, 620, 574)
[16:11:07.737636] {Default Queue}  -> wl_region#125.add(331, 623, 618, 5)
[16:11:07.737636] {Default Queue}  -> wl_region#125.add(332, 628, 616, 2)
[16:11:07.737637] {Default Queue}  -> wl_region#125.add(333, 630, 614, 1)
[16:11:07.737638] {Default Queue}  -> wl_region#125.add(334, 631, 612, 1)
[16:11:07.737638] {Default Queue}  -> wl_region#125.add(335, 632, 610, 1)
[16:11:07.737639] {Default Queue}  -> wl_region#125.add(336, 633, 608, 1)
[16:11:07.737640] {Default Queue}  -> wl_region#125.add(337, 634, 606, 1)
[16:11:07.737640] {Default Queue}  -> wl_region#125.add(339, 635, 602, 1)
[16:11:07.737641] {Default Queue}  -> ext_background_effect_surface_v1#93.set_blur_region(wl_region#125)
[16:11:07.737642] {Default Queue}  -> wl_region#125.destroy()
[16:11:07.737644] {Default Queue} wp_presentation_feedback#126.sync_output(wl_output#63)
[16:11:07.737646] {Default Queue} wp_presentation_feedback#126.sync_output(wl_output#31)
[16:11:07.737647] {Default Queue} wp_presentation_feedback#126.presented(0, 15895, 852237125, 0, 0, 0, 0)
[16:11:07.737649] {Default Queue} wp_presentation_feedback#118.sync_output(wl_output#63)
[16:11:07.737650] {Default Queue} wp_presentation_feedback#118.sync_output(wl_output#31)
[16:11:07.737650] {Default Queue} wp_presentation_feedback#118.presented(0, 15895, 852237125, 0, 0, 0, 0)
[16:11:07.738457] {Default Queue}  -> wl_compositor#4.create_region(new id wl_region#118)
[16:11:07.738462] {Default Queue}  -> wl_region#118.add(76, 4, 6, 40)
[16:11:07.738464]  -> wl_surface#71.set_opaque_region(wl_region#118)
[16:11:07.738465] {Default Queue}  -> wl_region#118.destroy()
[16:11:07.738466]  -> wl_surface#71.attach(wl_buffer#97, 0, 0)
[16:11:07.738468]  -> wl_surface#71.damage_buffer(4, 4, 534, 40)
[16:11:07.738469]  -> wl_surface#71.damage_buffer(559, 4, 162, 40)
[16:11:07.738470]  -> wl_surface#71.damage_buffer(862, 4, 414, 40)
[16:11:07.738471]  -> wl_surface#71.frame(new id wl_callback#126)
[16:11:07.738473] {Default Queue}  -> wp_presentation#23.feedback(wl_surface#71, new id wp_presentation_feedback#94)
[16:11:07.738474]  -> wl_surface#71.commit()
[16:11:07.739002] {Default Queue}  -> wl_compositor#4.create_region(new id wl_region#115)
[16:11:07.739005] {Default Queue}  -> wl_region#115.add(76, 4, 6, 40)
[16:11:07.739007]  -> wl_surface#76.set_opaque_region(wl_region#115)
[16:11:07.739008] {Default Queue}  -> wl_region#115.destroy()
[16:11:07.739009]  -> wl_surface#76.attach(wl_buffer#113, 0, 0)
[16:11:07.739010]  -> wl_surface#76.damage_buffer(4, 4, 534, 40)
[16:11:07.739011]  -> wl_surface#76.damage_buffer(559, 4, 162, 40)
[16:11:07.739011]  -> wl_surface#76.damage_buffer(862, 4, 414, 40)
[16:11:07.739012]  -> wl_surface#76.frame(new id wl_callback#111)
[16:11:07.739013] {Default Queue}  -> wp_presentation#23.feedback(wl_surface#76, new id wp_presentation_feedback#102)
[16:11:07.739014]  -> wl_surface#76.commit()
[16:11:07.742021] {Default Queue}  -> wl_compositor#4.create_region(new id wl_region#99)
[16:11:07.742026] {Default Queue}  -> wl_region#99.add(365, 158, 550, 62)
[16:11:07.742027]  -> wl_surface#110.set_opaque_region(wl_region#99)
[16:11:07.742028] {Default Queue}  -> wl_region#99.destroy()
[16:11:07.742029]  -> wl_surface#110.attach(wl_buffer#123, 0, 0)
[16:11:07.742030]  -> wl_surface#110.damage_buffer(330, 36, 620, 600)
[16:11:07.742032]  -> wl_surface#110.frame(new id wl_callback#114)
[16:11:07.742033] {Default Queue}  -> wp_presentation#23.feedback(wl_surface#110, new id wp_presentation_feedback#100)
[16:11:07.742034]  -> wl_surface#110.commit()
[16:11:07.742308] {Display Queue} wl_display#1.delete_id(109)
[16:11:07.742311] {Display Queue} wl_display#1.delete_id(95)
[16:11:07.742312] {Display Queue} wl_display#1.delete_id(125)
[16:11:07.742312] {Display Queue} wl_display#1.delete_id(118)
[16:11:07.742313] {Display Queue} wl_display#1.delete_id(115)
[16:11:07.742313] {Display Queue} wl_display#1.delete_id(99)
[16:11:07.742314] {Default Queue} wl_buffer#97.release()
[16:11:07.742315] {Default Queue} wl_buffer#113.release()
[16:11:07.742316] {Default Queue} wl_buffer#123.release()
[16:11:07.742356]  -> wl_surface#70.attach(wl_buffer#104, 0, 0)
[16:11:07.742357]  -> wl_surface#70.frame(new id wl_callback#99)
[16:11:07.742358] {Default Queue}  -> wp_presentation#23.feedback(wl_surface#70, new id wp_presentation_feedback#115)
[16:11:07.742359]  -> wl_surface#70.commit()
[16:11:07.742379] {Default Queue} wl_buffer#104.release()
info: event=launcher-results count=114 shown=114 publish_us=5307
info: event=launcher-results count=114 shown=114 publish_us=4337
info: event=launcher-results count=114 shown=114 publish_us=4235
[16:11:07.757151] {Display Queue} wl_display#1.delete_id(126)
[16:11:07.757158] {Display Queue} wl_display#1.delete_id(99)
[16:11:07.757159] {Display Queue} wl_display#1.delete_id(114)
[16:11:07.757160] {Display Queue} wl_display#1.delete_id(94)
[16:11:07.757161] {Display Queue} wl_display#1.delete_id(115)
[16:11:07.757161] {Display Queue} wl_display#1.delete_id(100)
[16:11:07.757162] {Display Queue} wl_display#1.delete_id(111)
[16:11:07.757163] {Display Queue} wl_display#1.delete_id(102)
[16:11:07.757164] {Default Queue} wl_callback#126.done(15895868)
[16:11:07.757170] {Default Queue} wl_callback#99.done(15895868)
[16:11:07.757171] {Default Queue} wl_callback#114.done(15895868)
[16:11:07.757173] {Default Queue} wp_presentation_feedback#94.sync_output(wl_output#63)
[16:11:07.757174] {Default Queue} wp_presentation_feedback#94.sync_output(wl_output#31)
[16:11:07.757175] {Default Queue} wp_presentation_feedback#94.presented(0, 15895, 868855421, 0, 0, 0, 0)
[16:11:07.757177] {Default Queue} wp_presentation_feedback#115.sync_output(wl_output#63)
[16:11:07.757178] {Default Queue} wp_presentation_feedback#115.sync_output(wl_output#31)
[16:11:07.757178] {Default Queue} wp_presentation_feedback#115.presented(0, 15895, 868855421, 0, 0, 0, 0)
[16:11:07.757180] {Default Queue} wp_presentation_feedback#100.sync_output(wl_output#63)
[16:11:07.757181] {Default Queue} wp_presentation_feedback#100.sync_output(wl_output#31)
[16:11:07.757182] {Default Queue} wp_presentation_feedback#100.presented(0, 15895, 868855421, 0, 0, 0, 0)
[16:11:07.757183] {Default Queue} wl_callback#111.done(15895869)
[16:11:07.757185] {Default Queue} wp_presentation_feedback#102.sync_output(wl_output#64)
[16:11:07.757185] {Default Queue} wp_presentation_feedback#102.sync_output(wl_output#34)
[16:11:07.757186] {Default Queue} wp_presentation_feedback#102.presented(0, 15895, 869097573, 0, 0, 0, 0)
[16:11:07.757417]  -> wl_surface#71.attach(wl_buffer#97, 0, 0)
[16:11:07.757421]  -> wl_surface#71.damage_buffer(1099, 18, 20, 11)
[16:11:07.757422]  -> wl_surface#71.damage_buffer(1099, 29, 19, 1)
[16:11:07.757423]  -> wl_surface#71.frame(new id wl_callback#102)
[16:11:07.757425] {Default Queue}  -> wp_presentation#23.feedback(wl_surface#71, new id wp_presentation_feedback#111)
[16:11:07.757428]  -> wl_surface#71.commit()
[16:11:07.757465]  -> wl_surface#70.attach(wl_buffer#104, 0, 0)
[16:11:07.757467]  -> wl_surface#70.frame(new id wl_callback#100)
[16:11:07.757469] {Default Queue}  -> wp_presentation#23.feedback(wl_surface#70, new id wp_presentation_feedback#115)
[16:11:07.757470]  -> wl_surface#70.commit()
[16:11:07.767747]  -> wl_surface#110.attach(wl_buffer#123, 0, 0)
[16:11:07.767756]  -> wl_surface#110.frame(new id wl_callback#94)
[16:11:07.767759] {Default Queue}  -> wp_presentation#23.feedback(wl_surface#110, new id wp_presentation_feedback#114)
[16:11:07.767762]  -> wl_surface#110.commit()
info: event=launcher-painted latency_us=14895
[16:11:07.767895]  -> wl_surface#76.attach(wl_buffer#113, 0, 0)
[16:11:07.767898]  -> wl_surface#76.damage_buffer(1099, 18, 20, 11)
[16:11:07.767899]  -> wl_surface#76.damage_buffer(1099, 29, 19, 1)
[16:11:07.767900]  -> wl_surface#76.frame(new id wl_callback#99)
[16:11:07.767901] {Default Queue}  -> wp_presentation#23.feedback(wl_surface#76, new id wp_presentation_feedback#126)
[16:11:07.767902]  -> wl_surface#76.commit()
[16:11:07.768169] {Default Queue} wl_buffer#97.release()
[16:11:07.768172] {Default Queue} wl_buffer#104.release()
[16:11:07.768173] {Default Queue} wl_buffer#123.release()
[16:11:07.768174] {Default Queue} wl_buffer#113.release()
[16:11:07.769957] {Display Queue} wl_display#1.delete_id(102)
[16:11:07.769959] {Display Queue} wl_display#1.delete_id(100)
[16:11:07.769960] {Display Queue} wl_display#1.delete_id(94)
[16:11:07.769960] {Display Queue} wl_display#1.delete_id(111)
[16:11:07.769961] {Default Queue} wl_callback#102.done(15895885)
[16:11:07.769965] {Default Queue} wl_callback#100.done(15895885)
[16:11:07.769967] {Default Queue} wl_callback#94.done(15895885)
[16:11:07.769969] {Default Queue} wp_presentation_feedback#111.sync_output(wl_output#63)
[16:11:07.769970] {Default Queue} wp_presentation_feedback#111.sync_output(wl_output#31)
[16:11:07.769971] {Default Queue} wp_presentation_feedback#111.presented(0, 15895, 885032923, 0, 0, 0, 0)
[16:11:07.770153] {Display Queue} wl_display#1.delete_id(99)
[16:11:07.770154] {Display Queue} wl_display#1.delete_id(126)
[16:11:07.770155] {Default Queue} wl_callback#99.done(15895885)
[16:11:07.770157] {Default Queue} wp_presentation_feedback#126.sync_output(wl_output#64)
[16:11:07.770157] {Default Queue} wp_presentation_feedback#126.sync_output(wl_output#34)
[16:11:07.770158] {Default Queue} wp_presentation_feedback#126.presented(0, 15895, 885227775, 0, 0, 0, 0)
[16:11:07.773854] {Default Queue}  -> ext_background_effect_surface_v1#93.destroy()
[16:11:07.773938] {Default Queue}  -> zwlr_layer_surface_v1#98.destroy()
[16:11:07.773943]  -> wl_surface#110.attach(nil, 0, 0)
[16:11:07.773945]  -> wl_surface#110.commit()
[16:11:07.773981] {Default Queue}  -> wl_buffer#123.destroy()
[16:11:07.773983] {Default Queue}  -> wl_shm_pool#122.destroy()
[16:11:07.774497] {Default Queue}  -> wp_viewport#105.destroy()
[16:11:07.774500] {Default Queue}  -> wp_fractional_scale_v1#116.destroy()
[16:11:07.774502]  -> wl_surface#110.destroy()
[16:11:07.774516] {Default Queue}  -> xdg_toplevel_icon_v1#106.destroy()
info: event=popup-closed
[16:11:07.778057] discarded [unknown]#114.[event 2](0 fd, 8 byte)
[16:11:07.778079] {Display Queue} wl_display#1.delete_id(93)
[16:11:07.778082] {Display Queue} wl_display#1.delete_id(98)
[16:11:07.778083] {Display Queue} wl_display#1.delete_id(114)
[16:11:07.778084] {Display Queue} wl_display#1.delete_id(123)
[16:11:07.778084] {Display Queue} wl_display#1.delete_id(122)
[16:11:07.778085] {Display Queue} wl_display#1.delete_id(105)
[16:11:07.778086] {Display Queue} wl_display#1.delete_id(116)
[16:11:07.778086] {Display Queue} wl_display#1.delete_id(110)
[16:11:07.778087] {Display Queue} wl_display#1.delete_id(106)
[16:11:07.778087] {Default Queue} zwlr_layer_surface_v1#75.configure(53, 1280, 48)
[16:11:07.778097] {Default Queue}  -> zwlr_layer_surface_v1#75.ack_configure(53)
[16:11:07.778098] {Default Queue} zwlr_layer_surface_v1#69.configure(54, 1280, 720)
[16:11:07.778100] {Default Queue}  -> zwlr_layer_surface_v1#69.ack_configure(54)
[16:11:07.778101] {Default Queue} zwlr_layer_surface_v1#80.configure(55, 88, 2)
[16:11:07.778110] {Default Queue}  -> zwlr_layer_surface_v1#80.ack_configure(55)
[16:11:07.778439]  -> wl_surface#71.commit()
[16:11:07.778464]  -> wl_surface#65.commit()
[16:11:07.778474]  -> wl_surface#70.commit()
[16:11:07.779309] {Display Queue} wl_display#1.delete_id(115)
[16:11:07.779313] {Default Queue} wp_presentation_feedback#115.discarded()
[16:11:07.779602]  -> wl_surface#76.attach(wl_buffer#113, 0, 0)
[16:11:07.779606]  -> wl_surface#76.damage_buffer(4, 4, 555, 40)
[16:11:07.779608]  -> wl_surface#76.frame(new id wl_callback#115)
[16:11:07.779610] {Default Queue}  -> wp_presentation#23.feedback(wl_surface#76, new id wp_presentation_feedback#106)
[16:11:07.779612]  -> wl_surface#76.commit()
[16:11:07.779658] {Default Queue}  -> wl_compositor#46.create_region(new id wl_region#110)
[16:11:07.779673] {Default Queue}  -> wl_region#110.add(19, 4, 525, 1)
[16:11:07.779675] {Default Queue}  -> wl_region#110.add(574, 4, 132, 1)
[16:11:07.779675] {Default Queue}  -> wl_region#110.add(877, 4, 384, 1)
[16:11:07.779676] {Default Queue}  -> wl_region#110.add(17, 5, 529, 1)
[16:11:07.779677] {Default Queue}  -> wl_region#110.add(572, 5, 136, 1)
[16:11:07.779678] {Default Queue}  -> wl_region#110.add(875, 5, 388, 1)
[16:11:07.779678] {Default Queue}  -> wl_region#110.add(16, 6, 531, 1)
[16:11:07.779679] {Default Queue}  -> wl_region#110.add(571, 6, 138, 1)
[16:11:07.779680] {Default Queue}  -> wl_region#110.add(874, 6, 390, 1)
[16:11:07.779681] {Default Queue}  -> wl_region#110.add(15, 7, 533, 1)
[16:11:07.779681] {Default Queue}  -> wl_region#110.add(570, 7, 140, 1)
[16:11:07.779682] {Default Queue}  -> wl_region#110.add(873, 7, 392, 1)
[16:11:07.779683] {Default Queue}  -> wl_region#110.add(14, 8, 535, 1)
[16:11:07.779684] {Default Queue}  -> wl_region#110.add(569, 8, 142, 1)
[16:11:07.779684] {Default Queue}  -> wl_region#110.add(872, 8, 394, 1)
[16:11:07.779685] {Default Queue}  -> wl_region#110.add(13, 9, 537, 1)
[16:11:07.779686] {Default Queue}  -> wl_region#110.add(568, 9, 144, 1)
[16:11:07.779687] {Default Queue}  -> wl_region#110.add(871, 9, 396, 1)
[16:11:07.779687] {Default Queue}  -> wl_region#110.add(12, 10, 539, 2)
[16:11:07.779688] {Default Queue}  -> wl_region#110.add(567, 10, 146, 2)
[16:11:07.779689] {Default Queue}  -> wl_region#110.add(870, 10, 398, 2)
[16:11:07.779690] {Default Queue}  -> wl_region#110.add(11, 12, 541, 5)
[16:11:07.779691] {Default Queue}  -> wl_region#110.add(566, 12, 148, 5)
[16:11:07.779691] {Default Queue}  -> wl_region#110.add(869, 12, 400, 5)
[16:11:07.779692] {Default Queue}  -> wl_region#110.add(10, 17, 543, 14)
[16:11:07.779693] {Default Queue}  -> wl_region#110.add(565, 17, 150, 14)
[16:11:07.779693] {Default Queue}  -> wl_region#110.add(868, 17, 402, 14)
[16:11:07.779694] {Default Queue}  -> wl_region#110.add(11, 31, 541, 5)
[16:11:07.779695] {Default Queue}  -> wl_region#110.add(566, 31, 148, 5)
[16:11:07.779695] {Default Queue}  -> wl_region#110.add(869, 31, 400, 5)
[16:11:07.779696] {Default Queue}  -> wl_region#110.add(12, 36, 539, 2)
[16:11:07.779697] {Default Queue}  -> wl_region#110.add(567, 36, 146, 2)
[16:11:07.779697] {Default Queue}  -> wl_region#110.add(870, 36, 398, 2)
[16:11:07.779698] {Default Queue}  -> wl_region#110.add(13, 38, 537, 1)
[16:11:07.779699] {Default Queue}  -> wl_region#110.add(568, 38, 144, 1)
[16:11:07.779699] {Default Queue}  -> wl_region#110.add(871, 38, 396, 1)
[16:11:07.779700] {Default Queue}  -> wl_region#110.add(14, 39, 535, 1)
[16:11:07.779700] {Default Queue}  -> wl_region#110.add(569, 39, 142, 1)
[16:11:07.779701] {Default Queue}  -> wl_region#110.add(872, 39, 394, 1)
[16:11:07.779702] {Default Queue}  -> wl_region#110.add(15, 40, 533, 1)
[16:11:07.779702] {Default Queue}  -> wl_region#110.add(570, 40, 140, 1)
[16:11:07.779703] {Default Queue}  -> wl_region#110.add(873, 40, 392, 1)
[16:11:07.779704] {Default Queue}  -> wl_region#110.add(16, 41, 531, 1)
[16:11:07.779704] {Default Queue}  -> wl_region#110.add(571, 41, 138, 1)
[16:11:07.779705] {Default Queue}  -> wl_region#110.add(874, 41, 390, 1)
[16:11:07.779706] {Default Queue}  -> wl_region#110.add(17, 42, 529, 1)
[16:11:07.779706] {Default Queue}  -> wl_region#110.add(572, 42, 136, 1)
[16:11:07.779707] {Default Queue}  -> wl_region#110.add(875, 42, 388, 1)
[16:11:07.779707] {Default Queue}  -> wl_region#110.add(19, 43, 525, 1)
[16:11:07.779708] {Default Queue}  -> wl_region#110.add(574, 43, 132, 1)
[16:11:07.779709] {Default Queue}  -> wl_region#110.add(877, 43, 384, 1)
[16:11:07.779710] {Default Queue}  -> ext_background_effect_surface_v1#117.set_blur_region(wl_region#110)
[16:11:07.779711] {Default Queue}  -> wl_region#110.destroy()
[16:11:07.780074] {Display Queue} wl_display#1.delete_id(110)
[16:11:07.780078] {Default Queue} wl_buffer#113.release()
[16:11:07.782802] {Default Queue}  -> wl_compositor#4.create_surface(new id wl_surface#110)
[16:11:07.782807] {Default Queue}  -> wp_fractional_scale_manager_v1#11.get_fractional_scale(new id wp_fractional_scale_v1#116, wl_surface#110)
[16:11:07.782809] {Default Queue}  -> wp_viewporter#10.get_viewport(new id wp_viewport#105, wl_surface#110)
[16:11:07.782834] {Default Queue}  -> xdg_toplevel_icon_manager_v1#9.create_icon(new id xdg_toplevel_icon_v1#122)
[16:11:07.782849] {Default Queue}  -> zwlr_layer_shell_v1#49.get_layer_surface(new id zwlr_layer_surface_v1#123, wl_surface#110, wl_output#31, 3, "pearl:popup")
[16:11:07.782851] {Default Queue}  -> zwlr_layer_surface_v1#123.set_keyboard_interactivity(1)
[16:11:07.782852] {Default Queue}  -> zwlr_layer_surface_v1#123.set_exclusive_zone(0)
[16:11:07.782853] {Default Queue}  -> zwlr_layer_surface_v1#123.set_anchor(15)
[16:11:07.782854] {Default Queue}  -> zwlr_layer_surface_v1#123.set_margin(0, 0, 0, 0)
[16:11:07.782855] {Default Queue}  -> zwlr_layer_surface_v1#123.set_size(0, 0)
[16:11:07.782859]  -> wl_surface#110.commit()
[16:11:07.782989] {Default Queue}  -> ext_background_effect_manager_v1#48.get_background_effect(new id ext_background_effect_surface_v1#114, wl_surface#110)
[16:11:07.782991] {Default Queue}  -> wl_compositor#46.create_region(new id wl_region#98)
[16:11:07.782999] {Default Queue}  -> wl_region#98.add(-11, -20, 22, 1)
[16:11:07.783001] {Default Queue}  -> wl_region#98.add(-13, -19, 26, 1)
[16:11:07.783002] {Default Queue}  -> wl_region#98.add(-14, -18, 28, 1)
[16:11:07.783002] {Default Queue}  -> wl_region#98.add(-15, -17, 30, 1)
[16:11:07.783003] {Default Queue}  -> wl_region#98.add(-16, -16, 32, 1)
[16:11:07.783004] {Default Queue}  -> wl_region#98.add(-17, -15, 34, 1)
[16:11:07.783005] {Default Queue}  -> wl_region#98.add(-18, -14, 36, 2)
[16:11:07.783005] {Default Queue}  -> wl_region#98.add(-19, -12, 38, 5)
[16:11:07.783006] {Default Queue}  -> wl_region#98.add(-20, -7, 40, 14)
[16:11:07.783007] {Default Queue}  -> wl_region#98.add(-19, 7, 38, 5)
[16:11:07.783008] {Default Queue}  -> wl_region#98.add(-18, 12, 36, 2)
[16:11:07.783008] {Default Queue}  -> wl_region#98.add(-17, 14, 34, 1)
[16:11:07.783009] {Default Queue}  -> wl_region#98.add(-16, 15, 32, 1)
[16:11:07.783010] {Default Queue}  -> wl_region#98.add(-15, 16, 30, 1)
[16:11:07.783010] {Default Queue}  -> wl_region#98.add(-14, 17, 28, 1)
[16:11:07.783011] {Default Queue}  -> wl_region#98.add(-13, 18, 26, 1)
[16:11:07.783012] {Default Queue}  -> wl_region#98.add(-11, 19, 22, 1)
[16:11:07.783013] {Default Queue}  -> ext_background_effect_surface_v1#114.set_blur_region(wl_region#98)
[16:11:07.783015] {Default Queue}  -> wl_region#98.destroy()
[16:11:07.783103] {Default Queue}  -> zwp_text_input_v3#121.set_surrounding_text("", 0, 0)
[16:11:07.783105] {Default Queue}  -> zwp_text_input_v3#121.set_text_change_cause(1)
[16:11:07.783110] {Default Queue}  -> zwp_text_input_v3#121.set_content_type(0, 0)
[16:11:07.783118] {Default Queue}  -> zwp_text_input_v3#121.set_cursor_rectangle(0, 0, 0, 0)
[16:11:07.783119] {Default Queue}  -> zwp_text_input_v3#121.commit()
[16:11:07.783121] {Default Queue}  -> xdg_activation_v1#15.get_activation_token(new id xdg_activation_token_v1#93)
[16:11:07.783123]  -> xdg_activation_token_v1#93.set_serial(0, wl_seat#3)
[16:11:07.783124]  -> xdg_activation_token_v1#93.commit()
[16:11:07.783195] {Display Queue} wl_display#1.delete_id(98)
[16:11:07.783216] xdg_activation_token_v1#93.done("6424222aaf6567aff10a38ae6208331b")
[16:11:07.783222]  -> xdg_activation_token_v1#93.destroy()
[16:11:07.783223] {Default Queue}  -> xdg_activation_v1#15.activate("6424222aaf6567aff10a38ae6208331b", wl_surface#110)
info: event=popup-opened output=1
[16:11:07.783258] {Default Queue} zwlr_layer_surface_v1#75.configure(61, 1280, 48)
[16:11:07.783315] {Default Queue}  -> zwlr_layer_surface_v1#75.ack_configure(61)
[16:11:07.783317] {Default Queue} zwlr_layer_surface_v1#69.configure(62, 1280, 720)
[16:11:07.783319] {Default Queue}  -> zwlr_layer_surface_v1#69.ack_configure(62)
[16:11:07.783320] {Default Queue} zwlr_layer_surface_v1#80.configure(63, 88, 2)
[16:11:07.783322] {Default Queue}  -> zwlr_layer_surface_v1#80.ack_configure(63)
[16:11:07.783323] {Default Queue} zwlr_layer_surface_v1#123.configure(64, 1280, 672)
[16:11:07.783329] {Default Queue}  -> zwlr_layer_surface_v1#123.ack_configure(64)
[16:11:07.784002] {Default Queue}  -> wl_shm#5.create_pool(new id wl_shm_pool#98, fd 18, 3440640)
[16:11:07.784007] {Default Queue}  -> wl_shm_pool#98.create_buffer(new id wl_buffer#126, 0, 1280, 672, 5120, 0)
[16:11:07.784839] {Default Queue}  -> wl_compositor#4.create_region(new id wl_region#99)
[16:11:07.784843] {Default Queue}  -> wl_region#99.add(377, 90, 526, 54)
[16:11:07.784845]  -> wl_surface#110.set_opaque_region(wl_region#99)
[16:11:07.784846] {Default Queue}  -> wl_region#99.destroy()
[16:11:07.784847] {Default Queue}  -> wp_viewport#105.set_destination(1280, 672)
[16:11:07.784848]  -> wl_surface#110.attach(wl_buffer#126, 0, 0)
[16:11:07.784850]  -> wl_surface#110.damage_buffer(0, 0, 1280, 672)
[16:11:07.784851]  -> wl_surface#110.frame(new id wl_callback#111)
[16:11:07.784853] {Default Queue}  -> wp_presentation#23.feedback(wl_surface#110, new id wp_presentation_feedback#94)
[16:11:07.784854]  -> wl_surface#110.commit()
[16:11:07.784862] {Default Queue}  -> wl_compositor#46.create_region(new id wl_region#100)
[16:11:07.784894] {Default Queue}  -> wl_region#100.add(339, 36, 602, 1)
[16:11:07.784896] {Default Queue}  -> wl_region#100.add(337, 37, 606, 1)
[16:11:07.784896] {Default Queue}  -> wl_region#100.add(336, 38, 608, 1)
[16:11:07.784897] {Default Queue}  -> wl_region#100.add(335, 39, 610, 1)
[16:11:07.784898] {Default Queue}  -> wl_region#100.add(334, 40, 612, 1)
[16:11:07.784899] {Default Queue}  -> wl_region#100.add(333, 41, 614, 1)
[16:11:07.784900] {Default Queue}  -> wl_region#100.add(332, 42, 616, 2)
[16:11:07.784900] {Default Queue}  -> wl_region#100.add(331, 44, 618, 5)
[16:11:07.784901] {Default Queue}  -> wl_region#100.add(330, 49, 620, 574)
[16:11:07.784902] {Default Queue}  -> wl_region#100.add(331, 623, 618, 5)
[16:11:07.784902] {Default Queue}  -> wl_region#100.add(332, 628, 616, 2)
[16:11:07.784903] {Default Queue}  -> wl_region#100.add(333, 630, 614, 1)
[16:11:07.784903] {Default Queue}  -> wl_region#100.add(334, 631, 612, 1)
[16:11:07.784904] {Default Queue}  -> wl_region#100.add(335, 632, 610, 1)
[16:11:07.784905] {Default Queue}  -> wl_region#100.add(336, 633, 608, 1)
[16:11:07.784905] {Default Queue}  -> wl_region#100.add(337, 634, 606, 1)
[16:11:07.784906] {Default Queue}  -> wl_region#100.add(339, 635, 602, 1)
[16:11:07.784907] {Default Queue}  -> ext_background_effect_surface_v1#114.set_blur_region(wl_region#100)
[16:11:07.784908] {Default Queue}  -> wl_region#100.destroy()
info: event=launcher-results count=114 shown=114 publish_us=4301
[16:11:07.787659] {Display Queue} wl_display#1.delete_id(93)
[16:11:07.787662] {Display Queue} wl_display#1.delete_id(99)
[16:11:07.787663] {Display Queue} wl_display#1.delete_id(100)
[16:11:07.787664] {Display Queue} wl_display#1.delete_id(111)
[16:11:07.787664] {Display Queue} wl_display#1.delete_id(94)
[16:11:07.787665] {Display Queue} wl_display#1.delete_id(115)
[16:11:07.787665] {Display Queue} wl_display#1.delete_id(106)
[16:11:07.787666] {Default Queue} zwlr_layer_surface_v1#75.configure(65, 1280, 48)
[16:11:07.787670] {Default Queue}  -> zwlr_layer_surface_v1#75.ack_configure(65)
[16:11:07.787671] {Default Queue} zwlr_layer_surface_v1#69.configure(66, 1280, 720)
[16:11:07.787673] {Default Queue}  -> zwlr_layer_surface_v1#69.ack_configure(66)
[16:11:07.787673] {Default Queue} zwlr_layer_surface_v1#80.configure(67, 88, 2)
[16:11:07.787675] {Default Queue}  -> zwlr_layer_surface_v1#80.ack_configure(67)
[16:11:07.787676] {Default Queue} zwlr_layer_surface_v1#123.configure(68, 1280, 672)
[16:11:07.787677] {Default Queue}  -> zwlr_layer_surface_v1#123.ack_configure(68)
[16:11:07.787678] {Default Queue} wp_fractional_scale_v1#116.preferred_scale(120)
[16:11:07.787679] {Default Queue} wl_buffer#126.release()
[16:11:07.787680] {Default Queue} wl_data_device#38.selection(nil)
[16:11:07.787684] {Default Queue} zwp_primary_selection_device_v1#37.selection(nil)
[16:11:07.787686] {Default Queue} wl_callback#111.done(15895901)
[16:11:07.787689] {Default Queue} wp_presentation_feedback#94.sync_output(wl_output#63)
[16:11:07.787691] {Default Queue} wp_presentation_feedback#94.sync_output(wl_output#31)
[16:11:07.787691] {Default Queue} wp_presentation_feedback#94.presented(0, 15895, 901654160, 0, 0, 0, 0)
[16:11:07.787693] {Default Queue} wl_callback#115.done(15895901)
[16:11:07.787695] {Default Queue} wp_presentation_feedback#106.sync_output(wl_output#64)
[16:11:07.787696] {Default Queue} wp_presentation_feedback#106.sync_output(wl_output#34)
[16:11:07.787697] {Default Queue} wp_presentation_feedback#106.presented(0, 15895, 901746261, 0, 0, 0, 0)
[16:11:07.787698] wl_surface#110.enter(wl_output#63)
[16:11:07.787767] wl_surface#110.enter(wl_output#31)
[16:11:07.787783] wl_surface#110.preferred_buffer_scale(1)
[16:11:07.787785] wl_surface#110.preferred_buffer_transform(0)
[16:11:07.788148]  -> wl_surface#70.attach(wl_buffer#104, 0, 0)
[16:11:07.788152]  -> wl_surface#70.frame(new id wl_callback#106)
[16:11:07.788154] {Default Queue}  -> wp_presentation#23.feedback(wl_surface#70, new id wp_presentation_feedback#115)
[16:11:07.788156]  -> wl_surface#70.commit()
[16:11:07.800205] {Default Queue}  -> wl_compositor#4.create_region(new id wl_region#94)
[16:11:07.800214] {Default Queue}  -> wl_region#94.add(365, 158, 550, 62)
[16:11:07.800216]  -> wl_surface#110.set_opaque_region(wl_region#94)
[16:11:07.800218] {Default Queue}  -> wl_region#94.destroy()
[16:11:07.800219]  -> wl_surface#110.attach(wl_buffer#126, 0, 0)
[16:11:07.800221]  -> wl_surface#110.damage_buffer(346, 86, 588, 62)
[16:11:07.800222]  -> wl_surface#110.damage_buffer(353, 158, 574, 426)
[16:11:07.800223]  -> wl_surface#110.damage_buffer(351, 600, 285, 15)
[16:11:07.800224]  -> wl_surface#110.frame(new id wl_callback#111)
[16:11:07.800226] {Default Queue}  -> wp_presentation#23.feedback(wl_surface#110, new id wp_presentation_feedback#100)
[16:11:07.800228]  -> wl_surface#110.commit()
info: event=launcher-painted latency_us=16910
[16:11:07.800312] {Default Queue}  -> wl_compositor#4.create_region(new id wl_region#99)
[16:11:07.800313] {Default Queue}  -> wl_region#99.add(19, 4, 525, 1)
[16:11:07.800315] {Default Queue}  -> wl_region#99.add(574, 4, 132, 1)
[16:11:07.800315] {Default Queue}  -> wl_region#99.add(877, 4, 384, 1)
[16:11:07.800316] {Default Queue}  -> wl_region#99.add(17, 5, 529, 1)
[16:11:07.800317] {Default Queue}  -> wl_region#99.add(572, 5, 136, 1)
[16:11:07.800317] {Default Queue}  -> wl_region#99.add(875, 5, 388, 1)
[16:11:07.800318] {Default Queue}  -> wl_region#99.add(16, 6, 531, 1)
[16:11:07.800319] {Default Queue}  -> wl_region#99.add(571, 6, 138, 1)
[16:11:07.800319] {Default Queue}  -> wl_region#99.add(874, 6, 390, 1)
[16:11:07.800320] {Default Queue}  -> wl_region#99.add(15, 7, 533, 1)
[16:11:07.800321] {Default Queue}  -> wl_region#99.add(570, 7, 140, 1)
[16:11:07.800322] {Default Queue}  -> wl_region#99.add(873, 7, 392, 1)
[16:11:07.800322] {Default Queue}  -> wl_region#99.add(14, 8, 535, 1)
[16:11:07.800323] {Default Queue}  -> wl_region#99.add(569, 8, 142, 1)
[16:11:07.800324] {Default Queue}  -> wl_region#99.add(872, 8, 394, 1)
[16:11:07.800324] {Default Queue}  -> wl_region#99.add(13, 9, 537, 1)
[16:11:07.800325] {Default Queue}  -> wl_region#99.add(568, 9, 144, 1)
[16:11:07.800326] {Default Queue}  -> wl_region#99.add(871, 9, 396, 1)
[16:11:07.800326] {Default Queue}  -> wl_region#99.add(12, 10, 539, 2)
[16:11:07.800327] {Default Queue}  -> wl_region#99.add(567, 10, 146, 2)
[16:11:07.800327] {Default Queue}  -> wl_region#99.add(870, 10, 398, 2)
[16:11:07.800328] {Default Queue}  -> wl_region#99.add(11, 12, 541, 5)
[16:11:07.800329] {Default Queue}  -> wl_region#99.add(566, 12, 148, 5)
[16:11:07.800329] {Default Queue}  -> wl_region#99.add(869, 12, 400, 5)
[16:11:07.800330] {Default Queue}  -> wl_region#99.add(10, 17, 543, 14)
[16:11:07.800331] {Default Queue}  -> wl_region#99.add(565, 17, 150, 14)
[16:11:07.800331] {Default Queue}  -> wl_region#99.add(868, 17, 402, 14)
[16:11:07.800332] {Default Queue}  -> wl_region#99.add(11, 31, 541, 5)
[16:11:07.800333] {Default Queue}  -> wl_region#99.add(566, 31, 148, 5)
[16:11:07.800333] {Default Queue}  -> wl_region#99.add(869, 31, 400, 5)
[16:11:07.800334] {Default Queue}  -> wl_region#99.add(12, 36, 539, 2)
[16:11:07.800334] {Default Queue}  -> wl_region#99.add(567, 36, 146, 2)
[16:11:07.800335] {Default Queue}  -> wl_region#99.add(870, 36, 398, 2)
[16:11:07.800336] {Default Queue}  -> wl_region#99.add(13, 38, 537, 1)
[16:11:07.800336] {Default Queue}  -> wl_region#99.add(568, 38, 144, 1)
[16:11:07.800337] {Default Queue}  -> wl_region#99.add(871, 38, 396, 1)
[16:11:07.800338] {Default Queue}  -> wl_region#99.add(14, 39, 535, 1)
[16:11:07.800338] {Default Queue}  -> wl_region#99.add(569, 39, 142, 1)
[16:11:07.800339] {Default Queue}  -> wl_region#99.add(872, 39, 394, 1)
[16:11:07.800339] {Default Queue}  -> wl_region#99.add(15, 40, 533, 1)
[16:11:07.800340] {Default Queue}  -> wl_region#99.add(570, 40, 140, 1)
[16:11:07.800341] {Default Queue}  -> wl_region#99.add(873, 40, 392, 1)
[16:11:07.800341] {Default Queue}  -> wl_region#99.add(16, 41, 531, 1)
[16:11:07.800342] {Default Queue}  -> wl_region#99.add(571, 41, 138, 1)
[16:11:07.800343] {Default Queue}  -> wl_region#99.add(874, 41, 390, 1)
[16:11:07.800343] {Default Queue}  -> wl_region#99.add(17, 42, 529, 1)
[16:11:07.800344] {Default Queue}  -> wl_region#99.add(572, 42, 136, 1)
[16:11:07.800344] {Default Queue}  -> wl_region#99.add(875, 42, 388, 1)
[16:11:07.800345] {Default Queue}  -> wl_region#99.add(19, 43, 525, 1)
[16:11:07.800346] {Default Queue}  -> wl_region#99.add(574, 43, 132, 1)
[16:11:07.800346] {Default Queue}  -> wl_region#99.add(877, 43, 384, 1)
[16:11:07.800347]  -> wl_surface#76.set_input_region(wl_region#99)
[16:11:07.800348] {Default Queue}  -> wl_region#99.destroy()
[16:11:07.800349]  -> wl_surface#76.attach(wl_buffer#113, 0, 0)
[16:11:07.800350]  -> wl_surface#76.frame(new id wl_callback#93)
[16:11:07.800350] {Default Queue}  -> wp_presentation#23.feedback(wl_surface#76, new id wp_presentation_feedback#102)
[16:11:07.800351]  -> wl_surface#76.commit()
[16:11:07.800804]  -> wl_surface#71.attach(wl_buffer#97, 0, 0)
[16:11:07.800809]  -> wl_surface#71.damage_buffer(4, 4, 833, 40)
[16:11:07.800810]  -> wl_surface#71.frame(new id wl_callback#118)
[16:11:07.800812] {Default Queue}  -> wp_presentation#23.feedback(wl_surface#71, new id wp_presentation_feedback#125)
[16:11:07.800873]  -> wl_surface#71.commit()
[16:11:07.800905] {Default Queue}  -> wl_compositor#46.create_region(new id wl_region#95)
[16:11:07.800924] {Default Queue}  -> wl_region#95.add(19, 4, 641, 1)
[16:11:07.800925] {Default Queue}  -> wl_region#95.add(690, 4, 132, 1)
[16:11:07.800926] {Default Queue}  -> wl_region#95.add(877, 4, 384, 1)
[16:11:07.800927] {Default Queue}  -> wl_region#95.add(17, 5, 645, 1)
[16:11:07.800927] {Default Queue}  -> wl_region#95.add(688, 5, 136, 1)
[16:11:07.800928] {Default Queue}  -> wl_region#95.add(875, 5, 388, 1)
[16:11:07.800929] {Default Queue}  -> wl_region#95.add(16, 6, 647, 1)
[16:11:07.800929] {Default Queue}  -> wl_region#95.add(687, 6, 138, 1)
[16:11:07.800930] {Default Queue}  -> wl_region#95.add(874, 6, 390, 1)
[16:11:07.800930] {Default Queue}  -> wl_region#95.add(15, 7, 649, 1)
[16:11:07.800931] {Default Queue}  -> wl_region#95.add(686, 7, 140, 1)
[16:11:07.800932] {Default Queue}  -> wl_region#95.add(873, 7, 392, 1)
[16:11:07.800933] {Default Queue}  -> wl_region#95.add(14, 8, 651, 1)
[16:11:07.800933] {Default Queue}  -> wl_region#95.add(685, 8, 142, 1)
[16:11:07.800934] {Default Queue}  -> wl_region#95.add(872, 8, 394, 1)
[16:11:07.800935] {Default Queue}  -> wl_region#95.add(13, 9, 653, 1)
[16:11:07.800935] {Default Queue}  -> wl_region#95.add(684, 9, 144, 1)
[16:11:07.800936] {Default Queue}  -> wl_region#95.add(871, 9, 396, 1)
[16:11:07.800937] {Default Queue}  -> wl_region#95.add(12, 10, 655, 2)
[16:11:07.800937] {Default Queue}  -> wl_region#95.add(683, 10, 146, 2)
[16:11:07.800938] {Default Queue}  -> wl_region#95.add(870, 10, 398, 2)
[16:11:07.800938] {Default Queue}  -> wl_region#95.add(11, 12, 657, 5)
[16:11:07.800939] {Default Queue}  -> wl_region#95.add(682, 12, 148, 5)
[16:11:07.800940] {Default Queue}  -> wl_region#95.add(869, 12, 400, 5)
[16:11:07.800940] {Default Queue}  -> wl_region#95.add(10, 17, 659, 14)
[16:11:07.800941] {Default Queue}  -> wl_region#95.add(681, 17, 150, 14)
[16:11:07.800942] {Default Queue}  -> wl_region#95.add(868, 17, 402, 14)
[16:11:07.800942] {Default Queue}  -> wl_region#95.add(11, 31, 657, 5)
[16:11:07.800943] {Default Queue}  -> wl_region#95.add(682, 31, 148, 5)
[16:11:07.800944] {Default Queue}  -> wl_region#95.add(869, 31, 400, 5)
[16:11:07.800944] {Default Queue}  -> wl_region#95.add(12, 36, 655, 2)
[16:11:07.800945] {Default Queue}  -> wl_region#95.add(683, 36, 146, 2)
[16:11:07.800946] {Default Queue}  -> wl_region#95.add(870, 36, 398, 2)
[16:11:07.800946] {Default Queue}  -> wl_region#95.add(13, 38, 653, 1)
[16:11:07.800947] {Default Queue}  -> wl_region#95.add(684, 38, 144, 1)
[16:11:07.800948] {Default Queue}  -> wl_region#95.add(871, 38, 396, 1)
[16:11:07.800948] {Default Queue}  -> wl_region#95.add(14, 39, 651, 1)
[16:11:07.800949] {Default Queue}  -> wl_region#95.add(685, 39, 142, 1)
[16:11:07.800950] {Default Queue}  -> wl_region#95.add(872, 39, 394, 1)
[16:11:07.800950] {Default Queue}  -> wl_region#95.add(15, 40, 649, 1)
[16:11:07.800951] {Default Queue}  -> wl_region#95.add(686, 40, 140, 1)
[16:11:07.800952] {Default Queue}  -> wl_region#95.add(873, 40, 392, 1)
[16:11:07.800952] {Default Queue}  -> wl_region#95.add(16, 41, 647, 1)
[16:11:07.800953] {Default Queue}  -> wl_region#95.add(687, 41, 138, 1)
[16:11:07.800953] {Default Queue}  -> wl_region#95.add(874, 41, 390, 1)
[16:11:07.800954] {Default Queue}  -> wl_region#95.add(17, 42, 645, 1)
[16:11:07.800955] {Default Queue}  -> wl_region#95.add(688, 42, 136, 1)
[16:11:07.800955] {Default Queue}  -> wl_region#95.add(875, 42, 388, 1)
[16:11:07.800956] {Default Queue}  -> wl_region#95.add(19, 43, 641, 1)
[16:11:07.800957] {Default Queue}  -> wl_region#95.add(690, 43, 132, 1)
[16:11:07.800957] {Default Queue}  -> wl_region#95.add(877, 43, 384, 1)
[16:11:07.800958] {Default Queue}  -> ext_background_effect_surface_v1#101.set_blur_region(wl_region#95)
[16:11:07.800959] {Default Queue}  -> wl_region#95.destroy()
[16:11:07.800973]  -> wl_surface#65.commit()
[16:11:07.801576] {Display Queue} wl_display#1.delete_id(94)
[16:11:07.801580] {Display Queue} wl_display#1.delete_id(99)
[16:11:07.801581] {Display Queue} wl_display#1.delete_id(95)
[16:11:07.801582] {Default Queue} wl_buffer#104.release()
[16:11:07.801583] {Default Queue} wl_buffer#126.release()
[16:11:07.801584] {Default Queue} wl_buffer#113.release()
[16:11:07.801585] {Default Queue} wl_buffer#97.release()
info: event=launcher-results count=114 shown=114 publish_us=5483
[16:11:07.807063] {Display Queue} wl_display#1.delete_id(118)
[16:11:07.807066] {Display Queue} wl_display#1.delete_id(106)
[16:11:07.807067] {Display Queue} wl_display#1.delete_id(111)
[16:11:07.807068] {Display Queue} wl_display#1.delete_id(125)
[16:11:07.807068] {Display Queue} wl_display#1.delete_id(115)
[16:11:07.807069] {Display Queue} wl_display#1.delete_id(100)
[16:11:07.807070] {Display Queue} wl_display#1.delete_id(93)
[16:11:07.807070] {Display Queue} wl_display#1.delete_id(102)
[16:11:07.807071] {Default Queue} wl_callback#118.done(15895917)
[16:11:07.807076] {Default Queue} wl_callback#106.done(15895917)
[16:11:07.807077] {Default Queue} wl_callback#111.done(15895917)
[16:11:07.807079] {Default Queue} wp_presentation_feedback#125.sync_output(wl_output#63)
[16:11:07.807080] {Default Queue} wp_presentation_feedback#125.sync_output(wl_output#31)
[16:11:07.807081] {Default Queue} wp_presentation_feedback#125.presented(0, 15895, 917858703, 0, 0, 0, 0)
[16:11:07.807084] {Default Queue} wp_presentation_feedback#115.sync_output(wl_output#63)
[16:11:07.807084] {Default Queue} wp_presentation_feedback#115.sync_output(wl_output#31)
[16:11:07.807085] {Default Queue} wp_presentation_feedback#115.presented(0, 15895, 917858703, 0, 0, 0, 0)
[16:11:07.807087] {Default Queue} wp_presentation_feedback#100.sync_output(wl_output#63)
[16:11:07.807087] {Default Queue} wp_presentation_feedback#100.sync_output(wl_output#31)
[16:11:07.807088] {Default Queue} wp_presentation_feedback#100.presented(0, 15895, 917858703, 0, 0, 0, 0)
[16:11:07.807089] {Default Queue} wl_callback#93.done(15895917)
[16:11:07.807091] {Default Queue} wp_presentation_feedback#102.sync_output(wl_output#64)
[16:11:07.807091] {Default Queue} wp_presentation_feedback#102.sync_output(wl_output#34)
[16:11:07.807092] {Default Queue} wp_presentation_feedback#102.presented(0, 15895, 917958744, 0, 0, 0, 0)
[16:11:07.807305] {Default Queue}  -> wl_compositor#4.create_region(new id wl_region#102)
[16:11:07.807308] {Default Queue}  -> wl_region#102.add(19, 4, 641, 1)
[16:11:07.807310] {Default Queue}  -> wl_region#102.add(690, 4, 132, 1)
[16:11:07.807311] {Default Queue}  -> wl_region#102.add(877, 4, 384, 1)
[16:11:07.807312] {Default Queue}  -> wl_region#102.add(17, 5, 645, 1)
[16:11:07.807312] {Default Queue}  -> wl_region#102.add(688, 5, 136, 1)
[16:11:07.807313] {Default Queue}  -> wl_region#102.add(875, 5, 388, 1)
[16:11:07.807314] {Default Queue}  -> wl_region#102.add(16, 6, 647, 1)
[16:11:07.807314] {Default Queue}  -> wl_region#102.add(687, 6, 138, 1)
[16:11:07.807316] {Default Queue}  -> wl_region#102.add(874, 6, 390, 1)
[16:11:07.807316] {Default Queue}  -> wl_region#102.add(15, 7, 649, 1)
[16:11:07.807317] {Default Queue}  -> wl_region#102.add(686, 7, 140, 1)
[16:11:07.807318] {Default Queue}  -> wl_region#102.add(873, 7, 392, 1)
[16:11:07.807318] {Default Queue}  -> wl_region#102.add(14, 8, 651, 1)
[16:11:07.807319] {Default Queue}  -> wl_region#102.add(685, 8, 142, 1)
[16:11:07.807320] {Default Queue}  -> wl_region#102.add(872, 8, 394, 1)
[16:11:07.807320] {Default Queue}  -> wl_region#102.add(13, 9, 653, 1)
[16:11:07.807321] {Default Queue}  -> wl_region#102.add(684, 9, 144, 1)
[16:11:07.807322] {Default Queue}  -> wl_region#102.add(871, 9, 396, 1)
[16:11:07.807322] {Default Queue}  -> wl_region#102.add(12, 10, 655, 2)
[16:11:07.807323] {Default Queue}  -> wl_region#102.add(683, 10, 146, 2)
[16:11:07.807324] {Default Queue}  -> wl_region#102.add(870, 10, 398, 2)
[16:11:07.807324] {Default Queue}  -> wl_region#102.add(11, 12, 657, 5)
[16:11:07.807325] {Default Queue}  -> wl_region#102.add(682, 12, 148, 5)
[16:11:07.807326] {Default Queue}  -> wl_region#102.add(869, 12, 400, 5)
[16:11:07.807326] {Default Queue}  -> wl_region#102.add(10, 17, 659, 14)
[16:11:07.807327] {Default Queue}  -> wl_region#102.add(681, 17, 150, 14)
[16:11:07.807327] {Default Queue}  -> wl_region#102.add(868, 17, 402, 14)
[16:11:07.807328] {Default Queue}  -> wl_region#102.add(11, 31, 657, 5)
[16:11:07.807329] {Default Queue}  -> wl_region#102.add(682, 31, 148, 5)
[16:11:07.807330] {Default Queue}  -> wl_region#102.add(869, 31, 400, 5)
[16:11:07.807330] {Default Queue}  -> wl_region#102.add(12, 36, 655, 2)
[16:11:07.807331] {Default Queue}  -> wl_region#102.add(683, 36, 146, 2)
[16:11:07.807331] {Default Queue}  -> wl_region#102.add(870, 36, 398, 2)
[16:11:07.807332] {Default Queue}  -> wl_region#102.add(13, 38, 653, 1)
[16:11:07.807333] {Default Queue}  -> wl_region#102.add(684, 38, 144, 1)
[16:11:07.807333] {Default Queue}  -> wl_region#102.add(871, 38, 396, 1)
[16:11:07.807334] {Default Queue}  -> wl_region#102.add(14, 39, 651, 1)
[16:11:07.807335] {Default Queue}  -> wl_region#102.add(685, 39, 142, 1)
[16:11:07.807335] {Default Queue}  -> wl_region#102.add(872, 39, 394, 1)
[16:11:07.807336] {Default Queue}  -> wl_region#102.add(15, 40, 649, 1)
[16:11:07.807336] {Default Queue}  -> wl_region#102.add(686, 40, 140, 1)
[16:11:07.807337] {Default Queue}  -> wl_region#102.add(873, 40, 392, 1)
[16:11:07.807338] {Default Queue}  -> wl_region#102.add(16, 41, 647, 1)
[16:11:07.807338] {Default Queue}  -> wl_region#102.add(687, 41, 138, 1)
[16:11:07.807339] {Default Queue}  -> wl_region#102.add(874, 41, 390, 1)
[16:11:07.807340] {Default Queue}  -> wl_region#102.add(17, 42, 645, 1)
[16:11:07.807340] {Default Queue}  -> wl_region#102.add(688, 42, 136, 1)
[16:11:07.807341] {Default Queue}  -> wl_region#102.add(875, 42, 388, 1)
[16:11:07.807341] {Default Queue}  -> wl_region#102.add(19, 43, 641, 1)
[16:11:07.807342] {Default Queue}  -> wl_region#102.add(690, 43, 132, 1)
[16:11:07.807343] {Default Queue}  -> wl_region#102.add(877, 43, 384, 1)
[16:11:07.807344]  -> wl_surface#71.set_input_region(wl_region#102)
[16:11:07.807344] {Default Queue}  -> wl_region#102.destroy()
[16:11:07.807345]  -> wl_surface#71.attach(wl_buffer#97, 0, 0)
[16:11:07.807347]  -> wl_surface#71.damage_buffer(4, 4, 833, 40)
[16:11:07.807348]  -> wl_surface#71.frame(new id wl_callback#93)
[16:11:07.807349] {Default Queue}  -> wp_presentation#23.feedback(wl_surface#71, new id wp_presentation_feedback#100)
[16:11:07.807350]  -> wl_surface#71.commit()
[16:11:07.807379] {Default Queue}  -> wl_compositor#46.create_region(new id wl_region#115)
[16:11:07.807393] {Default Queue}  -> wl_region#115.add(19, 4, 504, 1)
[16:11:07.807394] {Default Queue}  -> wl_region#115.add(574, 4, 132, 1)
[16:11:07.807394] {Default Queue}  -> wl_region#115.add(877, 4, 384, 1)
[16:11:07.807395] {Default Queue}  -> wl_region#115.add(17, 5, 508, 1)
[16:11:07.807396] {Default Queue}  -> wl_region#115.add(572, 5, 136, 1)
[16:11:07.807396] {Default Queue}  -> wl_region#115.add(875, 5, 388, 1)
[16:11:07.807397] {Default Queue}  -> wl_region#115.add(16, 6, 510, 1)
[16:11:07.807397] {Default Queue}  -> wl_region#115.add(571, 6, 138, 1)
[16:11:07.807398] {Default Queue}  -> wl_region#115.add(874, 6, 390, 1)
[16:11:07.807399] {Default Queue}  -> wl_region#115.add(15, 7, 512, 1)
[16:11:07.807399] {Default Queue}  -> wl_region#115.add(570, 7, 140, 1)
[16:11:07.807400] {Default Queue}  -> wl_region#115.add(873, 7, 392, 1)
[16:11:07.807401] {Default Queue}  -> wl_region#115.add(14, 8, 514, 1)
[16:11:07.807401] {Default Queue}  -> wl_region#115.add(569, 8, 142, 1)
[16:11:07.807402] {Default Queue}  -> wl_region#115.add(872, 8, 394, 1)
[16:11:07.807402] {Default Queue}  -> wl_region#115.add(13, 9, 516, 1)
[16:11:07.807403] {Default Queue}  -> wl_region#115.add(568, 9, 144, 1)
[16:11:07.807404] {Default Queue}  -> wl_region#115.add(871, 9, 396, 1)
[16:11:07.807404] {Default Queue}  -> wl_region#115.add(12, 10, 518, 2)
[16:11:07.807405] {Default Queue}  -> wl_region#115.add(567, 10, 146, 2)
[16:11:07.807406] {Default Queue}  -> wl_region#115.add(870, 10, 398, 2)
[16:11:07.807406] {Default Queue}  -> wl_region#115.add(11, 12, 520, 5)
[16:11:07.807407] {Default Queue}  -> wl_region#115.add(566, 12, 148, 5)
[16:11:07.807408] {Default Queue}  -> wl_region#115.add(869, 12, 400, 5)
[16:11:07.807408] {Default Queue}  -> wl_region#115.add(10, 17, 522, 14)
[16:11:07.807409] {Default Queue}  -> wl_region#115.add(565, 17, 150, 14)
[16:11:07.807410] {Default Queue}  -> wl_region#115.add(868, 17, 402, 14)
[16:11:07.807410] {Default Queue}  -> wl_region#115.add(11, 31, 520, 5)
[16:11:07.807411] {Default Queue}  -> wl_region#115.add(566, 31, 148, 5)
[16:11:07.807411] {Default Queue}  -> wl_region#115.add(869, 31, 400, 5)
[16:11:07.807412] {Default Queue}  -> wl_region#115.add(12, 36, 518, 2)
[16:11:07.807413] {Default Queue}  -> wl_region#115.add(567, 36, 146, 2)
[16:11:07.807413] {Default Queue}  -> wl_region#115.add(870, 36, 398, 2)
[16:11:07.807414] {Default Queue}  -> wl_region#115.add(13, 38, 516, 1)
[16:11:07.807415] {Default Queue}  -> wl_region#115.add(568, 38, 144, 1)
[16:11:07.807415] {Default Queue}  -> wl_region#115.add(871, 38, 396, 1)
[16:11:07.807416] {Default Queue}  -> wl_region#115.add(14, 39, 514, 1)
[16:11:07.807417] {Default Queue}  -> wl_region#115.add(569, 39, 142, 1)
[16:11:07.807417] {Default Queue}  -> wl_region#115.add(872, 39, 394, 1)
[16:11:07.807418] {Default Queue}  -> wl_region#115.add(15, 40, 512, 1)
[16:11:07.807418] {Default Queue}  -> wl_region#115.add(570, 40, 140, 1)
[16:11:07.807419] {Default Queue}  -> wl_region#115.add(873, 40, 392, 1)
[16:11:07.807420] {Default Queue}  -> wl_region#115.add(16, 41, 510, 1)
[16:11:07.807420] {Default Queue}  -> wl_region#115.add(571, 41, 138, 1)
[16:11:07.807421] {Default Queue}  -> wl_region#115.add(874, 41, 390, 1)
[16:11:07.807422] {Default Queue}  -> wl_region#115.add(17, 42, 508, 1)
[16:11:07.807422] {Default Queue}  -> wl_region#115.add(572, 42, 136, 1)
[16:11:07.807423] {Default Queue}  -> wl_region#115.add(875, 42, 388, 1)
[16:11:07.807424] {Default Queue}  -> wl_region#115.add(19, 43, 504, 1)
[16:11:07.807424] {Default Queue}  -> wl_region#115.add(574, 43, 132, 1)
[16:11:07.807425] {Default Queue}  -> wl_region#115.add(877, 43, 384, 1)
[16:11:07.807426] {Default Queue}  -> ext_background_effect_surface_v1#101.set_blur_region(wl_region#115)
[16:11:07.807427] {Default Queue}  -> wl_region#115.destroy()
[16:11:07.807449]  -> wl_surface#70.attach(wl_buffer#104, 0, 0)
[16:11:07.807450]  -> wl_surface#70.frame(new id wl_callback#125)
[16:11:07.807451] {Default Queue}  -> wp_presentation#23.feedback(wl_surface#70, new id wp_presentation_feedback#111)
[16:11:07.807452]  -> wl_surface#70.commit()
[16:11:07.817693]  -> wl_surface#110.attach(wl_buffer#126, 0, 0)
[16:11:07.817700]  -> wl_surface#110.damage_buffer(346, 86, 588, 62)
[16:11:07.817703]  -> wl_surface#110.frame(new id wl_callback#106)
[16:11:07.817705] {Default Queue}  -> wp_presentation#23.feedback(wl_surface#110, new id wp_presentation_feedback#118)
[16:11:07.817708]  -> wl_surface#110.commit()
info: event=launcher-painted latency_us=16178
[16:11:07.817867]  -> wl_surface#76.attach(wl_buffer#113, 0, 0)
[16:11:07.817870]  -> wl_surface#76.damage_buffer(4, 4, 555, 40)
[16:11:07.817871]  -> wl_surface#76.frame(new id wl_callback#95)
[16:11:07.817872] {Default Queue}  -> wp_presentation#23.feedback(wl_surface#76, new id wp_presentation_feedback#99)
[16:11:07.817873]  -> wl_surface#76.commit()
[16:11:07.817905] {Default Queue}  -> wl_compositor#46.create_region(new id wl_region#94)
[16:11:07.817922] {Default Queue}  -> wl_region#94.add(19, 4, 504, 1)
[16:11:07.817924] {Default Queue}  -> wl_region#94.add(574, 4, 132, 1)
[16:11:07.817925] {Default Queue}  -> wl_region#94.add(877, 4, 384, 1)
[16:11:07.817926] {Default Queue}  -> wl_region#94.add(17, 5, 508, 1)
[16:11:07.817926] {Default Queue}  -> wl_region#94.add(572, 5, 136, 1)
[16:11:07.817927] {Default Queue}  -> wl_region#94.add(875, 5, 388, 1)
[16:11:07.817928] {Default Queue}  -> wl_region#94.add(16, 6, 510, 1)
[16:11:07.817928] {Default Queue}  -> wl_region#94.add(571, 6, 138, 1)
[16:11:07.817929] {Default Queue}  -> wl_region#94.add(874, 6, 390, 1)
[16:11:07.817930] {Default Queue}  -> wl_region#94.add(15, 7, 512, 1)
[16:11:07.817930] {Default Queue}  -> wl_region#94.add(570, 7, 140, 1)
[16:11:07.817931] {Default Queue}  -> wl_region#94.add(873, 7, 392, 1)
[16:11:07.817932] {Default Queue}  -> wl_region#94.add(14, 8, 514, 1)
[16:11:07.817932] {Default Queue}  -> wl_region#94.add(569, 8, 142, 1)
[16:11:07.817933] {Default Queue}  -> wl_region#94.add(872, 8, 394, 1)
[16:11:07.817934] {Default Queue}  -> wl_region#94.add(13, 9, 516, 1)
[16:11:07.817934] {Default Queue}  -> wl_region#94.add(568, 9, 144, 1)
[16:11:07.817935] {Default Queue}  -> wl_region#94.add(871, 9, 396, 1)
[16:11:07.817935] {Default Queue}  -> wl_region#94.add(12, 10, 518, 2)
[16:11:07.817936] {Default Queue}  -> wl_region#94.add(567, 10, 146, 2)
[16:11:07.817937] {Default Queue}  -> wl_region#94.add(870, 10, 398, 2)
[16:11:07.817937] {Default Queue}  -> wl_region#94.add(11, 12, 520, 5)
[16:11:07.817938] {Default Queue}  -> wl_region#94.add(566, 12, 148, 5)
[16:11:07.817939] {Default Queue}  -> wl_region#94.add(869, 12, 400, 5)
[16:11:07.817939] {Default Queue}  -> wl_region#94.add(10, 17, 522, 14)
[16:11:07.817940] {Default Queue}  -> wl_region#94.add(565, 17, 150, 14)
[16:11:07.817941] {Default Queue}  -> wl_region#94.add(868, 17, 402, 14)
[16:11:07.817941] {Default Queue}  -> wl_region#94.add(11, 31, 520, 5)
[16:11:07.817942] {Default Queue}  -> wl_region#94.add(566, 31, 148, 5)
[16:11:07.817942] {Default Queue}  -> wl_region#94.add(869, 31, 400, 5)
[16:11:07.817943] {Default Queue}  -> wl_region#94.add(12, 36, 518, 2)
[16:11:07.817944] {Default Queue}  -> wl_region#94.add(567, 36, 146, 2)
[16:11:07.817944] {Default Queue}  -> wl_region#94.add(870, 36, 398, 2)
[16:11:07.817945] {Default Queue}  -> wl_region#94.add(13, 38, 516, 1)
[16:11:07.817946] {Default Queue}  -> wl_region#94.add(568, 38, 144, 1)
[16:11:07.817946] {Default Queue}  -> wl_region#94.add(871, 38, 396, 1)
[16:11:07.817947] {Default Queue}  -> wl_region#94.add(14, 39, 514, 1)
[16:11:07.817948] {Default Queue}  -> wl_region#94.add(569, 39, 142, 1)
[16:11:07.817948] {Default Queue}  -> wl_region#94.add(872, 39, 394, 1)
[16:11:07.817949] {Default Queue}  -> wl_region#94.add(15, 40, 512, 1)
[16:11:07.817949] {Default Queue}  -> wl_region#94.add(570, 40, 140, 1)
[16:11:07.817950] {Default Queue}  -> wl_region#94.add(873, 40, 392, 1)
[16:11:07.817951] {Default Queue}  -> wl_region#94.add(16, 41, 510, 1)
[16:11:07.817951] {Default Queue}  -> wl_region#94.add(571, 41, 138, 1)
[16:11:07.817952] {Default Queue}  -> wl_region#94.add(874, 41, 390, 1)
[16:11:07.817953] {Default Queue}  -> wl_region#94.add(17, 42, 508, 1)
[16:11:07.817953] {Default Queue}  -> wl_region#94.add(572, 42, 136, 1)
[16:11:07.817954] {Default Queue}  -> wl_region#94.add(875, 42, 388, 1)
[16:11:07.817954] {Default Queue}  -> wl_region#94.add(19, 43, 504, 1)
[16:11:07.817955] {Default Queue}  -> wl_region#94.add(574, 43, 132, 1)
[16:11:07.817956] {Default Queue}  -> wl_region#94.add(877, 43, 384, 1)
[16:11:07.817957] {Default Queue}  -> ext_background_effect_surface_v1#117.set_blur_region(wl_region#94)
[16:11:07.817958] {Default Queue}  -> wl_region#94.destroy()
[16:11:07.818008] {Display Queue} wl_display#1.delete_id(102)
[16:11:07.818011] {Display Queue} wl_display#1.delete_id(115)
[16:11:07.818012] {Default Queue} wl_buffer#97.release()
[16:11:07.818233] {Display Queue} wl_display#1.delete_id(94)
[16:11:07.818239] {Default Queue} wl_buffer#104.release()
[16:11:07.818241] {Default Queue} wl_buffer#126.release()
[16:11:07.818242] {Default Queue} wl_buffer#113.release()
[16:11:07.819108] {Display Queue} wl_display#1.delete_id(93)
[16:11:07.819110] {Display Queue} wl_display#1.delete_id(125)
[16:11:07.819110] {Display Queue} wl_display#1.delete_id(106)
[16:11:07.819111] {Display Queue} wl_display#1.delete_id(100)
[16:11:07.819112] {Display Queue} wl_display#1.delete_id(111)
[16:11:07.819112] {Display Queue} wl_display#1.delete_id(118)
[16:11:07.819113] {Default Queue} wl_callback#93.done(15895934)
[16:11:07.819120] {Default Queue} wl_callback#125.done(15895934)
[16:11:07.819122] {Default Queue} wl_callback#106.done(15895934)
[16:11:07.819123] {Default Queue} wp_presentation_feedback#100.sync_output(wl_output#63)
[16:11:07.819124] {Default Queue} wp_presentation_feedback#100.sync_output(wl_output#31)
[16:11:07.819125] {Default Queue} wp_presentation_feedback#100.presented(0, 15895, 934178706, 0, 0, 0, 0)
[16:11:07.819128] {Default Queue} wp_presentation_feedback#111.sync_output(wl_output#63)
[16:11:07.819129] {Default Queue} wp_presentation_feedback#111.sync_output(wl_output#31)
[16:11:07.819129] {Default Queue} wp_presentation_feedback#111.presented(0, 15895, 934178706, 0, 0, 0, 0)
[16:11:07.819131] {Default Queue} wp_presentation_feedback#118.sync_output(wl_output#63)
[16:11:07.819132] {Default Queue} wp_presentation_feedback#118.sync_output(wl_output#31)
[16:11:07.819133] {Default Queue} wp_presentation_feedback#118.presented(0, 15895, 934178706, 0, 0, 0, 0)
[16:11:07.819211] {Default Queue}  -> wl_compositor#4.create_region(new id wl_region#118)
[16:11:07.819215] {Default Queue}  -> wl_region#118.add(19, 4, 504, 1)
[16:11:07.819216] {Default Queue}  -> wl_region#118.add(574, 4, 132, 1)
[16:11:07.819217] {Default Queue}  -> wl_region#118.add(877, 4, 384, 1)
[16:11:07.819218] {Default Queue}  -> wl_region#118.add(17, 5, 508, 1)
[16:11:07.819218] {Default Queue}  -> wl_region#118.add(572, 5, 136, 1)
[16:11:07.819219] {Default Queue}  -> wl_region#118.add(875, 5, 388, 1)
[16:11:07.819230] {Default Queue}  -> wl_region#118.add(16, 6, 510, 1)
[16:11:07.819232] {Default Queue}  -> wl_region#118.add(571, 6, 138, 1)
[16:11:07.819233] {Default Queue}  -> wl_region#118.add(874, 6, 390, 1)
[16:11:07.819234] {Default Queue}  -> wl_region#118.add(15, 7, 512, 1)
[16:11:07.819235] {Default Queue}  -> wl_region#118.add(570, 7, 140, 1)
[16:11:07.819235] {Default Queue}  -> wl_region#118.add(873, 7, 392, 1)
[16:11:07.819236] {Default Queue}  -> wl_region#118.add(14, 8, 514, 1)
[16:11:07.819237] {Default Queue}  -> wl_region#118.add(569, 8, 142, 1)
[16:11:07.819237] {Default Queue}  -> wl_region#118.add(872, 8, 394, 1)
[16:11:07.819238] {Default Queue}  -> wl_region#118.add(13, 9, 516, 1)
[16:11:07.819239] {Default Queue}  -> wl_region#118.add(568, 9, 144, 1)
[16:11:07.819239] {Default Queue}  -> wl_region#118.add(871, 9, 396, 1)
[16:11:07.819240] {Default Queue}  -> wl_region#118.add(12, 10, 518, 2)
[16:11:07.819240] {Default Queue}  -> wl_region#118.add(567, 10, 146, 2)
[16:11:07.819241] {Default Queue}  -> wl_region#118.add(870, 10, 398, 2)
[16:11:07.819242] {Default Queue}  -> wl_region#118.add(11, 12, 520, 5)
[16:11:07.819243] {Default Queue}  -> wl_region#118.add(566, 12, 148, 5)
[16:11:07.819243] {Default Queue}  -> wl_region#118.add(869, 12, 400, 5)
[16:11:07.819244] {Default Queue}  -> wl_region#118.add(10, 17, 522, 14)
[16:11:07.819244] {Default Queue}  -> wl_region#118.add(565, 17, 150, 14)
[16:11:07.819245] {Default Queue}  -> wl_region#118.add(868, 17, 402, 14)
[16:11:07.819246] {Default Queue}  -> wl_region#118.add(11, 31, 520, 5)
[16:11:07.819246] {Default Queue}  -> wl_region#118.add(566, 31, 148, 5)
[16:11:07.819247] {Default Queue}  -> wl_region#118.add(869, 31, 400, 5)
[16:11:07.819248] {Default Queue}  -> wl_region#118.add(12, 36, 518, 2)
[16:11:07.819248] {Default Queue}  -> wl_region#118.add(567, 36, 146, 2)
[16:11:07.819249] {Default Queue}  -> wl_region#118.add(870, 36, 398, 2)
[16:11:07.819249] {Default Queue}  -> wl_region#118.add(13, 38, 516, 1)
[16:11:07.819250] {Default Queue}  -> wl_region#118.add(568, 38, 144, 1)
[16:11:07.819251] {Default Queue}  -> wl_region#118.add(871, 38, 396, 1)
[16:11:07.819251] {Default Queue}  -> wl_region#118.add(14, 39, 514, 1)
[16:11:07.819252] {Default Queue}  -> wl_region#118.add(569, 39, 142, 1)
[16:11:07.819253] {Default Queue}  -> wl_region#118.add(872, 39, 394, 1)
[16:11:07.819253] {Default Queue}  -> wl_region#118.add(15, 40, 512, 1)
[16:11:07.819254] {Default Queue}  -> wl_region#118.add(570, 40, 140, 1)
[16:11:07.819254] {Default Queue}  -> wl_region#118.add(873, 40, 392, 1)
[16:11:07.819255] {Default Queue}  -> wl_region#118.add(16, 41, 510, 1)
[16:11:07.819256] {Default Queue}  -> wl_region#118.add(571, 41, 138, 1)
[16:11:07.819256] {Default Queue}  -> wl_region#118.add(874, 41, 390, 1)
[16:11:07.819257] {Default Queue}  -> wl_region#118.add(17, 42, 508, 1)
[16:11:07.819257] {Default Queue}  -> wl_region#118.add(572, 42, 136, 1)
[16:11:07.819258] {Default Queue}  -> wl_region#118.add(875, 42, 388, 1)
[16:11:07.819259] {Default Queue}  -> wl_region#118.add(19, 43, 504, 1)
[16:11:07.819259] {Default Queue}  -> wl_region#118.add(574, 43, 132, 1)
[16:11:07.819260] {Default Queue}  -> wl_region#118.add(877, 43, 384, 1)
[16:11:07.819261]  -> wl_surface#71.set_input_region(wl_region#118)
[16:11:07.819262] {Default Queue}  -> wl_region#118.destroy()
[16:11:07.819264]  -> wl_surface#71.attach(wl_buffer#97, 0, 0)
[16:11:07.819265]  -> wl_surface#71.frame(new id wl_callback#111)
[16:11:07.819267] {Default Queue}  -> wp_presentation#23.feedback(wl_surface#71, new id wp_presentation_feedback#100)
[16:11:07.819268]  -> wl_surface#71.commit()
[16:11:07.819769]  -> wl_surface#110.attach(wl_buffer#126, 0, 0)
[16:11:07.819772]  -> wl_surface#110.damage_buffer(346, 86, 588, 62)
[16:11:07.819773]  -> wl_surface#110.frame(new id wl_callback#106)
[16:11:07.819774] {Default Queue}  -> wp_presentation#23.feedback(wl_surface#110, new id wp_presentation_feedback#125)
[16:11:07.819775]  -> wl_surface#110.commit()
[16:11:07.819791] {Display Queue} wl_display#1.delete_id(95)
[16:11:07.819793] {Display Queue} wl_display#1.delete_id(99)
[16:11:07.819794] {Default Queue} wl_callback#95.done(15895934)
[16:11:07.819797] {Default Queue} wp_presentation_feedback#99.sync_output(wl_output#64)
[16:11:07.819798] {Default Queue} wp_presentation_feedback#99.sync_output(wl_output#34)
[16:11:07.819799] {Default Queue} wp_presentation_feedback#99.presented(0, 15895, 934302707, 0, 0, 0, 0)
[16:11:07.819836] {Default Queue}  -> wl_compositor#4.create_region(new id wl_region#99)
[16:11:07.819837] {Default Queue}  -> wl_region#99.add(19, 4, 504, 1)
[16:11:07.819838] {Default Queue}  -> wl_region#99.add(574, 4, 132, 1)
[16:11:07.819839] {Default Queue}  -> wl_region#99.add(877, 4, 384, 1)
[16:11:07.819839] {Default Queue}  -> wl_region#99.add(17, 5, 508, 1)
[16:11:07.819840] {Default Queue}  -> wl_region#99.add(572, 5, 136, 1)
[16:11:07.819841] {Default Queue}  -> wl_region#99.add(875, 5, 388, 1)
[16:11:07.819841] {Default Queue}  -> wl_region#99.add(16, 6, 510, 1)
[16:11:07.819842] {Default Queue}  -> wl_region#99.add(571, 6, 138, 1)
[16:11:07.819843] {Default Queue}  -> wl_region#99.add(874, 6, 390, 1)
[16:11:07.819843] {Default Queue}  -> wl_region#99.add(15, 7, 512, 1)
[16:11:07.819844] {Default Queue}  -> wl_region#99.add(570, 7, 140, 1)
[16:11:07.819845] {Default Queue}  -> wl_region#99.add(873, 7, 392, 1)
[16:11:07.819845] {Default Queue}  -> wl_region#99.add(14, 8, 514, 1)
[16:11:07.819846] {Default Queue}  -> wl_region#99.add(569, 8, 142, 1)
[16:11:07.819846] {Default Queue}  -> wl_region#99.add(872, 8, 394, 1)
[16:11:07.819847] {Default Queue}  -> wl_region#99.add(13, 9, 516, 1)
[16:11:07.819848] {Default Queue}  -> wl_region#99.add(568, 9, 144, 1)
[16:11:07.819848] {Default Queue}  -> wl_region#99.add(871, 9, 396, 1)
[16:11:07.819849] {Default Queue}  -> wl_region#99.add(12, 10, 518, 2)
[16:11:07.819850] {Default Queue}  -> wl_region#99.add(567, 10, 146, 2)
[16:11:07.819850] {Default Queue}  -> wl_region#99.add(870, 10, 398, 2)
[16:11:07.819851] {Default Queue}  -> wl_region#99.add(11, 12, 520, 5)
[16:11:07.819852] {Default Queue}  -> wl_region#99.add(566, 12, 148, 5)
[16:11:07.819852] {Default Queue}  -> wl_region#99.add(869, 12, 400, 5)
[16:11:07.819853] {Default Queue}  -> wl_region#99.add(10, 17, 522, 14)
[16:11:07.819854] {Default Queue}  -> wl_region#99.add(565, 17, 150, 14)
[16:11:07.819854] {Default Queue}  -> wl_region#99.add(868, 17, 402, 14)
[16:11:07.819855] {Default Queue}  -> wl_region#99.add(11, 31, 520, 5)
[16:11:07.819855] {Default Queue}  -> wl_region#99.add(566, 31, 148, 5)
[16:11:07.819856] {Default Queue}  -> wl_region#99.add(869, 31, 400, 5)
[16:11:07.819857] {Default Queue}  -> wl_region#99.add(12, 36, 518, 2)
[16:11:07.819857] {Default Queue}  -> wl_region#99.add(567, 36, 146, 2)
[16:11:07.819858] {Default Queue}  -> wl_region#99.add(870, 36, 398, 2)
[16:11:07.819858] {Default Queue}  -> wl_region#99.add(13, 38, 516, 1)
[16:11:07.819859] {Default Queue}  -> wl_region#99.add(568, 38, 144, 1)
[16:11:07.819860] {Default Queue}  -> wl_region#99.add(871, 38, 396, 1)
[16:11:07.819860] {Default Queue}  -> wl_region#99.add(14, 39, 514, 1)
[16:11:07.819861] {Default Queue}  -> wl_region#99.add(569, 39, 142, 1)
[16:11:07.819862] {Default Queue}  -> wl_region#99.add(872, 39, 394, 1)
[16:11:07.819862] {Default Queue}  -> wl_region#99.add(15, 40, 512, 1)
[16:11:07.819863] {Default Queue}  -> wl_region#99.add(570, 40, 140, 1)
[16:11:07.819863] {Default Queue}  -> wl_region#99.add(873, 40, 392, 1)
[16:11:07.819864] {Default Queue}  -> wl_region#99.add(16, 41, 510, 1)
[16:11:07.819865] {Default Queue}  -> wl_region#99.add(571, 41, 138, 1)
[16:11:07.819865] {Default Queue}  -> wl_region#99.add(874, 41, 390, 1)
[16:11:07.819866] {Default Queue}  -> wl_region#99.add(17, 42, 508, 1)
[16:11:07.819867] {Default Queue}  -> wl_region#99.add(572, 42, 136, 1)
[16:11:07.819867] {Default Queue}  -> wl_region#99.add(875, 42, 388, 1)
[16:11:07.819868] {Default Queue}  -> wl_region#99.add(19, 43, 504, 1)
[16:11:07.819868] {Default Queue}  -> wl_region#99.add(574, 43, 132, 1)
[16:11:07.819869] {Default Queue}  -> wl_region#99.add(877, 43, 384, 1)
[16:11:07.819870]  -> wl_surface#76.set_input_region(wl_region#99)
[16:11:07.819870] {Default Queue}  -> wl_region#99.destroy()
[16:11:07.819871]  -> wl_surface#76.attach(wl_buffer#113, 0, 0)
[16:11:07.819872]  -> wl_surface#76.frame(new id wl_callback#95)
[16:11:07.819873] {Default Queue}  -> wp_presentation#23.feedback(wl_surface#76, new id wp_presentation_feedback#93)
[16:11:07.819873]  -> wl_surface#76.commit()
[16:11:07.819882] {Display Queue} wl_display#1.delete_id(118)
[16:11:07.819883] {Default Queue} wl_buffer#97.release()
[16:11:07.819884] {Default Queue} wl_buffer#126.release()
[16:11:07.819925] {Display Queue} wl_display#1.delete_id(99)
[16:11:07.819927] {Default Queue} wl_buffer#113.release()
[16:11:07.835465] {Display Queue} wl_display#1.delete_id(111)
[16:11:07.835475] {Display Queue} wl_display#1.delete_id(106)
[16:11:07.835476] {Display Queue} wl_display#1.delete_id(100)
[16:11:07.835477] {Display Queue} wl_display#1.delete_id(125)
[16:11:07.835478] {Default Queue} wl_callback#111.done(15895950)
[16:11:07.835488] {Default Queue} wl_callback#106.done(15895950)
[16:11:07.835493] {Default Queue} wp_presentation_feedback#100.sync_output(wl_output#63)
[16:11:07.835494] {Default Queue} wp_presentation_feedback#100.sync_output(wl_output#31)
[16:11:07.835495] {Default Queue} wp_presentation_feedback#100.presented(0, 15895, 950506190, 0, 0, 0, 0)
[16:11:07.835501] {Default Queue} wp_presentation_feedback#125.sync_output(wl_output#63)
[16:11:07.835501] {Default Queue} wp_presentation_feedback#125.sync_output(wl_output#31)
[16:11:07.835502] {Default Queue} wp_presentation_feedback#125.presented(0, 15895, 950506190, 0, 0, 0, 0)
[16:11:07.836072]  -> wl_surface#110.attach(wl_buffer#126, 0, 0)
[16:11:07.836077]  -> wl_surface#110.damage_buffer(346, 86, 588, 62)
[16:11:07.836079]  -> wl_surface#110.frame(new id wl_callback#125)
[16:11:07.836082] {Default Queue}  -> wp_presentation#23.feedback(wl_surface#110, new id wp_presentation_feedback#100)
[16:11:07.836084]  -> wl_surface#110.commit()
[16:11:07.836108] {Display Queue} wl_display#1.delete_id(95)
[16:11:07.836109] {Display Queue} wl_display#1.delete_id(93)
[16:11:07.836110] {Default Queue} wl_callback#95.done(15895950)
[16:11:07.836112] {Default Queue} wp_presentation_feedback#93.sync_output(wl_output#64)
[16:11:07.836113] {Default Queue} wp_presentation_feedback#93.sync_output(wl_output#34)
[16:11:07.836113] {Default Queue} wp_presentation_feedback#93.presented(0, 15895, 950613471, 0, 0, 0, 0)
[16:11:07.836190] {Default Queue} wl_buffer#126.release()
[16:11:07.851720] {Display Queue} wl_display#1.delete_id(125)
[16:11:07.851727] {Display Queue} wl_display#1.delete_id(100)
[16:11:07.851729] {Default Queue} wl_callback#125.done(15895966)
[16:11:07.851739] {Default Queue} wp_presentation_feedback#100.sync_output(wl_output#63)
[16:11:07.851740] {Default Queue} wp_presentation_feedback#100.sync_output(wl_output#31)
[16:11:07.851741] {Default Queue} wp_presentation_feedback#100.presented(0, 15895, 966775953, 0, 0, 0, 0)
[16:11:07.852347]  -> wl_surface#110.attach(wl_buffer#126, 0, 0)
[16:11:07.852353]  -> wl_surface#110.damage_buffer(346, 86, 588, 62)
[16:11:07.852356]  -> wl_surface#110.frame(new id wl_callback#100)
[16:11:07.852358] {Default Queue}  -> wp_presentation#23.feedback(wl_surface#110, new id wp_presentation_feedback#125)
[16:11:07.852360]  -> wl_surface#110.commit()
[16:11:07.852453] {Default Queue} wl_buffer#126.release()
[16:11:07.868033] {Display Queue} wl_display#1.delete_id(100)
[16:11:07.868042] {Display Queue} wl_display#1.delete_id(125)
[16:11:07.868044] {Default Queue} wl_callback#100.done(15895983)
[16:11:07.868055] {Default Queue} wp_presentation_feedback#125.sync_output(wl_output#63)
[16:11:07.868056] {Default Queue} wp_presentation_feedback#125.sync_output(wl_output#31)
[16:11:07.868057] {Default Queue} wp_presentation_feedback#125.presented(0, 15895, 983084237, 0, 0, 0, 0)
[16:11:07.868608]  -> wl_surface#110.attach(wl_buffer#126, 0, 0)
[16:11:07.868613]  -> wl_surface#110.damage_buffer(346, 86, 588, 62)
[16:11:07.868614]  -> wl_surface#110.frame(new id wl_callback#125)
[16:11:07.868617] {Default Queue}  -> wp_presentation#23.feedback(wl_surface#110, new id wp_presentation_feedback#100)
[16:11:07.868619]  -> wl_surface#110.commit()
[16:11:07.868710] {Default Queue} wl_buffer#126.release()
[16:11:07.884344] {Display Queue} wl_display#1.delete_id(125)
[16:11:07.884351] {Display Queue} wl_display#1.delete_id(100)
[16:11:07.884353] {Default Queue} wl_callback#125.done(15895999)
[16:11:07.884363] {Default Queue} wp_presentation_feedback#100.sync_output(wl_output#63)
[16:11:07.884364] {Default Queue} wp_presentation_feedback#100.sync_output(wl_output#31)
[16:11:07.884365] {Default Queue} wp_presentation_feedback#100.presented(0, 15895, 999395100, 0, 0, 0, 0)
[16:11:07.884966]  -> wl_surface#110.attach(wl_buffer#126, 0, 0)
[16:11:07.884973]  -> wl_surface#110.damage_buffer(346, 86, 588, 62)
[16:11:07.884975]  -> wl_surface#110.frame(new id wl_callback#100)
[16:11:07.884977] {Default Queue}  -> wp_presentation#23.feedback(wl_surface#110, new id wp_presentation_feedback#125)
[16:11:07.884980]  -> wl_surface#110.commit()
[16:11:07.885073] {Default Queue} wl_buffer#126.release()
[16:11:07.888766] {Default Queue}  -> ext_background_effect_surface_v1#114.destroy()
[16:11:07.888857] {Default Queue}  -> zwlr_layer_surface_v1#123.destroy()
[16:11:07.888861]  -> wl_surface#110.attach(nil, 0, 0)
[16:11:07.888862]  -> wl_surface#110.commit()
[16:11:07.888898] {Default Queue}  -> wl_buffer#126.destroy()
[16:11:07.888899] {Default Queue}  -> wl_shm_pool#98.destroy()
[16:11:07.889338] {Default Queue}  -> wp_viewport#105.destroy()
[16:11:07.889340] {Default Queue}  -> wp_fractional_scale_v1#116.destroy()
[16:11:07.889341]  -> wl_surface#110.destroy()
[16:11:07.889352] {Default Queue}  -> xdg_toplevel_icon_v1#122.destroy()
info: event=popup-closed
[16:11:07.892111] discarded [unknown]#125.[event 2](0 fd, 8 byte)
[16:11:07.892124] {Display Queue} wl_display#1.delete_id(114)
[16:11:07.892127] {Display Queue} wl_display#1.delete_id(123)
[16:11:07.892128] {Display Queue} wl_display#1.delete_id(125)
[16:11:07.892128] {Display Queue} wl_display#1.delete_id(126)
[16:11:07.892129] {Display Queue} wl_display#1.delete_id(98)
[16:11:07.892129] {Display Queue} wl_display#1.delete_id(105)
[16:11:07.892130] {Display Queue} wl_display#1.delete_id(116)
[16:11:07.892130] {Display Queue} wl_display#1.delete_id(100)
[16:11:07.892131] {Display Queue} wl_display#1.delete_id(110)
[16:11:07.892131] {Display Queue} wl_display#1.delete_id(122)
[16:11:07.892132] {Default Queue} zwlr_layer_surface_v1#75.configure(76, 1280, 48)
[16:11:07.892138] {Default Queue}  -> zwlr_layer_surface_v1#75.ack_configure(76)
[16:11:07.892139] {Default Queue} zwlr_layer_surface_v1#69.configure(77, 1280, 720)
[16:11:07.892141] {Default Queue}  -> zwlr_layer_surface_v1#69.ack_configure(77)
[16:11:07.892142] {Default Queue} zwlr_layer_surface_v1#80.configure(78, 88, 2)
[16:11:07.892146] {Default Queue}  -> zwlr_layer_surface_v1#80.ack_configure(78)
[16:11:07.892442]  -> wl_surface#71.commit()
[16:11:07.892460]  -> wl_surface#65.commit()
[16:11:07.892465]  -> wl_surface#70.commit()
[16:11:07.893472]  -> wl_surface#76.attach(wl_buffer#113, 0, 0)
[16:11:07.893477]  -> wl_surface#76.damage_buffer(4, 4, 555, 40)
[16:11:07.893479]  -> wl_surface#76.frame(new id wl_callback#122)
[16:11:07.893481] {Default Queue}  -> wp_presentation#23.feedback(wl_surface#76, new id wp_presentation_feedback#110)
[16:11:07.893483]  -> wl_surface#76.commit()
[16:11:07.893517] {Default Queue}  -> wl_compositor#46.create_region(new id wl_region#100)
[16:11:07.893532] {Default Queue}  -> wl_region#100.add(19, 4, 525, 1)
[16:11:07.893533] {Default Queue}  -> wl_region#100.add(574, 4, 132, 1)
[16:11:07.893534] {Default Queue}  -> wl_region#100.add(877, 4, 384, 1)
[16:11:07.893535] {Default Queue}  -> wl_region#100.add(17, 5, 529, 1)
[16:11:07.893536] {Default Queue}  -> wl_region#100.add(572, 5, 136, 1)
[16:11:07.893536] {Default Queue}  -> wl_region#100.add(875, 5, 388, 1)
[16:11:07.893537] {Default Queue}  -> wl_region#100.add(16, 6, 531, 1)
[16:11:07.893538] {Default Queue}  -> wl_region#100.add(571, 6, 138, 1)
[16:11:07.893538] {Default Queue}  -> wl_region#100.add(874, 6, 390, 1)
[16:11:07.893539] {Default Queue}  -> wl_region#100.add(15, 7, 533, 1)
[16:11:07.893540] {Default Queue}  -> wl_region#100.add(570, 7, 140, 1)
[16:11:07.893540] {Default Queue}  -> wl_region#100.add(873, 7, 392, 1)
[16:11:07.893541] {Default Queue}  -> wl_region#100.add(14, 8, 535, 1)
[16:11:07.893542] {Default Queue}  -> wl_region#100.add(569, 8, 142, 1)
[16:11:07.893542] {Default Queue}  -> wl_region#100.add(872, 8, 394, 1)
[16:11:07.893543] {Default Queue}  -> wl_region#100.add(13, 9, 537, 1)
[16:11:07.893544] {Default Queue}  -> wl_region#100.add(568, 9, 144, 1)
[16:11:07.893545] {Default Queue}  -> wl_region#100.add(871, 9, 396, 1)
[16:11:07.893545] {Default Queue}  -> wl_region#100.add(12, 10, 539, 2)
[16:11:07.893546] {Default Queue}  -> wl_region#100.add(567, 10, 146, 2)
[16:11:07.893546] {Default Queue}  -> wl_region#100.add(870, 10, 398, 2)
[16:11:07.893547] {Default Queue}  -> wl_region#100.add(11, 12, 541, 5)
[16:11:07.893548] {Default Queue}  -> wl_region#100.add(566, 12, 148, 5)
[16:11:07.893548] {Default Queue}  -> wl_region#100.add(869, 12, 400, 5)
[16:11:07.893549] {Default Queue}  -> wl_region#100.add(10, 17, 543, 14)
[16:11:07.893550] {Default Queue}  -> wl_region#100.add(565, 17, 150, 14)
[16:11:07.893550] {Default Queue}  -> wl_region#100.add(868, 17, 402, 14)
[16:11:07.893551] {Default Queue}  -> wl_region#100.add(11, 31, 541, 5)
[16:11:07.893552] {Default Queue}  -> wl_region#100.add(566, 31, 148, 5)
[16:11:07.893552] {Default Queue}  -> wl_region#100.add(869, 31, 400, 5)
[16:11:07.893553] {Default Queue}  -> wl_region#100.add(12, 36, 539, 2)
[16:11:07.893554] {Default Queue}  -> wl_region#100.add(567, 36, 146, 2)
[16:11:07.893554] {Default Queue}  -> wl_region#100.add(870, 36, 398, 2)
[16:11:07.893555] {Default Queue}  -> wl_region#100.add(13, 38, 537, 1)
[16:11:07.893556] {Default Queue}  -> wl_region#100.add(568, 38, 144, 1)
[16:11:07.893556] {Default Queue}  -> wl_region#100.add(871, 38, 396, 1)
[16:11:07.893557] {Default Queue}  -> wl_region#100.add(14, 39, 535, 1)
[16:11:07.893557] {Default Queue}  -> wl_region#100.add(569, 39, 142, 1)
[16:11:07.893558] {Default Queue}  -> wl_region#100.add(872, 39, 394, 1)
[16:11:07.893559] {Default Queue}  -> wl_region#100.add(15, 40, 533, 1)
[16:11:07.893559] {Default Queue}  -> wl_region#100.add(570, 40, 140, 1)
[16:11:07.893560] {Default Queue}  -> wl_region#100.add(873, 40, 392, 1)
[16:11:07.893561] {Default Queue}  -> wl_region#100.add(16, 41, 531, 1)
[16:11:07.893561] {Default Queue}  -> wl_region#100.add(571, 41, 138, 1)
[16:11:07.893562] {Default Queue}  -> wl_region#100.add(874, 41, 390, 1)
[16:11:07.893563] {Default Queue}  -> wl_region#100.add(17, 42, 529, 1)
[16:11:07.893563] {Default Queue}  -> wl_region#100.add(572, 42, 136, 1)
[16:11:07.893564] {Default Queue}  -> wl_region#100.add(875, 42, 388, 1)
[16:11:07.893564] {Default Queue}  -> wl_region#100.add(19, 43, 525, 1)
[16:11:07.893565] {Default Queue}  -> wl_region#100.add(574, 43, 132, 1)
[16:11:07.893566] {Default Queue}  -> wl_region#100.add(877, 43, 384, 1)
[16:11:07.893567] {Default Queue}  -> ext_background_effect_surface_v1#117.set_blur_region(wl_region#100)
[16:11:07.893568] {Default Queue}  -> wl_region#100.destroy()
[16:11:07.893680] {Display Queue} wl_display#1.delete_id(100)
[16:11:07.893683] {Default Queue} wl_buffer#113.release()
[16:11:07.897075] {Default Queue}  -> wl_compositor#4.create_surface(new id wl_surface#100)
[16:11:07.897079] {Default Queue}  -> wp_fractional_scale_manager_v1#11.get_fractional_scale(new id wp_fractional_scale_v1#116, wl_surface#100)
[16:11:07.897082] {Default Queue}  -> wp_viewporter#10.get_viewport(new id wp_viewport#105, wl_surface#100)
[16:11:07.897105] {Default Queue}  -> xdg_toplevel_icon_manager_v1#9.create_icon(new id xdg_toplevel_icon_v1#98)
[16:11:07.897118] {Default Queue}  -> zwlr_layer_shell_v1#49.get_layer_surface(new id zwlr_layer_surface_v1#126, wl_surface#100, wl_output#31, 3, "pearl:popup")
[16:11:07.897121] {Default Queue}  -> zwlr_layer_surface_v1#126.set_keyboard_interactivity(1)
[16:11:07.897122] {Default Queue}  -> zwlr_layer_surface_v1#126.set_exclusive_zone(0)
[16:11:07.897123] {Default Queue}  -> zwlr_layer_surface_v1#126.set_anchor(15)
[16:11:07.897124] {Default Queue}  -> zwlr_layer_surface_v1#126.set_margin(0, 0, 0, 0)
[16:11:07.897125] {Default Queue}  -> zwlr_layer_surface_v1#126.set_size(0, 0)
[16:11:07.897129]  -> wl_surface#100.commit()
[16:11:07.897227] {Default Queue}  -> ext_background_effect_manager_v1#48.get_background_effect(new id ext_background_effect_surface_v1#125, wl_surface#100)
[16:11:07.897229] {Default Queue}  -> wl_compositor#46.create_region(new id wl_region#123)
[16:11:07.897236] {Default Queue}  -> wl_region#123.add(-11, -20, 22, 1)
[16:11:07.897238] {Default Queue}  -> wl_region#123.add(-13, -19, 26, 1)
[16:11:07.897239] {Default Queue}  -> wl_region#123.add(-14, -18, 28, 1)
[16:11:07.897240] {Default Queue}  -> wl_region#123.add(-15, -17, 30, 1)
[16:11:07.897241] {Default Queue}  -> wl_region#123.add(-16, -16, 32, 1)
[16:11:07.897241] {Default Queue}  -> wl_region#123.add(-17, -15, 34, 1)
[16:11:07.897242] {Default Queue}  -> wl_region#123.add(-18, -14, 36, 2)
[16:11:07.897243] {Default Queue}  -> wl_region#123.add(-19, -12, 38, 5)
[16:11:07.897243] {Default Queue}  -> wl_region#123.add(-20, -7, 40, 14)
[16:11:07.897244] {Default Queue}  -> wl_region#123.add(-19, 7, 38, 5)
[16:11:07.897245] {Default Queue}  -> wl_region#123.add(-18, 12, 36, 2)
[16:11:07.897245] {Default Queue}  -> wl_region#123.add(-17, 14, 34, 1)
[16:11:07.897246] {Default Queue}  -> wl_region#123.add(-16, 15, 32, 1)
[16:11:07.897247] {Default Queue}  -> wl_region#123.add(-15, 16, 30, 1)
[16:11:07.897247] {Default Queue}  -> wl_region#123.add(-14, 17, 28, 1)
[16:11:07.897248] {Default Queue}  -> wl_region#123.add(-13, 18, 26, 1)
[16:11:07.897249] {Default Queue}  -> wl_region#123.add(-11, 19, 22, 1)
[16:11:07.897250] {Default Queue}  -> ext_background_effect_surface_v1#125.set_blur_region(wl_region#123)
[16:11:07.897251] {Default Queue}  -> wl_region#123.destroy()
[16:11:07.897326] {Default Queue}  -> zwp_text_input_v3#121.set_surrounding_text("", 0, 0)
[16:11:07.897328] {Default Queue}  -> zwp_text_input_v3#121.set_text_change_cause(1)
[16:11:07.897329] {Default Queue}  -> zwp_text_input_v3#121.set_content_type(0, 0)
[16:11:07.897338] {Default Queue}  -> zwp_text_input_v3#121.set_cursor_rectangle(0, 0, 0, 0)
[16:11:07.897339] {Default Queue}  -> zwp_text_input_v3#121.commit()
[16:11:07.897342] {Default Queue}  -> xdg_activation_v1#15.get_activation_token(new id xdg_activation_token_v1#114)
[16:11:07.897344]  -> xdg_activation_token_v1#114.set_serial(0, wl_seat#3)
[16:11:07.897345]  -> xdg_activation_token_v1#114.commit()
[16:11:07.897418] {Display Queue} wl_display#1.delete_id(123)
[16:11:07.897430] xdg_activation_token_v1#114.done("939dc8ae8884101c473a3f0e746984ae")
[16:11:07.897432]  -> xdg_activation_token_v1#114.destroy()
[16:11:07.897433] {Default Queue}  -> xdg_activation_v1#15.activate("939dc8ae8884101c473a3f0e746984ae", wl_surface#100)
info: event=popup-opened output=1
[16:11:07.897466] {Default Queue} zwlr_layer_surface_v1#75.configure(84, 1280, 48)
[16:11:07.897518] {Default Queue}  -> zwlr_layer_surface_v1#75.ack_configure(84)
[16:11:07.897520] {Default Queue} zwlr_layer_surface_v1#69.configure(85, 1280, 720)
[16:11:07.897522] {Default Queue}  -> zwlr_layer_surface_v1#69.ack_configure(85)
[16:11:07.897522] {Default Queue} zwlr_layer_surface_v1#80.configure(86, 88, 2)
[16:11:07.897525] {Default Queue}  -> zwlr_layer_surface_v1#80.ack_configure(86)
[16:11:07.897525] {Default Queue} zwlr_layer_surface_v1#126.configure(87, 1280, 672)
[16:11:07.897529] {Default Queue}  -> zwlr_layer_surface_v1#126.ack_configure(87)
[16:11:07.898134] {Default Queue}  -> wl_shm#5.create_pool(new id wl_shm_pool#123, fd 18, 3440640)
[16:11:07.898140] {Default Queue}  -> wl_shm_pool#123.create_buffer(new id wl_buffer#93, 0, 1280, 672, 5120, 0)
[16:11:07.898915] {Default Queue}  -> wl_compositor#4.create_region(new id wl_region#95)
[16:11:07.898918] {Default Queue}  -> wl_region#95.add(377, 90, 526, 54)
[16:11:07.898919]  -> wl_surface#100.set_opaque_region(wl_region#95)
[16:11:07.898923] {Default Queue}  -> wl_region#95.destroy()
[16:11:07.898924] {Default Queue}  -> wp_viewport#105.set_destination(1280, 672)
[16:11:07.898925]  -> wl_surface#100.attach(wl_buffer#93, 0, 0)
[16:11:07.898926]  -> wl_surface#100.damage_buffer(0, 0, 1280, 672)
[16:11:07.898927]  -> wl_surface#100.frame(new id wl_callback#106)
[16:11:07.898929] {Default Queue}  -> wp_presentation#23.feedback(wl_surface#100, new id wp_presentation_feedback#111)
[16:11:07.898931]  -> wl_surface#100.commit()
[16:11:07.898937] {Default Queue}  -> wl_compositor#46.create_region(new id wl_region#99)
[16:11:07.898970] {Default Queue}  -> wl_region#99.add(339, 36, 602, 1)
[16:11:07.898971] {Default Queue}  -> wl_region#99.add(337, 37, 606, 1)
[16:11:07.898972] {Default Queue}  -> wl_region#99.add(336, 38, 608, 1)
[16:11:07.898972] {Default Queue}  -> wl_region#99.add(335, 39, 610, 1)
[16:11:07.898973] {Default Queue}  -> wl_region#99.add(334, 40, 612, 1)
[16:11:07.898974] {Default Queue}  -> wl_region#99.add(333, 41, 614, 1)
[16:11:07.898975] {Default Queue}  -> wl_region#99.add(332, 42, 616, 2)
[16:11:07.898975] {Default Queue}  -> wl_region#99.add(331, 44, 618, 5)
[16:11:07.898976] {Default Queue}  -> wl_region#99.add(330, 49, 620, 574)
[16:11:07.898977] {Default Queue}  -> wl_region#99.add(331, 623, 618, 5)
[16:11:07.898977] {Default Queue}  -> wl_region#99.add(332, 628, 616, 2)
[16:11:07.898978] {Default Queue}  -> wl_region#99.add(333, 630, 614, 1)
[16:11:07.898979] {Default Queue}  -> wl_region#99.add(334, 631, 612, 1)
[16:11:07.898979] {Default Queue}  -> wl_region#99.add(335, 632, 610, 1)
[16:11:07.898980] {Default Queue}  -> wl_region#99.add(336, 633, 608, 1)
[16:11:07.898981] {Default Queue}  -> wl_region#99.add(337, 634, 606, 1)
[16:11:07.898982] {Default Queue}  -> wl_region#99.add(339, 635, 602, 1)
[16:11:07.898983] {Default Queue}  -> ext_background_effect_surface_v1#125.set_blur_region(wl_region#99)
[16:11:07.898983] {Default Queue}  -> wl_region#99.destroy()
info: event=launcher-results count=114 shown=114 publish_us=4166
[16:11:07.901723] {Display Queue} wl_display#1.delete_id(114)
[16:11:07.901726] {Display Queue} wl_display#1.delete_id(95)
[16:11:07.901727] {Display Queue} wl_display#1.delete_id(99)
[16:11:07.901727] {Display Queue} wl_display#1.delete_id(106)
[16:11:07.901728] {Display Queue} wl_display#1.delete_id(111)
[16:11:07.901729] {Display Queue} wl_display#1.delete_id(122)
[16:11:07.901729] {Display Queue} wl_display#1.delete_id(110)
[16:11:07.901730] {Default Queue} zwlr_layer_surface_v1#75.configure(88, 1280, 48)
[16:11:07.901734] {Default Queue}  -> zwlr_layer_surface_v1#75.ack_configure(88)
[16:11:07.901735] {Default Queue} zwlr_layer_surface_v1#69.configure(89, 1280, 720)
[16:11:07.901736] {Default Queue}  -> zwlr_layer_surface_v1#69.ack_configure(89)
[16:11:07.901737] {Default Queue} zwlr_layer_surface_v1#80.configure(90, 88, 2)
[16:11:07.901739] {Default Queue}  -> zwlr_layer_surface_v1#80.ack_configure(90)
[16:11:07.901740] {Default Queue} zwlr_layer_surface_v1#126.configure(91, 1280, 672)
[16:11:07.901741] {Default Queue}  -> zwlr_layer_surface_v1#126.ack_configure(91)
[16:11:07.901741] {Default Queue} wp_fractional_scale_v1#116.preferred_scale(120)
[16:11:07.901742] {Default Queue} wl_buffer#93.release()
[16:11:07.901743] {Default Queue} wl_data_device#38.selection(nil)
[16:11:07.901747] {Default Queue} zwp_primary_selection_device_v1#37.selection(nil)
[16:11:07.901749] {Default Queue} wl_callback#106.done(15896015)
[16:11:07.901753] {Default Queue} wp_presentation_feedback#111.sync_output(wl_output#63)
[16:11:07.901754] {Default Queue} wp_presentation_feedback#111.sync_output(wl_output#31)
[16:11:07.901755] {Default Queue} wp_presentation_feedback#111.presented(0, 15896, 15973736, 0, 0, 0, 0)
[16:11:07.901757] {Default Queue} wl_callback#122.done(15896016)
[16:11:07.901759] {Default Queue} wp_presentation_feedback#110.sync_output(wl_output#64)
[16:11:07.901759] {Default Queue} wp_presentation_feedback#110.sync_output(wl_output#34)
[16:11:07.901760] {Default Queue} wp_presentation_feedback#110.presented(0, 15896, 16072617, 0, 0, 0, 0)
[16:11:07.901762] wl_surface#100.enter(wl_output#63)
[16:11:07.901802] wl_surface#100.enter(wl_output#31)
[16:11:07.901813] wl_surface#100.preferred_buffer_scale(1)
[16:11:07.901814] wl_surface#100.preferred_buffer_transform(0)
[16:11:07.912774] {Default Queue}  -> wl_compositor#4.create_region(new id wl_region#110)
[16:11:07.912781] {Default Queue}  -> wl_region#110.add(365, 158, 550, 62)
[16:11:07.912784]  -> wl_surface#100.set_opaque_region(wl_region#110)
[16:11:07.912785] {Default Queue}  -> wl_region#110.destroy()
[16:11:07.912786]  -> wl_surface#100.attach(wl_buffer#93, 0, 0)
[16:11:07.912788]  -> wl_surface#100.damage_buffer(346, 86, 588, 62)
[16:11:07.912789]  -> wl_surface#100.damage_buffer(353, 158, 574, 426)
[16:11:07.912789]  -> wl_surface#100.damage_buffer(351, 600, 285, 15)
[16:11:07.912791]  -> wl_surface#100.frame(new id wl_callback#122)
[16:11:07.912793] {Default Queue}  -> wp_presentation#23.feedback(wl_surface#100, new id wp_presentation_feedback#111)
[16:11:07.912795]  -> wl_surface#100.commit()
info: event=launcher-painted latency_us=15275
[16:11:07.912868] {Default Queue}  -> wl_compositor#4.create_region(new id wl_region#106)
[16:11:07.912870] {Default Queue}  -> wl_region#106.add(19, 4, 525, 1)
[16:11:07.912871] {Default Queue}  -> wl_region#106.add(574, 4, 132, 1)
[16:11:07.912871] {Default Queue}  -> wl_region#106.add(877, 4, 384, 1)
[16:11:07.912872] {Default Queue}  -> wl_region#106.add(17, 5, 529, 1)
[16:11:07.912873] {Default Queue}  -> wl_region#106.add(572, 5, 136, 1)
[16:11:07.912873] {Default Queue}  -> wl_region#106.add(875, 5, 388, 1)
[16:11:07.912874] {Default Queue}  -> wl_region#106.add(16, 6, 531, 1)
[16:11:07.912875] {Default Queue}  -> wl_region#106.add(571, 6, 138, 1)
[16:11:07.912875] {Default Queue}  -> wl_region#106.add(874, 6, 390, 1)
[16:11:07.912876] {Default Queue}  -> wl_region#106.add(15, 7, 533, 1)
[16:11:07.912877] {Default Queue}  -> wl_region#106.add(570, 7, 140, 1)
[16:11:07.912877] {Default Queue}  -> wl_region#106.add(873, 7, 392, 1)
[16:11:07.912878] {Default Queue}  -> wl_region#106.add(14, 8, 535, 1)
[16:11:07.912879] {Default Queue}  -> wl_region#106.add(569, 8, 142, 1)
[16:11:07.912879] {Default Queue}  -> wl_region#106.add(872, 8, 394, 1)
[16:11:07.912880] {Default Queue}  -> wl_region#106.add(13, 9, 537, 1)
[16:11:07.912881] {Default Queue}  -> wl_region#106.add(568, 9, 144, 1)
[16:11:07.912881] {Default Queue}  -> wl_region#106.add(871, 9, 396, 1)
[16:11:07.912882] {Default Queue}  -> wl_region#106.add(12, 10, 539, 2)
[16:11:07.912883] {Default Queue}  -> wl_region#106.add(567, 10, 146, 2)
[16:11:07.912883] {Default Queue}  -> wl_region#106.add(870, 10, 398, 2)
[16:11:07.912884] {Default Queue}  -> wl_region#106.add(11, 12, 541, 5)
[16:11:07.912884] {Default Queue}  -> wl_region#106.add(566, 12, 148, 5)
[16:11:07.912885] {Default Queue}  -> wl_region#106.add(869, 12, 400, 5)
[16:11:07.912886] {Default Queue}  -> wl_region#106.add(10, 17, 543, 14)
[16:11:07.912886] {Default Queue}  -> wl_region#106.add(565, 17, 150, 14)
[16:11:07.912887] {Default Queue}  -> wl_region#106.add(868, 17, 402, 14)
[16:11:07.912888] {Default Queue}  -> wl_region#106.add(11, 31, 541, 5)
[16:11:07.912888] {Default Queue}  -> wl_region#106.add(566, 31, 148, 5)
[16:11:07.912889] {Default Queue}  -> wl_region#106.add(869, 31, 400, 5)
[16:11:07.912890] {Default Queue}  -> wl_region#106.add(12, 36, 539, 2)
[16:11:07.912890] {Default Queue}  -> wl_region#106.add(567, 36, 146, 2)
[16:11:07.912891] {Default Queue}  -> wl_region#106.add(870, 36, 398, 2)
[16:11:07.912891] {Default Queue}  -> wl_region#106.add(13, 38, 537, 1)
[16:11:07.912892] {Default Queue}  -> wl_region#106.add(568, 38, 144, 1)
[16:11:07.912893] {Default Queue}  -> wl_region#106.add(871, 38, 396, 1)
[16:11:07.912893] {Default Queue}  -> wl_region#106.add(14, 39, 535, 1)
[16:11:07.912894] {Default Queue}  -> wl_region#106.add(569, 39, 142, 1)
[16:11:07.912895] {Default Queue}  -> wl_region#106.add(872, 39, 394, 1)
[16:11:07.912895] {Default Queue}  -> wl_region#106.add(15, 40, 533, 1)
[16:11:07.912896] {Default Queue}  -> wl_region#106.add(570, 40, 140, 1)
[16:11:07.912897] {Default Queue}  -> wl_region#106.add(873, 40, 392, 1)
[16:11:07.912897] {Default Queue}  -> wl_region#106.add(16, 41, 531, 1)
[16:11:07.912898] {Default Queue}  -> wl_region#106.add(571, 41, 138, 1)
[16:11:07.912899] {Default Queue}  -> wl_region#106.add(874, 41, 390, 1)
[16:11:07.912899] {Default Queue}  -> wl_region#106.add(17, 42, 529, 1)
[16:11:07.912900] {Default Queue}  -> wl_region#106.add(572, 42, 136, 1)
[16:11:07.912901] {Default Queue}  -> wl_region#106.add(875, 42, 388, 1)
[16:11:07.912901] {Default Queue}  -> wl_region#106.add(19, 43, 525, 1)
[16:11:07.912902] {Default Queue}  -> wl_region#106.add(574, 43, 132, 1)
[16:11:07.912902] {Default Queue}  -> wl_region#106.add(877, 43, 384, 1)
[16:11:07.912903]  -> wl_surface#76.set_input_region(wl_region#106)
[16:11:07.912904] {Default Queue}  -> wl_region#106.destroy()
[16:11:07.912905]  -> wl_surface#76.attach(wl_buffer#113, 0, 0)
[16:11:07.912906]  -> wl_surface#76.frame(new id wl_callback#99)
[16:11:07.912907] {Default Queue}  -> wp_presentation#23.feedback(wl_surface#76, new id wp_presentation_feedback#95)
[16:11:07.912907]  -> wl_surface#76.commit()
[16:11:07.913289]  -> wl_surface#71.attach(wl_buffer#97, 0, 0)
[16:11:07.913292]  -> wl_surface#71.damage_buffer(4, 4, 833, 40)
[16:11:07.913293]  -> wl_surface#71.frame(new id wl_callback#114)
[16:11:07.913294] {Default Queue}  -> wp_presentation#23.feedback(wl_surface#71, new id wp_presentation_feedback#118)
[16:11:07.913295]  -> wl_surface#71.commit()
[16:11:07.913322] {Default Queue}  -> wl_compositor#46.create_region(new id wl_region#94)
[16:11:07.913337] {Default Queue}  -> wl_region#94.add(19, 4, 641, 1)
[16:11:07.913338] {Default Queue}  -> wl_region#94.add(690, 4, 132, 1)
[16:11:07.913339] {Default Queue}  -> wl_region#94.add(877, 4, 384, 1)
[16:11:07.913340] {Default Queue}  -> wl_region#94.add(17, 5, 645, 1)
[16:11:07.913340] {Default Queue}  -> wl_region#94.add(688, 5, 136, 1)
[16:11:07.913341] {Default Queue}  -> wl_region#94.add(875, 5, 388, 1)
[16:11:07.913342] {Default Queue}  -> wl_region#94.add(16, 6, 647, 1)
[16:11:07.913342] {Default Queue}  -> wl_region#94.add(687, 6, 138, 1)
[16:11:07.913343] {Default Queue}  -> wl_region#94.add(874, 6, 390, 1)
[16:11:07.913344] {Default Queue}  -> wl_region#94.add(15, 7, 649, 1)
[16:11:07.913344] {Default Queue}  -> wl_region#94.add(686, 7, 140, 1)
[16:11:07.913345] {Default Queue}  -> wl_region#94.add(873, 7, 392, 1)
[16:11:07.913346] {Default Queue}  -> wl_region#94.add(14, 8, 651, 1)
[16:11:07.913346] {Default Queue}  -> wl_region#94.add(685, 8, 142, 1)
[16:11:07.913347] {Default Queue}  -> wl_region#94.add(872, 8, 394, 1)
[16:11:07.913347] {Default Queue}  -> wl_region#94.add(13, 9, 653, 1)
[16:11:07.913348] {Default Queue}  -> wl_region#94.add(684, 9, 144, 1)
[16:11:07.913349] {Default Queue}  -> wl_region#94.add(871, 9, 396, 1)
[16:11:07.913349] {Default Queue}  -> wl_region#94.add(12, 10, 655, 2)
[16:11:07.913350] {Default Queue}  -> wl_region#94.add(683, 10, 146, 2)
[16:11:07.913351] {Default Queue}  -> wl_region#94.add(870, 10, 398, 2)
[16:11:07.913351] {Default Queue}  -> wl_region#94.add(11, 12, 657, 5)
[16:11:07.913352] {Default Queue}  -> wl_region#94.add(682, 12, 148, 5)
[16:11:07.913353] {Default Queue}  -> wl_region#94.add(869, 12, 400, 5)
[16:11:07.913353] {Default Queue}  -> wl_region#94.add(10, 17, 659, 14)
[16:11:07.913354] {Default Queue}  -> wl_region#94.add(681, 17, 150, 14)
[16:11:07.913355] {Default Queue}  -> wl_region#94.add(868, 17, 402, 14)
[16:11:07.913355] {Default Queue}  -> wl_region#94.add(11, 31, 657, 5)
[16:11:07.913356] {Default Queue}  -> wl_region#94.add(682, 31, 148, 5)
[16:11:07.913357] {Default Queue}  -> wl_region#94.add(869, 31, 400, 5)
[16:11:07.913357] {Default Queue}  -> wl_region#94.add(12, 36, 655, 2)
[16:11:07.913358] {Default Queue}  -> wl_region#94.add(683, 36, 146, 2)
[16:11:07.913358] {Default Queue}  -> wl_region#94.add(870, 36, 398, 2)
[16:11:07.913359] {Default Queue}  -> wl_region#94.add(13, 38, 653, 1)
[16:11:07.913360] {Default Queue}  -> wl_region#94.add(684, 38, 144, 1)
[16:11:07.913360] {Default Queue}  -> wl_region#94.add(871, 38, 396, 1)
[16:11:07.913361] {Default Queue}  -> wl_region#94.add(14, 39, 651, 1)
[16:11:07.913362] {Default Queue}  -> wl_region#94.add(685, 39, 142, 1)
[16:11:07.913362] {Default Queue}  -> wl_region#94.add(872, 39, 394, 1)
[16:11:07.913363] {Default Queue}  -> wl_region#94.add(15, 40, 649, 1)
[16:11:07.913364] {Default Queue}  -> wl_region#94.add(686, 40, 140, 1)
[16:11:07.913364] {Default Queue}  -> wl_region#94.add(873, 40, 392, 1)
[16:11:07.913365] {Default Queue}  -> wl_region#94.add(16, 41, 647, 1)
[16:11:07.913366] {Default Queue}  -> wl_region#94.add(687, 41, 138, 1)
[16:11:07.913366] {Default Queue}  -> wl_region#94.add(874, 41, 390, 1)
[16:11:07.913367] {Default Queue}  -> wl_region#94.add(17, 42, 645, 1)
[16:11:07.913368] {Default Queue}  -> wl_region#94.add(688, 42, 136, 1)
[16:11:07.913368] {Default Queue}  -> wl_region#94.add(875, 42, 388, 1)
[16:11:07.913369] {Default Queue}  -> wl_region#94.add(19, 43, 641, 1)
[16:11:07.913369] {Default Queue}  -> wl_region#94.add(690, 43, 132, 1)
[16:11:07.913370] {Default Queue}  -> wl_region#94.add(877, 43, 384, 1)
[16:11:07.913371] {Default Queue}  -> ext_background_effect_surface_v1#101.set_blur_region(wl_region#94)
[16:11:07.913372] {Default Queue}  -> wl_region#94.destroy()
[16:11:07.913392]  -> wl_surface#70.attach(wl_buffer#104, 0, 0)
[16:11:07.913393]  -> wl_surface#70.frame(new id wl_callback#115)
[16:11:07.913393] {Default Queue}  -> wp_presentation#23.feedback(wl_surface#70, new id wp_presentation_feedback#102)
[16:11:07.913394]  -> wl_surface#70.commit()
[16:11:07.913406] {Display Queue} wl_display#1.delete_id(110)
[16:11:07.913408] {Display Queue} wl_display#1.delete_id(106)
[16:11:07.913408] {Default Queue} wl_buffer#93.release()
[16:11:07.913409] {Default Queue} wl_buffer#113.release()
[16:11:07.914003] {Display Queue} wl_display#1.delete_id(94)
[16:11:07.914006] {Default Queue} wl_buffer#97.release()
[16:11:07.914007] {Default Queue} wl_buffer#104.release()
info: event=launcher-results count=114 shown=114 publish_us=5127
[16:11:07.919166] {Display Queue} wl_display#1.delete_id(114)
[16:11:07.919172] {Display Queue} wl_display#1.delete_id(115)
[16:11:07.919172] {Display Queue} wl_display#1.delete_id(122)
[16:11:07.919173] {Display Queue} wl_display#1.delete_id(118)
[16:11:07.919174] {Display Queue} wl_display#1.delete_id(102)
[16:11:07.919175] {Display Queue} wl_display#1.delete_id(111)
[16:11:07.919175] {Display Queue} wl_display#1.delete_id(99)
[16:11:07.919176] {Display Queue} wl_display#1.delete_id(95)
[16:11:07.919176] {Default Queue} wl_callback#114.done(15896032)
[16:11:07.919183] {Default Queue} wl_callback#115.done(15896032)
[16:11:07.919185] {Default Queue} wl_callback#122.done(15896032)
[16:11:07.919186] {Default Queue} wp_presentation_feedback#118.sync_output(wl_output#63)
[16:11:07.919187] {Default Queue} wp_presentation_feedback#118.sync_output(wl_output#31)
[16:11:07.919188] {Default Queue} wp_presentation_feedback#118.presented(0, 15896, 32297990, 0, 0, 0, 0)
[16:11:07.919191] {Default Queue} wp_presentation_feedback#102.sync_output(wl_output#63)
[16:11:07.919191] {Default Queue} wp_presentation_feedback#102.sync_output(wl_output#31)
[16:11:07.919192] {Default Queue} wp_presentation_feedback#102.presented(0, 15896, 32297990, 0, 0, 0, 0)
[16:11:07.919193] {Default Queue} wp_presentation_feedback#111.sync_output(wl_output#63)
[16:11:07.919194] {Default Queue} wp_presentation_feedback#111.sync_output(wl_output#31)
[16:11:07.919195] {Default Queue} wp_presentation_feedback#111.presented(0, 15896, 32297990, 0, 0, 0, 0)
[16:11:07.919196] {Default Queue} wl_callback#99.done(15896032)
[16:11:07.919198] {Default Queue} wp_presentation_feedback#95.sync_output(wl_output#64)
[16:11:07.919198] {Default Queue} wp_presentation_feedback#95.sync_output(wl_output#34)
[16:11:07.919199] {Default Queue} wp_presentation_feedback#95.presented(0, 15896, 32469722, 0, 0, 0, 0)
[16:11:07.919211]  -> wl_surface#65.commit()
[16:11:07.919419] {Default Queue}  -> wl_compositor#4.create_region(new id wl_region#95)
[16:11:07.919422] {Default Queue}  -> wl_region#95.add(19, 4, 641, 1)
[16:11:07.919424] {Default Queue}  -> wl_region#95.add(690, 4, 132, 1)
[16:11:07.919424] {Default Queue}  -> wl_region#95.add(877, 4, 384, 1)
[16:11:07.919425] {Default Queue}  -> wl_region#95.add(17, 5, 645, 1)
[16:11:07.919426] {Default Queue}  -> wl_region#95.add(688, 5, 136, 1)
[16:11:07.919427] {Default Queue}  -> wl_region#95.add(875, 5, 388, 1)
[16:11:07.919427] {Default Queue}  -> wl_region#95.add(16, 6, 647, 1)
[16:11:07.919428] {Default Queue}  -> wl_region#95.add(687, 6, 138, 1)
[16:11:07.919428] {Default Queue}  -> wl_region#95.add(874, 6, 390, 1)
[16:11:07.919429] {Default Queue}  -> wl_region#95.add(15, 7, 649, 1)
[16:11:07.919430] {Default Queue}  -> wl_region#95.add(686, 7, 140, 1)
[16:11:07.919430] {Default Queue}  -> wl_region#95.add(873, 7, 392, 1)
[16:11:07.919431] {Default Queue}  -> wl_region#95.add(14, 8, 651, 1)
[16:11:07.919432] {Default Queue}  -> wl_region#95.add(685, 8, 142, 1)
[16:11:07.919432] {Default Queue}  -> wl_region#95.add(872, 8, 394, 1)
[16:11:07.919433] {Default Queue}  -> wl_region#95.add(13, 9, 653, 1)
[16:11:07.919434] {Default Queue}  -> wl_region#95.add(684, 9, 144, 1)
[16:11:07.919434] {Default Queue}  -> wl_region#95.add(871, 9, 396, 1)
[16:11:07.919435] {Default Queue}  -> wl_region#95.add(12, 10, 655, 2)
[16:11:07.919436] {Default Queue}  -> wl_region#95.add(683, 10, 146, 2)
[16:11:07.919436] {Default Queue}  -> wl_region#95.add(870, 10, 398, 2)
[16:11:07.919437] {Default Queue}  -> wl_region#95.add(11, 12, 657, 5)
[16:11:07.919437] {Default Queue}  -> wl_region#95.add(682, 12, 148, 5)
[16:11:07.919438] {Default Queue}  -> wl_region#95.add(869, 12, 400, 5)
[16:11:07.919439] {Default Queue}  -> wl_region#95.add(10, 17, 659, 14)
[16:11:07.919439] {Default Queue}  -> wl_region#95.add(681, 17, 150, 14)
[16:11:07.919440] {Default Queue}  -> wl_region#95.add(868, 17, 402, 14)
[16:11:07.919441] {Default Queue}  -> wl_region#95.add(11, 31, 657, 5)
[16:11:07.919441] {Default Queue}  -> wl_region#95.add(682, 31, 148, 5)
[16:11:07.919442] {Default Queue}  -> wl_region#95.add(869, 31, 400, 5)
[16:11:07.919443] {Default Queue}  -> wl_region#95.add(12, 36, 655, 2)
[16:11:07.919444] {Default Queue}  -> wl_region#95.add(683, 36, 146, 2)
[16:11:07.919444] {Default Queue}  -> wl_region#95.add(870, 36, 398, 2)
[16:11:07.919445] {Default Queue}  -> wl_region#95.add(13, 38, 653, 1)
[16:11:07.919445] {Default Queue}  -> wl_region#95.add(684, 38, 144, 1)
[16:11:07.919446] {Default Queue}  -> wl_region#95.add(871, 38, 396, 1)
[16:11:07.919447] {Default Queue}  -> wl_region#95.add(14, 39, 651, 1)
[16:11:07.919447] {Default Queue}  -> wl_region#95.add(685, 39, 142, 1)
[16:11:07.919448] {Default Queue}  -> wl_region#95.add(872, 39, 394, 1)
[16:11:07.919449] {Default Queue}  -> wl_region#95.add(15, 40, 649, 1)
[16:11:07.919449] {Default Queue}  -> wl_region#95.add(686, 40, 140, 1)
[16:11:07.919450] {Default Queue}  -> wl_region#95.add(873, 40, 392, 1)
[16:11:07.919451] {Default Queue}  -> wl_region#95.add(16, 41, 647, 1)
[16:11:07.919451] {Default Queue}  -> wl_region#95.add(687, 41, 138, 1)
[16:11:07.919452] {Default Queue}  -> wl_region#95.add(874, 41, 390, 1)
[16:11:07.919452] {Default Queue}  -> wl_region#95.add(17, 42, 645, 1)
[16:11:07.919453] {Default Queue}  -> wl_region#95.add(688, 42, 136, 1)
[16:11:07.919454] {Default Queue}  -> wl_region#95.add(875, 42, 388, 1)
[16:11:07.919454] {Default Queue}  -> wl_region#95.add(19, 43, 641, 1)
[16:11:07.919455] {Default Queue}  -> wl_region#95.add(690, 43, 132, 1)
[16:11:07.919456] {Default Queue}  -> wl_region#95.add(877, 43, 384, 1)
[16:11:07.919456]  -> wl_surface#71.set_input_region(wl_region#95)
[16:11:07.919457] {Default Queue}  -> wl_region#95.destroy()
[16:11:07.919458]  -> wl_surface#71.attach(wl_buffer#97, 0, 0)
[16:11:07.919460]  -> wl_surface#71.damage_buffer(4, 4, 833, 40)
[16:11:07.919461]  -> wl_surface#71.frame(new id wl_callback#99)
[16:11:07.919462] {Default Queue}  -> wp_presentation#23.feedback(wl_surface#71, new id wp_presentation_feedback#111)
[16:11:07.919463]  -> wl_surface#71.commit()
[16:11:07.919493] {Default Queue}  -> wl_compositor#46.create_region(new id wl_region#102)
[16:11:07.919507] {Default Queue}  -> wl_region#102.add(19, 4, 504, 1)
[16:11:07.919508] {Default Queue}  -> wl_region#102.add(574, 4, 132, 1)
[16:11:07.919508] {Default Queue}  -> wl_region#102.add(877, 4, 384, 1)
[16:11:07.919509] {Default Queue}  -> wl_region#102.add(17, 5, 508, 1)
[16:11:07.919510] {Default Queue}  -> wl_region#102.add(572, 5, 136, 1)
[16:11:07.919510] {Default Queue}  -> wl_region#102.add(875, 5, 388, 1)
[16:11:07.919511] {Default Queue}  -> wl_region#102.add(16, 6, 510, 1)
[16:11:07.919512] {Default Queue}  -> wl_region#102.add(571, 6, 138, 1)
[16:11:07.919512] {Default Queue}  -> wl_region#102.add(874, 6, 390, 1)
[16:11:07.919513] {Default Queue}  -> wl_region#102.add(15, 7, 512, 1)
[16:11:07.919514] {Default Queue}  -> wl_region#102.add(570, 7, 140, 1)
[16:11:07.919514] {Default Queue}  -> wl_region#102.add(873, 7, 392, 1)
[16:11:07.919515] {Default Queue}  -> wl_region#102.add(14, 8, 514, 1)
[16:11:07.919516] {Default Queue}  -> wl_region#102.add(569, 8, 142, 1)
[16:11:07.919516] {Default Queue}  -> wl_region#102.add(872, 8, 394, 1)
[16:11:07.919517] {Default Queue}  -> wl_region#102.add(13, 9, 516, 1)
[16:11:07.919517] {Default Queue}  -> wl_region#102.add(568, 9, 144, 1)
[16:11:07.919518] {Default Queue}  -> wl_region#102.add(871, 9, 396, 1)
[16:11:07.919519] {Default Queue}  -> wl_region#102.add(12, 10, 518, 2)
[16:11:07.919519] {Default Queue}  -> wl_region#102.add(567, 10, 146, 2)
[16:11:07.919520] {Default Queue}  -> wl_region#102.add(870, 10, 398, 2)
[16:11:07.919521] {Default Queue}  -> wl_region#102.add(11, 12, 520, 5)
[16:11:07.919521] {Default Queue}  -> wl_region#102.add(566, 12, 148, 5)
[16:11:07.919522] {Default Queue}  -> wl_region#102.add(869, 12, 400, 5)
[16:11:07.919523] {Default Queue}  -> wl_region#102.add(10, 17, 522, 14)
[16:11:07.919523] {Default Queue}  -> wl_region#102.add(565, 17, 150, 14)
[16:11:07.919524] {Default Queue}  -> wl_region#102.add(868, 17, 402, 14)
[16:11:07.919525] {Default Queue}  -> wl_region#102.add(11, 31, 520, 5)
[16:11:07.919525] {Default Queue}  -> wl_region#102.add(566, 31, 148, 5)
[16:11:07.919526] {Default Queue}  -> wl_region#102.add(869, 31, 400, 5)
[16:11:07.919527] {Default Queue}  -> wl_region#102.add(12, 36, 518, 2)
[16:11:07.919527] {Default Queue}  -> wl_region#102.add(567, 36, 146, 2)
[16:11:07.919528] {Default Queue}  -> wl_region#102.add(870, 36, 398, 2)
[16:11:07.919528] {Default Queue}  -> wl_region#102.add(13, 38, 516, 1)
[16:11:07.919529] {Default Queue}  -> wl_region#102.add(568, 38, 144, 1)
[16:11:07.919530] {Default Queue}  -> wl_region#102.add(871, 38, 396, 1)
[16:11:07.919531] {Default Queue}  -> wl_region#102.add(14, 39, 514, 1)
[16:11:07.919531] {Default Queue}  -> wl_region#102.add(569, 39, 142, 1)
[16:11:07.919532] {Default Queue}  -> wl_region#102.add(872, 39, 394, 1)
[16:11:07.919532] {Default Queue}  -> wl_region#102.add(15, 40, 512, 1)
[16:11:07.919533] {Default Queue}  -> wl_region#102.add(570, 40, 140, 1)
[16:11:07.919534] {Default Queue}  -> wl_region#102.add(873, 40, 392, 1)
[16:11:07.919534] {Default Queue}  -> wl_region#102.add(16, 41, 510, 1)
[16:11:07.919535] {Default Queue}  -> wl_region#102.add(571, 41, 138, 1)
[16:11:07.919536] {Default Queue}  -> wl_region#102.add(874, 41, 390, 1)
[16:11:07.919536] {Default Queue}  -> wl_region#102.add(17, 42, 508, 1)
[16:11:07.919537] {Default Queue}  -> wl_region#102.add(572, 42, 136, 1)
[16:11:07.919538] {Default Queue}  -> wl_region#102.add(875, 42, 388, 1)
[16:11:07.919538] {Default Queue}  -> wl_region#102.add(19, 43, 504, 1)
[16:11:07.919539] {Default Queue}  -> wl_region#102.add(574, 43, 132, 1)
[16:11:07.919540] {Default Queue}  -> wl_region#102.add(877, 43, 384, 1)
[16:11:07.919541] {Default Queue}  -> ext_background_effect_surface_v1#101.set_blur_region(wl_region#102)
[16:11:07.919542] {Default Queue}  -> wl_region#102.destroy()
[16:11:07.919562]  -> wl_surface#70.attach(wl_buffer#104, 0, 0)
[16:11:07.919563]  -> wl_surface#70.frame(new id wl_callback#118)
[16:11:07.919564] {Default Queue}  -> wp_presentation#23.feedback(wl_surface#70, new id wp_presentation_feedback#122)
[16:11:07.919565]  -> wl_surface#70.commit()
[16:11:07.930807]  -> wl_surface#100.attach(wl_buffer#93, 0, 0)
[16:11:07.930815]  -> wl_surface#100.damage_buffer(346, 86, 588, 62)
[16:11:07.930817]  -> wl_surface#100.frame(new id wl_callback#115)
[16:11:07.930820] {Default Queue}  -> wp_presentation#23.feedback(wl_surface#100, new id wp_presentation_feedback#114)
[16:11:07.930822]  -> wl_surface#100.commit()
info: event=launcher-painted latency_us=16865
[16:11:07.931011]  -> wl_surface#76.attach(wl_buffer#113, 0, 0)
[16:11:07.931014]  -> wl_surface#76.damage_buffer(4, 4, 555, 40)
[16:11:07.931015]  -> wl_surface#76.frame(new id wl_callback#94)
[16:11:07.931016] {Default Queue}  -> wp_presentation#23.feedback(wl_surface#76, new id wp_presentation_feedback#106)
[16:11:07.931017]  -> wl_surface#76.commit()
[16:11:07.931045] {Default Queue}  -> wl_compositor#46.create_region(new id wl_region#110)
[16:11:07.931058] {Default Queue}  -> wl_region#110.add(19, 4, 504, 1)
[16:11:07.931060] {Default Queue}  -> wl_region#110.add(574, 4, 132, 1)
[16:11:07.931061] {Default Queue}  -> wl_region#110.add(877, 4, 384, 1)
[16:11:07.931061] {Default Queue}  -> wl_region#110.add(17, 5, 508, 1)
[16:11:07.931062] {Default Queue}  -> wl_region#110.add(572, 5, 136, 1)
[16:11:07.931063] {Default Queue}  -> wl_region#110.add(875, 5, 388, 1)
[16:11:07.931064] {Default Queue}  -> wl_region#110.add(16, 6, 510, 1)
[16:11:07.931064] {Default Queue}  -> wl_region#110.add(571, 6, 138, 1)
[16:11:07.931065] {Default Queue}  -> wl_region#110.add(874, 6, 390, 1)
[16:11:07.931065] {Default Queue}  -> wl_region#110.add(15, 7, 512, 1)
[16:11:07.931066] {Default Queue}  -> wl_region#110.add(570, 7, 140, 1)
[16:11:07.931067] {Default Queue}  -> wl_region#110.add(873, 7, 392, 1)
[16:11:07.931067] {Default Queue}  -> wl_region#110.add(14, 8, 514, 1)
[16:11:07.931068] {Default Queue}  -> wl_region#110.add(569, 8, 142, 1)
[16:11:07.931069] {Default Queue}  -> wl_region#110.add(872, 8, 394, 1)
[16:11:07.931069] {Default Queue}  -> wl_region#110.add(13, 9, 516, 1)
[16:11:07.931070] {Default Queue}  -> wl_region#110.add(568, 9, 144, 1)
[16:11:07.931071] {Default Queue}  -> wl_region#110.add(871, 9, 396, 1)
[16:11:07.931071] {Default Queue}  -> wl_region#110.add(12, 10, 518, 2)
[16:11:07.931072] {Default Queue}  -> wl_region#110.add(567, 10, 146, 2)
[16:11:07.931073] {Default Queue}  -> wl_region#110.add(870, 10, 398, 2)
[16:11:07.931073] {Default Queue}  -> wl_region#110.add(11, 12, 520, 5)
[16:11:07.931074] {Default Queue}  -> wl_region#110.add(566, 12, 148, 5)
[16:11:07.931074] {Default Queue}  -> wl_region#110.add(869, 12, 400, 5)
[16:11:07.931075] {Default Queue}  -> wl_region#110.add(10, 17, 522, 14)
[16:11:07.931076] {Default Queue}  -> wl_region#110.add(565, 17, 150, 14)
[16:11:07.931076] {Default Queue}  -> wl_region#110.add(868, 17, 402, 14)
[16:11:07.931077] {Default Queue}  -> wl_region#110.add(11, 31, 520, 5)
[16:11:07.931078] {Default Queue}  -> wl_region#110.add(566, 31, 148, 5)
[16:11:07.931078] {Default Queue}  -> wl_region#110.add(869, 31, 400, 5)
[16:11:07.931079] {Default Queue}  -> wl_region#110.add(12, 36, 518, 2)
[16:11:07.931079] {Default Queue}  -> wl_region#110.add(567, 36, 146, 2)
[16:11:07.931080] {Default Queue}  -> wl_region#110.add(870, 36, 398, 2)
[16:11:07.931081] {Default Queue}  -> wl_region#110.add(13, 38, 516, 1)
[16:11:07.931081] {Default Queue}  -> wl_region#110.add(568, 38, 144, 1)
[16:11:07.931082] {Default Queue}  -> wl_region#110.add(871, 38, 396, 1)
[16:11:07.931083] {Default Queue}  -> wl_region#110.add(14, 39, 514, 1)
[16:11:07.931083] {Default Queue}  -> wl_region#110.add(569, 39, 142, 1)
[16:11:07.931084] {Default Queue}  -> wl_region#110.add(872, 39, 394, 1)
[16:11:07.931085] {Default Queue}  -> wl_region#110.add(15, 40, 512, 1)
[16:11:07.931085] {Default Queue}  -> wl_region#110.add(570, 40, 140, 1)
[16:11:07.931086] {Default Queue}  -> wl_region#110.add(873, 40, 392, 1)
[16:11:07.931087] {Default Queue}  -> wl_region#110.add(16, 41, 510, 1)
[16:11:07.931087] {Default Queue}  -> wl_region#110.add(571, 41, 138, 1)
[16:11:07.931088] {Default Queue}  -> wl_region#110.add(874, 41, 390, 1)
[16:11:07.931089] {Default Queue}  -> wl_region#110.add(17, 42, 508, 1)
[16:11:07.931089] {Default Queue}  -> wl_region#110.add(572, 42, 136, 1)
[16:11:07.931090] {Default Queue}  -> wl_region#110.add(875, 42, 388, 1)
[16:11:07.931091] {Default Queue}  -> wl_region#110.add(19, 43, 504, 1)
[16:11:07.931091] {Default Queue}  -> wl_region#110.add(574, 43, 132, 1)
[16:11:07.931092] {Default Queue}  -> wl_region#110.add(877, 43, 384, 1)
[16:11:07.931093] {Default Queue}  -> ext_background_effect_surface_v1#117.set_blur_region(wl_region#110)
[16:11:07.931094] {Default Queue}  -> wl_region#110.destroy()
[16:11:07.931138] {Display Queue} wl_display#1.delete_id(95)
[16:11:07.931140] {Display Queue} wl_display#1.delete_id(102)
[16:11:07.931141] {Default Queue} wl_buffer#97.release()
[16:11:07.931246] {Display Queue} wl_display#1.delete_id(110)
[16:11:07.931247] {Default Queue} wl_buffer#104.release()
[16:11:07.931248] {Default Queue} wl_buffer#93.release()
[16:11:07.931249] {Default Queue} wl_buffer#113.release()
[16:11:07.933492] {Display Queue} wl_display#1.delete_id(99)
[16:11:07.933495] {Display Queue} wl_display#1.delete_id(118)
[16:11:07.933496] {Display Queue} wl_display#1.delete_id(115)
[16:11:07.933496] {Display Queue} wl_display#1.delete_id(111)
[16:11:07.933497] {Display Queue} wl_display#1.delete_id(122)
[16:11:07.933498] {Display Queue} wl_display#1.delete_id(114)
[16:11:07.933498] {Default Queue} wl_callback#99.done(15896048)
[16:11:07.933505] {Default Queue} wl_callback#118.done(15896048)
[16:11:07.933507] {Default Queue} wl_callback#115.done(15896048)
[16:11:07.933508] {Default Queue} wp_presentation_feedback#111.sync_output(wl_output#63)
[16:11:07.933509] {Default Queue} wp_presentation_feedback#111.sync_output(wl_output#31)
[16:11:07.933510] {Default Queue} wp_presentation_feedback#111.presented(0, 15896, 48557503, 0, 0, 0, 0)
[16:11:07.933512] {Default Queue} wp_presentation_feedback#122.sync_output(wl_output#63)
[16:11:07.933513] {Default Queue} wp_presentation_feedback#122.sync_output(wl_output#31)
[16:11:07.933514] {Default Queue} wp_presentation_feedback#122.presented(0, 15896, 48557503, 0, 0, 0, 0)
[16:11:07.933516] {Default Queue} wp_presentation_feedback#114.sync_output(wl_output#63)
[16:11:07.933516] {Default Queue} wp_presentation_feedback#114.sync_output(wl_output#31)
[16:11:07.933517] {Default Queue} wp_presentation_feedback#114.presented(0, 15896, 48557503, 0, 0, 0, 0)
[16:11:07.933577] {Default Queue}  -> wl_compositor#4.create_region(new id wl_region#114)
[16:11:07.933579] {Default Queue}  -> wl_region#114.add(19, 4, 504, 1)
[16:11:07.933580] {Default Queue}  -> wl_region#114.add(574, 4, 132, 1)
[16:11:07.933581] {Default Queue}  -> wl_region#114.add(877, 4, 384, 1)
[16:11:07.933581] {Default Queue}  -> wl_region#114.add(17, 5, 508, 1)
[16:11:07.933582] {Default Queue}  -> wl_region#114.add(572, 5, 136, 1)
[16:11:07.933583] {Default Queue}  -> wl_region#114.add(875, 5, 388, 1)
[16:11:07.933583] {Default Queue}  -> wl_region#114.add(16, 6, 510, 1)
[16:11:07.933584] {Default Queue}  -> wl_region#114.add(571, 6, 138, 1)
[16:11:07.933585] {Default Queue}  -> wl_region#114.add(874, 6, 390, 1)
[16:11:07.933585] {Default Queue}  -> wl_region#114.add(15, 7, 512, 1)
[16:11:07.933586] {Default Queue}  -> wl_region#114.add(570, 7, 140, 1)
[16:11:07.933587] {Default Queue}  -> wl_region#114.add(873, 7, 392, 1)
[16:11:07.933587] {Default Queue}  -> wl_region#114.add(14, 8, 514, 1)
[16:11:07.933588] {Default Queue}  -> wl_region#114.add(569, 8, 142, 1)
[16:11:07.933589] {Default Queue}  -> wl_region#114.add(872, 8, 394, 1)
[16:11:07.933589] {Default Queue}  -> wl_region#114.add(13, 9, 516, 1)
[16:11:07.933590] {Default Queue}  -> wl_region#114.add(568, 9, 144, 1)
[16:11:07.933591] {Default Queue}  -> wl_region#114.add(871, 9, 396, 1)
[16:11:07.933591] {Default Queue}  -> wl_region#114.add(12, 10, 518, 2)
[16:11:07.933592] {Default Queue}  -> wl_region#114.add(567, 10, 146, 2)
[16:11:07.933593] {Default Queue}  -> wl_region#114.add(870, 10, 398, 2)
[16:11:07.933593] {Default Queue}  -> wl_region#114.add(11, 12, 520, 5)
[16:11:07.933594] {Default Queue}  -> wl_region#114.add(566, 12, 148, 5)
[16:11:07.933595] {Default Queue}  -> wl_region#114.add(869, 12, 400, 5)
[16:11:07.933595] {Default Queue}  -> wl_region#114.add(10, 17, 522, 14)
[16:11:07.933596] {Default Queue}  -> wl_region#114.add(565, 17, 150, 14)
[16:11:07.933597] {Default Queue}  -> wl_region#114.add(868, 17, 402, 14)
[16:11:07.933597] {Default Queue}  -> wl_region#114.add(11, 31, 520, 5)
[16:11:07.933598] {Default Queue}  -> wl_region#114.add(566, 31, 148, 5)
[16:11:07.933599] {Default Queue}  -> wl_region#114.add(869, 31, 400, 5)
[16:11:07.933599] {Default Queue}  -> wl_region#114.add(12, 36, 518, 2)
[16:11:07.933600] {Default Queue}  -> wl_region#114.add(567, 36, 146, 2)
[16:11:07.933601] {Default Queue}  -> wl_region#114.add(870, 36, 398, 2)
[16:11:07.933601] {Default Queue}  -> wl_region#114.add(13, 38, 516, 1)
[16:11:07.933602] {Default Queue}  -> wl_region#114.add(568, 38, 144, 1)
[16:11:07.933603] {Default Queue}  -> wl_region#114.add(871, 38, 396, 1)
[16:11:07.933603] {Default Queue}  -> wl_region#114.add(14, 39, 514, 1)
[16:11:07.933604] {Default Queue}  -> wl_region#114.add(569, 39, 142, 1)
[16:11:07.933605] {Default Queue}  -> wl_region#114.add(872, 39, 394, 1)
[16:11:07.933605] {Default Queue}  -> wl_region#114.add(15, 40, 512, 1)
[16:11:07.933606] {Default Queue}  -> wl_region#114.add(570, 40, 140, 1)
[16:11:07.933607] {Default Queue}  -> wl_region#114.add(873, 40, 392, 1)
[16:11:07.933607] {Default Queue}  -> wl_region#114.add(16, 41, 510, 1)
[16:11:07.933608] {Default Queue}  -> wl_region#114.add(571, 41, 138, 1)
[16:11:07.933609] {Default Queue}  -> wl_region#114.add(874, 41, 390, 1)
[16:11:07.933609] {Default Queue}  -> wl_region#114.add(17, 42, 508, 1)
[16:11:07.933610] {Default Queue}  -> wl_region#114.add(572, 42, 136, 1)
[16:11:07.933610] {Default Queue}  -> wl_region#114.add(875, 42, 388, 1)
[16:11:07.933611] {Default Queue}  -> wl_region#114.add(19, 43, 504, 1)
[16:11:07.933612] {Default Queue}  -> wl_region#114.add(574, 43, 132, 1)
[16:11:07.933612] {Default Queue}  -> wl_region#114.add(877, 43, 384, 1)
[16:11:07.933613]  -> wl_surface#71.set_input_region(wl_region#114)
[16:11:07.933614] {Default Queue}  -> wl_region#114.destroy()
[16:11:07.933615]  -> wl_surface#71.attach(wl_buffer#97, 0, 0)
[16:11:07.933616]  -> wl_surface#71.frame(new id wl_callback#122)
[16:11:07.933617] {Default Queue}  -> wp_presentation#23.feedback(wl_surface#71, new id wp_presentation_feedback#111)
[16:11:07.933618]  -> wl_surface#71.commit()
[16:11:07.934199]  -> wl_surface#100.attach(wl_buffer#93, 0, 0)
[16:11:07.934202]  -> wl_surface#100.damage_buffer(346, 86, 588, 62)
[16:11:07.934203]  -> wl_surface#100.frame(new id wl_callback#115)
[16:11:07.934204] {Default Queue}  -> wp_presentation#23.feedback(wl_surface#100, new id wp_presentation_feedback#118)
[16:11:07.934205]  -> wl_surface#100.commit()
[16:11:07.934220] {Display Queue} wl_display#1.delete_id(94)
[16:11:07.934222] {Display Queue} wl_display#1.delete_id(106)
[16:11:07.934222] {Default Queue} wl_callback#94.done(15896048)
[16:11:07.934225] {Default Queue} wp_presentation_feedback#106.sync_output(wl_output#64)
[16:11:07.934226] {Default Queue} wp_presentation_feedback#106.sync_output(wl_output#34)
[16:11:07.934227] {Default Queue} wp_presentation_feedback#106.presented(0, 15896, 48637014, 0, 0, 0, 0)
[16:11:07.934266] {Default Queue}  -> wl_compositor#4.create_region(new id wl_region#106)
[16:11:07.934267] {Default Queue}  -> wl_region#106.add(19, 4, 504, 1)
[16:11:07.934268] {Default Queue}  -> wl_region#106.add(574, 4, 132, 1)
[16:11:07.934269] {Default Queue}  -> wl_region#106.add(877, 4, 384, 1)
[16:11:07.934270] {Default Queue}  -> wl_region#106.add(17, 5, 508, 1)
[16:11:07.934271] {Default Queue}  -> wl_region#106.add(572, 5, 136, 1)
[16:11:07.934271] {Default Queue}  -> wl_region#106.add(875, 5, 388, 1)
[16:11:07.934272] {Default Queue}  -> wl_region#106.add(16, 6, 510, 1)
[16:11:07.934273] {Default Queue}  -> wl_region#106.add(571, 6, 138, 1)
[16:11:07.934273] {Default Queue}  -> wl_region#106.add(874, 6, 390, 1)
[16:11:07.934274] {Default Queue}  -> wl_region#106.add(15, 7, 512, 1)
[16:11:07.934275] {Default Queue}  -> wl_region#106.add(570, 7, 140, 1)
[16:11:07.934275] {Default Queue}  -> wl_region#106.add(873, 7, 392, 1)
[16:11:07.934276] {Default Queue}  -> wl_region#106.add(14, 8, 514, 1)
[16:11:07.934277] {Default Queue}  -> wl_region#106.add(569, 8, 142, 1)
[16:11:07.934277] {Default Queue}  -> wl_region#106.add(872, 8, 394, 1)
[16:11:07.934278] {Default Queue}  -> wl_region#106.add(13, 9, 516, 1)
[16:11:07.934278] {Default Queue}  -> wl_region#106.add(568, 9, 144, 1)
[16:11:07.934279] {Default Queue}  -> wl_region#106.add(871, 9, 396, 1)
[16:11:07.934280] {Default Queue}  -> wl_region#106.add(12, 10, 518, 2)
[16:11:07.934280] {Default Queue}  -> wl_region#106.add(567, 10, 146, 2)
[16:11:07.934281] {Default Queue}  -> wl_region#106.add(870, 10, 398, 2)
[16:11:07.934282] {Default Queue}  -> wl_region#106.add(11, 12, 520, 5)
[16:11:07.934282] {Default Queue}  -> wl_region#106.add(566, 12, 148, 5)
[16:11:07.934283] {Default Queue}  -> wl_region#106.add(869, 12, 400, 5)
[16:11:07.934284] {Default Queue}  -> wl_region#106.add(10, 17, 522, 14)
[16:11:07.934284] {Default Queue}  -> wl_region#106.add(565, 17, 150, 14)
[16:11:07.934285] {Default Queue}  -> wl_region#106.add(868, 17, 402, 14)
[16:11:07.934286] {Default Queue}  -> wl_region#106.add(11, 31, 520, 5)
[16:11:07.934286] {Default Queue}  -> wl_region#106.add(566, 31, 148, 5)
[16:11:07.934287] {Default Queue}  -> wl_region#106.add(869, 31, 400, 5)
[16:11:07.934288] {Default Queue}  -> wl_region#106.add(12, 36, 518, 2)
[16:11:07.934289] {Default Queue}  -> wl_region#106.add(567, 36, 146, 2)
[16:11:07.934289] {Default Queue}  -> wl_region#106.add(870, 36, 398, 2)
[16:11:07.934290] {Default Queue}  -> wl_region#106.add(13, 38, 516, 1)
[16:11:07.934291] {Default Queue}  -> wl_region#106.add(568, 38, 144, 1)
[16:11:07.934291] {Default Queue}  -> wl_region#106.add(871, 38, 396, 1)
[16:11:07.934292] {Default Queue}  -> wl_region#106.add(14, 39, 514, 1)
[16:11:07.934293] {Default Queue}  -> wl_region#106.add(569, 39, 142, 1)
[16:11:07.934293] {Default Queue}  -> wl_region#106.add(872, 39, 394, 1)
[16:11:07.934294] {Default Queue}  -> wl_region#106.add(15, 40, 512, 1)
[16:11:07.934294] {Default Queue}  -> wl_region#106.add(570, 40, 140, 1)
[16:11:07.934295] {Default Queue}  -> wl_region#106.add(873, 40, 392, 1)
[16:11:07.934296] {Default Queue}  -> wl_region#106.add(16, 41, 510, 1)
[16:11:07.934296] {Default Queue}  -> wl_region#106.add(571, 41, 138, 1)
[16:11:07.934297] {Default Queue}  -> wl_region#106.add(874, 41, 390, 1)
[16:11:07.934298] {Default Queue}  -> wl_region#106.add(17, 42, 508, 1)
[16:11:07.934298] {Default Queue}  -> wl_region#106.add(572, 42, 136, 1)
[16:11:07.934299] {Default Queue}  -> wl_region#106.add(875, 42, 388, 1)
[16:11:07.934300] {Default Queue}  -> wl_region#106.add(19, 43, 504, 1)
[16:11:07.934300] {Default Queue}  -> wl_region#106.add(574, 43, 132, 1)
[16:11:07.934301] {Default Queue}  -> wl_region#106.add(877, 43, 384, 1)
[16:11:07.934302]  -> wl_surface#76.set_input_region(wl_region#106)
[16:11:07.934302] {Default Queue}  -> wl_region#106.destroy()
[16:11:07.934303]  -> wl_surface#76.attach(wl_buffer#113, 0, 0)
[16:11:07.934304]  -> wl_surface#76.frame(new id wl_callback#94)
[16:11:07.934305] {Default Queue}  -> wp_presentation#23.feedback(wl_surface#76, new id wp_presentation_feedback#99)
[16:11:07.934305]  -> wl_surface#76.commit()
[16:11:07.934314] {Display Queue} wl_display#1.delete_id(114)
[16:11:07.934315] {Default Queue} wl_buffer#97.release()
[16:11:07.934315] {Default Queue} wl_buffer#93.release()
[16:11:07.934335] {Display Queue} wl_display#1.delete_id(106)
[16:11:07.934336] {Default Queue} wl_buffer#113.release()
[16:11:07.949809] {Display Queue} wl_display#1.delete_id(122)
[16:11:07.949817] {Display Queue} wl_display#1.delete_id(115)
[16:11:07.949818] {Display Queue} wl_display#1.delete_id(111)
[16:11:07.949819] {Display Queue} wl_display#1.delete_id(118)
[16:11:07.949820] {Default Queue} wl_callback#122.done(15896064)
[16:11:07.949826] {Default Queue} wl_callback#115.done(15896064)
[16:11:07.949829] {Default Queue} wp_presentation_feedback#111.sync_output(wl_output#63)
[16:11:07.949830] {Default Queue} wp_presentation_feedback#111.sync_output(wl_output#31)
[16:11:07.949831] {Default Queue} wp_presentation_feedback#111.presented(0, 15896, 64861117, 0, 0, 0, 0)
[16:11:07.949834] {Default Queue} wp_presentation_feedback#118.sync_output(wl_output#63)
[16:11:07.949834] {Default Queue} wp_presentation_feedback#118.sync_output(wl_output#31)
[16:11:07.949835] {Default Queue} wp_presentation_feedback#118.presented(0, 15896, 64861117, 0, 0, 0, 0)
[16:11:07.950310]  -> wl_surface#100.attach(wl_buffer#93, 0, 0)
[16:11:07.950314]  -> wl_surface#100.damage_buffer(346, 86, 588, 62)
[16:11:07.950315]  -> wl_surface#100.frame(new id wl_callback#118)
[16:11:07.950317] {Default Queue}  -> wp_presentation#23.feedback(wl_surface#100, new id wp_presentation_feedback#111)
[16:11:07.950319]  -> wl_surface#100.commit()
[16:11:07.950339] {Display Queue} wl_display#1.delete_id(94)
[16:11:07.950341] {Display Queue} wl_display#1.delete_id(99)
[16:11:07.950341] {Default Queue} wl_callback#94.done(15896064)
[16:11:07.950343] {Default Queue} wp_presentation_feedback#99.sync_output(wl_output#64)
[16:11:07.950344] {Default Queue} wp_presentation_feedback#99.sync_output(wl_output#34)
[16:11:07.950344] {Default Queue} wp_presentation_feedback#99.presented(0, 15896, 64946878, 0, 0, 0, 0)
[16:11:07.950391] {Default Queue} wl_buffer#93.release()
[16:11:07.966168] {Display Queue} wl_display#1.delete_id(118)
[16:11:07.966175] {Display Queue} wl_display#1.delete_id(111)
[16:11:07.966177] {Default Queue} wl_callback#118.done(15896081)
[16:11:07.966187] {Default Queue} wp_presentation_feedback#111.sync_output(wl_output#63)
[16:11:07.966188] {Default Queue} wp_presentation_feedback#111.sync_output(wl_output#31)
[16:11:07.966189] {Default Queue} wp_presentation_feedback#111.presented(0, 15896, 81215911, 0, 0, 0, 0)
[16:11:07.966728]  -> wl_surface#100.attach(wl_buffer#93, 0, 0)
[16:11:07.966733]  -> wl_surface#100.damage_buffer(346, 86, 588, 62)
[16:11:07.966735]  -> wl_surface#100.frame(new id wl_callback#111)
[16:11:07.966737] {Default Queue}  -> wp_presentation#23.feedback(wl_surface#100, new id wp_presentation_feedback#118)
[16:11:07.966739]  -> wl_surface#100.commit()
[16:11:07.966818] {Default Queue} wl_buffer#93.release()
[16:11:07.982541] {Display Queue} wl_display#1.delete_id(111)
[16:11:07.982553] {Display Queue} wl_display#1.delete_id(118)
[16:11:07.982555] {Default Queue} wl_callback#111.done(15896097)
[16:11:07.982567] {Default Queue} wp_presentation_feedback#118.sync_output(wl_output#63)
[16:11:07.982569] {Default Queue} wp_presentation_feedback#118.sync_output(wl_output#31)
[16:11:07.982570] {Default Queue} wp_presentation_feedback#118.presented(0, 15896, 97586255, 0, 0, 0, 0)
[16:11:07.983328]  -> wl_surface#100.attach(wl_buffer#93, 0, 0)
[16:11:07.983335]  -> wl_surface#100.damage_buffer(346, 86, 588, 62)
[16:11:07.983337]  -> wl_surface#100.frame(new id wl_callback#118)
[16:11:07.983340] {Default Queue}  -> wp_presentation#23.feedback(wl_surface#100, new id wp_presentation_feedback#111)
[16:11:07.983342]  -> wl_surface#100.commit()
[16:11:07.983514] {Default Queue} wl_buffer#93.release()
[16:11:07.998830] {Display Queue} wl_display#1.delete_id(118)
[16:11:07.998838] {Display Queue} wl_display#1.delete_id(111)
[16:11:07.998839] {Default Queue} wl_callback#118.done(15896113)
[16:11:07.998850] {Default Queue} wp_presentation_feedback#111.sync_output(wl_output#63)
[16:11:07.998852] {Default Queue} wp_presentation_feedback#111.sync_output(wl_output#31)
[16:11:07.998853] {Default Queue} wp_presentation_feedback#111.presented(0, 15896, 113880298, 0, 0, 0, 0)
[16:11:07.999463]  -> wl_surface#100.attach(wl_buffer#93, 0, 0)
[16:11:07.999468]  -> wl_surface#100.damage_buffer(346, 86, 588, 62)
[16:11:07.999470]  -> wl_surface#100.frame(new id wl_callback#111)
[16:11:07.999473] {Default Queue}  -> wp_presentation#23.feedback(wl_surface#100, new id wp_presentation_feedback#118)
[16:11:07.999475]  -> wl_surface#100.commit()
[16:11:07.999588] {Default Queue} wl_buffer#93.release()
[16:11:08.002709] {Default Queue}  -> ext_background_effect_surface_v1#125.destroy()
[16:11:08.002805] {Default Queue}  -> zwlr_layer_surface_v1#126.destroy()
[16:11:08.002808]  -> wl_surface#100.attach(nil, 0, 0)
[16:11:08.002810]  -> wl_surface#100.commit()
[16:11:08.002845] {Default Queue}  -> wl_buffer#93.destroy()
[16:11:08.002846] {Default Queue}  -> wl_shm_pool#123.destroy()
[16:11:08.003215] {Default Queue}  -> wp_viewport#105.destroy()
[16:11:08.003220] {Default Queue}  -> wp_fractional_scale_v1#116.destroy()
[16:11:08.003221]  -> wl_surface#100.destroy()
[16:11:08.003233] {Default Queue}  -> xdg_toplevel_icon_v1#98.destroy()
info: event=popup-closed
[16:11:08.006140] discarded [unknown]#118.[event 2](0 fd, 8 byte)
[16:11:08.006149] {Display Queue} wl_display#1.delete_id(125)
[16:11:08.006155] {Display Queue} wl_display#1.delete_id(126)
[16:11:08.006156] {Display Queue} wl_display#1.delete_id(118)
[16:11:08.006157] {Display Queue} wl_display#1.delete_id(93)
[16:11:08.006157] {Display Queue} wl_display#1.delete_id(123)
[16:11:08.006158] {Display Queue} wl_display#1.delete_id(105)
[16:11:08.006159] {Display Queue} wl_display#1.delete_id(116)
[16:11:08.006159] {Display Queue} wl_display#1.delete_id(111)
[16:11:08.006160] {Display Queue} wl_display#1.delete_id(100)
[16:11:08.006160] {Display Queue} wl_display#1.delete_id(98)
[16:11:08.006161] {Default Queue} zwlr_layer_surface_v1#75.configure(99, 1280, 48)
[16:11:08.006168] {Default Queue}  -> zwlr_layer_surface_v1#75.ack_configure(99)
[16:11:08.006170] {Default Queue} zwlr_layer_surface_v1#69.configure(100, 1280, 720)
[16:11:08.006172] {Default Queue}  -> zwlr_layer_surface_v1#69.ack_configure(100)
[16:11:08.006172] {Default Queue} zwlr_layer_surface_v1#80.configure(101, 88, 2)
[16:11:08.006177] {Default Queue}  -> zwlr_layer_surface_v1#80.ack_configure(101)
[16:11:08.006477]  -> wl_surface#71.commit()
[16:11:08.006493]  -> wl_surface#65.commit()
[16:11:08.006499]  -> wl_surface#70.commit()
[16:11:08.007371]  -> wl_surface#76.attach(wl_buffer#113, 0, 0)
[16:11:08.007375]  -> wl_surface#76.damage_buffer(4, 4, 555, 40)
[16:11:08.007377]  -> wl_surface#76.frame(new id wl_callback#98)
[16:11:08.007379] {Default Queue}  -> wp_presentation#23.feedback(wl_surface#76, new id wp_presentation_feedback#100)
[16:11:08.007380]  -> wl_surface#76.commit()
[16:11:08.007409] {Default Queue}  -> wl_compositor#46.create_region(new id wl_region#111)
[16:11:08.007423] {Default Queue}  -> wl_region#111.add(19, 4, 525, 1)
[16:11:08.007424] {Default Queue}  -> wl_region#111.add(574, 4, 132, 1)
[16:11:08.007425] {Default Queue}  -> wl_region#111.add(877, 4, 384, 1)
[16:11:08.007426] {Default Queue}  -> wl_region#111.add(17, 5, 529, 1)
[16:11:08.007426] {Default Queue}  -> wl_region#111.add(572, 5, 136, 1)
[16:11:08.007427] {Default Queue}  -> wl_region#111.add(875, 5, 388, 1)
[16:11:08.007428] {Default Queue}  -> wl_region#111.add(16, 6, 531, 1)
[16:11:08.007428] {Default Queue}  -> wl_region#111.add(571, 6, 138, 1)
[16:11:08.007429] {Default Queue}  -> wl_region#111.add(874, 6, 390, 1)
[16:11:08.007430] {Default Queue}  -> wl_region#111.add(15, 7, 533, 1)
[16:11:08.007430] {Default Queue}  -> wl_region#111.add(570, 7, 140, 1)
[16:11:08.007431] {Default Queue}  -> wl_region#111.add(873, 7, 392, 1)
[16:11:08.007432] {Default Queue}  -> wl_region#111.add(14, 8, 535, 1)
[16:11:08.007432] {Default Queue}  -> wl_region#111.add(569, 8, 142, 1)
[16:11:08.007433] {Default Queue}  -> wl_region#111.add(872, 8, 394, 1)
[16:11:08.007434] {Default Queue}  -> wl_region#111.add(13, 9, 537, 1)
[16:11:08.007434] {Default Queue}  -> wl_region#111.add(568, 9, 144, 1)
[16:11:08.007435] {Default Queue}  -> wl_region#111.add(871, 9, 396, 1)
[16:11:08.007436] {Default Queue}  -> wl_region#111.add(12, 10, 539, 2)
[16:11:08.007436] {Default Queue}  -> wl_region#111.add(567, 10, 146, 2)
[16:11:08.007437] {Default Queue}  -> wl_region#111.add(870, 10, 398, 2)
[16:11:08.007438] {Default Queue}  -> wl_region#111.add(11, 12, 541, 5)
[16:11:08.007438] {Default Queue}  -> wl_region#111.add(566, 12, 148, 5)
[16:11:08.007439] {Default Queue}  -> wl_region#111.add(869, 12, 400, 5)
[16:11:08.007440] {Default Queue}  -> wl_region#111.add(10, 17, 543, 14)
[16:11:08.007440] {Default Queue}  -> wl_region#111.add(565, 17, 150, 14)
[16:11:08.007441] {Default Queue}  -> wl_region#111.add(868, 17, 402, 14)
[16:11:08.007442] {Default Queue}  -> wl_region#111.add(11, 31, 541, 5)
[16:11:08.007442] {Default Queue}  -> wl_region#111.add(566, 31, 148, 5)
[16:11:08.007443] {Default Queue}  -> wl_region#111.add(869, 31, 400, 5)
[16:11:08.007444] {Default Queue}  -> wl_region#111.add(12, 36, 539, 2)
[16:11:08.007444] {Default Queue}  -> wl_region#111.add(567, 36, 146, 2)
[16:11:08.007445] {Default Queue}  -> wl_region#111.add(870, 36, 398, 2)
[16:11:08.007445] {Default Queue}  -> wl_region#111.add(13, 38, 537, 1)
[16:11:08.007446] {Default Queue}  -> wl_region#111.add(568, 38, 144, 1)
[16:11:08.007447] {Default Queue}  -> wl_region#111.add(871, 38, 396, 1)
[16:11:08.007447] {Default Queue}  -> wl_region#111.add(14, 39, 535, 1)
[16:11:08.007448] {Default Queue}  -> wl_region#111.add(569, 39, 142, 1)
[16:11:08.007449] {Default Queue}  -> wl_region#111.add(872, 39, 394, 1)
[16:11:08.007449] {Default Queue}  -> wl_region#111.add(15, 40, 533, 1)
[16:11:08.007450] {Default Queue}  -> wl_region#111.add(570, 40, 140, 1)
[16:11:08.007451] {Default Queue}  -> wl_region#111.add(873, 40, 392, 1)
[16:11:08.007451] {Default Queue}  -> wl_region#111.add(16, 41, 531, 1)
[16:11:08.007452] {Default Queue}  -> wl_region#111.add(571, 41, 138, 1)
[16:11:08.007452] {Default Queue}  -> wl_region#111.add(874, 41, 390, 1)
[16:11:08.007453] {Default Queue}  -> wl_region#111.add(17, 42, 529, 1)
[16:11:08.007454] {Default Queue}  -> wl_region#111.add(572, 42, 136, 1)
[16:11:08.007454] {Default Queue}  -> wl_region#111.add(875, 42, 388, 1)
[16:11:08.007455] {Default Queue}  -> wl_region#111.add(19, 43, 525, 1)
[16:11:08.007456] {Default Queue}  -> wl_region#111.add(574, 43, 132, 1)
[16:11:08.007456] {Default Queue}  -> wl_region#111.add(877, 43, 384, 1)
[16:11:08.007457] {Default Queue}  -> ext_background_effect_surface_v1#117.set_blur_region(wl_region#111)
[16:11:08.007458] {Default Queue}  -> wl_region#111.destroy()
[16:11:08.007516] {Display Queue} wl_display#1.delete_id(111)
[16:11:08.007517] {Default Queue} wl_buffer#113.release()
[16:11:08.010904] {Default Queue}  -> wl_compositor#4.create_surface(new id wl_surface#111)
[16:11:08.010908] {Default Queue}  -> wp_fractional_scale_manager_v1#11.get_fractional_scale(new id wp_fractional_scale_v1#116, wl_surface#111)
[16:11:08.010917] {Default Queue}  -> wp_viewporter#10.get_viewport(new id wp_viewport#105, wl_surface#111)
[16:11:08.010941] {Default Queue}  -> xdg_toplevel_icon_manager_v1#9.create_icon(new id xdg_toplevel_icon_v1#123)
[16:11:08.010954] {Default Queue}  -> zwlr_layer_shell_v1#49.get_layer_surface(new id zwlr_layer_surface_v1#93, wl_surface#111, wl_output#31, 3, "pearl:popup")
[16:11:08.010957] {Default Queue}  -> zwlr_layer_surface_v1#93.set_keyboard_interactivity(1)
[16:11:08.010958] {Default Queue}  -> zwlr_layer_surface_v1#93.set_exclusive_zone(0)
[16:11:08.010959] {Default Queue}  -> zwlr_layer_surface_v1#93.set_anchor(15)
[16:11:08.010960] {Default Queue}  -> zwlr_layer_surface_v1#93.set_margin(0, 0, 0, 0)
[16:11:08.010961] {Default Queue}  -> zwlr_layer_surface_v1#93.set_size(0, 0)
[16:11:08.010965]  -> wl_surface#111.commit()
[16:11:08.011061] {Default Queue}  -> ext_background_effect_manager_v1#48.get_background_effect(new id ext_background_effect_surface_v1#118, wl_surface#111)
[16:11:08.011063] {Default Queue}  -> wl_compositor#46.create_region(new id wl_region#126)
[16:11:08.011070] {Default Queue}  -> wl_region#126.add(-11, -20, 22, 1)
[16:11:08.011071] {Default Queue}  -> wl_region#126.add(-13, -19, 26, 1)
[16:11:08.011072] {Default Queue}  -> wl_region#126.add(-14, -18, 28, 1)
[16:11:08.011073] {Default Queue}  -> wl_region#126.add(-15, -17, 30, 1)
[16:11:08.011073] {Default Queue}  -> wl_region#126.add(-16, -16, 32, 1)
[16:11:08.011074] {Default Queue}  -> wl_region#126.add(-17, -15, 34, 1)
[16:11:08.011075] {Default Queue}  -> wl_region#126.add(-18, -14, 36, 2)
[16:11:08.011075] {Default Queue}  -> wl_region#126.add(-19, -12, 38, 5)
[16:11:08.011076] {Default Queue}  -> wl_region#126.add(-20, -7, 40, 14)
[16:11:08.011077] {Default Queue}  -> wl_region#126.add(-19, 7, 38, 5)
[16:11:08.011077] {Default Queue}  -> wl_region#126.add(-18, 12, 36, 2)
[16:11:08.011078] {Default Queue}  -> wl_region#126.add(-17, 14, 34, 1)
[16:11:08.011079] {Default Queue}  -> wl_region#126.add(-16, 15, 32, 1)
[16:11:08.011080] {Default Queue}  -> wl_region#126.add(-15, 16, 30, 1)
[16:11:08.011080] {Default Queue}  -> wl_region#126.add(-14, 17, 28, 1)
[16:11:08.011081] {Default Queue}  -> wl_region#126.add(-13, 18, 26, 1)
[16:11:08.011082] {Default Queue}  -> wl_region#126.add(-11, 19, 22, 1)
[16:11:08.011082] {Default Queue}  -> ext_background_effect_surface_v1#118.set_blur_region(wl_region#126)
[16:11:08.011083] {Default Queue}  -> wl_region#126.destroy()
[16:11:08.011157] {Default Queue}  -> zwp_text_input_v3#121.set_surrounding_text("", 0, 0)
[16:11:08.011158] {Default Queue}  -> zwp_text_input_v3#121.set_text_change_cause(1)
[16:11:08.011160] {Default Queue}  -> zwp_text_input_v3#121.set_content_type(0, 0)
[16:11:08.011168] {Default Queue}  -> zwp_text_input_v3#121.set_cursor_rectangle(0, 0, 0, 0)
[16:11:08.011169] {Default Queue}  -> zwp_text_input_v3#121.commit()
[16:11:08.011172] {Default Queue}  -> xdg_activation_v1#15.get_activation_token(new id xdg_activation_token_v1#125)
[16:11:08.011173]  -> xdg_activation_token_v1#125.set_serial(0, wl_seat#3)
[16:11:08.011175]  -> xdg_activation_token_v1#125.commit()
[16:11:08.011227] {Display Queue} wl_display#1.delete_id(126)
[16:11:08.011240] xdg_activation_token_v1#125.done("cfdbb69689d61618c6cf2e97e3e95abb")
[16:11:08.011246]  -> xdg_activation_token_v1#125.destroy()
[16:11:08.011247] {Default Queue}  -> xdg_activation_v1#15.activate("cfdbb69689d61618c6cf2e97e3e95abb", wl_surface#111)
info: event=popup-opened output=1
[16:11:08.011280] {Default Queue} zwlr_layer_surface_v1#75.configure(107, 1280, 48)
[16:11:08.011329] {Default Queue}  -> zwlr_layer_surface_v1#75.ack_configure(107)
[16:11:08.011330] {Default Queue} zwlr_layer_surface_v1#69.configure(108, 1280, 720)
[16:11:08.011333] {Default Queue}  -> zwlr_layer_surface_v1#69.ack_configure(108)
[16:11:08.011334] {Default Queue} zwlr_layer_surface_v1#80.configure(109, 88, 2)
[16:11:08.011336] {Default Queue}  -> zwlr_layer_surface_v1#80.ack_configure(109)
[16:11:08.011336] {Default Queue} zwlr_layer_surface_v1#93.configure(110, 1280, 672)
[16:11:08.011342] {Default Queue}  -> zwlr_layer_surface_v1#93.ack_configure(110)
[16:11:08.011964] {Default Queue}  -> wl_shm#5.create_pool(new id wl_shm_pool#126, fd 18, 3440640)
[16:11:08.011969] {Default Queue}  -> wl_shm_pool#126.create_buffer(new id wl_buffer#99, 0, 1280, 672, 5120, 0)
[16:11:08.012716] {Default Queue}  -> wl_compositor#4.create_region(new id wl_region#94)
[16:11:08.012718] {Default Queue}  -> wl_region#94.add(377, 90, 526, 54)
[16:11:08.012720]  -> wl_surface#111.set_opaque_region(wl_region#94)
[16:11:08.012721] {Default Queue}  -> wl_region#94.destroy()
[16:11:08.012722] {Default Queue}  -> wp_viewport#105.set_destination(1280, 672)
[16:11:08.012723]  -> wl_surface#111.attach(wl_buffer#99, 0, 0)
[16:11:08.012725]  -> wl_surface#111.damage_buffer(0, 0, 1280, 672)
[16:11:08.012726]  -> wl_surface#111.frame(new id wl_callback#115)
[16:11:08.012728] {Default Queue}  -> wp_presentation#23.feedback(wl_surface#111, new id wp_presentation_feedback#122)
[16:11:08.012729]  -> wl_surface#111.commit()
[16:11:08.012735] {Default Queue}  -> wl_compositor#46.create_region(new id wl_region#106)
[16:11:08.012768] {Default Queue}  -> wl_region#106.add(339, 36, 602, 1)
[16:11:08.012769] {Default Queue}  -> wl_region#106.add(337, 37, 606, 1)
[16:11:08.012770] {Default Queue}  -> wl_region#106.add(336, 38, 608, 1)
[16:11:08.012771] {Default Queue}  -> wl_region#106.add(335, 39, 610, 1)
[16:11:08.012771] {Default Queue}  -> wl_region#106.add(334, 40, 612, 1)
[16:11:08.012772] {Default Queue}  -> wl_region#106.add(333, 41, 614, 1)
[16:11:08.012772] {Default Queue}  -> wl_region#106.add(332, 42, 616, 2)
[16:11:08.012773] {Default Queue}  -> wl_region#106.add(331, 44, 618, 5)
[16:11:08.012774] {Default Queue}  -> wl_region#106.add(330, 49, 620, 574)
[16:11:08.012774] {Default Queue}  -> wl_region#106.add(331, 623, 618, 5)
[16:11:08.012775] {Default Queue}  -> wl_region#106.add(332, 628, 616, 2)
[16:11:08.012776] {Default Queue}  -> wl_region#106.add(333, 630, 614, 1)
[16:11:08.012776] {Default Queue}  -> wl_region#106.add(334, 631, 612, 1)
[16:11:08.012777] {Default Queue}  -> wl_region#106.add(335, 632, 610, 1)
[16:11:08.012778] {Default Queue}  -> wl_region#106.add(336, 633, 608, 1)
[16:11:08.012778] {Default Queue}  -> wl_region#106.add(337, 634, 606, 1)
[16:11:08.012779] {Default Queue}  -> wl_region#106.add(339, 635, 602, 1)
[16:11:08.012780] {Default Queue}  -> ext_background_effect_surface_v1#118.set_blur_region(wl_region#106)
[16:11:08.012781] {Default Queue}  -> wl_region#106.destroy()
info: event=launcher-results count=114 shown=114 publish_us=4225
[16:11:08.015599] {Display Queue} wl_display#1.delete_id(125)
[16:11:08.015601] {Display Queue} wl_display#1.delete_id(94)
[16:11:08.015602] {Display Queue} wl_display#1.delete_id(106)
[16:11:08.015602] {Display Queue} wl_display#1.delete_id(115)
[16:11:08.015603] {Display Queue} wl_display#1.delete_id(122)
[16:11:08.015604] {Display Queue} wl_display#1.delete_id(98)
[16:11:08.015604] {Display Queue} wl_display#1.delete_id(100)
[16:11:08.015605] {Default Queue} zwlr_layer_surface_v1#75.configure(111, 1280, 48)
[16:11:08.015609] {Default Queue}  -> zwlr_layer_surface_v1#75.ack_configure(111)
[16:11:08.015610] {Default Queue} zwlr_layer_surface_v1#69.configure(112, 1280, 720)
[16:11:08.015611] {Default Queue}  -> zwlr_layer_surface_v1#69.ack_configure(112)
[16:11:08.015612] {Default Queue} zwlr_layer_surface_v1#80.configure(113, 88, 2)
[16:11:08.015614] {Default Queue}  -> zwlr_layer_surface_v1#80.ack_configure(113)
[16:11:08.015615] {Default Queue} zwlr_layer_surface_v1#93.configure(114, 1280, 672)
[16:11:08.015616] {Default Queue}  -> zwlr_layer_surface_v1#93.ack_configure(114)
[16:11:08.015616] {Default Queue} wp_fractional_scale_v1#116.preferred_scale(120)
[16:11:08.015617] {Default Queue} wl_buffer#99.release()
[16:11:08.015618] {Default Queue} wl_data_device#38.selection(nil)
[16:11:08.015623] {Default Queue} zwp_primary_selection_device_v1#37.selection(nil)
[16:11:08.015626] {Default Queue} wl_callback#115.done(15896130)
[16:11:08.015629] {Default Queue} wp_presentation_feedback#122.sync_output(wl_output#63)
[16:11:08.015630] {Default Queue} wp_presentation_feedback#122.sync_output(wl_output#31)
[16:11:08.015631] {Default Queue} wp_presentation_feedback#122.presented(0, 15896, 130507095, 0, 0, 0, 0)
[16:11:08.015633] {Default Queue} wl_callback#98.done(15896130)
[16:11:08.015635] {Default Queue} wp_presentation_feedback#100.sync_output(wl_output#64)
[16:11:08.015636] {Default Queue} wp_presentation_feedback#100.sync_output(wl_output#34)
[16:11:08.015636] {Default Queue} wp_presentation_feedback#100.presented(0, 15896, 130648866, 0, 0, 0, 0)
[16:11:08.015638] wl_surface#111.enter(wl_output#63)
[16:11:08.015694] wl_surface#111.enter(wl_output#31)
[16:11:08.015707] wl_surface#111.preferred_buffer_scale(1)
[16:11:08.015708] wl_surface#111.preferred_buffer_transform(0)
[16:11:08.026577] {Default Queue}  -> wl_compositor#4.create_region(new id wl_region#100)
[16:11:08.026583] {Default Queue}  -> wl_region#100.add(365, 158, 550, 62)
[16:11:08.026586]  -> wl_surface#111.set_opaque_region(wl_region#100)
[16:11:08.026587] {Default Queue}  -> wl_region#100.destroy()
[16:11:08.026589]  -> wl_surface#111.attach(wl_buffer#99, 0, 0)
[16:11:08.026590]  -> wl_surface#111.damage_buffer(346, 86, 588, 62)
[16:11:08.026591]  -> wl_surface#111.damage_buffer(353, 158, 574, 426)
[16:11:08.026592]  -> wl_surface#111.damage_buffer(351, 600, 285, 15)
[16:11:08.026593]  -> wl_surface#111.frame(new id wl_callback#98)
[16:11:08.026595] {Default Queue}  -> wp_presentation#23.feedback(wl_surface#111, new id wp_presentation_feedback#122)
[16:11:08.026597]  -> wl_surface#111.commit()
info: event=launcher-painted latency_us=15267
[16:11:08.026676] {Default Queue}  -> wl_compositor#4.create_region(new id wl_region#115)
[16:11:08.026678] {Default Queue}  -> wl_region#115.add(19, 4, 525, 1)
[16:11:08.026679] {Default Queue}  -> wl_region#115.add(574, 4, 132, 1)
[16:11:08.026680] {Default Queue}  -> wl_region#115.add(877, 4, 384, 1)
[16:11:08.026680] {Default Queue}  -> wl_region#115.add(17, 5, 529, 1)
[16:11:08.026681] {Default Queue}  -> wl_region#115.add(572, 5, 136, 1)
[16:11:08.026682] {Default Queue}  -> wl_region#115.add(875, 5, 388, 1)
[16:11:08.026682] {Default Queue}  -> wl_region#115.add(16, 6, 531, 1)
[16:11:08.026683] {Default Queue}  -> wl_region#115.add(571, 6, 138, 1)
[16:11:08.026684] {Default Queue}  -> wl_region#115.add(874, 6, 390, 1)
[16:11:08.026685] {Default Queue}  -> wl_region#115.add(15, 7, 533, 1)
[16:11:08.026685] {Default Queue}  -> wl_region#115.add(570, 7, 140, 1)
[16:11:08.026686] {Default Queue}  -> wl_region#115.add(873, 7, 392, 1)
[16:11:08.026687] {Default Queue}  -> wl_region#115.add(14, 8, 535, 1)
[16:11:08.026687] {Default Queue}  -> wl_region#115.add(569, 8, 142, 1)
[16:11:08.026688] {Default Queue}  -> wl_region#115.add(872, 8, 394, 1)
[16:11:08.026689] {Default Queue}  -> wl_region#115.add(13, 9, 537, 1)
[16:11:08.026689] {Default Queue}  -> wl_region#115.add(568, 9, 144, 1)
[16:11:08.026690] {Default Queue}  -> wl_region#115.add(871, 9, 396, 1)
[16:11:08.026690] {Default Queue}  -> wl_region#115.add(12, 10, 539, 2)
[16:11:08.026691] {Default Queue}  -> wl_region#115.add(567, 10, 146, 2)
[16:11:08.026692] {Default Queue}  -> wl_region#115.add(870, 10, 398, 2)
[16:11:08.026692] {Default Queue}  -> wl_region#115.add(11, 12, 541, 5)
[16:11:08.026693] {Default Queue}  -> wl_region#115.add(566, 12, 148, 5)
[16:11:08.026694] {Default Queue}  -> wl_region#115.add(869, 12, 400, 5)
[16:11:08.026694] {Default Queue}  -> wl_region#115.add(10, 17, 543, 14)
[16:11:08.026695] {Default Queue}  -> wl_region#115.add(565, 17, 150, 14)
[16:11:08.026696] {Default Queue}  -> wl_region#115.add(868, 17, 402, 14)
[16:11:08.026696] {Default Queue}  -> wl_region#115.add(11, 31, 541, 5)
[16:11:08.026697] {Default Queue}  -> wl_region#115.add(566, 31, 148, 5)
[16:11:08.026698] {Default Queue}  -> wl_region#115.add(869, 31, 400, 5)
[16:11:08.026698] {Default Queue}  -> wl_region#115.add(12, 36, 539, 2)
[16:11:08.026699] {Default Queue}  -> wl_region#115.add(567, 36, 146, 2)
[16:11:08.026700] {Default Queue}  -> wl_region#115.add(870, 36, 398, 2)
[16:11:08.026700] {Default Queue}  -> wl_region#115.add(13, 38, 537, 1)
[16:11:08.026701] {Default Queue}  -> wl_region#115.add(568, 38, 144, 1)
[16:11:08.026701] {Default Queue}  -> wl_region#115.add(871, 38, 396, 1)
[16:11:08.026702] {Default Queue}  -> wl_region#115.add(14, 39, 535, 1)
[16:11:08.026703] {Default Queue}  -> wl_region#115.add(569, 39, 142, 1)
[16:11:08.026703] {Default Queue}  -> wl_region#115.add(872, 39, 394, 1)
[16:11:08.026704] {Default Queue}  -> wl_region#115.add(15, 40, 533, 1)
[16:11:08.026705] {Default Queue}  -> wl_region#115.add(570, 40, 140, 1)
[16:11:08.026705] {Default Queue}  -> wl_region#115.add(873, 40, 392, 1)
[16:11:08.026706] {Default Queue}  -> wl_region#115.add(16, 41, 531, 1)
[16:11:08.026707] {Default Queue}  -> wl_region#115.add(571, 41, 138, 1)
[16:11:08.026707] {Default Queue}  -> wl_region#115.add(874, 41, 390, 1)
[16:11:08.026708] {Default Queue}  -> wl_region#115.add(17, 42, 529, 1)
[16:11:08.026708] {Default Queue}  -> wl_region#115.add(572, 42, 136, 1)
[16:11:08.026709] {Default Queue}  -> wl_region#115.add(875, 42, 388, 1)
[16:11:08.026710] {Default Queue}  -> wl_region#115.add(19, 43, 525, 1)
[16:11:08.026710] {Default Queue}  -> wl_region#115.add(574, 43, 132, 1)
[16:11:08.026711] {Default Queue}  -> wl_region#115.add(877, 43, 384, 1)
[16:11:08.026712]  -> wl_surface#76.set_input_region(wl_region#115)
[16:11:08.026713] {Default Queue}  -> wl_region#115.destroy()
[16:11:08.026714]  -> wl_surface#76.attach(wl_buffer#113, 0, 0)
[16:11:08.026715]  -> wl_surface#76.frame(new id wl_callback#106)
[16:11:08.026715] {Default Queue}  -> wp_presentation#23.feedback(wl_surface#76, new id wp_presentation_feedback#94)
[16:11:08.026716]  -> wl_surface#76.commit()
[16:11:08.026941] {Display Queue} wl_display#1.delete_id(100)
[16:11:08.026944] {Display Queue} wl_display#1.delete_id(115)
[16:11:08.026944] {Default Queue} wl_buffer#99.release()
[16:11:08.026945] {Default Queue} wl_buffer#113.release()
[16:11:08.027135]  -> wl_surface#71.attach(wl_buffer#97, 0, 0)
[16:11:08.027137]  -> wl_surface#71.damage_buffer(4, 4, 833, 40)
[16:11:08.027138]  -> wl_surface#71.frame(new id wl_callback#115)
[16:11:08.027139] {Default Queue}  -> wp_presentation#23.feedback(wl_surface#71, new id wp_presentation_feedback#100)
[16:11:08.027140]  -> wl_surface#71.commit()
[16:11:08.027166] {Default Queue}  -> wl_compositor#46.create_region(new id wl_region#125)
[16:11:08.027180] {Default Queue}  -> wl_region#125.add(19, 4, 641, 1)
[16:11:08.027182] {Default Queue}  -> wl_region#125.add(690, 4, 132, 1)
[16:11:08.027182] {Default Queue}  -> wl_region#125.add(877, 4, 384, 1)
[16:11:08.027183] {Default Queue}  -> wl_region#125.add(17, 5, 645, 1)
[16:11:08.027184] {Default Queue}  -> wl_region#125.add(688, 5, 136, 1)
[16:11:08.027185] {Default Queue}  -> wl_region#125.add(875, 5, 388, 1)
[16:11:08.027185] {Default Queue}  -> wl_region#125.add(16, 6, 647, 1)
[16:11:08.027186] {Default Queue}  -> wl_region#125.add(687, 6, 138, 1)
[16:11:08.027187] {Default Queue}  -> wl_region#125.add(874, 6, 390, 1)
[16:11:08.027187] {Default Queue}  -> wl_region#125.add(15, 7, 649, 1)
[16:11:08.027188] {Default Queue}  -> wl_region#125.add(686, 7, 140, 1)
[16:11:08.027189] {Default Queue}  -> wl_region#125.add(873, 7, 392, 1)
[16:11:08.027189] {Default Queue}  -> wl_region#125.add(14, 8, 651, 1)
[16:11:08.027190] {Default Queue}  -> wl_region#125.add(685, 8, 142, 1)
[16:11:08.027191] {Default Queue}  -> wl_region#125.add(872, 8, 394, 1)
[16:11:08.027191] {Default Queue}  -> wl_region#125.add(13, 9, 653, 1)
[16:11:08.027192] {Default Queue}  -> wl_region#125.add(684, 9, 144, 1)
[16:11:08.027193] {Default Queue}  -> wl_region#125.add(871, 9, 396, 1)
[16:11:08.027193] {Default Queue}  -> wl_region#125.add(12, 10, 655, 2)
[16:11:08.027194] {Default Queue}  -> wl_region#125.add(683, 10, 146, 2)
[16:11:08.027195] {Default Queue}  -> wl_region#125.add(870, 10, 398, 2)
[16:11:08.027195] {Default Queue}  -> wl_region#125.add(11, 12, 657, 5)
[16:11:08.027196] {Default Queue}  -> wl_region#125.add(682, 12, 148, 5)
[16:11:08.027197] {Default Queue}  -> wl_region#125.add(869, 12, 400, 5)
[16:11:08.027197] {Default Queue}  -> wl_region#125.add(10, 17, 659, 14)
[16:11:08.027198] {Default Queue}  -> wl_region#125.add(681, 17, 150, 14)
[16:11:08.027199] {Default Queue}  -> wl_region#125.add(868, 17, 402, 14)
[16:11:08.027199] {Default Queue}  -> wl_region#125.add(11, 31, 657, 5)
[16:11:08.027200] {Default Queue}  -> wl_region#125.add(682, 31, 148, 5)
[16:11:08.027201] {Default Queue}  -> wl_region#125.add(869, 31, 400, 5)
[16:11:08.027201] {Default Queue}  -> wl_region#125.add(12, 36, 655, 2)
[16:11:08.027202] {Default Queue}  -> wl_region#125.add(683, 36, 146, 2)
[16:11:08.027202] {Default Queue}  -> wl_region#125.add(870, 36, 398, 2)
[16:11:08.027203] {Default Queue}  -> wl_region#125.add(13, 38, 653, 1)
[16:11:08.027204] {Default Queue}  -> wl_region#125.add(684, 38, 144, 1)
[16:11:08.027204] {Default Queue}  -> wl_region#125.add(871, 38, 396, 1)
[16:11:08.027205] {Default Queue}  -> wl_region#125.add(14, 39, 651, 1)
[16:11:08.027206] {Default Queue}  -> wl_region#125.add(685, 39, 142, 1)
[16:11:08.027206] {Default Queue}  -> wl_region#125.add(872, 39, 394, 1)
[16:11:08.027207] {Default Queue}  -> wl_region#125.add(15, 40, 649, 1)
[16:11:08.027208] {Default Queue}  -> wl_region#125.add(686, 40, 140, 1)
[16:11:08.027208] {Default Queue}  -> wl_region#125.add(873, 40, 392, 1)
[16:11:08.027209] {Default Queue}  -> wl_region#125.add(16, 41, 647, 1)
[16:11:08.027210] {Default Queue}  -> wl_region#125.add(687, 41, 138, 1)
[16:11:08.027210] {Default Queue}  -> wl_region#125.add(874, 41, 390, 1)
[16:11:08.027211] {Default Queue}  -> wl_region#125.add(17, 42, 645, 1)
[16:11:08.027212] {Default Queue}  -> wl_region#125.add(688, 42, 136, 1)
[16:11:08.027212] {Default Queue}  -> wl_region#125.add(875, 42, 388, 1)
[16:11:08.027213] {Default Queue}  -> wl_region#125.add(19, 43, 641, 1)
[16:11:08.027214] {Default Queue}  -> wl_region#125.add(690, 43, 132, 1)
[16:11:08.027214] {Default Queue}  -> wl_region#125.add(877, 43, 384, 1)
[16:11:08.027215] {Default Queue}  -> ext_background_effect_surface_v1#101.set_blur_region(wl_region#125)
[16:11:08.027216] {Default Queue}  -> wl_region#125.destroy()
[16:11:08.027240]  -> wl_surface#70.attach(wl_buffer#104, 0, 0)
[16:11:08.027241]  -> wl_surface#70.frame(new id wl_callback#114)
[16:11:08.027243] {Default Queue}  -> wp_presentation#23.feedback(wl_surface#70, new id wp_presentation_feedback#110)
[16:11:08.027244]  -> wl_surface#70.commit()
[16:11:08.027251]  -> wl_surface#65.commit()
[16:11:08.027263] {Display Queue} wl_display#1.delete_id(125)
[16:11:08.027264] {Default Queue} wl_buffer#97.release()
[16:11:08.027268] {Default Queue} wl_buffer#104.release()
info: event=launcher-results count=114 shown=114 publish_us=5184
[16:11:08.033241] {Display Queue} wl_display#1.delete_id(115)
[16:11:08.033245] {Display Queue} wl_display#1.delete_id(114)
[16:11:08.033246] {Display Queue} wl_display#1.delete_id(98)
[16:11:08.033247] {Display Queue} wl_display#1.delete_id(100)
[16:11:08.033247] {Display Queue} wl_display#1.delete_id(110)
[16:11:08.033248] {Display Queue} wl_display#1.delete_id(122)
[16:11:08.033249] {Display Queue} wl_display#1.delete_id(106)
[16:11:08.033249] {Display Queue} wl_display#1.delete_id(94)
[16:11:08.033250] {Default Queue} wl_callback#115.done(15896146)
[16:11:08.033255] {Default Queue} wl_callback#114.done(15896146)
[16:11:08.033257] {Default Queue} wl_callback#98.done(15896146)
[16:11:08.033258] {Default Queue} wp_presentation_feedback#100.sync_output(wl_output#63)
[16:11:08.033259] {Default Queue} wp_presentation_feedback#100.sync_output(wl_output#31)
[16:11:08.033260] {Default Queue} wp_presentation_feedback#100.presented(0, 15896, 146783478, 0, 0, 0, 0)
[16:11:08.033262] {Default Queue} wp_presentation_feedback#110.sync_output(wl_output#63)
[16:11:08.033263] {Default Queue} wp_presentation_feedback#110.sync_output(wl_output#31)
[16:11:08.033263] {Default Queue} wp_presentation_feedback#110.presented(0, 15896, 146783478, 0, 0, 0, 0)
[16:11:08.033265] {Default Queue} wp_presentation_feedback#122.sync_output(wl_output#63)
[16:11:08.033265] {Default Queue} wp_presentation_feedback#122.sync_output(wl_output#31)
[16:11:08.033266] {Default Queue} wp_presentation_feedback#122.presented(0, 15896, 146783478, 0, 0, 0, 0)
[16:11:08.033267] {Default Queue} wl_callback#106.done(15896146)
[16:11:08.033269] {Default Queue} wp_presentation_feedback#94.sync_output(wl_output#64)
[16:11:08.033269] {Default Queue} wp_presentation_feedback#94.sync_output(wl_output#34)
[16:11:08.033270] {Default Queue} wp_presentation_feedback#94.presented(0, 15896, 146868059, 0, 0, 0, 0)
[16:11:08.033481] {Default Queue}  -> wl_compositor#4.create_region(new id wl_region#94)
[16:11:08.033484] {Default Queue}  -> wl_region#94.add(19, 4, 641, 1)
[16:11:08.033485] {Default Queue}  -> wl_region#94.add(690, 4, 132, 1)
[16:11:08.033486] {Default Queue}  -> wl_region#94.add(877, 4, 384, 1)
[16:11:08.033487] {Default Queue}  -> wl_region#94.add(17, 5, 645, 1)
[16:11:08.033488] {Default Queue}  -> wl_region#94.add(688, 5, 136, 1)
[16:11:08.033488] {Default Queue}  -> wl_region#94.add(875, 5, 388, 1)
[16:11:08.033489] {Default Queue}  -> wl_region#94.add(16, 6, 647, 1)
[16:11:08.033490] {Default Queue}  -> wl_region#94.add(687, 6, 138, 1)
[16:11:08.033490] {Default Queue}  -> wl_region#94.add(874, 6, 390, 1)
[16:11:08.033491] {Default Queue}  -> wl_region#94.add(15, 7, 649, 1)
[16:11:08.033492] {Default Queue}  -> wl_region#94.add(686, 7, 140, 1)
[16:11:08.033492] {Default Queue}  -> wl_region#94.add(873, 7, 392, 1)
[16:11:08.033493] {Default Queue}  -> wl_region#94.add(14, 8, 651, 1)
[16:11:08.033494] {Default Queue}  -> wl_region#94.add(685, 8, 142, 1)
[16:11:08.033494] {Default Queue}  -> wl_region#94.add(872, 8, 394, 1)
[16:11:08.033495] {Default Queue}  -> wl_region#94.add(13, 9, 653, 1)
[16:11:08.033496] {Default Queue}  -> wl_region#94.add(684, 9, 144, 1)
[16:11:08.033496] {Default Queue}  -> wl_region#94.add(871, 9, 396, 1)
[16:11:08.033497] {Default Queue}  -> wl_region#94.add(12, 10, 655, 2)
[16:11:08.033498] {Default Queue}  -> wl_region#94.add(683, 10, 146, 2)
[16:11:08.033498] {Default Queue}  -> wl_region#94.add(870, 10, 398, 2)
[16:11:08.033499] {Default Queue}  -> wl_region#94.add(11, 12, 657, 5)
[16:11:08.033500] {Default Queue}  -> wl_region#94.add(682, 12, 148, 5)
[16:11:08.033500] {Default Queue}  -> wl_region#94.add(869, 12, 400, 5)
[16:11:08.033501] {Default Queue}  -> wl_region#94.add(10, 17, 659, 14)
[16:11:08.033502] {Default Queue}  -> wl_region#94.add(681, 17, 150, 14)
[16:11:08.033502] {Default Queue}  -> wl_region#94.add(868, 17, 402, 14)
[16:11:08.033503] {Default Queue}  -> wl_region#94.add(11, 31, 657, 5)
[16:11:08.033503] {Default Queue}  -> wl_region#94.add(682, 31, 148, 5)
[16:11:08.033504] {Default Queue}  -> wl_region#94.add(869, 31, 400, 5)
[16:11:08.033505] {Default Queue}  -> wl_region#94.add(12, 36, 655, 2)
[16:11:08.033505] {Default Queue}  -> wl_region#94.add(683, 36, 146, 2)
[16:11:08.033506] {Default Queue}  -> wl_region#94.add(870, 36, 398, 2)
[16:11:08.033507] {Default Queue}  -> wl_region#94.add(13, 38, 653, 1)
[16:11:08.033507] {Default Queue}  -> wl_region#94.add(684, 38, 144, 1)
[16:11:08.033508] {Default Queue}  -> wl_region#94.add(871, 38, 396, 1)
[16:11:08.033509] {Default Queue}  -> wl_region#94.add(14, 39, 651, 1)
[16:11:08.033509] {Default Queue}  -> wl_region#94.add(685, 39, 142, 1)
[16:11:08.033510] {Default Queue}  -> wl_region#94.add(872, 39, 394, 1)
[16:11:08.033511] {Default Queue}  -> wl_region#94.add(15, 40, 649, 1)
[16:11:08.033511] {Default Queue}  -> wl_region#94.add(686, 40, 140, 1)
[16:11:08.033512] {Default Queue}  -> wl_region#94.add(873, 40, 392, 1)
[16:11:08.033513] {Default Queue}  -> wl_region#94.add(16, 41, 647, 1)
[16:11:08.033513] {Default Queue}  -> wl_region#94.add(687, 41, 138, 1)
[16:11:08.033514] {Default Queue}  -> wl_region#94.add(874, 41, 390, 1)
[16:11:08.033514] {Default Queue}  -> wl_region#94.add(17, 42, 645, 1)
[16:11:08.033515] {Default Queue}  -> wl_region#94.add(688, 42, 136, 1)
[16:11:08.033516] {Default Queue}  -> wl_region#94.add(875, 42, 388, 1)
[16:11:08.033516] {Default Queue}  -> wl_region#94.add(19, 43, 641, 1)
[16:11:08.033517] {Default Queue}  -> wl_region#94.add(690, 43, 132, 1)
[16:11:08.033518] {Default Queue}  -> wl_region#94.add(877, 43, 384, 1)
[16:11:08.033519]  -> wl_surface#71.set_input_region(wl_region#94)
[16:11:08.033519] {Default Queue}  -> wl_region#94.destroy()
[16:11:08.033520]  -> wl_surface#71.attach(wl_buffer#97, 0, 0)
[16:11:08.033522]  -> wl_surface#71.damage_buffer(4, 4, 833, 40)
[16:11:08.033523]  -> wl_surface#71.frame(new id wl_callback#106)
[16:11:08.033524] {Default Queue}  -> wp_presentation#23.feedback(wl_surface#71, new id wp_presentation_feedback#122)
[16:11:08.033526]  -> wl_surface#71.commit()
[16:11:08.033556] {Default Queue}  -> wl_compositor#46.create_region(new id wl_region#110)
[16:11:08.033568] {Default Queue}  -> wl_region#110.add(19, 4, 504, 1)
[16:11:08.033569] {Default Queue}  -> wl_region#110.add(574, 4, 132, 1)
[16:11:08.033570] {Default Queue}  -> wl_region#110.add(877, 4, 384, 1)
[16:11:08.033571] {Default Queue}  -> wl_region#110.add(17, 5, 508, 1)
[16:11:08.033571] {Default Queue}  -> wl_region#110.add(572, 5, 136, 1)
[16:11:08.033572] {Default Queue}  -> wl_region#110.add(875, 5, 388, 1)
[16:11:08.033573] {Default Queue}  -> wl_region#110.add(16, 6, 510, 1)
[16:11:08.033573] {Default Queue}  -> wl_region#110.add(571, 6, 138, 1)
[16:11:08.033574] {Default Queue}  -> wl_region#110.add(874, 6, 390, 1)
[16:11:08.033575] {Default Queue}  -> wl_region#110.add(15, 7, 512, 1)
[16:11:08.033575] {Default Queue}  -> wl_region#110.add(570, 7, 140, 1)
[16:11:08.033576] {Default Queue}  -> wl_region#110.add(873, 7, 392, 1)
[16:11:08.033577] {Default Queue}  -> wl_region#110.add(14, 8, 514, 1)
[16:11:08.033577] {Default Queue}  -> wl_region#110.add(569, 8, 142, 1)
[16:11:08.033578] {Default Queue}  -> wl_region#110.add(872, 8, 394, 1)
[16:11:08.033579] {Default Queue}  -> wl_region#110.add(13, 9, 516, 1)
[16:11:08.033579] {Default Queue}  -> wl_region#110.add(568, 9, 144, 1)
[16:11:08.033580] {Default Queue}  -> wl_region#110.add(871, 9, 396, 1)
[16:11:08.033581] {Default Queue}  -> wl_region#110.add(12, 10, 518, 2)
[16:11:08.033581] {Default Queue}  -> wl_region#110.add(567, 10, 146, 2)
[16:11:08.033582] {Default Queue}  -> wl_region#110.add(870, 10, 398, 2)
[16:11:08.033583] {Default Queue}  -> wl_region#110.add(11, 12, 520, 5)
[16:11:08.033583] {Default Queue}  -> wl_region#110.add(566, 12, 148, 5)
[16:11:08.033584] {Default Queue}  -> wl_region#110.add(869, 12, 400, 5)
[16:11:08.033584] {Default Queue}  -> wl_region#110.add(10, 17, 522, 14)
[16:11:08.033585] {Default Queue}  -> wl_region#110.add(565, 17, 150, 14)
[16:11:08.033586] {Default Queue}  -> wl_region#110.add(868, 17, 402, 14)
[16:11:08.033586] {Default Queue}  -> wl_region#110.add(11, 31, 520, 5)
[16:11:08.033587] {Default Queue}  -> wl_region#110.add(566, 31, 148, 5)
[16:11:08.033588] {Default Queue}  -> wl_region#110.add(869, 31, 400, 5)
[16:11:08.033588] {Default Queue}  -> wl_region#110.add(12, 36, 518, 2)
[16:11:08.033589] {Default Queue}  -> wl_region#110.add(567, 36, 146, 2)
[16:11:08.033590] {Default Queue}  -> wl_region#110.add(870, 36, 398, 2)
[16:11:08.033590] {Default Queue}  -> wl_region#110.add(13, 38, 516, 1)
[16:11:08.033591] {Default Queue}  -> wl_region#110.add(568, 38, 144, 1)
[16:11:08.033592] {Default Queue}  -> wl_region#110.add(871, 38, 396, 1)
[16:11:08.033592] {Default Queue}  -> wl_region#110.add(14, 39, 514, 1)
[16:11:08.033593] {Default Queue}  -> wl_region#110.add(569, 39, 142, 1)
[16:11:08.033593] {Default Queue}  -> wl_region#110.add(872, 39, 394, 1)
[16:11:08.033594] {Default Queue}  -> wl_region#110.add(15, 40, 512, 1)
[16:11:08.033595] {Default Queue}  -> wl_region#110.add(570, 40, 140, 1)
[16:11:08.033595] {Default Queue}  -> wl_region#110.add(873, 40, 392, 1)
[16:11:08.033596] {Default Queue}  -> wl_region#110.add(16, 41, 510, 1)
[16:11:08.033597] {Default Queue}  -> wl_region#110.add(571, 41, 138, 1)
[16:11:08.033597] {Default Queue}  -> wl_region#110.add(874, 41, 390, 1)
[16:11:08.033598] {Default Queue}  -> wl_region#110.add(17, 42, 508, 1)
[16:11:08.033599] {Default Queue}  -> wl_region#110.add(572, 42, 136, 1)
[16:11:08.033599] {Default Queue}  -> wl_region#110.add(875, 42, 388, 1)
[16:11:08.033600] {Default Queue}  -> wl_region#110.add(19, 43, 504, 1)
[16:11:08.033601] {Default Queue}  -> wl_region#110.add(574, 43, 132, 1)
[16:11:08.033601] {Default Queue}  -> wl_region#110.add(877, 43, 384, 1)
[16:11:08.033602] {Default Queue}  -> ext_background_effect_surface_v1#101.set_blur_region(wl_region#110)
[16:11:08.033603] {Default Queue}  -> wl_region#110.destroy()
[16:11:08.033623]  -> wl_surface#70.attach(wl_buffer#104, 0, 0)
[16:11:08.033624]  -> wl_surface#70.frame(new id wl_callback#100)
[16:11:08.033625] {Default Queue}  -> wp_presentation#23.feedback(wl_surface#70, new id wp_presentation_feedback#98)
[16:11:08.033625]  -> wl_surface#70.commit()
[16:11:08.044468]  -> wl_surface#111.attach(wl_buffer#99, 0, 0)
[16:11:08.044476]  -> wl_surface#111.damage_buffer(346, 86, 588, 62)
[16:11:08.044478]  -> wl_surface#111.frame(new id wl_callback#114)
[16:11:08.044480] {Default Queue}  -> wp_presentation#23.feedback(wl_surface#111, new id wp_presentation_feedback#115)
[16:11:08.044482]  -> wl_surface#111.commit()
info: event=launcher-painted latency_us=16477
[16:11:08.044641]  -> wl_surface#76.attach(wl_buffer#113, 0, 0)
[16:11:08.044643]  -> wl_surface#76.damage_buffer(4, 4, 555, 40)
[16:11:08.044644]  -> wl_surface#76.frame(new id wl_callback#125)
[16:11:08.044645] {Default Queue}  -> wp_presentation#23.feedback(wl_surface#76, new id wp_presentation_feedback#102)
[16:11:08.044647]  -> wl_surface#76.commit()
[16:11:08.044675] {Default Queue}  -> wl_compositor#46.create_region(new id wl_region#95)
[16:11:08.044690] {Default Queue}  -> wl_region#95.add(19, 4, 504, 1)
[16:11:08.044692] {Default Queue}  -> wl_region#95.add(574, 4, 132, 1)
[16:11:08.044693] {Default Queue}  -> wl_region#95.add(877, 4, 384, 1)
[16:11:08.044694] {Default Queue}  -> wl_region#95.add(17, 5, 508, 1)
[16:11:08.044694] {Default Queue}  -> wl_region#95.add(572, 5, 136, 1)
[16:11:08.044695] {Default Queue}  -> wl_region#95.add(875, 5, 388, 1)
[16:11:08.044696] {Default Queue}  -> wl_region#95.add(16, 6, 510, 1)
[16:11:08.044696] {Default Queue}  -> wl_region#95.add(571, 6, 138, 1)
[16:11:08.044697] {Default Queue}  -> wl_region#95.add(874, 6, 390, 1)
[16:11:08.044698] {Default Queue}  -> wl_region#95.add(15, 7, 512, 1)
[16:11:08.044698] {Default Queue}  -> wl_region#95.add(570, 7, 140, 1)
[16:11:08.044699] {Default Queue}  -> wl_region#95.add(873, 7, 392, 1)
[16:11:08.044700] {Default Queue}  -> wl_region#95.add(14, 8, 514, 1)
[16:11:08.044700] {Default Queue}  -> wl_region#95.add(569, 8, 142, 1)
[16:11:08.044701] {Default Queue}  -> wl_region#95.add(872, 8, 394, 1)
[16:11:08.044702] {Default Queue}  -> wl_region#95.add(13, 9, 516, 1)
[16:11:08.044702] {Default Queue}  -> wl_region#95.add(568, 9, 144, 1)
[16:11:08.044703] {Default Queue}  -> wl_region#95.add(871, 9, 396, 1)
[16:11:08.044704] {Default Queue}  -> wl_region#95.add(12, 10, 518, 2)
[16:11:08.044704] {Default Queue}  -> wl_region#95.add(567, 10, 146, 2)
[16:11:08.044705] {Default Queue}  -> wl_region#95.add(870, 10, 398, 2)
[16:11:08.044706] {Default Queue}  -> wl_region#95.add(11, 12, 520, 5)
[16:11:08.044706] {Default Queue}  -> wl_region#95.add(566, 12, 148, 5)
[16:11:08.044707] {Default Queue}  -> wl_region#95.add(869, 12, 400, 5)
[16:11:08.044707] {Default Queue}  -> wl_region#95.add(10, 17, 522, 14)
[16:11:08.044708] {Default Queue}  -> wl_region#95.add(565, 17, 150, 14)
[16:11:08.044709] {Default Queue}  -> wl_region#95.add(868, 17, 402, 14)
[16:11:08.044709] {Default Queue}  -> wl_region#95.add(11, 31, 520, 5)
[16:11:08.044710] {Default Queue}  -> wl_region#95.add(566, 31, 148, 5)
[16:11:08.044711] {Default Queue}  -> wl_region#95.add(869, 31, 400, 5)
[16:11:08.044711] {Default Queue}  -> wl_region#95.add(12, 36, 518, 2)
[16:11:08.044712] {Default Queue}  -> wl_region#95.add(567, 36, 146, 2)
[16:11:08.044713] {Default Queue}  -> wl_region#95.add(870, 36, 398, 2)
[16:11:08.044713] {Default Queue}  -> wl_region#95.add(13, 38, 516, 1)
[16:11:08.044714] {Default Queue}  -> wl_region#95.add(568, 38, 144, 1)
[16:11:08.044715] {Default Queue}  -> wl_region#95.add(871, 38, 396, 1)
[16:11:08.044715] {Default Queue}  -> wl_region#95.add(14, 39, 514, 1)
[16:11:08.044716] {Default Queue}  -> wl_region#95.add(569, 39, 142, 1)
[16:11:08.044717] {Default Queue}  -> wl_region#95.add(872, 39, 394, 1)
[16:11:08.044717] {Default Queue}  -> wl_region#95.add(15, 40, 512, 1)
[16:11:08.044718] {Default Queue}  -> wl_region#95.add(570, 40, 140, 1)
[16:11:08.044718] {Default Queue}  -> wl_region#95.add(873, 40, 392, 1)
[16:11:08.044719] {Default Queue}  -> wl_region#95.add(16, 41, 510, 1)
[16:11:08.044720] {Default Queue}  -> wl_region#95.add(571, 41, 138, 1)
[16:11:08.044720] {Default Queue}  -> wl_region#95.add(874, 41, 390, 1)
[16:11:08.044721] {Default Queue}  -> wl_region#95.add(17, 42, 508, 1)
[16:11:08.044722] {Default Queue}  -> wl_region#95.add(572, 42, 136, 1)
[16:11:08.044722] {Default Queue}  -> wl_region#95.add(875, 42, 388, 1)
[16:11:08.044723] {Default Queue}  -> wl_region#95.add(19, 43, 504, 1)
[16:11:08.044724] {Default Queue}  -> wl_region#95.add(574, 43, 132, 1)
[16:11:08.044724] {Default Queue}  -> wl_region#95.add(877, 43, 384, 1)
[16:11:08.044725] {Default Queue}  -> ext_background_effect_surface_v1#117.set_blur_region(wl_region#95)
[16:11:08.044726] {Default Queue}  -> wl_region#95.destroy()
[16:11:08.044761] {Display Queue} wl_display#1.delete_id(94)
[16:11:08.044763] {Display Queue} wl_display#1.delete_id(110)
[16:11:08.044764] {Default Queue} wl_buffer#97.release()
[16:11:08.044876] {Display Queue} wl_display#1.delete_id(95)
[16:11:08.044883] {Default Queue} wl_buffer#104.release()
[16:11:08.044885] {Default Queue} wl_buffer#99.release()
[16:11:08.044886] {Default Queue} wl_buffer#113.release()
[16:11:08.047923] {Display Queue} wl_display#1.delete_id(106)
[16:11:08.047928] {Display Queue} wl_display#1.delete_id(100)
[16:11:08.047929] {Display Queue} wl_display#1.delete_id(114)
[16:11:08.047930] {Display Queue} wl_display#1.delete_id(122)
[16:11:08.047931] {Display Queue} wl_display#1.delete_id(98)
[16:11:08.047931] {Display Queue} wl_display#1.delete_id(115)
[16:11:08.047932] {Default Queue} wl_callback#106.done(15896162)
[16:11:08.047939] {Default Queue} wl_callback#100.done(15896162)
[16:11:08.047940] {Default Queue} wl_callback#114.done(15896162)
[16:11:08.047942] {Default Queue} wp_presentation_feedback#122.sync_output(wl_output#63)
[16:11:08.047943] {Default Queue} wp_presentation_feedback#122.sync_output(wl_output#31)
[16:11:08.047944] {Default Queue} wp_presentation_feedback#122.presented(0, 15896, 162986831, 0, 0, 0, 0)
[16:11:08.047946] {Default Queue} wp_presentation_feedback#98.sync_output(wl_output#63)
[16:11:08.047947] {Default Queue} wp_presentation_feedback#98.sync_output(wl_output#31)
[16:11:08.047948] {Default Queue} wp_presentation_feedback#98.presented(0, 15896, 162986831, 0, 0, 0, 0)
[16:11:08.047949] {Default Queue} wp_presentation_feedback#115.sync_output(wl_output#63)
[16:11:08.047950] {Default Queue} wp_presentation_feedback#115.sync_output(wl_output#31)
[16:11:08.047950] {Default Queue} wp_presentation_feedback#115.presented(0, 15896, 162986831, 0, 0, 0, 0)
[16:11:08.048018] {Default Queue}  -> wl_compositor#4.create_region(new id wl_region#115)
[16:11:08.048020] {Default Queue}  -> wl_region#115.add(19, 4, 504, 1)
[16:11:08.048021] {Default Queue}  -> wl_region#115.add(574, 4, 132, 1)
[16:11:08.048022] {Default Queue}  -> wl_region#115.add(877, 4, 384, 1)
[16:11:08.048023] {Default Queue}  -> wl_region#115.add(17, 5, 508, 1)
[16:11:08.048023] {Default Queue}  -> wl_region#115.add(572, 5, 136, 1)
[16:11:08.048024] {Default Queue}  -> wl_region#115.add(875, 5, 388, 1)
[16:11:08.048025] {Default Queue}  -> wl_region#115.add(16, 6, 510, 1)
[16:11:08.048025] {Default Queue}  -> wl_region#115.add(571, 6, 138, 1)
[16:11:08.048026] {Default Queue}  -> wl_region#115.add(874, 6, 390, 1)
[16:11:08.048027] {Default Queue}  -> wl_region#115.add(15, 7, 512, 1)
[16:11:08.048027] {Default Queue}  -> wl_region#115.add(570, 7, 140, 1)
[16:11:08.048028] {Default Queue}  -> wl_region#115.add(873, 7, 392, 1)
[16:11:08.048029] {Default Queue}  -> wl_region#115.add(14, 8, 514, 1)
[16:11:08.048029] {Default Queue}  -> wl_region#115.add(569, 8, 142, 1)
[16:11:08.048030] {Default Queue}  -> wl_region#115.add(872, 8, 394, 1)
[16:11:08.048031] {Default Queue}  -> wl_region#115.add(13, 9, 516, 1)
[16:11:08.048031] {Default Queue}  -> wl_region#115.add(568, 9, 144, 1)
[16:11:08.048032] {Default Queue}  -> wl_region#115.add(871, 9, 396, 1)
[16:11:08.048033] {Default Queue}  -> wl_region#115.add(12, 10, 518, 2)
[16:11:08.048033] {Default Queue}  -> wl_region#115.add(567, 10, 146, 2)
[16:11:08.048034] {Default Queue}  -> wl_region#115.add(870, 10, 398, 2)
[16:11:08.048035] {Default Queue}  -> wl_region#115.add(11, 12, 520, 5)
[16:11:08.048035] {Default Queue}  -> wl_region#115.add(566, 12, 148, 5)
[16:11:08.048036] {Default Queue}  -> wl_region#115.add(869, 12, 400, 5)
[16:11:08.048036] {Default Queue}  -> wl_region#115.add(10, 17, 522, 14)
[16:11:08.048037] {Default Queue}  -> wl_region#115.add(565, 17, 150, 14)
[16:11:08.048038] {Default Queue}  -> wl_region#115.add(868, 17, 402, 14)
[16:11:08.048038] {Default Queue}  -> wl_region#115.add(11, 31, 520, 5)
[16:11:08.048039] {Default Queue}  -> wl_region#115.add(566, 31, 148, 5)
[16:11:08.048040] {Default Queue}  -> wl_region#115.add(869, 31, 400, 5)
[16:11:08.048041] {Default Queue}  -> wl_region#115.add(12, 36, 518, 2)
[16:11:08.048041] {Default Queue}  -> wl_region#115.add(567, 36, 146, 2)
[16:11:08.048042] {Default Queue}  -> wl_region#115.add(870, 36, 398, 2)
[16:11:08.048042] {Default Queue}  -> wl_region#115.add(13, 38, 516, 1)
[16:11:08.048043] {Default Queue}  -> wl_region#115.add(568, 38, 144, 1)
[16:11:08.048044] {Default Queue}  -> wl_region#115.add(871, 38, 396, 1)
[16:11:08.048044] {Default Queue}  -> wl_region#115.add(14, 39, 514, 1)
[16:11:08.048045] {Default Queue}  -> wl_region#115.add(569, 39, 142, 1)
[16:11:08.048046] {Default Queue}  -> wl_region#115.add(872, 39, 394, 1)
[16:11:08.048046] {Default Queue}  -> wl_region#115.add(15, 40, 512, 1)
[16:11:08.048047] {Default Queue}  -> wl_region#115.add(570, 40, 140, 1)
[16:11:08.048048] {Default Queue}  -> wl_region#115.add(873, 40, 392, 1)
[16:11:08.048048] {Default Queue}  -> wl_region#115.add(16, 41, 510, 1)
[16:11:08.048049] {Default Queue}  -> wl_region#115.add(571, 41, 138, 1)
[16:11:08.048049] {Default Queue}  -> wl_region#115.add(874, 41, 390, 1)
[16:11:08.048050] {Default Queue}  -> wl_region#115.add(17, 42, 508, 1)
[16:11:08.048051] {Default Queue}  -> wl_region#115.add(572, 42, 136, 1)
[16:11:08.048051] {Default Queue}  -> wl_region#115.add(875, 42, 388, 1)
[16:11:08.048052] {Default Queue}  -> wl_region#115.add(19, 43, 504, 1)
[16:11:08.048053] {Default Queue}  -> wl_region#115.add(574, 43, 132, 1)
[16:11:08.048053] {Default Queue}  -> wl_region#115.add(877, 43, 384, 1)
[16:11:08.048054]  -> wl_surface#71.set_input_region(wl_region#115)
[16:11:08.048055] {Default Queue}  -> wl_region#115.destroy()
[16:11:08.048056]  -> wl_surface#71.attach(wl_buffer#97, 0, 0)
[16:11:08.048057]  -> wl_surface#71.frame(new id wl_callback#98)
[16:11:08.048059] {Default Queue}  -> wp_presentation#23.feedback(wl_surface#71, new id wp_presentation_feedback#122)
[16:11:08.048060]  -> wl_surface#71.commit()
[16:11:08.048535]  -> wl_surface#111.attach(wl_buffer#99, 0, 0)
[16:11:08.048538]  -> wl_surface#111.damage_buffer(346, 86, 588, 62)
[16:11:08.048539]  -> wl_surface#111.frame(new id wl_callback#114)
[16:11:08.048540] {Default Queue}  -> wp_presentation#23.feedback(wl_surface#111, new id wp_presentation_feedback#100)
[16:11:08.048541]  -> wl_surface#111.commit()
[16:11:08.048556] {Display Queue} wl_display#1.delete_id(125)
[16:11:08.048557] {Display Queue} wl_display#1.delete_id(102)
[16:11:08.048558] {Default Queue} wl_callback#125.done(15896163)
[16:11:08.048562] {Default Queue} wp_presentation_feedback#102.sync_output(wl_output#64)
[16:11:08.048563] {Default Queue} wp_presentation_feedback#102.sync_output(wl_output#34)
[16:11:08.048564] {Default Queue} wp_presentation_feedback#102.presented(0, 15896, 163056632, 0, 0, 0, 0)
[16:11:08.048610] {Default Queue}  -> wl_compositor#4.create_region(new id wl_region#102)
[16:11:08.048611] {Default Queue}  -> wl_region#102.add(19, 4, 504, 1)
[16:11:08.048612] {Default Queue}  -> wl_region#102.add(574, 4, 132, 1)
[16:11:08.048613] {Default Queue}  -> wl_region#102.add(877, 4, 384, 1)
[16:11:08.048614] {Default Queue}  -> wl_region#102.add(17, 5, 508, 1)
[16:11:08.048615] {Default Queue}  -> wl_region#102.add(572, 5, 136, 1)
[16:11:08.048616] {Default Queue}  -> wl_region#102.add(875, 5, 388, 1)
[16:11:08.048616] {Default Queue}  -> wl_region#102.add(16, 6, 510, 1)
[16:11:08.048617] {Default Queue}  -> wl_region#102.add(571, 6, 138, 1)
[16:11:08.048618] {Default Queue}  -> wl_region#102.add(874, 6, 390, 1)
[16:11:08.048618] {Default Queue}  -> wl_region#102.add(15, 7, 512, 1)
[16:11:08.048619] {Default Queue}  -> wl_region#102.add(570, 7, 140, 1)
[16:11:08.048620] {Default Queue}  -> wl_region#102.add(873, 7, 392, 1)
[16:11:08.048620] {Default Queue}  -> wl_region#102.add(14, 8, 514, 1)
[16:11:08.048621] {Default Queue}  -> wl_region#102.add(569, 8, 142, 1)
[16:11:08.048622] {Default Queue}  -> wl_region#102.add(872, 8, 394, 1)
[16:11:08.048622] {Default Queue}  -> wl_region#102.add(13, 9, 516, 1)
[16:11:08.048623] {Default Queue}  -> wl_region#102.add(568, 9, 144, 1)
[16:11:08.048623] {Default Queue}  -> wl_region#102.add(871, 9, 396, 1)
[16:11:08.048624] {Default Queue}  -> wl_region#102.add(12, 10, 518, 2)
[16:11:08.048625] {Default Queue}  -> wl_region#102.add(567, 10, 146, 2)
[16:11:08.048625] {Default Queue}  -> wl_region#102.add(870, 10, 398, 2)
[16:11:08.048626] {Default Queue}  -> wl_region#102.add(11, 12, 520, 5)
[16:11:08.048627] {Default Queue}  -> wl_region#102.add(566, 12, 148, 5)
[16:11:08.048627] {Default Queue}  -> wl_region#102.add(869, 12, 400, 5)
[16:11:08.048628] {Default Queue}  -> wl_region#102.add(10, 17, 522, 14)
[16:11:08.048629] {Default Queue}  -> wl_region#102.add(565, 17, 150, 14)
[16:11:08.048629] {Default Queue}  -> wl_region#102.add(868, 17, 402, 14)
[16:11:08.048630] {Default Queue}  -> wl_region#102.add(11, 31, 520, 5)
[16:11:08.048630] {Default Queue}  -> wl_region#102.add(566, 31, 148, 5)
[16:11:08.048631] {Default Queue}  -> wl_region#102.add(869, 31, 400, 5)
[16:11:08.048632] {Default Queue}  -> wl_region#102.add(12, 36, 518, 2)
[16:11:08.048632] {Default Queue}  -> wl_region#102.add(567, 36, 146, 2)
[16:11:08.048633] {Default Queue}  -> wl_region#102.add(870, 36, 398, 2)
[16:11:08.048634] {Default Queue}  -> wl_region#102.add(13, 38, 516, 1)
[16:11:08.048634] {Default Queue}  -> wl_region#102.add(568, 38, 144, 1)
[16:11:08.048635] {Default Queue}  -> wl_region#102.add(871, 38, 396, 1)
[16:11:08.048636] {Default Queue}  -> wl_region#102.add(14, 39, 514, 1)
[16:11:08.048636] {Default Queue}  -> wl_region#102.add(569, 39, 142, 1)
[16:11:08.048637] {Default Queue}  -> wl_region#102.add(872, 39, 394, 1)
[16:11:08.048637] {Default Queue}  -> wl_region#102.add(15, 40, 512, 1)
[16:11:08.048639] {Default Queue}  -> wl_region#102.add(570, 40, 140, 1)
[16:11:08.048640] {Default Queue}  -> wl_region#102.add(873, 40, 392, 1)
[16:11:08.048641] {Default Queue}  -> wl_region#102.add(16, 41, 510, 1)
[16:11:08.048642] {Default Queue}  -> wl_region#102.add(571, 41, 138, 1)
[16:11:08.048643] {Default Queue}  -> wl_region#102.add(874, 41, 390, 1)
[16:11:08.048644] {Default Queue}  -> wl_region#102.add(17, 42, 508, 1)
[16:11:08.048645] {Default Queue}  -> wl_region#102.add(572, 42, 136, 1)
[16:11:08.048646] {Default Queue}  -> wl_region#102.add(875, 42, 388, 1)
[16:11:08.048648] {Default Queue}  -> wl_region#102.add(19, 43, 504, 1)
[16:11:08.048649] {Default Queue}  -> wl_region#102.add(574, 43, 132, 1)
[16:11:08.048650] {Default Queue}  -> wl_region#102.add(877, 43, 384, 1)
[16:11:08.048651]  -> wl_surface#76.set_input_region(wl_region#102)
[16:11:08.048652] {Default Queue}  -> wl_region#102.destroy()
[16:11:08.048653]  -> wl_surface#76.attach(wl_buffer#113, 0, 0)
[16:11:08.048654]  -> wl_surface#76.frame(new id wl_callback#125)
[16:11:08.048655] {Default Queue}  -> wp_presentation#23.feedback(wl_surface#76, new id wp_presentation_feedback#106)
[16:11:08.048657]  -> wl_surface#76.commit()
[16:11:08.048668] {Display Queue} wl_display#1.delete_id(115)
[16:11:08.048670] {Default Queue} wl_buffer#97.release()
[16:11:08.048671] {Default Queue} wl_buffer#99.release()
[16:11:08.048726] {Display Queue} wl_display#1.delete_id(102)
[16:11:08.048731] {Default Queue} wl_buffer#113.release()
[16:11:08.064180] {Display Queue} wl_display#1.delete_id(98)
[16:11:08.064189] {Display Queue} wl_display#1.delete_id(114)
[16:11:08.064190] {Display Queue} wl_display#1.delete_id(122)
[16:11:08.064191] {Display Queue} wl_display#1.delete_id(100)
[16:11:08.064192] {Default Queue} wl_callback#98.done(15896179)
[16:11:08.064200] {Default Queue} wl_callback#114.done(15896179)
[16:11:08.064207] {Default Queue} wp_presentation_feedback#122.sync_output(wl_output#63)
[16:11:08.064208] {Default Queue} wp_presentation_feedback#122.sync_output(wl_output#31)
[16:11:08.064209] {Default Queue} wp_presentation_feedback#122.presented(0, 15896, 179230964, 0, 0, 0, 0)
[16:11:08.064212] {Default Queue} wp_presentation_feedback#100.sync_output(wl_output#63)
[16:11:08.064213] {Default Queue} wp_presentation_feedback#100.sync_output(wl_output#31)
[16:11:08.064214] {Default Queue} wp_presentation_feedback#100.presented(0, 15896, 179230964, 0, 0, 0, 0)
[16:11:08.064692]  -> wl_surface#111.attach(wl_buffer#99, 0, 0)
[16:11:08.064696]  -> wl_surface#111.damage_buffer(346, 86, 588, 62)
[16:11:08.064697]  -> wl_surface#111.frame(new id wl_callback#100)
[16:11:08.064699] {Default Queue}  -> wp_presentation#23.feedback(wl_surface#111, new id wp_presentation_feedback#122)
[16:11:08.064701]  -> wl_surface#111.commit()
[16:11:08.064728] {Display Queue} wl_display#1.delete_id(125)
[16:11:08.064730] {Display Queue} wl_display#1.delete_id(106)
[16:11:08.064730] {Default Queue} wl_callback#125.done(15896179)
[16:11:08.064732] {Default Queue} wp_presentation_feedback#106.sync_output(wl_output#64)
[16:11:08.064733] {Default Queue} wp_presentation_feedback#106.sync_output(wl_output#34)
[16:11:08.064734] {Default Queue} wp_presentation_feedback#106.presented(0, 15896, 179310715, 0, 0, 0, 0)
[16:11:08.064801] {Default Queue} wl_buffer#99.release()
[16:11:08.080359] {Display Queue} wl_display#1.delete_id(100)
[16:11:08.080368] {Display Queue} wl_display#1.delete_id(122)
[16:11:08.080369] {Default Queue} wl_callback#100.done(15896195)
[16:11:08.080379] {Default Queue} wp_presentation_feedback#122.sync_output(wl_output#63)
[16:11:08.080381] {Default Queue} wp_presentation_feedback#122.sync_output(wl_output#31)
[16:11:08.080382] {Default Queue} wp_presentation_feedback#122.presented(0, 15896, 195416756, 0, 0, 0, 0)
[16:11:08.080879]  -> wl_surface#111.attach(wl_buffer#99, 0, 0)
[16:11:08.080883]  -> wl_surface#111.damage_buffer(346, 86, 588, 62)
[16:11:08.080885]  -> wl_surface#111.frame(new id wl_callback#122)
[16:11:08.080887] {Default Queue}  -> wp_presentation#23.feedback(wl_surface#111, new id wp_presentation_feedback#100)
[16:11:08.080889]  -> wl_surface#111.commit()
[16:11:08.080985] {Default Queue} wl_buffer#99.release()
[16:11:08.096621] {Display Queue} wl_display#1.delete_id(122)
[16:11:08.096631] {Display Queue} wl_display#1.delete_id(100)
[16:11:08.096633] {Default Queue} wl_callback#122.done(15896211)
[16:11:08.096652] {Default Queue} wp_presentation_feedback#100.sync_output(wl_output#63)
[16:11:08.096653] {Default Queue} wp_presentation_feedback#100.sync_output(wl_output#31)
[16:11:08.096654] {Default Queue} wp_presentation_feedback#100.presented(0, 15896, 211666979, 0, 0, 0, 0)
[16:11:08.097248]  -> wl_surface#111.attach(wl_buffer#99, 0, 0)
[16:11:08.097252]  -> wl_surface#111.damage_buffer(346, 86, 588, 62)
[16:11:08.097254]  -> wl_surface#111.frame(new id wl_callback#100)
[16:11:08.097256] {Default Queue}  -> wp_presentation#23.feedback(wl_surface#111, new id wp_presentation_feedback#122)
[16:11:08.097258]  -> wl_surface#111.commit()
[16:11:08.097355] {Default Queue} wl_buffer#99.release()
[16:11:08.112788] {Display Queue} wl_display#1.delete_id(100)
[16:11:08.112796] {Display Queue} wl_display#1.delete_id(122)
[16:11:08.112798] {Default Queue} wl_callback#100.done(15896227)
[16:11:08.112813] {Default Queue} wp_presentation_feedback#122.sync_output(wl_output#63)
[16:11:08.112815] {Default Queue} wp_presentation_feedback#122.sync_output(wl_output#31)
[16:11:08.112816] {Default Queue} wp_presentation_feedback#122.presented(0, 15896, 227844532, 0, 0, 0, 0)
[16:11:08.113346]  -> wl_surface#111.attach(wl_buffer#99, 0, 0)
[16:11:08.113350]  -> wl_surface#111.damage_buffer(346, 86, 588, 62)
[16:11:08.113352]  -> wl_surface#111.frame(new id wl_callback#122)
[16:11:08.113354] {Default Queue}  -> wp_presentation#23.feedback(wl_surface#111, new id wp_presentation_feedback#100)
[16:11:08.113356]  -> wl_surface#111.commit()
[16:11:08.113437] {Default Queue} wl_buffer#99.release()
[16:11:08.116896] {Default Queue}  -> zwlr_layer_surface_v1#75.set_exclusive_zone(80)
[16:11:08.116954] {Default Queue}  -> wl_buffer#97.destroy()
[16:11:08.116956] {Default Queue}  -> wl_shm_pool#96.destroy()
[16:11:08.117202] {Default Queue}  -> wl_shm#5.create_pool(new id wl_shm_pool#106, fd 18, 409600)
[16:11:08.117209] {Default Queue}  -> wl_shm_pool#106.create_buffer(new id wl_buffer#125, 0, 1280, 80, 5120, 0)
[16:11:08.117549] {Default Queue}  -> zwlr_layer_surface_v1#75.set_size(0, 80)
[16:11:08.117552] {Default Queue}  -> wl_compositor#4.create_region(new id wl_region#114)
[16:11:08.117553] {Default Queue}  -> wl_region#114.add(56, 27, 46, 26)
[16:11:08.117555]  -> wl_surface#71.set_opaque_region(wl_region#114)
[16:11:08.117556] {Default Queue}  -> wl_region#114.destroy()
[16:11:08.117558] {Default Queue}  -> wp_viewport#73.set_destination(1280, 80)
[16:11:08.117559]  -> wl_surface#71.attach(wl_buffer#125, 0, 0)
[16:11:08.117560]  -> wl_surface#71.damage_buffer(0, 0, 1280, 80)
[16:11:08.117562]  -> wl_surface#71.frame(new id wl_callback#98)
[16:11:08.117563] {Default Queue}  -> wp_presentation#23.feedback(wl_surface#71, new id wp_presentation_feedback#102)
[16:11:08.117565]  -> wl_surface#71.commit()
[16:11:08.117626] {Default Queue}  -> wl_compositor#46.create_region(new id wl_region#115)
[16:11:08.117646] {Default Queue}  -> wl_region#115.add(19, 4, 504, 1)
[16:11:08.117647] {Default Queue}  -> wl_region#115.add(574, 4, 132, 1)
[16:11:08.117648] {Default Queue}  -> wl_region#115.add(877, 4, 384, 1)
[16:11:08.117649] {Default Queue}  -> wl_region#115.add(17, 5, 508, 1)
[16:11:08.117650] {Default Queue}  -> wl_region#115.add(572, 5, 136, 1)
[16:11:08.117651] {Default Queue}  -> wl_region#115.add(875, 5, 388, 1)
[16:11:08.117651] {Default Queue}  -> wl_region#115.add(16, 6, 510, 1)
[16:11:08.117652] {Default Queue}  -> wl_region#115.add(571, 6, 138, 1)
[16:11:08.117653] {Default Queue}  -> wl_region#115.add(874, 6, 390, 1)
[16:11:08.117653] {Default Queue}  -> wl_region#115.add(15, 7, 512, 1)
[16:11:08.117654] {Default Queue}  -> wl_region#115.add(570, 7, 140, 1)
[16:11:08.117655] {Default Queue}  -> wl_region#115.add(873, 7, 392, 1)
[16:11:08.117655] {Default Queue}  -> wl_region#115.add(14, 8, 514, 1)
[16:11:08.117656] {Default Queue}  -> wl_region#115.add(569, 8, 142, 1)
[16:11:08.117657] {Default Queue}  -> wl_region#115.add(872, 8, 394, 1)
[16:11:08.117657] {Default Queue}  -> wl_region#115.add(13, 9, 516, 1)
[16:11:08.117658] {Default Queue}  -> wl_region#115.add(568, 9, 144, 1)
[16:11:08.117659] {Default Queue}  -> wl_region#115.add(871, 9, 396, 1)
[16:11:08.117659] {Default Queue}  -> wl_region#115.add(12, 10, 518, 2)
[16:11:08.117660] {Default Queue}  -> wl_region#115.add(567, 10, 146, 2)
[16:11:08.117661] {Default Queue}  -> wl_region#115.add(870, 10, 398, 2)
[16:11:08.117661] {Default Queue}  -> wl_region#115.add(11, 12, 520, 5)
[16:11:08.117662] {Default Queue}  -> wl_region#115.add(566, 12, 148, 5)
[16:11:08.117662] {Default Queue}  -> wl_region#115.add(869, 12, 400, 5)
[16:11:08.117663] {Default Queue}  -> wl_region#115.add(10, 17, 522, 46)
[16:11:08.117664] {Default Queue}  -> wl_region#115.add(565, 17, 150, 46)
[16:11:08.117664] {Default Queue}  -> wl_region#115.add(868, 17, 402, 46)
[16:11:08.117665] {Default Queue}  -> wl_region#115.add(11, 63, 520, 5)
[16:11:08.117666] {Default Queue}  -> wl_region#115.add(566, 63, 148, 5)
[16:11:08.117666] {Default Queue}  -> wl_region#115.add(869, 63, 400, 5)
[16:11:08.117667] {Default Queue}  -> wl_region#115.add(12, 68, 518, 2)
[16:11:08.117668] {Default Queue}  -> wl_region#115.add(567, 68, 146, 2)
[16:11:08.117668] {Default Queue}  -> wl_region#115.add(870, 68, 398, 2)
[16:11:08.117669] {Default Queue}  -> wl_region#115.add(13, 70, 516, 1)
[16:11:08.117670] {Default Queue}  -> wl_region#115.add(568, 70, 144, 1)
[16:11:08.117670] {Default Queue}  -> wl_region#115.add(871, 70, 396, 1)
[16:11:08.117671] {Default Queue}  -> wl_region#115.add(14, 71, 514, 1)
[16:11:08.117672] {Default Queue}  -> wl_region#115.add(569, 71, 142, 1)
[16:11:08.117672] {Default Queue}  -> wl_region#115.add(872, 71, 394, 1)
[16:11:08.117673] {Default Queue}  -> wl_region#115.add(15, 72, 512, 1)
[16:11:08.117673] {Default Queue}  -> wl_region#115.add(570, 72, 140, 1)
[16:11:08.117674] {Default Queue}  -> wl_region#115.add(873, 72, 392, 1)
[16:11:08.117675] {Default Queue}  -> wl_region#115.add(16, 73, 510, 1)
[16:11:08.117675] {Default Queue}  -> wl_region#115.add(571, 73, 138, 1)
[16:11:08.117676] {Default Queue}  -> wl_region#115.add(874, 73, 390, 1)
[16:11:08.117677] {Default Queue}  -> wl_region#115.add(17, 74, 508, 1)
[16:11:08.117677] {Default Queue}  -> wl_region#115.add(572, 74, 136, 1)
[16:11:08.117678] {Default Queue}  -> wl_region#115.add(875, 74, 388, 1)
[16:11:08.117679] {Default Queue}  -> wl_region#115.add(19, 75, 504, 1)
[16:11:08.117679] {Default Queue}  -> wl_region#115.add(574, 75, 132, 1)
[16:11:08.117680] {Default Queue}  -> wl_region#115.add(877, 75, 384, 1)
[16:11:08.117681] {Default Queue}  -> ext_background_effect_surface_v1#101.set_blur_region(wl_region#115)
[16:11:08.117682] {Default Queue}  -> wl_region#115.destroy()
[16:11:08.118176] {Display Queue} wl_display#1.delete_id(97)
[16:11:08.118178] {Display Queue} wl_display#1.delete_id(96)
[16:11:08.118179] {Display Queue} wl_display#1.delete_id(114)
[16:11:08.118180] {Display Queue} wl_display#1.delete_id(115)
[16:11:08.118180] {Default Queue} zwlr_layer_surface_v1#75.configure(121, 1280, 80)
[16:11:08.118185] {Default Queue}  -> zwlr_layer_surface_v1#75.ack_configure(121)
[16:11:08.118186] {Default Queue} zwlr_layer_surface_v1#69.configure(122, 1280, 720)
[16:11:08.118190] {Default Queue}  -> zwlr_layer_surface_v1#69.ack_configure(122)
[16:11:08.118190] {Default Queue} zwlr_layer_surface_v1#80.configure(123, 88, 2)
[16:11:08.118196] {Default Queue}  -> zwlr_layer_surface_v1#80.ack_configure(123)
[16:11:08.118196] {Default Queue} zwlr_layer_surface_v1#93.configure(124, 1280, 640)
[16:11:08.118198] {Default Queue}  -> zwlr_layer_surface_v1#93.ack_configure(124)
[16:11:08.118199] {Default Queue} wl_buffer#125.release()
[16:11:08.118213]  -> wl_surface#65.commit()
[16:11:08.118221]  -> wl_surface#70.commit()
info: event=launcher-results count=114 shown=114 publish_us=5306
[16:11:08.129763] {Display Queue} wl_display#1.delete_id(98)
[16:11:08.129772] {Display Queue} wl_display#1.delete_id(122)
[16:11:08.129774] {Display Queue} wl_display#1.delete_id(102)
[16:11:08.129774] {Display Queue} wl_display#1.delete_id(100)
[16:11:08.129775] {Default Queue} wl_callback#98.done(15896244)
[16:11:08.129786] {Default Queue} wl_callback#122.done(15896244)
[16:11:08.129789] {Default Queue} wp_presentation_feedback#102.sync_output(wl_output#63)
[16:11:08.129790] {Default Queue} wp_presentation_feedback#102.sync_output(wl_output#31)
[16:11:08.129791] {Default Queue} wp_presentation_feedback#102.presented(0, 15896, 244378327, 0, 0, 0, 0)
[16:11:08.129795] {Default Queue} wp_presentation_feedback#100.sync_output(wl_output#63)
[16:11:08.129796] {Default Queue} wp_presentation_feedback#100.sync_output(wl_output#31)
[16:11:08.129796] {Default Queue} wp_presentation_feedback#100.presented(0, 15896, 244378327, 0, 0, 0, 0)
[16:11:08.129945] {Default Queue}  -> wl_compositor#4.create_region(new id wl_region#100)
[16:11:08.129949] {Default Queue}  -> wl_region#100.add(19, 4, 504, 1)
[16:11:08.129950] {Default Queue}  -> wl_region#100.add(574, 4, 132, 1)
[16:11:08.129952] {Default Queue}  -> wl_region#100.add(877, 4, 384, 1)
[16:11:08.129953] {Default Queue}  -> wl_region#100.add(17, 5, 508, 1)
[16:11:08.129953] {Default Queue}  -> wl_region#100.add(572, 5, 136, 1)
[16:11:08.129954] {Default Queue}  -> wl_region#100.add(875, 5, 388, 1)
[16:11:08.129955] {Default Queue}  -> wl_region#100.add(16, 6, 510, 1)
[16:11:08.129956] {Default Queue}  -> wl_region#100.add(571, 6, 138, 1)
[16:11:08.129956] {Default Queue}  -> wl_region#100.add(874, 6, 390, 1)
[16:11:08.129957] {Default Queue}  -> wl_region#100.add(15, 7, 512, 1)
[16:11:08.129958] {Default Queue}  -> wl_region#100.add(570, 7, 140, 1)
[16:11:08.129959] {Default Queue}  -> wl_region#100.add(873, 7, 392, 1)
[16:11:08.129959] {Default Queue}  -> wl_region#100.add(14, 8, 514, 1)
[16:11:08.129960] {Default Queue}  -> wl_region#100.add(569, 8, 142, 1)
[16:11:08.129961] {Default Queue}  -> wl_region#100.add(872, 8, 394, 1)
[16:11:08.129961] {Default Queue}  -> wl_region#100.add(13, 9, 516, 1)
[16:11:08.129962] {Default Queue}  -> wl_region#100.add(568, 9, 144, 1)
[16:11:08.129962] {Default Queue}  -> wl_region#100.add(871, 9, 396, 1)
[16:11:08.129963] {Default Queue}  -> wl_region#100.add(12, 10, 518, 2)
[16:11:08.129964] {Default Queue}  -> wl_region#100.add(567, 10, 146, 2)
[16:11:08.129964] {Default Queue}  -> wl_region#100.add(870, 10, 398, 2)
[16:11:08.129965] {Default Queue}  -> wl_region#100.add(11, 12, 520, 5)
[16:11:08.129966] {Default Queue}  -> wl_region#100.add(566, 12, 148, 5)
[16:11:08.129966] {Default Queue}  -> wl_region#100.add(869, 12, 400, 5)
[16:11:08.129967] {Default Queue}  -> wl_region#100.add(10, 17, 522, 46)
[16:11:08.129967] {Default Queue}  -> wl_region#100.add(565, 17, 150, 46)
[16:11:08.129968] {Default Queue}  -> wl_region#100.add(868, 17, 402, 46)
[16:11:08.129969] {Default Queue}  -> wl_region#100.add(11, 63, 520, 5)
[16:11:08.129969] {Default Queue}  -> wl_region#100.add(566, 63, 148, 5)
[16:11:08.129970] {Default Queue}  -> wl_region#100.add(869, 63, 400, 5)
[16:11:08.129971] {Default Queue}  -> wl_region#100.add(12, 68, 518, 2)
[16:11:08.129971] {Default Queue}  -> wl_region#100.add(567, 68, 146, 2)
[16:11:08.129972] {Default Queue}  -> wl_region#100.add(870, 68, 398, 2)
[16:11:08.129972] {Default Queue}  -> wl_region#100.add(13, 70, 516, 1)
[16:11:08.129973] {Default Queue}  -> wl_region#100.add(568, 70, 144, 1)
[16:11:08.129974] {Default Queue}  -> wl_region#100.add(871, 70, 396, 1)
[16:11:08.129974] {Default Queue}  -> wl_region#100.add(14, 71, 514, 1)
[16:11:08.129975] {Default Queue}  -> wl_region#100.add(569, 71, 142, 1)
[16:11:08.129976] {Default Queue}  -> wl_region#100.add(872, 71, 394, 1)
[16:11:08.129976] {Default Queue}  -> wl_region#100.add(15, 72, 512, 1)
[16:11:08.129977] {Default Queue}  -> wl_region#100.add(570, 72, 140, 1)
[16:11:08.129977] {Default Queue}  -> wl_region#100.add(873, 72, 392, 1)
[16:11:08.129978] {Default Queue}  -> wl_region#100.add(16, 73, 510, 1)
[16:11:08.129979] {Default Queue}  -> wl_region#100.add(571, 73, 138, 1)
[16:11:08.129979] {Default Queue}  -> wl_region#100.add(874, 73, 390, 1)
[16:11:08.129980] {Default Queue}  -> wl_region#100.add(17, 74, 508, 1)
[16:11:08.129981] {Default Queue}  -> wl_region#100.add(572, 74, 136, 1)
[16:11:08.129981] {Default Queue}  -> wl_region#100.add(875, 74, 388, 1)
[16:11:08.129982] {Default Queue}  -> wl_region#100.add(19, 75, 504, 1)
[16:11:08.129983] {Default Queue}  -> wl_region#100.add(574, 75, 132, 1)
[16:11:08.129983] {Default Queue}  -> wl_region#100.add(877, 75, 384, 1)
[16:11:08.129984]  -> wl_surface#71.set_input_region(wl_region#100)
[16:11:08.129985] {Default Queue}  -> wl_region#100.destroy()
[16:11:08.129986]  -> wl_surface#71.attach(wl_buffer#125, 0, 0)
[16:11:08.129987]  -> wl_surface#71.frame(new id wl_callback#102)
[16:11:08.129989] {Default Queue}  -> wp_presentation#23.feedback(wl_surface#71, new id wp_presentation_feedback#122)
[16:11:08.129991]  -> wl_surface#71.commit()
[16:11:08.139835] {Default Queue}  -> wl_buffer#99.destroy()
[16:11:08.139843] {Default Queue}  -> wl_shm_pool#126.destroy()
[16:11:08.142170] {Default Queue}  -> wl_shm#5.create_pool(new id wl_shm_pool#98, fd 18, 3276800)
[16:11:08.142177] {Default Queue}  -> wl_shm_pool#98.create_buffer(new id wl_buffer#115, 0, 1280, 640, 5120, 0)
[16:11:08.143098] {Default Queue}  -> wl_compositor#4.create_region(new id wl_region#114)
[16:11:08.143102] {Default Queue}  -> wl_region#114.add(365, 142, 550, 62)
[16:11:08.143104]  -> wl_surface#111.set_opaque_region(wl_region#114)
[16:11:08.143106] {Default Queue}  -> wl_region#114.destroy()
[16:11:08.143107] {Default Queue}  -> wp_viewport#105.set_destination(1280, 640)
[16:11:08.143108]  -> wl_surface#111.attach(wl_buffer#115, 0, 0)
[16:11:08.143109]  -> wl_surface#111.damage_buffer(0, 0, 1280, 640)
[16:11:08.143111]  -> wl_surface#111.frame(new id wl_callback#96)
[16:11:08.143113] {Default Queue}  -> wp_presentation#23.feedback(wl_surface#111, new id wp_presentation_feedback#97)
[16:11:08.143115]  -> wl_surface#111.commit()
[16:11:08.143143] {Default Queue}  -> wl_compositor#46.create_region(new id wl_region#95)
[16:11:08.143178] {Default Queue}  -> wl_region#95.add(339, 20, 602, 1)
[16:11:08.143179] {Default Queue}  -> wl_region#95.add(337, 21, 606, 1)
[16:11:08.143180] {Default Queue}  -> wl_region#95.add(336, 22, 608, 1)
[16:11:08.143181] {Default Queue}  -> wl_region#95.add(335, 23, 610, 1)
[16:11:08.143181] {Default Queue}  -> wl_region#95.add(334, 24, 612, 1)
[16:11:08.143182] {Default Queue}  -> wl_region#95.add(333, 25, 614, 1)
[16:11:08.143183] {Default Queue}  -> wl_region#95.add(332, 26, 616, 2)
[16:11:08.143183] {Default Queue}  -> wl_region#95.add(331, 28, 618, 5)
[16:11:08.143184] {Default Queue}  -> wl_region#95.add(330, 33, 620, 574)
[16:11:08.143185] {Default Queue}  -> wl_region#95.add(331, 607, 618, 5)
[16:11:08.143185] {Default Queue}  -> wl_region#95.add(332, 612, 616, 2)
[16:11:08.143186] {Default Queue}  -> wl_region#95.add(333, 614, 614, 1)
[16:11:08.143187] {Default Queue}  -> wl_region#95.add(334, 615, 612, 1)
[16:11:08.143187] {Default Queue}  -> wl_region#95.add(335, 616, 610, 1)
[16:11:08.143188] {Default Queue}  -> wl_region#95.add(336, 617, 608, 1)
[16:11:08.143189] {Default Queue}  -> wl_region#95.add(337, 618, 606, 1)
[16:11:08.143189] {Default Queue}  -> wl_region#95.add(339, 619, 602, 1)
[16:11:08.143190] {Default Queue}  -> ext_background_effect_surface_v1#118.set_blur_region(wl_region#95)
[16:11:08.143192] {Default Queue}  -> wl_region#95.destroy()
info: event=launcher-painted latency_us=21932
[16:11:08.143346]  -> wl_surface#70.attach(wl_buffer#104, 0, 0)
[16:11:08.143348]  -> wl_surface#70.frame(new id wl_callback#110)
[16:11:08.143349] {Default Queue}  -> wp_presentation#23.feedback(wl_surface#70, new id wp_presentation_feedback#94)
[16:11:08.143350]  -> wl_surface#70.commit()
[16:11:08.144023] {Display Queue} wl_display#1.delete_id(100)
[16:11:08.144029] {Display Queue} wl_display#1.delete_id(99)
[16:11:08.144030] {Display Queue} wl_display#1.delete_id(126)
[16:11:08.144031] {Display Queue} wl_display#1.delete_id(114)
[16:11:08.144032] {Display Queue} wl_display#1.delete_id(95)
[16:11:08.144032] {Default Queue} wl_buffer#125.release()
[16:11:08.144033] {Default Queue} wl_buffer#115.release()
[16:11:08.144040] {Default Queue} wl_buffer#104.release()
[16:11:08.145810] {Display Queue} wl_display#1.delete_id(102)
[16:11:08.145814] {Display Queue} wl_display#1.delete_id(110)
[16:11:08.145815] {Display Queue} wl_display#1.delete_id(96)
[16:11:08.145816] {Display Queue} wl_display#1.delete_id(122)
[16:11:08.145817] {Display Queue} wl_display#1.delete_id(94)
[16:11:08.145818] {Display Queue} wl_display#1.delete_id(97)
[16:11:08.145819] {Default Queue} wl_callback#102.done(15896260)
[16:11:08.145826] {Default Queue} wl_callback#110.done(15896260)
[16:11:08.145827] {Default Queue} wl_callback#96.done(15896260)
[16:11:08.145832] {Default Queue} wp_presentation_feedback#122.sync_output(wl_output#63)
[16:11:08.145834] {Default Queue} wp_presentation_feedback#122.sync_output(wl_output#31)
[16:11:08.145835] {Default Queue} wp_presentation_feedback#122.presented(0, 15896, 260874423, 0, 0, 0, 0)
[16:11:08.145839] {Default Queue} wp_presentation_feedback#94.sync_output(wl_output#63)
[16:11:08.145840] {Default Queue} wp_presentation_feedback#94.sync_output(wl_output#31)
[16:11:08.145841] {Default Queue} wp_presentation_feedback#94.presented(0, 15896, 260874423, 0, 0, 0, 0)
[16:11:08.145843] {Default Queue} wp_presentation_feedback#97.sync_output(wl_output#63)
[16:11:08.145844] {Default Queue} wp_presentation_feedback#97.sync_output(wl_output#31)
[16:11:08.145845] {Default Queue} wp_presentation_feedback#97.presented(0, 15896, 260874423, 0, 0, 0, 0)
[16:11:08.146534]  -> wl_surface#111.attach(wl_buffer#115, 0, 0)
[16:11:08.146538]  -> wl_surface#111.damage_buffer(346, 70, 588, 62)
[16:11:08.146539]  -> wl_surface#111.frame(new id wl_callback#97)
[16:11:08.146541] {Default Queue}  -> wp_presentation#23.feedback(wl_surface#111, new id wp_presentation_feedback#94)
[16:11:08.146543]  -> wl_surface#111.commit()
[16:11:08.146630] {Default Queue} wl_buffer#115.release()
[16:11:08.162153] {Display Queue} wl_display#1.delete_id(97)
[16:11:08.162163] {Display Queue} wl_display#1.delete_id(94)
[16:11:08.162165] {Default Queue} wl_callback#97.done(15896277)
[16:11:08.162180] {Default Queue} wp_presentation_feedback#94.sync_output(wl_output#63)
[16:11:08.162182] {Default Queue} wp_presentation_feedback#94.sync_output(wl_output#31)
[16:11:08.162182] {Default Queue} wp_presentation_feedback#94.presented(0, 15896, 277203166, 0, 0, 0, 0)
[16:11:08.162690]  -> wl_surface#111.attach(wl_buffer#115, 0, 0)
[16:11:08.162697]  -> wl_surface#111.damage_buffer(346, 70, 588, 62)
[16:11:08.162699]  -> wl_surface#111.frame(new id wl_callback#94)
[16:11:08.162702] {Default Queue}  -> wp_presentation#23.feedback(wl_surface#111, new id wp_presentation_feedback#97)
[16:11:08.162705]  -> wl_surface#111.commit()
[16:11:08.162816] {Default Queue} wl_buffer#115.release()
[16:11:08.178534] {Display Queue} wl_display#1.delete_id(94)
[16:11:08.178543] {Display Queue} wl_display#1.delete_id(97)
[16:11:08.178545] {Default Queue} wl_callback#94.done(15896293)
[16:11:08.178560] {Default Queue} wp_presentation_feedback#97.sync_output(wl_output#63)
[16:11:08.178561] {Default Queue} wp_presentation_feedback#97.sync_output(wl_output#31)
[16:11:08.178562] {Default Queue} wp_presentation_feedback#97.presented(0, 15896, 293580781, 0, 0, 0, 0)
[16:11:08.179057]  -> wl_surface#111.attach(wl_buffer#115, 0, 0)
[16:11:08.179062]  -> wl_surface#111.damage_buffer(346, 70, 588, 62)
[16:11:08.179063]  -> wl_surface#111.frame(new id wl_callback#97)
[16:11:08.179066] {Default Queue}  -> wp_presentation#23.feedback(wl_surface#111, new id wp_presentation_feedback#94)
[16:11:08.179067]  -> wl_surface#111.commit()
[16:11:08.179178] {Default Queue} wl_buffer#115.release()
[16:11:08.194871] {Display Queue} wl_display#1.delete_id(97)
[16:11:08.194881] {Display Queue} wl_display#1.delete_id(94)
[16:11:08.194882] {Default Queue} wl_callback#97.done(15896309)
[16:11:08.194897] {Default Queue} wp_presentation_feedback#94.sync_output(wl_output#63)
[16:11:08.194899] {Default Queue} wp_presentation_feedback#94.sync_output(wl_output#31)
[16:11:08.194900] {Default Queue} wp_presentation_feedback#94.presented(0, 15896, 309924234, 0, 0, 0, 0)
[16:11:08.195426]  -> wl_surface#111.attach(wl_buffer#115, 0, 0)
[16:11:08.195430]  -> wl_surface#111.damage_buffer(346, 70, 588, 62)
[16:11:08.195432]  -> wl_surface#111.frame(new id wl_callback#94)
[16:11:08.195434] {Default Queue}  -> wp_presentation#23.feedback(wl_surface#111, new id wp_presentation_feedback#97)
[16:11:08.195436]  -> wl_surface#111.commit()
[16:11:08.195573] {Default Queue} wl_buffer#115.release()
[16:11:08.211232] {Display Queue} wl_display#1.delete_id(94)
[16:11:08.211239] {Display Queue} wl_display#1.delete_id(97)
[16:11:08.211241] {Default Queue} wl_callback#94.done(15896326)
[16:11:08.211256] {Default Queue} wp_presentation_feedback#97.sync_output(wl_output#63)
[16:11:08.211258] {Default Queue} wp_presentation_feedback#97.sync_output(wl_output#31)
[16:11:08.211259] {Default Queue} wp_presentation_feedback#97.presented(0, 15896, 326282948, 0, 0, 0, 0)
[16:11:08.211756]  -> wl_surface#111.attach(wl_buffer#115, 0, 0)
[16:11:08.211760]  -> wl_surface#111.damage_buffer(346, 70, 588, 62)
[16:11:08.211762]  -> wl_surface#111.frame(new id wl_callback#97)
[16:11:08.211764] {Default Queue}  -> wp_presentation#23.feedback(wl_surface#111, new id wp_presentation_feedback#94)
[16:11:08.211766]  -> wl_surface#111.commit()
[16:11:08.211854] {Default Queue} wl_buffer#115.release()
[16:11:08.227616] {Display Queue} wl_display#1.delete_id(97)
[16:11:08.227626] {Display Queue} wl_display#1.delete_id(94)
[16:11:08.227628] {Default Queue} wl_callback#97.done(15896342)
[16:11:08.227644] {Default Queue} wp_presentation_feedback#94.sync_output(wl_output#63)
[16:11:08.227645] {Default Queue} wp_presentation_feedback#94.sync_output(wl_output#31)
[16:11:08.227646] {Default Queue} wp_presentation_feedback#94.presented(0, 15896, 342665963, 0, 0, 0, 0)
[16:11:08.228386]  -> wl_surface#111.attach(wl_buffer#115, 0, 0)
[16:11:08.228391]  -> wl_surface#111.damage_buffer(346, 70, 588, 62)
[16:11:08.228392]  -> wl_surface#111.frame(new id wl_callback#94)
[16:11:08.228395] {Default Queue}  -> wp_presentation#23.feedback(wl_surface#111, new id wp_presentation_feedback#97)
[16:11:08.228397]  -> wl_surface#111.commit()
[16:11:08.228492] {Default Queue} wl_buffer#115.release()
[16:11:08.243982] {Display Queue} wl_display#1.delete_id(94)
[16:11:08.243992] {Display Queue} wl_display#1.delete_id(97)
[16:11:08.243993] {Default Queue} wl_callback#94.done(15896359)
[16:11:08.244007] {Default Queue} wp_presentation_feedback#97.sync_output(wl_output#63)
[16:11:08.244009] {Default Queue} wp_presentation_feedback#97.sync_output(wl_output#31)
[16:11:08.244010] {Default Queue} wp_presentation_feedback#97.presented(0, 15896, 359036607, 0, 0, 0, 0)
[16:11:08.244545]  -> wl_surface#111.attach(wl_buffer#115, 0, 0)
[16:11:08.244550]  -> wl_surface#111.damage_buffer(346, 70, 588, 62)
[16:11:08.244552]  -> wl_surface#111.frame(new id wl_callback#97)
[16:11:08.244554] {Default Queue}  -> wp_presentation#23.feedback(wl_surface#111, new id wp_presentation_feedback#94)
[16:11:08.244556]  -> wl_surface#111.commit()
[16:11:08.244653] {Default Queue} wl_buffer#115.release()
[16:11:08.260405] {Display Queue} wl_display#1.delete_id(97)
[16:11:08.260418] {Display Queue} wl_display#1.delete_id(94)
[16:11:08.260419] {Default Queue} wl_callback#97.done(15896375)
[16:11:08.260439] {Default Queue} wp_presentation_feedback#94.sync_output(wl_output#63)
[16:11:08.260440] {Default Queue} wp_presentation_feedback#94.sync_output(wl_output#31)
[16:11:08.260441] {Default Queue} wp_presentation_feedback#94.presented(0, 15896, 375444691, 0, 0, 0, 0)
[16:11:08.261058]  -> wl_surface#111.attach(wl_buffer#115, 0, 0)
[16:11:08.261063]  -> wl_surface#111.damage_buffer(346, 70, 588, 62)
[16:11:08.261064]  -> wl_surface#111.frame(new id wl_callback#94)
[16:11:08.261067] {Default Queue}  -> wp_presentation#23.feedback(wl_surface#111, new id wp_presentation_feedback#97)
[16:11:08.261069]  -> wl_surface#111.commit()
[16:11:08.261159] {Default Queue} wl_buffer#115.release()
[16:11:08.276717] {Display Queue} wl_display#1.delete_id(94)
[16:11:08.276726] {Display Queue} wl_display#1.delete_id(97)
[16:11:08.276728] {Default Queue} wl_callback#94.done(15896391)
[16:11:08.276742] {Default Queue} wp_presentation_feedback#97.sync_output(wl_output#63)
[16:11:08.276743] {Default Queue} wp_presentation_feedback#97.sync_output(wl_output#31)
[16:11:08.276745] {Default Queue} wp_presentation_feedback#97.presented(0, 15896, 391769675, 0, 0, 0, 0)
[16:11:08.277379]  -> wl_surface#111.attach(wl_buffer#115, 0, 0)
[16:11:08.277383]  -> wl_surface#111.damage_buffer(346, 70, 588, 62)
[16:11:08.277385]  -> wl_surface#111.frame(new id wl_callback#97)
[16:11:08.277388] {Default Queue}  -> wp_presentation#23.feedback(wl_surface#111, new id wp_presentation_feedback#94)
[16:11:08.277390]  -> wl_surface#111.commit()
[16:11:08.277492] {Default Queue} wl_buffer#115.release()
[16:11:08.293086] {Display Queue} wl_display#1.delete_id(97)
[16:11:08.293097] {Display Queue} wl_display#1.delete_id(94)
[16:11:08.293098] {Default Queue} wl_callback#97.done(15896408)
[16:11:08.293115] {Default Queue} wp_presentation_feedback#94.sync_output(wl_output#63)
[16:11:08.293116] {Default Queue} wp_presentation_feedback#94.sync_output(wl_output#31)
[16:11:08.293117] {Default Queue} wp_presentation_feedback#94.presented(0, 15896, 408130729, 0, 0, 0, 0)
[16:11:08.293781]  -> wl_surface#111.attach(wl_buffer#115, 0, 0)
[16:11:08.293786]  -> wl_surface#111.damage_buffer(346, 70, 588, 62)
[16:11:08.293789]  -> wl_surface#111.frame(new id wl_callback#94)
[16:11:08.293791] {Default Queue}  -> wp_presentation#23.feedback(wl_surface#111, new id wp_presentation_feedback#97)
[16:11:08.293794]  -> wl_surface#111.commit()
[16:11:08.293936] {Default Queue} wl_buffer#115.release()
[16:11:08.309415] {Display Queue} wl_display#1.delete_id(94)
[16:11:08.309426] {Display Queue} wl_display#1.delete_id(97)
[16:11:08.309428] {Default Queue} wl_callback#94.done(15896424)
[16:11:08.309444] {Default Queue} wp_presentation_feedback#97.sync_output(wl_output#63)
[16:11:08.309446] {Default Queue} wp_presentation_feedback#97.sync_output(wl_output#31)
[16:11:08.309447] {Default Queue} wp_presentation_feedback#97.presented(0, 15896, 424457593, 0, 0, 0, 0)
[16:11:08.310068]  -> wl_surface#111.attach(wl_buffer#115, 0, 0)
[16:11:08.310073]  -> wl_surface#111.damage_buffer(346, 70, 588, 62)
[16:11:08.310075]  -> wl_surface#111.frame(new id wl_callback#97)
[16:11:08.310078] {Default Queue}  -> wp_presentation#23.feedback(wl_surface#111, new id wp_presentation_feedback#94)
[16:11:08.310079]  -> wl_surface#111.commit()
[16:11:08.310174] {Default Queue} wl_buffer#115.release()
[16:11:08.325728] {Display Queue} wl_display#1.delete_id(97)
[16:11:08.325738] {Display Queue} wl_display#1.delete_id(94)
[16:11:08.325739] {Default Queue} wl_callback#97.done(15896440)
[16:11:08.325754] {Default Queue} wp_presentation_feedback#94.sync_output(wl_output#63)
[16:11:08.325756] {Default Queue} wp_presentation_feedback#94.sync_output(wl_output#31)
[16:11:08.325757] {Default Queue} wp_presentation_feedback#94.presented(0, 15896, 440777607, 0, 0, 0, 0)
[16:11:08.326658]  -> wl_surface#111.attach(wl_buffer#115, 0, 0)
[16:11:08.326665]  -> wl_surface#111.damage_buffer(346, 70, 588, 62)
[16:11:08.326667]  -> wl_surface#111.frame(new id wl_callback#94)
[16:11:08.326669] {Default Queue}  -> wp_presentation#23.feedback(wl_surface#111, new id wp_presentation_feedback#97)
[16:11:08.326671]  -> wl_surface#111.commit()
[16:11:08.326772] {Default Queue} wl_buffer#115.release()
[16:11:08.342119] {Display Queue} wl_display#1.delete_id(94)
[16:11:08.342129] {Display Queue} wl_display#1.delete_id(97)
[16:11:08.342130] {Default Queue} wl_callback#94.done(15896457)
[16:11:08.342145] {Default Queue} wp_presentation_feedback#97.sync_output(wl_output#63)
[16:11:08.342147] {Default Queue} wp_presentation_feedback#97.sync_output(wl_output#31)
[16:11:08.342148] {Default Queue} wp_presentation_feedback#97.presented(0, 15896, 457170231, 0, 0, 0, 0)
[16:11:08.479227] {Default Queue}  -> ext_background_effect_surface_v1#118.destroy()
[16:11:08.479332] {Default Queue}  -> zwlr_layer_surface_v1#93.destroy()
[16:11:08.479336]  -> wl_surface#111.attach(nil, 0, 0)
[16:11:08.479338]  -> wl_surface#111.commit()
[16:11:08.479378] {Default Queue}  -> wl_buffer#115.destroy()
[16:11:08.479380] {Default Queue}  -> wl_shm_pool#98.destroy()
[16:11:08.479746] {Default Queue}  -> wp_viewport#105.destroy()
[16:11:08.479748] {Default Queue}  -> wp_fractional_scale_v1#116.destroy()
[16:11:08.479749]  -> wl_surface#111.destroy()
[16:11:08.479764] {Default Queue}  -> xdg_toplevel_icon_v1#123.destroy()
info: event=popup-closed
[16:11:08.483641] {Display Queue} wl_display#1.delete_id(118)
[16:11:08.483648] {Display Queue} wl_display#1.delete_id(93)
[16:11:08.483650] {Display Queue} wl_display#1.delete_id(115)
[16:11:08.483651] {Display Queue} wl_display#1.delete_id(98)
[16:11:08.483652] {Display Queue} wl_display#1.delete_id(105)
[16:11:08.483653] {Display Queue} wl_display#1.delete_id(116)
[16:11:08.483653] {Display Queue} wl_display#1.delete_id(111)
[16:11:08.483654] {Display Queue} wl_display#1.delete_id(123)
[16:11:08.483655] {Default Queue} zwlr_layer_surface_v1#75.configure(127, 1280, 80)
[16:11:08.483665] {Default Queue}  -> zwlr_layer_surface_v1#75.ack_configure(127)
[16:11:08.483667] {Default Queue} zwlr_layer_surface_v1#69.configure(128, 1280, 720)
[16:11:08.483669] {Default Queue}  -> zwlr_layer_surface_v1#69.ack_configure(128)
[16:11:08.483670] {Default Queue} zwlr_layer_surface_v1#80.configure(129, 88, 2)
[16:11:08.483675] {Default Queue}  -> zwlr_layer_surface_v1#80.ack_configure(129)
[16:11:08.484038]  -> wl_surface#71.commit()
[16:11:08.484066]  -> wl_surface#65.commit()
[16:11:08.484074]  -> wl_surface#70.commit()
[16:11:08.485212]  -> wl_surface#76.attach(wl_buffer#113, 0, 0)
[16:11:08.485217]  -> wl_surface#76.damage_buffer(4, 4, 555, 40)
[16:11:08.485219]  -> wl_surface#76.frame(new id wl_callback#123)
[16:11:08.485221] {Default Queue}  -> wp_presentation#23.feedback(wl_surface#76, new id wp_presentation_feedback#111)
[16:11:08.485224]  -> wl_surface#76.commit()
[16:11:08.485261] {Default Queue}  -> wl_compositor#46.create_region(new id wl_region#116)
[16:11:08.485276] {Default Queue}  -> wl_region#116.add(19, 4, 525, 1)
[16:11:08.485277] {Default Queue}  -> wl_region#116.add(574, 4, 132, 1)
[16:11:08.485278] {Default Queue}  -> wl_region#116.add(877, 4, 384, 1)
[16:11:08.485279] {Default Queue}  -> wl_region#116.add(17, 5, 529, 1)
[16:11:08.485279] {Default Queue}  -> wl_region#116.add(572, 5, 136, 1)
[16:11:08.485280] {Default Queue}  -> wl_region#116.add(875, 5, 388, 1)
[16:11:08.485281] {Default Queue}  -> wl_region#116.add(16, 6, 531, 1)
[16:11:08.485281] {Default Queue}  -> wl_region#116.add(571, 6, 138, 1)
[16:11:08.485282] {Default Queue}  -> wl_region#116.add(874, 6, 390, 1)
[16:11:08.485283] {Default Queue}  -> wl_region#116.add(15, 7, 533, 1)
[16:11:08.485283] {Default Queue}  -> wl_region#116.add(570, 7, 140, 1)
[16:11:08.485284] {Default Queue}  -> wl_region#116.add(873, 7, 392, 1)
[16:11:08.485285] {Default Queue}  -> wl_region#116.add(14, 8, 535, 1)
[16:11:08.485285] {Default Queue}  -> wl_region#116.add(569, 8, 142, 1)
[16:11:08.485286] {Default Queue}  -> wl_region#116.add(872, 8, 394, 1)
[16:11:08.485287] {Default Queue}  -> wl_region#116.add(13, 9, 537, 1)
[16:11:08.485287] {Default Queue}  -> wl_region#116.add(568, 9, 144, 1)
[16:11:08.485288] {Default Queue}  -> wl_region#116.add(871, 9, 396, 1)
[16:11:08.485289] {Default Queue}  -> wl_region#116.add(12, 10, 539, 2)
[16:11:08.485289] {Default Queue}  -> wl_region#116.add(567, 10, 146, 2)
[16:11:08.485290] {Default Queue}  -> wl_region#116.add(870, 10, 398, 2)
[16:11:08.485290] {Default Queue}  -> wl_region#116.add(11, 12, 541, 5)
[16:11:08.485291] {Default Queue}  -> wl_region#116.add(566, 12, 148, 5)
[16:11:08.485292] {Default Queue}  -> wl_region#116.add(869, 12, 400, 5)
[16:11:08.485292] {Default Queue}  -> wl_region#116.add(10, 17, 543, 14)
[16:11:08.485293] {Default Queue}  -> wl_region#116.add(565, 17, 150, 14)
[16:11:08.485294] {Default Queue}  -> wl_region#116.add(868, 17, 402, 14)
[16:11:08.485294] {Default Queue}  -> wl_region#116.add(11, 31, 541, 5)
[16:11:08.485295] {Default Queue}  -> wl_region#116.add(566, 31, 148, 5)
[16:11:08.485296] {Default Queue}  -> wl_region#116.add(869, 31, 400, 5)
[16:11:08.485297] {Default Queue}  -> wl_region#116.add(12, 36, 539, 2)
[16:11:08.485297] {Default Queue}  -> wl_region#116.add(567, 36, 146, 2)
[16:11:08.485298] {Default Queue}  -> wl_region#116.add(870, 36, 398, 2)
[16:11:08.485299] {Default Queue}  -> wl_region#116.add(13, 38, 537, 1)
[16:11:08.485299] {Default Queue}  -> wl_region#116.add(568, 38, 144, 1)
[16:11:08.485300] {Default Queue}  -> wl_region#116.add(871, 38, 396, 1)
[16:11:08.485301] {Default Queue}  -> wl_region#116.add(14, 39, 535, 1)
[16:11:08.485301] {Default Queue}  -> wl_region#116.add(569, 39, 142, 1)
[16:11:08.485302] {Default Queue}  -> wl_region#116.add(872, 39, 394, 1)
[16:11:08.485303] {Default Queue}  -> wl_region#116.add(15, 40, 533, 1)
[16:11:08.485303] {Default Queue}  -> wl_region#116.add(570, 40, 140, 1)
[16:11:08.485304] {Default Queue}  -> wl_region#116.add(873, 40, 392, 1)
[16:11:08.485304] {Default Queue}  -> wl_region#116.add(16, 41, 531, 1)
[16:11:08.485305] {Default Queue}  -> wl_region#116.add(571, 41, 138, 1)
[16:11:08.485306] {Default Queue}  -> wl_region#116.add(874, 41, 390, 1)
[16:11:08.485306] {Default Queue}  -> wl_region#116.add(17, 42, 529, 1)
[16:11:08.485307] {Default Queue}  -> wl_region#116.add(572, 42, 136, 1)
[16:11:08.485308] {Default Queue}  -> wl_region#116.add(875, 42, 388, 1)
[16:11:08.485308] {Default Queue}  -> wl_region#116.add(19, 43, 525, 1)
[16:11:08.485309] {Default Queue}  -> wl_region#116.add(574, 43, 132, 1)
[16:11:08.485310] {Default Queue}  -> wl_region#116.add(877, 43, 384, 1)
[16:11:08.485311] {Default Queue}  -> ext_background_effect_surface_v1#117.set_blur_region(wl_region#116)
[16:11:08.485312] {Default Queue}  -> wl_region#116.destroy()
[16:11:08.485418] {Display Queue} wl_display#1.delete_id(116)
[16:11:08.485423] {Default Queue} wl_buffer#113.release()
info(pearl): event=stopping reason=control-quit pending=false
[16:11:08.487857] {Default Queue}  -> zwlr_layer_surface_v1#80.destroy()
[16:11:08.487862]  -> wl_surface#70.attach(nil, 0, 0)
[16:11:08.487864]  -> wl_surface#70.commit()
[16:11:08.487874] {Default Queue}  -> wl_buffer#104.destroy()
[16:11:08.487875] {Default Queue}  -> wl_shm_pool#103.destroy()
[16:11:08.487890] {Default Queue}  -> wp_viewport#78.destroy()
[16:11:08.487891] {Default Queue}  -> wp_fractional_scale_v1#77.destroy()
[16:11:08.487892]  -> wl_surface#70.destroy()
[16:11:08.487901] {Default Queue}  -> xdg_toplevel_icon_v1#79.destroy()
[16:11:08.487938] {Default Queue}  -> zwlr_layer_surface_v1#69.destroy()
[16:11:08.487940]  -> wl_surface#65.attach(nil, 0, 0)
[16:11:08.487940]  -> wl_surface#65.commit()
[16:11:08.487952] {Default Queue}  -> wl_buffer#92.destroy()
[16:11:08.487953] {Default Queue}  -> wl_shm_pool#86.destroy()
[16:11:08.488029] {Default Queue}  -> wp_viewport#67.destroy()
[16:11:08.488030] {Default Queue}  -> wp_fractional_scale_v1#66.destroy()
[16:11:08.488031]  -> wl_surface#65.destroy()
[16:11:08.488037] {Default Queue}  -> xdg_toplevel_icon_v1#68.destroy()
[16:11:08.488170] {Default Queue}  -> ext_background_effect_surface_v1#101.destroy()
[16:11:08.488175] {Default Queue}  -> zwlr_layer_surface_v1#75.destroy()
[16:11:08.488177]  -> wl_surface#71.attach(nil, 0, 0)
[16:11:08.488178]  -> wl_surface#71.commit()
[16:11:08.488186] {Default Queue}  -> wl_buffer#125.destroy()
[16:11:08.488188] {Default Queue}  -> wl_shm_pool#106.destroy()
[16:11:08.488224] {Default Queue}  -> wp_viewport#73.destroy()
[16:11:08.488225] {Default Queue}  -> wp_fractional_scale_v1#72.destroy()
[16:11:08.488225]  -> wl_surface#71.destroy()
[16:11:08.488232] {Default Queue}  -> xdg_toplevel_icon_v1#74.destroy()
[16:11:08.488782] {Default Queue}  -> zwlr_layer_surface_v1#85.destroy()
[16:11:08.488784]  -> wl_surface#81.attach(nil, 0, 0)
[16:11:08.488785]  -> wl_surface#81.commit()
[16:11:08.488792] {Default Queue}  -> wl_buffer#108.destroy()
[16:11:08.488793] {Default Queue}  -> wl_shm_pool#107.destroy()
[16:11:08.488845] {Default Queue}  -> wp_viewport#83.destroy()
[16:11:08.488846] {Default Queue}  -> wp_fractional_scale_v1#82.destroy()
[16:11:08.488846]  -> wl_surface#81.destroy()
[16:11:08.488851] {Default Queue}  -> xdg_toplevel_icon_v1#84.destroy()
[16:11:08.488998] {Default Queue}  -> ext_background_effect_surface_v1#117.destroy()
[16:11:08.489006] {Default Queue}  -> zwlr_layer_surface_v1#90.destroy()
[16:11:08.489007]  -> wl_surface#76.attach(nil, 0, 0)
[16:11:08.489008]  -> wl_surface#76.commit()
[16:11:08.489015] {Default Queue}  -> wl_buffer#113.destroy()
[16:11:08.489016] {Default Queue}  -> wl_shm_pool#112.destroy()
[16:11:08.489040] {Default Queue}  -> wp_viewport#88.destroy()
[16:11:08.489041] {Default Queue}  -> wp_fractional_scale_v1#87.destroy()
[16:11:08.489041]  -> wl_surface#76.destroy()
[16:11:08.489047] {Default Queue}  -> xdg_toplevel_icon_v1#89.destroy()
[16:11:08.489520] {Default Queue}  -> wl_seat#53.release()
[16:11:08.489522] {Default Queue}  -> ext_idle_notifier_v1#47.destroy()
[16:11:08.489544] {Default Queue}  -> wl_seat#55.release()
[16:11:08.489546] {Default Queue}  -> ext_data_control_manager_v1#54.destroy()
[16:11:08.489550] {Default Queue}  -> ext_foreign_toplevel_handle_v1#4278190080.destroy()
[16:11:08.489552] {Default Queue}  -> ext_image_copy_capture_manager_v1#58.destroy()
[16:11:08.489553] {Default Queue}  -> ext_output_image_capture_source_manager_v1#60.destroy()
[16:11:08.489554] {Default Queue}  -> ext_foreign_toplevel_image_capture_source_manager_v1#62.destroy()
[16:11:08.489555] {Default Queue}  -> ext_foreign_toplevel_list_v1#61.destroy()
[16:11:08.489556] {Default Queue}  -> aqueous_capture_color_manager_v1#59.destroy()
[16:11:08.489557] {Default Queue}  -> wl_output#63.release()
[16:11:08.489558] {Default Queue}  -> wl_output#64.release()
[16:11:08.489559] {Default Queue}  -> zwlr_screencopy_manager_v1#57.destroy()
[16:11:08.489994] {Default Queue}  -> ext_background_effect_manager_v1#48.destroy()
info(pearl): event=aqueous-availability state=stopped
info(pearl): event=cleanup pending=false watched_objects=0
info(pearl): event=stopped
