[02:41:44.899099] {Default Queue}  -> wl_display#1.get_registry(new id wl_registry#2)
[02:41:44.899108] {Default Queue}  -> wl_display#1.sync(new id wl_callback#3)
[02:41:44.926752] {Display Queue} wl_display#1.delete_id(3)
[02:41:44.926761] {Default Queue} wl_registry#2.global(1, "wl_compositor", 6)
[02:41:44.926768] {Default Queue}  -> wl_registry#2.bind(1, "wl_compositor", 6, new id [unknown]#4)
[02:41:44.926771] {Default Queue} wl_registry#2.global(2, "wl_fixes", 1)
[02:41:44.926778] {Default Queue} wl_registry#2.global(3, "wp_security_context_manager_v1", 1)
[02:41:44.926780] {Default Queue} wl_registry#2.global(4, "wl_shm", 2)
[02:41:44.926781] {Default Queue}  -> wl_registry#2.bind(4, "wl_shm", 1, new id [unknown]#5)
[02:41:44.926783] {Default Queue} wl_registry#2.global(5, "wp_single_pixel_buffer_manager_v1", 1)
[02:41:44.926785] {Default Queue}  -> wl_registry#2.bind(5, "wp_single_pixel_buffer_manager_v1", 1, new id [unknown]#6)
[02:41:44.926786] {Default Queue} wl_registry#2.global(6, "wp_alpha_modifier_v1", 1)
[02:41:44.926787] {Default Queue} wl_registry#2.global(7, "wp_color_representation_manager_v1", 1)
[02:41:44.926789] {Default Queue}  -> wl_registry#2.bind(7, "wp_color_representation_manager_v1", 1, new id [unknown]#7)
[02:41:44.926790] {Default Queue} wl_registry#2.global(8, "wp_content_type_manager_v1", 1)
[02:41:44.926792] {Default Queue} wl_registry#2.global(9, "wp_fifo_manager_v1", 1)
[02:41:44.926793] {Default Queue} wl_registry#2.global(10, "wp_commit_timing_manager_v1", 1)
[02:41:44.926795] {Default Queue} wl_registry#2.global(11, "xdg_wm_dialog_v1", 1)
[02:41:44.926796] {Default Queue}  -> wl_registry#2.bind(11, "xdg_wm_dialog_v1", 1, new id [unknown]#8)
[02:41:44.926797] {Default Queue} wl_registry#2.global(12, "xdg_toplevel_drag_manager_v1", 1)
[02:41:44.926798] {Default Queue} wl_registry#2.global(13, "xdg_toplevel_icon_manager_v1", 1)
[02:41:44.926800] {Default Queue}  -> wl_registry#2.bind(13, "xdg_toplevel_icon_manager_v1", 1, new id [unknown]#9)
[02:41:44.926801] {Default Queue} wl_registry#2.global(14, "xdg_toplevel_tag_manager_v1", 1)
[02:41:44.926802] {Default Queue} wl_registry#2.global(15, "wp_viewporter", 1)
[02:41:44.926803] {Default Queue}  -> wl_registry#2.bind(15, "wp_viewporter", 1, new id [unknown]#10)
[02:41:44.926804] {Default Queue} wl_registry#2.global(16, "wp_fractional_scale_manager_v1", 1)
[02:41:44.926806] {Default Queue}  -> wl_registry#2.bind(16, "wp_fractional_scale_manager_v1", 1, new id [unknown]#11)
[02:41:44.926808] {Default Queue} wl_registry#2.global(17, "wl_subcompositor", 1)
[02:41:44.926810] {Default Queue}  -> wl_registry#2.bind(17, "wl_subcompositor", 1, new id [unknown]#12)
[02:41:44.926811] {Default Queue} wl_registry#2.global(18, "wp_cursor_shape_manager_v1", 2)
[02:41:44.926812] {Default Queue}  -> wl_registry#2.bind(18, "wp_cursor_shape_manager_v1", 1, new id [unknown]#13)
[02:41:44.926813] {Default Queue} wl_registry#2.global(19, "xdg_wm_base", 7)
[02:41:44.926814] {Default Queue} wl_registry#2.global(20, "zxdg_decoration_manager_v1", 1)
[02:41:44.926816] {Default Queue} wl_registry#2.global(21, "org_kde_kwin_server_decoration_manager", 1)
[02:41:44.926817] {Default Queue}  -> wl_registry#2.bind(21, "org_kde_kwin_server_decoration_manager", 1, new id [unknown]#14)
[02:41:44.926818] {Default Queue} wl_registry#2.global(22, "xdg_activation_v1", 1)
[02:41:44.926820] {Default Queue}  -> wl_registry#2.bind(22, "xdg_activation_v1", 1, new id [unknown]#15)
[02:41:44.926821] {Default Queue} wl_registry#2.global(23, "zxdg_exporter_v2", 1)
[02:41:44.926822] {Default Queue}  -> wl_registry#2.bind(23, "zxdg_exporter_v2", 1, new id [unknown]#16)
[02:41:44.926823] {Default Queue} wl_registry#2.global(24, "zxdg_importer_v2", 1)
[02:41:44.926824] {Default Queue}  -> wl_registry#2.bind(24, "zxdg_importer_v2", 1, new id [unknown]#17)
[02:41:44.926825] {Default Queue} wl_registry#2.global(25, "wl_data_device_manager", 3)
[02:41:44.926826] {Default Queue}  -> wl_registry#2.bind(25, "wl_data_device_manager", 3, new id [unknown]#18)
[02:41:44.926828] {Default Queue} wl_registry#2.global(26, "zwp_primary_selection_device_manager_v1", 1)
[02:41:44.926829] {Default Queue}  -> wl_registry#2.bind(26, "zwp_primary_selection_device_manager_v1", 1, new id [unknown]#19)
[02:41:44.926830] {Default Queue} wl_registry#2.global(27, "ext_data_control_manager_v1", 1)
[02:41:44.926831] {Default Queue} wl_registry#2.global(28, "zwlr_data_control_manager_v1", 2)
[02:41:44.926833] {Default Queue} wl_registry#2.global(29, "zwlr_export_dmabuf_manager_v1", 1)
[02:41:44.926834] {Default Queue} wl_registry#2.global(30, "zwlr_screencopy_manager_v1", 3)
[02:41:44.926835] {Default Queue} wl_registry#2.global(31, "ext_image_copy_capture_manager_v1", 1)
[02:41:44.926838] {Default Queue} wl_registry#2.global(32, "aqueous_capture_color_manager_v1", 1)
[02:41:44.926839] {Default Queue} wl_registry#2.global(33, "ext_output_image_capture_source_manager_v1", 1)
[02:41:44.926840] {Default Queue} wl_registry#2.global(34, "zwlr_foreign_toplevel_manager_v1", 3)
[02:41:44.926841] {Default Queue} wl_registry#2.global(35, "ext_foreign_toplevel_list_v1", 1)
[02:41:44.926843] {Default Queue} wl_registry#2.global(36, "ext_foreign_toplevel_image_capture_source_manager_v1", 1)
[02:41:44.926844] {Default Queue} wl_registry#2.global(37, "wp_tearing_control_manager_v1", 1)
[02:41:44.926845] {Default Queue} wl_registry#2.global(38, "zwp_linux_dmabuf_v1", 5)
[02:41:44.926846] {Default Queue}  -> wl_registry#2.bind(38, "zwp_linux_dmabuf_v1", 5, new id [unknown]#20)
[02:41:44.926848] {Default Queue}  -> zwp_linux_dmabuf_v1#20.get_default_feedback(new id zwp_linux_dmabuf_feedback_v1#21)
[02:41:44.926850] {Default Queue}  -> wl_display#1.sync(new id wl_callback#22)
[02:41:44.926852] {Default Queue} wl_registry#2.global(39, "wp_linux_drm_syncobj_manager_v1", 1)
[02:41:44.926853] {Default Queue} wl_registry#2.global(40, "wp_color_manager_v1", 3)
[02:41:44.926854] {Default Queue} wl_registry#2.global(41, "aqueous_window_manager_v1", 10)
[02:41:44.926856] {Default Queue} wl_registry#2.global(42, "ext_workspace_manager_v1", 1)
[02:41:44.926857] {Default Queue} wl_registry#2.global(43, "aqueous_window_info_manager_v1", 8)
[02:41:44.926858] {Default Queue} wl_registry#2.global(44, "aqueous_xkb_bindings_v1", 3)
[02:41:44.926859] {Default Queue} wl_registry#2.global(45, "aqueous_layer_shell_v1", 1)
[02:41:44.926861] {Default Queue} wl_registry#2.global(46, "zwlr_layer_shell_v1", 4)
[02:41:44.926862] {Default Queue} wl_registry#2.global(47, "zwlr_gamma_control_manager_v1", 1)
[02:41:44.926863] {Default Queue} wl_registry#2.global(48, "wp_presentation", 2)
[02:41:44.926865] {Default Queue}  -> wl_registry#2.bind(48, "wp_presentation", 1, new id [unknown]#23)
[02:41:44.926866] {Default Queue} wl_registry#2.global(49, "zxdg_output_manager_v1", 3)
[02:41:44.926867] {Default Queue}  -> wl_registry#2.bind(49, "zxdg_output_manager_v1", 3, new id [unknown]#24)
[02:41:44.926870] {Default Queue}  -> wl_display#1.sync(new id wl_callback#25)
[02:41:44.926871] {Default Queue} wl_registry#2.global(50, "zwlr_output_manager_v1", 4)
[02:41:44.926873] {Default Queue} wl_registry#2.global(51, "zwlr_output_power_manager_v1", 1)
[02:41:44.926874] {Default Queue} wl_registry#2.global(52, "aqueous_input_manager_v1", 2)
[02:41:44.926875] {Default Queue} wl_registry#2.global(53, "ext_idle_notifier_v1", 2)
[02:41:44.926876] {Default Queue} wl_registry#2.global(54, "zwp_relative_pointer_manager_v1", 1)
[02:41:44.926878] {Default Queue} wl_registry#2.global(55, "zwp_pointer_gestures_v1", 3)
[02:41:44.926880] {Default Queue}  -> wl_registry#2.bind(55, "zwp_pointer_gestures_v1", 3, new id [unknown]#26)
[02:41:44.926881] {Default Queue} wl_registry#2.global(56, "zwlr_virtual_pointer_manager_v1", 2)
[02:41:44.926884] {Default Queue} wl_registry#2.global(57, "zwp_virtual_keyboard_manager_v1", 1)
[02:41:44.926886] {Default Queue} wl_registry#2.global(58, "zwp_pointer_constraints_v1", 1)
[02:41:44.926888] {Default Queue} wl_registry#2.global(59, "zwp_input_method_manager_v2", 1)
[02:41:44.926889] {Default Queue} wl_registry#2.global(60, "zwp_text_input_manager_v3", 1)
[02:41:44.926892] {Default Queue} wl_registry#2.global(61, "zwp_tablet_manager_v2", 1)
[02:41:44.926893] {Default Queue}  -> wl_registry#2.bind(61, "zwp_tablet_manager_v2", 1, new id [unknown]#27)
[02:41:44.926896] {Default Queue} wl_registry#2.global(62, "wp_pointer_warp_v1", 1)
[02:41:44.926898] {Default Queue} wl_registry#2.global(63, "wl_seat", 9)
[02:41:44.926900] {Default Queue} wl_registry#2.global(64, "aqueous_libinput_config_v1", 2)
[02:41:44.926902] {Default Queue} wl_registry#2.global(65, "aqueous_xkb_config_v1", 2)
[02:41:44.926904] {Default Queue} wl_registry#2.global(66, "zwp_idle_inhibit_manager_v1", 1)
[02:41:44.926906] {Default Queue}  -> wl_registry#2.bind(66, "zwp_idle_inhibit_manager_v1", 1, new id [unknown]#28)
[02:41:44.926908] {Default Queue} wl_registry#2.global(67, "ext_session_lock_manager_v1", 1)
[02:41:44.926909] {Default Queue} wl_registry#2.global(68, "aqueous_shell_manager_v1", 2)
[02:41:44.926911] {Default Queue} wl_registry#2.global(69, "zwp_keyboard_shortcuts_inhibit_manager_v1", 1)
[02:41:44.926913] {Default Queue}  -> wl_registry#2.bind(69, "zwp_keyboard_shortcuts_inhibit_manager_v1", 1, new id [unknown]#29)
[02:41:44.926915] {Default Queue} wl_registry#2.global(70, "ext_background_effect_manager_v1", 1)
[02:41:44.926918] {Default Queue} wl_registry#2.global(71, "xdg_system_bell_v1", 1)
[02:41:44.926920] {Default Queue}  -> wl_registry#2.bind(71, "xdg_system_bell_v1", 1, new id [unknown]#30)
[02:41:44.926922] {Default Queue} wl_registry#2.global(72, "wl_output", 4)
[02:41:44.926924] {Default Queue}  -> wl_registry#2.bind(72, "wl_output", 4, new id [unknown]#31)
[02:41:44.926977] {Default Queue}  -> zxdg_output_manager_v1#24.get_xdg_output(new id zxdg_output_v1#32, wl_output#31)
[02:41:44.926983] {Default Queue}  -> wl_display#1.sync(new id wl_callback#33)
[02:41:44.926985] {Default Queue} wl_registry#2.global(73, "wl_output", 4)
[02:41:44.926990] {Default Queue}  -> wl_registry#2.bind(73, "wl_output", 4, new id [unknown]#34)
[02:41:44.926992] {Default Queue}  -> zxdg_output_manager_v1#24.get_xdg_output(new id zxdg_output_v1#35, wl_output#34)
[02:41:44.926995] {Default Queue}  -> wl_display#1.sync(new id wl_callback#36)
[02:41:44.926996] {Default Queue} wl_callback#3.done(5)
[02:41:44.926999] {Default Queue}  -> wl_registry#2.bind(63, "wl_seat", 9, new id [unknown]#3)
[02:41:44.928328] {Default Queue}  -> zwp_primary_selection_device_manager_v1#19.get_device(new id zwp_primary_selection_device_v1#37, wl_seat#3)
[02:41:44.928335] {Default Queue}  -> wl_data_device_manager#18.get_data_device(new id wl_data_device#38, wl_seat#3)
[02:41:44.928364] {Default Queue}  -> wl_compositor#4.create_surface(new id wl_surface#39)
[02:41:44.928366] {Default Queue}  -> wp_viewporter#10.get_viewport(new id wp_viewport#40, wl_surface#39)
[02:41:44.928367] {Default Queue}  -> wp_fractional_scale_manager_v1#11.get_fractional_scale(new id wp_fractional_scale_v1#41, wl_surface#39)
[02:41:44.928368] {Default Queue}  -> zwp_tablet_manager_v2#27.get_tablet_seat(new id zwp_tablet_seat_v2#42, wl_seat#3)
[02:41:44.928372] {Default Queue}  -> wl_display#1.sync(new id wl_callback#43)
[02:41:44.928453] {Display Queue} wl_display#1.delete_id(22)
[02:41:44.928454] {Display Queue} wl_display#1.delete_id(25)
[02:41:44.928455] {Display Queue} wl_display#1.delete_id(33)
[02:41:44.928455] {Display Queue} wl_display#1.delete_id(36)
[02:41:44.928456] {Display Queue} wl_display#1.delete_id(43)
[02:41:44.928457] {Default Queue} wl_shm#5.format(538982482)
[02:41:44.928457] {Default Queue} wl_shm#5.format(1210064978)
[02:41:44.928458] {Default Queue} wl_shm#5.format(1176510546)
[02:41:44.928458] {Default Queue} wl_shm#5.format(943215175)
[02:41:44.928459] {Default Queue} wl_shm#5.format(1210077767)
[02:41:44.928459] {Default Queue} wl_shm#5.format(1176523335)
[02:41:44.928460] {Default Queue} wl_shm#5.format(1)
[02:41:44.928460] {Default Queue} wl_shm#5.format(875709016)
[02:41:44.928461] {Default Queue} wl_shm#5.format(0)
[02:41:44.928461] {Default Queue} wl_shm#5.format(875708993)
[02:41:44.928462] {Default Queue} wl_shm#5.format(842088786)
[02:41:44.928462] {Default Queue} wl_shm#5.format(842094674)
[02:41:44.928463] {Default Queue} wl_shm#5.format(842088770)
[02:41:44.928463] {Default Queue} wl_shm#5.format(842094658)
[02:41:44.928464] {Default Queue} wl_shm#5.format(909199186)
[02:41:44.928464] {Default Queue} wl_shm#5.format(909199170)
[02:41:44.928465] {Default Queue} wl_shm#5.format(892420434)
[02:41:44.928465] {Default Queue} wl_shm#5.format(892426322)
[02:41:44.928465] {Default Queue} wl_shm#5.format(892420418)
[02:41:44.928466] {Default Queue} wl_shm#5.format(892426306)
[02:41:44.928467] {Default Queue} wl_shm#5.format(892424769)
[02:41:44.928467] {Default Queue} wl_shm#5.format(892424792)
[02:41:44.928468] {Default Queue} wl_shm#5.format(808669761)
[02:41:44.928468] {Default Queue} wl_shm#5.format(808669784)
[02:41:44.928469] {Default Queue} wl_shm#5.format(808665665)
[02:41:44.928469] {Default Queue} wl_shm#5.format(808665688)
[02:41:44.928470] {Default Queue} wl_shm#5.format(942948929)
[02:41:44.928470] {Default Queue} wl_shm#5.format(942948952)
[02:41:44.928470] {Default Queue} wl_shm#5.format(1211384385)
[02:41:44.928471] {Default Queue} wl_shm#5.format(1211384408)
[02:41:44.928471] {Default Queue} wl_shm#5.format(1178092097)
[02:41:44.928472] {Default Queue} wp_color_representation_manager_v1#7.supported_alpha_mode(0)
[02:41:44.928473] {Default Queue} wp_color_representation_manager_v1#7.supported_coefficients_and_ranges(1, 1)
[02:41:44.928474] {Default Queue} wp_color_representation_manager_v1#7.supported_coefficients_and_ranges(2, 2)
[02:41:44.928475] {Default Queue} wp_color_representation_manager_v1#7.supported_coefficients_and_ranges(2, 1)
[02:41:44.928475] {Default Queue} wp_color_representation_manager_v1#7.supported_coefficients_and_ranges(4, 2)
[02:41:44.928476] {Default Queue} wp_color_representation_manager_v1#7.supported_coefficients_and_ranges(4, 1)
[02:41:44.928476] {Default Queue} wp_color_representation_manager_v1#7.supported_coefficients_and_ranges(6, 2)
[02:41:44.928477] {Default Queue} wp_color_representation_manager_v1#7.supported_coefficients_and_ranges(6, 1)
[02:41:44.928477] {Default Queue} wp_color_representation_manager_v1#7.done()
[02:41:44.928478] {Default Queue} discarded xdg_toplevel_icon_manager_v1#9.icon_size(32)
[02:41:44.928479] {Default Queue} discarded xdg_toplevel_icon_manager_v1#9.icon_size(64)
[02:41:44.928479] {Default Queue} discarded xdg_toplevel_icon_manager_v1#9.icon_size(128)
[02:41:44.928480] {Default Queue} discarded xdg_toplevel_icon_manager_v1#9.done()
[02:41:44.928480] {Default Queue} org_kde_kwin_server_decoration_manager#14.default_mode(1)
[02:41:44.928481] {Default Queue} zwp_linux_dmabuf_feedback_v1#21.main_device(array[8])
[02:41:44.928482] {Default Queue} zwp_linux_dmabuf_feedback_v1#21.format_table(fd 7, 3200)
[02:41:44.928486] {Default Queue} zwp_linux_dmabuf_feedback_v1#21.tranche_target_device(array[8])
[02:41:44.928487] {Default Queue} zwp_linux_dmabuf_feedback_v1#21.tranche_flags(0)
[02:41:44.928487] {Default Queue} zwp_linux_dmabuf_feedback_v1#21.tranche_formats(array[400])
[02:41:44.928497] {Default Queue} zwp_linux_dmabuf_feedback_v1#21.tranche_done()
[02:41:44.928498] {Default Queue} zwp_linux_dmabuf_feedback_v1#21.done()
[02:41:44.928499] {Default Queue} wl_callback#22.done(5)
[02:41:44.928500] {Default Queue} discarded wp_presentation#23.clock_id(1)
[02:41:44.928500] {Default Queue} wl_callback#25.done(5)
[02:41:44.928501] {Default Queue} wl_output#31.geometry(0, 0, 0, 0, 0, "Unknown", "Unknown", 0)
[02:41:44.928504] {Default Queue} wl_output#31.mode(1, 1280, 720, 0)
[02:41:44.928505] {Default Queue} wl_output#31.scale(1)
[02:41:44.928506] {Default Queue} wl_output#31.name("HEADLESS-2")
[02:41:44.928507] {Default Queue} wl_output#31.description("Headless output 2")
[02:41:44.928508] {Default Queue} wl_output#31.done()
[02:41:44.928509] {Default Queue} zxdg_output_v1#32.name("HEADLESS-2")
[02:41:44.928509] {Default Queue} zxdg_output_v1#32.description("Headless output 2")
[02:41:44.928510] {Default Queue} zxdg_output_v1#32.logical_position(0, 0)
[02:41:44.928511] {Default Queue} zxdg_output_v1#32.logical_size(1280, 720)
[02:41:44.928511] {Default Queue} wl_output#31.done()
[02:41:44.928512] {Default Queue} wl_callback#33.done(5)
[02:41:44.928513] {Default Queue} wl_output#34.geometry(0, 0, 0, 0, 0, "Unknown", "Unknown", 0)
[02:41:44.928514] {Default Queue} wl_output#34.mode(1, 1280, 720, 0)
[02:41:44.928515] {Default Queue} wl_output#34.scale(1)
[02:41:44.928516] {Default Queue} wl_output#34.name("HEADLESS-1")
[02:41:44.928516] {Default Queue} wl_output#34.description("Headless output 1")
[02:41:44.928517] {Default Queue} wl_output#34.done()
[02:41:44.928517] {Default Queue} zxdg_output_v1#35.name("HEADLESS-1")
[02:41:44.928518] {Default Queue} zxdg_output_v1#35.description("Headless output 1")
[02:41:44.928518] {Default Queue} zxdg_output_v1#35.logical_position(1280, 0)
[02:41:44.928519] {Default Queue} zxdg_output_v1#35.logical_size(1280, 720)
[02:41:44.928520] {Default Queue} wl_output#34.done()
[02:41:44.928520] {Default Queue} wl_callback#36.done(5)
[02:41:44.928521] {Default Queue} wl_seat#3.name("default")
[02:41:44.928522] {Default Queue} wl_seat#3.capabilities(0)
[02:41:44.928523] {Default Queue} wl_callback#43.done(5)
[02:41:44.928524] {Default Queue}  -> wl_registry#2.bind(19, "xdg_wm_base", 7, new id [unknown]#43)
[02:41:44.938418] {Default Queue}  -> wl_display#1.get_registry(new id wl_registry#36)
[02:41:44.938424] {Default Queue}  -> wl_display#1.sync(new id wl_callback#33)
[02:41:44.938485] {Display Queue} wl_display#1.delete_id(33)
[02:41:44.938487] {Default Queue} wl_registry#36.global(1, "wl_compositor", 6)
[02:41:44.938489] {Default Queue} wl_registry#36.global(2, "wl_fixes", 1)
[02:41:44.938490] {Default Queue} wl_registry#36.global(3, "wp_security_context_manager_v1", 1)
[02:41:44.938491] {Default Queue} wl_registry#36.global(4, "wl_shm", 2)
[02:41:44.938491] {Default Queue} wl_registry#36.global(5, "wp_single_pixel_buffer_manager_v1", 1)
[02:41:44.938492] {Default Queue} wl_registry#36.global(6, "wp_alpha_modifier_v1", 1)
[02:41:44.938493] {Default Queue} wl_registry#36.global(7, "wp_color_representation_manager_v1", 1)
[02:41:44.938494] {Default Queue} wl_registry#36.global(8, "wp_content_type_manager_v1", 1)
[02:41:44.938495] {Default Queue} wl_registry#36.global(9, "wp_fifo_manager_v1", 1)
[02:41:44.938496] {Default Queue} wl_registry#36.global(10, "wp_commit_timing_manager_v1", 1)
[02:41:44.938496] {Default Queue} wl_registry#36.global(11, "xdg_wm_dialog_v1", 1)
[02:41:44.938497] {Default Queue} wl_registry#36.global(12, "xdg_toplevel_drag_manager_v1", 1)
[02:41:44.938497] {Default Queue} wl_registry#36.global(13, "xdg_toplevel_icon_manager_v1", 1)
[02:41:44.938498] {Default Queue} wl_registry#36.global(14, "xdg_toplevel_tag_manager_v1", 1)
[02:41:44.938499] {Default Queue} wl_registry#36.global(15, "wp_viewporter", 1)
[02:41:44.938499] {Default Queue} wl_registry#36.global(16, "wp_fractional_scale_manager_v1", 1)
[02:41:44.938500] {Default Queue} wl_registry#36.global(17, "wl_subcompositor", 1)
[02:41:44.938500] {Default Queue} wl_registry#36.global(18, "wp_cursor_shape_manager_v1", 2)
[02:41:44.938501] {Default Queue} wl_registry#36.global(19, "xdg_wm_base", 7)
[02:41:44.938502] {Default Queue} wl_registry#36.global(20, "zxdg_decoration_manager_v1", 1)
[02:41:44.938503] {Default Queue} wl_registry#36.global(21, "org_kde_kwin_server_decoration_manager", 1)
[02:41:44.938503] {Default Queue} wl_registry#36.global(22, "xdg_activation_v1", 1)
[02:41:44.938504] {Default Queue} wl_registry#36.global(23, "zxdg_exporter_v2", 1)
[02:41:44.938505] {Default Queue} wl_registry#36.global(24, "zxdg_importer_v2", 1)
[02:41:44.938505] {Default Queue} wl_registry#36.global(25, "wl_data_device_manager", 3)
[02:41:44.938506] {Default Queue} wl_registry#36.global(26, "zwp_primary_selection_device_manager_v1", 1)
[02:41:44.938507] {Default Queue} wl_registry#36.global(27, "ext_data_control_manager_v1", 1)
[02:41:44.938507] {Default Queue} wl_registry#36.global(28, "zwlr_data_control_manager_v1", 2)
[02:41:44.938508] {Default Queue} wl_registry#36.global(29, "zwlr_export_dmabuf_manager_v1", 1)
[02:41:44.938508] {Default Queue} wl_registry#36.global(30, "zwlr_screencopy_manager_v1", 3)
[02:41:44.938509] {Default Queue} wl_registry#36.global(31, "ext_image_copy_capture_manager_v1", 1)
[02:41:44.938510] {Default Queue} wl_registry#36.global(32, "aqueous_capture_color_manager_v1", 1)
[02:41:44.938510] {Default Queue} wl_registry#36.global(33, "ext_output_image_capture_source_manager_v1", 1)
[02:41:44.938511] {Default Queue} wl_registry#36.global(34, "zwlr_foreign_toplevel_manager_v1", 3)
[02:41:44.938511] {Default Queue} wl_registry#36.global(35, "ext_foreign_toplevel_list_v1", 1)
[02:41:44.938512] {Default Queue} wl_registry#36.global(36, "ext_foreign_toplevel_image_capture_source_manager_v1", 1)
[02:41:44.938513] {Default Queue} wl_registry#36.global(37, "wp_tearing_control_manager_v1", 1)
[02:41:44.938513] {Default Queue} wl_registry#36.global(38, "zwp_linux_dmabuf_v1", 5)
[02:41:44.938514] {Default Queue} wl_registry#36.global(39, "wp_linux_drm_syncobj_manager_v1", 1)
[02:41:44.938515] {Default Queue} wl_registry#36.global(40, "wp_color_manager_v1", 3)
[02:41:44.938515] {Default Queue} wl_registry#36.global(41, "aqueous_window_manager_v1", 10)
[02:41:44.938516] {Default Queue} wl_registry#36.global(42, "ext_workspace_manager_v1", 1)
[02:41:44.938516] {Default Queue} wl_registry#36.global(43, "aqueous_window_info_manager_v1", 8)
[02:41:44.938517] {Default Queue} wl_registry#36.global(44, "aqueous_xkb_bindings_v1", 3)
[02:41:44.938518] {Default Queue} wl_registry#36.global(45, "aqueous_layer_shell_v1", 1)
[02:41:44.938518] {Default Queue} wl_registry#36.global(46, "zwlr_layer_shell_v1", 4)
[02:41:44.938519] {Default Queue}  -> wl_registry#36.bind(46, "zwlr_layer_shell_v1", 4, new id [unknown]#25)
[02:41:44.938520] {Default Queue} wl_registry#36.global(47, "zwlr_gamma_control_manager_v1", 1)
[02:41:44.938521] {Default Queue} wl_registry#36.global(48, "wp_presentation", 2)
[02:41:44.938522] {Default Queue} wl_registry#36.global(49, "zxdg_output_manager_v1", 3)
[02:41:44.938522] {Default Queue} wl_registry#36.global(50, "zwlr_output_manager_v1", 4)
[02:41:44.938523] {Default Queue} wl_registry#36.global(51, "zwlr_output_power_manager_v1", 1)
[02:41:44.938524] {Default Queue} wl_registry#36.global(52, "aqueous_input_manager_v1", 2)
[02:41:44.938524] {Default Queue} wl_registry#36.global(53, "ext_idle_notifier_v1", 2)
[02:41:44.938525] {Default Queue} wl_registry#36.global(54, "zwp_relative_pointer_manager_v1", 1)
[02:41:44.938526] {Default Queue} wl_registry#36.global(55, "zwp_pointer_gestures_v1", 3)
[02:41:44.938526] {Default Queue} wl_registry#36.global(56, "zwlr_virtual_pointer_manager_v1", 2)
[02:41:44.938527] {Default Queue} wl_registry#36.global(57, "zwp_virtual_keyboard_manager_v1", 1)
[02:41:44.938528] {Default Queue} wl_registry#36.global(58, "zwp_pointer_constraints_v1", 1)
[02:41:44.938528] {Default Queue} wl_registry#36.global(59, "zwp_input_method_manager_v2", 1)
[02:41:44.938529] {Default Queue} wl_registry#36.global(60, "zwp_text_input_manager_v3", 1)
[02:41:44.938529] {Default Queue} wl_registry#36.global(61, "zwp_tablet_manager_v2", 1)
[02:41:44.938530] {Default Queue} wl_registry#36.global(62, "wp_pointer_warp_v1", 1)
[02:41:44.938531] {Default Queue} wl_registry#36.global(63, "wl_seat", 9)
[02:41:44.938531] {Default Queue} wl_registry#36.global(64, "aqueous_libinput_config_v1", 2)
[02:41:44.938532] {Default Queue} wl_registry#36.global(65, "aqueous_xkb_config_v1", 2)
[02:41:44.938532] {Default Queue} wl_registry#36.global(66, "zwp_idle_inhibit_manager_v1", 1)
[02:41:44.938533] {Default Queue} wl_registry#36.global(67, "ext_session_lock_manager_v1", 1)
[02:41:44.938534] {Default Queue} wl_registry#36.global(68, "aqueous_shell_manager_v1", 2)
[02:41:44.938534] {Default Queue} wl_registry#36.global(69, "zwp_keyboard_shortcuts_inhibit_manager_v1", 1)
[02:41:44.938535] {Default Queue} wl_registry#36.global(70, "ext_background_effect_manager_v1", 1)
[02:41:44.938536] {Default Queue} wl_registry#36.global(71, "xdg_system_bell_v1", 1)
[02:41:44.938536] {Default Queue} wl_registry#36.global(72, "wl_output", 4)
[02:41:44.938537] {Default Queue} wl_registry#36.global(73, "wl_output", 4)
[02:41:44.938538] {Default Queue} wl_callback#33.done(6)
[02:41:44.938539] {Default Queue}  -> wl_display#1.get_registry(new id wl_registry#33)
[02:41:44.938540] {Default Queue}  -> wl_display#1.get_registry(new id wl_registry#22)
[02:41:44.938542] {Default Queue}  -> wl_display#1.get_registry(new id wl_registry#44)
[02:41:44.938671] {Default Queue}  -> wl_display#1.get_registry(new id wl_registry#45)
[02:41:44.938674] {Default Queue}  -> wl_display#1.get_registry(new id wl_registry#46)
[02:41:44.939113] {Default Queue}  -> wl_display#1.get_registry(new id wl_registry#47)
[02:41:44.939115] {Default Queue}  -> wl_display#1.sync(new id wl_callback#48)
[02:41:44.939151] {Default Queue} wl_registry#33.global(1, "wl_compositor", 6)
[02:41:44.939154] {Default Queue}  -> wl_registry#33.bind(1, "wl_compositor", 6, new id [unknown]#49)
[02:41:44.939156] {Default Queue} wl_registry#33.global(2, "wl_fixes", 1)
[02:41:44.939157] {Default Queue} wl_registry#33.global(3, "wp_security_context_manager_v1", 1)
[02:41:44.939157] {Default Queue} wl_registry#33.global(4, "wl_shm", 2)
[02:41:44.939158] {Default Queue} wl_registry#33.global(5, "wp_single_pixel_buffer_manager_v1", 1)
[02:41:44.939159] {Default Queue} wl_registry#33.global(6, "wp_alpha_modifier_v1", 1)
[02:41:44.939159] {Default Queue} wl_registry#33.global(7, "wp_color_representation_manager_v1", 1)
[02:41:44.939160] {Default Queue} wl_registry#33.global(8, "wp_content_type_manager_v1", 1)
[02:41:44.939160] {Default Queue} wl_registry#33.global(9, "wp_fifo_manager_v1", 1)
[02:41:44.939161] {Default Queue} wl_registry#33.global(10, "wp_commit_timing_manager_v1", 1)
[02:41:44.939161] {Default Queue} wl_registry#33.global(11, "xdg_wm_dialog_v1", 1)
[02:41:44.939166] {Default Queue} wl_registry#33.global(12, "xdg_toplevel_drag_manager_v1", 1)
[02:41:44.939166] {Default Queue} wl_registry#33.global(13, "xdg_toplevel_icon_manager_v1", 1)
[02:41:44.939167] {Default Queue} wl_registry#33.global(14, "xdg_toplevel_tag_manager_v1", 1)
[02:41:44.939168] {Default Queue} wl_registry#33.global(15, "wp_viewporter", 1)
[02:41:44.939168] {Default Queue} wl_registry#33.global(16, "wp_fractional_scale_manager_v1", 1)
[02:41:44.939169] {Default Queue} wl_registry#33.global(17, "wl_subcompositor", 1)
[02:41:44.939169] {Default Queue} wl_registry#33.global(18, "wp_cursor_shape_manager_v1", 2)
[02:41:44.939170] {Default Queue} wl_registry#33.global(19, "xdg_wm_base", 7)
[02:41:44.939171] {Default Queue} wl_registry#33.global(20, "zxdg_decoration_manager_v1", 1)
[02:41:44.939171] {Default Queue} wl_registry#33.global(21, "org_kde_kwin_server_decoration_manager", 1)
[02:41:44.939172] {Default Queue} wl_registry#33.global(22, "xdg_activation_v1", 1)
[02:41:44.939172] {Default Queue} wl_registry#33.global(23, "zxdg_exporter_v2", 1)
[02:41:44.939173] {Default Queue} wl_registry#33.global(24, "zxdg_importer_v2", 1)
[02:41:44.939173] {Default Queue} wl_registry#33.global(25, "wl_data_device_manager", 3)
[02:41:44.939174] {Default Queue} wl_registry#33.global(26, "zwp_primary_selection_device_manager_v1", 1)
[02:41:44.939175] {Default Queue} wl_registry#33.global(27, "ext_data_control_manager_v1", 1)
[02:41:44.939175] {Default Queue} wl_registry#33.global(28, "zwlr_data_control_manager_v1", 2)
[02:41:44.939176] {Default Queue} wl_registry#33.global(29, "zwlr_export_dmabuf_manager_v1", 1)
[02:41:44.939176] {Default Queue} wl_registry#33.global(30, "zwlr_screencopy_manager_v1", 3)
[02:41:44.939177] {Default Queue} wl_registry#33.global(31, "ext_image_copy_capture_manager_v1", 1)
[02:41:44.939177] {Default Queue} wl_registry#33.global(32, "aqueous_capture_color_manager_v1", 1)
[02:41:44.939178] {Default Queue} wl_registry#33.global(33, "ext_output_image_capture_source_manager_v1", 1)
[02:41:44.939179] {Default Queue} wl_registry#33.global(34, "zwlr_foreign_toplevel_manager_v1", 3)
[02:41:44.939179] {Default Queue} wl_registry#33.global(35, "ext_foreign_toplevel_list_v1", 1)
[02:41:44.939180] {Default Queue} wl_registry#33.global(36, "ext_foreign_toplevel_image_capture_source_manager_v1", 1)
[02:41:44.939181] {Default Queue} wl_registry#33.global(37, "wp_tearing_control_manager_v1", 1)
[02:41:44.939181] {Default Queue} wl_registry#33.global(38, "zwp_linux_dmabuf_v1", 5)
[02:41:44.939182] {Default Queue} wl_registry#33.global(39, "wp_linux_drm_syncobj_manager_v1", 1)
[02:41:44.939182] {Default Queue} wl_registry#33.global(40, "wp_color_manager_v1", 3)
[02:41:44.939183] {Default Queue} wl_registry#33.global(41, "aqueous_window_manager_v1", 10)
[02:41:44.939184] {Default Queue} wl_registry#33.global(42, "ext_workspace_manager_v1", 1)
[02:41:44.939184] {Default Queue} wl_registry#33.global(43, "aqueous_window_info_manager_v1", 8)
[02:41:44.939185] {Default Queue} wl_registry#33.global(44, "aqueous_xkb_bindings_v1", 3)
[02:41:44.939186] {Default Queue} wl_registry#33.global(45, "aqueous_layer_shell_v1", 1)
[02:41:44.939186] {Default Queue} wl_registry#33.global(46, "zwlr_layer_shell_v1", 4)
[02:41:44.939187] {Default Queue} wl_registry#33.global(47, "zwlr_gamma_control_manager_v1", 1)
[02:41:44.939187] {Default Queue} wl_registry#33.global(48, "wp_presentation", 2)
[02:41:44.939188] {Default Queue} wl_registry#33.global(49, "zxdg_output_manager_v1", 3)
[02:41:44.939188] {Default Queue} wl_registry#33.global(50, "zwlr_output_manager_v1", 4)
[02:41:44.939189] {Default Queue} wl_registry#33.global(51, "zwlr_output_power_manager_v1", 1)
[02:41:44.939189] {Default Queue} wl_registry#33.global(52, "aqueous_input_manager_v1", 2)
[02:41:44.939190] {Default Queue} wl_registry#33.global(53, "ext_idle_notifier_v1", 2)
[02:41:44.939191] {Default Queue} wl_registry#33.global(54, "zwp_relative_pointer_manager_v1", 1)
[02:41:44.939191] {Default Queue} wl_registry#33.global(55, "zwp_pointer_gestures_v1", 3)
[02:41:44.939192] {Default Queue} wl_registry#33.global(56, "zwlr_virtual_pointer_manager_v1", 2)
[02:41:44.939193] {Default Queue} wl_registry#33.global(57, "zwp_virtual_keyboard_manager_v1", 1)
[02:41:44.939193] {Default Queue} wl_registry#33.global(58, "zwp_pointer_constraints_v1", 1)
[02:41:44.939194] {Default Queue} wl_registry#33.global(59, "zwp_input_method_manager_v2", 1)
[02:41:44.939194] {Default Queue} wl_registry#33.global(60, "zwp_text_input_manager_v3", 1)
[02:41:44.939195] {Default Queue} wl_registry#33.global(61, "zwp_tablet_manager_v2", 1)
[02:41:44.939195] {Default Queue} wl_registry#33.global(62, "wp_pointer_warp_v1", 1)
[02:41:44.939196] {Default Queue} wl_registry#33.global(63, "wl_seat", 9)
[02:41:44.939197] {Default Queue} wl_registry#33.global(64, "aqueous_libinput_config_v1", 2)
[02:41:44.939197] {Default Queue} wl_registry#33.global(65, "aqueous_xkb_config_v1", 2)
[02:41:44.939198] {Default Queue} wl_registry#33.global(66, "zwp_idle_inhibit_manager_v1", 1)
[02:41:44.939198] {Default Queue} wl_registry#33.global(67, "ext_session_lock_manager_v1", 1)
[02:41:44.939199] {Default Queue} wl_registry#33.global(68, "aqueous_shell_manager_v1", 2)
[02:41:44.939200] {Default Queue}  -> wl_registry#33.bind(68, "aqueous_shell_manager_v1", 2, new id [unknown]#50)
[02:41:44.939201] {Default Queue} wl_registry#33.global(69, "zwp_keyboard_shortcuts_inhibit_manager_v1", 1)
[02:41:44.939202] {Default Queue} wl_registry#33.global(70, "ext_background_effect_manager_v1", 1)
[02:41:44.939202] {Default Queue}  -> wl_registry#33.bind(70, "ext_background_effect_manager_v1", 1, new id [unknown]#51)
[02:41:44.939204] {Default Queue} wl_registry#33.global(71, "xdg_system_bell_v1", 1)
[02:41:44.939204] {Default Queue} wl_registry#33.global(72, "wl_output", 4)
[02:41:44.939205] {Default Queue} wl_registry#33.global(73, "wl_output", 4)
[02:41:44.939206] {Default Queue} discarded wl_registry#22.global(1, "wl_compositor", 6)
[02:41:44.939206] {Default Queue} discarded wl_registry#22.global(2, "wl_fixes", 1)
[02:41:44.939207] {Default Queue} discarded wl_registry#22.global(3, "wp_security_context_manager_v1", 1)
[02:41:44.939208] {Default Queue} discarded wl_registry#22.global(4, "wl_shm", 2)
[02:41:44.939208] {Default Queue} discarded wl_registry#22.global(5, "wp_single_pixel_buffer_manager_v1", 1)
[02:41:44.939209] {Default Queue} discarded wl_registry#22.global(6, "wp_alpha_modifier_v1", 1)
[02:41:44.939209] {Default Queue} discarded wl_registry#22.global(7, "wp_color_representation_manager_v1", 1)
[02:41:44.939210] {Default Queue} discarded wl_registry#22.global(8, "wp_content_type_manager_v1", 1)
[02:41:44.939210] {Default Queue} discarded wl_registry#22.global(9, "wp_fifo_manager_v1", 1)
[02:41:44.939211] {Default Queue} discarded wl_registry#22.global(10, "wp_commit_timing_manager_v1", 1)
[02:41:44.939211] {Default Queue} discarded wl_registry#22.global(11, "xdg_wm_dialog_v1", 1)
[02:41:44.939212] {Default Queue} discarded wl_registry#22.global(12, "xdg_toplevel_drag_manager_v1", 1)
[02:41:44.939212] {Default Queue} discarded wl_registry#22.global(13, "xdg_toplevel_icon_manager_v1", 1)
[02:41:44.939213] {Default Queue} discarded wl_registry#22.global(14, "xdg_toplevel_tag_manager_v1", 1)
[02:41:44.939213] {Default Queue} discarded wl_registry#22.global(15, "wp_viewporter", 1)
[02:41:44.939214] {Default Queue} discarded wl_registry#22.global(16, "wp_fractional_scale_manager_v1", 1)
[02:41:44.939214] {Default Queue} discarded wl_registry#22.global(17, "wl_subcompositor", 1)
[02:41:44.939215] {Default Queue} discarded wl_registry#22.global(18, "wp_cursor_shape_manager_v1", 2)
[02:41:44.939216] {Default Queue} discarded wl_registry#22.global(19, "xdg_wm_base", 7)
[02:41:44.939216] {Default Queue} discarded wl_registry#22.global(20, "zxdg_decoration_manager_v1", 1)
[02:41:44.939217] {Default Queue} discarded wl_registry#22.global(21, "org_kde_kwin_server_decoration_manager", 1)
[02:41:44.939217] {Default Queue} discarded wl_registry#22.global(22, "xdg_activation_v1", 1)
[02:41:44.939218] {Default Queue} discarded wl_registry#22.global(23, "zxdg_exporter_v2", 1)
[02:41:44.939218] {Default Queue} discarded wl_registry#22.global(24, "zxdg_importer_v2", 1)
[02:41:44.939219] {Default Queue} discarded wl_registry#22.global(25, "wl_data_device_manager", 3)
[02:41:44.939219] {Default Queue} discarded wl_registry#22.global(26, "zwp_primary_selection_device_manager_v1", 1)
[02:41:44.939220] {Default Queue} discarded wl_registry#22.global(27, "ext_data_control_manager_v1", 1)
[02:41:44.939220] {Default Queue} discarded wl_registry#22.global(28, "zwlr_data_control_manager_v1", 2)
[02:41:44.939221] {Default Queue} discarded wl_registry#22.global(29, "zwlr_export_dmabuf_manager_v1", 1)
[02:41:44.939221] {Default Queue} discarded wl_registry#22.global(30, "zwlr_screencopy_manager_v1", 3)
[02:41:44.939222] {Default Queue} discarded wl_registry#22.global(31, "ext_image_copy_capture_manager_v1", 1)
[02:41:44.939222] {Default Queue} discarded wl_registry#22.global(32, "aqueous_capture_color_manager_v1", 1)
[02:41:44.939223] {Default Queue} discarded wl_registry#22.global(33, "ext_output_image_capture_source_manager_v1", 1)
[02:41:44.939224] {Default Queue} discarded wl_registry#22.global(34, "zwlr_foreign_toplevel_manager_v1", 3)
[02:41:44.939224] {Default Queue} discarded wl_registry#22.global(35, "ext_foreign_toplevel_list_v1", 1)
[02:41:44.939225] {Default Queue} discarded wl_registry#22.global(36, "ext_foreign_toplevel_image_capture_source_manager_v1", 1)
[02:41:44.939226] {Default Queue} discarded wl_registry#22.global(37, "wp_tearing_control_manager_v1", 1)
[02:41:44.939226] {Default Queue} discarded wl_registry#22.global(38, "zwp_linux_dmabuf_v1", 5)
[02:41:44.939227] {Default Queue} discarded wl_registry#22.global(39, "wp_linux_drm_syncobj_manager_v1", 1)
[02:41:44.939227] {Default Queue} discarded wl_registry#22.global(40, "wp_color_manager_v1", 3)
[02:41:44.939228] {Default Queue} discarded wl_registry#22.global(41, "aqueous_window_manager_v1", 10)
[02:41:44.939228] {Default Queue} discarded wl_registry#22.global(42, "ext_workspace_manager_v1", 1)
[02:41:44.939229] {Default Queue} discarded wl_registry#22.global(43, "aqueous_window_info_manager_v1", 8)
[02:41:44.939229] {Default Queue} discarded wl_registry#22.global(44, "aqueous_xkb_bindings_v1", 3)
[02:41:44.939230] {Default Queue} discarded wl_registry#22.global(45, "aqueous_layer_shell_v1", 1)
[02:41:44.939230] {Default Queue} discarded wl_registry#22.global(46, "zwlr_layer_shell_v1", 4)
[02:41:44.939231] {Default Queue} discarded wl_registry#22.global(47, "zwlr_gamma_control_manager_v1", 1)
[02:41:44.939231] {Default Queue} discarded wl_registry#22.global(48, "wp_presentation", 2)
[02:41:44.939232] {Default Queue} discarded wl_registry#22.global(49, "zxdg_output_manager_v1", 3)
[02:41:44.939233] {Default Queue} discarded wl_registry#22.global(50, "zwlr_output_manager_v1", 4)
[02:41:44.939233] {Default Queue} discarded wl_registry#22.global(51, "zwlr_output_power_manager_v1", 1)
[02:41:44.939234] {Default Queue} discarded wl_registry#22.global(52, "aqueous_input_manager_v1", 2)
[02:41:44.939234] {Default Queue} discarded wl_registry#22.global(53, "ext_idle_notifier_v1", 2)
[02:41:44.939235] {Default Queue} discarded wl_registry#22.global(54, "zwp_relative_pointer_manager_v1", 1)
[02:41:44.939235] {Default Queue} discarded wl_registry#22.global(55, "zwp_pointer_gestures_v1", 3)
[02:41:44.939236] {Default Queue} discarded wl_registry#22.global(56, "zwlr_virtual_pointer_manager_v1", 2)
[02:41:44.939236] {Default Queue} discarded wl_registry#22.global(57, "zwp_virtual_keyboard_manager_v1", 1)
[02:41:44.939237] {Default Queue} discarded wl_registry#22.global(58, "zwp_pointer_constraints_v1", 1)
[02:41:44.939237] {Default Queue} discarded wl_registry#22.global(59, "zwp_input_method_manager_v2", 1)
[02:41:44.939238] {Default Queue} discarded wl_registry#22.global(60, "zwp_text_input_manager_v3", 1)
[02:41:44.939238] {Default Queue} discarded wl_registry#22.global(61, "zwp_tablet_manager_v2", 1)
[02:41:44.939239] {Default Queue} discarded wl_registry#22.global(62, "wp_pointer_warp_v1", 1)
[02:41:44.939239] {Default Queue} discarded wl_registry#22.global(63, "wl_seat", 9)
[02:41:44.939240] {Default Queue} discarded wl_registry#22.global(64, "aqueous_libinput_config_v1", 2)
[02:41:44.939240] {Default Queue} discarded wl_registry#22.global(65, "aqueous_xkb_config_v1", 2)
[02:41:44.939241] {Default Queue} discarded wl_registry#22.global(66, "zwp_idle_inhibit_manager_v1", 1)
[02:41:44.939241] {Default Queue} discarded wl_registry#22.global(67, "ext_session_lock_manager_v1", 1)
[02:41:44.939242] {Default Queue} discarded wl_registry#22.global(68, "aqueous_shell_manager_v1", 2)
[02:41:44.939242] {Default Queue} discarded wl_registry#22.global(69, "zwp_keyboard_shortcuts_inhibit_manager_v1", 1)
[02:41:44.939243] {Default Queue} discarded wl_registry#22.global(70, "ext_background_effect_manager_v1", 1)
[02:41:44.939244] {Default Queue} discarded wl_registry#22.global(71, "xdg_system_bell_v1", 1)
[02:41:44.939244] {Default Queue} discarded wl_registry#22.global(72, "wl_output", 4)
[02:41:44.939245] {Default Queue} discarded wl_registry#22.global(73, "wl_output", 4)
[02:41:44.939245] {Default Queue} wl_registry#44.global(1, "wl_compositor", 6)
[02:41:44.939246] {Default Queue} wl_registry#44.global(2, "wl_fixes", 1)
[02:41:44.939247] {Default Queue} wl_registry#44.global(3, "wp_security_context_manager_v1", 1)
[02:41:44.939247] {Default Queue} wl_registry#44.global(4, "wl_shm", 2)
[02:41:44.939248] {Default Queue} wl_registry#44.global(5, "wp_single_pixel_buffer_manager_v1", 1)
[02:41:44.939248] {Default Queue} wl_registry#44.global(6, "wp_alpha_modifier_v1", 1)
[02:41:44.939249] {Default Queue} wl_registry#44.global(7, "wp_color_representation_manager_v1", 1)
[02:41:44.939249] {Default Queue} wl_registry#44.global(8, "wp_content_type_manager_v1", 1)
[02:41:44.939250] {Default Queue} wl_registry#44.global(9, "wp_fifo_manager_v1", 1)
[02:41:44.939250] {Default Queue} wl_registry#44.global(10, "wp_commit_timing_manager_v1", 1)
[02:41:44.939251] {Default Queue} wl_registry#44.global(11, "xdg_wm_dialog_v1", 1)
[02:41:44.939252] {Default Queue} wl_registry#44.global(12, "xdg_toplevel_drag_manager_v1", 1)
[02:41:44.939252] {Default Queue} wl_registry#44.global(13, "xdg_toplevel_icon_manager_v1", 1)
[02:41:44.939253] {Default Queue} wl_registry#44.global(14, "xdg_toplevel_tag_manager_v1", 1)
[02:41:44.939253] {Default Queue} wl_registry#44.global(15, "wp_viewporter", 1)
[02:41:44.939254] {Default Queue} wl_registry#44.global(16, "wp_fractional_scale_manager_v1", 1)
[02:41:44.939254] {Default Queue} wl_registry#44.global(17, "wl_subcompositor", 1)
[02:41:44.939255] {Default Queue} wl_registry#44.global(18, "wp_cursor_shape_manager_v1", 2)
[02:41:44.939255] {Default Queue} wl_registry#44.global(19, "xdg_wm_base", 7)
[02:41:44.939256] {Default Queue} wl_registry#44.global(20, "zxdg_decoration_manager_v1", 1)
[02:41:44.939256] {Default Queue} wl_registry#44.global(21, "org_kde_kwin_server_decoration_manager", 1)
[02:41:44.939257] {Default Queue} wl_registry#44.global(22, "xdg_activation_v1", 1)
[02:41:44.939258] {Default Queue} wl_registry#44.global(23, "zxdg_exporter_v2", 1)
[02:41:44.939258] {Default Queue} wl_registry#44.global(24, "zxdg_importer_v2", 1)
[02:41:44.939259] {Default Queue} wl_registry#44.global(25, "wl_data_device_manager", 3)
[02:41:44.939259] {Default Queue} wl_registry#44.global(26, "zwp_primary_selection_device_manager_v1", 1)
[02:41:44.939260] {Default Queue} wl_registry#44.global(27, "ext_data_control_manager_v1", 1)
[02:41:44.939260] {Default Queue} wl_registry#44.global(28, "zwlr_data_control_manager_v1", 2)
[02:41:44.939261] {Default Queue} wl_registry#44.global(29, "zwlr_export_dmabuf_manager_v1", 1)
[02:41:44.939261] {Default Queue} wl_registry#44.global(30, "zwlr_screencopy_manager_v1", 3)
[02:41:44.939262] {Default Queue} wl_registry#44.global(31, "ext_image_copy_capture_manager_v1", 1)
[02:41:44.939262] {Default Queue} wl_registry#44.global(32, "aqueous_capture_color_manager_v1", 1)
[02:41:44.939263] {Default Queue} wl_registry#44.global(33, "ext_output_image_capture_source_manager_v1", 1)
[02:41:44.939263] {Default Queue} wl_registry#44.global(34, "zwlr_foreign_toplevel_manager_v1", 3)
[02:41:44.939264] {Default Queue} wl_registry#44.global(35, "ext_foreign_toplevel_list_v1", 1)
[02:41:44.939264] {Default Queue} wl_registry#44.global(36, "ext_foreign_toplevel_image_capture_source_manager_v1", 1)
[02:41:44.939265] {Default Queue} wl_registry#44.global(37, "wp_tearing_control_manager_v1", 1)
[02:41:44.939266] {Default Queue} wl_registry#44.global(38, "zwp_linux_dmabuf_v1", 5)
[02:41:44.939266] {Default Queue} wl_registry#44.global(39, "wp_linux_drm_syncobj_manager_v1", 1)
[02:41:44.939267] {Default Queue} wl_registry#44.global(40, "wp_color_manager_v1", 3)
[02:41:44.939267] {Default Queue} wl_registry#44.global(41, "aqueous_window_manager_v1", 10)
[02:41:44.939268] {Default Queue} wl_registry#44.global(42, "ext_workspace_manager_v1", 1)
[02:41:44.939268] {Default Queue} wl_registry#44.global(43, "aqueous_window_info_manager_v1", 8)
[02:41:44.939269] {Default Queue} wl_registry#44.global(44, "aqueous_xkb_bindings_v1", 3)
[02:41:44.939269] {Default Queue} wl_registry#44.global(45, "aqueous_layer_shell_v1", 1)
[02:41:44.939270] {Default Queue} wl_registry#44.global(46, "zwlr_layer_shell_v1", 4)
[02:41:44.939271] {Default Queue} wl_registry#44.global(47, "zwlr_gamma_control_manager_v1", 1)
[02:41:44.939271] {Default Queue} wl_registry#44.global(48, "wp_presentation", 2)
[02:41:44.939272] {Default Queue} wl_registry#44.global(49, "zxdg_output_manager_v1", 3)
[02:41:44.939272] {Default Queue} wl_registry#44.global(50, "zwlr_output_manager_v1", 4)
[02:41:44.939273] {Default Queue} wl_registry#44.global(51, "zwlr_output_power_manager_v1", 1)
[02:41:44.939273] {Default Queue} wl_registry#44.global(52, "aqueous_input_manager_v1", 2)
[02:41:44.939274] {Default Queue} wl_registry#44.global(53, "ext_idle_notifier_v1", 2)
[02:41:44.939275] {Default Queue} wl_registry#44.global(54, "zwp_relative_pointer_manager_v1", 1)
[02:41:44.939275] {Default Queue} wl_registry#44.global(55, "zwp_pointer_gestures_v1", 3)
[02:41:44.939276] {Default Queue} wl_registry#44.global(56, "zwlr_virtual_pointer_manager_v1", 2)
[02:41:44.939276] {Default Queue} wl_registry#44.global(57, "zwp_virtual_keyboard_manager_v1", 1)
[02:41:44.939277] {Default Queue} wl_registry#44.global(58, "zwp_pointer_constraints_v1", 1)
[02:41:44.939277] {Default Queue} wl_registry#44.global(59, "zwp_input_method_manager_v2", 1)
[02:41:44.939278] {Default Queue} wl_registry#44.global(60, "zwp_text_input_manager_v3", 1)
[02:41:44.939278] {Default Queue} wl_registry#44.global(61, "zwp_tablet_manager_v2", 1)
[02:41:44.939279] {Default Queue} wl_registry#44.global(62, "wp_pointer_warp_v1", 1)
[02:41:44.939279] {Default Queue} wl_registry#44.global(63, "wl_seat", 9)
[02:41:44.939280] {Default Queue} wl_registry#44.global(64, "aqueous_libinput_config_v1", 2)
[02:41:44.939280] {Default Queue} wl_registry#44.global(65, "aqueous_xkb_config_v1", 2)
[02:41:44.939281] {Default Queue} wl_registry#44.global(66, "zwp_idle_inhibit_manager_v1", 1)
[02:41:44.939281] {Default Queue} wl_registry#44.global(67, "ext_session_lock_manager_v1", 1)
[02:41:44.939282] {Default Queue} wl_registry#44.global(68, "aqueous_shell_manager_v1", 2)
[02:41:44.939283] {Default Queue} wl_registry#44.global(69, "zwp_keyboard_shortcuts_inhibit_manager_v1", 1)
[02:41:44.939283] {Default Queue} wl_registry#44.global(70, "ext_background_effect_manager_v1", 1)
[02:41:44.939284] {Default Queue} wl_registry#44.global(71, "xdg_system_bell_v1", 1)
[02:41:44.939284] {Default Queue} wl_registry#44.global(72, "wl_output", 4)
[02:41:44.939285] {Default Queue} wl_registry#44.global(73, "wl_output", 4)
[02:41:44.939285] {Default Queue} wl_registry#45.global(1, "wl_compositor", 6)
[02:41:44.939286] {Default Queue} wl_registry#45.global(2, "wl_fixes", 1)
[02:41:44.939286] {Default Queue} wl_registry#45.global(3, "wp_security_context_manager_v1", 1)
[02:41:44.939287] {Default Queue} wl_registry#45.global(4, "wl_shm", 2)
[02:41:44.939288] {Default Queue} wl_registry#45.global(5, "wp_single_pixel_buffer_manager_v1", 1)
[02:41:44.939288] {Default Queue} wl_registry#45.global(6, "wp_alpha_modifier_v1", 1)
[02:41:44.939289] {Default Queue} wl_registry#45.global(7, "wp_color_representation_manager_v1", 1)
[02:41:44.939289] {Default Queue} wl_registry#45.global(8, "wp_content_type_manager_v1", 1)
[02:41:44.939290] {Default Queue} wl_registry#45.global(9, "wp_fifo_manager_v1", 1)
[02:41:44.939290] {Default Queue} wl_registry#45.global(10, "wp_commit_timing_manager_v1", 1)
[02:41:44.939291] {Default Queue} wl_registry#45.global(11, "xdg_wm_dialog_v1", 1)
[02:41:44.939291] {Default Queue} wl_registry#45.global(12, "xdg_toplevel_drag_manager_v1", 1)
[02:41:44.939292] {Default Queue} wl_registry#45.global(13, "xdg_toplevel_icon_manager_v1", 1)
[02:41:44.939293] {Default Queue} wl_registry#45.global(14, "xdg_toplevel_tag_manager_v1", 1)
[02:41:44.939293] {Default Queue} wl_registry#45.global(15, "wp_viewporter", 1)
[02:41:44.939294] {Default Queue} wl_registry#45.global(16, "wp_fractional_scale_manager_v1", 1)
[02:41:44.939294] {Default Queue} wl_registry#45.global(17, "wl_subcompositor", 1)
[02:41:44.939295] {Default Queue} wl_registry#45.global(18, "wp_cursor_shape_manager_v1", 2)
[02:41:44.939295] {Default Queue} wl_registry#45.global(19, "xdg_wm_base", 7)
[02:41:44.939296] {Default Queue} wl_registry#45.global(20, "zxdg_decoration_manager_v1", 1)
[02:41:44.939296] {Default Queue} wl_registry#45.global(21, "org_kde_kwin_server_decoration_manager", 1)
[02:41:44.939297] {Default Queue} wl_registry#45.global(22, "xdg_activation_v1", 1)
[02:41:44.939297] {Default Queue} wl_registry#45.global(23, "zxdg_exporter_v2", 1)
[02:41:44.939298] {Default Queue} wl_registry#45.global(24, "zxdg_importer_v2", 1)
[02:41:44.939298] {Default Queue} wl_registry#45.global(25, "wl_data_device_manager", 3)
[02:41:44.939299] {Default Queue} wl_registry#45.global(26, "zwp_primary_selection_device_manager_v1", 1)
[02:41:44.939300] {Default Queue} wl_registry#45.global(27, "ext_data_control_manager_v1", 1)
[02:41:44.939300] {Default Queue} wl_registry#45.global(28, "zwlr_data_control_manager_v1", 2)
[02:41:44.939301] {Default Queue} wl_registry#45.global(29, "zwlr_export_dmabuf_manager_v1", 1)
[02:41:44.939301] {Default Queue} wl_registry#45.global(30, "zwlr_screencopy_manager_v1", 3)
[02:41:44.939302] {Default Queue} wl_registry#45.global(31, "ext_image_copy_capture_manager_v1", 1)
[02:41:44.939302] {Default Queue} wl_registry#45.global(32, "aqueous_capture_color_manager_v1", 1)
[02:41:44.939303] {Default Queue} wl_registry#45.global(33, "ext_output_image_capture_source_manager_v1", 1)
[02:41:44.939304] {Default Queue} wl_registry#45.global(34, "zwlr_foreign_toplevel_manager_v1", 3)
[02:41:44.939304] {Default Queue} wl_registry#45.global(35, "ext_foreign_toplevel_list_v1", 1)
[02:41:44.939305] {Default Queue} wl_registry#45.global(36, "ext_foreign_toplevel_image_capture_source_manager_v1", 1)
[02:41:44.939305] {Default Queue} wl_registry#45.global(37, "wp_tearing_control_manager_v1", 1)
[02:41:44.939306] {Default Queue} wl_registry#45.global(38, "zwp_linux_dmabuf_v1", 5)
[02:41:44.939306] {Default Queue} wl_registry#45.global(39, "wp_linux_drm_syncobj_manager_v1", 1)
[02:41:44.939307] {Default Queue} wl_registry#45.global(40, "wp_color_manager_v1", 3)
[02:41:44.939308] {Default Queue} wl_registry#45.global(41, "aqueous_window_manager_v1", 10)
[02:41:44.939308] {Default Queue} wl_registry#45.global(42, "ext_workspace_manager_v1", 1)
[02:41:44.939309] {Default Queue} wl_registry#45.global(43, "aqueous_window_info_manager_v1", 8)
[02:41:44.939309] {Default Queue} wl_registry#45.global(44, "aqueous_xkb_bindings_v1", 3)
[02:41:44.939310] {Default Queue} wl_registry#45.global(45, "aqueous_layer_shell_v1", 1)
[02:41:44.939310] {Default Queue} wl_registry#45.global(46, "zwlr_layer_shell_v1", 4)
[02:41:44.939311] {Default Queue} wl_registry#45.global(47, "zwlr_gamma_control_manager_v1", 1)
[02:41:44.939311] {Default Queue} wl_registry#45.global(48, "wp_presentation", 2)
[02:41:44.939312] {Default Queue} wl_registry#45.global(49, "zxdg_output_manager_v1", 3)
[02:41:44.939313] {Default Queue} wl_registry#45.global(50, "zwlr_output_manager_v1", 4)
[02:41:44.939313] {Default Queue} wl_registry#45.global(51, "zwlr_output_power_manager_v1", 1)
[02:41:44.939314] {Default Queue} wl_registry#45.global(52, "aqueous_input_manager_v1", 2)
[02:41:44.939314] {Default Queue} wl_registry#45.global(53, "ext_idle_notifier_v1", 2)
[02:41:44.939315] {Default Queue} wl_registry#45.global(54, "zwp_relative_pointer_manager_v1", 1)
[02:41:44.939315] {Default Queue} wl_registry#45.global(55, "zwp_pointer_gestures_v1", 3)
[02:41:44.939316] {Default Queue} wl_registry#45.global(56, "zwlr_virtual_pointer_manager_v1", 2)
[02:41:44.939316] {Default Queue} wl_registry#45.global(57, "zwp_virtual_keyboard_manager_v1", 1)
[02:41:44.939317] {Default Queue} wl_registry#45.global(58, "zwp_pointer_constraints_v1", 1)
[02:41:44.939317] {Default Queue} wl_registry#45.global(59, "zwp_input_method_manager_v2", 1)
[02:41:44.939318] {Default Queue} wl_registry#45.global(60, "zwp_text_input_manager_v3", 1)
[02:41:44.939319] {Default Queue} wl_registry#45.global(61, "zwp_tablet_manager_v2", 1)
[02:41:44.939319] {Default Queue} wl_registry#45.global(62, "wp_pointer_warp_v1", 1)
[02:41:44.939320] {Default Queue} wl_registry#45.global(63, "wl_seat", 9)
[02:41:44.939320] {Default Queue} wl_registry#45.global(64, "aqueous_libinput_config_v1", 2)
[02:41:44.939321] {Default Queue} wl_registry#45.global(65, "aqueous_xkb_config_v1", 2)
[02:41:44.939321] {Default Queue} wl_registry#45.global(66, "zwp_idle_inhibit_manager_v1", 1)
[02:41:44.939322] {Default Queue} wl_registry#45.global(67, "ext_session_lock_manager_v1", 1)
[02:41:44.939322] {Default Queue} wl_registry#45.global(68, "aqueous_shell_manager_v1", 2)
[02:41:44.939323] {Default Queue} wl_registry#45.global(69, "zwp_keyboard_shortcuts_inhibit_manager_v1", 1)
[02:41:44.939324] {Default Queue} wl_registry#45.global(70, "ext_background_effect_manager_v1", 1)
[02:41:44.939324] {Default Queue} wl_registry#45.global(71, "xdg_system_bell_v1", 1)
[02:41:44.939325] {Default Queue} wl_registry#45.global(72, "wl_output", 4)
[02:41:44.939325] {Default Queue} wl_registry#45.global(73, "wl_output", 4)
[02:41:44.939326] {Default Queue} wl_registry#46.global(1, "wl_compositor", 6)
[02:41:44.939326] {Default Queue} wl_registry#46.global(2, "wl_fixes", 1)
[02:41:44.939327] {Default Queue} wl_registry#46.global(3, "wp_security_context_manager_v1", 1)
[02:41:44.939328] {Default Queue} wl_registry#46.global(4, "wl_shm", 2)
[02:41:44.939328] {Default Queue} wl_registry#46.global(5, "wp_single_pixel_buffer_manager_v1", 1)
[02:41:44.939329] {Default Queue} wl_registry#46.global(6, "wp_alpha_modifier_v1", 1)
[02:41:44.939329] {Default Queue} wl_registry#46.global(7, "wp_color_representation_manager_v1", 1)
[02:41:44.939330] {Default Queue} wl_registry#46.global(8, "wp_content_type_manager_v1", 1)
[02:41:44.939330] {Default Queue} wl_registry#46.global(9, "wp_fifo_manager_v1", 1)
[02:41:44.939331] {Default Queue} wl_registry#46.global(10, "wp_commit_timing_manager_v1", 1)
[02:41:44.939332] {Default Queue} wl_registry#46.global(11, "xdg_wm_dialog_v1", 1)
[02:41:44.939332] {Default Queue} wl_registry#46.global(12, "xdg_toplevel_drag_manager_v1", 1)
[02:41:44.939333] {Default Queue} wl_registry#46.global(13, "xdg_toplevel_icon_manager_v1", 1)
[02:41:44.939333] {Default Queue} wl_registry#46.global(14, "xdg_toplevel_tag_manager_v1", 1)
[02:41:44.939334] {Default Queue} wl_registry#46.global(15, "wp_viewporter", 1)
[02:41:44.939334] {Default Queue} wl_registry#46.global(16, "wp_fractional_scale_manager_v1", 1)
[02:41:44.939335] {Default Queue} wl_registry#46.global(17, "wl_subcompositor", 1)
[02:41:44.939336] {Default Queue} wl_registry#46.global(18, "wp_cursor_shape_manager_v1", 2)
[02:41:44.939336] {Default Queue} wl_registry#46.global(19, "xdg_wm_base", 7)
[02:41:44.939337] {Default Queue} wl_registry#46.global(20, "zxdg_decoration_manager_v1", 1)
[02:41:44.939337] {Default Queue} wl_registry#46.global(21, "org_kde_kwin_server_decoration_manager", 1)
[02:41:44.939338] {Default Queue} wl_registry#46.global(22, "xdg_activation_v1", 1)
[02:41:44.939338] {Default Queue} wl_registry#46.global(23, "zxdg_exporter_v2", 1)
[02:41:44.939339] {Default Queue} wl_registry#46.global(24, "zxdg_importer_v2", 1)
[02:41:44.939340] {Default Queue} wl_registry#46.global(25, "wl_data_device_manager", 3)
[02:41:44.939340] {Default Queue} wl_registry#46.global(26, "zwp_primary_selection_device_manager_v1", 1)
[02:41:44.939341] {Default Queue} wl_registry#46.global(27, "ext_data_control_manager_v1", 1)
[02:41:44.939341] {Default Queue} wl_registry#46.global(28, "zwlr_data_control_manager_v1", 2)
[02:41:44.939342] {Default Queue} wl_registry#46.global(29, "zwlr_export_dmabuf_manager_v1", 1)
[02:41:44.939343] {Default Queue} wl_registry#46.global(30, "zwlr_screencopy_manager_v1", 3)
[02:41:44.939343] {Default Queue} wl_registry#46.global(31, "ext_image_copy_capture_manager_v1", 1)
[02:41:44.939344] {Default Queue} wl_registry#46.global(32, "aqueous_capture_color_manager_v1", 1)
[02:41:44.939344] {Default Queue} wl_registry#46.global(33, "ext_output_image_capture_source_manager_v1", 1)
[02:41:44.939345] {Default Queue} wl_registry#46.global(34, "zwlr_foreign_toplevel_manager_v1", 3)
[02:41:44.939345] {Default Queue} wl_registry#46.global(35, "ext_foreign_toplevel_list_v1", 1)
[02:41:44.939346] {Default Queue} wl_registry#46.global(36, "ext_foreign_toplevel_image_capture_source_manager_v1", 1)
[02:41:44.939346] {Default Queue} wl_registry#46.global(37, "wp_tearing_control_manager_v1", 1)
[02:41:44.939347] {Default Queue} wl_registry#46.global(38, "zwp_linux_dmabuf_v1", 5)
[02:41:44.939348] {Default Queue} wl_registry#46.global(39, "wp_linux_drm_syncobj_manager_v1", 1)
[02:41:44.939348] {Default Queue} wl_registry#46.global(40, "wp_color_manager_v1", 3)
[02:41:44.939349] {Default Queue} wl_registry#46.global(41, "aqueous_window_manager_v1", 10)
[02:41:44.939349] {Default Queue} wl_registry#46.global(42, "ext_workspace_manager_v1", 1)
[02:41:44.939350] {Default Queue} wl_registry#46.global(43, "aqueous_window_info_manager_v1", 8)
[02:41:44.939350] {Default Queue} wl_registry#46.global(44, "aqueous_xkb_bindings_v1", 3)
[02:41:44.939351] {Default Queue} wl_registry#46.global(45, "aqueous_layer_shell_v1", 1)
[02:41:44.939351] {Default Queue} wl_registry#46.global(46, "zwlr_layer_shell_v1", 4)
[02:41:44.939352] {Default Queue} wl_registry#46.global(47, "zwlr_gamma_control_manager_v1", 1)
[02:41:44.939353] {Default Queue} wl_registry#46.global(48, "wp_presentation", 2)
[02:41:44.939353] {Default Queue} wl_registry#46.global(49, "zxdg_output_manager_v1", 3)
[02:41:44.939354] {Default Queue} wl_registry#46.global(50, "zwlr_output_manager_v1", 4)
[02:41:44.939354] {Default Queue} wl_registry#46.global(51, "zwlr_output_power_manager_v1", 1)
[02:41:44.939355] {Default Queue} wl_registry#46.global(52, "aqueous_input_manager_v1", 2)
[02:41:44.939355] {Default Queue} wl_registry#46.global(53, "ext_idle_notifier_v1", 2)
[02:41:44.939356] {Default Queue} wl_registry#46.global(54, "zwp_relative_pointer_manager_v1", 1)
[02:41:44.939357] {Default Queue} wl_registry#46.global(55, "zwp_pointer_gestures_v1", 3)
[02:41:44.939357] {Default Queue} wl_registry#46.global(56, "zwlr_virtual_pointer_manager_v1", 2)
[02:41:44.939358] {Default Queue} wl_registry#46.global(57, "zwp_virtual_keyboard_manager_v1", 1)
[02:41:44.939358] {Default Queue} wl_registry#46.global(58, "zwp_pointer_constraints_v1", 1)
[02:41:44.939359] {Default Queue} wl_registry#46.global(59, "zwp_input_method_manager_v2", 1)
[02:41:44.939359] {Default Queue} wl_registry#46.global(60, "zwp_text_input_manager_v3", 1)
[02:41:44.939360] {Default Queue} wl_registry#46.global(61, "zwp_tablet_manager_v2", 1)
[02:41:44.939360] {Default Queue} wl_registry#46.global(62, "wp_pointer_warp_v1", 1)
[02:41:44.939361] {Default Queue} wl_registry#46.global(63, "wl_seat", 9)
[02:41:44.939362] {Default Queue} wl_registry#46.global(64, "aqueous_libinput_config_v1", 2)
[02:41:44.939362] {Default Queue} wl_registry#46.global(65, "aqueous_xkb_config_v1", 2)
[02:41:44.939363] {Default Queue} wl_registry#46.global(66, "zwp_idle_inhibit_manager_v1", 1)
[02:41:44.939363] {Default Queue} wl_registry#46.global(67, "ext_session_lock_manager_v1", 1)
[02:41:44.939364] {Default Queue} wl_registry#46.global(68, "aqueous_shell_manager_v1", 2)
[02:41:44.939364] {Default Queue} wl_registry#46.global(69, "zwp_keyboard_shortcuts_inhibit_manager_v1", 1)
[02:41:44.939365] {Default Queue} wl_registry#46.global(70, "ext_background_effect_manager_v1", 1)
[02:41:44.939365] {Default Queue} wl_registry#46.global(71, "xdg_system_bell_v1", 1)
[02:41:44.939366] {Default Queue} wl_registry#46.global(72, "wl_output", 4)
[02:41:44.939367] {Default Queue} wl_registry#46.global(73, "wl_output", 4)
[02:41:44.939373] {Display Queue} wl_display#1.delete_id(48)
[02:41:44.939374] {Default Queue} wl_registry#47.global(1, "wl_compositor", 6)
[02:41:44.939375] {Default Queue} wl_registry#47.global(2, "wl_fixes", 1)
[02:41:44.939376] {Default Queue} wl_registry#47.global(3, "wp_security_context_manager_v1", 1)
[02:41:44.939377] {Default Queue} wl_registry#47.global(4, "wl_shm", 2)
[02:41:44.939377] {Default Queue} wl_registry#47.global(5, "wp_single_pixel_buffer_manager_v1", 1)
[02:41:44.939378] {Default Queue} wl_registry#47.global(6, "wp_alpha_modifier_v1", 1)
[02:41:44.939379] {Default Queue} wl_registry#47.global(7, "wp_color_representation_manager_v1", 1)
[02:41:44.939379] {Default Queue} wl_registry#47.global(8, "wp_content_type_manager_v1", 1)
[02:41:44.939380] {Default Queue} wl_registry#47.global(9, "wp_fifo_manager_v1", 1)
[02:41:44.939380] {Default Queue} wl_registry#47.global(10, "wp_commit_timing_manager_v1", 1)
[02:41:44.939381] {Default Queue} wl_registry#47.global(11, "xdg_wm_dialog_v1", 1)
[02:41:44.939382] {Default Queue} wl_registry#47.global(12, "xdg_toplevel_drag_manager_v1", 1)
[02:41:44.939382] {Default Queue} wl_registry#47.global(13, "xdg_toplevel_icon_manager_v1", 1)
[02:41:44.939383] {Default Queue} wl_registry#47.global(14, "xdg_toplevel_tag_manager_v1", 1)
[02:41:44.939383] {Default Queue} wl_registry#47.global(15, "wp_viewporter", 1)
[02:41:44.939384] {Default Queue} wl_registry#47.global(16, "wp_fractional_scale_manager_v1", 1)
[02:41:44.939385] {Default Queue} wl_registry#47.global(17, "wl_subcompositor", 1)
[02:41:44.939385] {Default Queue} wl_registry#47.global(18, "wp_cursor_shape_manager_v1", 2)
[02:41:44.939386] {Default Queue} wl_registry#47.global(19, "xdg_wm_base", 7)
[02:41:44.939386] {Default Queue} wl_registry#47.global(20, "zxdg_decoration_manager_v1", 1)
[02:41:44.939387] {Default Queue} wl_registry#47.global(21, "org_kde_kwin_server_decoration_manager", 1)
[02:41:44.939388] {Default Queue} wl_registry#47.global(22, "xdg_activation_v1", 1)
[02:41:44.939388] {Default Queue} wl_registry#47.global(23, "zxdg_exporter_v2", 1)
[02:41:44.939389] {Default Queue} wl_registry#47.global(24, "zxdg_importer_v2", 1)
[02:41:44.939389] {Default Queue} wl_registry#47.global(25, "wl_data_device_manager", 3)
[02:41:44.939390] {Default Queue} wl_registry#47.global(26, "zwp_primary_selection_device_manager_v1", 1)
[02:41:44.939391] {Default Queue} wl_registry#47.global(27, "ext_data_control_manager_v1", 1)
[02:41:44.939391] {Default Queue} wl_registry#47.global(28, "zwlr_data_control_manager_v1", 2)
[02:41:44.939392] {Default Queue} wl_registry#47.global(29, "zwlr_export_dmabuf_manager_v1", 1)
[02:41:44.939392] {Default Queue} wl_registry#47.global(30, "zwlr_screencopy_manager_v1", 3)
[02:41:44.939393] {Default Queue} wl_registry#47.global(31, "ext_image_copy_capture_manager_v1", 1)
[02:41:44.939394] {Default Queue} wl_registry#47.global(32, "aqueous_capture_color_manager_v1", 1)
[02:41:44.939394] {Default Queue} wl_registry#47.global(33, "ext_output_image_capture_source_manager_v1", 1)
[02:41:44.939395] {Default Queue} wl_registry#47.global(34, "zwlr_foreign_toplevel_manager_v1", 3)
[02:41:44.939396] {Default Queue} wl_registry#47.global(35, "ext_foreign_toplevel_list_v1", 1)
[02:41:44.939396] {Default Queue} wl_registry#47.global(36, "ext_foreign_toplevel_image_capture_source_manager_v1", 1)
[02:41:44.939397] {Default Queue} wl_registry#47.global(37, "wp_tearing_control_manager_v1", 1)
[02:41:44.939397] {Default Queue} wl_registry#47.global(38, "zwp_linux_dmabuf_v1", 5)
[02:41:44.939398] {Default Queue} wl_registry#47.global(39, "wp_linux_drm_syncobj_manager_v1", 1)
[02:41:44.939399] {Default Queue} wl_registry#47.global(40, "wp_color_manager_v1", 3)
[02:41:44.939399] {Default Queue} wl_registry#47.global(41, "aqueous_window_manager_v1", 10)
[02:41:44.939400] {Default Queue} wl_registry#47.global(42, "ext_workspace_manager_v1", 1)
[02:41:44.939401] {Default Queue} wl_registry#47.global(43, "aqueous_window_info_manager_v1", 8)
[02:41:44.939402] {Default Queue} wl_registry#47.global(44, "aqueous_xkb_bindings_v1", 3)
[02:41:44.939402] {Default Queue} wl_registry#47.global(45, "aqueous_layer_shell_v1", 1)
[02:41:44.939403] {Default Queue} wl_registry#47.global(46, "zwlr_layer_shell_v1", 4)
[02:41:44.939404] {Default Queue}  -> wl_registry#47.bind(46, "zwlr_layer_shell_v1", 4, new id [unknown]#52)
[02:41:44.939405] {Default Queue} wl_registry#47.global(47, "zwlr_gamma_control_manager_v1", 1)
[02:41:44.939405] {Default Queue} wl_registry#47.global(48, "wp_presentation", 2)
[02:41:44.939406] {Default Queue} wl_registry#47.global(49, "zxdg_output_manager_v1", 3)
[02:41:44.939406] {Default Queue} wl_registry#47.global(50, "zwlr_output_manager_v1", 4)
[02:41:44.939407] {Default Queue} wl_registry#47.global(51, "zwlr_output_power_manager_v1", 1)
[02:41:44.939408] {Default Queue} wl_registry#47.global(52, "aqueous_input_manager_v1", 2)
[02:41:44.939408] {Default Queue} wl_registry#47.global(53, "ext_idle_notifier_v1", 2)
[02:41:44.939409] {Default Queue} wl_registry#47.global(54, "zwp_relative_pointer_manager_v1", 1)
[02:41:44.939409] {Default Queue} wl_registry#47.global(55, "zwp_pointer_gestures_v1", 3)
[02:41:44.939410] {Default Queue} wl_registry#47.global(56, "zwlr_virtual_pointer_manager_v1", 2)
[02:41:44.939411] {Default Queue} wl_registry#47.global(57, "zwp_virtual_keyboard_manager_v1", 1)
[02:41:44.939411] {Default Queue} wl_registry#47.global(58, "zwp_pointer_constraints_v1", 1)
[02:41:44.939412] {Default Queue} wl_registry#47.global(59, "zwp_input_method_manager_v2", 1)
[02:41:44.939412] {Default Queue} wl_registry#47.global(60, "zwp_text_input_manager_v3", 1)
[02:41:44.939413] {Default Queue} wl_registry#47.global(61, "zwp_tablet_manager_v2", 1)
[02:41:44.939414] {Default Queue} wl_registry#47.global(62, "wp_pointer_warp_v1", 1)
[02:41:44.939414] {Default Queue} wl_registry#47.global(63, "wl_seat", 9)
[02:41:44.939415] {Default Queue} wl_registry#47.global(64, "aqueous_libinput_config_v1", 2)
[02:41:44.939415] {Default Queue} wl_registry#47.global(65, "aqueous_xkb_config_v1", 2)
[02:41:44.939416] {Default Queue} wl_registry#47.global(66, "zwp_idle_inhibit_manager_v1", 1)
[02:41:44.939417] {Default Queue} wl_registry#47.global(67, "ext_session_lock_manager_v1", 1)
[02:41:44.939417] {Default Queue}  -> wl_registry#47.bind(67, "ext_session_lock_manager_v1", 1, new id [unknown]#53)
[02:41:44.939418] {Default Queue} wl_registry#47.global(68, "aqueous_shell_manager_v1", 2)
[02:41:44.939419] {Default Queue} wl_registry#47.global(69, "zwp_keyboard_shortcuts_inhibit_manager_v1", 1)
[02:41:44.939419] {Default Queue} wl_registry#47.global(70, "ext_background_effect_manager_v1", 1)
[02:41:44.939420] {Default Queue} wl_registry#47.global(71, "xdg_system_bell_v1", 1)
[02:41:44.939421] {Default Queue} wl_registry#47.global(72, "wl_output", 4)
[02:41:44.939421] {Default Queue} wl_registry#47.global(73, "wl_output", 4)
[02:41:44.939422] {Default Queue} wl_callback#48.done(6)
[02:41:44.939423] {Default Queue} aqueous_shell_manager_v1#50.capabilities("{"schema":1,"session":"ed7303dfb127a5917a9ecbf8bcc11c3d","max_batch_bytes":4194304,"state":true,"commands":true,"keyboard":true,"overview":true,"config_reload":true,"shortcut_inhibition":true,"icon_metadata":true,"geometry":"committed-content-global-logical"}")
[02:41:44.939438] {Default Queue}  -> aqueous_shell_manager_v1#50.destroy()
[02:41:44.939440] {Default Queue} ext_background_effect_manager_v1#51.capabilities(1)
info: event=blur-capability available=true
[02:41:44.939448] {Default Queue}  -> wl_display#1.get_registry(new id wl_registry#48)
[02:41:44.940127] {Default Queue}  -> wl_display#1.get_registry(new id wl_registry#54)
[02:41:44.940132] {Default Queue}  -> wl_display#1.get_registry(new id wl_registry#55)
info(pearl): event=aqueous-availability state=connecting
info(pearl): event=ready mode=session
[02:41:44.940401] {Display Queue} wl_display#1.delete_id(50)
[02:41:44.940404] {Default Queue} wl_registry#48.global(1, "wl_compositor", 6)
[02:41:44.940407] {Default Queue} wl_registry#48.global(2, "wl_fixes", 1)
[02:41:44.940408] {Default Queue} wl_registry#48.global(3, "wp_security_context_manager_v1", 1)
[02:41:44.940409] {Default Queue} wl_registry#48.global(4, "wl_shm", 2)
[02:41:44.940410] {Default Queue} wl_registry#48.global(5, "wp_single_pixel_buffer_manager_v1", 1)
[02:41:44.940411] {Default Queue} wl_registry#48.global(6, "wp_alpha_modifier_v1", 1)
[02:41:44.940412] {Default Queue} wl_registry#48.global(7, "wp_color_representation_manager_v1", 1)
[02:41:44.940412] {Default Queue} wl_registry#48.global(8, "wp_content_type_manager_v1", 1)
[02:41:44.940413] {Default Queue} wl_registry#48.global(9, "wp_fifo_manager_v1", 1)
[02:41:44.940413] {Default Queue} wl_registry#48.global(10, "wp_commit_timing_manager_v1", 1)
[02:41:44.940414] {Default Queue} wl_registry#48.global(11, "xdg_wm_dialog_v1", 1)
[02:41:44.940414] {Default Queue} wl_registry#48.global(12, "xdg_toplevel_drag_manager_v1", 1)
[02:41:44.940415] {Default Queue} wl_registry#48.global(13, "xdg_toplevel_icon_manager_v1", 1)
[02:41:44.940415] {Default Queue} wl_registry#48.global(14, "xdg_toplevel_tag_manager_v1", 1)
[02:41:44.940416] {Default Queue} wl_registry#48.global(15, "wp_viewporter", 1)
[02:41:44.940417] {Default Queue} wl_registry#48.global(16, "wp_fractional_scale_manager_v1", 1)
[02:41:44.940417] {Default Queue} wl_registry#48.global(17, "wl_subcompositor", 1)
[02:41:44.940418] {Default Queue} wl_registry#48.global(18, "wp_cursor_shape_manager_v1", 2)
[02:41:44.940418] {Default Queue} wl_registry#48.global(19, "xdg_wm_base", 7)
[02:41:44.940419] {Default Queue} wl_registry#48.global(20, "zxdg_decoration_manager_v1", 1)
[02:41:44.940420] {Default Queue} wl_registry#48.global(21, "org_kde_kwin_server_decoration_manager", 1)
[02:41:44.940420] {Default Queue} wl_registry#48.global(22, "xdg_activation_v1", 1)
[02:41:44.940421] {Default Queue} wl_registry#48.global(23, "zxdg_exporter_v2", 1)
[02:41:44.940421] {Default Queue} wl_registry#48.global(24, "zxdg_importer_v2", 1)
[02:41:44.940422] {Default Queue} wl_registry#48.global(25, "wl_data_device_manager", 3)
[02:41:44.940422] {Default Queue} wl_registry#48.global(26, "zwp_primary_selection_device_manager_v1", 1)
[02:41:44.940423] {Default Queue} wl_registry#48.global(27, "ext_data_control_manager_v1", 1)
[02:41:44.940424] {Default Queue} wl_registry#48.global(28, "zwlr_data_control_manager_v1", 2)
[02:41:44.940424] {Default Queue} wl_registry#48.global(29, "zwlr_export_dmabuf_manager_v1", 1)
[02:41:44.940425] {Default Queue} wl_registry#48.global(30, "zwlr_screencopy_manager_v1", 3)
[02:41:44.940425] {Default Queue} wl_registry#48.global(31, "ext_image_copy_capture_manager_v1", 1)
[02:41:44.940426] {Default Queue} wl_registry#48.global(32, "aqueous_capture_color_manager_v1", 1)
[02:41:44.940426] {Default Queue} wl_registry#48.global(33, "ext_output_image_capture_source_manager_v1", 1)
[02:41:44.940427] {Default Queue} wl_registry#48.global(34, "zwlr_foreign_toplevel_manager_v1", 3)
[02:41:44.940428] {Default Queue} wl_registry#48.global(35, "ext_foreign_toplevel_list_v1", 1)
[02:41:44.940428] {Default Queue} wl_registry#48.global(36, "ext_foreign_toplevel_image_capture_source_manager_v1", 1)
[02:41:44.940429] {Default Queue} wl_registry#48.global(37, "wp_tearing_control_manager_v1", 1)
[02:41:44.940429] {Default Queue} wl_registry#48.global(38, "zwp_linux_dmabuf_v1", 5)
[02:41:44.940430] {Default Queue} wl_registry#48.global(39, "wp_linux_drm_syncobj_manager_v1", 1)
[02:41:44.940430] {Default Queue} wl_registry#48.global(40, "wp_color_manager_v1", 3)
[02:41:44.940431] {Default Queue} wl_registry#48.global(41, "aqueous_window_manager_v1", 10)
[02:41:44.940431] {Default Queue} wl_registry#48.global(42, "ext_workspace_manager_v1", 1)
[02:41:44.940432] {Default Queue} wl_registry#48.global(43, "aqueous_window_info_manager_v1", 8)
[02:41:44.940433] {Default Queue} wl_registry#48.global(44, "aqueous_xkb_bindings_v1", 3)
[02:41:44.940434] {Default Queue} wl_registry#48.global(45, "aqueous_layer_shell_v1", 1)
[02:41:44.940435] {Default Queue} wl_registry#48.global(46, "zwlr_layer_shell_v1", 4)
[02:41:44.940436] {Default Queue} wl_registry#48.global(47, "zwlr_gamma_control_manager_v1", 1)
[02:41:44.940437] {Default Queue} wl_registry#48.global(48, "wp_presentation", 2)
[02:41:44.940438] {Default Queue} wl_registry#48.global(49, "zxdg_output_manager_v1", 3)
[02:41:44.940439] {Default Queue} wl_registry#48.global(50, "zwlr_output_manager_v1", 4)
[02:41:44.940439] {Default Queue} wl_registry#48.global(51, "zwlr_output_power_manager_v1", 1)
[02:41:44.940440] {Default Queue} wl_registry#48.global(52, "aqueous_input_manager_v1", 2)
[02:41:44.940441] {Default Queue} wl_registry#48.global(53, "ext_idle_notifier_v1", 2)
[02:41:44.940443] {Default Queue}  -> wl_registry#48.bind(53, "ext_idle_notifier_v1", 1, new id [unknown]#50)
[02:41:44.940444] {Default Queue} wl_registry#48.global(54, "zwp_relative_pointer_manager_v1", 1)
[02:41:44.940445] {Default Queue} wl_registry#48.global(55, "zwp_pointer_gestures_v1", 3)
[02:41:44.940446] {Default Queue} wl_registry#48.global(56, "zwlr_virtual_pointer_manager_v1", 2)
[02:41:44.940447] {Default Queue} wl_registry#48.global(57, "zwp_virtual_keyboard_manager_v1", 1)
[02:41:44.940448] {Default Queue} wl_registry#48.global(58, "zwp_pointer_constraints_v1", 1)
[02:41:44.940449] {Default Queue} wl_registry#48.global(59, "zwp_input_method_manager_v2", 1)
[02:41:44.940450] {Default Queue} wl_registry#48.global(60, "zwp_text_input_manager_v3", 1)
[02:41:44.940450] {Default Queue} wl_registry#48.global(61, "zwp_tablet_manager_v2", 1)
[02:41:44.940451] {Default Queue} wl_registry#48.global(62, "wp_pointer_warp_v1", 1)
[02:41:44.940452] {Default Queue} wl_registry#48.global(63, "wl_seat", 9)
[02:41:44.940453] {Default Queue}  -> wl_registry#48.bind(63, "wl_seat", 5, new id [unknown]#56)
[02:41:44.940456] {Default Queue} wl_registry#48.global(64, "aqueous_libinput_config_v1", 2)
[02:41:44.940456] {Default Queue} wl_registry#48.global(65, "aqueous_xkb_config_v1", 2)
[02:41:44.940457] {Default Queue} wl_registry#48.global(66, "zwp_idle_inhibit_manager_v1", 1)
[02:41:44.940457] {Default Queue} wl_registry#48.global(67, "ext_session_lock_manager_v1", 1)
[02:41:44.940458] {Default Queue} wl_registry#48.global(68, "aqueous_shell_manager_v1", 2)
[02:41:44.940459] {Default Queue} wl_registry#48.global(69, "zwp_keyboard_shortcuts_inhibit_manager_v1", 1)
[02:41:44.940459] {Default Queue} wl_registry#48.global(70, "ext_background_effect_manager_v1", 1)
[02:41:44.940460] {Default Queue} wl_registry#48.global(71, "xdg_system_bell_v1", 1)
[02:41:44.940460] {Default Queue} wl_registry#48.global(72, "wl_output", 4)
[02:41:44.940461] {Default Queue} wl_registry#48.global(73, "wl_output", 4)
[02:41:44.940461] {Default Queue} wl_registry#54.global(1, "wl_compositor", 6)
[02:41:44.940463] {Default Queue} wl_registry#54.global(2, "wl_fixes", 1)
[02:41:44.940464] {Default Queue} wl_registry#54.global(3, "wp_security_context_manager_v1", 1)
[02:41:44.940464] {Default Queue} wl_registry#54.global(4, "wl_shm", 2)
[02:41:44.940465] {Default Queue} wl_registry#54.global(5, "wp_single_pixel_buffer_manager_v1", 1)
[02:41:44.940465] {Default Queue} wl_registry#54.global(6, "wp_alpha_modifier_v1", 1)
[02:41:44.940466] {Default Queue} wl_registry#54.global(7, "wp_color_representation_manager_v1", 1)
[02:41:44.940466] {Default Queue} wl_registry#54.global(8, "wp_content_type_manager_v1", 1)
[02:41:44.940467] {Default Queue} wl_registry#54.global(9, "wp_fifo_manager_v1", 1)
[02:41:44.940467] {Default Queue} wl_registry#54.global(10, "wp_commit_timing_manager_v1", 1)
[02:41:44.940468] {Default Queue} wl_registry#54.global(11, "xdg_wm_dialog_v1", 1)
[02:41:44.940469] {Default Queue} wl_registry#54.global(12, "xdg_toplevel_drag_manager_v1", 1)
[02:41:44.940469] {Default Queue} wl_registry#54.global(13, "xdg_toplevel_icon_manager_v1", 1)
[02:41:44.940470] {Default Queue} wl_registry#54.global(14, "xdg_toplevel_tag_manager_v1", 1)
[02:41:44.940470] {Default Queue} wl_registry#54.global(15, "wp_viewporter", 1)
[02:41:44.940471] {Default Queue} wl_registry#54.global(16, "wp_fractional_scale_manager_v1", 1)
[02:41:44.940471] {Default Queue} wl_registry#54.global(17, "wl_subcompositor", 1)
[02:41:44.940472] {Default Queue} wl_registry#54.global(18, "wp_cursor_shape_manager_v1", 2)
[02:41:44.940472] {Default Queue} wl_registry#54.global(19, "xdg_wm_base", 7)
[02:41:44.940473] {Default Queue} wl_registry#54.global(20, "zxdg_decoration_manager_v1", 1)
[02:41:44.940473] {Default Queue} wl_registry#54.global(21, "org_kde_kwin_server_decoration_manager", 1)
[02:41:44.940474] {Default Queue} wl_registry#54.global(22, "xdg_activation_v1", 1)
[02:41:44.940474] {Default Queue} wl_registry#54.global(23, "zxdg_exporter_v2", 1)
[02:41:44.940475] {Default Queue} wl_registry#54.global(24, "zxdg_importer_v2", 1)
[02:41:44.940475] {Default Queue} wl_registry#54.global(25, "wl_data_device_manager", 3)
[02:41:44.940476] {Default Queue} wl_registry#54.global(26, "zwp_primary_selection_device_manager_v1", 1)
[02:41:44.940477] {Default Queue} wl_registry#54.global(27, "ext_data_control_manager_v1", 1)
[02:41:44.940477] {Default Queue}  -> wl_registry#54.bind(27, "ext_data_control_manager_v1", 1, new id [unknown]#57)
[02:41:44.940478] {Default Queue} wl_registry#54.global(28, "zwlr_data_control_manager_v1", 2)
[02:41:44.940478] {Default Queue} wl_registry#54.global(29, "zwlr_export_dmabuf_manager_v1", 1)
[02:41:44.940479] {Default Queue} wl_registry#54.global(30, "zwlr_screencopy_manager_v1", 3)
[02:41:44.940480] {Default Queue} wl_registry#54.global(31, "ext_image_copy_capture_manager_v1", 1)
[02:41:44.940480] {Default Queue} wl_registry#54.global(32, "aqueous_capture_color_manager_v1", 1)
[02:41:44.940481] {Default Queue} wl_registry#54.global(33, "ext_output_image_capture_source_manager_v1", 1)
[02:41:44.940481] {Default Queue} wl_registry#54.global(34, "zwlr_foreign_toplevel_manager_v1", 3)
[02:41:44.940482] {Default Queue} wl_registry#54.global(35, "ext_foreign_toplevel_list_v1", 1)
[02:41:44.940482] {Default Queue} wl_registry#54.global(36, "ext_foreign_toplevel_image_capture_source_manager_v1", 1)
[02:41:44.940483] {Default Queue} wl_registry#54.global(37, "wp_tearing_control_manager_v1", 1)
[02:41:44.940483] {Default Queue} wl_registry#54.global(38, "zwp_linux_dmabuf_v1", 5)
[02:41:44.940484] {Default Queue} wl_registry#54.global(39, "wp_linux_drm_syncobj_manager_v1", 1)
[02:41:44.940485] {Default Queue} wl_registry#54.global(40, "wp_color_manager_v1", 3)
[02:41:44.940485] {Default Queue} wl_registry#54.global(41, "aqueous_window_manager_v1", 10)
[02:41:44.940486] {Default Queue} wl_registry#54.global(42, "ext_workspace_manager_v1", 1)
[02:41:44.940486] {Default Queue} wl_registry#54.global(43, "aqueous_window_info_manager_v1", 8)
[02:41:44.940487] {Default Queue} wl_registry#54.global(44, "aqueous_xkb_bindings_v1", 3)
[02:41:44.940487] {Default Queue} wl_registry#54.global(45, "aqueous_layer_shell_v1", 1)
[02:41:44.940488] {Default Queue} wl_registry#54.global(46, "zwlr_layer_shell_v1", 4)
[02:41:44.940488] {Default Queue} wl_registry#54.global(47, "zwlr_gamma_control_manager_v1", 1)
[02:41:44.940489] {Default Queue} wl_registry#54.global(48, "wp_presentation", 2)
[02:41:44.940490] {Default Queue} wl_registry#54.global(49, "zxdg_output_manager_v1", 3)
[02:41:44.940490] {Default Queue} wl_registry#54.global(50, "zwlr_output_manager_v1", 4)
[02:41:44.940491] {Default Queue} wl_registry#54.global(51, "zwlr_output_power_manager_v1", 1)
[02:41:44.940491] {Default Queue} wl_registry#54.global(52, "aqueous_input_manager_v1", 2)
[02:41:44.940492] {Default Queue} wl_registry#54.global(53, "ext_idle_notifier_v1", 2)
[02:41:44.940492] {Default Queue} wl_registry#54.global(54, "zwp_relative_pointer_manager_v1", 1)
[02:41:44.940493] {Default Queue} wl_registry#54.global(55, "zwp_pointer_gestures_v1", 3)
[02:41:44.940493] {Default Queue} wl_registry#54.global(56, "zwlr_virtual_pointer_manager_v1", 2)
[02:41:44.940494] {Default Queue} wl_registry#54.global(57, "zwp_virtual_keyboard_manager_v1", 1)
[02:41:44.940494] {Default Queue} wl_registry#54.global(58, "zwp_pointer_constraints_v1", 1)
[02:41:44.940495] {Default Queue} wl_registry#54.global(59, "zwp_input_method_manager_v2", 1)
[02:41:44.940495] {Default Queue} wl_registry#54.global(60, "zwp_text_input_manager_v3", 1)
[02:41:44.940496] {Default Queue} wl_registry#54.global(61, "zwp_tablet_manager_v2", 1)
[02:41:44.940496] {Default Queue} wl_registry#54.global(62, "wp_pointer_warp_v1", 1)
[02:41:44.940497] {Default Queue} wl_registry#54.global(63, "wl_seat", 9)
[02:41:44.940498] {Default Queue}  -> wl_registry#54.bind(63, "wl_seat", 5, new id [unknown]#58)
[02:41:44.940498] {Default Queue} wl_registry#54.global(64, "aqueous_libinput_config_v1", 2)
[02:41:44.940499] {Default Queue} wl_registry#54.global(65, "aqueous_xkb_config_v1", 2)
[02:41:44.940499] {Default Queue} wl_registry#54.global(66, "zwp_idle_inhibit_manager_v1", 1)
[02:41:44.940500] {Default Queue} wl_registry#54.global(67, "ext_session_lock_manager_v1", 1)
[02:41:44.940500] {Default Queue} wl_registry#54.global(68, "aqueous_shell_manager_v1", 2)
[02:41:44.940501] {Default Queue} wl_registry#54.global(69, "zwp_keyboard_shortcuts_inhibit_manager_v1", 1)
[02:41:44.940502] {Default Queue} wl_registry#54.global(70, "ext_background_effect_manager_v1", 1)
[02:41:44.940502] {Default Queue} wl_registry#54.global(71, "xdg_system_bell_v1", 1)
[02:41:44.940503] {Default Queue} wl_registry#54.global(72, "wl_output", 4)
[02:41:44.940503] {Default Queue} wl_registry#54.global(73, "wl_output", 4)
[02:41:44.940504] {Default Queue} wl_registry#55.global(1, "wl_compositor", 6)
[02:41:44.940505] {Default Queue} wl_registry#55.global(2, "wl_fixes", 1)
[02:41:44.940506] {Default Queue} wl_registry#55.global(3, "wp_security_context_manager_v1", 1)
[02:41:44.940506] {Default Queue} wl_registry#55.global(4, "wl_shm", 2)
[02:41:44.940507] {Default Queue}  -> wl_registry#55.bind(4, "wl_shm", 1, new id [unknown]#59)
[02:41:44.940508] {Default Queue} wl_registry#55.global(5, "wp_single_pixel_buffer_manager_v1", 1)
[02:41:44.940508] {Default Queue} wl_registry#55.global(6, "wp_alpha_modifier_v1", 1)
[02:41:44.940509] {Default Queue} wl_registry#55.global(7, "wp_color_representation_manager_v1", 1)
[02:41:44.940510] {Default Queue} wl_registry#55.global(8, "wp_content_type_manager_v1", 1)
[02:41:44.940510] {Default Queue} wl_registry#55.global(9, "wp_fifo_manager_v1", 1)
[02:41:44.940511] {Default Queue} wl_registry#55.global(10, "wp_commit_timing_manager_v1", 1)
[02:41:44.940512] {Default Queue} wl_registry#55.global(11, "xdg_wm_dialog_v1", 1)
[02:41:44.940512] {Default Queue} wl_registry#55.global(12, "xdg_toplevel_drag_manager_v1", 1)
[02:41:44.940513] {Default Queue} wl_registry#55.global(13, "xdg_toplevel_icon_manager_v1", 1)
[02:41:44.940514] {Default Queue} wl_registry#55.global(14, "xdg_toplevel_tag_manager_v1", 1)
[02:41:44.940514] {Default Queue} wl_registry#55.global(15, "wp_viewporter", 1)
[02:41:44.940515] {Default Queue} wl_registry#55.global(16, "wp_fractional_scale_manager_v1", 1)
[02:41:44.940515] {Default Queue} wl_registry#55.global(17, "wl_subcompositor", 1)
[02:41:44.940516] {Default Queue} wl_registry#55.global(18, "wp_cursor_shape_manager_v1", 2)
[02:41:44.940516] {Default Queue} wl_registry#55.global(19, "xdg_wm_base", 7)
[02:41:44.940517] {Default Queue} wl_registry#55.global(20, "zxdg_decoration_manager_v1", 1)
[02:41:44.940518] {Default Queue} wl_registry#55.global(21, "org_kde_kwin_server_decoration_manager", 1)
[02:41:44.940518] {Default Queue} wl_registry#55.global(22, "xdg_activation_v1", 1)
[02:41:44.940519] {Default Queue} wl_registry#55.global(23, "zxdg_exporter_v2", 1)
[02:41:44.940519] {Default Queue} wl_registry#55.global(24, "zxdg_importer_v2", 1)
[02:41:44.940520] {Default Queue} wl_registry#55.global(25, "wl_data_device_manager", 3)
[02:41:44.940521] {Default Queue} wl_registry#55.global(26, "zwp_primary_selection_device_manager_v1", 1)
[02:41:44.940521] {Default Queue} wl_registry#55.global(27, "ext_data_control_manager_v1", 1)
[02:41:44.940522] {Default Queue} wl_registry#55.global(28, "zwlr_data_control_manager_v1", 2)
[02:41:44.940522] {Default Queue} wl_registry#55.global(29, "zwlr_export_dmabuf_manager_v1", 1)
[02:41:44.940523] {Default Queue} wl_registry#55.global(30, "zwlr_screencopy_manager_v1", 3)
[02:41:44.940524] {Default Queue}  -> wl_registry#55.bind(30, "zwlr_screencopy_manager_v1", 3, new id [unknown]#60)
[02:41:44.940524] {Default Queue} wl_registry#55.global(31, "ext_image_copy_capture_manager_v1", 1)
[02:41:44.940525] {Default Queue}  -> wl_registry#55.bind(31, "ext_image_copy_capture_manager_v1", 1, new id [unknown]#61)
[02:41:44.940526] {Default Queue} wl_registry#55.global(32, "aqueous_capture_color_manager_v1", 1)
[02:41:44.940526] {Default Queue}  -> wl_registry#55.bind(32, "aqueous_capture_color_manager_v1", 1, new id [unknown]#62)
[02:41:44.940527] {Default Queue} wl_registry#55.global(33, "ext_output_image_capture_source_manager_v1", 1)
[02:41:44.940528] {Default Queue}  -> wl_registry#55.bind(33, "ext_output_image_capture_source_manager_v1", 1, new id [unknown]#63)
[02:41:44.940529] {Default Queue} wl_registry#55.global(34, "zwlr_foreign_toplevel_manager_v1", 3)
[02:41:44.940529] {Default Queue} wl_registry#55.global(35, "ext_foreign_toplevel_list_v1", 1)
[02:41:44.940530] {Default Queue}  -> wl_registry#55.bind(35, "ext_foreign_toplevel_list_v1", 1, new id [unknown]#64)
[02:41:44.940531] {Default Queue} wl_registry#55.global(36, "ext_foreign_toplevel_image_capture_source_manager_v1", 1)
[02:41:44.940532] {Default Queue}  -> wl_registry#55.bind(36, "ext_foreign_toplevel_image_capture_source_manager_v1", 1, new id [unknown]#65)
[02:41:44.940533] {Default Queue} wl_registry#55.global(37, "wp_tearing_control_manager_v1", 1)
[02:41:44.940533] {Default Queue} wl_registry#55.global(38, "zwp_linux_dmabuf_v1", 5)
[02:41:44.940534] {Default Queue} wl_registry#55.global(39, "wp_linux_drm_syncobj_manager_v1", 1)
[02:41:44.940535] {Default Queue} wl_registry#55.global(40, "wp_color_manager_v1", 3)
[02:41:44.940535] {Default Queue} wl_registry#55.global(41, "aqueous_window_manager_v1", 10)
[02:41:44.940536] {Default Queue} wl_registry#55.global(42, "ext_workspace_manager_v1", 1)
[02:41:44.940536] {Default Queue} wl_registry#55.global(43, "aqueous_window_info_manager_v1", 8)
[02:41:44.940537] {Default Queue} wl_registry#55.global(44, "aqueous_xkb_bindings_v1", 3)
[02:41:44.940538] {Default Queue} wl_registry#55.global(45, "aqueous_layer_shell_v1", 1)
[02:41:44.940549] {Default Queue} wl_registry#55.global(46, "zwlr_layer_shell_v1", 4)
[02:41:44.940551] {Default Queue} wl_registry#55.global(47, "zwlr_gamma_control_manager_v1", 1)
[02:41:44.940552] {Default Queue} wl_registry#55.global(48, "wp_presentation", 2)
[02:41:44.940553] {Default Queue} wl_registry#55.global(49, "zxdg_output_manager_v1", 3)
[02:41:44.940554] {Default Queue} wl_registry#55.global(50, "zwlr_output_manager_v1", 4)
[02:41:44.940554] {Default Queue} wl_registry#55.global(51, "zwlr_output_power_manager_v1", 1)
[02:41:44.940555] {Default Queue} wl_registry#55.global(52, "aqueous_input_manager_v1", 2)
[02:41:44.940556] {Default Queue} wl_registry#55.global(53, "ext_idle_notifier_v1", 2)
[02:41:44.940557] {Default Queue} wl_registry#55.global(54, "zwp_relative_pointer_manager_v1", 1)
[02:41:44.940558] {Default Queue} wl_registry#55.global(55, "zwp_pointer_gestures_v1", 3)
[02:41:44.940558] {Default Queue} wl_registry#55.global(56, "zwlr_virtual_pointer_manager_v1", 2)
[02:41:44.940559] {Default Queue} wl_registry#55.global(57, "zwp_virtual_keyboard_manager_v1", 1)
[02:41:44.940559] {Default Queue} wl_registry#55.global(58, "zwp_pointer_constraints_v1", 1)
[02:41:44.940560] {Default Queue} wl_registry#55.global(59, "zwp_input_method_manager_v2", 1)
[02:41:44.940561] {Default Queue} wl_registry#55.global(60, "zwp_text_input_manager_v3", 1)
[02:41:44.940561] {Default Queue} wl_registry#55.global(61, "zwp_tablet_manager_v2", 1)
[02:41:44.940562] {Default Queue} wl_registry#55.global(62, "wp_pointer_warp_v1", 1)
[02:41:44.940563] {Default Queue} wl_registry#55.global(63, "wl_seat", 9)
[02:41:44.940563] {Default Queue} wl_registry#55.global(64, "aqueous_libinput_config_v1", 2)
[02:41:44.940564] {Default Queue} wl_registry#55.global(65, "aqueous_xkb_config_v1", 2)
[02:41:44.940564] {Default Queue} wl_registry#55.global(66, "zwp_idle_inhibit_manager_v1", 1)
[02:41:44.940565] {Default Queue} wl_registry#55.global(67, "ext_session_lock_manager_v1", 1)
[02:41:44.940566] {Default Queue} wl_registry#55.global(68, "aqueous_shell_manager_v1", 2)
[02:41:44.940566] {Default Queue} wl_registry#55.global(69, "zwp_keyboard_shortcuts_inhibit_manager_v1", 1)
[02:41:44.940567] {Default Queue} wl_registry#55.global(70, "ext_background_effect_manager_v1", 1)
[02:41:44.940568] {Default Queue} wl_registry#55.global(71, "xdg_system_bell_v1", 1)
[02:41:44.940569] {Default Queue} wl_registry#55.global(72, "wl_output", 4)
[02:41:44.940570] {Default Queue}  -> wl_registry#55.bind(72, "wl_output", 4, new id [unknown]#66)
[02:41:44.940572] {Default Queue} wl_registry#55.global(73, "wl_output", 4)
[02:41:44.940573] {Default Queue}  -> wl_registry#55.bind(73, "wl_output", 4, new id [unknown]#67)
[02:41:44.940637] {Default Queue} wl_seat#56.name("default")
[02:41:44.940638] {Default Queue} wl_seat#56.capabilities(0)
[02:41:44.940757] {Default Queue} wl_seat#58.name("default")
[02:41:44.940758] {Default Queue} wl_seat#58.capabilities(0)
[02:41:44.940759] {Default Queue} wl_shm#59.format(538982482)
[02:41:44.940760] {Default Queue} wl_shm#59.format(1210064978)
[02:41:44.940761] {Default Queue} wl_shm#59.format(1176510546)
[02:41:44.940762] {Default Queue} wl_shm#59.format(943215175)
[02:41:44.940762] {Default Queue} wl_shm#59.format(1210077767)
[02:41:44.940763] {Default Queue} wl_shm#59.format(1176523335)
[02:41:44.940764] {Default Queue} wl_shm#59.format(1)
[02:41:44.940764] {Default Queue} wl_shm#59.format(875709016)
[02:41:44.940765] {Default Queue} wl_shm#59.format(0)
[02:41:44.940766] {Default Queue} wl_shm#59.format(875708993)
[02:41:44.940766] {Default Queue} wl_shm#59.format(842088786)
[02:41:44.940767] {Default Queue} wl_shm#59.format(842094674)
[02:41:44.940768] {Default Queue} wl_shm#59.format(842088770)
[02:41:44.940768] {Default Queue} wl_shm#59.format(842094658)
[02:41:44.940769] {Default Queue} wl_shm#59.format(909199186)
[02:41:44.940770] {Default Queue} wl_shm#59.format(909199170)
[02:41:44.940770] {Default Queue} wl_shm#59.format(892420434)
[02:41:44.940771] {Default Queue} wl_shm#59.format(892426322)
[02:41:44.940772] {Default Queue} wl_shm#59.format(892420418)
[02:41:44.940773] {Default Queue} wl_shm#59.format(892426306)
[02:41:44.940773] {Default Queue} wl_shm#59.format(892424769)
[02:41:44.940774] {Default Queue} wl_shm#59.format(892424792)
[02:41:44.940775] {Default Queue} wl_shm#59.format(808669761)
[02:41:44.940776] {Default Queue} wl_shm#59.format(808669784)
[02:41:44.940777] {Default Queue} wl_shm#59.format(808665665)
[02:41:44.940777] {Default Queue} wl_shm#59.format(808665688)
[02:41:44.940778] {Default Queue} wl_shm#59.format(942948929)
[02:41:44.940779] {Default Queue} wl_shm#59.format(942948952)
[02:41:44.940780] {Default Queue} wl_shm#59.format(1211384385)
[02:41:44.940780] {Default Queue} wl_shm#59.format(1211384408)
[02:41:44.940781] {Default Queue} wl_shm#59.format(1178092097)
[02:41:44.940782] {Default Queue} ext_foreign_toplevel_list_v1#64.toplevel(new id ext_foreign_toplevel_handle_v1#4278190080)
[02:41:44.940784] {Default Queue} ext_foreign_toplevel_handle_v1#4278190080.title("Pearl · Component gallery")
[02:41:44.940786] {Default Queue} ext_foreign_toplevel_handle_v1#4278190080.app_id("pearl")
[02:41:44.940787] {Default Queue} ext_foreign_toplevel_handle_v1#4278190080.identifier("606da7f4aab0d3eb660e1bd1448742f0")
[02:41:44.940788] {Default Queue} ext_foreign_toplevel_handle_v1#4278190080.done()
[02:41:44.940789] {Default Queue} wl_output#66.geometry(0, 0, 0, 0, 0, "Unknown", "Unknown", 0)
[02:41:44.940792] {Default Queue} wl_output#66.mode(1, 1280, 720, 0)
[02:41:44.940793] {Default Queue} wl_output#66.scale(1)
[02:41:44.940794] {Default Queue} wl_output#66.name("HEADLESS-2")
[02:41:44.940795] {Default Queue} wl_output#66.description("Headless output 2")
[02:41:44.940796] {Default Queue} wl_output#66.done()
[02:41:44.940797] {Default Queue} wl_output#67.geometry(0, 0, 0, 0, 0, "Unknown", "Unknown", 0)
[02:41:44.940798] {Default Queue} wl_output#67.mode(1, 1280, 720, 0)
[02:41:44.940800] {Default Queue} wl_output#67.scale(1)
[02:41:44.940800] {Default Queue} wl_output#67.name("HEADLESS-1")
[02:41:44.940801] {Default Queue} wl_output#67.description("Headless output 1")
[02:41:44.940802] {Default Queue} wl_output#67.done()
info(pearl): event=aqueous-availability state=subscribing
info(pearl): event=aqueous-availability state=ready
[02:41:44.941487] {Default Queue}  -> wl_compositor#4.create_surface(new id wl_surface#68)
[02:41:44.941491] {Default Queue}  -> wp_fractional_scale_manager_v1#11.get_fractional_scale(new id wp_fractional_scale_v1#69, wl_surface#68)
[02:41:44.941494] {Default Queue}  -> wp_viewporter#10.get_viewport(new id wp_viewport#70, wl_surface#68)
[02:41:44.941536] {Default Queue}  -> xdg_toplevel_icon_manager_v1#9.create_icon(new id xdg_toplevel_icon_v1#71)
[02:41:44.941550] {Default Queue}  -> zwlr_layer_shell_v1#52.get_layer_surface(new id zwlr_layer_surface_v1#72, wl_surface#68, wl_output#31, 0, "pearl:wallpaper")
[02:41:44.941552] {Default Queue}  -> zwlr_layer_surface_v1#72.set_keyboard_interactivity(0)
[02:41:44.941553] {Default Queue}  -> zwlr_layer_surface_v1#72.set_exclusive_zone(-1)
[02:41:44.941554] {Default Queue}  -> zwlr_layer_surface_v1#72.set_anchor(15)
[02:41:44.941555] {Default Queue}  -> zwlr_layer_surface_v1#72.set_margin(0, 0, 0, 0)
[02:41:44.941556] {Default Queue}  -> zwlr_layer_surface_v1#72.set_size(0, 0)
[02:41:44.941561]  -> wl_surface#68.commit()
[02:41:44.941589] {Default Queue}  -> xdg_activation_v1#15.get_activation_token(new id xdg_activation_token_v1#73)
[02:41:44.941591]  -> xdg_activation_token_v1#73.set_serial(0, wl_seat#3)
[02:41:44.941593]  -> xdg_activation_token_v1#73.commit()
[02:41:44.941764] xdg_activation_token_v1#73.done("b477c93ad26f639e64742b5bb6bf37e6")
[02:41:44.941767]  -> xdg_activation_token_v1#73.destroy()
[02:41:44.941768] {Default Queue}  -> xdg_activation_v1#15.activate("b477c93ad26f639e64742b5bb6bf37e6", wl_surface#68)
[02:41:44.949179] {Default Queue}  -> wl_compositor#4.create_surface(new id wl_surface#74)
[02:41:44.949187] {Default Queue}  -> wp_fractional_scale_manager_v1#11.get_fractional_scale(new id wp_fractional_scale_v1#75, wl_surface#74)
[02:41:44.949191] {Default Queue}  -> wp_viewporter#10.get_viewport(new id wp_viewport#76, wl_surface#74)
[02:41:44.949223] {Default Queue}  -> xdg_toplevel_icon_manager_v1#9.create_icon(new id xdg_toplevel_icon_v1#77)
[02:41:44.949238] {Default Queue}  -> zwlr_layer_shell_v1#52.get_layer_surface(new id zwlr_layer_surface_v1#78, wl_surface#74, wl_output#31, 2, "pearl:bar")
[02:41:44.949241] {Default Queue}  -> zwlr_layer_surface_v1#78.set_keyboard_interactivity(0)
[02:41:44.949242] {Default Queue}  -> zwlr_layer_surface_v1#78.set_exclusive_zone(48)
[02:41:44.949243] {Default Queue}  -> zwlr_layer_surface_v1#78.set_anchor(13)
[02:41:44.949243] {Default Queue}  -> zwlr_layer_surface_v1#78.set_margin(0, 0, 0, 0)
[02:41:44.949245] {Default Queue}  -> zwlr_layer_surface_v1#78.set_size(0, 200)
[02:41:44.949251]  -> wl_surface#74.commit()
info: event=output-mapped id=1 connector=HEADLESS-2 scale=1
[02:41:44.952829] {Default Queue}  -> wl_compositor#4.create_surface(new id wl_surface#79)
[02:41:44.952835] {Default Queue}  -> wp_fractional_scale_manager_v1#11.get_fractional_scale(new id wp_fractional_scale_v1#80, wl_surface#79)
[02:41:44.952837] {Default Queue}  -> wp_viewporter#10.get_viewport(new id wp_viewport#81, wl_surface#79)
[02:41:44.952858] {Default Queue}  -> xdg_toplevel_icon_manager_v1#9.create_icon(new id xdg_toplevel_icon_v1#82)
[02:41:44.952869] {Default Queue}  -> zwlr_layer_shell_v1#52.get_layer_surface(new id zwlr_layer_surface_v1#83, wl_surface#79, wl_output#31, 3, "pearl:dock-reveal")
[02:41:44.952872] {Default Queue}  -> zwlr_layer_surface_v1#83.set_keyboard_interactivity(0)
[02:41:44.952873] {Default Queue}  -> zwlr_layer_surface_v1#83.set_exclusive_zone(-1)
[02:41:44.952873] {Default Queue}  -> zwlr_layer_surface_v1#83.set_anchor(2)
[02:41:44.952874] {Default Queue}  -> zwlr_layer_surface_v1#83.set_margin(0, 0, 0, 0)
[02:41:44.952875] {Default Queue}  -> zwlr_layer_surface_v1#83.set_size(200, 200)
[02:41:44.952879]  -> wl_surface#79.commit()
[02:41:44.953019] {Default Queue}  -> wl_compositor#4.create_surface(new id wl_surface#84)
[02:41:44.953024] {Default Queue}  -> wp_fractional_scale_manager_v1#11.get_fractional_scale(new id wp_fractional_scale_v1#85, wl_surface#84)
[02:41:44.953026] {Default Queue}  -> wp_viewporter#10.get_viewport(new id wp_viewport#86, wl_surface#84)
[02:41:44.953040] {Default Queue}  -> xdg_toplevel_icon_manager_v1#9.create_icon(new id xdg_toplevel_icon_v1#87)
[02:41:44.953048] {Default Queue}  -> zwlr_layer_shell_v1#52.get_layer_surface(new id zwlr_layer_surface_v1#88, wl_surface#84, wl_output#34, 0, "pearl:wallpaper")
[02:41:44.953051] {Default Queue}  -> zwlr_layer_surface_v1#88.set_keyboard_interactivity(0)
[02:41:44.953052] {Default Queue}  -> zwlr_layer_surface_v1#88.set_exclusive_zone(-1)
[02:41:44.953053] {Default Queue}  -> zwlr_layer_surface_v1#88.set_anchor(15)
[02:41:44.953053] {Default Queue}  -> zwlr_layer_surface_v1#88.set_margin(0, 0, 0, 0)
[02:41:44.953054] {Default Queue}  -> zwlr_layer_surface_v1#88.set_size(0, 0)
[02:41:44.953058]  -> wl_surface#84.commit()
[02:41:44.953075] {Default Queue}  -> xdg_activation_v1#15.get_activation_token(new id xdg_activation_token_v1#89)
[02:41:44.953077]  -> xdg_activation_token_v1#89.set_serial(0, wl_seat#3)
[02:41:44.953079]  -> xdg_activation_token_v1#89.commit()
[02:41:44.953299] {Display Queue} wl_display#1.delete_id(73)
[02:41:44.953303] xdg_activation_token_v1#89.done("2f9a22ca260975a9a904fe9c8060f52d")
[02:41:44.953304]  -> xdg_activation_token_v1#89.destroy()
[02:41:44.953306] {Default Queue}  -> xdg_activation_v1#15.activate("2f9a22ca260975a9a904fe9c8060f52d", wl_surface#84)
[02:41:44.954729] {Default Queue}  -> wl_compositor#4.create_surface(new id wl_surface#73)
[02:41:44.954734] {Default Queue}  -> wp_fractional_scale_manager_v1#11.get_fractional_scale(new id wp_fractional_scale_v1#90, wl_surface#73)
[02:41:44.954737] {Default Queue}  -> wp_viewporter#10.get_viewport(new id wp_viewport#91, wl_surface#73)
[02:41:44.954750] {Default Queue}  -> xdg_toplevel_icon_manager_v1#9.create_icon(new id xdg_toplevel_icon_v1#92)
[02:41:44.954757] {Default Queue}  -> zwlr_layer_shell_v1#52.get_layer_surface(new id zwlr_layer_surface_v1#93, wl_surface#73, wl_output#34, 2, "pearl:bar")
[02:41:44.954758] {Default Queue}  -> zwlr_layer_surface_v1#93.set_keyboard_interactivity(0)
[02:41:44.954760] {Default Queue}  -> zwlr_layer_surface_v1#93.set_exclusive_zone(48)
[02:41:44.954761] {Default Queue}  -> zwlr_layer_surface_v1#93.set_anchor(13)
[02:41:44.954761] {Default Queue}  -> zwlr_layer_surface_v1#93.set_margin(0, 0, 0, 0)
[02:41:44.954762] {Default Queue}  -> zwlr_layer_surface_v1#93.set_size(0, 200)
[02:41:44.954765]  -> wl_surface#73.commit()
info: event=output-mapped id=2 connector=HEADLESS-1 scale=1
info(pearl): event=settings-backend-ready session=ed7303dfb127a5917a9ecbf8bcc11c3d
info(pearl): event=control-ready session=ed7303dfb127a5917a9ecbf8bcc11c3d
[02:41:44.955538] {Default Queue} zwlr_layer_surface_v1#72.configure(7, 1280, 720)
[02:41:44.955554] {Default Queue}  -> zwlr_layer_surface_v1#72.ack_configure(7)
[02:41:44.955556] {Default Queue} zwlr_layer_surface_v1#78.configure(8, 1280, 200)
[02:41:44.955638] {Default Queue}  -> zwlr_layer_surface_v1#78.ack_configure(8)
[02:41:44.955639] {Default Queue} zwlr_layer_surface_v1#72.configure(9, 1280, 720)
[02:41:44.955640] {Default Queue}  -> zwlr_layer_surface_v1#72.ack_configure(9)
[02:41:44.955640] {Default Queue} zwlr_layer_surface_v1#78.configure(10, 1280, 200)
[02:41:44.955641] {Default Queue}  -> zwlr_layer_surface_v1#78.ack_configure(10)
[02:41:44.955642] {Default Queue} zwlr_layer_surface_v1#72.configure(11, 1280, 720)
[02:41:44.955642] {Default Queue}  -> zwlr_layer_surface_v1#72.ack_configure(11)
[02:41:44.955643] {Default Queue} zwlr_layer_surface_v1#83.configure(12, 200, 200)
[02:41:44.955649] {Default Queue}  -> zwlr_layer_surface_v1#83.ack_configure(12)
[02:41:44.955650] {Default Queue} zwlr_layer_surface_v1#88.configure(13, 1280, 720)
[02:41:44.955652] {Default Queue}  -> zwlr_layer_surface_v1#88.ack_configure(13)
info: event=app-index-ready entries=162 truncated=false
[02:41:44.955760] {Default Queue}  -> wl_shm#5.create_pool(new id wl_shm_pool#94, fd 18, 3686400)
[02:41:44.955768] {Default Queue}  -> wl_shm_pool#94.create_buffer(new id wl_buffer#95, 0, 1280, 720, 5120, 0)
[02:41:44.958327] {Default Queue}  -> wl_compositor#4.create_region(new id wl_region#96)
[02:41:44.958329] {Default Queue}  -> wl_region#96.add(0, 0, 1280, 720)
[02:41:44.958330]  -> wl_surface#68.set_opaque_region(wl_region#96)
[02:41:44.958331] {Default Queue}  -> wl_region#96.destroy()
[02:41:44.958332] {Default Queue}  -> wp_viewport#70.set_destination(1280, 720)
[02:41:44.958334]  -> wl_surface#68.attach(wl_buffer#95, 0, 0)
[02:41:44.958335]  -> wl_surface#68.damage_buffer(0, 0, 1280, 720)
[02:41:44.958336]  -> wl_surface#68.frame(new id wl_callback#97)
[02:41:44.958338] {Default Queue}  -> wp_presentation#23.feedback(wl_surface#68, new id wp_presentation_feedback#98)
[02:41:44.958340]  -> wl_surface#68.commit()
[02:41:44.958876] {Default Queue}  -> wl_shm#5.create_pool(new id wl_shm_pool#99, fd 18, 245760)
[02:41:44.958882] {Default Queue}  -> wl_shm_pool#99.create_buffer(new id wl_buffer#100, 0, 1280, 48, 5120, 0)
[02:41:44.959528] {Default Queue}  -> zwlr_layer_surface_v1#78.set_size(0, 48)
[02:41:44.959532] {Default Queue}  -> wl_compositor#4.create_region(new id wl_region#101)
[02:41:44.959533] {Default Queue}  -> wl_region#101.add(76, 4, 6, 40)
[02:41:44.959535]  -> wl_surface#74.set_opaque_region(wl_region#101)
[02:41:44.959535] {Default Queue}  -> wl_region#101.destroy()
[02:41:44.959536] {Default Queue}  -> wp_viewport#76.set_destination(1280, 48)
[02:41:44.959538]  -> wl_surface#74.attach(wl_buffer#100, 0, 0)
[02:41:44.959539]  -> wl_surface#74.damage_buffer(0, 0, 1280, 48)
[02:41:44.959540]  -> wl_surface#74.frame(new id wl_callback#102)
[02:41:44.959541] {Default Queue}  -> wp_presentation#23.feedback(wl_surface#74, new id wp_presentation_feedback#103)
[02:41:44.959542]  -> wl_surface#74.commit()
[02:41:44.959567] {Default Queue}  -> ext_background_effect_manager_v1#51.get_background_effect(new id ext_background_effect_surface_v1#104, wl_surface#74)
[02:41:44.959569] {Default Queue}  -> wl_compositor#49.create_region(new id wl_region#105)
[02:41:44.959581] {Default Queue}  -> wl_region#105.add(19, 4, 641, 1)
[02:41:44.959583] {Default Queue}  -> wl_region#105.add(690, 4, 128, 1)
[02:41:44.959584] {Default Queue}  -> wl_region#105.add(888, 4, 373, 1)
[02:41:44.959585] {Default Queue}  -> wl_region#105.add(17, 5, 645, 1)
[02:41:44.959585] {Default Queue}  -> wl_region#105.add(688, 5, 132, 1)
[02:41:44.959586] {Default Queue}  -> wl_region#105.add(886, 5, 377, 1)
[02:41:44.959587] {Default Queue}  -> wl_region#105.add(16, 6, 647, 1)
[02:41:44.959587] {Default Queue}  -> wl_region#105.add(687, 6, 134, 1)
[02:41:44.959588] {Default Queue}  -> wl_region#105.add(885, 6, 379, 1)
[02:41:44.959588] {Default Queue}  -> wl_region#105.add(15, 7, 649, 1)
[02:41:44.959589] {Default Queue}  -> wl_region#105.add(686, 7, 136, 1)
[02:41:44.959590] {Default Queue}  -> wl_region#105.add(884, 7, 381, 1)
[02:41:44.959590] {Default Queue}  -> wl_region#105.add(14, 8, 651, 1)
[02:41:44.959591] {Default Queue}  -> wl_region#105.add(685, 8, 138, 1)
[02:41:44.959591] {Default Queue}  -> wl_region#105.add(883, 8, 383, 1)
[02:41:44.959592] {Default Queue}  -> wl_region#105.add(13, 9, 653, 1)
[02:41:44.959593] {Default Queue}  -> wl_region#105.add(684, 9, 140, 1)
[02:41:44.959593] {Default Queue}  -> wl_region#105.add(882, 9, 385, 1)
[02:41:44.959594] {Default Queue}  -> wl_region#105.add(12, 10, 655, 2)
[02:41:44.959595] {Default Queue}  -> wl_region#105.add(683, 10, 142, 2)
[02:41:44.959595] {Default Queue}  -> wl_region#105.add(881, 10, 387, 2)
[02:41:44.959596] {Default Queue}  -> wl_region#105.add(11, 12, 657, 5)
[02:41:44.959597] {Default Queue}  -> wl_region#105.add(682, 12, 144, 5)
[02:41:44.959597] {Default Queue}  -> wl_region#105.add(880, 12, 389, 5)
[02:41:44.959598] {Default Queue}  -> wl_region#105.add(10, 17, 659, 14)
[02:41:44.959599] {Default Queue}  -> wl_region#105.add(681, 17, 146, 14)
[02:41:44.959599] {Default Queue}  -> wl_region#105.add(879, 17, 391, 14)
[02:41:44.959600] {Default Queue}  -> wl_region#105.add(11, 31, 657, 5)
[02:41:44.959600] {Default Queue}  -> wl_region#105.add(682, 31, 144, 5)
[02:41:44.959601] {Default Queue}  -> wl_region#105.add(880, 31, 389, 5)
[02:41:44.959602] {Default Queue}  -> wl_region#105.add(12, 36, 655, 2)
[02:41:44.959602] {Default Queue}  -> wl_region#105.add(683, 36, 142, 2)
[02:41:44.959603] {Default Queue}  -> wl_region#105.add(881, 36, 387, 2)
[02:41:44.959603] {Default Queue}  -> wl_region#105.add(13, 38, 653, 1)
[02:41:44.959604] {Default Queue}  -> wl_region#105.add(684, 38, 140, 1)
[02:41:44.959605] {Default Queue}  -> wl_region#105.add(882, 38, 385, 1)
[02:41:44.959605] {Default Queue}  -> wl_region#105.add(14, 39, 651, 1)
[02:41:44.959606] {Default Queue}  -> wl_region#105.add(685, 39, 138, 1)
[02:41:44.959607] {Default Queue}  -> wl_region#105.add(883, 39, 383, 1)
[02:41:44.959607] {Default Queue}  -> wl_region#105.add(15, 40, 649, 1)
[02:41:44.959608] {Default Queue}  -> wl_region#105.add(686, 40, 136, 1)
[02:41:44.959608] {Default Queue}  -> wl_region#105.add(884, 40, 381, 1)
[02:41:44.959609] {Default Queue}  -> wl_region#105.add(16, 41, 647, 1)
[02:41:44.959610] {Default Queue}  -> wl_region#105.add(687, 41, 134, 1)
[02:41:44.959610] {Default Queue}  -> wl_region#105.add(885, 41, 379, 1)
[02:41:44.959611] {Default Queue}  -> wl_region#105.add(17, 42, 645, 1)
[02:41:44.959612] {Default Queue}  -> wl_region#105.add(688, 42, 132, 1)
[02:41:44.959612] {Default Queue}  -> wl_region#105.add(886, 42, 377, 1)
[02:41:44.959613] {Default Queue}  -> wl_region#105.add(19, 43, 641, 1)
[02:41:44.959613] {Default Queue}  -> wl_region#105.add(690, 43, 128, 1)
[02:41:44.959614] {Default Queue}  -> wl_region#105.add(888, 43, 373, 1)
[02:41:44.959615] {Default Queue}  -> ext_background_effect_surface_v1#104.set_blur_region(wl_region#105)
[02:41:44.959616] {Default Queue}  -> wl_region#105.destroy()
[02:41:44.959681] {Default Queue}  -> wl_shm#5.create_pool(new id wl_shm_pool#106, fd 18, 704)
[02:41:44.959684] {Default Queue}  -> wl_shm_pool#106.create_buffer(new id wl_buffer#107, 0, 88, 2, 352, 0)
[02:41:44.959705] {Default Queue}  -> zwlr_layer_surface_v1#83.set_size(88, 2)
[02:41:44.959707] {Default Queue}  -> wp_viewport#81.set_destination(88, 2)
[02:41:44.959707]  -> wl_surface#79.attach(wl_buffer#107, 0, 0)
[02:41:44.959708]  -> wl_surface#79.damage_buffer(0, 0, 88, 2)
[02:41:44.959709]  -> wl_surface#79.frame(new id wl_callback#108)
[02:41:44.959710] {Default Queue}  -> wp_presentation#23.feedback(wl_surface#79, new id wp_presentation_feedback#109)
[02:41:44.959711]  -> wl_surface#79.commit()
[02:41:44.959752] {Default Queue}  -> wl_shm#5.create_pool(new id wl_shm_pool#110, fd 19, 3686400)
[02:41:44.959754] {Default Queue}  -> wl_shm_pool#110.create_buffer(new id wl_buffer#111, 0, 1280, 720, 5120, 0)
[02:41:44.962263] {Default Queue}  -> wl_compositor#4.create_region(new id wl_region#112)
[02:41:44.962265] {Default Queue}  -> wl_region#112.add(0, 0, 1280, 720)
[02:41:44.962266]  -> wl_surface#84.set_opaque_region(wl_region#112)
[02:41:44.962267] {Default Queue}  -> wl_region#112.destroy()
[02:41:44.962268] {Default Queue}  -> wp_viewport#86.set_destination(1280, 720)
[02:41:44.962269]  -> wl_surface#84.attach(wl_buffer#111, 0, 0)
[02:41:44.962269]  -> wl_surface#84.damage_buffer(0, 0, 1280, 720)
[02:41:44.962270]  -> wl_surface#84.frame(new id wl_callback#113)
[02:41:44.962271] {Default Queue}  -> wp_presentation#23.feedback(wl_surface#84, new id wp_presentation_feedback#114)
[02:41:44.962272]  -> wl_surface#84.commit()
[02:41:44.962297] {Display Queue} wl_display#1.delete_id(89)
[02:41:44.962300] {Display Queue} wl_display#1.delete_id(96)
[02:41:44.962301] {Default Queue} zwlr_layer_surface_v1#93.configure(14, 1280, 200)
[02:41:44.962424] {Default Queue}  -> zwlr_layer_surface_v1#93.ack_configure(14)
[02:41:44.962425] {Default Queue} zwlr_layer_surface_v1#88.configure(15, 1280, 720)
[02:41:44.962426] {Default Queue}  -> zwlr_layer_surface_v1#88.ack_configure(15)
[02:41:44.962427] {Default Queue} zwlr_layer_surface_v1#78.configure(16, 1280, 200)
[02:41:44.962428] {Default Queue}  -> zwlr_layer_surface_v1#78.ack_configure(16)
[02:41:44.962429] {Default Queue} zwlr_layer_surface_v1#72.configure(17, 1280, 720)
[02:41:44.962430] {Default Queue}  -> zwlr_layer_surface_v1#72.ack_configure(17)
[02:41:44.962431] {Default Queue} zwlr_layer_surface_v1#83.configure(18, 200, 200)
[02:41:44.962432] {Default Queue}  -> zwlr_layer_surface_v1#83.ack_configure(18)
[02:41:44.962433] {Default Queue} wp_fractional_scale_v1#69.preferred_scale(120)
[02:41:44.962434] {Default Queue} wl_buffer#95.release()
[02:41:44.962435] wl_surface#68.enter(wl_output#66)
[02:41:44.962438] wl_surface#68.enter(wl_output#31)
[02:41:44.962439] wl_surface#68.preferred_buffer_scale(1)
[02:41:44.962934] {Default Queue}  -> wl_shm#5.create_pool(new id wl_shm_pool#96, fd 18, 245760)
[02:41:44.962938] {Default Queue}  -> wl_shm_pool#96.create_buffer(new id wl_buffer#89, 0, 1280, 48, 5120, 0)
[02:41:44.963252] {Default Queue}  -> zwlr_layer_surface_v1#93.set_size(0, 48)
[02:41:44.963254] {Default Queue}  -> wl_compositor#4.create_region(new id wl_region#115)
[02:41:44.963255] {Default Queue}  -> wl_region#115.add(76, 4, 6, 40)
[02:41:44.963256]  -> wl_surface#73.set_opaque_region(wl_region#115)
[02:41:44.963257] {Default Queue}  -> wl_region#115.destroy()
[02:41:44.963257] {Default Queue}  -> wp_viewport#91.set_destination(1280, 48)
[02:41:44.963258]  -> wl_surface#73.attach(wl_buffer#89, 0, 0)
[02:41:44.963259]  -> wl_surface#73.damage_buffer(0, 0, 1280, 48)
[02:41:44.963260]  -> wl_surface#73.frame(new id wl_callback#116)
[02:41:44.963261] {Default Queue}  -> wp_presentation#23.feedback(wl_surface#73, new id wp_presentation_feedback#117)
[02:41:44.963263]  -> wl_surface#73.commit()
[02:41:44.963286] {Default Queue}  -> ext_background_effect_manager_v1#51.get_background_effect(new id ext_background_effect_surface_v1#118, wl_surface#73)
[02:41:44.963288] {Default Queue}  -> wl_compositor#49.create_region(new id wl_region#119)
[02:41:44.963301] {Default Queue}  -> wl_region#119.add(19, 4, 525, 1)
[02:41:44.963302] {Default Queue}  -> wl_region#119.add(576, 4, 128, 1)
[02:41:44.963303] {Default Queue}  -> wl_region#119.add(888, 4, 373, 1)
[02:41:44.963303] {Default Queue}  -> wl_region#119.add(17, 5, 529, 1)
[02:41:44.963304] {Default Queue}  -> wl_region#119.add(574, 5, 132, 1)
[02:41:44.963305] {Default Queue}  -> wl_region#119.add(886, 5, 377, 1)
[02:41:44.963305] {Default Queue}  -> wl_region#119.add(16, 6, 531, 1)
[02:41:44.963306] {Default Queue}  -> wl_region#119.add(573, 6, 134, 1)
[02:41:44.963307] {Default Queue}  -> wl_region#119.add(885, 6, 379, 1)
[02:41:44.963307] {Default Queue}  -> wl_region#119.add(15, 7, 533, 1)
[02:41:44.963308] {Default Queue}  -> wl_region#119.add(572, 7, 136, 1)
[02:41:44.963308] {Default Queue}  -> wl_region#119.add(884, 7, 381, 1)
[02:41:44.963309] {Default Queue}  -> wl_region#119.add(14, 8, 535, 1)
[02:41:44.963310] {Default Queue}  -> wl_region#119.add(571, 8, 138, 1)
[02:41:44.963310] {Default Queue}  -> wl_region#119.add(883, 8, 383, 1)
[02:41:44.963311] {Default Queue}  -> wl_region#119.add(13, 9, 537, 1)
[02:41:44.963311] {Default Queue}  -> wl_region#119.add(570, 9, 140, 1)
[02:41:44.963312] {Default Queue}  -> wl_region#119.add(882, 9, 385, 1)
[02:41:44.963313] {Default Queue}  -> wl_region#119.add(12, 10, 539, 2)
[02:41:44.963313] {Default Queue}  -> wl_region#119.add(569, 10, 142, 2)
[02:41:44.963314] {Default Queue}  -> wl_region#119.add(881, 10, 387, 2)
[02:41:44.963315] {Default Queue}  -> wl_region#119.add(11, 12, 541, 5)
[02:41:44.963315] {Default Queue}  -> wl_region#119.add(568, 12, 144, 5)
[02:41:44.963316] {Default Queue}  -> wl_region#119.add(880, 12, 389, 5)
[02:41:44.963316] {Default Queue}  -> wl_region#119.add(10, 17, 543, 14)
[02:41:44.963317] {Default Queue}  -> wl_region#119.add(567, 17, 146, 14)
[02:41:44.963318] {Default Queue}  -> wl_region#119.add(879, 17, 391, 14)
[02:41:44.963318] {Default Queue}  -> wl_region#119.add(11, 31, 541, 5)
[02:41:44.963319] {Default Queue}  -> wl_region#119.add(568, 31, 144, 5)
[02:41:44.963319] {Default Queue}  -> wl_region#119.add(880, 31, 389, 5)
[02:41:44.963320] {Default Queue}  -> wl_region#119.add(12, 36, 539, 2)
[02:41:44.963321] {Default Queue}  -> wl_region#119.add(569, 36, 142, 2)
[02:41:44.963321] {Default Queue}  -> wl_region#119.add(881, 36, 387, 2)
[02:41:44.963322] {Default Queue}  -> wl_region#119.add(13, 38, 537, 1)
[02:41:44.963323] {Default Queue}  -> wl_region#119.add(570, 38, 140, 1)
[02:41:44.963323] {Default Queue}  -> wl_region#119.add(882, 38, 385, 1)
[02:41:44.963324] {Default Queue}  -> wl_region#119.add(14, 39, 535, 1)
[02:41:44.963324] {Default Queue}  -> wl_region#119.add(571, 39, 138, 1)
[02:41:44.963325] {Default Queue}  -> wl_region#119.add(883, 39, 383, 1)
[02:41:44.963326] {Default Queue}  -> wl_region#119.add(15, 40, 533, 1)
[02:41:44.963326] {Default Queue}  -> wl_region#119.add(572, 40, 136, 1)
[02:41:44.963327] {Default Queue}  -> wl_region#119.add(884, 40, 381, 1)
[02:41:44.963327] {Default Queue}  -> wl_region#119.add(16, 41, 531, 1)
[02:41:44.963328] {Default Queue}  -> wl_region#119.add(573, 41, 134, 1)
[02:41:44.963329] {Default Queue}  -> wl_region#119.add(885, 41, 379, 1)
[02:41:44.963329] {Default Queue}  -> wl_region#119.add(17, 42, 529, 1)
[02:41:44.963330] {Default Queue}  -> wl_region#119.add(574, 42, 132, 1)
[02:41:44.963330] {Default Queue}  -> wl_region#119.add(886, 42, 377, 1)
[02:41:44.963331] {Default Queue}  -> wl_region#119.add(19, 43, 525, 1)
[02:41:44.963332] {Default Queue}  -> wl_region#119.add(576, 43, 128, 1)
[02:41:44.963332] {Default Queue}  -> wl_region#119.add(888, 43, 373, 1)
[02:41:44.963333] {Default Queue}  -> ext_background_effect_surface_v1#118.set_blur_region(wl_region#119)
[02:41:44.963334] {Default Queue}  -> wl_region#119.destroy()
[02:41:44.964443] {Display Queue} wl_display#1.delete_id(97)
[02:41:44.964446] {Display Queue} wl_display#1.delete_id(98)
[02:41:44.964447] {Default Queue} wl_callback#97.done(46761622)
[02:41:44.964451] {Default Queue} wp_presentation_feedback#98.sync_output(wl_output#66)
[02:41:44.964452] {Default Queue} wp_presentation_feedback#98.sync_output(wl_output#31)
[02:41:44.964453] {Default Queue} wp_presentation_feedback#98.presented(0, 46761, 622332891, 0, 0, 0, 0)
[02:41:44.964455] wl_surface#68.preferred_buffer_transform(0)
[02:41:44.964483] {Default Queue}  -> wl_compositor#4.create_region(new id wl_region#98)
[02:41:44.964485]  -> wl_surface#68.set_input_region(wl_region#98)
[02:41:44.964485] {Default Queue}  -> wl_region#98.destroy()
[02:41:44.964486]  -> wl_surface#68.attach(wl_buffer#95, 0, 0)
[02:41:44.964487]  -> wl_surface#68.frame(new id wl_callback#97)
[02:41:44.964488] {Default Queue}  -> wp_presentation#23.feedback(wl_surface#68, new id wp_presentation_feedback#120)
[02:41:44.964489]  -> wl_surface#68.commit()
[02:41:44.967771] {Display Queue} wl_display#1.delete_id(101)
[02:41:44.967777] {Display Queue} wl_display#1.delete_id(105)
[02:41:44.967779] {Display Queue} wl_display#1.delete_id(112)
[02:41:44.967779] {Display Queue} wl_display#1.delete_id(115)
[02:41:44.967780] {Display Queue} wl_display#1.delete_id(119)
[02:41:44.967781] {Display Queue} wl_display#1.delete_id(98)
[02:41:44.967782] {Default Queue} zwlr_layer_surface_v1#78.configure(19, 1280, 48)
[02:41:44.967787] {Default Queue}  -> zwlr_layer_surface_v1#78.ack_configure(19)
[02:41:44.967789] {Default Queue} zwlr_layer_surface_v1#72.configure(20, 1280, 720)
[02:41:44.967790] {Default Queue}  -> zwlr_layer_surface_v1#72.ack_configure(20)
[02:41:44.967791] {Default Queue} zwlr_layer_surface_v1#83.configure(21, 200, 200)
[02:41:44.967794] {Default Queue}  -> zwlr_layer_surface_v1#83.ack_configure(21)
[02:41:44.967795] {Default Queue} wp_fractional_scale_v1#75.preferred_scale(120)
[02:41:44.967796] {Default Queue} zwlr_layer_surface_v1#78.configure(22, 1280, 48)
[02:41:44.967798] {Default Queue}  -> zwlr_layer_surface_v1#78.ack_configure(22)
[02:41:44.967799] {Default Queue} zwlr_layer_surface_v1#72.configure(23, 1280, 720)
[02:41:44.967800] {Default Queue}  -> zwlr_layer_surface_v1#72.ack_configure(23)
[02:41:44.967801] {Default Queue} zwlr_layer_surface_v1#83.configure(24, 200, 200)
[02:41:44.967802] {Default Queue}  -> zwlr_layer_surface_v1#83.ack_configure(24)
[02:41:44.967803] {Default Queue} wl_buffer#100.release()
[02:41:44.967804] {Default Queue} zwlr_layer_surface_v1#78.configure(25, 1280, 48)
[02:41:44.967805] {Default Queue}  -> zwlr_layer_surface_v1#78.ack_configure(25)
[02:41:44.967806] {Default Queue} zwlr_layer_surface_v1#72.configure(26, 1280, 720)
[02:41:44.967807] {Default Queue}  -> zwlr_layer_surface_v1#72.ack_configure(26)
[02:41:44.967808] {Default Queue} zwlr_layer_surface_v1#83.configure(27, 88, 2)
[02:41:44.967809] {Default Queue}  -> zwlr_layer_surface_v1#83.ack_configure(27)
[02:41:44.967810] {Default Queue} wp_fractional_scale_v1#80.preferred_scale(120)
[02:41:44.967811] {Default Queue} zwlr_layer_surface_v1#78.configure(28, 1280, 48)
[02:41:44.967812] {Default Queue}  -> zwlr_layer_surface_v1#78.ack_configure(28)
[02:41:44.967813] {Default Queue} zwlr_layer_surface_v1#72.configure(29, 1280, 720)
[02:41:44.967814] {Default Queue}  -> zwlr_layer_surface_v1#72.ack_configure(29)
[02:41:44.967815] {Default Queue} zwlr_layer_surface_v1#83.configure(30, 88, 2)
[02:41:44.967816] {Default Queue}  -> zwlr_layer_surface_v1#83.ack_configure(30)
[02:41:44.967817] {Default Queue} wl_buffer#107.release()
[02:41:44.967818] {Default Queue} zwlr_layer_surface_v1#93.configure(31, 1280, 200)
[02:41:44.967820] {Default Queue}  -> zwlr_layer_surface_v1#93.ack_configure(31)
[02:41:44.967821] {Default Queue} zwlr_layer_surface_v1#88.configure(32, 1280, 720)
[02:41:44.967823] {Default Queue}  -> zwlr_layer_surface_v1#88.ack_configure(32)
[02:41:44.967824] {Default Queue} wp_fractional_scale_v1#85.preferred_scale(120)
[02:41:44.967825] {Default Queue} wl_buffer#111.release()
[02:41:44.967826] {Default Queue} zwlr_layer_surface_v1#93.configure(33, 1280, 48)
[02:41:44.967828] {Default Queue}  -> zwlr_layer_surface_v1#93.ack_configure(33)
[02:41:44.967829] {Default Queue} zwlr_layer_surface_v1#88.configure(34, 1280, 720)
[02:41:44.967830] {Default Queue}  -> zwlr_layer_surface_v1#88.ack_configure(34)
[02:41:44.967831] {Default Queue} wp_fractional_scale_v1#90.preferred_scale(120)
[02:41:44.967832] {Default Queue} zwlr_layer_surface_v1#93.configure(35, 1280, 48)
[02:41:44.967833] {Default Queue}  -> zwlr_layer_surface_v1#93.ack_configure(35)
[02:41:44.967834] {Default Queue} zwlr_layer_surface_v1#88.configure(36, 1280, 720)
[02:41:44.967835] {Default Queue}  -> zwlr_layer_surface_v1#88.ack_configure(36)
[02:41:44.967836] {Default Queue} wl_buffer#89.release()
[02:41:44.967837] {Default Queue} wl_buffer#95.release()
[02:41:44.967838] wl_surface#73.enter(wl_output#67)
[02:41:44.967871] wl_surface#73.enter(wl_output#34)
[02:41:44.967885] wl_surface#73.preferred_buffer_scale(1)
[02:41:44.967887] wl_surface#84.enter(wl_output#67)
[02:41:44.967888] wl_surface#84.enter(wl_output#34)
[02:41:44.967890] wl_surface#84.preferred_buffer_scale(1)
[02:41:44.967891] wl_surface#79.enter(wl_output#66)
[02:41:44.967892] wl_surface#79.enter(wl_output#31)
[02:41:44.967893] wl_surface#79.preferred_buffer_scale(1)
[02:41:44.967894] wl_surface#74.enter(wl_output#66)
[02:41:44.967930] wl_surface#74.enter(wl_output#31)
[02:41:44.967942] wl_surface#74.preferred_buffer_scale(1)
[02:41:44.980801] {Display Queue} wl_display#1.delete_id(97)
[02:41:44.980810] {Display Queue} wl_display#1.delete_id(102)
[02:41:44.980811] {Display Queue} wl_display#1.delete_id(108)
[02:41:44.980812] {Display Queue} wl_display#1.delete_id(120)
[02:41:44.980813] {Display Queue} wl_display#1.delete_id(103)
[02:41:44.980814] {Display Queue} wl_display#1.delete_id(109)
[02:41:44.980815] {Default Queue} wl_callback#97.done(46761638)
[02:41:44.980826] {Default Queue} wl_callback#102.done(46761638)
[02:41:44.980829] {Default Queue} wl_callback#108.done(46761638)
[02:41:44.980832] {Default Queue} wp_presentation_feedback#120.sync_output(wl_output#66)
[02:41:44.980834] {Default Queue} wp_presentation_feedback#120.sync_output(wl_output#31)
[02:41:44.980835] {Default Queue} wp_presentation_feedback#120.presented(0, 46761, 638669264, 0, 0, 0, 0)
[02:41:44.980838] {Default Queue} wp_presentation_feedback#103.sync_output(wl_output#66)
[02:41:44.980839] {Default Queue} wp_presentation_feedback#103.sync_output(wl_output#31)
[02:41:44.980840] {Default Queue} wp_presentation_feedback#103.presented(0, 46761, 638669264, 0, 0, 0, 0)
[02:41:44.980843] {Default Queue} wp_presentation_feedback#109.sync_output(wl_output#66)
[02:41:44.980844] {Default Queue} wp_presentation_feedback#109.sync_output(wl_output#31)
[02:41:44.980845] {Default Queue} wp_presentation_feedback#109.presented(0, 46761, 638669264, 0, 0, 0, 0)
[02:41:44.980847] wl_surface#79.preferred_buffer_transform(0)
[02:41:44.980849] wl_surface#74.preferred_buffer_transform(0)
[02:41:44.980875]  -> wl_surface#68.commit()
[02:41:44.981012] {Default Queue}  -> wl_compositor#4.create_region(new id wl_region#109)
[02:41:44.981015] {Default Queue}  -> wl_region#109.add(19, 4, 641, 1)
[02:41:44.981017] {Default Queue}  -> wl_region#109.add(690, 4, 128, 1)
[02:41:44.981018] {Default Queue}  -> wl_region#109.add(888, 4, 373, 1)
[02:41:44.981020] {Default Queue}  -> wl_region#109.add(17, 5, 645, 1)
[02:41:44.981021] {Default Queue}  -> wl_region#109.add(688, 5, 132, 1)
[02:41:44.981022] {Default Queue}  -> wl_region#109.add(886, 5, 377, 1)
[02:41:44.981023] {Default Queue}  -> wl_region#109.add(16, 6, 647, 1)
[02:41:44.981024] {Default Queue}  -> wl_region#109.add(687, 6, 134, 1)
[02:41:44.981025] {Default Queue}  -> wl_region#109.add(885, 6, 379, 1)
[02:41:44.981026] {Default Queue}  -> wl_region#109.add(15, 7, 649, 1)
[02:41:44.981027] {Default Queue}  -> wl_region#109.add(686, 7, 136, 1)
[02:41:44.981028] {Default Queue}  -> wl_region#109.add(884, 7, 381, 1)
[02:41:44.981029] {Default Queue}  -> wl_region#109.add(14, 8, 651, 1)
[02:41:44.981030] {Default Queue}  -> wl_region#109.add(685, 8, 138, 1)
[02:41:44.981031] {Default Queue}  -> wl_region#109.add(883, 8, 383, 1)
[02:41:44.981032] {Default Queue}  -> wl_region#109.add(13, 9, 653, 1)
[02:41:44.981033] {Default Queue}  -> wl_region#109.add(684, 9, 140, 1)
[02:41:44.981034] {Default Queue}  -> wl_region#109.add(882, 9, 385, 1)
[02:41:44.981035] {Default Queue}  -> wl_region#109.add(12, 10, 655, 2)
[02:41:44.981036] {Default Queue}  -> wl_region#109.add(683, 10, 142, 2)
[02:41:44.981037] {Default Queue}  -> wl_region#109.add(881, 10, 387, 2)
[02:41:44.981038] {Default Queue}  -> wl_region#109.add(11, 12, 657, 5)
[02:41:44.981039] {Default Queue}  -> wl_region#109.add(682, 12, 144, 5)
[02:41:44.981040] {Default Queue}  -> wl_region#109.add(880, 12, 389, 5)
[02:41:44.981041] {Default Queue}  -> wl_region#109.add(10, 17, 659, 14)
[02:41:44.981043] {Default Queue}  -> wl_region#109.add(681, 17, 146, 14)
[02:41:44.981044] {Default Queue}  -> wl_region#109.add(879, 17, 391, 14)
[02:41:44.981045] {Default Queue}  -> wl_region#109.add(11, 31, 657, 5)
[02:41:44.981046] {Default Queue}  -> wl_region#109.add(682, 31, 144, 5)
[02:41:44.981047] {Default Queue}  -> wl_region#109.add(880, 31, 389, 5)
[02:41:44.981048] {Default Queue}  -> wl_region#109.add(12, 36, 655, 2)
[02:41:44.981049] {Default Queue}  -> wl_region#109.add(683, 36, 142, 2)
[02:41:44.981050] {Default Queue}  -> wl_region#109.add(881, 36, 387, 2)
[02:41:44.981051] {Default Queue}  -> wl_region#109.add(13, 38, 653, 1)
[02:41:44.981052] {Default Queue}  -> wl_region#109.add(684, 38, 140, 1)
[02:41:44.981053] {Default Queue}  -> wl_region#109.add(882, 38, 385, 1)
[02:41:44.981054] {Default Queue}  -> wl_region#109.add(14, 39, 651, 1)
[02:41:44.981055] {Default Queue}  -> wl_region#109.add(685, 39, 138, 1)
[02:41:44.981056] {Default Queue}  -> wl_region#109.add(883, 39, 383, 1)
[02:41:44.981057] {Default Queue}  -> wl_region#109.add(15, 40, 649, 1)
[02:41:44.981058] {Default Queue}  -> wl_region#109.add(686, 40, 136, 1)
[02:41:44.981059] {Default Queue}  -> wl_region#109.add(884, 40, 381, 1)
[02:41:44.981060] {Default Queue}  -> wl_region#109.add(16, 41, 647, 1)
[02:41:44.981061] {Default Queue}  -> wl_region#109.add(687, 41, 134, 1)
[02:41:44.981062] {Default Queue}  -> wl_region#109.add(885, 41, 379, 1)
[02:41:44.981063] {Default Queue}  -> wl_region#109.add(17, 42, 645, 1)
[02:41:44.981064] {Default Queue}  -> wl_region#109.add(688, 42, 132, 1)
[02:41:44.981065] {Default Queue}  -> wl_region#109.add(886, 42, 377, 1)
[02:41:44.981066] {Default Queue}  -> wl_region#109.add(19, 43, 641, 1)
[02:41:44.981067] {Default Queue}  -> wl_region#109.add(690, 43, 128, 1)
[02:41:44.981068] {Default Queue}  -> wl_region#109.add(888, 43, 373, 1)
[02:41:44.981069]  -> wl_surface#74.set_input_region(wl_region#109)
[02:41:44.981070] {Default Queue}  -> wl_region#109.destroy()
[02:41:44.981071]  -> wl_surface#74.attach(wl_buffer#100, 0, 0)
[02:41:44.981072]  -> wl_surface#74.frame(new id wl_callback#103)
[02:41:44.981074] {Default Queue}  -> wp_presentation#23.feedback(wl_surface#74, new id wp_presentation_feedback#120)
[02:41:44.981075]  -> wl_surface#74.commit()
[02:41:44.981135]  -> wl_surface#79.attach(wl_buffer#107, 0, 0)
[02:41:44.981140]  -> wl_surface#79.frame(new id wl_callback#108)
[02:41:44.981142] {Default Queue}  -> wp_presentation#23.feedback(wl_surface#79, new id wp_presentation_feedback#102)
[02:41:44.981144]  -> wl_surface#79.commit()
[02:41:44.981162] {Display Queue} wl_display#1.delete_id(113)
[02:41:44.981165] {Display Queue} wl_display#1.delete_id(116)
[02:41:44.981165] {Display Queue} wl_display#1.delete_id(114)
[02:41:44.981166] {Display Queue} wl_display#1.delete_id(117)
[02:41:44.981166] {Default Queue} wl_callback#113.done(46761638)
[02:41:44.981171] {Default Queue} wl_callback#116.done(46761638)
[02:41:44.981172] {Default Queue} wp_presentation_feedback#114.sync_output(wl_output#67)
[02:41:44.981173] {Default Queue} wp_presentation_feedback#114.sync_output(wl_output#34)
[02:41:44.981174] {Default Queue} wp_presentation_feedback#114.presented(0, 46761, 638866616, 0, 0, 0, 0)
[02:41:44.981176] {Default Queue} wp_presentation_feedback#117.sync_output(wl_output#67)
[02:41:44.981177] {Default Queue} wp_presentation_feedback#117.sync_output(wl_output#34)
[02:41:44.981177] {Default Queue} wp_presentation_feedback#117.presented(0, 46761, 638866616, 0, 0, 0, 0)
[02:41:44.981179] wl_surface#73.preferred_buffer_transform(0)
[02:41:44.981180] wl_surface#84.preferred_buffer_transform(0)
[02:41:44.982144] {Default Queue}  -> wl_compositor#4.create_surface(new id wl_surface#117)
[02:41:44.982147] {Default Queue}  -> wp_fractional_scale_manager_v1#11.get_fractional_scale(new id wp_fractional_scale_v1#114, wl_surface#117)
[02:41:44.982150] {Default Queue}  -> wp_viewporter#10.get_viewport(new id wp_viewport#116, wl_surface#117)
[02:41:44.982171] {Default Queue}  -> xdg_toplevel_icon_manager_v1#9.create_icon(new id xdg_toplevel_icon_v1#113)
[02:41:44.982184] {Default Queue}  -> zwlr_layer_shell_v1#52.get_layer_surface(new id zwlr_layer_surface_v1#97, wl_surface#117, wl_output#31, 3, "pearl:popup")
[02:41:44.982188] {Default Queue}  -> zwlr_layer_surface_v1#97.set_keyboard_interactivity(1)
[02:41:44.982189] {Default Queue}  -> zwlr_layer_surface_v1#97.set_exclusive_zone(0)
[02:41:44.982190] {Default Queue}  -> zwlr_layer_surface_v1#97.set_anchor(15)
[02:41:44.982190] {Default Queue}  -> zwlr_layer_surface_v1#97.set_margin(0, 0, 0, 0)
[02:41:44.982191] {Default Queue}  -> zwlr_layer_surface_v1#97.set_size(0, 0)
[02:41:44.982195]  -> wl_surface#117.commit()
[02:41:44.982302] {Default Queue}  -> ext_background_effect_manager_v1#51.get_background_effect(new id ext_background_effect_surface_v1#98, wl_surface#117)
[02:41:44.982304] {Default Queue}  -> wl_compositor#49.create_region(new id wl_region#119)
[02:41:44.982310] {Default Queue}  -> wl_region#119.add(-11, -20, 22, 1)
[02:41:44.982313] {Default Queue}  -> wl_region#119.add(-13, -19, 26, 1)
[02:41:44.982314] {Default Queue}  -> wl_region#119.add(-14, -18, 28, 1)
[02:41:44.982314] {Default Queue}  -> wl_region#119.add(-15, -17, 30, 1)
[02:41:44.982316] {Default Queue}  -> wl_region#119.add(-16, -16, 32, 1)
[02:41:44.982316] {Default Queue}  -> wl_region#119.add(-17, -15, 34, 1)
[02:41:44.982317] {Default Queue}  -> wl_region#119.add(-18, -14, 36, 2)
[02:41:44.982318] {Default Queue}  -> wl_region#119.add(-19, -12, 38, 5)
[02:41:44.982318] {Default Queue}  -> wl_region#119.add(-20, -7, 40, 14)
[02:41:44.982319] {Default Queue}  -> wl_region#119.add(-19, 7, 38, 5)
[02:41:44.982320] {Default Queue}  -> wl_region#119.add(-18, 12, 36, 2)
[02:41:44.982320] {Default Queue}  -> wl_region#119.add(-17, 14, 34, 1)
[02:41:44.982321] {Default Queue}  -> wl_region#119.add(-16, 15, 32, 1)
[02:41:44.982321] {Default Queue}  -> wl_region#119.add(-15, 16, 30, 1)
[02:41:44.982322] {Default Queue}  -> wl_region#119.add(-14, 17, 28, 1)
[02:41:44.982323] {Default Queue}  -> wl_region#119.add(-13, 18, 26, 1)
[02:41:44.982323] {Default Queue}  -> wl_region#119.add(-11, 19, 22, 1)
[02:41:44.982324] {Default Queue}  -> ext_background_effect_surface_v1#98.set_blur_region(wl_region#119)
[02:41:44.982325] {Default Queue}  -> wl_region#119.destroy()
[02:41:44.982386] {Default Queue}  -> wl_display#1.get_registry(new id wl_registry#115)
[02:41:44.982396] {Default Queue}  -> xdg_activation_v1#15.get_activation_token(new id xdg_activation_token_v1#112)
[02:41:44.982398]  -> xdg_activation_token_v1#112.set_serial(0, wl_seat#3)
[02:41:44.982399]  -> xdg_activation_token_v1#112.commit()
[02:41:44.982403] {Display Queue} wl_display#1.delete_id(109)
[02:41:44.982489] {Display Queue} wl_display#1.delete_id(119)
[02:41:44.982527] xdg_activation_token_v1#112.done("db19654c10b986650098d23f9c096ada")
[02:41:44.982529]  -> xdg_activation_token_v1#112.destroy()
[02:41:44.982530] {Default Queue}  -> xdg_activation_v1#15.activate("db19654c10b986650098d23f9c096ada", wl_surface#117)
info: event=popup-opened output=1
[02:41:44.982551] {Default Queue} wl_buffer#100.release()
[02:41:44.982553] {Default Queue} wl_buffer#107.release()
[02:41:44.982554] {Default Queue} zwlr_layer_surface_v1#78.configure(38, 1280, 48)
[02:41:44.982558] {Default Queue}  -> zwlr_layer_surface_v1#78.ack_configure(38)
[02:41:44.982559] {Default Queue} zwlr_layer_surface_v1#72.configure(39, 1280, 720)
[02:41:44.982560] {Default Queue}  -> zwlr_layer_surface_v1#72.ack_configure(39)
[02:41:44.982561] {Default Queue} zwlr_layer_surface_v1#83.configure(40, 88, 2)
[02:41:44.982564] {Default Queue}  -> zwlr_layer_surface_v1#83.ack_configure(40)
[02:41:44.982564] {Default Queue} zwlr_layer_surface_v1#97.configure(41, 1280, 672)
[02:41:44.982568] {Default Queue}  -> zwlr_layer_surface_v1#97.ack_configure(41)
[02:41:44.982568] {Default Queue} wl_registry#115.global(1, "wl_compositor", 6)
[02:41:44.982569] {Default Queue} wl_registry#115.global(2, "wl_fixes", 1)
[02:41:44.982570] {Default Queue} wl_registry#115.global(3, "wp_security_context_manager_v1", 1)
[02:41:44.982571] {Default Queue} wl_registry#115.global(4, "wl_shm", 2)
[02:41:44.982571] {Default Queue} wl_registry#115.global(5, "wp_single_pixel_buffer_manager_v1", 1)
[02:41:44.982572] {Default Queue} wl_registry#115.global(6, "wp_alpha_modifier_v1", 1)
[02:41:44.982572] {Default Queue} wl_registry#115.global(7, "wp_color_representation_manager_v1", 1)
[02:41:44.982573] {Default Queue} wl_registry#115.global(8, "wp_content_type_manager_v1", 1)
[02:41:44.982574] {Default Queue} wl_registry#115.global(9, "wp_fifo_manager_v1", 1)
[02:41:44.982574] {Default Queue} wl_registry#115.global(10, "wp_commit_timing_manager_v1", 1)
[02:41:44.982576] {Default Queue} wl_registry#115.global(11, "xdg_wm_dialog_v1", 1)
[02:41:44.982576] {Default Queue} wl_registry#115.global(12, "xdg_toplevel_drag_manager_v1", 1)
[02:41:44.982577] {Default Queue} wl_registry#115.global(13, "xdg_toplevel_icon_manager_v1", 1)
[02:41:44.982577] {Default Queue} wl_registry#115.global(14, "xdg_toplevel_tag_manager_v1", 1)
[02:41:44.982578] {Default Queue} wl_registry#115.global(15, "wp_viewporter", 1)
[02:41:44.982580] {Default Queue} wl_registry#115.global(16, "wp_fractional_scale_manager_v1", 1)
[02:41:44.982581] {Default Queue} wl_registry#115.global(17, "wl_subcompositor", 1)
[02:41:44.982582] {Default Queue} wl_registry#115.global(18, "wp_cursor_shape_manager_v1", 2)
[02:41:44.982582] {Default Queue} wl_registry#115.global(19, "xdg_wm_base", 7)
[02:41:44.982583] {Default Queue} wl_registry#115.global(20, "zxdg_decoration_manager_v1", 1)
[02:41:44.982583] {Default Queue} wl_registry#115.global(21, "org_kde_kwin_server_decoration_manager", 1)
[02:41:44.982584] {Default Queue} wl_registry#115.global(22, "xdg_activation_v1", 1)
[02:41:44.982585] {Default Queue} wl_registry#115.global(23, "zxdg_exporter_v2", 1)
[02:41:44.982585] {Default Queue} wl_registry#115.global(24, "zxdg_importer_v2", 1)
[02:41:44.982586] {Default Queue} wl_registry#115.global(25, "wl_data_device_manager", 3)
[02:41:44.982586] {Default Queue} wl_registry#115.global(26, "zwp_primary_selection_device_manager_v1", 1)
[02:41:44.982587] {Default Queue} wl_registry#115.global(27, "ext_data_control_manager_v1", 1)
[02:41:44.982587] {Default Queue} wl_registry#115.global(28, "zwlr_data_control_manager_v1", 2)
[02:41:44.982588] {Default Queue} wl_registry#115.global(29, "zwlr_export_dmabuf_manager_v1", 1)
[02:41:44.982589] {Default Queue} wl_registry#115.global(30, "zwlr_screencopy_manager_v1", 3)
[02:41:44.982589] {Default Queue} wl_registry#115.global(31, "ext_image_copy_capture_manager_v1", 1)
[02:41:44.982590] {Default Queue} wl_registry#115.global(32, "aqueous_capture_color_manager_v1", 1)
[02:41:44.982591] {Default Queue} wl_registry#115.global(33, "ext_output_image_capture_source_manager_v1", 1)
[02:41:44.982591] {Default Queue} wl_registry#115.global(34, "zwlr_foreign_toplevel_manager_v1", 3)
[02:41:44.982592] {Default Queue} wl_registry#115.global(35, "ext_foreign_toplevel_list_v1", 1)
[02:41:44.982592] {Default Queue} wl_registry#115.global(36, "ext_foreign_toplevel_image_capture_source_manager_v1", 1)
[02:41:44.982593] {Default Queue} wl_registry#115.global(37, "wp_tearing_control_manager_v1", 1)
[02:41:44.982594] {Default Queue} wl_registry#115.global(38, "zwp_linux_dmabuf_v1", 5)
[02:41:44.982594] {Default Queue} wl_registry#115.global(39, "wp_linux_drm_syncobj_manager_v1", 1)
[02:41:44.982595] {Default Queue} wl_registry#115.global(40, "wp_color_manager_v1", 3)
[02:41:44.982595] {Default Queue} wl_registry#115.global(41, "aqueous_window_manager_v1", 10)
[02:41:44.982596] {Default Queue} wl_registry#115.global(42, "ext_workspace_manager_v1", 1)
[02:41:44.982597] {Default Queue} wl_registry#115.global(43, "aqueous_window_info_manager_v1", 8)
[02:41:44.982597] {Default Queue} wl_registry#115.global(44, "aqueous_xkb_bindings_v1", 3)
[02:41:44.982598] {Default Queue} wl_registry#115.global(45, "aqueous_layer_shell_v1", 1)
[02:41:44.982598] {Default Queue} wl_registry#115.global(46, "zwlr_layer_shell_v1", 4)
[02:41:44.982599] {Default Queue} wl_registry#115.global(47, "zwlr_gamma_control_manager_v1", 1)
[02:41:44.982600] {Default Queue} wl_registry#115.global(48, "wp_presentation", 2)
[02:41:44.982600] {Default Queue} wl_registry#115.global(49, "zxdg_output_manager_v1", 3)
[02:41:44.982601] {Default Queue} wl_registry#115.global(50, "zwlr_output_manager_v1", 4)
[02:41:44.982601] {Default Queue} wl_registry#115.global(51, "zwlr_output_power_manager_v1", 1)
[02:41:44.982602] {Default Queue} wl_registry#115.global(52, "aqueous_input_manager_v1", 2)
[02:41:44.982603] {Default Queue} wl_registry#115.global(53, "ext_idle_notifier_v1", 2)
[02:41:44.982603] {Default Queue} wl_registry#115.global(54, "zwp_relative_pointer_manager_v1", 1)
[02:41:44.982604] {Default Queue} wl_registry#115.global(55, "zwp_pointer_gestures_v1", 3)
[02:41:44.982604] {Default Queue} wl_registry#115.global(56, "zwlr_virtual_pointer_manager_v1", 2)
[02:41:44.982605] {Default Queue} wl_registry#115.global(57, "zwp_virtual_keyboard_manager_v1", 1)
[02:41:44.982605] {Default Queue} wl_registry#115.global(58, "zwp_pointer_constraints_v1", 1)
[02:41:44.982606] {Default Queue} wl_registry#115.global(59, "zwp_input_method_manager_v2", 1)
[02:41:44.982607] {Default Queue} wl_registry#115.global(60, "zwp_text_input_manager_v3", 1)
[02:41:44.982607] {Default Queue}  -> wl_registry#115.bind(60, "zwp_text_input_manager_v3", 1, new id [unknown]#119)
[02:41:44.982609] {Default Queue}  -> zwp_text_input_manager_v3#119.get_text_input(new id zwp_text_input_v3#109, wl_seat#3)
[02:41:44.982610] {Default Queue} wl_registry#115.global(61, "zwp_tablet_manager_v2", 1)
[02:41:44.982611] {Default Queue} wl_registry#115.global(62, "wp_pointer_warp_v1", 1)
[02:41:44.982611] {Default Queue} wl_registry#115.global(63, "wl_seat", 9)
[02:41:44.982612] {Default Queue} wl_registry#115.global(64, "aqueous_libinput_config_v1", 2)
[02:41:44.982612] {Default Queue} wl_registry#115.global(65, "aqueous_xkb_config_v1", 2)
[02:41:44.982613] {Default Queue} wl_registry#115.global(66, "zwp_idle_inhibit_manager_v1", 1)
[02:41:44.982614] {Default Queue} wl_registry#115.global(67, "ext_session_lock_manager_v1", 1)
[02:41:44.982614] {Default Queue} wl_registry#115.global(68, "aqueous_shell_manager_v1", 2)
[02:41:44.982615] {Default Queue} wl_registry#115.global(69, "zwp_keyboard_shortcuts_inhibit_manager_v1", 1)
[02:41:44.982615] {Default Queue} wl_registry#115.global(70, "ext_background_effect_manager_v1", 1)
[02:41:44.982616] {Default Queue} wl_registry#115.global(71, "xdg_system_bell_v1", 1)
[02:41:44.982617] {Default Queue} wl_registry#115.global(72, "wl_output", 4)
[02:41:44.982617] {Default Queue} wl_registry#115.global(73, "wl_output", 4)
[02:41:44.982665] {Default Queue}  -> wl_compositor#4.create_region(new id wl_region#105)
[02:41:44.982667]  -> wl_surface#84.set_input_region(wl_region#105)
[02:41:44.982667] {Default Queue}  -> wl_region#105.destroy()
[02:41:44.982668]  -> wl_surface#84.attach(wl_buffer#111, 0, 0)
[02:41:44.982669]  -> wl_surface#84.frame(new id wl_callback#101)
[02:41:44.982670] {Default Queue}  -> wp_presentation#23.feedback(wl_surface#84, new id wp_presentation_feedback#121)
[02:41:44.982671]  -> wl_surface#84.commit()
[02:41:44.982738] {Default Queue}  -> wl_compositor#4.create_region(new id wl_region#122)
[02:41:44.982742] {Default Queue}  -> wl_region#122.add(19, 4, 525, 1)
[02:41:44.982743] {Default Queue}  -> wl_region#122.add(576, 4, 128, 1)
[02:41:44.982744] {Default Queue}  -> wl_region#122.add(888, 4, 373, 1)
[02:41:44.982745] {Default Queue}  -> wl_region#122.add(17, 5, 529, 1)
[02:41:44.982746] {Default Queue}  -> wl_region#122.add(574, 5, 132, 1)
[02:41:44.982747] {Default Queue}  -> wl_region#122.add(886, 5, 377, 1)
[02:41:44.982748] {Default Queue}  -> wl_region#122.add(16, 6, 531, 1)
[02:41:44.982749] {Default Queue}  -> wl_region#122.add(573, 6, 134, 1)
[02:41:44.982750] {Default Queue}  -> wl_region#122.add(885, 6, 379, 1)
[02:41:44.982751] {Default Queue}  -> wl_region#122.add(15, 7, 533, 1)
[02:41:44.982752] {Default Queue}  -> wl_region#122.add(572, 7, 136, 1)
[02:41:44.982753] {Default Queue}  -> wl_region#122.add(884, 7, 381, 1)
[02:41:44.982754] {Default Queue}  -> wl_region#122.add(14, 8, 535, 1)
[02:41:44.982755] {Default Queue}  -> wl_region#122.add(571, 8, 138, 1)
[02:41:44.982755] {Default Queue}  -> wl_region#122.add(883, 8, 383, 1)
[02:41:44.982756] {Default Queue}  -> wl_region#122.add(13, 9, 537, 1)
[02:41:44.982757] {Default Queue}  -> wl_region#122.add(570, 9, 140, 1)
[02:41:44.982758] {Default Queue}  -> wl_region#122.add(882, 9, 385, 1)
[02:41:44.982759] {Default Queue}  -> wl_region#122.add(12, 10, 539, 2)
[02:41:44.982760] {Default Queue}  -> wl_region#122.add(569, 10, 142, 2)
[02:41:44.982761] {Default Queue}  -> wl_region#122.add(881, 10, 387, 2)
[02:41:44.982762] {Default Queue}  -> wl_region#122.add(11, 12, 541, 5)
[02:41:44.982763] {Default Queue}  -> wl_region#122.add(568, 12, 144, 5)
[02:41:44.982764] {Default Queue}  -> wl_region#122.add(880, 12, 389, 5)
[02:41:44.982765] {Default Queue}  -> wl_region#122.add(10, 17, 543, 14)
[02:41:44.982766] {Default Queue}  -> wl_region#122.add(567, 17, 146, 14)
[02:41:44.982767] {Default Queue}  -> wl_region#122.add(879, 17, 391, 14)
[02:41:44.982768] {Default Queue}  -> wl_region#122.add(11, 31, 541, 5)
[02:41:44.982769] {Default Queue}  -> wl_region#122.add(568, 31, 144, 5)
[02:41:44.982770] {Default Queue}  -> wl_region#122.add(880, 31, 389, 5)
[02:41:44.982771] {Default Queue}  -> wl_region#122.add(12, 36, 539, 2)
[02:41:44.982772] {Default Queue}  -> wl_region#122.add(569, 36, 142, 2)
[02:41:44.982773] {Default Queue}  -> wl_region#122.add(881, 36, 387, 2)
[02:41:44.982773] {Default Queue}  -> wl_region#122.add(13, 38, 537, 1)
[02:41:44.982774] {Default Queue}  -> wl_region#122.add(570, 38, 140, 1)
[02:41:44.982775] {Default Queue}  -> wl_region#122.add(882, 38, 385, 1)
[02:41:44.982776] {Default Queue}  -> wl_region#122.add(14, 39, 535, 1)
[02:41:44.982777] {Default Queue}  -> wl_region#122.add(571, 39, 138, 1)
[02:41:44.982778] {Default Queue}  -> wl_region#122.add(883, 39, 383, 1)
[02:41:44.982779] {Default Queue}  -> wl_region#122.add(15, 40, 533, 1)
[02:41:44.982780] {Default Queue}  -> wl_region#122.add(572, 40, 136, 1)
[02:41:44.982781] {Default Queue}  -> wl_region#122.add(884, 40, 381, 1)
[02:41:44.982781] {Default Queue}  -> wl_region#122.add(16, 41, 531, 1)
[02:41:44.982782] {Default Queue}  -> wl_region#122.add(573, 41, 134, 1)
[02:41:44.982783] {Default Queue}  -> wl_region#122.add(885, 41, 379, 1)
[02:41:44.982784] {Default Queue}  -> wl_region#122.add(17, 42, 529, 1)
[02:41:44.982785] {Default Queue}  -> wl_region#122.add(574, 42, 132, 1)
[02:41:44.982786] {Default Queue}  -> wl_region#122.add(886, 42, 377, 1)
[02:41:44.982787] {Default Queue}  -> wl_region#122.add(19, 43, 525, 1)
[02:41:44.982788] {Default Queue}  -> wl_region#122.add(576, 43, 128, 1)
[02:41:44.982789] {Default Queue}  -> wl_region#122.add(888, 43, 373, 1)
[02:41:44.982790]  -> wl_surface#73.set_input_region(wl_region#122)
[02:41:44.982790] {Default Queue}  -> wl_region#122.destroy()
[02:41:44.982791]  -> wl_surface#73.attach(wl_buffer#89, 0, 0)
[02:41:44.982792]  -> wl_surface#73.frame(new id wl_callback#123)
[02:41:44.982793] {Default Queue}  -> wp_presentation#23.feedback(wl_surface#73, new id wp_presentation_feedback#124)
[02:41:44.982795]  -> wl_surface#73.commit()
[02:41:44.985240] {Default Queue}  -> wl_shm#5.create_pool(new id wl_shm_pool#125, fd 18, 3440640)
[02:41:44.985246] {Default Queue}  -> wl_shm_pool#125.create_buffer(new id wl_buffer#126, 0, 1280, 672, 5120, 0)
[02:41:44.986448] {Default Queue}  -> wl_compositor#4.create_region(new id wl_region#127)
[02:41:44.986451] {Default Queue}  -> wl_region#127.add(377, 90, 526, 54)
[02:41:44.986452]  -> wl_surface#117.set_opaque_region(wl_region#127)
[02:41:44.986453] {Default Queue}  -> wl_region#127.destroy()
[02:41:44.986454] {Default Queue}  -> wp_viewport#116.set_destination(1280, 672)
[02:41:44.986455]  -> wl_surface#117.attach(wl_buffer#126, 0, 0)
[02:41:44.986456]  -> wl_surface#117.damage_buffer(0, 0, 1280, 672)
[02:41:44.986457]  -> wl_surface#117.frame(new id wl_callback#128)
[02:41:44.986459] {Default Queue}  -> wp_presentation#23.feedback(wl_surface#117, new id wp_presentation_feedback#129)
[02:41:44.986461]  -> wl_surface#117.commit()
[02:41:44.986466] {Default Queue}  -> wl_compositor#49.create_region(new id wl_region#130)
[02:41:44.986496] {Default Queue}  -> wl_region#130.add(339, 36, 602, 1)
[02:41:44.986498] {Default Queue}  -> wl_region#130.add(337, 37, 606, 1)
[02:41:44.986498] {Default Queue}  -> wl_region#130.add(336, 38, 608, 1)
[02:41:44.986499] {Default Queue}  -> wl_region#130.add(335, 39, 610, 1)
[02:41:44.986500] {Default Queue}  -> wl_region#130.add(334, 40, 612, 1)
[02:41:44.986500] {Default Queue}  -> wl_region#130.add(333, 41, 614, 1)
[02:41:44.986501] {Default Queue}  -> wl_region#130.add(332, 42, 616, 2)
[02:41:44.986502] {Default Queue}  -> wl_region#130.add(331, 44, 618, 5)
[02:41:44.986502] {Default Queue}  -> wl_region#130.add(330, 49, 620, 574)
[02:41:44.986503] {Default Queue}  -> wl_region#130.add(331, 623, 618, 5)
[02:41:44.986503] {Default Queue}  -> wl_region#130.add(332, 628, 616, 2)
[02:41:44.986504] {Default Queue}  -> wl_region#130.add(333, 630, 614, 1)
[02:41:44.986505] {Default Queue}  -> wl_region#130.add(334, 631, 612, 1)
[02:41:44.986505] {Default Queue}  -> wl_region#130.add(335, 632, 610, 1)
[02:41:44.986506] {Default Queue}  -> wl_region#130.add(336, 633, 608, 1)
[02:41:44.986506] {Default Queue}  -> wl_region#130.add(337, 634, 606, 1)
[02:41:44.986507] {Default Queue}  -> wl_region#130.add(339, 635, 602, 1)
[02:41:44.986508] {Default Queue}  -> ext_background_effect_surface_v1#98.set_blur_region(wl_region#130)
[02:41:44.986509] {Default Queue}  -> wl_region#130.destroy()
info: event=launcher-results count=116 shown=116 publish_us=6575
[02:41:44.989214] {Display Queue} wl_display#1.delete_id(112)
[02:41:44.989218] {Display Queue} wl_display#1.delete_id(105)
[02:41:44.989218] {Display Queue} wl_display#1.delete_id(122)
[02:41:44.989219] {Display Queue} wl_display#1.delete_id(127)
[02:41:44.989219] {Display Queue} wl_display#1.delete_id(130)
[02:41:44.989220] {Default Queue} wl_buffer#111.release()
[02:41:44.989221] {Default Queue} wl_buffer#89.release()
[02:41:44.989222] {Default Queue} zwlr_layer_surface_v1#78.configure(42, 1280, 48)
[02:41:44.989227] {Default Queue}  -> zwlr_layer_surface_v1#78.ack_configure(42)
[02:41:44.989228] {Default Queue} zwlr_layer_surface_v1#72.configure(43, 1280, 720)
[02:41:44.989230] {Default Queue}  -> zwlr_layer_surface_v1#72.ack_configure(43)
[02:41:44.989230] {Default Queue} zwlr_layer_surface_v1#83.configure(44, 88, 2)
[02:41:44.989232] {Default Queue}  -> zwlr_layer_surface_v1#83.ack_configure(44)
[02:41:44.989233] {Default Queue} zwlr_layer_surface_v1#97.configure(45, 1280, 672)
[02:41:44.989233] {Default Queue}  -> zwlr_layer_surface_v1#97.ack_configure(45)
[02:41:44.989234] {Default Queue} wp_fractional_scale_v1#114.preferred_scale(120)
[02:41:44.989235] {Default Queue} wl_buffer#126.release()
[02:41:44.989235] {Default Queue} wl_data_device#38.selection(nil)
[02:41:44.989239] {Default Queue} zwp_primary_selection_device_v1#37.selection(nil)
[02:41:44.989241] wl_surface#117.enter(wl_output#66)
[02:41:44.989299] wl_surface#117.enter(wl_output#31)
[02:41:44.989311] wl_surface#117.preferred_buffer_scale(1)
info: event=launcher-results count=116 shown=116 publish_us=4015
[02:41:44.998087] {Display Queue} wl_display#1.delete_id(103)
[02:41:44.998098] {Display Queue} wl_display#1.delete_id(108)
[02:41:44.998099] {Display Queue} wl_display#1.delete_id(128)
[02:41:44.998100] {Display Queue} wl_display#1.delete_id(120)
[02:41:44.998100] {Display Queue} wl_display#1.delete_id(102)
[02:41:44.998101] {Display Queue} wl_display#1.delete_id(129)
[02:41:44.998101] {Default Queue} wl_callback#103.done(46761655)
[02:41:44.998109] {Default Queue} wl_callback#108.done(46761655)
[02:41:44.998111] {Default Queue} wl_callback#128.done(46761655)
[02:41:44.998113] {Default Queue} wp_presentation_feedback#120.sync_output(wl_output#66)
[02:41:44.998114] {Default Queue} wp_presentation_feedback#120.sync_output(wl_output#31)
[02:41:44.998114] {Default Queue} wp_presentation_feedback#120.presented(0, 46761, 655953576, 0, 0, 0, 0)
[02:41:44.998117] {Default Queue} wp_presentation_feedback#102.sync_output(wl_output#66)
[02:41:44.998118] {Default Queue} wp_presentation_feedback#102.sync_output(wl_output#31)
[02:41:44.998119] {Default Queue} wp_presentation_feedback#102.presented(0, 46761, 655953576, 0, 0, 0, 0)
[02:41:44.998120] {Default Queue} wp_presentation_feedback#129.sync_output(wl_output#66)
[02:41:44.998121] {Default Queue} wp_presentation_feedback#129.sync_output(wl_output#31)
[02:41:44.998121] {Default Queue} wp_presentation_feedback#129.presented(0, 46761, 655953576, 0, 0, 0, 0)
[02:41:44.998124] wl_surface#117.preferred_buffer_transform(0)
[02:41:44.998508]  -> wl_surface#74.attach(wl_buffer#100, 0, 0)
[02:41:44.998513]  -> wl_surface#74.damage_buffer(4, 4, 829, 40)
[02:41:44.998515]  -> wl_surface#74.frame(new id wl_callback#129)
[02:41:44.998520] {Default Queue}  -> wp_presentation#23.feedback(wl_surface#74, new id wp_presentation_feedback#102)
[02:41:44.998522]  -> wl_surface#74.commit()
[02:41:44.998571] {Default Queue}  -> wl_compositor#49.create_region(new id wl_region#120)
[02:41:44.998586] {Default Queue}  -> wl_region#120.add(19, 4, 504, 1)
[02:41:44.998587] {Default Queue}  -> wl_region#120.add(576, 4, 128, 1)
[02:41:44.998588] {Default Queue}  -> wl_region#120.add(888, 4, 373, 1)
[02:41:44.998589] {Default Queue}  -> wl_region#120.add(17, 5, 508, 1)
[02:41:44.998589] {Default Queue}  -> wl_region#120.add(574, 5, 132, 1)
[02:41:44.998590] {Default Queue}  -> wl_region#120.add(886, 5, 377, 1)
[02:41:44.998611] {Default Queue}  -> wl_region#120.add(16, 6, 510, 1)
[02:41:44.998612] {Default Queue}  -> wl_region#120.add(573, 6, 134, 1)
[02:41:44.998612] {Default Queue}  -> wl_region#120.add(885, 6, 379, 1)
[02:41:44.998613] {Default Queue}  -> wl_region#120.add(15, 7, 512, 1)
[02:41:44.998614] {Default Queue}  -> wl_region#120.add(572, 7, 136, 1)
[02:41:44.998614] {Default Queue}  -> wl_region#120.add(884, 7, 381, 1)
[02:41:44.998615] {Default Queue}  -> wl_region#120.add(14, 8, 514, 1)
[02:41:44.998616] {Default Queue}  -> wl_region#120.add(571, 8, 138, 1)
[02:41:44.998623] {Default Queue}  -> wl_region#120.add(883, 8, 383, 1)
[02:41:44.998624] {Default Queue}  -> wl_region#120.add(13, 9, 516, 1)
[02:41:44.998625] {Default Queue}  -> wl_region#120.add(570, 9, 140, 1)
[02:41:44.998626] {Default Queue}  -> wl_region#120.add(882, 9, 385, 1)
[02:41:44.998627] {Default Queue}  -> wl_region#120.add(12, 10, 518, 2)
[02:41:44.998628] {Default Queue}  -> wl_region#120.add(569, 10, 142, 2)
[02:41:44.998629] {Default Queue}  -> wl_region#120.add(881, 10, 387, 2)
[02:41:44.998629] {Default Queue}  -> wl_region#120.add(11, 12, 520, 5)
[02:41:44.998630] {Default Queue}  -> wl_region#120.add(568, 12, 144, 5)
[02:41:44.998631] {Default Queue}  -> wl_region#120.add(880, 12, 389, 5)
[02:41:44.998632] {Default Queue}  -> wl_region#120.add(10, 17, 522, 14)
[02:41:44.998633] {Default Queue}  -> wl_region#120.add(567, 17, 146, 14)
[02:41:44.998634] {Default Queue}  -> wl_region#120.add(879, 17, 391, 14)
[02:41:44.998635] {Default Queue}  -> wl_region#120.add(11, 31, 520, 5)
[02:41:44.998636] {Default Queue}  -> wl_region#120.add(568, 31, 144, 5)
[02:41:44.998637] {Default Queue}  -> wl_region#120.add(880, 31, 389, 5)
[02:41:44.998638] {Default Queue}  -> wl_region#120.add(12, 36, 518, 2)
[02:41:44.998639] {Default Queue}  -> wl_region#120.add(569, 36, 142, 2)
[02:41:44.998639] {Default Queue}  -> wl_region#120.add(881, 36, 387, 2)
[02:41:44.998640] {Default Queue}  -> wl_region#120.add(13, 38, 516, 1)
[02:41:44.998641] {Default Queue}  -> wl_region#120.add(570, 38, 140, 1)
[02:41:44.998642] {Default Queue}  -> wl_region#120.add(882, 38, 385, 1)
[02:41:44.998643] {Default Queue}  -> wl_region#120.add(14, 39, 514, 1)
[02:41:44.998644] {Default Queue}  -> wl_region#120.add(571, 39, 138, 1)
[02:41:44.998645] {Default Queue}  -> wl_region#120.add(883, 39, 383, 1)
[02:41:44.998646] {Default Queue}  -> wl_region#120.add(15, 40, 512, 1)
[02:41:44.998647] {Default Queue}  -> wl_region#120.add(572, 40, 136, 1)
[02:41:44.998648] {Default Queue}  -> wl_region#120.add(884, 40, 381, 1)
[02:41:44.998649] {Default Queue}  -> wl_region#120.add(16, 41, 510, 1)
[02:41:44.998650] {Default Queue}  -> wl_region#120.add(573, 41, 134, 1)
[02:41:44.998651] {Default Queue}  -> wl_region#120.add(885, 41, 379, 1)
[02:41:44.998652] {Default Queue}  -> wl_region#120.add(17, 42, 508, 1)
[02:41:44.998653] {Default Queue}  -> wl_region#120.add(574, 42, 132, 1)
[02:41:44.998654] {Default Queue}  -> wl_region#120.add(886, 42, 377, 1)
[02:41:44.998655] {Default Queue}  -> wl_region#120.add(19, 43, 504, 1)
[02:41:44.998656] {Default Queue}  -> wl_region#120.add(576, 43, 128, 1)
[02:41:44.998657] {Default Queue}  -> wl_region#120.add(888, 43, 373, 1)
[02:41:44.998658] {Default Queue}  -> ext_background_effect_surface_v1#104.set_blur_region(wl_region#120)
[02:41:44.998660] {Default Queue}  -> wl_region#120.destroy()
[02:41:44.998703]  -> wl_surface#79.attach(wl_buffer#107, 0, 0)
[02:41:44.998705]  -> wl_surface#79.frame(new id wl_callback#128)
[02:41:44.998706] {Default Queue}  -> wp_presentation#23.feedback(wl_surface#79, new id wp_presentation_feedback#108)
[02:41:44.998708]  -> wl_surface#79.commit()
[02:41:45.011748] {Default Queue}  -> wl_compositor#4.create_region(new id wl_region#103)
[02:41:45.011754] {Default Queue}  -> wl_region#103.add(365, 158, 550, 62)
[02:41:45.011757]  -> wl_surface#117.set_opaque_region(wl_region#103)
[02:41:45.011758] {Default Queue}  -> wl_region#103.destroy()
[02:41:45.011760]  -> wl_surface#117.attach(wl_buffer#126, 0, 0)
[02:41:45.011761]  -> wl_surface#117.damage_buffer(346, 86, 588, 62)
[02:41:45.011762]  -> wl_surface#117.damage_buffer(353, 158, 574, 426)
[02:41:45.011763]  -> wl_surface#117.damage_buffer(351, 600, 285, 15)
[02:41:45.011764]  -> wl_surface#117.frame(new id wl_callback#130)
[02:41:45.011766] {Default Queue}  -> wp_presentation#23.feedback(wl_surface#117, new id wp_presentation_feedback#127)
[02:41:45.011768]  -> wl_surface#117.commit()
info: event=launcher-painted latency_us=21933
[02:41:45.011829] {Display Queue} wl_display#1.delete_id(101)
[02:41:45.011830] {Display Queue} wl_display#1.delete_id(123)
[02:41:45.011831] {Display Queue} wl_display#1.delete_id(121)
[02:41:45.011832] {Display Queue} wl_display#1.delete_id(124)
[02:41:45.011832] {Display Queue} wl_display#1.delete_id(120)
[02:41:45.011833] {Default Queue} wl_callback#101.done(46761656)
[02:41:45.011838] {Default Queue} wl_callback#123.done(46761656)
[02:41:45.011842] {Default Queue} wp_presentation_feedback#121.sync_output(wl_output#67)
[02:41:45.011843] {Default Queue} wp_presentation_feedback#121.sync_output(wl_output#34)
[02:41:45.011843] {Default Queue} wp_presentation_feedback#121.presented(0, 46761, 656224719, 0, 0, 0, 0)
[02:41:45.011845] {Default Queue} wp_presentation_feedback#124.sync_output(wl_output#67)
[02:41:45.011846] {Default Queue} wp_presentation_feedback#124.sync_output(wl_output#34)
[02:41:45.011847] {Default Queue} wp_presentation_feedback#124.presented(0, 46761, 656224719, 0, 0, 0, 0)
[02:41:45.011848] {Default Queue} wl_buffer#100.release()
[02:41:45.011948]  -> wl_surface#68.commit()
[02:41:45.012106]  -> wl_surface#73.attach(wl_buffer#89, 0, 0)
[02:41:45.012108]  -> wl_surface#73.damage_buffer(4, 4, 555, 40)
[02:41:45.012109]  -> wl_surface#73.frame(new id wl_callback#124)
[02:41:45.012110] {Default Queue}  -> wp_presentation#23.feedback(wl_surface#73, new id wp_presentation_feedback#121)
[02:41:45.012112]  -> wl_surface#73.commit()
[02:41:45.012136] {Default Queue}  -> wl_compositor#49.create_region(new id wl_region#123)
[02:41:45.012150] {Default Queue}  -> wl_region#123.add(19, 4, 504, 1)
[02:41:45.012152] {Default Queue}  -> wl_region#123.add(576, 4, 128, 1)
[02:41:45.012152] {Default Queue}  -> wl_region#123.add(888, 4, 373, 1)
[02:41:45.012153] {Default Queue}  -> wl_region#123.add(17, 5, 508, 1)
[02:41:45.012154] {Default Queue}  -> wl_region#123.add(574, 5, 132, 1)
[02:41:45.012154] {Default Queue}  -> wl_region#123.add(886, 5, 377, 1)
[02:41:45.012155] {Default Queue}  -> wl_region#123.add(16, 6, 510, 1)
[02:41:45.012156] {Default Queue}  -> wl_region#123.add(573, 6, 134, 1)
[02:41:45.012156] {Default Queue}  -> wl_region#123.add(885, 6, 379, 1)
[02:41:45.012157] {Default Queue}  -> wl_region#123.add(15, 7, 512, 1)
[02:41:45.012158] {Default Queue}  -> wl_region#123.add(572, 7, 136, 1)
[02:41:45.012158] {Default Queue}  -> wl_region#123.add(884, 7, 381, 1)
[02:41:45.012159] {Default Queue}  -> wl_region#123.add(14, 8, 514, 1)
[02:41:45.012159] {Default Queue}  -> wl_region#123.add(571, 8, 138, 1)
[02:41:45.012160] {Default Queue}  -> wl_region#123.add(883, 8, 383, 1)
[02:41:45.012161] {Default Queue}  -> wl_region#123.add(13, 9, 516, 1)
[02:41:45.012161] {Default Queue}  -> wl_region#123.add(570, 9, 140, 1)
[02:41:45.012162] {Default Queue}  -> wl_region#123.add(882, 9, 385, 1)
[02:41:45.012163] {Default Queue}  -> wl_region#123.add(12, 10, 518, 2)
[02:41:45.012163] {Default Queue}  -> wl_region#123.add(569, 10, 142, 2)
[02:41:45.012164] {Default Queue}  -> wl_region#123.add(881, 10, 387, 2)
[02:41:45.012165] {Default Queue}  -> wl_region#123.add(11, 12, 520, 5)
[02:41:45.012165] {Default Queue}  -> wl_region#123.add(568, 12, 144, 5)
[02:41:45.012166] {Default Queue}  -> wl_region#123.add(880, 12, 389, 5)
[02:41:45.012166] {Default Queue}  -> wl_region#123.add(10, 17, 522, 14)
[02:41:45.012167] {Default Queue}  -> wl_region#123.add(567, 17, 146, 14)
[02:41:45.012168] {Default Queue}  -> wl_region#123.add(879, 17, 391, 14)
[02:41:45.012168] {Default Queue}  -> wl_region#123.add(11, 31, 520, 5)
[02:41:45.012169] {Default Queue}  -> wl_region#123.add(568, 31, 144, 5)
[02:41:45.012169] {Default Queue}  -> wl_region#123.add(880, 31, 389, 5)
[02:41:45.012170] {Default Queue}  -> wl_region#123.add(12, 36, 518, 2)
[02:41:45.012171] {Default Queue}  -> wl_region#123.add(569, 36, 142, 2)
[02:41:45.012171] {Default Queue}  -> wl_region#123.add(881, 36, 387, 2)
[02:41:45.012172] {Default Queue}  -> wl_region#123.add(13, 38, 516, 1)
[02:41:45.012173] {Default Queue}  -> wl_region#123.add(570, 38, 140, 1)
[02:41:45.012173] {Default Queue}  -> wl_region#123.add(882, 38, 385, 1)
[02:41:45.012174] {Default Queue}  -> wl_region#123.add(14, 39, 514, 1)
[02:41:45.012174] {Default Queue}  -> wl_region#123.add(571, 39, 138, 1)
[02:41:45.012175] {Default Queue}  -> wl_region#123.add(883, 39, 383, 1)
[02:41:45.012176] {Default Queue}  -> wl_region#123.add(15, 40, 512, 1)
[02:41:45.012176] {Default Queue}  -> wl_region#123.add(572, 40, 136, 1)
[02:41:45.012177] {Default Queue}  -> wl_region#123.add(884, 40, 381, 1)
[02:41:45.012177] {Default Queue}  -> wl_region#123.add(16, 41, 510, 1)
[02:41:45.012178] {Default Queue}  -> wl_region#123.add(573, 41, 134, 1)
[02:41:45.012179] {Default Queue}  -> wl_region#123.add(885, 41, 379, 1)
[02:41:45.012179] {Default Queue}  -> wl_region#123.add(17, 42, 508, 1)
[02:41:45.012180] {Default Queue}  -> wl_region#123.add(574, 42, 132, 1)
[02:41:45.012180] {Default Queue}  -> wl_region#123.add(886, 42, 377, 1)
[02:41:45.012181] {Default Queue}  -> wl_region#123.add(19, 43, 504, 1)
[02:41:45.012182] {Default Queue}  -> wl_region#123.add(576, 43, 128, 1)
[02:41:45.012182] {Default Queue}  -> wl_region#123.add(888, 43, 373, 1)
[02:41:45.012183] {Default Queue}  -> ext_background_effect_surface_v1#118.set_blur_region(wl_region#123)
[02:41:45.012184] {Default Queue}  -> wl_region#123.destroy()
[02:41:45.012195] {Display Queue} wl_display#1.delete_id(103)
[02:41:45.012196] {Default Queue} wl_buffer#107.release()
[02:41:45.012197] {Default Queue} wl_buffer#126.release()
[02:41:45.012243] {Display Queue} wl_display#1.delete_id(123)
[02:41:45.012248] {Default Queue} wl_buffer#89.release()
[02:41:45.014306] {Display Queue} wl_display#1.delete_id(129)
[02:41:45.014308] {Display Queue} wl_display#1.delete_id(128)
[02:41:45.014309] {Display Queue} wl_display#1.delete_id(130)
[02:41:45.014309] {Display Queue} wl_display#1.delete_id(102)
[02:41:45.014309] {Display Queue} wl_display#1.delete_id(108)
[02:41:45.014310] {Display Queue} wl_display#1.delete_id(127)
[02:41:45.014310] {Default Queue} wl_callback#129.done(46761672)
[02:41:45.014315] {Default Queue} wl_callback#128.done(46761672)
[02:41:45.014316] {Default Queue} wl_callback#130.done(46761672)
[02:41:45.014318] {Default Queue} wp_presentation_feedback#102.sync_output(wl_output#66)
[02:41:45.014318] {Default Queue} wp_presentation_feedback#102.sync_output(wl_output#31)
[02:41:45.014319] {Default Queue} wp_presentation_feedback#102.presented(0, 46761, 672195279, 0, 0, 0, 0)
[02:41:45.014321] {Default Queue} wp_presentation_feedback#108.sync_output(wl_output#66)
[02:41:45.014321] {Default Queue} wp_presentation_feedback#108.sync_output(wl_output#31)
[02:41:45.014322] {Default Queue} wp_presentation_feedback#108.presented(0, 46761, 672195279, 0, 0, 0, 0)
[02:41:45.014323] {Default Queue} wp_presentation_feedback#127.sync_output(wl_output#66)
[02:41:45.014324] {Default Queue} wp_presentation_feedback#127.sync_output(wl_output#31)
[02:41:45.014324] {Default Queue} wp_presentation_feedback#127.presented(0, 46761, 672195279, 0, 0, 0, 0)
[02:41:45.014376] {Default Queue}  -> wl_compositor#4.create_region(new id wl_region#127)
[02:41:45.014378] {Default Queue}  -> wl_region#127.add(19, 4, 504, 1)
[02:41:45.014379] {Default Queue}  -> wl_region#127.add(576, 4, 128, 1)
[02:41:45.014379] {Default Queue}  -> wl_region#127.add(888, 4, 373, 1)
[02:41:45.014380] {Default Queue}  -> wl_region#127.add(17, 5, 508, 1)
[02:41:45.014381] {Default Queue}  -> wl_region#127.add(574, 5, 132, 1)
[02:41:45.014381] {Default Queue}  -> wl_region#127.add(886, 5, 377, 1)
[02:41:45.014382] {Default Queue}  -> wl_region#127.add(16, 6, 510, 1)
[02:41:45.014383] {Default Queue}  -> wl_region#127.add(573, 6, 134, 1)
[02:41:45.014383] {Default Queue}  -> wl_region#127.add(885, 6, 379, 1)
[02:41:45.014384] {Default Queue}  -> wl_region#127.add(15, 7, 512, 1)
[02:41:45.014385] {Default Queue}  -> wl_region#127.add(572, 7, 136, 1)
[02:41:45.014386] {Default Queue}  -> wl_region#127.add(884, 7, 381, 1)
[02:41:45.014386] {Default Queue}  -> wl_region#127.add(14, 8, 514, 1)
[02:41:45.014387] {Default Queue}  -> wl_region#127.add(571, 8, 138, 1)
[02:41:45.014388] {Default Queue}  -> wl_region#127.add(883, 8, 383, 1)
[02:41:45.014388] {Default Queue}  -> wl_region#127.add(13, 9, 516, 1)
[02:41:45.014389] {Default Queue}  -> wl_region#127.add(570, 9, 140, 1)
[02:41:45.014390] {Default Queue}  -> wl_region#127.add(882, 9, 385, 1)
[02:41:45.014390] {Default Queue}  -> wl_region#127.add(12, 10, 518, 2)
[02:41:45.014391] {Default Queue}  -> wl_region#127.add(569, 10, 142, 2)
[02:41:45.014391] {Default Queue}  -> wl_region#127.add(881, 10, 387, 2)
[02:41:45.014392] {Default Queue}  -> wl_region#127.add(11, 12, 520, 5)
[02:41:45.014393] {Default Queue}  -> wl_region#127.add(568, 12, 144, 5)
[02:41:45.014393] {Default Queue}  -> wl_region#127.add(880, 12, 389, 5)
[02:41:45.014394] {Default Queue}  -> wl_region#127.add(10, 17, 522, 14)
[02:41:45.014395] {Default Queue}  -> wl_region#127.add(567, 17, 146, 14)
[02:41:45.014395] {Default Queue}  -> wl_region#127.add(879, 17, 391, 14)
[02:41:45.014396] {Default Queue}  -> wl_region#127.add(11, 31, 520, 5)
[02:41:45.014397] {Default Queue}  -> wl_region#127.add(568, 31, 144, 5)
[02:41:45.014397] {Default Queue}  -> wl_region#127.add(880, 31, 389, 5)
[02:41:45.014398] {Default Queue}  -> wl_region#127.add(12, 36, 518, 2)
[02:41:45.014398] {Default Queue}  -> wl_region#127.add(569, 36, 142, 2)
[02:41:45.014399] {Default Queue}  -> wl_region#127.add(881, 36, 387, 2)
[02:41:45.014400] {Default Queue}  -> wl_region#127.add(13, 38, 516, 1)
[02:41:45.014400] {Default Queue}  -> wl_region#127.add(570, 38, 140, 1)
[02:41:45.014401] {Default Queue}  -> wl_region#127.add(882, 38, 385, 1)
[02:41:45.014402] {Default Queue}  -> wl_region#127.add(14, 39, 514, 1)
[02:41:45.014402] {Default Queue}  -> wl_region#127.add(571, 39, 138, 1)
[02:41:45.014403] {Default Queue}  -> wl_region#127.add(883, 39, 383, 1)
[02:41:45.014403] {Default Queue}  -> wl_region#127.add(15, 40, 512, 1)
[02:41:45.014404] {Default Queue}  -> wl_region#127.add(572, 40, 136, 1)
[02:41:45.014405] {Default Queue}  -> wl_region#127.add(884, 40, 381, 1)
[02:41:45.014405] {Default Queue}  -> wl_region#127.add(16, 41, 510, 1)
[02:41:45.014406] {Default Queue}  -> wl_region#127.add(573, 41, 134, 1)
[02:41:45.014407] {Default Queue}  -> wl_region#127.add(885, 41, 379, 1)
[02:41:45.014407] {Default Queue}  -> wl_region#127.add(17, 42, 508, 1)
[02:41:45.014408] {Default Queue}  -> wl_region#127.add(574, 42, 132, 1)
[02:41:45.014408] {Default Queue}  -> wl_region#127.add(886, 42, 377, 1)
[02:41:45.014409] {Default Queue}  -> wl_region#127.add(19, 43, 504, 1)
[02:41:45.014410] {Default Queue}  -> wl_region#127.add(576, 43, 128, 1)
[02:41:45.014410] {Default Queue}  -> wl_region#127.add(888, 43, 373, 1)
[02:41:45.014411]  -> wl_surface#74.set_input_region(wl_region#127)
[02:41:45.014412] {Default Queue}  -> wl_region#127.destroy()
[02:41:45.014412]  -> wl_surface#74.attach(wl_buffer#100, 0, 0)
[02:41:45.014413]  -> wl_surface#74.frame(new id wl_callback#108)
[02:41:45.014414] {Default Queue}  -> wp_presentation#23.feedback(wl_surface#74, new id wp_presentation_feedback#102)
[02:41:45.014415]  -> wl_surface#74.commit()
[02:41:45.014802]  -> wl_surface#117.attach(wl_buffer#126, 0, 0)
[02:41:45.014804]  -> wl_surface#117.damage_buffer(346, 86, 588, 62)
[02:41:45.014805]  -> wl_surface#117.frame(new id wl_callback#130)
[02:41:45.014806] {Default Queue}  -> wp_presentation#23.feedback(wl_surface#117, new id wp_presentation_feedback#128)
[02:41:45.014806]  -> wl_surface#117.commit()
[02:41:45.014818] {Display Queue} wl_display#1.delete_id(124)
[02:41:45.014819] {Display Queue} wl_display#1.delete_id(121)
[02:41:45.014819] {Default Queue} wl_callback#124.done(46761672)
[02:41:45.014821] {Default Queue} wp_presentation_feedback#121.sync_output(wl_output#67)
[02:41:45.014821] {Default Queue} wp_presentation_feedback#121.sync_output(wl_output#34)
[02:41:45.014822] {Default Queue} wp_presentation_feedback#121.presented(0, 46761, 672356730, 0, 0, 0, 0)
[02:41:45.014854] {Default Queue}  -> wl_compositor#4.create_region(new id wl_region#121)
[02:41:45.014856] {Default Queue}  -> wl_region#121.add(19, 4, 504, 1)
[02:41:45.014857] {Default Queue}  -> wl_region#121.add(576, 4, 128, 1)
[02:41:45.014857] {Default Queue}  -> wl_region#121.add(888, 4, 373, 1)
[02:41:45.014858] {Default Queue}  -> wl_region#121.add(17, 5, 508, 1)
[02:41:45.014859] {Default Queue}  -> wl_region#121.add(574, 5, 132, 1)
[02:41:45.014859] {Default Queue}  -> wl_region#121.add(886, 5, 377, 1)
[02:41:45.014860] {Default Queue}  -> wl_region#121.add(16, 6, 510, 1)
[02:41:45.014861] {Default Queue}  -> wl_region#121.add(573, 6, 134, 1)
[02:41:45.014861] {Default Queue}  -> wl_region#121.add(885, 6, 379, 1)
[02:41:45.014862] {Default Queue}  -> wl_region#121.add(15, 7, 512, 1)
[02:41:45.014863] {Default Queue}  -> wl_region#121.add(572, 7, 136, 1)
[02:41:45.014863] {Default Queue}  -> wl_region#121.add(884, 7, 381, 1)
[02:41:45.014864] {Default Queue}  -> wl_region#121.add(14, 8, 514, 1)
[02:41:45.014865] {Default Queue}  -> wl_region#121.add(571, 8, 138, 1)
[02:41:45.014865] {Default Queue}  -> wl_region#121.add(883, 8, 383, 1)
[02:41:45.014866] {Default Queue}  -> wl_region#121.add(13, 9, 516, 1)
[02:41:45.014866] {Default Queue}  -> wl_region#121.add(570, 9, 140, 1)
[02:41:45.014867] {Default Queue}  -> wl_region#121.add(882, 9, 385, 1)
[02:41:45.014868] {Default Queue}  -> wl_region#121.add(12, 10, 518, 2)
[02:41:45.014868] {Default Queue}  -> wl_region#121.add(569, 10, 142, 2)
[02:41:45.014869] {Default Queue}  -> wl_region#121.add(881, 10, 387, 2)
[02:41:45.014870] {Default Queue}  -> wl_region#121.add(11, 12, 520, 5)
[02:41:45.014870] {Default Queue}  -> wl_region#121.add(568, 12, 144, 5)
[02:41:45.014871] {Default Queue}  -> wl_region#121.add(880, 12, 389, 5)
[02:41:45.014871] {Default Queue}  -> wl_region#121.add(10, 17, 522, 14)
[02:41:45.014872] {Default Queue}  -> wl_region#121.add(567, 17, 146, 14)
[02:41:45.014873] {Default Queue}  -> wl_region#121.add(879, 17, 391, 14)
[02:41:45.014873] {Default Queue}  -> wl_region#121.add(11, 31, 520, 5)
[02:41:45.014874] {Default Queue}  -> wl_region#121.add(568, 31, 144, 5)
[02:41:45.014875] {Default Queue}  -> wl_region#121.add(880, 31, 389, 5)
[02:41:45.014875] {Default Queue}  -> wl_region#121.add(12, 36, 518, 2)
[02:41:45.014876] {Default Queue}  -> wl_region#121.add(569, 36, 142, 2)
[02:41:45.014877] {Default Queue}  -> wl_region#121.add(881, 36, 387, 2)
[02:41:45.014877] {Default Queue}  -> wl_region#121.add(13, 38, 516, 1)
[02:41:45.014878] {Default Queue}  -> wl_region#121.add(570, 38, 140, 1)
[02:41:45.014878] {Default Queue}  -> wl_region#121.add(882, 38, 385, 1)
[02:41:45.014879] {Default Queue}  -> wl_region#121.add(14, 39, 514, 1)
[02:41:45.014880] {Default Queue}  -> wl_region#121.add(571, 39, 138, 1)
[02:41:45.014880] {Default Queue}  -> wl_region#121.add(883, 39, 383, 1)
[02:41:45.014881] {Default Queue}  -> wl_region#121.add(15, 40, 512, 1)
[02:41:45.014882] {Default Queue}  -> wl_region#121.add(572, 40, 136, 1)
[02:41:45.014882] {Default Queue}  -> wl_region#121.add(884, 40, 381, 1)
[02:41:45.014883] {Default Queue}  -> wl_region#121.add(16, 41, 510, 1)
[02:41:45.014883] {Default Queue}  -> wl_region#121.add(573, 41, 134, 1)
[02:41:45.014884] {Default Queue}  -> wl_region#121.add(885, 41, 379, 1)
[02:41:45.014885] {Default Queue}  -> wl_region#121.add(17, 42, 508, 1)
[02:41:45.014885] {Default Queue}  -> wl_region#121.add(574, 42, 132, 1)
[02:41:45.014886] {Default Queue}  -> wl_region#121.add(886, 42, 377, 1)
[02:41:45.014886] {Default Queue}  -> wl_region#121.add(19, 43, 504, 1)
[02:41:45.014887] {Default Queue}  -> wl_region#121.add(576, 43, 128, 1)
[02:41:45.014888] {Default Queue}  -> wl_region#121.add(888, 43, 373, 1)
[02:41:45.014888]  -> wl_surface#73.set_input_region(wl_region#121)
[02:41:45.014889] {Default Queue}  -> wl_region#121.destroy()
[02:41:45.014890]  -> wl_surface#73.attach(wl_buffer#89, 0, 0)
[02:41:45.014890]  -> wl_surface#73.frame(new id wl_callback#124)
[02:41:45.014891] {Default Queue}  -> wp_presentation#23.feedback(wl_surface#73, new id wp_presentation_feedback#129)
[02:41:45.014892]  -> wl_surface#73.commit()
[02:41:45.014900] {Display Queue} wl_display#1.delete_id(127)
[02:41:45.014900] {Default Queue} wl_buffer#100.release()
[02:41:45.014901] {Default Queue} wl_buffer#126.release()
[02:41:45.014920] {Display Queue} wl_display#1.delete_id(121)
[02:41:45.014921] {Default Queue} wl_buffer#89.release()
[02:41:45.030664] {Display Queue} wl_display#1.delete_id(108)
[02:41:45.030672] {Display Queue} wl_display#1.delete_id(130)
[02:41:45.030673] {Display Queue} wl_display#1.delete_id(102)
[02:41:45.030674] {Display Queue} wl_display#1.delete_id(128)
[02:41:45.030675] {Default Queue} wl_callback#108.done(46761688)
[02:41:45.030681] {Default Queue} wl_callback#130.done(46761688)
[02:41:45.030685] {Default Queue} wp_presentation_feedback#102.sync_output(wl_output#66)
[02:41:45.030686] {Default Queue} wp_presentation_feedback#102.sync_output(wl_output#31)
[02:41:45.030687] {Default Queue} wp_presentation_feedback#102.presented(0, 46761, 688534632, 0, 0, 0, 0)
[02:41:45.030690] {Default Queue} wp_presentation_feedback#128.sync_output(wl_output#66)
[02:41:45.030690] {Default Queue} wp_presentation_feedback#128.sync_output(wl_output#31)
[02:41:45.030691] {Default Queue} wp_presentation_feedback#128.presented(0, 46761, 688534632, 0, 0, 0, 0)
[02:41:45.031212]  -> wl_surface#117.attach(wl_buffer#126, 0, 0)
[02:41:45.031216]  -> wl_surface#117.damage_buffer(346, 86, 588, 62)
[02:41:45.031218]  -> wl_surface#117.frame(new id wl_callback#128)
[02:41:45.031220] {Default Queue}  -> wp_presentation#23.feedback(wl_surface#117, new id wp_presentation_feedback#102)
[02:41:45.031222]  -> wl_surface#117.commit()
[02:41:45.031243] {Display Queue} wl_display#1.delete_id(124)
[02:41:45.031245] {Display Queue} wl_display#1.delete_id(129)
[02:41:45.031246] {Default Queue} wl_callback#124.done(46761688)
[02:41:45.031247] {Default Queue} wp_presentation_feedback#129.sync_output(wl_output#67)
[02:41:45.031248] {Default Queue} wp_presentation_feedback#129.sync_output(wl_output#34)
[02:41:45.031248] {Default Queue} wp_presentation_feedback#129.presented(0, 46761, 688626263, 0, 0, 0, 0)
[02:41:45.031302] {Default Queue} wl_buffer#126.release()
[02:41:45.046977] {Display Queue} wl_display#1.delete_id(128)
[02:41:45.046985] {Display Queue} wl_display#1.delete_id(102)
[02:41:45.046986] {Default Queue} wl_callback#128.done(46761704)
[02:41:45.047082] {Default Queue} wp_presentation_feedback#102.sync_output(wl_output#66)
[02:41:45.047084] {Default Queue} wp_presentation_feedback#102.sync_output(wl_output#31)
[02:41:45.047085] {Default Queue} wp_presentation_feedback#102.presented(0, 46761, 704843605, 0, 0, 0, 0)
[02:41:45.047722]  -> wl_surface#117.attach(wl_buffer#126, 0, 0)
[02:41:45.047729]  -> wl_surface#117.damage_buffer(346, 86, 588, 62)
[02:41:45.047731]  -> wl_surface#117.frame(new id wl_callback#102)
[02:41:45.047734] {Default Queue}  -> wp_presentation#23.feedback(wl_surface#117, new id wp_presentation_feedback#128)
[02:41:45.047737]  -> wl_surface#117.commit()
[02:41:45.047833] {Default Queue} wl_buffer#126.release()
[02:41:45.063316] {Display Queue} wl_display#1.delete_id(102)
[02:41:45.063325] {Display Queue} wl_display#1.delete_id(128)
[02:41:45.063326] {Default Queue} wl_callback#102.done(46761721)
[02:41:45.063336] {Default Queue} wp_presentation_feedback#128.sync_output(wl_output#66)
[02:41:45.063338] {Default Queue} wp_presentation_feedback#128.sync_output(wl_output#31)
[02:41:45.063338] {Default Queue} wp_presentation_feedback#128.presented(0, 46761, 721184258, 0, 0, 0, 0)
[02:41:45.063902]  -> wl_surface#117.attach(wl_buffer#126, 0, 0)
[02:41:45.063908]  -> wl_surface#117.damage_buffer(346, 86, 588, 62)
[02:41:45.063909]  -> wl_surface#117.frame(new id wl_callback#128)
[02:41:45.063912] {Default Queue}  -> wp_presentation#23.feedback(wl_surface#117, new id wp_presentation_feedback#102)
[02:41:45.063914]  -> wl_surface#117.commit()
[02:41:45.064028] {Default Queue} wl_buffer#126.release()
[02:41:45.079625] {Display Queue} wl_display#1.delete_id(128)
[02:41:45.079632] {Display Queue} wl_display#1.delete_id(102)
[02:41:45.079633] {Default Queue} wl_callback#128.done(46761737)
[02:41:45.079642] {Default Queue} wp_presentation_feedback#102.sync_output(wl_output#66)
[02:41:45.079644] {Default Queue} wp_presentation_feedback#102.sync_output(wl_output#31)
[02:41:45.079644] {Default Queue} wp_presentation_feedback#102.presented(0, 46761, 737496751, 0, 0, 0, 0)
[02:41:45.080198]  -> wl_surface#117.attach(wl_buffer#126, 0, 0)
[02:41:45.080204]  -> wl_surface#117.damage_buffer(346, 86, 588, 62)
[02:41:45.080206]  -> wl_surface#117.frame(new id wl_callback#102)
[02:41:45.080208] {Default Queue}  -> wp_presentation#23.feedback(wl_surface#117, new id wp_presentation_feedback#128)
[02:41:45.080210]  -> wl_surface#117.commit()
[02:41:45.080306] {Default Queue} wl_buffer#126.release()
[02:41:45.095957] {Display Queue} wl_display#1.delete_id(102)
[02:41:45.095966] {Display Queue} wl_display#1.delete_id(128)
[02:41:45.095968] {Default Queue} wl_callback#102.done(46761753)
[02:41:45.095979] {Default Queue} wp_presentation_feedback#128.sync_output(wl_output#66)
[02:41:45.095981] {Default Queue} wp_presentation_feedback#128.sync_output(wl_output#31)
[02:41:45.095983] {Default Queue} wp_presentation_feedback#128.presented(0, 46761, 753817865, 0, 0, 0, 0)
[02:41:45.096601]  -> wl_surface#117.attach(wl_buffer#126, 0, 0)
[02:41:45.096606]  -> wl_surface#117.damage_buffer(346, 86, 588, 62)
[02:41:45.096608]  -> wl_surface#117.frame(new id wl_callback#128)
[02:41:45.096610] {Default Queue}  -> wp_presentation#23.feedback(wl_surface#117, new id wp_presentation_feedback#102)
[02:41:45.096612]  -> wl_surface#117.commit()
[02:41:45.096693] {Default Queue} wl_buffer#126.release()
[02:41:45.112228] {Display Queue} wl_display#1.delete_id(128)
[02:41:45.112235] {Display Queue} wl_display#1.delete_id(102)
[02:41:45.112236] {Default Queue} wl_callback#128.done(46761770)
[02:41:45.112245] {Default Queue} wp_presentation_feedback#102.sync_output(wl_output#66)
[02:41:45.112246] {Default Queue} wp_presentation_feedback#102.sync_output(wl_output#31)
[02:41:45.112247] {Default Queue} wp_presentation_feedback#102.presented(0, 46761, 770101427, 0, 0, 0, 0)
[02:41:45.112728]  -> wl_surface#117.attach(wl_buffer#126, 0, 0)
[02:41:45.112732]  -> wl_surface#117.damage_buffer(346, 86, 588, 62)
[02:41:45.112733]  -> wl_surface#117.frame(new id wl_callback#102)
[02:41:45.112736] {Default Queue}  -> wp_presentation#23.feedback(wl_surface#117, new id wp_presentation_feedback#128)
[02:41:45.112737]  -> wl_surface#117.commit()
[02:41:45.112802] {Default Queue} wl_buffer#126.release()
[02:41:45.118977]  -> wl_surface#79.attach(wl_buffer#107, 0, 0)
[02:41:45.118984]  -> wl_surface#79.frame(new id wl_callback#129)
[02:41:45.118987] {Default Queue}  -> wp_presentation#23.feedback(wl_surface#79, new id wp_presentation_feedback#124)
[02:41:45.118989]  -> wl_surface#79.commit()
info: event=launcher-results count=116 shown=116 publish_us=5012
[02:41:45.123947] {Default Queue} wl_buffer#107.release()
info: event=preferences-applied revision=0 mode=static cache=false
info: event=wallpaper-applications-applied generation=2 elapsed_us=6039 success=true
info: event=launcher-results count=116 shown=116 publish_us=4066
[02:41:45.132254] {Display Queue} wl_display#1.delete_id(129)
[02:41:45.132259] {Display Queue} wl_display#1.delete_id(102)
[02:41:45.132260] {Display Queue} wl_display#1.delete_id(124)
[02:41:45.132261] {Display Queue} wl_display#1.delete_id(128)
[02:41:45.132262] {Default Queue} wl_callback#129.done(46761786)
[02:41:45.132266] {Default Queue} wl_callback#102.done(46761786)
[02:41:45.132268] {Default Queue} wp_presentation_feedback#124.sync_output(wl_output#66)
[02:41:45.132269] {Default Queue} wp_presentation_feedback#124.sync_output(wl_output#31)
[02:41:45.132270] {Default Queue} wp_presentation_feedback#124.presented(0, 46761, 786444601, 0, 0, 0, 0)
[02:41:45.132273] {Default Queue} wp_presentation_feedback#128.sync_output(wl_output#66)
[02:41:45.132274] {Default Queue} wp_presentation_feedback#128.sync_output(wl_output#31)
[02:41:45.132274] {Default Queue} wp_presentation_feedback#128.presented(0, 46761, 786444601, 0, 0, 0, 0)
[02:41:45.132352]  -> wl_surface#79.attach(wl_buffer#107, 0, 0)
[02:41:45.132354]  -> wl_surface#79.frame(new id wl_callback#128)
[02:41:45.132356] {Default Queue}  -> wp_presentation#23.feedback(wl_surface#79, new id wp_presentation_feedback#124)
[02:41:45.132358]  -> wl_surface#79.commit()
[02:41:45.142633]  -> wl_surface#117.attach(wl_buffer#126, 0, 0)
[02:41:45.142639]  -> wl_surface#117.damage_buffer(346, 86, 588, 62)
[02:41:45.142642]  -> wl_surface#117.frame(new id wl_callback#102)
[02:41:45.142644] {Default Queue}  -> wp_presentation#23.feedback(wl_surface#117, new id wp_presentation_feedback#129)
[02:41:45.142647]  -> wl_surface#117.commit()
info: event=launcher-painted latency_us=14500
[02:41:45.142788] {Default Queue} wl_buffer#107.release()
[02:41:45.142791] {Default Queue} wl_buffer#126.release()
[02:41:45.143669]  -> wl_surface#74.attach(wl_buffer#100, 0, 0)
[02:41:45.143673]  -> wl_surface#74.damage_buffer(873, 4, 403, 11)
[02:41:45.143674]  -> wl_surface#74.damage_buffer(22, 15, 18, 18)
[02:41:45.143675]  -> wl_surface#74.damage_buffer(873, 15, 403, 18)
[02:41:45.143676]  -> wl_surface#74.damage_buffer(873, 33, 403, 11)
[02:41:45.143677]  -> wl_surface#74.frame(new id wl_callback#130)
[02:41:45.143678] {Default Queue}  -> wp_presentation#23.feedback(wl_surface#74, new id wp_presentation_feedback#108)
[02:41:45.143680]  -> wl_surface#74.commit()
[02:41:45.144892]  -> wl_surface#73.attach(wl_buffer#89, 0, 0)
[02:41:45.144895]  -> wl_surface#73.damage_buffer(873, 4, 403, 11)
[02:41:45.144897]  -> wl_surface#73.damage_buffer(22, 15, 18, 18)
[02:41:45.144898]  -> wl_surface#73.damage_buffer(873, 15, 403, 18)
[02:41:45.144898]  -> wl_surface#73.damage_buffer(873, 33, 403, 11)
[02:41:45.144899]  -> wl_surface#73.frame(new id wl_callback#121)
[02:41:45.144900] {Default Queue}  -> wp_presentation#23.feedback(wl_surface#73, new id wp_presentation_feedback#127)
[02:41:45.144902]  -> wl_surface#73.commit()
[02:41:45.145433] {Display Queue} wl_display#1.delete_id(128)
[02:41:45.145436] {Display Queue} wl_display#1.delete_id(102)
[02:41:45.145436] {Display Queue} wl_display#1.delete_id(124)
[02:41:45.145437] {Display Queue} wl_display#1.delete_id(129)
[02:41:45.145438] {Default Queue} wl_callback#128.done(46761802)
[02:41:45.145443] {Default Queue} wl_callback#102.done(46761802)
[02:41:45.145445] {Default Queue} wp_presentation_feedback#124.sync_output(wl_output#66)
[02:41:45.145446] {Default Queue} wp_presentation_feedback#124.sync_output(wl_output#31)
[02:41:45.145446] {Default Queue} wp_presentation_feedback#124.presented(0, 46761, 802726664, 0, 0, 0, 0)
[02:41:45.145448] {Default Queue} wp_presentation_feedback#129.sync_output(wl_output#66)
[02:41:45.145449] {Default Queue} wp_presentation_feedback#129.sync_output(wl_output#31)
[02:41:45.145450] {Default Queue} wp_presentation_feedback#129.presented(0, 46761, 802726664, 0, 0, 0, 0)
[02:41:45.145549] {Default Queue} wl_buffer#100.release()
[02:41:45.145551] {Default Queue} wl_buffer#89.release()
[02:41:45.145993]  -> wl_surface#117.attach(wl_buffer#126, 0, 0)
[02:41:45.145996]  -> wl_surface#117.damage_buffer(346, 86, 588, 62)
[02:41:45.145997]  -> wl_surface#117.frame(new id wl_callback#129)
[02:41:45.145998] {Default Queue}  -> wp_presentation#23.feedback(wl_surface#117, new id wp_presentation_feedback#124)
[02:41:45.146000]  -> wl_surface#117.commit()
[02:41:45.146118] {Default Queue} wl_buffer#126.release()
info: event=launcher-results count=116 shown=116 publish_us=4671
[02:41:45.161259] {Display Queue} wl_display#1.delete_id(130)
[02:41:45.161267] {Display Queue} wl_display#1.delete_id(129)
[02:41:45.161268] {Display Queue} wl_display#1.delete_id(108)
[02:41:45.161269] {Display Queue} wl_display#1.delete_id(124)
[02:41:45.161270] {Default Queue} wl_callback#130.done(46761819)
[02:41:45.161279] {Default Queue} wl_callback#129.done(46761819)
[02:41:45.161281] {Default Queue} wp_presentation_feedback#108.sync_output(wl_output#66)
[02:41:45.161282] {Default Queue} wp_presentation_feedback#108.sync_output(wl_output#31)
[02:41:45.161283] {Default Queue} wp_presentation_feedback#108.presented(0, 46761, 819099747, 0, 0, 0, 0)
[02:41:45.161286] {Default Queue} wp_presentation_feedback#124.sync_output(wl_output#66)
[02:41:45.161287] {Default Queue} wp_presentation_feedback#124.sync_output(wl_output#31)
[02:41:45.161288] {Default Queue} wp_presentation_feedback#124.presented(0, 46761, 819099747, 0, 0, 0, 0)
[02:41:45.173870]  -> wl_surface#117.attach(wl_buffer#126, 0, 0)
[02:41:45.173878]  -> wl_surface#117.damage_buffer(346, 86, 588, 62)
[02:41:45.173880]  -> wl_surface#117.frame(new id wl_callback#124)
[02:41:45.173883] {Default Queue}  -> wp_presentation#23.feedback(wl_surface#117, new id wp_presentation_feedback#108)
[02:41:45.173886]  -> wl_surface#117.commit()
info: event=launcher-painted latency_us=27803
[02:41:45.173954] {Display Queue} wl_display#1.delete_id(121)
[02:41:45.173957] {Display Queue} wl_display#1.delete_id(127)
[02:41:45.173958] {Default Queue} wl_callback#121.done(46761819)
[02:41:45.173967] {Default Queue} wp_presentation_feedback#127.sync_output(wl_output#67)
[02:41:45.173968] {Default Queue} wp_presentation_feedback#127.sync_output(wl_output#34)
[02:41:45.173969] {Default Queue} wp_presentation_feedback#127.presented(0, 46761, 819201838, 0, 0, 0, 0)
[02:41:45.174055] {Default Queue} wl_buffer#126.release()
[02:41:45.174082]  -> wl_surface#79.attach(wl_buffer#107, 0, 0)
[02:41:45.174084]  -> wl_surface#79.frame(new id wl_callback#127)
[02:41:45.174085] {Default Queue}  -> wp_presentation#23.feedback(wl_surface#79, new id wp_presentation_feedback#121)
[02:41:45.174086]  -> wl_surface#79.commit()
[02:41:45.174234] {Default Queue} wl_buffer#107.release()
[02:41:45.177512] {Display Queue} wl_display#1.delete_id(127)
[02:41:45.177518] {Display Queue} wl_display#1.delete_id(124)
[02:41:45.177519] {Display Queue} wl_display#1.delete_id(121)
[02:41:45.177520] {Display Queue} wl_display#1.delete_id(108)
[02:41:45.177521] {Default Queue} wl_callback#127.done(46761835)
[02:41:45.177525] {Default Queue} wl_callback#124.done(46761835)
[02:41:45.177528] {Default Queue} wp_presentation_feedback#121.sync_output(wl_output#66)
[02:41:45.177530] {Default Queue} wp_presentation_feedback#121.sync_output(wl_output#31)
[02:41:45.177530] {Default Queue} wp_presentation_feedback#121.presented(0, 46761, 835394970, 0, 0, 0, 0)
[02:41:45.177533] {Default Queue} wp_presentation_feedback#108.sync_output(wl_output#66)
[02:41:45.177534] {Default Queue} wp_presentation_feedback#108.sync_output(wl_output#31)
[02:41:45.177535] {Default Queue} wp_presentation_feedback#108.presented(0, 46761, 835394970, 0, 0, 0, 0)
[02:41:45.178086]  -> wl_surface#117.attach(wl_buffer#126, 0, 0)
[02:41:45.178090]  -> wl_surface#117.damage_buffer(346, 86, 588, 62)
[02:41:45.178092]  -> wl_surface#117.frame(new id wl_callback#108)
[02:41:45.178097] {Default Queue}  -> wp_presentation#23.feedback(wl_surface#117, new id wp_presentation_feedback#121)
[02:41:45.178099]  -> wl_surface#117.commit()
[02:41:45.178167] {Default Queue} wl_buffer#126.release()
[02:41:45.193823] {Display Queue} wl_display#1.delete_id(108)
[02:41:45.193830] {Display Queue} wl_display#1.delete_id(121)
[02:41:45.193831] {Default Queue} wl_callback#108.done(46761851)
[02:41:45.193839] {Default Queue} wp_presentation_feedback#121.sync_output(wl_output#66)
[02:41:45.193841] {Default Queue} wp_presentation_feedback#121.sync_output(wl_output#31)
[02:41:45.193841] {Default Queue} wp_presentation_feedback#121.presented(0, 46761, 851708643, 0, 0, 0, 0)
[02:41:45.194353]  -> wl_surface#117.attach(wl_buffer#126, 0, 0)
[02:41:45.194359]  -> wl_surface#117.damage_buffer(346, 86, 588, 62)
[02:41:45.194362]  -> wl_surface#117.frame(new id wl_callback#121)
[02:41:45.194364] {Default Queue}  -> wp_presentation#23.feedback(wl_surface#117, new id wp_presentation_feedback#108)
[02:41:45.194367]  -> wl_surface#117.commit()
[02:41:45.194465] {Default Queue} wl_buffer#126.release()
[02:41:45.210162] {Display Queue} wl_display#1.delete_id(121)
[02:41:45.210169] {Display Queue} wl_display#1.delete_id(108)
[02:41:45.210171] {Default Queue} wl_callback#121.done(46761868)
[02:41:45.210180] {Default Queue} wp_presentation_feedback#108.sync_output(wl_output#66)
[02:41:45.210183] {Default Queue} wp_presentation_feedback#108.sync_output(wl_output#31)
[02:41:45.210184] {Default Queue} wp_presentation_feedback#108.presented(0, 46761, 868028646, 0, 0, 0, 0)
[02:41:45.210733]  -> wl_surface#117.attach(wl_buffer#126, 0, 0)
[02:41:45.210737]  -> wl_surface#117.damage_buffer(346, 86, 588, 62)
[02:41:45.210739]  -> wl_surface#117.frame(new id wl_callback#108)
[02:41:45.210741] {Default Queue}  -> wp_presentation#23.feedback(wl_surface#117, new id wp_presentation_feedback#121)
[02:41:45.210743]  -> wl_surface#117.commit()
[02:41:45.210830] {Default Queue} wl_buffer#126.release()
[02:41:45.226498] {Display Queue} wl_display#1.delete_id(108)
[02:41:45.226507] {Display Queue} wl_display#1.delete_id(121)
[02:41:45.226508] {Default Queue} wl_callback#108.done(46761884)
[02:41:45.226524] {Default Queue} wp_presentation_feedback#121.sync_output(wl_output#66)
[02:41:45.226526] {Default Queue} wp_presentation_feedback#121.sync_output(wl_output#31)
[02:41:45.226527] {Default Queue} wp_presentation_feedback#121.presented(0, 46761, 884367970, 0, 0, 0, 0)
[02:41:45.227060]  -> wl_surface#117.attach(wl_buffer#126, 0, 0)
[02:41:45.227064]  -> wl_surface#117.damage_buffer(346, 86, 588, 62)
[02:41:45.227066]  -> wl_surface#117.frame(new id wl_callback#121)
[02:41:45.227068] {Default Queue}  -> wp_presentation#23.feedback(wl_surface#117, new id wp_presentation_feedback#108)
[02:41:45.227070]  -> wl_surface#117.commit()
[02:41:45.227175] {Default Queue} wl_buffer#126.release()
[02:41:45.242804] {Display Queue} wl_display#1.delete_id(121)
[02:41:45.242811] {Display Queue} wl_display#1.delete_id(108)
[02:41:45.242813] {Default Queue} wl_callback#121.done(46761900)
[02:41:45.242826] {Default Queue} wp_presentation_feedback#108.sync_output(wl_output#66)
[02:41:45.242828] {Default Queue} wp_presentation_feedback#108.sync_output(wl_output#31)
[02:41:45.242829] {Default Queue} wp_presentation_feedback#108.presented(0, 46761, 900674593, 0, 0, 0, 0)
[02:41:45.243376]  -> wl_surface#117.attach(wl_buffer#126, 0, 0)
[02:41:45.243381]  -> wl_surface#117.damage_buffer(346, 86, 588, 62)
[02:41:45.243383]  -> wl_surface#117.frame(new id wl_callback#108)
[02:41:45.243385] {Default Queue}  -> wp_presentation#23.feedback(wl_surface#117, new id wp_presentation_feedback#121)
[02:41:45.243387]  -> wl_surface#117.commit()
[02:41:45.243454] {Default Queue} wl_buffer#126.release()
[02:41:45.259087] {Display Queue} wl_display#1.delete_id(108)
[02:41:45.259095] {Display Queue} wl_display#1.delete_id(121)
[02:41:45.259097] {Default Queue} wl_callback#108.done(46761916)
[02:41:45.259115] {Default Queue} wp_presentation_feedback#121.sync_output(wl_output#66)
[02:41:45.259118] {Default Queue} wp_presentation_feedback#121.sync_output(wl_output#31)
[02:41:45.259119] {Default Queue} wp_presentation_feedback#121.presented(0, 46761, 916959316, 0, 0, 0, 0)
[02:41:45.259617]  -> wl_surface#117.attach(wl_buffer#126, 0, 0)
[02:41:45.259621]  -> wl_surface#117.damage_buffer(346, 86, 588, 62)
[02:41:45.259623]  -> wl_surface#117.frame(new id wl_callback#121)
[02:41:45.259625] {Default Queue}  -> wp_presentation#23.feedback(wl_surface#117, new id wp_presentation_feedback#108)
[02:41:45.259627]  -> wl_surface#117.commit()
[02:41:45.259700] {Default Queue} wl_buffer#126.release()
[02:41:45.275404] {Display Queue} wl_display#1.delete_id(121)
[02:41:45.275411] {Display Queue} wl_display#1.delete_id(108)
[02:41:45.275412] {Default Queue} wl_callback#121.done(46761933)
[02:41:45.275426] {Default Queue} wp_presentation_feedback#108.sync_output(wl_output#66)
[02:41:45.275428] {Default Queue} wp_presentation_feedback#108.sync_output(wl_output#31)
[02:41:45.275429] {Default Queue} wp_presentation_feedback#108.presented(0, 46761, 933271839, 0, 0, 0, 0)
[02:41:45.276034]  -> wl_surface#117.attach(wl_buffer#126, 0, 0)
[02:41:45.276040]  -> wl_surface#117.damage_buffer(346, 86, 588, 62)
[02:41:45.276042]  -> wl_surface#117.frame(new id wl_callback#108)
[02:41:45.276044] {Default Queue}  -> wp_presentation#23.feedback(wl_surface#117, new id wp_presentation_feedback#121)
[02:41:45.276046]  -> wl_surface#117.commit()
[02:41:45.276150] {Default Queue} wl_buffer#126.release()
[02:41:45.293518] {Display Queue} wl_display#1.delete_id(108)
[02:41:45.293527] {Display Queue} wl_display#1.delete_id(121)
[02:41:45.293529] {Default Queue} wl_callback#108.done(46761951)
[02:41:45.293543] {Default Queue} wp_presentation_feedback#121.sync_output(wl_output#66)
[02:41:45.293545] {Default Queue} wp_presentation_feedback#121.sync_output(wl_output#31)
[02:41:45.293547] {Default Queue} wp_presentation_feedback#121.presented(0, 46761, 951386439, 0, 0, 0, 0)
[02:41:45.294158]  -> wl_surface#117.attach(wl_buffer#126, 0, 0)
[02:41:45.294163]  -> wl_surface#117.damage_buffer(346, 86, 588, 62)
[02:41:45.294166]  -> wl_surface#117.frame(new id wl_callback#121)
[02:41:45.294168] {Default Queue}  -> wp_presentation#23.feedback(wl_surface#117, new id wp_presentation_feedback#108)
[02:41:45.294170]  -> wl_surface#117.commit()
[02:41:45.294522] {Default Queue} wl_buffer#126.release()
[02:41:45.308081] {Display Queue} wl_display#1.delete_id(121)
[02:41:45.308088] {Display Queue} wl_display#1.delete_id(108)
[02:41:45.308090] {Default Queue} wl_callback#121.done(46761965)
[02:41:45.308112] {Default Queue} wp_presentation_feedback#108.sync_output(wl_output#66)
[02:41:45.308114] {Default Queue} wp_presentation_feedback#108.sync_output(wl_output#31)
[02:41:45.308115] {Default Queue} wp_presentation_feedback#108.presented(0, 46761, 965951515, 0, 0, 0, 0)
[02:41:45.362801]  -> wl_surface#74.attach(wl_buffer#100, 0, 0)
[02:41:45.362807]  -> wl_surface#74.damage_buffer(862, 4, 414, 40)
[02:41:45.362809]  -> wl_surface#74.frame(new id wl_callback#108)
[02:41:45.362812] {Default Queue}  -> wp_presentation#23.feedback(wl_surface#74, new id wp_presentation_feedback#121)
[02:41:45.362814]  -> wl_surface#74.commit()
[02:41:45.362853] {Default Queue}  -> wl_compositor#49.create_region(new id wl_region#124)
[02:41:45.362867] {Default Queue}  -> wl_region#124.add(19, 4, 504, 1)
[02:41:45.362868] {Default Queue}  -> wl_region#124.add(576, 4, 128, 1)
[02:41:45.362869] {Default Queue}  -> wl_region#124.add(877, 4, 384, 1)
[02:41:45.362870] {Default Queue}  -> wl_region#124.add(17, 5, 508, 1)
[02:41:45.362871] {Default Queue}  -> wl_region#124.add(574, 5, 132, 1)
[02:41:45.362871] {Default Queue}  -> wl_region#124.add(875, 5, 388, 1)
[02:41:45.362872] {Default Queue}  -> wl_region#124.add(16, 6, 510, 1)
[02:41:45.362872] {Default Queue}  -> wl_region#124.add(573, 6, 134, 1)
[02:41:45.362873] {Default Queue}  -> wl_region#124.add(874, 6, 390, 1)
[02:41:45.362874] {Default Queue}  -> wl_region#124.add(15, 7, 512, 1)
[02:41:45.362874] {Default Queue}  -> wl_region#124.add(572, 7, 136, 1)
[02:41:45.362875] {Default Queue}  -> wl_region#124.add(873, 7, 392, 1)
[02:41:45.362876] {Default Queue}  -> wl_region#124.add(14, 8, 514, 1)
[02:41:45.362876] {Default Queue}  -> wl_region#124.add(571, 8, 138, 1)
[02:41:45.362877] {Default Queue}  -> wl_region#124.add(872, 8, 394, 1)
[02:41:45.362877] {Default Queue}  -> wl_region#124.add(13, 9, 516, 1)
[02:41:45.362878] {Default Queue}  -> wl_region#124.add(570, 9, 140, 1)
[02:41:45.362879] {Default Queue}  -> wl_region#124.add(871, 9, 396, 1)
[02:41:45.362879] {Default Queue}  -> wl_region#124.add(12, 10, 518, 2)
[02:41:45.362880] {Default Queue}  -> wl_region#124.add(569, 10, 142, 2)
[02:41:45.362880] {Default Queue}  -> wl_region#124.add(870, 10, 398, 2)
[02:41:45.362881] {Default Queue}  -> wl_region#124.add(11, 12, 520, 5)
[02:41:45.362882] {Default Queue}  -> wl_region#124.add(568, 12, 144, 5)
[02:41:45.362882] {Default Queue}  -> wl_region#124.add(869, 12, 400, 5)
[02:41:45.362883] {Default Queue}  -> wl_region#124.add(10, 17, 522, 14)
[02:41:45.362883] {Default Queue}  -> wl_region#124.add(567, 17, 146, 14)
[02:41:45.362884] {Default Queue}  -> wl_region#124.add(868, 17, 402, 14)
[02:41:45.362885] {Default Queue}  -> wl_region#124.add(11, 31, 520, 5)
[02:41:45.362885] {Default Queue}  -> wl_region#124.add(568, 31, 144, 5)
[02:41:45.362886] {Default Queue}  -> wl_region#124.add(869, 31, 400, 5)
[02:41:45.362886] {Default Queue}  -> wl_region#124.add(12, 36, 518, 2)
[02:41:45.362887] {Default Queue}  -> wl_region#124.add(569, 36, 142, 2)
[02:41:45.362888] {Default Queue}  -> wl_region#124.add(870, 36, 398, 2)
[02:41:45.362888] {Default Queue}  -> wl_region#124.add(13, 38, 516, 1)
[02:41:45.362889] {Default Queue}  -> wl_region#124.add(570, 38, 140, 1)
[02:41:45.362889] {Default Queue}  -> wl_region#124.add(871, 38, 396, 1)
[02:41:45.362890] {Default Queue}  -> wl_region#124.add(14, 39, 514, 1)
[02:41:45.362891] {Default Queue}  -> wl_region#124.add(571, 39, 138, 1)
[02:41:45.362891] {Default Queue}  -> wl_region#124.add(872, 39, 394, 1)
[02:41:45.362892] {Default Queue}  -> wl_region#124.add(15, 40, 512, 1)
[02:41:45.362893] {Default Queue}  -> wl_region#124.add(572, 40, 136, 1)
[02:41:45.362893] {Default Queue}  -> wl_region#124.add(873, 40, 392, 1)
[02:41:45.362894] {Default Queue}  -> wl_region#124.add(16, 41, 510, 1)
[02:41:45.362894] {Default Queue}  -> wl_region#124.add(573, 41, 134, 1)
[02:41:45.362895] {Default Queue}  -> wl_region#124.add(874, 41, 390, 1)
[02:41:45.362896] {Default Queue}  -> wl_region#124.add(17, 42, 508, 1)
[02:41:45.362896] {Default Queue}  -> wl_region#124.add(574, 42, 132, 1)
[02:41:45.362897] {Default Queue}  -> wl_region#124.add(875, 42, 388, 1)
[02:41:45.362897] {Default Queue}  -> wl_region#124.add(19, 43, 504, 1)
[02:41:45.362898] {Default Queue}  -> wl_region#124.add(576, 43, 128, 1)
[02:41:45.362899] {Default Queue}  -> wl_region#124.add(877, 43, 384, 1)
[02:41:45.362899] {Default Queue}  -> ext_background_effect_surface_v1#104.set_blur_region(wl_region#124)
[02:41:45.362900] {Default Queue}  -> wl_region#124.destroy()
[02:41:45.362953]  -> wl_surface#79.attach(wl_buffer#107, 0, 0)
[02:41:45.362955]  -> wl_surface#79.frame(new id wl_callback#127)
[02:41:45.362956] {Default Queue}  -> wp_presentation#23.feedback(wl_surface#79, new id wp_presentation_feedback#129)
[02:41:45.362958]  -> wl_surface#79.commit()
[02:41:45.363268]  -> wl_surface#73.attach(wl_buffer#89, 0, 0)
[02:41:45.363273]  -> wl_surface#73.damage_buffer(862, 4, 414, 40)
[02:41:45.363275]  -> wl_surface#73.frame(new id wl_callback#130)
[02:41:45.363277] {Default Queue}  -> wp_presentation#23.feedback(wl_surface#73, new id wp_presentation_feedback#102)
[02:41:45.363278]  -> wl_surface#73.commit()
[02:41:45.363306] {Default Queue}  -> wl_compositor#49.create_region(new id wl_region#128)
[02:41:45.363318] {Default Queue}  -> wl_region#128.add(19, 4, 504, 1)
[02:41:45.363319] {Default Queue}  -> wl_region#128.add(576, 4, 128, 1)
[02:41:45.363320] {Default Queue}  -> wl_region#128.add(877, 4, 384, 1)
[02:41:45.363321] {Default Queue}  -> wl_region#128.add(17, 5, 508, 1)
[02:41:45.363322] {Default Queue}  -> wl_region#128.add(574, 5, 132, 1)
[02:41:45.363322] {Default Queue}  -> wl_region#128.add(875, 5, 388, 1)
[02:41:45.363323] {Default Queue}  -> wl_region#128.add(16, 6, 510, 1)
[02:41:45.363324] {Default Queue}  -> wl_region#128.add(573, 6, 134, 1)
[02:41:45.363324] {Default Queue}  -> wl_region#128.add(874, 6, 390, 1)
[02:41:45.363325] {Default Queue}  -> wl_region#128.add(15, 7, 512, 1)
[02:41:45.363325] {Default Queue}  -> wl_region#128.add(572, 7, 136, 1)
[02:41:45.363326] {Default Queue}  -> wl_region#128.add(873, 7, 392, 1)
[02:41:45.363327] {Default Queue}  -> wl_region#128.add(14, 8, 514, 1)
[02:41:45.363327] {Default Queue}  -> wl_region#128.add(571, 8, 138, 1)
[02:41:45.363328] {Default Queue}  -> wl_region#128.add(872, 8, 394, 1)
[02:41:45.363328] {Default Queue}  -> wl_region#128.add(13, 9, 516, 1)
[02:41:45.363329] {Default Queue}  -> wl_region#128.add(570, 9, 140, 1)
[02:41:45.363330] {Default Queue}  -> wl_region#128.add(871, 9, 396, 1)
[02:41:45.363330] {Default Queue}  -> wl_region#128.add(12, 10, 518, 2)
[02:41:45.363331] {Default Queue}  -> wl_region#128.add(569, 10, 142, 2)
[02:41:45.363331] {Default Queue}  -> wl_region#128.add(870, 10, 398, 2)
[02:41:45.363332] {Default Queue}  -> wl_region#128.add(11, 12, 520, 5)
[02:41:45.363333] {Default Queue}  -> wl_region#128.add(568, 12, 144, 5)
[02:41:45.363333] {Default Queue}  -> wl_region#128.add(869, 12, 400, 5)
[02:41:45.363334] {Default Queue}  -> wl_region#128.add(10, 17, 522, 14)
[02:41:45.363335] {Default Queue}  -> wl_region#128.add(567, 17, 146, 14)
[02:41:45.363335] {Default Queue}  -> wl_region#128.add(868, 17, 402, 14)
[02:41:45.363336] {Default Queue}  -> wl_region#128.add(11, 31, 520, 5)
[02:41:45.363337] {Default Queue}  -> wl_region#128.add(568, 31, 144, 5)
[02:41:45.363337] {Default Queue}  -> wl_region#128.add(869, 31, 400, 5)
[02:41:45.363338] {Default Queue}  -> wl_region#128.add(12, 36, 518, 2)
[02:41:45.363338] {Default Queue}  -> wl_region#128.add(569, 36, 142, 2)
[02:41:45.363339] {Default Queue}  -> wl_region#128.add(870, 36, 398, 2)
[02:41:45.363340] {Default Queue}  -> wl_region#128.add(13, 38, 516, 1)
[02:41:45.363340] {Default Queue}  -> wl_region#128.add(570, 38, 140, 1)
[02:41:45.363341] {Default Queue}  -> wl_region#128.add(871, 38, 396, 1)
[02:41:45.363341] {Default Queue}  -> wl_region#128.add(14, 39, 514, 1)
[02:41:45.363342] {Default Queue}  -> wl_region#128.add(571, 39, 138, 1)
[02:41:45.363343] {Default Queue}  -> wl_region#128.add(872, 39, 394, 1)
[02:41:45.363343] {Default Queue}  -> wl_region#128.add(15, 40, 512, 1)
[02:41:45.363344] {Default Queue}  -> wl_region#128.add(572, 40, 136, 1)
[02:41:45.363344] {Default Queue}  -> wl_region#128.add(873, 40, 392, 1)
[02:41:45.363345] {Default Queue}  -> wl_region#128.add(16, 41, 510, 1)
[02:41:45.363346] {Default Queue}  -> wl_region#128.add(573, 41, 134, 1)
[02:41:45.363346] {Default Queue}  -> wl_region#128.add(874, 41, 390, 1)
[02:41:45.363347] {Default Queue}  -> wl_region#128.add(17, 42, 508, 1)
[02:41:45.363347] {Default Queue}  -> wl_region#128.add(574, 42, 132, 1)
[02:41:45.363348] {Default Queue}  -> wl_region#128.add(875, 42, 388, 1)
[02:41:45.363349] {Default Queue}  -> wl_region#128.add(19, 43, 504, 1)
[02:41:45.363349] {Default Queue}  -> wl_region#128.add(576, 43, 128, 1)
[02:41:45.363350] {Default Queue}  -> wl_region#128.add(877, 43, 384, 1)
[02:41:45.363351] {Default Queue}  -> ext_background_effect_surface_v1#118.set_blur_region(wl_region#128)
[02:41:45.363352] {Default Queue}  -> wl_region#128.destroy()
[02:41:45.363366] {Display Queue} wl_display#1.delete_id(124)
[02:41:45.363368] {Display Queue} wl_display#1.delete_id(108)
[02:41:45.363369] {Display Queue} wl_display#1.delete_id(121)
[02:41:45.363369] {Default Queue} wl_buffer#100.release()
[02:41:45.363370] {Default Queue} wl_callback#108.done(46762021)
[02:41:45.363375] {Default Queue} wp_presentation_feedback#121.sync_output(wl_output#66)
[02:41:45.363376] {Default Queue} wp_presentation_feedback#121.sync_output(wl_output#31)
[02:41:45.363377] {Default Queue} wp_presentation_feedback#121.presented(0, 46762, 21127333, 0, 0, 0, 0)
info: event=launcher-results count=116 shown=116 publish_us=6052
[02:41:45.368532] {Display Queue} wl_display#1.delete_id(128)
[02:41:45.368537] {Default Queue} wl_buffer#107.release()
[02:41:45.368539] {Default Queue} wl_buffer#89.release()
[02:41:45.368608] {Default Queue}  -> wl_compositor#4.create_region(new id wl_region#128)
[02:41:45.368610] {Default Queue}  -> wl_region#128.add(19, 4, 504, 1)
[02:41:45.368612] {Default Queue}  -> wl_region#128.add(576, 4, 128, 1)
[02:41:45.368613] {Default Queue}  -> wl_region#128.add(877, 4, 384, 1)
[02:41:45.368613] {Default Queue}  -> wl_region#128.add(17, 5, 508, 1)
[02:41:45.368614] {Default Queue}  -> wl_region#128.add(574, 5, 132, 1)
[02:41:45.368615] {Default Queue}  -> wl_region#128.add(875, 5, 388, 1)
[02:41:45.368615] {Default Queue}  -> wl_region#128.add(16, 6, 510, 1)
[02:41:45.368616] {Default Queue}  -> wl_region#128.add(573, 6, 134, 1)
[02:41:45.368617] {Default Queue}  -> wl_region#128.add(874, 6, 390, 1)
[02:41:45.368617] {Default Queue}  -> wl_region#128.add(15, 7, 512, 1)
[02:41:45.368618] {Default Queue}  -> wl_region#128.add(572, 7, 136, 1)
[02:41:45.368619] {Default Queue}  -> wl_region#128.add(873, 7, 392, 1)
[02:41:45.368619] {Default Queue}  -> wl_region#128.add(14, 8, 514, 1)
[02:41:45.368620] {Default Queue}  -> wl_region#128.add(571, 8, 138, 1)
[02:41:45.368620] {Default Queue}  -> wl_region#128.add(872, 8, 394, 1)
[02:41:45.368621] {Default Queue}  -> wl_region#128.add(13, 9, 516, 1)
[02:41:45.368622] {Default Queue}  -> wl_region#128.add(570, 9, 140, 1)
[02:41:45.368622] {Default Queue}  -> wl_region#128.add(871, 9, 396, 1)
[02:41:45.368623] {Default Queue}  -> wl_region#128.add(12, 10, 518, 2)
[02:41:45.368624] {Default Queue}  -> wl_region#128.add(569, 10, 142, 2)
[02:41:45.368624] {Default Queue}  -> wl_region#128.add(870, 10, 398, 2)
[02:41:45.368625] {Default Queue}  -> wl_region#128.add(11, 12, 520, 5)
[02:41:45.368625] {Default Queue}  -> wl_region#128.add(568, 12, 144, 5)
[02:41:45.368626] {Default Queue}  -> wl_region#128.add(869, 12, 400, 5)
[02:41:45.368627] {Default Queue}  -> wl_region#128.add(10, 17, 522, 14)
[02:41:45.368627] {Default Queue}  -> wl_region#128.add(567, 17, 146, 14)
[02:41:45.368628] {Default Queue}  -> wl_region#128.add(868, 17, 402, 14)
[02:41:45.368629] {Default Queue}  -> wl_region#128.add(11, 31, 520, 5)
[02:41:45.368629] {Default Queue}  -> wl_region#128.add(568, 31, 144, 5)
[02:41:45.368630] {Default Queue}  -> wl_region#128.add(869, 31, 400, 5)
[02:41:45.368630] {Default Queue}  -> wl_region#128.add(12, 36, 518, 2)
[02:41:45.368631] {Default Queue}  -> wl_region#128.add(569, 36, 142, 2)
[02:41:45.368632] {Default Queue}  -> wl_region#128.add(870, 36, 398, 2)
[02:41:45.368632] {Default Queue}  -> wl_region#128.add(13, 38, 516, 1)
[02:41:45.368633] {Default Queue}  -> wl_region#128.add(570, 38, 140, 1)
[02:41:45.368633] {Default Queue}  -> wl_region#128.add(871, 38, 396, 1)
[02:41:45.368634] {Default Queue}  -> wl_region#128.add(14, 39, 514, 1)
[02:41:45.368635] {Default Queue}  -> wl_region#128.add(571, 39, 138, 1)
[02:41:45.368635] {Default Queue}  -> wl_region#128.add(872, 39, 394, 1)
[02:41:45.368636] {Default Queue}  -> wl_region#128.add(15, 40, 512, 1)
[02:41:45.368637] {Default Queue}  -> wl_region#128.add(572, 40, 136, 1)
[02:41:45.368637] {Default Queue}  -> wl_region#128.add(873, 40, 392, 1)
[02:41:45.368638] {Default Queue}  -> wl_region#128.add(16, 41, 510, 1)
[02:41:45.368638] {Default Queue}  -> wl_region#128.add(573, 41, 134, 1)
[02:41:45.368639] {Default Queue}  -> wl_region#128.add(874, 41, 390, 1)
[02:41:45.368640] {Default Queue}  -> wl_region#128.add(17, 42, 508, 1)
[02:41:45.368640] {Default Queue}  -> wl_region#128.add(574, 42, 132, 1)
[02:41:45.368641] {Default Queue}  -> wl_region#128.add(875, 42, 388, 1)
[02:41:45.368641] {Default Queue}  -> wl_region#128.add(19, 43, 504, 1)
[02:41:45.368642] {Default Queue}  -> wl_region#128.add(576, 43, 128, 1)
[02:41:45.368643] {Default Queue}  -> wl_region#128.add(877, 43, 384, 1)
[02:41:45.368643]  -> wl_surface#74.set_input_region(wl_region#128)
[02:41:45.368644] {Default Queue}  -> wl_region#128.destroy()
[02:41:45.368645]  -> wl_surface#74.attach(wl_buffer#100, 0, 0)
[02:41:45.368647]  -> wl_surface#74.frame(new id wl_callback#121)
[02:41:45.368648] {Default Queue}  -> wp_presentation#23.feedback(wl_surface#74, new id wp_presentation_feedback#108)
[02:41:45.368650]  -> wl_surface#74.commit()
[02:41:45.379833]  -> wl_surface#117.attach(wl_buffer#126, 0, 0)
[02:41:45.379839]  -> wl_surface#117.frame(new id wl_callback#124)
[02:41:45.379843] {Default Queue}  -> wp_presentation#23.feedback(wl_surface#117, new id wp_presentation_feedback#123)
[02:41:45.379845]  -> wl_surface#117.commit()
info: event=launcher-painted latency_us=17406
[02:41:45.379907] {Display Queue} wl_display#1.delete_id(127)
[02:41:45.379910] {Display Queue} wl_display#1.delete_id(130)
[02:41:45.379910] {Display Queue} wl_display#1.delete_id(102)
[02:41:45.379911] {Default Queue} wl_callback#127.done(46762037)
[02:41:45.379916] {Default Queue} wl_callback#130.done(46762037)
[02:41:45.379921] {Default Queue} wp_presentation_feedback#102.sync_output(wl_output#67)
[02:41:45.379922] {Default Queue} wp_presentation_feedback#102.sync_output(wl_output#34)
[02:41:45.379923] {Default Queue} wp_presentation_feedback#102.presented(0, 46762, 37360215, 0, 0, 0, 0)
[02:41:45.380002] {Display Queue} wl_display#1.delete_id(128)
[02:41:45.380003] {Default Queue} wl_buffer#100.release()
[02:41:45.380004] {Default Queue} wl_buffer#126.release()
[02:41:45.380052] {Default Queue}  -> wl_compositor#4.create_region(new id wl_region#128)
[02:41:45.380054] {Default Queue}  -> wl_region#128.add(19, 4, 504, 1)
[02:41:45.380055] {Default Queue}  -> wl_region#128.add(576, 4, 128, 1)
[02:41:45.380056] {Default Queue}  -> wl_region#128.add(877, 4, 384, 1)
[02:41:45.380056] {Default Queue}  -> wl_region#128.add(17, 5, 508, 1)
[02:41:45.380057] {Default Queue}  -> wl_region#128.add(574, 5, 132, 1)
[02:41:45.380058] {Default Queue}  -> wl_region#128.add(875, 5, 388, 1)
[02:41:45.380058] {Default Queue}  -> wl_region#128.add(16, 6, 510, 1)
[02:41:45.380059] {Default Queue}  -> wl_region#128.add(573, 6, 134, 1)
[02:41:45.380060] {Default Queue}  -> wl_region#128.add(874, 6, 390, 1)
[02:41:45.380061] {Default Queue}  -> wl_region#128.add(15, 7, 512, 1)
[02:41:45.380061] {Default Queue}  -> wl_region#128.add(572, 7, 136, 1)
[02:41:45.380062] {Default Queue}  -> wl_region#128.add(873, 7, 392, 1)
[02:41:45.380063] {Default Queue}  -> wl_region#128.add(14, 8, 514, 1)
[02:41:45.380064] {Default Queue}  -> wl_region#128.add(571, 8, 138, 1)
[02:41:45.380065] {Default Queue}  -> wl_region#128.add(872, 8, 394, 1)
[02:41:45.380065] {Default Queue}  -> wl_region#128.add(13, 9, 516, 1)
[02:41:45.380066] {Default Queue}  -> wl_region#128.add(570, 9, 140, 1)
[02:41:45.380066] {Default Queue}  -> wl_region#128.add(871, 9, 396, 1)
[02:41:45.380067] {Default Queue}  -> wl_region#128.add(12, 10, 518, 2)
[02:41:45.380068] {Default Queue}  -> wl_region#128.add(569, 10, 142, 2)
[02:41:45.380068] {Default Queue}  -> wl_region#128.add(870, 10, 398, 2)
[02:41:45.380069] {Default Queue}  -> wl_region#128.add(11, 12, 520, 5)
[02:41:45.380070] {Default Queue}  -> wl_region#128.add(568, 12, 144, 5)
[02:41:45.380070] {Default Queue}  -> wl_region#128.add(869, 12, 400, 5)
[02:41:45.380071] {Default Queue}  -> wl_region#128.add(10, 17, 522, 14)
[02:41:45.380071] {Default Queue}  -> wl_region#128.add(567, 17, 146, 14)
[02:41:45.380072] {Default Queue}  -> wl_region#128.add(868, 17, 402, 14)
[02:41:45.380073] {Default Queue}  -> wl_region#128.add(11, 31, 520, 5)
[02:41:45.380073] {Default Queue}  -> wl_region#128.add(568, 31, 144, 5)
[02:41:45.380074] {Default Queue}  -> wl_region#128.add(869, 31, 400, 5)
[02:41:45.380075] {Default Queue}  -> wl_region#128.add(12, 36, 518, 2)
[02:41:45.380076] {Default Queue}  -> wl_region#128.add(569, 36, 142, 2)
[02:41:45.380076] {Default Queue}  -> wl_region#128.add(870, 36, 398, 2)
[02:41:45.380077] {Default Queue}  -> wl_region#128.add(13, 38, 516, 1)
[02:41:45.380078] {Default Queue}  -> wl_region#128.add(570, 38, 140, 1)
[02:41:45.380079] {Default Queue}  -> wl_region#128.add(871, 38, 396, 1)
[02:41:45.380080] {Default Queue}  -> wl_region#128.add(14, 39, 514, 1)
[02:41:45.380080] {Default Queue}  -> wl_region#128.add(571, 39, 138, 1)
[02:41:45.380081] {Default Queue}  -> wl_region#128.add(872, 39, 394, 1)
[02:41:45.380082] {Default Queue}  -> wl_region#128.add(15, 40, 512, 1)
[02:41:45.380082] {Default Queue}  -> wl_region#128.add(572, 40, 136, 1)
[02:41:45.380083] {Default Queue}  -> wl_region#128.add(873, 40, 392, 1)
[02:41:45.380084] {Default Queue}  -> wl_region#128.add(16, 41, 510, 1)
[02:41:45.380084] {Default Queue}  -> wl_region#128.add(573, 41, 134, 1)
[02:41:45.380085] {Default Queue}  -> wl_region#128.add(874, 41, 390, 1)
[02:41:45.380086] {Default Queue}  -> wl_region#128.add(17, 42, 508, 1)
[02:41:45.380086] {Default Queue}  -> wl_region#128.add(574, 42, 132, 1)
[02:41:45.380087] {Default Queue}  -> wl_region#128.add(875, 42, 388, 1)
[02:41:45.380088] {Default Queue}  -> wl_region#128.add(19, 43, 504, 1)
[02:41:45.380088] {Default Queue}  -> wl_region#128.add(576, 43, 128, 1)
[02:41:45.380089] {Default Queue}  -> wl_region#128.add(877, 43, 384, 1)
[02:41:45.380090]  -> wl_surface#73.set_input_region(wl_region#128)
[02:41:45.380091] {Default Queue}  -> wl_region#128.destroy()
[02:41:45.380091]  -> wl_surface#73.attach(wl_buffer#89, 0, 0)
[02:41:45.380092]  -> wl_surface#73.frame(new id wl_callback#102)
[02:41:45.380093] {Default Queue}  -> wp_presentation#23.feedback(wl_surface#73, new id wp_presentation_feedback#130)
[02:41:45.380094]  -> wl_surface#73.commit()
[02:41:45.380132] {Display Queue} wl_display#1.delete_id(128)
[02:41:45.380133] {Default Queue} wl_buffer#89.release()
[02:41:45.395664] {Display Queue} wl_display#1.delete_id(121)
[02:41:45.395674] {Display Queue} wl_display#1.delete_id(124)
[02:41:45.395676] {Display Queue} wl_display#1.delete_id(108)
[02:41:45.395676] {Display Queue} wl_display#1.delete_id(129)
[02:41:45.395677] {Display Queue} wl_display#1.delete_id(123)
[02:41:45.395677] {Default Queue} wl_callback#121.done(46762053)
[02:41:45.395688] {Default Queue} wl_callback#124.done(46762053)
[02:41:45.395694] {Default Queue} wp_presentation_feedback#108.sync_output(wl_output#66)
[02:41:45.395696] {Default Queue} wp_presentation_feedback#108.sync_output(wl_output#31)
[02:41:45.395696] {Default Queue} wp_presentation_feedback#108.presented(0, 46762, 53526327, 0, 0, 0, 0)
[02:41:45.395699] {Default Queue} wp_presentation_feedback#129.sync_output(wl_output#66)
[02:41:45.395700] {Default Queue} wp_presentation_feedback#129.sync_output(wl_output#31)
[02:41:45.395701] {Default Queue} wp_presentation_feedback#129.presented(0, 46762, 53526327, 0, 0, 0, 0)
[02:41:45.395703] {Default Queue} wp_presentation_feedback#123.sync_output(wl_output#66)
[02:41:45.395704] {Default Queue} wp_presentation_feedback#123.sync_output(wl_output#31)
[02:41:45.395704] {Default Queue} wp_presentation_feedback#123.presented(0, 46762, 53526327, 0, 0, 0, 0)
[02:41:45.395741] {Display Queue} wl_display#1.delete_id(102)
[02:41:45.395742] {Display Queue} wl_display#1.delete_id(130)
[02:41:45.395743] {Default Queue} wl_callback#102.done(46762053)
[02:41:45.395744] {Default Queue} wp_presentation_feedback#130.sync_output(wl_output#67)
[02:41:45.395745] {Default Queue} wp_presentation_feedback#130.sync_output(wl_output#34)
[02:41:45.395746] {Default Queue} wp_presentation_feedback#130.presented(0, 46762, 53638688, 0, 0, 0, 0)
[02:41:45.754146]  -> wl_surface#79.attach(wl_buffer#107, 0, 0)
[02:41:45.754153]  -> wl_surface#79.frame(new id wl_callback#130)
[02:41:45.754156] {Default Queue}  -> wp_presentation#23.feedback(wl_surface#79, new id wp_presentation_feedback#102)
[02:41:45.754159]  -> wl_surface#79.commit()
info: event=launcher-results count=116 shown=116 publish_us=4945
[02:41:45.759068] {Default Queue} wl_buffer#107.release()
[02:41:45.768809]  -> wl_surface#117.attach(wl_buffer#126, 0, 0)
[02:41:45.768815]  -> wl_surface#117.frame(new id wl_callback#123)
[02:41:45.768818] {Default Queue}  -> wp_presentation#23.feedback(wl_surface#117, new id wp_presentation_feedback#129)
[02:41:45.768820]  -> wl_surface#117.commit()
info: event=launcher-painted latency_us=14766
[02:41:45.768863] {Display Queue} wl_display#1.delete_id(130)
[02:41:45.768866] {Default Queue} wl_callback#130.done(46762425)
[02:41:45.768951] {Default Queue} wl_buffer#126.release()
[02:41:45.769542]  -> wl_surface#74.attach(wl_buffer#100, 0, 0)
[02:41:45.769548]  -> wl_surface#74.damage_buffer(1099, 18, 19, 12)
[02:41:45.769550]  -> wl_surface#74.frame(new id wl_callback#130)
[02:41:45.769551] {Default Queue}  -> wp_presentation#23.feedback(wl_surface#74, new id wp_presentation_feedback#108)
[02:41:45.769553]  -> wl_surface#74.commit()
[02:41:45.769572]  -> wl_surface#79.attach(wl_buffer#107, 0, 0)
[02:41:45.769574]  -> wl_surface#79.frame(new id wl_callback#124)
[02:41:45.769575] {Default Queue}  -> wp_presentation#23.feedback(wl_surface#79, new id wp_presentation_feedback#121)
[02:41:45.769576]  -> wl_surface#79.commit()
[02:41:45.769629]  -> wl_surface#73.attach(wl_buffer#89, 0, 0)
[02:41:45.769630]  -> wl_surface#73.damage_buffer(1099, 18, 19, 12)
[02:41:45.769631]  -> wl_surface#73.frame(new id wl_callback#128)
[02:41:45.769632] {Default Queue}  -> wp_presentation#23.feedback(wl_surface#73, new id wp_presentation_feedback#127)
[02:41:45.769633]  -> wl_surface#73.commit()
info: event=launcher-results count=116 shown=116 publish_us=4258
[02:41:45.773662] {Display Queue} wl_display#1.delete_id(102)
[02:41:45.773666] {Default Queue} wl_buffer#100.release()
[02:41:45.773667] {Default Queue} wp_presentation_feedback#102.discarded()
[02:41:45.773670] {Default Queue} wl_buffer#107.release()
[02:41:45.773670] {Default Queue} wl_buffer#89.release()
info: event=launcher-results count=116 shown=116 publish_us=3672
[02:41:45.784475] {Display Queue} wl_display#1.delete_id(130)
[02:41:45.784479] {Display Queue} wl_display#1.delete_id(124)
[02:41:45.784481] {Display Queue} wl_display#1.delete_id(123)
[02:41:45.784481] {Display Queue} wl_display#1.delete_id(108)
[02:41:45.784482] {Default Queue} wl_callback#130.done(46762442)
[02:41:45.784485] {Default Queue} wl_callback#124.done(46762442)
[02:41:45.784488] {Default Queue} wl_callback#123.done(46762442)
[02:41:45.784490] {Default Queue} wp_presentation_feedback#108.sync_output(wl_output#66)
[02:41:45.784491] {Default Queue} wp_presentation_feedback#108.sync_output(wl_output#31)
[02:41:45.784492] {Default Queue} wp_presentation_feedback#108.presented(0, 46762, 442356806, 0, 0, 0, 0)
[02:41:45.784527]  -> wl_surface#79.attach(wl_buffer#107, 0, 0)
[02:41:45.784529]  -> wl_surface#79.frame(new id wl_callback#108)
[02:41:45.784531] {Default Queue}  -> wp_presentation#23.feedback(wl_surface#79, new id wp_presentation_feedback#123)
[02:41:45.784533]  -> wl_surface#79.commit()
[02:41:45.793435]  -> wl_surface#117.attach(wl_buffer#126, 0, 0)
[02:41:45.793440]  -> wl_surface#117.frame(new id wl_callback#124)
[02:41:45.793443] {Default Queue}  -> wp_presentation#23.feedback(wl_surface#117, new id wp_presentation_feedback#130)
[02:41:45.793445]  -> wl_surface#117.commit()
info: event=launcher-painted latency_us=19732
[02:41:45.793477] {Display Queue} wl_display#1.delete_id(128)
[02:41:45.793479] {Display Queue} wl_display#1.delete_id(127)
[02:41:45.793480] {Default Queue} wl_callback#128.done(46762442)
[02:41:45.793482] {Default Queue} wp_presentation_feedback#127.sync_output(wl_output#67)
[02:41:45.793483] {Default Queue} wp_presentation_feedback#127.sync_output(wl_output#34)
[02:41:45.793484] {Default Queue} wp_presentation_feedback#127.presented(0, 46762, 442491297, 0, 0, 0, 0)
[02:41:45.793530] {Display Queue} wl_display#1.delete_id(121)
[02:41:45.793532] {Display Queue} wl_display#1.delete_id(129)
[02:41:45.793532] {Default Queue} wp_presentation_feedback#121.discarded()
[02:41:45.793533] {Default Queue} wl_buffer#107.release()
[02:41:45.793534] {Default Queue} wp_presentation_feedback#129.discarded()
[02:41:45.793534] {Default Queue} wl_buffer#126.release()
[02:41:45.798731] {Display Queue} wl_display#1.delete_id(108)
[02:41:45.798736] {Display Queue} wl_display#1.delete_id(124)
[02:41:45.798737] {Default Queue} wl_callback#108.done(46762456)
[02:41:45.798740] {Default Queue} wl_callback#124.done(46762456)
info: event=launcher-results count=116 shown=116 publish_us=5388
[02:41:45.962218]  -> wl_surface#79.attach(wl_buffer#107, 0, 0)
[02:41:45.962224]  -> wl_surface#79.frame(new id wl_callback#124)
[02:41:45.962227] {Default Queue}  -> wp_presentation#23.feedback(wl_surface#79, new id wp_presentation_feedback#108)
[02:41:45.962229]  -> wl_surface#79.commit()
[02:41:45.975114]  -> wl_surface#117.attach(wl_buffer#126, 0, 0)
[02:41:45.975120]  -> wl_surface#117.frame(new id wl_callback#129)
[02:41:45.975123] {Default Queue}  -> wp_presentation#23.feedback(wl_surface#117, new id wp_presentation_feedback#121)
[02:41:45.975126]  -> wl_surface#117.commit()
info: event=launcher-painted latency_us=18391
[02:41:45.975385] {Display Queue} wl_display#1.delete_id(123)
[02:41:45.975390] {Display Queue} wl_display#1.delete_id(130)
[02:41:45.975391] {Display Queue} wl_display#1.delete_id(124)
[02:41:45.975391] {Display Queue} wl_display#1.delete_id(129)
[02:41:45.975392] {Default Queue} wp_presentation_feedback#123.discarded()
[02:41:45.975395] {Default Queue} wl_buffer#107.release()
[02:41:45.975396] {Default Queue} wp_presentation_feedback#130.discarded()
[02:41:45.975397] {Default Queue} wl_buffer#126.release()
[02:41:45.975397] {Default Queue} wl_callback#124.done(46762633)
[02:41:45.975401] {Default Queue} wl_callback#129.done(46762633)
info: event=launcher-results count=116 shown=116 publish_us=4775
[02:41:45.980168]  -> wl_surface#79.attach(wl_buffer#107, 0, 0)
[02:41:45.980174]  -> wl_surface#79.frame(new id wl_callback#129)
[02:41:45.980176] {Default Queue}  -> wp_presentation#23.feedback(wl_surface#79, new id wp_presentation_feedback#124)
[02:41:45.980178]  -> wl_surface#79.commit()
[02:41:45.990182]  -> wl_surface#117.attach(wl_buffer#126, 0, 0)
[02:41:45.990188]  -> wl_surface#117.frame(new id wl_callback#130)
[02:41:45.990190] {Default Queue}  -> wp_presentation#23.feedback(wl_surface#117, new id wp_presentation_feedback#123)
[02:41:45.990193]  -> wl_surface#117.commit()
info: event=launcher-painted latency_us=14863
[02:41:45.990322] {Display Queue} wl_display#1.delete_id(108)
[02:41:45.990326] {Display Queue} wl_display#1.delete_id(121)
[02:41:45.990327] {Default Queue} wp_presentation_feedback#108.discarded()
[02:41:45.990329] {Default Queue} wl_buffer#107.release()
[02:41:45.990331] {Default Queue} wp_presentation_feedback#121.discarded()
[02:41:45.990331] {Default Queue} wl_buffer#126.release()
[02:41:45.991487] {Display Queue} wl_display#1.delete_id(129)
[02:41:45.991492] {Display Queue} wl_display#1.delete_id(130)
[02:41:45.991494] {Default Queue} wl_callback#129.done(46762649)
[02:41:45.991500] {Default Queue} wl_callback#130.done(46762649)
[02:41:46.752799] {Display Queue} wl_display#1.delete_id(124)
[02:41:46.752807] {Display Queue} wl_display#1.delete_id(123)
[02:41:46.752808] {Default Queue} wp_presentation_feedback#124.sync_output(wl_output#66)
[02:41:46.752810] {Default Queue} wp_presentation_feedback#124.sync_output(wl_output#31)
[02:41:46.752811] {Default Queue} wp_presentation_feedback#124.presented(0, 46763, 410665542, 0, 0, 0, 0)
[02:41:46.752816] {Default Queue} wp_presentation_feedback#123.sync_output(wl_output#66)
[02:41:46.752817] {Default Queue} wp_presentation_feedback#123.sync_output(wl_output#31)
[02:41:46.752817] {Default Queue} wp_presentation_feedback#123.presented(0, 46763, 410665542, 0, 0, 0, 0)
[02:41:46.755871]  -> wl_surface#79.attach(wl_buffer#107, 0, 0)
[02:41:46.755877]  -> wl_surface#79.frame(new id wl_callback#123)
[02:41:46.755880] {Default Queue}  -> wp_presentation#23.feedback(wl_surface#79, new id wp_presentation_feedback#124)
[02:41:46.755882]  -> wl_surface#79.commit()
info: event=launcher-results count=116 shown=116 publish_us=5331
[02:41:46.761157] {Default Queue} wl_buffer#107.release()
[02:41:46.773681]  -> wl_surface#117.attach(wl_buffer#126, 0, 0)
[02:41:46.773689]  -> wl_surface#117.frame(new id wl_callback#130)
[02:41:46.773692] {Default Queue}  -> wp_presentation#23.feedback(wl_surface#117, new id wp_presentation_feedback#129)
[02:41:46.773694]  -> wl_surface#117.commit()
info: event=launcher-painted latency_us=17916
[02:41:46.773756] {Display Queue} wl_display#1.delete_id(123)
[02:41:46.773759] {Default Queue} wl_callback#123.done(46763428)
[02:41:46.773893] {Default Queue} wl_buffer#126.release()
[02:41:46.774193]  -> wl_surface#74.attach(wl_buffer#100, 0, 0)
[02:41:46.774196]  -> wl_surface#74.damage_buffer(1099, 18, 19, 11)
[02:41:46.774197]  -> wl_surface#74.frame(new id wl_callback#123)
[02:41:46.774199] {Default Queue}  -> wp_presentation#23.feedback(wl_surface#74, new id wp_presentation_feedback#121)
[02:41:46.774200]  -> wl_surface#74.commit()
[02:41:46.774224]  -> wl_surface#79.attach(wl_buffer#107, 0, 0)
[02:41:46.774226]  -> wl_surface#79.frame(new id wl_callback#108)
[02:41:46.774227] {Default Queue}  -> wp_presentation#23.feedback(wl_surface#79, new id wp_presentation_feedback#127)
[02:41:46.774228]  -> wl_surface#79.commit()
[02:41:46.774288]  -> wl_surface#73.attach(wl_buffer#89, 0, 0)
[02:41:46.774290]  -> wl_surface#73.damage_buffer(1099, 18, 19, 11)
[02:41:46.774291]  -> wl_surface#73.frame(new id wl_callback#128)
[02:41:46.774292] {Default Queue}  -> wp_presentation#23.feedback(wl_surface#73, new id wp_presentation_feedback#102)
[02:41:46.774293]  -> wl_surface#73.commit()
info: event=launcher-results count=116 shown=116 publish_us=5831
[02:41:46.779918] {Display Queue} wl_display#1.delete_id(124)
[02:41:46.779923] {Default Queue} wl_buffer#100.release()
[02:41:46.779925] {Default Queue} wp_presentation_feedback#124.discarded()
[02:41:46.779929] {Default Queue} wl_buffer#107.release()
[02:41:46.779930] {Default Queue} wl_buffer#89.release()
info: event=launcher-results count=116 shown=116 publish_us=4582
[02:41:46.784985] {Display Queue} wl_display#1.delete_id(123)
[02:41:46.784989] {Display Queue} wl_display#1.delete_id(108)
[02:41:46.784990] {Display Queue} wl_display#1.delete_id(130)
[02:41:46.784990] {Display Queue} wl_display#1.delete_id(121)
[02:41:46.784991] {Default Queue} wl_callback#123.done(46763442)
[02:41:46.784996] {Default Queue} wl_callback#108.done(46763442)
[02:41:46.784999] {Default Queue} wl_callback#130.done(46763442)
[02:41:46.785001] {Default Queue} wp_presentation_feedback#121.sync_output(wl_output#66)
[02:41:46.785002] {Default Queue} wp_presentation_feedback#121.sync_output(wl_output#31)
[02:41:46.785003] {Default Queue} wp_presentation_feedback#121.presented(0, 46763, 442863624, 0, 0, 0, 0)
[02:41:46.785056]  -> wl_surface#79.attach(wl_buffer#107, 0, 0)
[02:41:46.785058]  -> wl_surface#79.frame(new id wl_callback#121)
[02:41:46.785060] {Default Queue}  -> wp_presentation#23.feedback(wl_surface#79, new id wp_presentation_feedback#130)
[02:41:46.785062]  -> wl_surface#79.commit()
[02:41:46.795251]  -> wl_surface#117.attach(wl_buffer#126, 0, 0)
[02:41:46.795259]  -> wl_surface#117.frame(new id wl_callback#108)
[02:41:46.795262] {Default Queue}  -> wp_presentation#23.feedback(wl_surface#117, new id wp_presentation_feedback#123)
[02:41:46.795265]  -> wl_surface#117.commit()
info: event=launcher-painted latency_us=15251
[02:41:46.795316] {Display Queue} wl_display#1.delete_id(128)
[02:41:46.795319] {Display Queue} wl_display#1.delete_id(102)
[02:41:46.795320] {Default Queue} wl_callback#128.done(46763444)
[02:41:46.795324] {Default Queue} wp_presentation_feedback#102.sync_output(wl_output#67)
[02:41:46.795325] {Default Queue} wp_presentation_feedback#102.sync_output(wl_output#34)
[02:41:46.795326] {Default Queue} wp_presentation_feedback#102.presented(0, 46763, 444730602, 0, 0, 0, 0)
[02:41:46.795391] {Display Queue} wl_display#1.delete_id(127)
[02:41:46.795393] {Display Queue} wl_display#1.delete_id(129)
[02:41:46.795394] {Default Queue} wp_presentation_feedback#127.discarded()
[02:41:46.795395] {Default Queue} wl_buffer#107.release()
[02:41:46.795396] {Default Queue} wp_presentation_feedback#129.discarded()
[02:41:46.795396] {Default Queue} wl_buffer#126.release()
[02:41:46.802219] {Display Queue} wl_display#1.delete_id(121)
[02:41:46.802226] {Display Queue} wl_display#1.delete_id(108)
[02:41:46.802228] {Default Queue} wl_callback#121.done(46763460)
[02:41:46.802234] {Default Queue} wl_callback#108.done(46763460)
[02:41:46.843774]  -> wl_surface#117.attach(wl_buffer#126, 0, 0)
[02:41:46.843781]  -> wl_surface#117.frame(new id wl_callback#108)
[02:41:46.843784] {Default Queue}  -> wp_presentation#23.feedback(wl_surface#117, new id wp_presentation_feedback#121)
[02:41:46.843786]  -> wl_surface#117.commit()
[02:41:46.843947]  -> wl_surface#79.attach(wl_buffer#107, 0, 0)
[02:41:46.843950]  -> wl_surface#79.frame(new id wl_callback#129)
[02:41:46.843952] {Default Queue}  -> wp_presentation#23.feedback(wl_surface#79, new id wp_presentation_feedback#127)
[02:41:46.843954]  -> wl_surface#79.commit()
info: event=launcher-results count=116 shown=116 publish_us=5425
[02:41:46.849358] {Display Queue} wl_display#1.delete_id(123)
[02:41:46.849362] {Display Queue} wl_display#1.delete_id(108)
[02:41:46.849364] {Display Queue} wl_display#1.delete_id(130)
[02:41:46.849364] {Default Queue} wp_presentation_feedback#123.discarded()
[02:41:46.849367] {Default Queue} wl_buffer#126.release()
[02:41:46.849368] {Default Queue} wl_callback#108.done(46763501)
[02:41:46.849373] {Default Queue} wp_presentation_feedback#130.discarded()
[02:41:46.849374] {Default Queue} wl_buffer#107.release()
info: event=preferences-applied revision=1 mode=static cache=false
info: event=wallpaper-applications-applied generation=3 elapsed_us=6727 success=true
[02:41:46.861454]  -> wl_surface#117.attach(wl_buffer#126, 0, 0)
[02:41:46.861462]  -> wl_surface#117.frame(new id wl_callback#130)
[02:41:46.861464] {Default Queue}  -> wp_presentation#23.feedback(wl_surface#117, new id wp_presentation_feedback#108)
[02:41:46.861467]  -> wl_surface#117.commit()
info: event=launcher-painted latency_us=17582
[02:41:46.861742]  -> wl_surface#68.attach(wl_buffer#95, 0, 0)
[02:41:46.861746]  -> wl_surface#68.damage_buffer(0, 0, 1280, 720)
[02:41:46.861747]  -> wl_surface#68.frame(new id wl_callback#123)
[02:41:46.861749] {Default Queue}  -> wp_presentation#23.feedback(wl_surface#68, new id wp_presentation_feedback#102)
[02:41:46.861750]  -> wl_surface#68.commit()
[02:41:46.862353]  -> wl_surface#84.attach(wl_buffer#111, 0, 0)
[02:41:46.862356]  -> wl_surface#84.damage_buffer(0, 0, 1280, 720)
[02:41:46.862358]  -> wl_surface#84.frame(new id wl_callback#128)
[02:41:46.862359] {Default Queue}  -> wp_presentation#23.feedback(wl_surface#84, new id wp_presentation_feedback#124)
[02:41:46.862360]  -> wl_surface#84.commit()
[02:41:46.862686] {Display Queue} wl_display#1.delete_id(129)
[02:41:46.862689] {Default Queue} wl_callback#129.done(46763518)
[02:41:46.865610] {Display Queue} wl_display#1.delete_id(121)
[02:41:46.865614] {Display Queue} wl_display#1.delete_id(128)
[02:41:46.865615] {Display Queue} wl_display#1.delete_id(124)
[02:41:46.865616] {Default Queue} wp_presentation_feedback#121.discarded()
[02:41:46.865618] {Default Queue} wl_buffer#126.release()
[02:41:46.865619] {Default Queue} wl_buffer#95.release()
[02:41:46.865620] {Default Queue} wl_buffer#111.release()
[02:41:46.865621] {Default Queue} wl_callback#128.done(46763521)
[02:41:46.865625] {Default Queue} wp_presentation_feedback#124.sync_output(wl_output#67)
[02:41:46.865626] {Default Queue} wp_presentation_feedback#124.sync_output(wl_output#34)
[02:41:46.865627] {Default Queue} wp_presentation_feedback#124.presented(0, 46763, 521157419, 0, 0, 0, 0)
info: event=launcher-results count=116 shown=116 publish_us=5723
[02:41:46.876612] {Display Queue} wl_display#1.delete_id(123)
[02:41:46.876619] {Display Queue} wl_display#1.delete_id(130)
[02:41:46.876621] {Display Queue} wl_display#1.delete_id(102)
[02:41:46.876622] {Display Queue} wl_display#1.delete_id(127)
[02:41:46.876622] {Display Queue} wl_display#1.delete_id(108)
[02:41:46.876623] {Default Queue} wl_callback#123.done(46763534)
[02:41:46.876634] {Default Queue} wl_callback#130.done(46763534)
[02:41:46.876636] {Default Queue} wp_presentation_feedback#102.sync_output(wl_output#66)
[02:41:46.876638] {Default Queue} wp_presentation_feedback#102.sync_output(wl_output#31)
[02:41:46.876639] {Default Queue} wp_presentation_feedback#102.presented(0, 46763, 534456724, 0, 0, 0, 0)
[02:41:46.876642] {Default Queue} wp_presentation_feedback#127.sync_output(wl_output#66)
[02:41:46.876643] {Default Queue} wp_presentation_feedback#127.sync_output(wl_output#31)
[02:41:46.876644] {Default Queue} wp_presentation_feedback#127.presented(0, 46763, 534456724, 0, 0, 0, 0)
[02:41:46.876646] {Default Queue} wp_presentation_feedback#108.sync_output(wl_output#66)
[02:41:46.876647] {Default Queue} wp_presentation_feedback#108.sync_output(wl_output#31)
[02:41:46.876648] {Default Queue} wp_presentation_feedback#108.presented(0, 46763, 534456724, 0, 0, 0, 0)
[02:41:46.888197]  -> wl_surface#117.attach(wl_buffer#126, 0, 0)
[02:41:46.888204]  -> wl_surface#117.frame(new id wl_callback#108)
[02:41:46.888208] {Default Queue}  -> wp_presentation#23.feedback(wl_surface#117, new id wp_presentation_feedback#127)
[02:41:46.888210]  -> wl_surface#117.commit()
info: event=launcher-painted latency_us=22647
[02:41:46.889301]  -> wl_surface#74.attach(wl_buffer#100, 0, 0)
[02:41:46.889306]  -> wl_surface#74.damage_buffer(4, 4, 1272, 40)
[02:41:46.889308]  -> wl_surface#74.frame(new id wl_callback#102)
[02:41:46.889310] {Default Queue}  -> wp_presentation#23.feedback(wl_surface#74, new id wp_presentation_feedback#130)
[02:41:46.889311]  -> wl_surface#74.commit()
[02:41:46.889901] {Default Queue}  -> wl_compositor#49.create_region(new id wl_region#123)
[02:41:46.889907] {Default Queue}  -> wl_region#123.add(13, 4, 1254, 1)
[02:41:46.889909] {Default Queue}  -> wl_region#123.add(11, 5, 1258, 1)
[02:41:46.889909] {Default Queue}  -> wl_region#123.add(10, 6, 1260, 1)
[02:41:46.889910] {Default Queue}  -> wl_region#123.add(9, 7, 1262, 1)
[02:41:46.889911] {Default Queue}  -> wl_region#123.add(8, 8, 1264, 1)
[02:41:46.889911] {Default Queue}  -> wl_region#123.add(7, 9, 1266, 1)
[02:41:46.889912] {Default Queue}  -> wl_region#123.add(6, 10, 1268, 2)
[02:41:46.889913] {Default Queue}  -> wl_region#123.add(5, 12, 1270, 5)
[02:41:46.889913] {Default Queue}  -> wl_region#123.add(4, 17, 1272, 14)
[02:41:46.889914] {Default Queue}  -> wl_region#123.add(5, 31, 1270, 5)
[02:41:46.889914] {Default Queue}  -> wl_region#123.add(6, 36, 1268, 2)
[02:41:46.889915] {Default Queue}  -> wl_region#123.add(7, 38, 1266, 1)
[02:41:46.889916] {Default Queue}  -> wl_region#123.add(8, 39, 1264, 1)
[02:41:46.889916] {Default Queue}  -> wl_region#123.add(9, 40, 1262, 1)
[02:41:46.889917] {Default Queue}  -> wl_region#123.add(10, 41, 1260, 1)
[02:41:46.889917] {Default Queue}  -> wl_region#123.add(11, 42, 1258, 1)
[02:41:46.889918] {Default Queue}  -> wl_region#123.add(13, 43, 1254, 1)
[02:41:46.889919] {Default Queue}  -> ext_background_effect_surface_v1#104.set_blur_region(wl_region#123)
[02:41:46.889920] {Default Queue}  -> wl_region#123.destroy()
[02:41:46.890645]  -> wl_surface#73.attach(wl_buffer#89, 0, 0)
[02:41:46.890648]  -> wl_surface#73.damage_buffer(4, 4, 1272, 40)
[02:41:46.890650]  -> wl_surface#73.frame(new id wl_callback#124)
[02:41:46.890651] {Default Queue}  -> wp_presentation#23.feedback(wl_surface#73, new id wp_presentation_feedback#128)
[02:41:46.890652]  -> wl_surface#73.commit()
[02:41:46.891174] {Default Queue}  -> wl_compositor#49.create_region(new id wl_region#121)
[02:41:46.891178] {Default Queue}  -> wl_region#121.add(13, 4, 1254, 1)
[02:41:46.891179] {Default Queue}  -> wl_region#121.add(11, 5, 1258, 1)
[02:41:46.891180] {Default Queue}  -> wl_region#121.add(10, 6, 1260, 1)
[02:41:46.891181] {Default Queue}  -> wl_region#121.add(9, 7, 1262, 1)
[02:41:46.891181] {Default Queue}  -> wl_region#121.add(8, 8, 1264, 1)
[02:41:46.891182] {Default Queue}  -> wl_region#121.add(7, 9, 1266, 1)
[02:41:46.891183] {Default Queue}  -> wl_region#121.add(6, 10, 1268, 2)
[02:41:46.891183] {Default Queue}  -> wl_region#121.add(5, 12, 1270, 5)
[02:41:46.891184] {Default Queue}  -> wl_region#121.add(4, 17, 1272, 14)
[02:41:46.891185] {Default Queue}  -> wl_region#121.add(5, 31, 1270, 5)
[02:41:46.891185] {Default Queue}  -> wl_region#121.add(6, 36, 1268, 2)
[02:41:46.891186] {Default Queue}  -> wl_region#121.add(7, 38, 1266, 1)
[02:41:46.891186] {Default Queue}  -> wl_region#121.add(8, 39, 1264, 1)
[02:41:46.891187] {Default Queue}  -> wl_region#121.add(9, 40, 1262, 1)
[02:41:46.891188] {Default Queue}  -> wl_region#121.add(10, 41, 1260, 1)
[02:41:46.891188] {Default Queue}  -> wl_region#121.add(11, 42, 1258, 1)
[02:41:46.891189] {Default Queue}  -> wl_region#121.add(13, 43, 1254, 1)
[02:41:46.891190] {Default Queue}  -> ext_background_effect_surface_v1#118.set_blur_region(wl_region#121)
[02:41:46.891191] {Default Queue}  -> wl_region#121.destroy()
[02:41:46.891238]  -> wl_surface#79.attach(wl_buffer#107, 0, 0)
[02:41:46.891240]  -> wl_surface#79.frame(new id wl_callback#129)
[02:41:46.891241] {Default Queue}  -> wp_presentation#23.feedback(wl_surface#79, new id wp_presentation_feedback#103)
[02:41:46.891242]  -> wl_surface#79.commit()
[02:41:46.891255] {Display Queue} wl_display#1.delete_id(123)
[02:41:46.891258] {Display Queue} wl_display#1.delete_id(121)
[02:41:46.891259] {Default Queue} wl_buffer#126.release()
[02:41:46.891260] {Default Queue} wl_buffer#100.release()
[02:41:46.891260] {Default Queue} wl_buffer#89.release()
[02:41:46.891269] {Default Queue} wl_buffer#107.release()
[02:41:46.892689] {Display Queue} wl_display#1.delete_id(102)
[02:41:46.892694] {Display Queue} wl_display#1.delete_id(129)
[02:41:46.892695] {Display Queue} wl_display#1.delete_id(108)
[02:41:46.892696] {Display Queue} wl_display#1.delete_id(130)
[02:41:46.892696] {Default Queue} wl_callback#102.done(46763550)
[02:41:46.892702] {Default Queue} wl_callback#129.done(46763550)
[02:41:46.892704] {Default Queue} wl_callback#108.done(46763550)
[02:41:46.892705] {Default Queue} wp_presentation_feedback#130.sync_output(wl_output#66)
[02:41:46.892706] {Default Queue} wp_presentation_feedback#130.sync_output(wl_output#31)
[02:41:46.892707] {Default Queue} wp_presentation_feedback#130.presented(0, 46763, 550575995, 0, 0, 0, 0)
[02:41:46.892827] {Default Queue}  -> wl_compositor#4.create_region(new id wl_region#130)
[02:41:46.892832] {Default Queue}  -> wl_region#130.add(13, 4, 1254, 1)
[02:41:46.892834] {Default Queue}  -> wl_region#130.add(11, 5, 1258, 1)
[02:41:46.892835] {Default Queue}  -> wl_region#130.add(10, 6, 1260, 1)
[02:41:46.892836] {Default Queue}  -> wl_region#130.add(9, 7, 1262, 1)
[02:41:46.892837] {Default Queue}  -> wl_region#130.add(8, 8, 1264, 1)
[02:41:46.892837] {Default Queue}  -> wl_region#130.add(7, 9, 1266, 1)
[02:41:46.892838] {Default Queue}  -> wl_region#130.add(6, 10, 1268, 2)
[02:41:46.892839] {Default Queue}  -> wl_region#130.add(5, 12, 1270, 5)
[02:41:46.892839] {Default Queue}  -> wl_region#130.add(4, 17, 1272, 14)
[02:41:46.892840] {Default Queue}  -> wl_region#130.add(5, 31, 1270, 5)
[02:41:46.892841] {Default Queue}  -> wl_region#130.add(6, 36, 1268, 2)
[02:41:46.892841] {Default Queue}  -> wl_region#130.add(7, 38, 1266, 1)
[02:41:46.892842] {Default Queue}  -> wl_region#130.add(8, 39, 1264, 1)
[02:41:46.892843] {Default Queue}  -> wl_region#130.add(9, 40, 1262, 1)
[02:41:46.892843] {Default Queue}  -> wl_region#130.add(10, 41, 1260, 1)
[02:41:46.892844] {Default Queue}  -> wl_region#130.add(11, 42, 1258, 1)
[02:41:46.892845] {Default Queue}  -> wl_region#130.add(13, 43, 1254, 1)
[02:41:46.892845]  -> wl_surface#74.set_input_region(wl_region#130)
[02:41:46.892846] {Default Queue}  -> wl_region#130.destroy()
[02:41:46.892848]  -> wl_surface#74.attach(wl_buffer#100, 0, 0)
[02:41:46.892849]  -> wl_surface#74.frame(new id wl_callback#108)
[02:41:46.892851] {Default Queue}  -> wp_presentation#23.feedback(wl_surface#74, new id wp_presentation_feedback#129)
[02:41:46.892853]  -> wl_surface#74.commit()
[02:41:46.892935] {Display Queue} wl_display#1.delete_id(130)
[02:41:46.892937] {Default Queue} wl_buffer#100.release()
[02:41:46.904644] {Display Queue} wl_display#1.delete_id(124)
[02:41:46.904651] {Display Queue} wl_display#1.delete_id(128)
[02:41:46.904652] {Default Queue} wl_callback#124.done(46763562)
[02:41:46.904663] {Default Queue} wp_presentation_feedback#128.sync_output(wl_output#67)
[02:41:46.904665] {Default Queue} wp_presentation_feedback#128.sync_output(wl_output#34)
[02:41:46.904666] {Default Queue} wp_presentation_feedback#128.presented(0, 46763, 562524917, 0, 0, 0, 0)
[02:41:46.904886] {Default Queue}  -> wl_compositor#4.create_region(new id wl_region#128)
[02:41:46.904889] {Default Queue}  -> wl_region#128.add(13, 4, 1254, 1)
[02:41:46.904891] {Default Queue}  -> wl_region#128.add(11, 5, 1258, 1)
[02:41:46.904892] {Default Queue}  -> wl_region#128.add(10, 6, 1260, 1)
[02:41:46.904892] {Default Queue}  -> wl_region#128.add(9, 7, 1262, 1)
[02:41:46.904893] {Default Queue}  -> wl_region#128.add(8, 8, 1264, 1)
[02:41:46.904894] {Default Queue}  -> wl_region#128.add(7, 9, 1266, 1)
[02:41:46.904894] {Default Queue}  -> wl_region#128.add(6, 10, 1268, 2)
[02:41:46.904895] {Default Queue}  -> wl_region#128.add(5, 12, 1270, 5)
[02:41:46.904896] {Default Queue}  -> wl_region#128.add(4, 17, 1272, 14)
[02:41:46.904897] {Default Queue}  -> wl_region#128.add(5, 31, 1270, 5)
[02:41:46.904897] {Default Queue}  -> wl_region#128.add(6, 36, 1268, 2)
[02:41:46.904898] {Default Queue}  -> wl_region#128.add(7, 38, 1266, 1)
[02:41:46.904899] {Default Queue}  -> wl_region#128.add(8, 39, 1264, 1)
[02:41:46.904899] {Default Queue}  -> wl_region#128.add(9, 40, 1262, 1)
[02:41:46.904900] {Default Queue}  -> wl_region#128.add(10, 41, 1260, 1)
[02:41:46.904900] {Default Queue}  -> wl_region#128.add(11, 42, 1258, 1)
[02:41:46.904901] {Default Queue}  -> wl_region#128.add(13, 43, 1254, 1)
[02:41:46.904902]  -> wl_surface#73.set_input_region(wl_region#128)
[02:41:46.904903] {Default Queue}  -> wl_region#128.destroy()
[02:41:46.904904]  -> wl_surface#73.attach(wl_buffer#89, 0, 0)
[02:41:46.904906]  -> wl_surface#73.frame(new id wl_callback#124)
[02:41:46.904908] {Default Queue}  -> wp_presentation#23.feedback(wl_surface#73, new id wp_presentation_feedback#130)
[02:41:46.904910]  -> wl_surface#73.commit()
[02:41:46.905026] {Display Queue} wl_display#1.delete_id(128)
[02:41:46.905027] {Default Queue} wl_buffer#89.release()
[02:41:46.908885] {Display Queue} wl_display#1.delete_id(108)
[02:41:46.908889] {Display Queue} wl_display#1.delete_id(129)
[02:41:46.908891] {Display Queue} wl_display#1.delete_id(103)
[02:41:46.908892] {Display Queue} wl_display#1.delete_id(127)
[02:41:46.908892] {Default Queue} wl_callback#108.done(46763566)
[02:41:46.908902] {Default Queue} wp_presentation_feedback#129.sync_output(wl_output#66)
[02:41:46.908904] {Default Queue} wp_presentation_feedback#129.sync_output(wl_output#31)
[02:41:46.908904] {Default Queue} wp_presentation_feedback#129.presented(0, 46763, 566769267, 0, 0, 0, 0)
[02:41:46.908907] {Default Queue} wp_presentation_feedback#103.sync_output(wl_output#66)
[02:41:46.908908] {Default Queue} wp_presentation_feedback#103.sync_output(wl_output#31)
[02:41:46.908909] {Default Queue} wp_presentation_feedback#103.presented(0, 46763, 566769267, 0, 0, 0, 0)
[02:41:46.908911] {Default Queue} wp_presentation_feedback#127.sync_output(wl_output#66)
[02:41:46.908911] {Default Queue} wp_presentation_feedback#127.sync_output(wl_output#31)
[02:41:46.908912] {Default Queue} wp_presentation_feedback#127.presented(0, 46763, 566769267, 0, 0, 0, 0)
[02:41:46.920851] {Display Queue} wl_display#1.delete_id(124)
[02:41:46.920860] {Display Queue} wl_display#1.delete_id(130)
[02:41:46.920861] {Default Queue} wl_callback#124.done(46763578)
[02:41:46.920872] {Default Queue} wp_presentation_feedback#130.sync_output(wl_output#67)
[02:41:46.920874] {Default Queue} wp_presentation_feedback#130.sync_output(wl_output#34)
[02:41:46.920875] {Default Queue} wp_presentation_feedback#130.presented(0, 46763, 578725229, 0, 0, 0, 0)
[02:41:46.939376]  -> wl_surface#79.attach(wl_buffer#107, 0, 0)
[02:41:46.939381]  -> wl_surface#79.frame(new id wl_callback#130)
[02:41:46.939384] {Default Queue}  -> wp_presentation#23.feedback(wl_surface#79, new id wp_presentation_feedback#124)
[02:41:46.939386]  -> wl_surface#79.commit()
info: event=launcher-results count=116 shown=116 publish_us=6404
[02:41:46.945746] {Display Queue} wl_display#1.delete_id(130)
[02:41:46.945751] {Default Queue} wl_buffer#107.release()
[02:41:46.945753] {Default Queue} wl_callback#130.done(46763597)
[02:41:46.957440]  -> wl_surface#117.attach(wl_buffer#126, 0, 0)
[02:41:46.957448]  -> wl_surface#117.frame(new id wl_callback#130)
[02:41:46.957451] {Default Queue}  -> wp_presentation#23.feedback(wl_surface#117, new id wp_presentation_feedback#127)
[02:41:46.957454]  -> wl_surface#117.commit()
info: event=launcher-painted latency_us=18165
[02:41:46.957959] {Display Queue} wl_display#1.delete_id(130)
[02:41:46.957963] {Default Queue} wl_buffer#126.release()
[02:41:46.957965] {Default Queue} wl_callback#130.done(46763615)
[02:41:47.030294]  -> wl_surface#117.attach(wl_buffer#126, 0, 0)
[02:41:47.030302]  -> wl_surface#117.frame(new id wl_callback#130)
[02:41:47.030305] {Default Queue}  -> wp_presentation#23.feedback(wl_surface#117, new id wp_presentation_feedback#103)
[02:41:47.030308]  -> wl_surface#117.commit()
[02:41:47.030444]  -> wl_surface#79.attach(wl_buffer#107, 0, 0)
[02:41:47.030446]  -> wl_surface#79.frame(new id wl_callback#129)
[02:41:47.030447] {Default Queue}  -> wp_presentation#23.feedback(wl_surface#79, new id wp_presentation_feedback#108)
[02:41:47.030449]  -> wl_surface#79.commit()
info: event=launcher-results count=116 shown=116 publish_us=5373
[02:41:47.035816] {Display Queue} wl_display#1.delete_id(127)
[02:41:47.035820] {Display Queue} wl_display#1.delete_id(130)
[02:41:47.035821] {Display Queue} wl_display#1.delete_id(124)
[02:41:47.035822] {Default Queue} wp_presentation_feedback#127.discarded()
[02:41:47.035824] {Default Queue} wl_buffer#126.release()
[02:41:47.035825] {Default Queue} wl_callback#130.done(46763688)
[02:41:47.035830] {Default Queue} wp_presentation_feedback#124.discarded()
[02:41:47.035831] {Default Queue} wl_buffer#107.release()
[02:41:47.046823]  -> wl_surface#117.attach(wl_buffer#126, 0, 0)
[02:41:47.046831]  -> wl_surface#117.frame(new id wl_callback#124)
[02:41:47.046834] {Default Queue}  -> wp_presentation#23.feedback(wl_surface#117, new id wp_presentation_feedback#130)
[02:41:47.046836]  -> wl_surface#117.commit()
info: event=launcher-painted latency_us=16438
[02:41:47.046903] {Display Queue} wl_display#1.delete_id(129)
[02:41:47.046905] {Default Queue} wl_callback#129.done(46763704)
[02:41:47.047007] {Display Queue} wl_display#1.delete_id(103)
[02:41:47.047009] {Default Queue} wp_presentation_feedback#103.discarded()
[02:41:47.047010] {Default Queue} wl_buffer#126.release()
[02:41:47.062881] {Display Queue} wl_display#1.delete_id(124)
[02:41:47.062888] {Default Queue} wl_callback#124.done(46763720)
[02:41:47.754364] {Display Queue} wl_display#1.delete_id(108)
[02:41:47.754373] {Display Queue} wl_display#1.delete_id(130)
[02:41:47.754375] {Default Queue} ext_background_effect_manager_v1#51.capabilities(0)
info: event=blur-capability available=false
[02:41:47.754513] {Default Queue}  -> ext_background_effect_surface_v1#104.set_blur_region(nil)
[02:41:47.754565] {Default Queue}  -> ext_background_effect_surface_v1#118.set_blur_region(nil)
[02:41:47.754621] {Default Queue}  -> ext_background_effect_surface_v1#98.set_blur_region(nil)
[02:41:47.754625] {Default Queue} wp_presentation_feedback#108.sync_output(wl_output#66)
[02:41:47.754629] {Default Queue} wp_presentation_feedback#108.sync_output(wl_output#31)
[02:41:47.754630] {Default Queue} wp_presentation_feedback#108.presented(0, 46764, 412231431, 0, 0, 0, 0)
[02:41:47.754634] {Default Queue} wp_presentation_feedback#130.sync_output(wl_output#66)
[02:41:47.754635] {Default Queue} wp_presentation_feedback#130.sync_output(wl_output#31)
[02:41:47.754636] {Default Queue} wp_presentation_feedback#130.presented(0, 46764, 412231431, 0, 0, 0, 0)
[02:41:47.755065]  -> wl_surface#74.attach(wl_buffer#100, 0, 0)
[02:41:47.755067]  -> wl_surface#74.frame(new id wl_callback#130)
[02:41:47.755069] {Default Queue}  -> wp_presentation#23.feedback(wl_surface#74, new id wp_presentation_feedback#108)
[02:41:47.755071]  -> wl_surface#74.commit()
[02:41:47.755383]  -> wl_surface#73.attach(wl_buffer#89, 0, 0)
[02:41:47.755385]  -> wl_surface#73.frame(new id wl_callback#124)
[02:41:47.755386] {Default Queue}  -> wp_presentation#23.feedback(wl_surface#73, new id wp_presentation_feedback#103)
[02:41:47.755387]  -> wl_surface#73.commit()
[02:41:47.758765] {Default Queue}  -> wl_compositor#4.create_region(new id wl_region#129)
[02:41:47.758770] {Default Queue}  -> wl_region#129.add(344, 36, 592, 600)
[02:41:47.758773]  -> wl_surface#117.set_opaque_region(wl_region#129)
[02:41:47.758774] {Default Queue}  -> wl_region#129.destroy()
[02:41:47.758775]  -> wl_surface#117.attach(wl_buffer#126, 0, 0)
[02:41:47.758776]  -> wl_surface#117.damage_buffer(330, 36, 620, 600)
[02:41:47.758778]  -> wl_surface#117.frame(new id wl_callback#127)
[02:41:47.758779] {Default Queue}  -> wp_presentation#23.feedback(wl_surface#117, new id wp_presentation_feedback#128)
[02:41:47.758781]  -> wl_surface#117.commit()
[02:41:47.758978] {Display Queue} wl_display#1.delete_id(129)
[02:41:47.758980] {Default Queue} wl_buffer#100.release()
[02:41:47.758982] {Default Queue} wl_buffer#89.release()
[02:41:47.758982] {Default Queue} wl_buffer#126.release()
[02:41:47.759006]  -> wl_surface#79.attach(wl_buffer#107, 0, 0)
[02:41:47.759008]  -> wl_surface#79.frame(new id wl_callback#129)
[02:41:47.759009] {Default Queue}  -> wp_presentation#23.feedback(wl_surface#79, new id wp_presentation_feedback#102)
[02:41:47.759010]  -> wl_surface#79.commit()
info: event=launcher-results count=116 shown=116 publish_us=4979
[02:41:47.763937] {Default Queue} wl_buffer#107.release()
info: event=launcher-results count=116 shown=116 publish_us=3856
info: event=launcher-results count=116 shown=116 publish_us=3540
[02:41:47.771589] {Display Queue} wl_display#1.delete_id(130)
[02:41:47.771593] {Display Queue} wl_display#1.delete_id(129)
[02:41:47.771594] {Display Queue} wl_display#1.delete_id(127)
[02:41:47.771595] {Display Queue} wl_display#1.delete_id(108)
[02:41:47.771595] {Display Queue} wl_display#1.delete_id(102)
[02:41:47.771596] {Display Queue} wl_display#1.delete_id(128)
[02:41:47.771596] {Display Queue} wl_display#1.delete_id(124)
[02:41:47.771597] {Display Queue} wl_display#1.delete_id(103)
[02:41:47.771598] {Default Queue} wl_callback#130.done(46764428)
[02:41:47.771601] {Default Queue} wl_callback#129.done(46764428)
[02:41:47.771603] {Default Queue} wl_callback#127.done(46764428)
[02:41:47.771605] {Default Queue} wp_presentation_feedback#108.sync_output(wl_output#66)
[02:41:47.771606] {Default Queue} wp_presentation_feedback#108.sync_output(wl_output#31)
[02:41:47.771606] {Default Queue} wp_presentation_feedback#108.presented(0, 46764, 428307852, 0, 0, 0, 0)
[02:41:47.771609] {Default Queue} wp_presentation_feedback#102.sync_output(wl_output#66)
[02:41:47.771610] {Default Queue} wp_presentation_feedback#102.sync_output(wl_output#31)
[02:41:47.771610] {Default Queue} wp_presentation_feedback#102.presented(0, 46764, 428307852, 0, 0, 0, 0)
[02:41:47.771612] {Default Queue} wp_presentation_feedback#128.sync_output(wl_output#66)
[02:41:47.771612] {Default Queue} wp_presentation_feedback#128.sync_output(wl_output#31)
[02:41:47.771613] {Default Queue} wp_presentation_feedback#128.presented(0, 46764, 428307852, 0, 0, 0, 0)
[02:41:47.771614] {Default Queue} wl_callback#124.done(46764428)
[02:41:47.771616] {Default Queue} wp_presentation_feedback#103.sync_output(wl_output#67)
[02:41:47.771616] {Default Queue} wp_presentation_feedback#103.sync_output(wl_output#34)
[02:41:47.771617] {Default Queue} wp_presentation_feedback#103.presented(0, 46764, 428348122, 0, 0, 0, 0)
[02:41:47.771767]  -> wl_surface#74.attach(wl_buffer#100, 0, 0)
[02:41:47.771770]  -> wl_surface#74.damage_buffer(1099, 18, 19, 12)
[02:41:47.771771]  -> wl_surface#74.frame(new id wl_callback#103)
[02:41:47.771773] {Default Queue}  -> wp_presentation#23.feedback(wl_surface#74, new id wp_presentation_feedback#124)
[02:41:47.771774]  -> wl_surface#74.commit()
[02:41:47.771790]  -> wl_surface#79.attach(wl_buffer#107, 0, 0)
[02:41:47.771791]  -> wl_surface#79.frame(new id wl_callback#128)
[02:41:47.771792] {Default Queue}  -> wp_presentation#23.feedback(wl_surface#79, new id wp_presentation_feedback#102)
[02:41:47.771793]  -> wl_surface#79.commit()
[02:41:47.781324]  -> wl_surface#117.attach(wl_buffer#126, 0, 0)
[02:41:47.781329]  -> wl_surface#117.frame(new id wl_callback#108)
[02:41:47.781331] {Default Queue}  -> wp_presentation#23.feedback(wl_surface#117, new id wp_presentation_feedback#127)
[02:41:47.781333]  -> wl_surface#117.commit()
info: event=launcher-painted latency_us=13311
[02:41:47.781420]  -> wl_surface#73.attach(wl_buffer#89, 0, 0)
[02:41:47.781422]  -> wl_surface#73.damage_buffer(1099, 18, 19, 12)
[02:41:47.781423]  -> wl_surface#73.frame(new id wl_callback#129)
[02:41:47.781424] {Default Queue}  -> wp_presentation#23.feedback(wl_surface#73, new id wp_presentation_feedback#130)
[02:41:47.781425]  -> wl_surface#73.commit()
[02:41:47.781511] {Default Queue} wl_buffer#100.release()
[02:41:47.781513] {Default Queue} wl_buffer#107.release()
[02:41:47.781514] {Default Queue} wl_buffer#126.release()
[02:41:47.781515] {Default Queue} wl_buffer#89.release()
[02:41:47.786548] {Display Queue} wl_display#1.delete_id(103)
[02:41:47.786554] {Display Queue} wl_display#1.delete_id(128)
[02:41:47.786555] {Display Queue} wl_display#1.delete_id(108)
[02:41:47.786556] {Display Queue} wl_display#1.delete_id(124)
[02:41:47.786557] {Default Queue} wl_callback#103.done(46764444)
[02:41:47.786561] {Default Queue} wl_callback#128.done(46764444)
[02:41:47.786563] {Default Queue} wl_callback#108.done(46764444)
[02:41:47.786566] {Default Queue} wp_presentation_feedback#124.sync_output(wl_output#66)
[02:41:47.786568] {Default Queue} wp_presentation_feedback#124.sync_output(wl_output#31)
[02:41:47.786569] {Default Queue} wp_presentation_feedback#124.presented(0, 46764, 444435173, 0, 0, 0, 0)
[02:41:47.786590] {Display Queue} wl_display#1.delete_id(129)
[02:41:47.786591] {Display Queue} wl_display#1.delete_id(130)
[02:41:47.786592] {Default Queue} wl_callback#129.done(46764444)
[02:41:47.786593] {Default Queue} wp_presentation_feedback#130.sync_output(wl_output#67)
[02:41:47.786594] {Default Queue} wp_presentation_feedback#130.sync_output(wl_output#34)
[02:41:47.786594] {Default Queue} wp_presentation_feedback#130.presented(0, 46764, 444482824, 0, 0, 0, 0)
[02:41:48.035497]  -> wl_surface#117.attach(wl_buffer#126, 0, 0)
[02:41:48.035504]  -> wl_surface#117.frame(new id wl_callback#130)
[02:41:48.035506] {Default Queue}  -> wp_presentation#23.feedback(wl_surface#117, new id wp_presentation_feedback#129)
[02:41:48.035509]  -> wl_surface#117.commit()
[02:41:48.035619]  -> wl_surface#79.attach(wl_buffer#107, 0, 0)
[02:41:48.035621]  -> wl_surface#79.frame(new id wl_callback#124)
[02:41:48.035622] {Default Queue}  -> wp_presentation#23.feedback(wl_surface#79, new id wp_presentation_feedback#108)
[02:41:48.035623]  -> wl_surface#79.commit()
info: event=launcher-results count=116 shown=116 publish_us=5916
[02:41:48.041577] {Display Queue} wl_display#1.delete_id(127)
[02:41:48.041582] {Display Queue} wl_display#1.delete_id(130)
[02:41:48.041583] {Display Queue} wl_display#1.delete_id(102)
[02:41:48.041584] {Default Queue} wp_presentation_feedback#127.discarded()
[02:41:48.041586] {Default Queue} wl_buffer#126.release()
[02:41:48.041588] {Default Queue} wl_callback#130.done(46764693)
[02:41:48.041593] {Default Queue} wp_presentation_feedback#102.discarded()
[02:41:48.041595] {Default Queue} wl_buffer#107.release()
[02:41:48.052528]  -> wl_surface#117.attach(wl_buffer#126, 0, 0)
[02:41:48.052534]  -> wl_surface#117.frame(new id wl_callback#102)
[02:41:48.052537] {Default Queue}  -> wp_presentation#23.feedback(wl_surface#117, new id wp_presentation_feedback#130)
[02:41:48.052540]  -> wl_surface#117.commit()
info: event=launcher-painted latency_us=16958
[02:41:48.052599] {Display Queue} wl_display#1.delete_id(124)
[02:41:48.052601] {Default Queue} wl_callback#124.done(46764709)
info: event=preferences-applied revision=2 mode=static cache=false
[02:41:48.053001] {Display Queue} wl_display#1.delete_id(129)
[02:41:48.053003] {Default Queue} wp_presentation_feedback#129.discarded()
[02:41:48.053005] {Default Queue} wl_buffer#126.release()
info: event=wallpaper-applications-applied generation=5 elapsed_us=17670 success=true
[02:41:48.055111]  -> wl_surface#68.attach(wl_buffer#95, 0, 0)
[02:41:48.055117]  -> wl_surface#68.damage_buffer(0, 0, 1280, 720)
[02:41:48.055119]  -> wl_surface#68.frame(new id wl_callback#129)
[02:41:48.055121] {Default Queue}  -> wp_presentation#23.feedback(wl_surface#68, new id wp_presentation_feedback#124)
[02:41:48.055123]  -> wl_surface#68.commit()
[02:41:48.057542]  -> wl_surface#84.attach(wl_buffer#111, 0, 0)
[02:41:48.057546]  -> wl_surface#84.damage_buffer(0, 0, 1280, 720)
[02:41:48.057547]  -> wl_surface#84.frame(new id wl_callback#127)
[02:41:48.057549] {Default Queue}  -> wp_presentation#23.feedback(wl_surface#84, new id wp_presentation_feedback#128)
[02:41:48.057550]  -> wl_surface#84.commit()
[02:41:48.061086] {Display Queue} wl_display#1.delete_id(127)
[02:41:48.061091] {Display Queue} wl_display#1.delete_id(128)
[02:41:48.061092] {Default Queue} wl_buffer#95.release()
[02:41:48.061098] {Default Queue} wl_buffer#111.release()
[02:41:48.061099] {Default Queue} wl_callback#127.done(46764716)
[02:41:48.061108] {Default Queue} wp_presentation_feedback#128.sync_output(wl_output#67)
[02:41:48.061109] {Default Queue} wp_presentation_feedback#128.sync_output(wl_output#34)
[02:41:48.061110] {Default Queue} wp_presentation_feedback#128.presented(0, 46764, 716380595, 0, 0, 0, 0)
info: event=launcher-results count=116 shown=116 publish_us=4975
[02:41:48.068059] {Display Queue} wl_display#1.delete_id(129)
[02:41:48.068066] {Display Queue} wl_display#1.delete_id(102)
[02:41:48.068068] {Display Queue} wl_display#1.delete_id(124)
[02:41:48.068069] {Display Queue} wl_display#1.delete_id(108)
[02:41:48.068070] {Display Queue} wl_display#1.delete_id(130)
[02:41:48.068072] {Default Queue} wl_callback#129.done(46764725)
[02:41:48.068079] {Default Queue} wl_callback#102.done(46764725)
[02:41:48.068081] {Default Queue} wp_presentation_feedback#124.sync_output(wl_output#66)
[02:41:48.068083] {Default Queue} wp_presentation_feedback#124.sync_output(wl_output#31)
[02:41:48.068084] {Default Queue} wp_presentation_feedback#124.presented(0, 46764, 725895534, 0, 0, 0, 0)
[02:41:48.068087] {Default Queue} wp_presentation_feedback#108.sync_output(wl_output#66)
[02:41:48.068089] {Default Queue} wp_presentation_feedback#108.sync_output(wl_output#31)
[02:41:48.068090] {Default Queue} wp_presentation_feedback#108.presented(0, 46764, 725895534, 0, 0, 0, 0)
[02:41:48.068092] {Default Queue} wp_presentation_feedback#130.sync_output(wl_output#66)
[02:41:48.068093] {Default Queue} wp_presentation_feedback#130.sync_output(wl_output#31)
[02:41:48.068098] {Default Queue} wp_presentation_feedback#130.presented(0, 46764, 725895534, 0, 0, 0, 0)
[02:41:48.078644]  -> wl_surface#117.attach(wl_buffer#126, 0, 0)
[02:41:48.078650]  -> wl_surface#117.frame(new id wl_callback#130)
[02:41:48.078652] {Default Queue}  -> wp_presentation#23.feedback(wl_surface#117, new id wp_presentation_feedback#108)
[02:41:48.078655]  -> wl_surface#117.commit()
info: event=launcher-painted latency_us=17602
[02:41:48.078754] {Default Queue} wl_buffer#126.release()
[02:41:48.079576] {Default Queue}  -> wl_compositor#4.create_region(new id wl_region#124)
[02:41:48.079580] {Default Queue}  -> wl_region#124.add(18, 4, 506, 40)
[02:41:48.079583]  -> wl_surface#74.set_opaque_region(wl_region#124)
[02:41:48.079584] {Default Queue}  -> wl_region#124.destroy()
[02:41:48.079586]  -> wl_surface#74.attach(wl_buffer#100, 0, 0)
[02:41:48.079587]  -> wl_surface#74.damage_buffer(4, 4, 1272, 40)
[02:41:48.079588]  -> wl_surface#74.frame(new id wl_callback#102)
[02:41:48.079589] {Default Queue}  -> wp_presentation#23.feedback(wl_surface#74, new id wp_presentation_feedback#129)
[02:41:48.079591]  -> wl_surface#74.commit()
[02:41:48.080080] {Default Queue}  -> ext_background_effect_surface_v1#104.set_blur_region(nil)
[02:41:48.080127]  -> wl_surface#79.attach(wl_buffer#107, 0, 0)
[02:41:48.080129]  -> wl_surface#79.frame(new id wl_callback#128)
[02:41:48.080130] {Default Queue}  -> wp_presentation#23.feedback(wl_surface#79, new id wp_presentation_feedback#127)
[02:41:48.080130]  -> wl_surface#79.commit()
[02:41:48.080867] {Default Queue}  -> wl_compositor#4.create_region(new id wl_region#103)
[02:41:48.080871] {Default Queue}  -> wl_region#103.add(18, 4, 506, 40)
[02:41:48.080873]  -> wl_surface#73.set_opaque_region(wl_region#103)
[02:41:48.080874] {Default Queue}  -> wl_region#103.destroy()
[02:41:48.080876]  -> wl_surface#73.attach(wl_buffer#89, 0, 0)
[02:41:48.080877]  -> wl_surface#73.damage_buffer(4, 4, 1272, 40)
[02:41:48.080878]  -> wl_surface#73.frame(new id wl_callback#121)
[02:41:48.080879] {Default Queue}  -> wp_presentation#23.feedback(wl_surface#73, new id wp_presentation_feedback#123)
[02:41:48.080880]  -> wl_surface#73.commit()
[02:41:48.081309] {Default Queue}  -> ext_background_effect_surface_v1#118.set_blur_region(nil)
[02:41:48.081324] {Display Queue} wl_display#1.delete_id(124)
[02:41:48.081326] {Default Queue} wl_buffer#100.release()
[02:41:48.081505] {Display Queue} wl_display#1.delete_id(103)
[02:41:48.081507] {Display Queue} wl_display#1.delete_id(121)
[02:41:48.081508] {Display Queue} wl_display#1.delete_id(123)
[02:41:48.081509] {Default Queue} wl_buffer#107.release()
[02:41:48.081510] {Default Queue} wl_buffer#89.release()
[02:41:48.081510] {Default Queue} wl_callback#121.done(46764739)
[02:41:48.081514] {Default Queue} wp_presentation_feedback#123.sync_output(wl_output#67)
[02:41:48.081515] {Default Queue} wp_presentation_feedback#123.sync_output(wl_output#34)
[02:41:48.081516] {Default Queue} wp_presentation_feedback#123.presented(0, 46764, 739398611, 0, 0, 0, 0)
[02:41:48.081599] {Default Queue}  -> wl_compositor#4.create_region(new id wl_region#123)
[02:41:48.081601] {Default Queue}  -> wl_region#123.add(19, 4, 504, 1)
[02:41:48.081603] {Default Queue}  -> wl_region#123.add(576, 4, 128, 1)
[02:41:48.081604] {Default Queue}  -> wl_region#123.add(877, 4, 384, 1)
[02:41:48.081604] {Default Queue}  -> wl_region#123.add(17, 5, 508, 1)
[02:41:48.081605] {Default Queue}  -> wl_region#123.add(574, 5, 132, 1)
[02:41:48.081606] {Default Queue}  -> wl_region#123.add(875, 5, 388, 1)
[02:41:48.081606] {Default Queue}  -> wl_region#123.add(16, 6, 510, 1)
[02:41:48.081607] {Default Queue}  -> wl_region#123.add(573, 6, 134, 1)
[02:41:48.081608] {Default Queue}  -> wl_region#123.add(874, 6, 390, 1)
[02:41:48.081608] {Default Queue}  -> wl_region#123.add(15, 7, 512, 1)
[02:41:48.081609] {Default Queue}  -> wl_region#123.add(572, 7, 136, 1)
[02:41:48.081610] {Default Queue}  -> wl_region#123.add(873, 7, 392, 1)
[02:41:48.081611] {Default Queue}  -> wl_region#123.add(14, 8, 514, 1)
[02:41:48.081611] {Default Queue}  -> wl_region#123.add(571, 8, 138, 1)
[02:41:48.081612] {Default Queue}  -> wl_region#123.add(872, 8, 394, 1)
[02:41:48.081612] {Default Queue}  -> wl_region#123.add(13, 9, 516, 1)
[02:41:48.081613] {Default Queue}  -> wl_region#123.add(570, 9, 140, 1)
[02:41:48.081614] {Default Queue}  -> wl_region#123.add(871, 9, 396, 1)
[02:41:48.081614] {Default Queue}  -> wl_region#123.add(12, 10, 518, 2)
[02:41:48.081615] {Default Queue}  -> wl_region#123.add(569, 10, 142, 2)
[02:41:48.081616] {Default Queue}  -> wl_region#123.add(870, 10, 398, 2)
[02:41:48.081617] {Default Queue}  -> wl_region#123.add(11, 12, 520, 5)
[02:41:48.081617] {Default Queue}  -> wl_region#123.add(568, 12, 144, 5)
[02:41:48.081618] {Default Queue}  -> wl_region#123.add(869, 12, 400, 5)
[02:41:48.081619] {Default Queue}  -> wl_region#123.add(10, 17, 522, 14)
[02:41:48.081619] {Default Queue}  -> wl_region#123.add(567, 17, 146, 14)
[02:41:48.081620] {Default Queue}  -> wl_region#123.add(868, 17, 402, 14)
[02:41:48.081621] {Default Queue}  -> wl_region#123.add(11, 31, 520, 5)
[02:41:48.081621] {Default Queue}  -> wl_region#123.add(568, 31, 144, 5)
[02:41:48.081622] {Default Queue}  -> wl_region#123.add(869, 31, 400, 5)
[02:41:48.081623] {Default Queue}  -> wl_region#123.add(12, 36, 518, 2)
[02:41:48.081623] {Default Queue}  -> wl_region#123.add(569, 36, 142, 2)
[02:41:48.081624] {Default Queue}  -> wl_region#123.add(870, 36, 398, 2)
[02:41:48.081625] {Default Queue}  -> wl_region#123.add(13, 38, 516, 1)
[02:41:48.081625] {Default Queue}  -> wl_region#123.add(570, 38, 140, 1)
[02:41:48.081626] {Default Queue}  -> wl_region#123.add(871, 38, 396, 1)
[02:41:48.081627] {Default Queue}  -> wl_region#123.add(14, 39, 514, 1)
[02:41:48.081627] {Default Queue}  -> wl_region#123.add(571, 39, 138, 1)
[02:41:48.081628] {Default Queue}  -> wl_region#123.add(872, 39, 394, 1)
[02:41:48.081629] {Default Queue}  -> wl_region#123.add(15, 40, 512, 1)
[02:41:48.081629] {Default Queue}  -> wl_region#123.add(572, 40, 136, 1)
[02:41:48.081630] {Default Queue}  -> wl_region#123.add(873, 40, 392, 1)
[02:41:48.081631] {Default Queue}  -> wl_region#123.add(16, 41, 510, 1)
[02:41:48.081631] {Default Queue}  -> wl_region#123.add(573, 41, 134, 1)
[02:41:48.081632] {Default Queue}  -> wl_region#123.add(874, 41, 390, 1)
[02:41:48.081633] {Default Queue}  -> wl_region#123.add(17, 42, 508, 1)
[02:41:48.081633] {Default Queue}  -> wl_region#123.add(574, 42, 132, 1)
[02:41:48.081634] {Default Queue}  -> wl_region#123.add(875, 42, 388, 1)
[02:41:48.081635] {Default Queue}  -> wl_region#123.add(19, 43, 504, 1)
[02:41:48.081635] {Default Queue}  -> wl_region#123.add(576, 43, 128, 1)
[02:41:48.081636] {Default Queue}  -> wl_region#123.add(877, 43, 384, 1)
[02:41:48.081637]  -> wl_surface#73.set_input_region(wl_region#123)
[02:41:48.081637] {Default Queue}  -> wl_region#123.destroy()
[02:41:48.081638]  -> wl_surface#73.attach(wl_buffer#89, 0, 0)
[02:41:48.081640]  -> wl_surface#73.frame(new id wl_callback#121)
[02:41:48.081641] {Default Queue}  -> wp_presentation#23.feedback(wl_surface#73, new id wp_presentation_feedback#103)
[02:41:48.081642]  -> wl_surface#73.commit()
[02:41:48.081695] {Display Queue} wl_display#1.delete_id(123)
[02:41:48.081697] {Default Queue} wl_buffer#89.release()
[02:41:48.084066] {Display Queue} wl_display#1.delete_id(102)
[02:41:48.084071] {Display Queue} wl_display#1.delete_id(128)
[02:41:48.084072] {Display Queue} wl_display#1.delete_id(130)
[02:41:48.084073] {Display Queue} wl_display#1.delete_id(129)
[02:41:48.084073] {Default Queue} wl_callback#102.done(46764741)
[02:41:48.084078] {Default Queue} wl_callback#128.done(46764741)
[02:41:48.084079] {Default Queue} wl_callback#130.done(46764741)
[02:41:48.084081] {Default Queue} wp_presentation_feedback#129.sync_output(wl_output#66)
[02:41:48.084082] {Default Queue} wp_presentation_feedback#129.sync_output(wl_output#31)
[02:41:48.084083] {Default Queue} wp_presentation_feedback#129.presented(0, 46764, 741958195, 0, 0, 0, 0)
[02:41:48.084185] {Default Queue}  -> wl_compositor#4.create_region(new id wl_region#129)
[02:41:48.084188] {Default Queue}  -> wl_region#129.add(19, 4, 504, 1)
[02:41:48.084189] {Default Queue}  -> wl_region#129.add(576, 4, 128, 1)
[02:41:48.084190] {Default Queue}  -> wl_region#129.add(877, 4, 384, 1)
[02:41:48.084191] {Default Queue}  -> wl_region#129.add(17, 5, 508, 1)
[02:41:48.084192] {Default Queue}  -> wl_region#129.add(574, 5, 132, 1)
[02:41:48.084192] {Default Queue}  -> wl_region#129.add(875, 5, 388, 1)
[02:41:48.084193] {Default Queue}  -> wl_region#129.add(16, 6, 510, 1)
[02:41:48.084194] {Default Queue}  -> wl_region#129.add(573, 6, 134, 1)
[02:41:48.084194] {Default Queue}  -> wl_region#129.add(874, 6, 390, 1)
[02:41:48.084195] {Default Queue}  -> wl_region#129.add(15, 7, 512, 1)
[02:41:48.084196] {Default Queue}  -> wl_region#129.add(572, 7, 136, 1)
[02:41:48.084196] {Default Queue}  -> wl_region#129.add(873, 7, 392, 1)
[02:41:48.084197] {Default Queue}  -> wl_region#129.add(14, 8, 514, 1)
[02:41:48.084198] {Default Queue}  -> wl_region#129.add(571, 8, 138, 1)
[02:41:48.084198] {Default Queue}  -> wl_region#129.add(872, 8, 394, 1)
[02:41:48.084199] {Default Queue}  -> wl_region#129.add(13, 9, 516, 1)
[02:41:48.084200] {Default Queue}  -> wl_region#129.add(570, 9, 140, 1)
[02:41:48.084200] {Default Queue}  -> wl_region#129.add(871, 9, 396, 1)
[02:41:48.084201] {Default Queue}  -> wl_region#129.add(12, 10, 518, 2)
[02:41:48.084202] {Default Queue}  -> wl_region#129.add(569, 10, 142, 2)
[02:41:48.084202] {Default Queue}  -> wl_region#129.add(870, 10, 398, 2)
[02:41:48.084203] {Default Queue}  -> wl_region#129.add(11, 12, 520, 5)
[02:41:48.084204] {Default Queue}  -> wl_region#129.add(568, 12, 144, 5)
[02:41:48.084204] {Default Queue}  -> wl_region#129.add(869, 12, 400, 5)
[02:41:48.084205] {Default Queue}  -> wl_region#129.add(10, 17, 522, 14)
[02:41:48.084206] {Default Queue}  -> wl_region#129.add(567, 17, 146, 14)
[02:41:48.084206] {Default Queue}  -> wl_region#129.add(868, 17, 402, 14)
[02:41:48.084207] {Default Queue}  -> wl_region#129.add(11, 31, 520, 5)
[02:41:48.084208] {Default Queue}  -> wl_region#129.add(568, 31, 144, 5)
[02:41:48.084208] {Default Queue}  -> wl_region#129.add(869, 31, 400, 5)
[02:41:48.084209] {Default Queue}  -> wl_region#129.add(12, 36, 518, 2)
[02:41:48.084210] {Default Queue}  -> wl_region#129.add(569, 36, 142, 2)
[02:41:48.084210] {Default Queue}  -> wl_region#129.add(870, 36, 398, 2)
[02:41:48.084211] {Default Queue}  -> wl_region#129.add(13, 38, 516, 1)
[02:41:48.084212] {Default Queue}  -> wl_region#129.add(570, 38, 140, 1)
[02:41:48.084212] {Default Queue}  -> wl_region#129.add(871, 38, 396, 1)
[02:41:48.084213] {Default Queue}  -> wl_region#129.add(14, 39, 514, 1)
[02:41:48.084213] {Default Queue}  -> wl_region#129.add(571, 39, 138, 1)
[02:41:48.084214] {Default Queue}  -> wl_region#129.add(872, 39, 394, 1)
[02:41:48.084215] {Default Queue}  -> wl_region#129.add(15, 40, 512, 1)
[02:41:48.084215] {Default Queue}  -> wl_region#129.add(572, 40, 136, 1)
[02:41:48.084216] {Default Queue}  -> wl_region#129.add(873, 40, 392, 1)
[02:41:48.084217] {Default Queue}  -> wl_region#129.add(16, 41, 510, 1)
[02:41:48.084217] {Default Queue}  -> wl_region#129.add(573, 41, 134, 1)
[02:41:48.084218] {Default Queue}  -> wl_region#129.add(874, 41, 390, 1)
[02:41:48.084219] {Default Queue}  -> wl_region#129.add(17, 42, 508, 1)
[02:41:48.084219] {Default Queue}  -> wl_region#129.add(574, 42, 132, 1)
[02:41:48.084220] {Default Queue}  -> wl_region#129.add(875, 42, 388, 1)
[02:41:48.084221] {Default Queue}  -> wl_region#129.add(19, 43, 504, 1)
[02:41:48.084221] {Default Queue}  -> wl_region#129.add(576, 43, 128, 1)
[02:41:48.084222] {Default Queue}  -> wl_region#129.add(877, 43, 384, 1)
[02:41:48.084223]  -> wl_surface#74.set_input_region(wl_region#129)
[02:41:48.084224] {Default Queue}  -> wl_region#129.destroy()
[02:41:48.084225]  -> wl_surface#74.attach(wl_buffer#100, 0, 0)
[02:41:48.084226]  -> wl_surface#74.frame(new id wl_callback#130)
[02:41:48.084227] {Default Queue}  -> wp_presentation#23.feedback(wl_surface#74, new id wp_presentation_feedback#128)
[02:41:48.084229]  -> wl_surface#74.commit()
[02:41:48.084304] {Display Queue} wl_display#1.delete_id(129)
[02:41:48.084307] {Default Queue} wl_buffer#100.release()
[02:41:48.097583] {Display Queue} wl_display#1.delete_id(121)
[02:41:48.097588] {Default Queue} wl_callback#121.done(46764755)
[02:41:48.100151] {Display Queue} wl_display#1.delete_id(130)
[02:41:48.100156] {Default Queue} wl_callback#130.done(46764758)
[02:41:48.232838]  -> wl_surface#117.attach(wl_buffer#126, 0, 0)
[02:41:48.232845]  -> wl_surface#117.frame(new id wl_callback#130)
[02:41:48.232847] {Default Queue}  -> wp_presentation#23.feedback(wl_surface#117, new id wp_presentation_feedback#121)
[02:41:48.232850]  -> wl_surface#117.commit()
[02:41:48.233108] {Display Queue} wl_display#1.delete_id(108)
[02:41:48.233114] {Display Queue} wl_display#1.delete_id(130)
[02:41:48.233115] {Default Queue} wp_presentation_feedback#108.discarded()
[02:41:48.233119] {Default Queue} wl_buffer#126.release()
[02:41:48.233121] {Default Queue} wl_callback#130.done(46764890)
info: event=launcher-results count=116 shown=116 publish_us=5626
[02:41:48.238742]  -> wl_surface#79.attach(wl_buffer#107, 0, 0)
[02:41:48.238747]  -> wl_surface#79.frame(new id wl_callback#130)
[02:41:48.238749] {Default Queue}  -> wp_presentation#23.feedback(wl_surface#79, new id wp_presentation_feedback#108)
[02:41:48.238750]  -> wl_surface#79.commit()
[02:41:48.249224]  -> wl_surface#117.attach(wl_buffer#126, 0, 0)
[02:41:48.249231]  -> wl_surface#117.frame(new id wl_callback#129)
[02:41:48.249233] {Default Queue}  -> wp_presentation#23.feedback(wl_surface#117, new id wp_presentation_feedback#102)
[02:41:48.249235]  -> wl_surface#117.commit()
info: event=launcher-painted latency_us=16187
[02:41:48.249439] {Display Queue} wl_display#1.delete_id(127)
[02:41:48.249443] {Display Queue} wl_display#1.delete_id(121)
[02:41:48.249444] {Display Queue} wl_display#1.delete_id(130)
[02:41:48.249444] {Display Queue} wl_display#1.delete_id(129)
[02:41:48.249445] {Default Queue} wp_presentation_feedback#127.discarded()
[02:41:48.249447] {Default Queue} wl_buffer#107.release()
[02:41:48.249448] {Default Queue} wp_presentation_feedback#121.discarded()
[02:41:48.249449] {Default Queue} wl_buffer#126.release()
[02:41:48.249449] {Default Queue} wl_callback#130.done(46764907)
[02:41:48.249452] {Default Queue} wl_callback#129.done(46764907)
[02:41:48.756878] {Display Queue} wl_display#1.delete_id(128)
[02:41:48.756885] {Display Queue} wl_display#1.delete_id(108)
[02:41:48.756886] {Display Queue} wl_display#1.delete_id(102)
[02:41:48.756886] {Display Queue} wl_display#1.delete_id(103)
[02:41:48.756887] {Default Queue} ext_background_effect_manager_v1#51.capabilities(1)
info: event=blur-capability available=true
[02:41:48.757013] {Default Queue}  -> wl_compositor#49.create_region(new id wl_region#129)
[02:41:48.757028] {Default Queue}  -> wl_region#129.add(19, 4, 504, 1)
[02:41:48.757030] {Default Queue}  -> wl_region#129.add(576, 4, 128, 1)
[02:41:48.757031] {Default Queue}  -> wl_region#129.add(877, 4, 384, 1)
[02:41:48.757032] {Default Queue}  -> wl_region#129.add(17, 5, 508, 1)
[02:41:48.757033] {Default Queue}  -> wl_region#129.add(574, 5, 132, 1)
[02:41:48.757033] {Default Queue}  -> wl_region#129.add(875, 5, 388, 1)
[02:41:48.757034] {Default Queue}  -> wl_region#129.add(16, 6, 510, 1)
[02:41:48.757035] {Default Queue}  -> wl_region#129.add(573, 6, 134, 1)
[02:41:48.757035] {Default Queue}  -> wl_region#129.add(874, 6, 390, 1)
[02:41:48.757036] {Default Queue}  -> wl_region#129.add(15, 7, 512, 1)
[02:41:48.757036] {Default Queue}  -> wl_region#129.add(572, 7, 136, 1)
[02:41:48.757037] {Default Queue}  -> wl_region#129.add(873, 7, 392, 1)
[02:41:48.757038] {Default Queue}  -> wl_region#129.add(14, 8, 514, 1)
[02:41:48.757038] {Default Queue}  -> wl_region#129.add(571, 8, 138, 1)
[02:41:48.757039] {Default Queue}  -> wl_region#129.add(872, 8, 394, 1)
[02:41:48.757040] {Default Queue}  -> wl_region#129.add(13, 9, 516, 1)
[02:41:48.757040] {Default Queue}  -> wl_region#129.add(570, 9, 140, 1)
[02:41:48.757041] {Default Queue}  -> wl_region#129.add(871, 9, 396, 1)
[02:41:48.757041] {Default Queue}  -> wl_region#129.add(12, 10, 518, 2)
[02:41:48.757042] {Default Queue}  -> wl_region#129.add(569, 10, 142, 2)
[02:41:48.757043] {Default Queue}  -> wl_region#129.add(870, 10, 398, 2)
[02:41:48.757043] {Default Queue}  -> wl_region#129.add(11, 12, 520, 5)
[02:41:48.757044] {Default Queue}  -> wl_region#129.add(568, 12, 144, 5)
[02:41:48.757044] {Default Queue}  -> wl_region#129.add(869, 12, 400, 5)
[02:41:48.757045] {Default Queue}  -> wl_region#129.add(10, 17, 522, 14)
[02:41:48.757046] {Default Queue}  -> wl_region#129.add(567, 17, 146, 14)
[02:41:48.757046] {Default Queue}  -> wl_region#129.add(868, 17, 402, 14)
[02:41:48.757047] {Default Queue}  -> wl_region#129.add(11, 31, 520, 5)
[02:41:48.757048] {Default Queue}  -> wl_region#129.add(568, 31, 144, 5)
[02:41:48.757048] {Default Queue}  -> wl_region#129.add(869, 31, 400, 5)
[02:41:48.757049] {Default Queue}  -> wl_region#129.add(12, 36, 518, 2)
[02:41:48.757049] {Default Queue}  -> wl_region#129.add(569, 36, 142, 2)
[02:41:48.757050] {Default Queue}  -> wl_region#129.add(870, 36, 398, 2)
[02:41:48.757051] {Default Queue}  -> wl_region#129.add(13, 38, 516, 1)
[02:41:48.757051] {Default Queue}  -> wl_region#129.add(570, 38, 140, 1)
[02:41:48.757052] {Default Queue}  -> wl_region#129.add(871, 38, 396, 1)
[02:41:48.757052] {Default Queue}  -> wl_region#129.add(14, 39, 514, 1)
[02:41:48.757053] {Default Queue}  -> wl_region#129.add(571, 39, 138, 1)
[02:41:48.757054] {Default Queue}  -> wl_region#129.add(872, 39, 394, 1)
[02:41:48.757054] {Default Queue}  -> wl_region#129.add(15, 40, 512, 1)
[02:41:48.757055] {Default Queue}  -> wl_region#129.add(572, 40, 136, 1)
[02:41:48.757056] {Default Queue}  -> wl_region#129.add(873, 40, 392, 1)
[02:41:48.757056] {Default Queue}  -> wl_region#129.add(16, 41, 510, 1)
[02:41:48.757057] {Default Queue}  -> wl_region#129.add(573, 41, 134, 1)
[02:41:48.757057] {Default Queue}  -> wl_region#129.add(874, 41, 390, 1)
[02:41:48.757058] {Default Queue}  -> wl_region#129.add(17, 42, 508, 1)
[02:41:48.757059] {Default Queue}  -> wl_region#129.add(574, 42, 132, 1)
[02:41:48.757059] {Default Queue}  -> wl_region#129.add(875, 42, 388, 1)
[02:41:48.757060] {Default Queue}  -> wl_region#129.add(19, 43, 504, 1)
[02:41:48.757060] {Default Queue}  -> wl_region#129.add(576, 43, 128, 1)
[02:41:48.757061] {Default Queue}  -> wl_region#129.add(877, 43, 384, 1)
[02:41:48.757062] {Default Queue}  -> ext_background_effect_surface_v1#104.set_blur_region(wl_region#129)
[02:41:48.757063] {Default Queue}  -> wl_region#129.destroy()
[02:41:48.757112] {Default Queue}  -> wl_compositor#49.create_region(new id wl_region#130)
[02:41:48.757123] {Default Queue}  -> wl_region#130.add(19, 4, 504, 1)
[02:41:48.757124] {Default Queue}  -> wl_region#130.add(576, 4, 128, 1)
[02:41:48.757125] {Default Queue}  -> wl_region#130.add(877, 4, 384, 1)
[02:41:48.757125] {Default Queue}  -> wl_region#130.add(17, 5, 508, 1)
[02:41:48.757126] {Default Queue}  -> wl_region#130.add(574, 5, 132, 1)
[02:41:48.757127] {Default Queue}  -> wl_region#130.add(875, 5, 388, 1)
[02:41:48.757127] {Default Queue}  -> wl_region#130.add(16, 6, 510, 1)
[02:41:48.757128] {Default Queue}  -> wl_region#130.add(573, 6, 134, 1)
[02:41:48.757128] {Default Queue}  -> wl_region#130.add(874, 6, 390, 1)
[02:41:48.757129] {Default Queue}  -> wl_region#130.add(15, 7, 512, 1)
[02:41:48.757130] {Default Queue}  -> wl_region#130.add(572, 7, 136, 1)
[02:41:48.757130] {Default Queue}  -> wl_region#130.add(873, 7, 392, 1)
[02:41:48.757131] {Default Queue}  -> wl_region#130.add(14, 8, 514, 1)
[02:41:48.757132] {Default Queue}  -> wl_region#130.add(571, 8, 138, 1)
[02:41:48.757132] {Default Queue}  -> wl_region#130.add(872, 8, 394, 1)
[02:41:48.757133] {Default Queue}  -> wl_region#130.add(13, 9, 516, 1)
[02:41:48.757133] {Default Queue}  -> wl_region#130.add(570, 9, 140, 1)
[02:41:48.757134] {Default Queue}  -> wl_region#130.add(871, 9, 396, 1)
[02:41:48.757135] {Default Queue}  -> wl_region#130.add(12, 10, 518, 2)
[02:41:48.757135] {Default Queue}  -> wl_region#130.add(569, 10, 142, 2)
[02:41:48.757136] {Default Queue}  -> wl_region#130.add(870, 10, 398, 2)
[02:41:48.757136] {Default Queue}  -> wl_region#130.add(11, 12, 520, 5)
[02:41:48.757137] {Default Queue}  -> wl_region#130.add(568, 12, 144, 5)
[02:41:48.757138] {Default Queue}  -> wl_region#130.add(869, 12, 400, 5)
[02:41:48.757138] {Default Queue}  -> wl_region#130.add(10, 17, 522, 14)
[02:41:48.757139] {Default Queue}  -> wl_region#130.add(567, 17, 146, 14)
[02:41:48.757139] {Default Queue}  -> wl_region#130.add(868, 17, 402, 14)
[02:41:48.757140] {Default Queue}  -> wl_region#130.add(11, 31, 520, 5)
[02:41:48.757141] {Default Queue}  -> wl_region#130.add(568, 31, 144, 5)
[02:41:48.757141] {Default Queue}  -> wl_region#130.add(869, 31, 400, 5)
[02:41:48.757142] {Default Queue}  -> wl_region#130.add(12, 36, 518, 2)
[02:41:48.757142] {Default Queue}  -> wl_region#130.add(569, 36, 142, 2)
[02:41:48.757143] {Default Queue}  -> wl_region#130.add(870, 36, 398, 2)
[02:41:48.757144] {Default Queue}  -> wl_region#130.add(13, 38, 516, 1)
[02:41:48.757144] {Default Queue}  -> wl_region#130.add(570, 38, 140, 1)
[02:41:48.757145] {Default Queue}  -> wl_region#130.add(871, 38, 396, 1)
[02:41:48.757146] {Default Queue}  -> wl_region#130.add(14, 39, 514, 1)
[02:41:48.757146] {Default Queue}  -> wl_region#130.add(571, 39, 138, 1)
[02:41:48.757147] {Default Queue}  -> wl_region#130.add(872, 39, 394, 1)
[02:41:48.757147] {Default Queue}  -> wl_region#130.add(15, 40, 512, 1)
[02:41:48.757148] {Default Queue}  -> wl_region#130.add(572, 40, 136, 1)
[02:41:48.757149] {Default Queue}  -> wl_region#130.add(873, 40, 392, 1)
[02:41:48.757149] {Default Queue}  -> wl_region#130.add(16, 41, 510, 1)
[02:41:48.757150] {Default Queue}  -> wl_region#130.add(573, 41, 134, 1)
[02:41:48.757150] {Default Queue}  -> wl_region#130.add(874, 41, 390, 1)
[02:41:48.757151] {Default Queue}  -> wl_region#130.add(17, 42, 508, 1)
[02:41:48.757152] {Default Queue}  -> wl_region#130.add(574, 42, 132, 1)
[02:41:48.757152] {Default Queue}  -> wl_region#130.add(875, 42, 388, 1)
[02:41:48.757153] {Default Queue}  -> wl_region#130.add(19, 43, 504, 1)
[02:41:48.757153] {Default Queue}  -> wl_region#130.add(576, 43, 128, 1)
[02:41:48.757154] {Default Queue}  -> wl_region#130.add(877, 43, 384, 1)
[02:41:48.757155] {Default Queue}  -> ext_background_effect_surface_v1#118.set_blur_region(wl_region#130)
[02:41:48.757155] {Default Queue}  -> wl_region#130.destroy()
[02:41:48.757216] {Default Queue}  -> wl_compositor#49.create_region(new id wl_region#121)
[02:41:48.757244] {Default Queue}  -> wl_region#121.add(339, 36, 602, 1)
[02:41:48.757245] {Default Queue}  -> wl_region#121.add(337, 37, 606, 1)
[02:41:48.757245] {Default Queue}  -> wl_region#121.add(336, 38, 608, 1)
[02:41:48.757246] {Default Queue}  -> wl_region#121.add(335, 39, 610, 1)
[02:41:48.757247] {Default Queue}  -> wl_region#121.add(334, 40, 612, 1)
[02:41:48.757247] {Default Queue}  -> wl_region#121.add(333, 41, 614, 1)
[02:41:48.757248] {Default Queue}  -> wl_region#121.add(332, 42, 616, 2)
[02:41:48.757249] {Default Queue}  -> wl_region#121.add(331, 44, 618, 5)
[02:41:48.757249] {Default Queue}  -> wl_region#121.add(330, 49, 620, 574)
[02:41:48.757250] {Default Queue}  -> wl_region#121.add(331, 623, 618, 5)
[02:41:48.757251] {Default Queue}  -> wl_region#121.add(332, 628, 616, 2)
[02:41:48.757251] {Default Queue}  -> wl_region#121.add(333, 630, 614, 1)
[02:41:48.757252] {Default Queue}  -> wl_region#121.add(334, 631, 612, 1)
[02:41:48.757252] {Default Queue}  -> wl_region#121.add(335, 632, 610, 1)
[02:41:48.757253] {Default Queue}  -> wl_region#121.add(336, 633, 608, 1)
[02:41:48.757254] {Default Queue}  -> wl_region#121.add(337, 634, 606, 1)
[02:41:48.757254] {Default Queue}  -> wl_region#121.add(339, 635, 602, 1)
[02:41:48.757255] {Default Queue}  -> ext_background_effect_surface_v1#98.set_blur_region(wl_region#121)
[02:41:48.757256] {Default Queue}  -> wl_region#121.destroy()
[02:41:48.757258] {Default Queue} wp_presentation_feedback#128.sync_output(wl_output#66)
[02:41:48.757259] {Default Queue} wp_presentation_feedback#128.sync_output(wl_output#31)
[02:41:48.757260] {Default Queue} wp_presentation_feedback#128.presented(0, 46765, 414754449, 0, 0, 0, 0)
[02:41:48.757262] {Default Queue} wp_presentation_feedback#108.sync_output(wl_output#66)
[02:41:48.757263] {Default Queue} wp_presentation_feedback#108.sync_output(wl_output#31)
[02:41:48.757264] {Default Queue} wp_presentation_feedback#108.presented(0, 46765, 414754449, 0, 0, 0, 0)
[02:41:48.757265] {Default Queue} wp_presentation_feedback#102.sync_output(wl_output#66)
[02:41:48.757266] {Default Queue} wp_presentation_feedback#102.sync_output(wl_output#31)
[02:41:48.757267] {Default Queue} wp_presentation_feedback#102.presented(0, 46765, 414754449, 0, 0, 0, 0)
[02:41:48.757268] {Default Queue} wp_presentation_feedback#103.sync_output(wl_output#67)
[02:41:48.757269] {Default Queue} wp_presentation_feedback#103.sync_output(wl_output#34)
[02:41:48.757269] {Default Queue} wp_presentation_feedback#103.presented(0, 46765, 414761209, 0, 0, 0, 0)
[02:41:48.757921] {Default Queue}  -> wl_compositor#4.create_region(new id wl_region#103)
[02:41:48.757924] {Default Queue}  -> wl_region#103.add(76, 4, 6, 40)
[02:41:48.757925]  -> wl_surface#74.set_opaque_region(wl_region#103)
[02:41:48.757926] {Default Queue}  -> wl_region#103.destroy()
[02:41:48.757927]  -> wl_surface#74.attach(wl_buffer#100, 0, 0)
[02:41:48.757929]  -> wl_surface#74.damage_buffer(4, 4, 534, 40)
[02:41:48.757930]  -> wl_surface#74.damage_buffer(561, 4, 158, 40)
[02:41:48.757931]  -> wl_surface#74.damage_buffer(862, 4, 414, 40)
[02:41:48.757932]  -> wl_surface#74.frame(new id wl_callback#102)
[02:41:48.757933] {Default Queue}  -> wp_presentation#23.feedback(wl_surface#74, new id wp_presentation_feedback#108)
[02:41:48.757935]  -> wl_surface#74.commit()
[02:41:48.758545] {Default Queue}  -> wl_compositor#4.create_region(new id wl_region#128)
[02:41:48.758550] {Default Queue}  -> wl_region#128.add(76, 4, 6, 40)
[02:41:48.758552]  -> wl_surface#73.set_opaque_region(wl_region#128)
[02:41:48.758553] {Default Queue}  -> wl_region#128.destroy()
[02:41:48.758555]  -> wl_surface#73.attach(wl_buffer#89, 0, 0)
[02:41:48.758556]  -> wl_surface#73.damage_buffer(4, 4, 534, 40)
[02:41:48.758558]  -> wl_surface#73.damage_buffer(561, 4, 158, 40)
[02:41:48.758559]  -> wl_surface#73.damage_buffer(862, 4, 414, 40)
[02:41:48.758560]  -> wl_surface#73.frame(new id wl_callback#127)
[02:41:48.758561] {Default Queue}  -> wp_presentation#23.feedback(wl_surface#73, new id wp_presentation_feedback#123)
[02:41:48.758562]  -> wl_surface#73.commit()
[02:41:48.761841] {Default Queue}  -> wl_compositor#4.create_region(new id wl_region#124)
[02:41:48.761845] {Default Queue}  -> wl_region#124.add(365, 158, 550, 62)
[02:41:48.761848]  -> wl_surface#117.set_opaque_region(wl_region#124)
[02:41:48.761849] {Default Queue}  -> wl_region#124.destroy()
[02:41:48.761851]  -> wl_surface#117.attach(wl_buffer#126, 0, 0)
[02:41:48.761852]  -> wl_surface#117.damage_buffer(330, 36, 620, 600)
[02:41:48.761853]  -> wl_surface#117.frame(new id wl_callback#101)
[02:41:48.761854] {Default Queue}  -> wp_presentation#23.feedback(wl_surface#117, new id wp_presentation_feedback#120)
[02:41:48.761856]  -> wl_surface#117.commit()
[02:41:48.762058]  -> wl_surface#79.attach(wl_buffer#107, 0, 0)
[02:41:48.762061]  -> wl_surface#79.frame(new id wl_callback#122)
[02:41:48.762062] {Default Queue}  -> wp_presentation#23.feedback(wl_surface#79, new id wp_presentation_feedback#105)
[02:41:48.762063]  -> wl_surface#79.commit()
info: event=launcher-results count=116 shown=116 publish_us=5005
[02:41:48.767046] {Display Queue} wl_display#1.delete_id(129)
[02:41:48.767051] {Display Queue} wl_display#1.delete_id(130)
[02:41:48.767052] {Display Queue} wl_display#1.delete_id(121)
[02:41:48.767052] {Display Queue} wl_display#1.delete_id(103)
[02:41:48.767053] {Display Queue} wl_display#1.delete_id(128)
[02:41:48.767053] {Display Queue} wl_display#1.delete_id(124)
[02:41:48.767054] {Default Queue} wl_buffer#100.release()
[02:41:48.767055] {Default Queue} wl_buffer#89.release()
[02:41:48.767055] {Default Queue} wl_buffer#126.release()
[02:41:48.767056] {Default Queue} wl_buffer#107.release()
info: event=launcher-results count=116 shown=116 publish_us=3878
info: event=launcher-results count=116 shown=116 publish_us=3603
[02:41:48.774799] {Display Queue} wl_display#1.delete_id(102)
[02:41:48.774802] {Display Queue} wl_display#1.delete_id(122)
[02:41:48.774803] {Display Queue} wl_display#1.delete_id(101)
[02:41:48.774803] {Display Queue} wl_display#1.delete_id(108)
[02:41:48.774804] {Display Queue} wl_display#1.delete_id(105)
[02:41:48.774805] {Display Queue} wl_display#1.delete_id(120)
[02:41:48.774805] {Display Queue} wl_display#1.delete_id(127)
[02:41:48.774806] {Display Queue} wl_display#1.delete_id(123)
[02:41:48.774806] {Default Queue} wl_callback#102.done(46765431)
[02:41:48.774809] {Default Queue} wl_callback#122.done(46765431)
[02:41:48.774811] {Default Queue} wl_callback#101.done(46765431)
[02:41:48.774812] {Default Queue} wp_presentation_feedback#108.sync_output(wl_output#66)
[02:41:48.774813] {Default Queue} wp_presentation_feedback#108.sync_output(wl_output#31)
[02:41:48.774814] {Default Queue} wp_presentation_feedback#108.presented(0, 46765, 431882729, 0, 0, 0, 0)
[02:41:48.774816] {Default Queue} wp_presentation_feedback#105.sync_output(wl_output#66)
[02:41:48.774817] {Default Queue} wp_presentation_feedback#105.sync_output(wl_output#31)
[02:41:48.774818] {Default Queue} wp_presentation_feedback#105.presented(0, 46765, 431882729, 0, 0, 0, 0)
[02:41:48.774820] {Default Queue} wp_presentation_feedback#120.sync_output(wl_output#66)
[02:41:48.774820] {Default Queue} wp_presentation_feedback#120.sync_output(wl_output#31)
[02:41:48.774821] {Default Queue} wp_presentation_feedback#120.presented(0, 46765, 431882729, 0, 0, 0, 0)
[02:41:48.774822] {Default Queue} wl_callback#127.done(46765432)
[02:41:48.774824] {Default Queue} wp_presentation_feedback#123.sync_output(wl_output#67)
[02:41:48.774824] {Default Queue} wp_presentation_feedback#123.sync_output(wl_output#34)
[02:41:48.774825] {Default Queue} wp_presentation_feedback#123.presented(0, 46765, 432184542, 0, 0, 0, 0)
[02:41:48.774968]  -> wl_surface#74.attach(wl_buffer#100, 0, 0)
[02:41:48.774971]  -> wl_surface#74.damage_buffer(1099, 18, 20, 11)
[02:41:48.774972]  -> wl_surface#74.damage_buffer(1099, 29, 19, 1)
[02:41:48.774973]  -> wl_surface#74.frame(new id wl_callback#123)
[02:41:48.774974] {Default Queue}  -> wp_presentation#23.feedback(wl_surface#74, new id wp_presentation_feedback#127)
[02:41:48.774976]  -> wl_surface#74.commit()
[02:41:48.774993]  -> wl_surface#79.attach(wl_buffer#107, 0, 0)
[02:41:48.774995]  -> wl_surface#79.frame(new id wl_callback#120)
[02:41:48.774995] {Default Queue}  -> wp_presentation#23.feedback(wl_surface#79, new id wp_presentation_feedback#105)
[02:41:48.774996]  -> wl_surface#79.commit()
[02:41:48.784644]  -> wl_surface#117.attach(wl_buffer#126, 0, 0)
[02:41:48.784649]  -> wl_surface#117.frame(new id wl_callback#108)
[02:41:48.784651] {Default Queue}  -> wp_presentation#23.feedback(wl_surface#117, new id wp_presentation_feedback#101)
[02:41:48.784653]  -> wl_surface#117.commit()
info: event=launcher-painted latency_us=13481
[02:41:48.784739]  -> wl_surface#73.attach(wl_buffer#89, 0, 0)
[02:41:48.784742]  -> wl_surface#73.damage_buffer(1099, 18, 20, 11)
[02:41:48.784743]  -> wl_surface#73.damage_buffer(1099, 29, 19, 1)
[02:41:48.784744]  -> wl_surface#73.frame(new id wl_callback#122)
[02:41:48.784745] {Default Queue}  -> wp_presentation#23.feedback(wl_surface#73, new id wp_presentation_feedback#102)
[02:41:48.784746]  -> wl_surface#73.commit()
[02:41:48.784873] {Default Queue} wl_buffer#100.release()
[02:41:48.784875] {Default Queue} wl_buffer#107.release()
[02:41:48.784875] {Default Queue} wl_buffer#126.release()
[02:41:48.784876] {Default Queue} wl_buffer#89.release()
[02:41:48.786926] {Default Queue}  -> ext_background_effect_surface_v1#98.destroy()
[02:41:48.787017] {Default Queue}  -> zwlr_layer_surface_v1#97.destroy()
[02:41:48.787021]  -> wl_surface#117.attach(nil, 0, 0)
[02:41:48.787023]  -> wl_surface#117.commit()
[02:41:48.787055] {Default Queue}  -> wl_buffer#126.destroy()
[02:41:48.787056] {Default Queue}  -> wl_shm_pool#125.destroy()
[02:41:48.787434] {Default Queue}  -> wp_viewport#116.destroy()
[02:41:48.787436] {Default Queue}  -> wp_fractional_scale_v1#114.destroy()
[02:41:48.787437]  -> wl_surface#117.destroy()
[02:41:48.787449] {Default Queue}  -> xdg_toplevel_icon_v1#113.destroy()
info: event=popup-closed
[02:41:48.790336] discarded [unknown]#108.[event 0](0 fd, 12 byte)
[02:41:48.790352] {Display Queue} wl_display#1.delete_id(123)
[02:41:48.790360] {Display Queue} wl_display#1.delete_id(120)
[02:41:48.790361] {Display Queue} wl_display#1.delete_id(108)
[02:41:48.790362] {Display Queue} wl_display#1.delete_id(127)
[02:41:48.790363] {Default Queue} wl_callback#123.done(46765448)
[02:41:48.790366] {Default Queue} wl_callback#120.done(46765448)
[02:41:48.790367] {Default Queue} wp_presentation_feedback#127.sync_output(wl_output#66)
[02:41:48.790368] {Default Queue} wp_presentation_feedback#127.sync_output(wl_output#31)
[02:41:48.790369] {Default Queue} wp_presentation_feedback#127.presented(0, 46765, 448055451, 0, 0, 0, 0)
[02:41:48.790419] {Display Queue} wl_display#1.delete_id(122)
[02:41:48.790426] {Display Queue} wl_display#1.delete_id(102)
[02:41:48.790428] {Default Queue} wl_callback#122.done(46765448)
[02:41:48.790435] {Default Queue} wp_presentation_feedback#102.sync_output(wl_output#67)
[02:41:48.790437] {Default Queue} wp_presentation_feedback#102.sync_output(wl_output#34)
[02:41:48.790438] {Default Queue} wp_presentation_feedback#102.presented(0, 46765, 448299173, 0, 0, 0, 0)
[02:41:48.790815] discarded [unknown]#101.[event 2](0 fd, 8 byte)
[02:41:48.790819] {Display Queue} wl_display#1.delete_id(98)
[02:41:48.790821] {Display Queue} wl_display#1.delete_id(97)
[02:41:48.790822] {Display Queue} wl_display#1.delete_id(101)
[02:41:48.790822] {Display Queue} wl_display#1.delete_id(126)
[02:41:48.790823] {Display Queue} wl_display#1.delete_id(125)
[02:41:48.790823] {Display Queue} wl_display#1.delete_id(116)
[02:41:48.790824] {Display Queue} wl_display#1.delete_id(114)
[02:41:48.790825] {Display Queue} wl_display#1.delete_id(117)
[02:41:48.790825] {Display Queue} wl_display#1.delete_id(113)
[02:41:48.790826] {Default Queue} zwlr_layer_surface_v1#78.configure(53, 1280, 48)
[02:41:48.790842] {Default Queue}  -> zwlr_layer_surface_v1#78.ack_configure(53)
[02:41:48.790847] {Default Queue} zwlr_layer_surface_v1#72.configure(54, 1280, 720)
[02:41:48.790851] {Default Queue}  -> zwlr_layer_surface_v1#72.ack_configure(54)
[02:41:48.790852] {Default Queue} zwlr_layer_surface_v1#83.configure(55, 88, 2)
[02:41:48.790857] {Default Queue}  -> zwlr_layer_surface_v1#83.ack_configure(55)
[02:41:48.790979]  -> wl_surface#74.commit()
[02:41:48.790992]  -> wl_surface#68.commit()
[02:41:48.791011]  -> wl_surface#79.commit()
[02:41:48.791733] {Display Queue} wl_display#1.delete_id(105)
[02:41:48.791737] {Default Queue} wp_presentation_feedback#105.discarded()
[02:41:48.791976]  -> wl_surface#73.attach(wl_buffer#89, 0, 0)
[02:41:48.791980]  -> wl_surface#73.damage_buffer(4, 4, 555, 40)
[02:41:48.791981]  -> wl_surface#73.frame(new id wl_callback#105)
[02:41:48.791983] {Default Queue}  -> wp_presentation#23.feedback(wl_surface#73, new id wp_presentation_feedback#113)
[02:41:48.791985]  -> wl_surface#73.commit()
[02:41:48.792035] {Default Queue}  -> wl_compositor#49.create_region(new id wl_region#117)
[02:41:48.792050] {Default Queue}  -> wl_region#117.add(19, 4, 525, 1)
[02:41:48.792052] {Default Queue}  -> wl_region#117.add(576, 4, 128, 1)
[02:41:48.792053] {Default Queue}  -> wl_region#117.add(877, 4, 384, 1)
[02:41:48.792053] {Default Queue}  -> wl_region#117.add(17, 5, 529, 1)
[02:41:48.792054] {Default Queue}  -> wl_region#117.add(574, 5, 132, 1)
[02:41:48.792056] {Default Queue}  -> wl_region#117.add(875, 5, 388, 1)
[02:41:48.792056] {Default Queue}  -> wl_region#117.add(16, 6, 531, 1)
[02:41:48.792057] {Default Queue}  -> wl_region#117.add(573, 6, 134, 1)
[02:41:48.792058] {Default Queue}  -> wl_region#117.add(874, 6, 390, 1)
[02:41:48.792058] {Default Queue}  -> wl_region#117.add(15, 7, 533, 1)
[02:41:48.792059] {Default Queue}  -> wl_region#117.add(572, 7, 136, 1)
[02:41:48.792060] {Default Queue}  -> wl_region#117.add(873, 7, 392, 1)
[02:41:48.792060] {Default Queue}  -> wl_region#117.add(14, 8, 535, 1)
[02:41:48.792061] {Default Queue}  -> wl_region#117.add(571, 8, 138, 1)
[02:41:48.792062] {Default Queue}  -> wl_region#117.add(872, 8, 394, 1)
[02:41:48.792063] {Default Queue}  -> wl_region#117.add(13, 9, 537, 1)
[02:41:48.792063] {Default Queue}  -> wl_region#117.add(570, 9, 140, 1)
[02:41:48.792064] {Default Queue}  -> wl_region#117.add(871, 9, 396, 1)
[02:41:48.792064] {Default Queue}  -> wl_region#117.add(12, 10, 539, 2)
[02:41:48.792065] {Default Queue}  -> wl_region#117.add(569, 10, 142, 2)
[02:41:48.792066] {Default Queue}  -> wl_region#117.add(870, 10, 398, 2)
[02:41:48.792066] {Default Queue}  -> wl_region#117.add(11, 12, 541, 5)
[02:41:48.792067] {Default Queue}  -> wl_region#117.add(568, 12, 144, 5)
[02:41:48.792068] {Default Queue}  -> wl_region#117.add(869, 12, 400, 5)
[02:41:48.792068] {Default Queue}  -> wl_region#117.add(10, 17, 543, 14)
[02:41:48.792069] {Default Queue}  -> wl_region#117.add(567, 17, 146, 14)
[02:41:48.792070] {Default Queue}  -> wl_region#117.add(868, 17, 402, 14)
[02:41:48.792070] {Default Queue}  -> wl_region#117.add(11, 31, 541, 5)
[02:41:48.792071] {Default Queue}  -> wl_region#117.add(568, 31, 144, 5)
[02:41:48.792072] {Default Queue}  -> wl_region#117.add(869, 31, 400, 5)
[02:41:48.792073] {Default Queue}  -> wl_region#117.add(12, 36, 539, 2)
[02:41:48.792073] {Default Queue}  -> wl_region#117.add(569, 36, 142, 2)
[02:41:48.792074] {Default Queue}  -> wl_region#117.add(870, 36, 398, 2)
[02:41:48.792075] {Default Queue}  -> wl_region#117.add(13, 38, 537, 1)
[02:41:48.792075] {Default Queue}  -> wl_region#117.add(570, 38, 140, 1)
[02:41:48.792076] {Default Queue}  -> wl_region#117.add(871, 38, 396, 1)
[02:41:48.792077] {Default Queue}  -> wl_region#117.add(14, 39, 535, 1)
[02:41:48.792077] {Default Queue}  -> wl_region#117.add(571, 39, 138, 1)
[02:41:48.792078] {Default Queue}  -> wl_region#117.add(872, 39, 394, 1)
[02:41:48.792079] {Default Queue}  -> wl_region#117.add(15, 40, 533, 1)
[02:41:48.792079] {Default Queue}  -> wl_region#117.add(572, 40, 136, 1)
[02:41:48.792080] {Default Queue}  -> wl_region#117.add(873, 40, 392, 1)
[02:41:48.792081] {Default Queue}  -> wl_region#117.add(16, 41, 531, 1)
[02:41:48.792081] {Default Queue}  -> wl_region#117.add(573, 41, 134, 1)
[02:41:48.792082] {Default Queue}  -> wl_region#117.add(874, 41, 390, 1)
[02:41:48.792083] {Default Queue}  -> wl_region#117.add(17, 42, 529, 1)
[02:41:48.792083] {Default Queue}  -> wl_region#117.add(574, 42, 132, 1)
[02:41:48.792084] {Default Queue}  -> wl_region#117.add(875, 42, 388, 1)
[02:41:48.792085] {Default Queue}  -> wl_region#117.add(19, 43, 525, 1)
[02:41:48.792085] {Default Queue}  -> wl_region#117.add(576, 43, 128, 1)
[02:41:48.792086] {Default Queue}  -> wl_region#117.add(877, 43, 384, 1)
[02:41:48.792087] {Default Queue}  -> ext_background_effect_surface_v1#118.set_blur_region(wl_region#117)
[02:41:48.792088] {Default Queue}  -> wl_region#117.destroy()
[02:41:48.792776] {Default Queue}  -> wl_compositor#4.create_surface(new id wl_surface#114)
[02:41:48.792780] {Default Queue}  -> wp_fractional_scale_manager_v1#11.get_fractional_scale(new id wp_fractional_scale_v1#116, wl_surface#114)
[02:41:48.792782] {Default Queue}  -> wp_viewporter#10.get_viewport(new id wp_viewport#125, wl_surface#114)
[02:41:48.792807] {Default Queue}  -> xdg_toplevel_icon_manager_v1#9.create_icon(new id xdg_toplevel_icon_v1#126)
[02:41:48.792819] {Default Queue}  -> zwlr_layer_shell_v1#52.get_layer_surface(new id zwlr_layer_surface_v1#101, wl_surface#114, wl_output#31, 3, "pearl:popup")
[02:41:48.792822] {Default Queue}  -> zwlr_layer_surface_v1#101.set_keyboard_interactivity(1)
[02:41:48.792822] {Default Queue}  -> zwlr_layer_surface_v1#101.set_exclusive_zone(0)
[02:41:48.792823] {Default Queue}  -> zwlr_layer_surface_v1#101.set_anchor(15)
[02:41:48.792824] {Default Queue}  -> zwlr_layer_surface_v1#101.set_margin(0, 0, 0, 0)
[02:41:48.792825] {Default Queue}  -> zwlr_layer_surface_v1#101.set_size(0, 0)
[02:41:48.792829]  -> wl_surface#114.commit()
[02:41:48.792926] {Default Queue}  -> ext_background_effect_manager_v1#51.get_background_effect(new id ext_background_effect_surface_v1#97, wl_surface#114)
[02:41:48.792928] {Default Queue}  -> wl_compositor#49.create_region(new id wl_region#98)
[02:41:48.792934] {Default Queue}  -> wl_region#98.add(-11, -20, 22, 1)
[02:41:48.792936] {Default Queue}  -> wl_region#98.add(-13, -19, 26, 1)
[02:41:48.792936] {Default Queue}  -> wl_region#98.add(-14, -18, 28, 1)
[02:41:48.792937] {Default Queue}  -> wl_region#98.add(-15, -17, 30, 1)
[02:41:48.792938] {Default Queue}  -> wl_region#98.add(-16, -16, 32, 1)
[02:41:48.792939] {Default Queue}  -> wl_region#98.add(-17, -15, 34, 1)
[02:41:48.792939] {Default Queue}  -> wl_region#98.add(-18, -14, 36, 2)
[02:41:48.792940] {Default Queue}  -> wl_region#98.add(-19, -12, 38, 5)
[02:41:48.792941] {Default Queue}  -> wl_region#98.add(-20, -7, 40, 14)
[02:41:48.792942] {Default Queue}  -> wl_region#98.add(-19, 7, 38, 5)
[02:41:48.792943] {Default Queue}  -> wl_region#98.add(-18, 12, 36, 2)
[02:41:48.792943] {Default Queue}  -> wl_region#98.add(-17, 14, 34, 1)
[02:41:48.792944] {Default Queue}  -> wl_region#98.add(-16, 15, 32, 1)
[02:41:48.792945] {Default Queue}  -> wl_region#98.add(-15, 16, 30, 1)
[02:41:48.792945] {Default Queue}  -> wl_region#98.add(-14, 17, 28, 1)
[02:41:48.792946] {Default Queue}  -> wl_region#98.add(-13, 18, 26, 1)
[02:41:48.792947] {Default Queue}  -> wl_region#98.add(-11, 19, 22, 1)
[02:41:48.792948] {Default Queue}  -> ext_background_effect_surface_v1#97.set_blur_region(wl_region#98)
[02:41:48.792948] {Default Queue}  -> wl_region#98.destroy()
[02:41:48.793055] {Default Queue}  -> zwp_text_input_v3#109.set_surrounding_text("", 0, 0)
[02:41:48.793056] {Default Queue}  -> zwp_text_input_v3#109.set_text_change_cause(1)
[02:41:48.793062] {Default Queue}  -> zwp_text_input_v3#109.set_content_type(0, 0)
[02:41:48.793071] {Default Queue}  -> zwp_text_input_v3#109.set_cursor_rectangle(0, 0, 0, 0)
[02:41:48.793073] {Default Queue}  -> zwp_text_input_v3#109.commit()
[02:41:48.793076] {Default Queue}  -> xdg_activation_v1#15.get_activation_token(new id xdg_activation_token_v1#102)
[02:41:48.793078]  -> xdg_activation_token_v1#102.set_serial(0, wl_seat#3)
[02:41:48.793079]  -> xdg_activation_token_v1#102.commit()
[02:41:48.793083] {Display Queue} wl_display#1.delete_id(117)
[02:41:48.793278] {Display Queue} wl_display#1.delete_id(98)
[02:41:48.793281] xdg_activation_token_v1#102.done("ff8d6f53b4aa12d8d14a83b8170d27cd")
[02:41:48.793283]  -> xdg_activation_token_v1#102.destroy()
[02:41:48.793285] {Default Queue}  -> xdg_activation_v1#15.activate("ff8d6f53b4aa12d8d14a83b8170d27cd", wl_surface#114)
info: event=popup-opened output=1
[02:41:48.793313] {Default Queue} wl_buffer#89.release()
[02:41:48.793315] {Default Queue} zwlr_layer_surface_v1#78.configure(61, 1280, 48)
[02:41:48.793363] {Default Queue}  -> zwlr_layer_surface_v1#78.ack_configure(61)
[02:41:48.793365] {Default Queue} zwlr_layer_surface_v1#72.configure(62, 1280, 720)
[02:41:48.793367] {Default Queue}  -> zwlr_layer_surface_v1#72.ack_configure(62)
[02:41:48.793368] {Default Queue} zwlr_layer_surface_v1#83.configure(63, 88, 2)
[02:41:48.793370] {Default Queue}  -> zwlr_layer_surface_v1#83.ack_configure(63)
[02:41:48.793371] {Default Queue} zwlr_layer_surface_v1#101.configure(64, 1280, 672)
[02:41:48.793377] {Default Queue}  -> zwlr_layer_surface_v1#101.ack_configure(64)
[02:41:48.794008] {Default Queue}  -> wl_shm#5.create_pool(new id wl_shm_pool#98, fd 18, 3440640)
[02:41:48.794015] {Default Queue}  -> wl_shm_pool#98.create_buffer(new id wl_buffer#117, 0, 1280, 672, 5120, 0)
[02:41:48.794890] {Default Queue}  -> wl_compositor#4.create_region(new id wl_region#122)
[02:41:48.794894] {Default Queue}  -> wl_region#122.add(377, 90, 526, 54)
[02:41:48.794896]  -> wl_surface#114.set_opaque_region(wl_region#122)
[02:41:48.794897] {Default Queue}  -> wl_region#122.destroy()
[02:41:48.794898] {Default Queue}  -> wp_viewport#125.set_destination(1280, 672)
[02:41:48.794900]  -> wl_surface#114.attach(wl_buffer#117, 0, 0)
[02:41:48.794901]  -> wl_surface#114.damage_buffer(0, 0, 1280, 672)
[02:41:48.794903]  -> wl_surface#114.frame(new id wl_callback#127)
[02:41:48.794905] {Default Queue}  -> wp_presentation#23.feedback(wl_surface#114, new id wp_presentation_feedback#120)
[02:41:48.794907]  -> wl_surface#114.commit()
[02:41:48.794914] {Default Queue}  -> wl_compositor#49.create_region(new id wl_region#123)
[02:41:48.794963] {Default Queue}  -> wl_region#123.add(339, 36, 602, 1)
[02:41:48.794965] {Default Queue}  -> wl_region#123.add(337, 37, 606, 1)
[02:41:48.794966] {Default Queue}  -> wl_region#123.add(336, 38, 608, 1)
[02:41:48.794967] {Default Queue}  -> wl_region#123.add(335, 39, 610, 1)
[02:41:48.794968] {Default Queue}  -> wl_region#123.add(334, 40, 612, 1)
[02:41:48.794969] {Default Queue}  -> wl_region#123.add(333, 41, 614, 1)
[02:41:48.794971] {Default Queue}  -> wl_region#123.add(332, 42, 616, 2)
[02:41:48.794972] {Default Queue}  -> wl_region#123.add(331, 44, 618, 5)
[02:41:48.794973] {Default Queue}  -> wl_region#123.add(330, 49, 620, 574)
[02:41:48.794974] {Default Queue}  -> wl_region#123.add(331, 623, 618, 5)
[02:41:48.794975] {Default Queue}  -> wl_region#123.add(332, 628, 616, 2)
[02:41:48.794976] {Default Queue}  -> wl_region#123.add(333, 630, 614, 1)
[02:41:48.794977] {Default Queue}  -> wl_region#123.add(334, 631, 612, 1)
[02:41:48.794978] {Default Queue}  -> wl_region#123.add(335, 632, 610, 1)
[02:41:48.794979] {Default Queue}  -> wl_region#123.add(336, 633, 608, 1)
[02:41:48.794980] {Default Queue}  -> wl_region#123.add(337, 634, 606, 1)
[02:41:48.794981] {Default Queue}  -> wl_region#123.add(339, 635, 602, 1)
[02:41:48.794982] {Default Queue}  -> ext_background_effect_surface_v1#97.set_blur_region(wl_region#123)
[02:41:48.794983] {Default Queue}  -> wl_region#123.destroy()
info: event=launcher-results count=116 shown=116 publish_us=4314
[02:41:48.797716] {Display Queue} wl_display#1.delete_id(102)
[02:41:48.797719] {Display Queue} wl_display#1.delete_id(122)
[02:41:48.797721] {Display Queue} wl_display#1.delete_id(123)
[02:41:48.797721] {Default Queue} zwlr_layer_surface_v1#78.configure(65, 1280, 48)
[02:41:48.797726] {Default Queue}  -> zwlr_layer_surface_v1#78.ack_configure(65)
[02:41:48.797728] {Default Queue} zwlr_layer_surface_v1#72.configure(66, 1280, 720)
[02:41:48.797729] {Default Queue}  -> zwlr_layer_surface_v1#72.ack_configure(66)
[02:41:48.797730] {Default Queue} zwlr_layer_surface_v1#83.configure(67, 88, 2)
[02:41:48.797732] {Default Queue}  -> zwlr_layer_surface_v1#83.ack_configure(67)
[02:41:48.797733] {Default Queue} zwlr_layer_surface_v1#101.configure(68, 1280, 672)
[02:41:48.797734] {Default Queue}  -> zwlr_layer_surface_v1#101.ack_configure(68)
[02:41:48.797735] {Default Queue} wp_fractional_scale_v1#116.preferred_scale(120)
[02:41:48.797736] {Default Queue} wl_buffer#117.release()
[02:41:48.797738] {Default Queue} wl_data_device#38.selection(nil)
[02:41:48.797742] {Default Queue} zwp_primary_selection_device_v1#37.selection(nil)
[02:41:48.797744] wl_surface#114.enter(wl_output#66)
[02:41:48.797770] wl_surface#114.enter(wl_output#31)
[02:41:48.797782] wl_surface#114.preferred_buffer_scale(1)
info: event=launcher-results count=116 shown=116 publish_us=3722
[02:41:48.803443]  -> wl_surface#68.commit()
[02:41:48.807197]  -> wl_surface#74.attach(wl_buffer#100, 0, 0)
[02:41:48.807203]  -> wl_surface#74.frame(new id wl_callback#123)
[02:41:48.807205] {Default Queue}  -> wp_presentation#23.feedback(wl_surface#74, new id wp_presentation_feedback#122)
[02:41:48.807207]  -> wl_surface#74.commit()
[02:41:48.807741] {Display Queue} wl_display#1.delete_id(127)
[02:41:48.807750] {Display Queue} wl_display#1.delete_id(120)
[02:41:48.807752] {Default Queue} wl_callback#127.done(46765465)
[02:41:48.807763] {Default Queue} wp_presentation_feedback#120.sync_output(wl_output#66)
[02:41:48.807765] {Default Queue} wp_presentation_feedback#120.sync_output(wl_output#31)
[02:41:48.807765] {Default Queue} wp_presentation_feedback#120.presented(0, 46765, 465604106, 0, 0, 0, 0)
[02:41:48.807769] wl_surface#114.preferred_buffer_transform(0)
[02:41:48.818538] {Default Queue}  -> wl_compositor#4.create_region(new id wl_region#120)
[02:41:48.818544] {Default Queue}  -> wl_region#120.add(365, 158, 550, 62)
[02:41:48.818547]  -> wl_surface#114.set_opaque_region(wl_region#120)
[02:41:48.818548] {Default Queue}  -> wl_region#120.destroy()
[02:41:48.818549]  -> wl_surface#114.attach(wl_buffer#117, 0, 0)
[02:41:48.818551]  -> wl_surface#114.damage_buffer(346, 86, 588, 62)
[02:41:48.818552]  -> wl_surface#114.damage_buffer(353, 158, 574, 426)
[02:41:48.818553]  -> wl_surface#114.damage_buffer(351, 600, 285, 15)
[02:41:48.818553]  -> wl_surface#114.frame(new id wl_callback#127)
[02:41:48.818555] {Default Queue}  -> wp_presentation#23.feedback(wl_surface#114, new id wp_presentation_feedback#102)
[02:41:48.818556]  -> wl_surface#114.commit()
info: event=launcher-painted latency_us=20309
[02:41:48.818590] {Display Queue} wl_display#1.delete_id(105)
[02:41:48.818592] {Display Queue} wl_display#1.delete_id(113)
[02:41:48.818593] {Default Queue} wl_callback#105.done(46765465)
[02:41:48.818597] {Default Queue} wl_buffer#100.release()
[02:41:48.818598] {Default Queue} wp_presentation_feedback#113.sync_output(wl_output#67)
[02:41:48.818599] {Default Queue} wp_presentation_feedback#113.sync_output(wl_output#34)
[02:41:48.818600] {Default Queue} wp_presentation_feedback#113.presented(0, 46765, 465756947, 0, 0, 0, 0)
[02:41:48.818665]  -> wl_surface#79.attach(wl_buffer#107, 0, 0)
[02:41:48.818667]  -> wl_surface#79.frame(new id wl_callback#113)
[02:41:48.818668] {Default Queue}  -> wp_presentation#23.feedback(wl_surface#79, new id wp_presentation_feedback#105)
[02:41:48.818669]  -> wl_surface#79.commit()
[02:41:48.818782] {Default Queue}  -> wl_compositor#4.create_region(new id wl_region#108)
[02:41:48.818784] {Default Queue}  -> wl_region#108.add(19, 4, 525, 1)
[02:41:48.818785] {Default Queue}  -> wl_region#108.add(576, 4, 128, 1)
[02:41:48.818786] {Default Queue}  -> wl_region#108.add(877, 4, 384, 1)
[02:41:48.818787] {Default Queue}  -> wl_region#108.add(17, 5, 529, 1)
[02:41:48.818788] {Default Queue}  -> wl_region#108.add(574, 5, 132, 1)
[02:41:48.818788] {Default Queue}  -> wl_region#108.add(875, 5, 388, 1)
[02:41:48.818789] {Default Queue}  -> wl_region#108.add(16, 6, 531, 1)
[02:41:48.818790] {Default Queue}  -> wl_region#108.add(573, 6, 134, 1)
[02:41:48.818790] {Default Queue}  -> wl_region#108.add(874, 6, 390, 1)
[02:41:48.818791] {Default Queue}  -> wl_region#108.add(15, 7, 533, 1)
[02:41:48.818792] {Default Queue}  -> wl_region#108.add(572, 7, 136, 1)
[02:41:48.818793] {Default Queue}  -> wl_region#108.add(873, 7, 392, 1)
[02:41:48.818794] {Default Queue}  -> wl_region#108.add(14, 8, 535, 1)
[02:41:48.818794] {Default Queue}  -> wl_region#108.add(571, 8, 138, 1)
[02:41:48.818795] {Default Queue}  -> wl_region#108.add(872, 8, 394, 1)
[02:41:48.818796] {Default Queue}  -> wl_region#108.add(13, 9, 537, 1)
[02:41:48.818796] {Default Queue}  -> wl_region#108.add(570, 9, 140, 1)
[02:41:48.818797] {Default Queue}  -> wl_region#108.add(871, 9, 396, 1)
[02:41:48.818798] {Default Queue}  -> wl_region#108.add(12, 10, 539, 2)
[02:41:48.818798] {Default Queue}  -> wl_region#108.add(569, 10, 142, 2)
[02:41:48.818799] {Default Queue}  -> wl_region#108.add(870, 10, 398, 2)
[02:41:48.818800] {Default Queue}  -> wl_region#108.add(11, 12, 541, 5)
[02:41:48.818800] {Default Queue}  -> wl_region#108.add(568, 12, 144, 5)
[02:41:48.818801] {Default Queue}  -> wl_region#108.add(869, 12, 400, 5)
[02:41:48.818802] {Default Queue}  -> wl_region#108.add(10, 17, 543, 14)
[02:41:48.818802] {Default Queue}  -> wl_region#108.add(567, 17, 146, 14)
[02:41:48.818803] {Default Queue}  -> wl_region#108.add(868, 17, 402, 14)
[02:41:48.818804] {Default Queue}  -> wl_region#108.add(11, 31, 541, 5)
[02:41:48.818805] {Default Queue}  -> wl_region#108.add(568, 31, 144, 5)
[02:41:48.818805] {Default Queue}  -> wl_region#108.add(869, 31, 400, 5)
[02:41:48.818806] {Default Queue}  -> wl_region#108.add(12, 36, 539, 2)
[02:41:48.818807] {Default Queue}  -> wl_region#108.add(569, 36, 142, 2)
[02:41:48.818807] {Default Queue}  -> wl_region#108.add(870, 36, 398, 2)
[02:41:48.818808] {Default Queue}  -> wl_region#108.add(13, 38, 537, 1)
[02:41:48.818808] {Default Queue}  -> wl_region#108.add(570, 38, 140, 1)
[02:41:48.818809] {Default Queue}  -> wl_region#108.add(871, 38, 396, 1)
[02:41:48.818810] {Default Queue}  -> wl_region#108.add(14, 39, 535, 1)
[02:41:48.818810] {Default Queue}  -> wl_region#108.add(571, 39, 138, 1)
[02:41:48.818811] {Default Queue}  -> wl_region#108.add(872, 39, 394, 1)
[02:41:48.818812] {Default Queue}  -> wl_region#108.add(15, 40, 533, 1)
[02:41:48.818812] {Default Queue}  -> wl_region#108.add(572, 40, 136, 1)
[02:41:48.818813] {Default Queue}  -> wl_region#108.add(873, 40, 392, 1)
[02:41:48.818814] {Default Queue}  -> wl_region#108.add(16, 41, 531, 1)
[02:41:48.818814] {Default Queue}  -> wl_region#108.add(573, 41, 134, 1)
[02:41:48.818815] {Default Queue}  -> wl_region#108.add(874, 41, 390, 1)
[02:41:48.818816] {Default Queue}  -> wl_region#108.add(17, 42, 529, 1)
[02:41:48.818816] {Default Queue}  -> wl_region#108.add(574, 42, 132, 1)
[02:41:48.818817] {Default Queue}  -> wl_region#108.add(875, 42, 388, 1)
[02:41:48.818817] {Default Queue}  -> wl_region#108.add(19, 43, 525, 1)
[02:41:48.818818] {Default Queue}  -> wl_region#108.add(576, 43, 128, 1)
[02:41:48.818819] {Default Queue}  -> wl_region#108.add(877, 43, 384, 1)
[02:41:48.818820]  -> wl_surface#73.set_input_region(wl_region#108)
[02:41:48.818820] {Default Queue}  -> wl_region#108.destroy()
[02:41:48.818821]  -> wl_surface#73.attach(wl_buffer#89, 0, 0)
[02:41:48.818822]  -> wl_surface#73.damage_buffer(4, 4, 555, 40)
[02:41:48.818823]  -> wl_surface#73.frame(new id wl_callback#124)
[02:41:48.818824] {Default Queue}  -> wp_presentation#23.feedback(wl_surface#73, new id wp_presentation_feedback#128)
[02:41:48.818825]  -> wl_surface#73.commit()
[02:41:48.818846] {Default Queue}  -> wl_compositor#49.create_region(new id wl_region#103)
[02:41:48.818859] {Default Queue}  -> wl_region#103.add(19, 4, 504, 1)
[02:41:48.818860] {Default Queue}  -> wl_region#103.add(576, 4, 128, 1)
[02:41:48.818861] {Default Queue}  -> wl_region#103.add(877, 4, 384, 1)
[02:41:48.818861] {Default Queue}  -> wl_region#103.add(17, 5, 508, 1)
[02:41:48.818862] {Default Queue}  -> wl_region#103.add(574, 5, 132, 1)
[02:41:48.818863] {Default Queue}  -> wl_region#103.add(875, 5, 388, 1)
[02:41:48.818863] {Default Queue}  -> wl_region#103.add(16, 6, 510, 1)
[02:41:48.818864] {Default Queue}  -> wl_region#103.add(573, 6, 134, 1)
[02:41:48.818865] {Default Queue}  -> wl_region#103.add(874, 6, 390, 1)
[02:41:48.818865] {Default Queue}  -> wl_region#103.add(15, 7, 512, 1)
[02:41:48.818866] {Default Queue}  -> wl_region#103.add(572, 7, 136, 1)
[02:41:48.818867] {Default Queue}  -> wl_region#103.add(873, 7, 392, 1)
[02:41:48.818867] {Default Queue}  -> wl_region#103.add(14, 8, 514, 1)
[02:41:48.818868] {Default Queue}  -> wl_region#103.add(571, 8, 138, 1)
[02:41:48.818869] {Default Queue}  -> wl_region#103.add(872, 8, 394, 1)
[02:41:48.818869] {Default Queue}  -> wl_region#103.add(13, 9, 516, 1)
[02:41:48.818870] {Default Queue}  -> wl_region#103.add(570, 9, 140, 1)
[02:41:48.818871] {Default Queue}  -> wl_region#103.add(871, 9, 396, 1)
[02:41:48.818871] {Default Queue}  -> wl_region#103.add(12, 10, 518, 2)
[02:41:48.818872] {Default Queue}  -> wl_region#103.add(569, 10, 142, 2)
[02:41:48.818872] {Default Queue}  -> wl_region#103.add(870, 10, 398, 2)
[02:41:48.818873] {Default Queue}  -> wl_region#103.add(11, 12, 520, 5)
[02:41:48.818874] {Default Queue}  -> wl_region#103.add(568, 12, 144, 5)
[02:41:48.818874] {Default Queue}  -> wl_region#103.add(869, 12, 400, 5)
[02:41:48.818875] {Default Queue}  -> wl_region#103.add(10, 17, 522, 14)
[02:41:48.818876] {Default Queue}  -> wl_region#103.add(567, 17, 146, 14)
[02:41:48.818876] {Default Queue}  -> wl_region#103.add(868, 17, 402, 14)
[02:41:48.818877] {Default Queue}  -> wl_region#103.add(11, 31, 520, 5)
[02:41:48.818878] {Default Queue}  -> wl_region#103.add(568, 31, 144, 5)
[02:41:48.818878] {Default Queue}  -> wl_region#103.add(869, 31, 400, 5)
[02:41:48.818879] {Default Queue}  -> wl_region#103.add(12, 36, 518, 2)
[02:41:48.818880] {Default Queue}  -> wl_region#103.add(569, 36, 142, 2)
[02:41:48.818880] {Default Queue}  -> wl_region#103.add(870, 36, 398, 2)
[02:41:48.818881] {Default Queue}  -> wl_region#103.add(13, 38, 516, 1)
[02:41:48.818881] {Default Queue}  -> wl_region#103.add(570, 38, 140, 1)
[02:41:48.818882] {Default Queue}  -> wl_region#103.add(871, 38, 396, 1)
[02:41:48.818883] {Default Queue}  -> wl_region#103.add(14, 39, 514, 1)
[02:41:48.818883] {Default Queue}  -> wl_region#103.add(571, 39, 138, 1)
[02:41:48.818884] {Default Queue}  -> wl_region#103.add(872, 39, 394, 1)
[02:41:48.818885] {Default Queue}  -> wl_region#103.add(15, 40, 512, 1)
[02:41:48.818885] {Default Queue}  -> wl_region#103.add(572, 40, 136, 1)
[02:41:48.818886] {Default Queue}  -> wl_region#103.add(873, 40, 392, 1)
[02:41:48.818887] {Default Queue}  -> wl_region#103.add(16, 41, 510, 1)
[02:41:48.818887] {Default Queue}  -> wl_region#103.add(573, 41, 134, 1)
[02:41:48.818888] {Default Queue}  -> wl_region#103.add(874, 41, 390, 1)
[02:41:48.818888] {Default Queue}  -> wl_region#103.add(17, 42, 508, 1)
[02:41:48.818889] {Default Queue}  -> wl_region#103.add(574, 42, 132, 1)
[02:41:48.818890] {Default Queue}  -> wl_region#103.add(875, 42, 388, 1)
[02:41:48.818890] {Default Queue}  -> wl_region#103.add(19, 43, 504, 1)
[02:41:48.818891] {Default Queue}  -> wl_region#103.add(576, 43, 128, 1)
[02:41:48.818892] {Default Queue}  -> wl_region#103.add(877, 43, 384, 1)
[02:41:48.818892] {Default Queue}  -> ext_background_effect_surface_v1#118.set_blur_region(wl_region#103)
[02:41:48.818893] {Default Queue}  -> wl_region#103.destroy()
[02:41:48.818904] {Display Queue} wl_display#1.delete_id(120)
[02:41:48.818905] {Default Queue} wl_buffer#117.release()
[02:41:48.818990] {Display Queue} wl_display#1.delete_id(108)
[02:41:48.818994] {Display Queue} wl_display#1.delete_id(103)
[02:41:48.818996] {Default Queue} wl_buffer#107.release()
[02:41:48.818997] {Default Queue} wl_buffer#89.release()
[02:41:48.823921] {Display Queue} wl_display#1.delete_id(123)
[02:41:48.823926] {Display Queue} wl_display#1.delete_id(113)
[02:41:48.823928] {Display Queue} wl_display#1.delete_id(127)
[02:41:48.823929] {Display Queue} wl_display#1.delete_id(122)
[02:41:48.823930] {Display Queue} wl_display#1.delete_id(105)
[02:41:48.823931] {Display Queue} wl_display#1.delete_id(102)
[02:41:48.823932] {Default Queue} wl_callback#123.done(46765481)
[02:41:48.823935] {Default Queue} wl_callback#113.done(46765481)
[02:41:48.823937] {Default Queue} wl_callback#127.done(46765481)
[02:41:48.823940] {Default Queue} wp_presentation_feedback#122.sync_output(wl_output#66)
[02:41:48.823942] {Default Queue} wp_presentation_feedback#122.sync_output(wl_output#31)
[02:41:48.823943] {Default Queue} wp_presentation_feedback#122.presented(0, 46765, 481806638, 0, 0, 0, 0)
[02:41:48.823945] {Default Queue} wp_presentation_feedback#105.sync_output(wl_output#66)
[02:41:48.823946] {Default Queue} wp_presentation_feedback#105.sync_output(wl_output#31)
[02:41:48.823947] {Default Queue} wp_presentation_feedback#105.presented(0, 46765, 481806638, 0, 0, 0, 0)
[02:41:48.823950] {Default Queue} wp_presentation_feedback#102.sync_output(wl_output#66)
[02:41:48.823951] {Default Queue} wp_presentation_feedback#102.sync_output(wl_output#31)
[02:41:48.823952] {Default Queue} wp_presentation_feedback#102.presented(0, 46765, 481806638, 0, 0, 0, 0)
[02:41:48.824403]  -> wl_surface#114.attach(wl_buffer#117, 0, 0)
[02:41:48.824410]  -> wl_surface#114.damage_buffer(346, 86, 588, 62)
[02:41:48.824412]  -> wl_surface#114.frame(new id wl_callback#102)
[02:41:48.824414] {Default Queue}  -> wp_presentation#23.feedback(wl_surface#114, new id wp_presentation_feedback#105)
[02:41:48.824416]  -> wl_surface#114.commit()
[02:41:48.824436] {Display Queue} wl_display#1.delete_id(124)
[02:41:48.824439] {Display Queue} wl_display#1.delete_id(128)
[02:41:48.824440] {Default Queue} wl_callback#124.done(46765481)
[02:41:48.824445] {Default Queue} wp_presentation_feedback#128.sync_output(wl_output#67)
[02:41:48.824447] {Default Queue} wp_presentation_feedback#128.sync_output(wl_output#34)
[02:41:48.824447] {Default Queue} wp_presentation_feedback#128.presented(0, 46765, 481893339, 0, 0, 0, 0)
[02:41:48.824486] {Default Queue}  -> wl_compositor#4.create_region(new id wl_region#128)
[02:41:48.824488] {Default Queue}  -> wl_region#128.add(19, 4, 504, 1)
[02:41:48.824490] {Default Queue}  -> wl_region#128.add(576, 4, 128, 1)
[02:41:48.824490] {Default Queue}  -> wl_region#128.add(877, 4, 384, 1)
[02:41:48.824491] {Default Queue}  -> wl_region#128.add(17, 5, 508, 1)
[02:41:48.824492] {Default Queue}  -> wl_region#128.add(574, 5, 132, 1)
[02:41:48.824493] {Default Queue}  -> wl_region#128.add(875, 5, 388, 1)
[02:41:48.824494] {Default Queue}  -> wl_region#128.add(16, 6, 510, 1)
[02:41:48.824495] {Default Queue}  -> wl_region#128.add(573, 6, 134, 1)
[02:41:48.824495] {Default Queue}  -> wl_region#128.add(874, 6, 390, 1)
[02:41:48.824496] {Default Queue}  -> wl_region#128.add(15, 7, 512, 1)
[02:41:48.824497] {Default Queue}  -> wl_region#128.add(572, 7, 136, 1)
[02:41:48.824498] {Default Queue}  -> wl_region#128.add(873, 7, 392, 1)
[02:41:48.824499] {Default Queue}  -> wl_region#128.add(14, 8, 514, 1)
[02:41:48.824499] {Default Queue}  -> wl_region#128.add(571, 8, 138, 1)
[02:41:48.824500] {Default Queue}  -> wl_region#128.add(872, 8, 394, 1)
[02:41:48.824501] {Default Queue}  -> wl_region#128.add(13, 9, 516, 1)
[02:41:48.824502] {Default Queue}  -> wl_region#128.add(570, 9, 140, 1)
[02:41:48.824502] {Default Queue}  -> wl_region#128.add(871, 9, 396, 1)
[02:41:48.824503] {Default Queue}  -> wl_region#128.add(12, 10, 518, 2)
[02:41:48.824504] {Default Queue}  -> wl_region#128.add(569, 10, 142, 2)
[02:41:48.824505] {Default Queue}  -> wl_region#128.add(870, 10, 398, 2)
[02:41:48.824506] {Default Queue}  -> wl_region#128.add(11, 12, 520, 5)
[02:41:48.824506] {Default Queue}  -> wl_region#128.add(568, 12, 144, 5)
[02:41:48.824507] {Default Queue}  -> wl_region#128.add(869, 12, 400, 5)
[02:41:48.824508] {Default Queue}  -> wl_region#128.add(10, 17, 522, 14)
[02:41:48.824509] {Default Queue}  -> wl_region#128.add(567, 17, 146, 14)
[02:41:48.824509] {Default Queue}  -> wl_region#128.add(868, 17, 402, 14)
[02:41:48.824510] {Default Queue}  -> wl_region#128.add(11, 31, 520, 5)
[02:41:48.824511] {Default Queue}  -> wl_region#128.add(568, 31, 144, 5)
[02:41:48.824511] {Default Queue}  -> wl_region#128.add(869, 31, 400, 5)
[02:41:48.824512] {Default Queue}  -> wl_region#128.add(12, 36, 518, 2)
[02:41:48.824513] {Default Queue}  -> wl_region#128.add(569, 36, 142, 2)
[02:41:48.824514] {Default Queue}  -> wl_region#128.add(870, 36, 398, 2)
[02:41:48.824514] {Default Queue}  -> wl_region#128.add(13, 38, 516, 1)
[02:41:48.824515] {Default Queue}  -> wl_region#128.add(570, 38, 140, 1)
[02:41:48.824516] {Default Queue}  -> wl_region#128.add(871, 38, 396, 1)
[02:41:48.824517] {Default Queue}  -> wl_region#128.add(14, 39, 514, 1)
[02:41:48.824518] {Default Queue}  -> wl_region#128.add(571, 39, 138, 1)
[02:41:48.824518] {Default Queue}  -> wl_region#128.add(872, 39, 394, 1)
[02:41:48.824519] {Default Queue}  -> wl_region#128.add(15, 40, 512, 1)
[02:41:48.824520] {Default Queue}  -> wl_region#128.add(572, 40, 136, 1)
[02:41:48.824520] {Default Queue}  -> wl_region#128.add(873, 40, 392, 1)
[02:41:48.824521] {Default Queue}  -> wl_region#128.add(16, 41, 510, 1)
[02:41:48.824522] {Default Queue}  -> wl_region#128.add(573, 41, 134, 1)
[02:41:48.824523] {Default Queue}  -> wl_region#128.add(874, 41, 390, 1)
[02:41:48.824523] {Default Queue}  -> wl_region#128.add(17, 42, 508, 1)
[02:41:48.824524] {Default Queue}  -> wl_region#128.add(574, 42, 132, 1)
[02:41:48.824525] {Default Queue}  -> wl_region#128.add(875, 42, 388, 1)
[02:41:48.824526] {Default Queue}  -> wl_region#128.add(19, 43, 504, 1)
[02:41:48.824527] {Default Queue}  -> wl_region#128.add(576, 43, 128, 1)
[02:41:48.824528] {Default Queue}  -> wl_region#128.add(877, 43, 384, 1)
[02:41:48.824528]  -> wl_surface#73.set_input_region(wl_region#128)
[02:41:48.824530] {Default Queue}  -> wl_region#128.destroy()
[02:41:48.824530]  -> wl_surface#73.attach(wl_buffer#89, 0, 0)
[02:41:48.824531]  -> wl_surface#73.frame(new id wl_callback#124)
[02:41:48.824533] {Default Queue}  -> wp_presentation#23.feedback(wl_surface#73, new id wp_presentation_feedback#122)
[02:41:48.824533]  -> wl_surface#73.commit()
[02:41:48.824543] {Default Queue} wl_buffer#117.release()
[02:41:48.824569] {Display Queue} wl_display#1.delete_id(128)
[02:41:48.824570] {Default Queue} wl_buffer#89.release()
[02:41:48.840282] {Display Queue} wl_display#1.delete_id(102)
[02:41:48.840290] {Display Queue} wl_display#1.delete_id(105)
[02:41:48.840291] {Default Queue} wl_callback#102.done(46765498)
[02:41:48.840301] {Default Queue} wp_presentation_feedback#105.sync_output(wl_output#66)
[02:41:48.840302] {Default Queue} wp_presentation_feedback#105.sync_output(wl_output#31)
[02:41:48.840303] {Default Queue} wp_presentation_feedback#105.presented(0, 46765, 498150291, 0, 0, 0, 0)
[02:41:48.840793]  -> wl_surface#114.attach(wl_buffer#117, 0, 0)
[02:41:48.840797]  -> wl_surface#114.damage_buffer(346, 86, 588, 62)
[02:41:48.840799]  -> wl_surface#114.frame(new id wl_callback#105)
[02:41:48.840801] {Default Queue}  -> wp_presentation#23.feedback(wl_surface#114, new id wp_presentation_feedback#102)
[02:41:48.840803]  -> wl_surface#114.commit()
[02:41:48.840826] {Display Queue} wl_display#1.delete_id(124)
[02:41:48.840828] {Display Queue} wl_display#1.delete_id(122)
[02:41:48.840828] {Default Queue} wl_callback#124.done(46765498)
[02:41:48.840830] {Default Queue} wp_presentation_feedback#122.sync_output(wl_output#67)
[02:41:48.840832] {Default Queue} wp_presentation_feedback#122.sync_output(wl_output#34)
[02:41:48.840833] {Default Queue} wp_presentation_feedback#122.presented(0, 46765, 498233952, 0, 0, 0, 0)
[02:41:48.840915] {Default Queue} wl_buffer#117.release()
[02:41:48.856635] {Display Queue} wl_display#1.delete_id(105)
[02:41:48.856645] {Display Queue} wl_display#1.delete_id(102)
[02:41:48.856646] {Default Queue} wl_callback#105.done(46765514)
[02:41:48.856662] {Default Queue} wp_presentation_feedback#102.sync_output(wl_output#66)
[02:41:48.856664] {Default Queue} wp_presentation_feedback#102.sync_output(wl_output#31)
[02:41:48.856665] {Default Queue} wp_presentation_feedback#102.presented(0, 46765, 514494554, 0, 0, 0, 0)
[02:41:48.857208]  -> wl_surface#114.attach(wl_buffer#117, 0, 0)
[02:41:48.857214]  -> wl_surface#114.damage_buffer(346, 86, 588, 62)
[02:41:48.857216]  -> wl_surface#114.frame(new id wl_callback#102)
[02:41:48.857218] {Default Queue}  -> wp_presentation#23.feedback(wl_surface#114, new id wp_presentation_feedback#105)
[02:41:48.857219]  -> wl_surface#114.commit()
[02:41:48.857308] {Default Queue} wl_buffer#117.release()
[02:41:48.872890] {Display Queue} wl_display#1.delete_id(102)
[02:41:48.872898] {Display Queue} wl_display#1.delete_id(105)
[02:41:48.872900] {Default Queue} wl_callback#102.done(46765530)
[02:41:48.872910] {Default Queue} wp_presentation_feedback#105.sync_output(wl_output#66)
[02:41:48.872912] {Default Queue} wp_presentation_feedback#105.sync_output(wl_output#31)
[02:41:48.872922] {Default Queue} wp_presentation_feedback#105.presented(0, 46765, 530757417, 0, 0, 0, 0)
[02:41:48.873408]  -> wl_surface#114.attach(wl_buffer#117, 0, 0)
[02:41:48.873413]  -> wl_surface#114.damage_buffer(346, 86, 588, 62)
[02:41:48.873415]  -> wl_surface#114.frame(new id wl_callback#105)
[02:41:48.873417] {Default Queue}  -> wp_presentation#23.feedback(wl_surface#114, new id wp_presentation_feedback#102)
[02:41:48.873418]  -> wl_surface#114.commit()
[02:41:48.873486] {Default Queue} wl_buffer#117.release()
[02:41:48.889165] {Display Queue} wl_display#1.delete_id(105)
[02:41:48.889173] {Display Queue} wl_display#1.delete_id(102)
[02:41:48.889174] {Default Queue} wl_callback#105.done(46765547)
[02:41:48.889185] {Default Queue} wp_presentation_feedback#102.sync_output(wl_output#66)
[02:41:48.889186] {Default Queue} wp_presentation_feedback#102.sync_output(wl_output#31)
[02:41:48.889187] {Default Queue} wp_presentation_feedback#102.presented(0, 46765, 547035250, 0, 0, 0, 0)
[02:41:48.889699]  -> wl_surface#114.attach(wl_buffer#117, 0, 0)
[02:41:48.889703]  -> wl_surface#114.damage_buffer(346, 86, 588, 62)
[02:41:48.889705]  -> wl_surface#114.frame(new id wl_callback#102)
[02:41:48.889707] {Default Queue}  -> wp_presentation#23.feedback(wl_surface#114, new id wp_presentation_feedback#105)
[02:41:48.889709]  -> wl_surface#114.commit()
[02:41:48.889779] {Default Queue} wl_buffer#117.release()
[02:41:48.895497] {Default Queue}  -> ext_background_effect_surface_v1#97.destroy()
[02:41:48.895602] {Default Queue}  -> zwlr_layer_surface_v1#101.destroy()
[02:41:48.895608]  -> wl_surface#114.attach(nil, 0, 0)
[02:41:48.895610]  -> wl_surface#114.commit()
[02:41:48.895655] {Default Queue}  -> wl_buffer#117.destroy()
[02:41:48.895656] {Default Queue}  -> wl_shm_pool#98.destroy()
[02:41:48.896074] {Default Queue}  -> wp_viewport#125.destroy()
[02:41:48.896076] {Default Queue}  -> wp_fractional_scale_v1#116.destroy()
[02:41:48.896077]  -> wl_surface#114.destroy()
[02:41:48.896089] {Default Queue}  -> xdg_toplevel_icon_v1#126.destroy()
info: event=popup-closed
[02:41:48.899551] discarded [unknown]#105.[event 2](0 fd, 8 byte)
[02:41:48.899613] {Display Queue} wl_display#1.delete_id(97)
[02:41:48.899617] {Display Queue} wl_display#1.delete_id(101)
[02:41:48.899618] {Display Queue} wl_display#1.delete_id(105)
[02:41:48.899619] {Display Queue} wl_display#1.delete_id(117)
[02:41:48.899639] {Display Queue} wl_display#1.delete_id(98)
[02:41:48.899642] {Display Queue} wl_display#1.delete_id(125)
[02:41:48.899643] {Display Queue} wl_display#1.delete_id(116)
[02:41:48.899645] {Display Queue} wl_display#1.delete_id(102)
[02:41:48.899645] {Display Queue} wl_display#1.delete_id(114)
[02:41:48.899646] {Display Queue} wl_display#1.delete_id(126)
[02:41:48.899648] {Default Queue} zwlr_layer_surface_v1#78.configure(76, 1280, 48)
[02:41:48.899657] {Default Queue}  -> zwlr_layer_surface_v1#78.ack_configure(76)
[02:41:48.899659] {Default Queue} zwlr_layer_surface_v1#72.configure(77, 1280, 720)
[02:41:48.899661] {Default Queue}  -> zwlr_layer_surface_v1#72.ack_configure(77)
[02:41:48.899662] {Default Queue} zwlr_layer_surface_v1#83.configure(78, 88, 2)
[02:41:48.899668] {Default Queue}  -> zwlr_layer_surface_v1#83.ack_configure(78)
[02:41:48.899783]  -> wl_surface#74.commit()
[02:41:48.899792]  -> wl_surface#68.commit()
[02:41:48.899797]  -> wl_surface#79.commit()
[02:41:48.900532]  -> wl_surface#73.attach(wl_buffer#89, 0, 0)
[02:41:48.900536]  -> wl_surface#73.damage_buffer(4, 4, 555, 40)
[02:41:48.900538]  -> wl_surface#73.frame(new id wl_callback#126)
[02:41:48.900539] {Default Queue}  -> wp_presentation#23.feedback(wl_surface#73, new id wp_presentation_feedback#114)
[02:41:48.900541]  -> wl_surface#73.commit()
[02:41:48.900568] {Default Queue}  -> wl_compositor#49.create_region(new id wl_region#102)
[02:41:48.900581] {Default Queue}  -> wl_region#102.add(19, 4, 525, 1)
[02:41:48.900582] {Default Queue}  -> wl_region#102.add(576, 4, 128, 1)
[02:41:48.900583] {Default Queue}  -> wl_region#102.add(877, 4, 384, 1)
[02:41:48.900584] {Default Queue}  -> wl_region#102.add(17, 5, 529, 1)
[02:41:48.900585] {Default Queue}  -> wl_region#102.add(574, 5, 132, 1)
[02:41:48.900585] {Default Queue}  -> wl_region#102.add(875, 5, 388, 1)
[02:41:48.900586] {Default Queue}  -> wl_region#102.add(16, 6, 531, 1)
[02:41:48.900586] {Default Queue}  -> wl_region#102.add(573, 6, 134, 1)
[02:41:48.900587] {Default Queue}  -> wl_region#102.add(874, 6, 390, 1)
[02:41:48.900588] {Default Queue}  -> wl_region#102.add(15, 7, 533, 1)
[02:41:48.900588] {Default Queue}  -> wl_region#102.add(572, 7, 136, 1)
[02:41:48.900589] {Default Queue}  -> wl_region#102.add(873, 7, 392, 1)
[02:41:48.900590] {Default Queue}  -> wl_region#102.add(14, 8, 535, 1)
[02:41:48.900590] {Default Queue}  -> wl_region#102.add(571, 8, 138, 1)
[02:41:48.900591] {Default Queue}  -> wl_region#102.add(872, 8, 394, 1)
[02:41:48.900591] {Default Queue}  -> wl_region#102.add(13, 9, 537, 1)
[02:41:48.900592] {Default Queue}  -> wl_region#102.add(570, 9, 140, 1)
[02:41:48.900593] {Default Queue}  -> wl_region#102.add(871, 9, 396, 1)
[02:41:48.900594] {Default Queue}  -> wl_region#102.add(12, 10, 539, 2)
[02:41:48.900594] {Default Queue}  -> wl_region#102.add(569, 10, 142, 2)
[02:41:48.900595] {Default Queue}  -> wl_region#102.add(870, 10, 398, 2)
[02:41:48.900596] {Default Queue}  -> wl_region#102.add(11, 12, 541, 5)
[02:41:48.900596] {Default Queue}  -> wl_region#102.add(568, 12, 144, 5)
[02:41:48.900597] {Default Queue}  -> wl_region#102.add(869, 12, 400, 5)
[02:41:48.900598] {Default Queue}  -> wl_region#102.add(10, 17, 543, 14)
[02:41:48.900598] {Default Queue}  -> wl_region#102.add(567, 17, 146, 14)
[02:41:48.900599] {Default Queue}  -> wl_region#102.add(868, 17, 402, 14)
[02:41:48.900599] {Default Queue}  -> wl_region#102.add(11, 31, 541, 5)
[02:41:48.900600] {Default Queue}  -> wl_region#102.add(568, 31, 144, 5)
[02:41:48.900601] {Default Queue}  -> wl_region#102.add(869, 31, 400, 5)
[02:41:48.900601] {Default Queue}  -> wl_region#102.add(12, 36, 539, 2)
[02:41:48.900602] {Default Queue}  -> wl_region#102.add(569, 36, 142, 2)
[02:41:48.900602] {Default Queue}  -> wl_region#102.add(870, 36, 398, 2)
[02:41:48.900603] {Default Queue}  -> wl_region#102.add(13, 38, 537, 1)
[02:41:48.900604] {Default Queue}  -> wl_region#102.add(570, 38, 140, 1)
[02:41:48.900604] {Default Queue}  -> wl_region#102.add(871, 38, 396, 1)
[02:41:48.900605] {Default Queue}  -> wl_region#102.add(14, 39, 535, 1)
[02:41:48.900605] {Default Queue}  -> wl_region#102.add(571, 39, 138, 1)
[02:41:48.900606] {Default Queue}  -> wl_region#102.add(872, 39, 394, 1)
[02:41:48.900607] {Default Queue}  -> wl_region#102.add(15, 40, 533, 1)
[02:41:48.900607] {Default Queue}  -> wl_region#102.add(572, 40, 136, 1)
[02:41:48.900608] {Default Queue}  -> wl_region#102.add(873, 40, 392, 1)
[02:41:48.900608] {Default Queue}  -> wl_region#102.add(16, 41, 531, 1)
[02:41:48.900609] {Default Queue}  -> wl_region#102.add(573, 41, 134, 1)
[02:41:48.900610] {Default Queue}  -> wl_region#102.add(874, 41, 390, 1)
[02:41:48.900610] {Default Queue}  -> wl_region#102.add(17, 42, 529, 1)
[02:41:48.900611] {Default Queue}  -> wl_region#102.add(574, 42, 132, 1)
[02:41:48.900611] {Default Queue}  -> wl_region#102.add(875, 42, 388, 1)
[02:41:48.900612] {Default Queue}  -> wl_region#102.add(19, 43, 525, 1)
[02:41:48.900613] {Default Queue}  -> wl_region#102.add(576, 43, 128, 1)
[02:41:48.900613] {Default Queue}  -> wl_region#102.add(877, 43, 384, 1)
[02:41:48.900614] {Default Queue}  -> ext_background_effect_surface_v1#118.set_blur_region(wl_region#102)
[02:41:48.900616] {Default Queue}  -> wl_region#102.destroy()
[02:41:48.900692] {Display Queue} wl_display#1.delete_id(102)
[02:41:48.900697] {Default Queue} wl_buffer#89.release()
[02:41:48.901369] {Default Queue}  -> wl_compositor#4.create_surface(new id wl_surface#102)
[02:41:48.901373] {Default Queue}  -> wp_fractional_scale_manager_v1#11.get_fractional_scale(new id wp_fractional_scale_v1#116, wl_surface#102)
[02:41:48.901376] {Default Queue}  -> wp_viewporter#10.get_viewport(new id wp_viewport#125, wl_surface#102)
[02:41:48.901397] {Default Queue}  -> xdg_toplevel_icon_manager_v1#9.create_icon(new id xdg_toplevel_icon_v1#98)
[02:41:48.901408] {Default Queue}  -> zwlr_layer_shell_v1#52.get_layer_surface(new id zwlr_layer_surface_v1#117, wl_surface#102, wl_output#31, 3, "pearl:popup")
[02:41:48.901411] {Default Queue}  -> zwlr_layer_surface_v1#117.set_keyboard_interactivity(1)
[02:41:48.901411] {Default Queue}  -> zwlr_layer_surface_v1#117.set_exclusive_zone(0)
[02:41:48.901412] {Default Queue}  -> zwlr_layer_surface_v1#117.set_anchor(15)
[02:41:48.901413] {Default Queue}  -> zwlr_layer_surface_v1#117.set_margin(0, 0, 0, 0)
[02:41:48.901414] {Default Queue}  -> zwlr_layer_surface_v1#117.set_size(0, 0)
[02:41:48.901419]  -> wl_surface#102.commit()
[02:41:48.901498] {Default Queue}  -> ext_background_effect_manager_v1#51.get_background_effect(new id ext_background_effect_surface_v1#105, wl_surface#102)
[02:41:48.901500] {Default Queue}  -> wl_compositor#49.create_region(new id wl_region#101)
[02:41:48.901505] {Default Queue}  -> wl_region#101.add(-11, -20, 22, 1)
[02:41:48.901506] {Default Queue}  -> wl_region#101.add(-13, -19, 26, 1)
[02:41:48.901508] {Default Queue}  -> wl_region#101.add(-14, -18, 28, 1)
[02:41:48.901508] {Default Queue}  -> wl_region#101.add(-15, -17, 30, 1)
[02:41:48.901509] {Default Queue}  -> wl_region#101.add(-16, -16, 32, 1)
[02:41:48.901510] {Default Queue}  -> wl_region#101.add(-17, -15, 34, 1)
[02:41:48.901510] {Default Queue}  -> wl_region#101.add(-18, -14, 36, 2)
[02:41:48.901511] {Default Queue}  -> wl_region#101.add(-19, -12, 38, 5)
[02:41:48.901512] {Default Queue}  -> wl_region#101.add(-20, -7, 40, 14)
[02:41:48.901513] {Default Queue}  -> wl_region#101.add(-19, 7, 38, 5)
[02:41:48.901513] {Default Queue}  -> wl_region#101.add(-18, 12, 36, 2)
[02:41:48.901514] {Default Queue}  -> wl_region#101.add(-17, 14, 34, 1)
[02:41:48.901515] {Default Queue}  -> wl_region#101.add(-16, 15, 32, 1)
[02:41:48.901515] {Default Queue}  -> wl_region#101.add(-15, 16, 30, 1)
[02:41:48.901516] {Default Queue}  -> wl_region#101.add(-14, 17, 28, 1)
[02:41:48.901517] {Default Queue}  -> wl_region#101.add(-13, 18, 26, 1)
[02:41:48.901517] {Default Queue}  -> wl_region#101.add(-11, 19, 22, 1)
[02:41:48.901518] {Default Queue}  -> ext_background_effect_surface_v1#105.set_blur_region(wl_region#101)
[02:41:48.901519] {Default Queue}  -> wl_region#101.destroy()
[02:41:48.901589] {Default Queue}  -> zwp_text_input_v3#109.set_surrounding_text("", 0, 0)
[02:41:48.901591] {Default Queue}  -> zwp_text_input_v3#109.set_text_change_cause(1)
[02:41:48.901593] {Default Queue}  -> zwp_text_input_v3#109.set_content_type(0, 0)
[02:41:48.901600] {Default Queue}  -> zwp_text_input_v3#109.set_cursor_rectangle(0, 0, 0, 0)
[02:41:48.901601] {Default Queue}  -> zwp_text_input_v3#109.commit()
[02:41:48.901603] {Default Queue}  -> xdg_activation_v1#15.get_activation_token(new id xdg_activation_token_v1#97)
[02:41:48.901605]  -> xdg_activation_token_v1#97.set_serial(0, wl_seat#3)
[02:41:48.901606]  -> xdg_activation_token_v1#97.commit()
[02:41:48.901661] {Display Queue} wl_display#1.delete_id(101)
[02:41:48.901676] xdg_activation_token_v1#97.done("841e8fb8de897f638c74f8a9ec3f4e5c")
[02:41:48.901678]  -> xdg_activation_token_v1#97.destroy()
[02:41:48.901679] {Default Queue}  -> xdg_activation_v1#15.activate("841e8fb8de897f638c74f8a9ec3f4e5c", wl_surface#102)
info: event=popup-opened output=1
[02:41:48.901696] {Default Queue} zwlr_layer_surface_v1#78.configure(84, 1280, 48)
[02:41:48.901725] {Default Queue}  -> zwlr_layer_surface_v1#78.ack_configure(84)
[02:41:48.901725] {Default Queue} zwlr_layer_surface_v1#72.configure(85, 1280, 720)
[02:41:48.901727] {Default Queue}  -> zwlr_layer_surface_v1#72.ack_configure(85)
[02:41:48.901728] {Default Queue} zwlr_layer_surface_v1#83.configure(86, 88, 2)
[02:41:48.901729] {Default Queue}  -> zwlr_layer_surface_v1#83.ack_configure(86)
[02:41:48.901730] {Default Queue} zwlr_layer_surface_v1#117.configure(87, 1280, 672)
[02:41:48.901734] {Default Queue}  -> zwlr_layer_surface_v1#117.ack_configure(87)
[02:41:48.902237] {Default Queue}  -> wl_shm#5.create_pool(new id wl_shm_pool#101, fd 18, 3440640)
[02:41:48.902241] {Default Queue}  -> wl_shm_pool#101.create_buffer(new id wl_buffer#122, 0, 1280, 672, 5120, 0)
[02:41:48.903059] {Default Queue}  -> wl_compositor#4.create_region(new id wl_region#124)
[02:41:48.903061] {Default Queue}  -> wl_region#124.add(377, 90, 526, 54)
[02:41:48.903062]  -> wl_surface#102.set_opaque_region(wl_region#124)
[02:41:48.903063] {Default Queue}  -> wl_region#124.destroy()
[02:41:48.903064] {Default Queue}  -> wp_viewport#125.set_destination(1280, 672)
[02:41:48.903065]  -> wl_surface#102.attach(wl_buffer#122, 0, 0)
[02:41:48.903067]  -> wl_surface#102.damage_buffer(0, 0, 1280, 672)
[02:41:48.903068]  -> wl_surface#102.frame(new id wl_callback#128)
[02:41:48.903069] {Default Queue}  -> wp_presentation#23.feedback(wl_surface#102, new id wp_presentation_feedback#127)
[02:41:48.903070]  -> wl_surface#102.commit()
[02:41:48.903075] {Default Queue}  -> wl_compositor#49.create_region(new id wl_region#113)
[02:41:48.903107] {Default Queue}  -> wl_region#113.add(339, 36, 602, 1)
[02:41:48.903109] {Default Queue}  -> wl_region#113.add(337, 37, 606, 1)
[02:41:48.903110] {Default Queue}  -> wl_region#113.add(336, 38, 608, 1)
[02:41:48.903111] {Default Queue}  -> wl_region#113.add(335, 39, 610, 1)
[02:41:48.903112] {Default Queue}  -> wl_region#113.add(334, 40, 612, 1)
[02:41:48.903112] {Default Queue}  -> wl_region#113.add(333, 41, 614, 1)
[02:41:48.903113] {Default Queue}  -> wl_region#113.add(332, 42, 616, 2)
[02:41:48.903114] {Default Queue}  -> wl_region#113.add(331, 44, 618, 5)
[02:41:48.903114] {Default Queue}  -> wl_region#113.add(330, 49, 620, 574)
[02:41:48.903115] {Default Queue}  -> wl_region#113.add(331, 623, 618, 5)
[02:41:48.903116] {Default Queue}  -> wl_region#113.add(332, 628, 616, 2)
[02:41:48.903116] {Default Queue}  -> wl_region#113.add(333, 630, 614, 1)
[02:41:48.903117] {Default Queue}  -> wl_region#113.add(334, 631, 612, 1)
[02:41:48.903118] {Default Queue}  -> wl_region#113.add(335, 632, 610, 1)
[02:41:48.903119] {Default Queue}  -> wl_region#113.add(336, 633, 608, 1)
[02:41:48.903119] {Default Queue}  -> wl_region#113.add(337, 634, 606, 1)
[02:41:48.903120] {Default Queue}  -> wl_region#113.add(339, 635, 602, 1)
[02:41:48.903121] {Default Queue}  -> ext_background_effect_surface_v1#105.set_blur_region(wl_region#113)
[02:41:48.903121] {Default Queue}  -> wl_region#113.destroy()
info: event=launcher-results count=116 shown=116 publish_us=4290
[02:41:48.906047] {Display Queue} wl_display#1.delete_id(97)
[02:41:48.906052] {Display Queue} wl_display#1.delete_id(124)
[02:41:48.906053] {Display Queue} wl_display#1.delete_id(113)
[02:41:48.906053] {Display Queue} wl_display#1.delete_id(128)
[02:41:48.906055] {Display Queue} wl_display#1.delete_id(127)
[02:41:48.906055] {Display Queue} wl_display#1.delete_id(126)
[02:41:48.906056] {Display Queue} wl_display#1.delete_id(114)
[02:41:48.906056] {Default Queue} zwlr_layer_surface_v1#78.configure(88, 1280, 48)
[02:41:48.906060] {Default Queue}  -> zwlr_layer_surface_v1#78.ack_configure(88)
[02:41:48.906061] {Default Queue} zwlr_layer_surface_v1#72.configure(89, 1280, 720)
[02:41:48.906062] {Default Queue}  -> zwlr_layer_surface_v1#72.ack_configure(89)
[02:41:48.906063] {Default Queue} zwlr_layer_surface_v1#83.configure(90, 88, 2)
[02:41:48.906064] {Default Queue}  -> zwlr_layer_surface_v1#83.ack_configure(90)
[02:41:48.906065] {Default Queue} zwlr_layer_surface_v1#117.configure(91, 1280, 672)
[02:41:48.906066] {Default Queue}  -> zwlr_layer_surface_v1#117.ack_configure(91)
[02:41:48.906066] {Default Queue} wp_fractional_scale_v1#116.preferred_scale(120)
[02:41:48.906067] {Default Queue} wl_buffer#122.release()
[02:41:48.906068] {Default Queue} wl_data_device#38.selection(nil)
[02:41:48.906072] {Default Queue} zwp_primary_selection_device_v1#37.selection(nil)
[02:41:48.906074] {Default Queue} wl_callback#128.done(46765563)
[02:41:48.906077] {Default Queue} wp_presentation_feedback#127.sync_output(wl_output#66)
[02:41:48.906079] {Default Queue} wp_presentation_feedback#127.sync_output(wl_output#31)
[02:41:48.906080] {Default Queue} wp_presentation_feedback#127.presented(0, 46765, 563801427, 0, 0, 0, 0)
[02:41:48.906082] {Default Queue} wl_callback#126.done(46765563)
[02:41:48.906083] {Default Queue} wp_presentation_feedback#114.sync_output(wl_output#67)
[02:41:48.906084] {Default Queue} wp_presentation_feedback#114.sync_output(wl_output#34)
[02:41:48.906084] {Default Queue} wp_presentation_feedback#114.presented(0, 46765, 563903088, 0, 0, 0, 0)
[02:41:48.906086] wl_surface#102.enter(wl_output#66)
[02:41:48.906124] wl_surface#102.enter(wl_output#31)
[02:41:48.906137] wl_surface#102.preferred_buffer_scale(1)
[02:41:48.906138] wl_surface#102.preferred_buffer_transform(0)
[02:41:48.916453] {Default Queue}  -> wl_compositor#4.create_region(new id wl_region#114)
[02:41:48.916458] {Default Queue}  -> wl_region#114.add(365, 158, 550, 62)
[02:41:48.916460]  -> wl_surface#102.set_opaque_region(wl_region#114)
[02:41:48.916461] {Default Queue}  -> wl_region#114.destroy()
[02:41:48.916463]  -> wl_surface#102.attach(wl_buffer#122, 0, 0)
[02:41:48.916464]  -> wl_surface#102.damage_buffer(346, 86, 588, 62)
[02:41:48.916465]  -> wl_surface#102.damage_buffer(353, 158, 574, 426)
[02:41:48.916466]  -> wl_surface#102.damage_buffer(351, 600, 285, 15)
[02:41:48.916466]  -> wl_surface#102.frame(new id wl_callback#126)
[02:41:48.916468] {Default Queue}  -> wp_presentation#23.feedback(wl_surface#102, new id wp_presentation_feedback#127)
[02:41:48.916469]  -> wl_surface#102.commit()
info: event=launcher-painted latency_us=14741
[02:41:48.916509] {Default Queue}  -> wl_compositor#4.create_region(new id wl_region#128)
[02:41:48.916510] {Default Queue}  -> wl_region#128.add(19, 4, 525, 1)
[02:41:48.916511] {Default Queue}  -> wl_region#128.add(576, 4, 128, 1)
[02:41:48.916512] {Default Queue}  -> wl_region#128.add(877, 4, 384, 1)
[02:41:48.916513] {Default Queue}  -> wl_region#128.add(17, 5, 529, 1)
[02:41:48.916514] {Default Queue}  -> wl_region#128.add(574, 5, 132, 1)
[02:41:48.916515] {Default Queue}  -> wl_region#128.add(875, 5, 388, 1)
[02:41:48.916516] {Default Queue}  -> wl_region#128.add(16, 6, 531, 1)
[02:41:48.916516] {Default Queue}  -> wl_region#128.add(573, 6, 134, 1)
[02:41:48.916517] {Default Queue}  -> wl_region#128.add(874, 6, 390, 1)
[02:41:48.916518] {Default Queue}  -> wl_region#128.add(15, 7, 533, 1)
[02:41:48.916518] {Default Queue}  -> wl_region#128.add(572, 7, 136, 1)
[02:41:48.916519] {Default Queue}  -> wl_region#128.add(873, 7, 392, 1)
[02:41:48.916520] {Default Queue}  -> wl_region#128.add(14, 8, 535, 1)
[02:41:48.916520] {Default Queue}  -> wl_region#128.add(571, 8, 138, 1)
[02:41:48.916521] {Default Queue}  -> wl_region#128.add(872, 8, 394, 1)
[02:41:48.916522] {Default Queue}  -> wl_region#128.add(13, 9, 537, 1)
[02:41:48.916522] {Default Queue}  -> wl_region#128.add(570, 9, 140, 1)
[02:41:48.916523] {Default Queue}  -> wl_region#128.add(871, 9, 396, 1)
[02:41:48.916524] {Default Queue}  -> wl_region#128.add(12, 10, 539, 2)
[02:41:48.916524] {Default Queue}  -> wl_region#128.add(569, 10, 142, 2)
[02:41:48.916525] {Default Queue}  -> wl_region#128.add(870, 10, 398, 2)
[02:41:48.916526] {Default Queue}  -> wl_region#128.add(11, 12, 541, 5)
[02:41:48.916526] {Default Queue}  -> wl_region#128.add(568, 12, 144, 5)
[02:41:48.916527] {Default Queue}  -> wl_region#128.add(869, 12, 400, 5)
[02:41:48.916527] {Default Queue}  -> wl_region#128.add(10, 17, 543, 14)
[02:41:48.916528] {Default Queue}  -> wl_region#128.add(567, 17, 146, 14)
[02:41:48.916529] {Default Queue}  -> wl_region#128.add(868, 17, 402, 14)
[02:41:48.916529] {Default Queue}  -> wl_region#128.add(11, 31, 541, 5)
[02:41:48.916530] {Default Queue}  -> wl_region#128.add(568, 31, 144, 5)
[02:41:48.916531] {Default Queue}  -> wl_region#128.add(869, 31, 400, 5)
[02:41:48.916531] {Default Queue}  -> wl_region#128.add(12, 36, 539, 2)
[02:41:48.916532] {Default Queue}  -> wl_region#128.add(569, 36, 142, 2)
[02:41:48.916533] {Default Queue}  -> wl_region#128.add(870, 36, 398, 2)
[02:41:48.916533] {Default Queue}  -> wl_region#128.add(13, 38, 537, 1)
[02:41:48.916534] {Default Queue}  -> wl_region#128.add(570, 38, 140, 1)
[02:41:48.916535] {Default Queue}  -> wl_region#128.add(871, 38, 396, 1)
[02:41:48.916535] {Default Queue}  -> wl_region#128.add(14, 39, 535, 1)
[02:41:48.916536] {Default Queue}  -> wl_region#128.add(571, 39, 138, 1)
[02:41:48.916537] {Default Queue}  -> wl_region#128.add(872, 39, 394, 1)
[02:41:48.916537] {Default Queue}  -> wl_region#128.add(15, 40, 533, 1)
[02:41:48.916538] {Default Queue}  -> wl_region#128.add(572, 40, 136, 1)
[02:41:48.916540] {Default Queue}  -> wl_region#128.add(873, 40, 392, 1)
[02:41:48.916541] {Default Queue}  -> wl_region#128.add(16, 41, 531, 1)
[02:41:48.916541] {Default Queue}  -> wl_region#128.add(573, 41, 134, 1)
[02:41:48.916542] {Default Queue}  -> wl_region#128.add(874, 41, 390, 1)
[02:41:48.916542] {Default Queue}  -> wl_region#128.add(17, 42, 529, 1)
[02:41:48.916543] {Default Queue}  -> wl_region#128.add(574, 42, 132, 1)
[02:41:48.916544] {Default Queue}  -> wl_region#128.add(875, 42, 388, 1)
[02:41:48.916544] {Default Queue}  -> wl_region#128.add(19, 43, 525, 1)
[02:41:48.916545] {Default Queue}  -> wl_region#128.add(576, 43, 128, 1)
[02:41:48.916546] {Default Queue}  -> wl_region#128.add(877, 43, 384, 1)
[02:41:48.916546]  -> wl_surface#73.set_input_region(wl_region#128)
[02:41:48.916547] {Default Queue}  -> wl_region#128.destroy()
[02:41:48.916548]  -> wl_surface#73.attach(wl_buffer#89, 0, 0)
[02:41:48.916549]  -> wl_surface#73.frame(new id wl_callback#113)
[02:41:48.916550] {Default Queue}  -> wp_presentation#23.feedback(wl_surface#73, new id wp_presentation_feedback#124)
[02:41:48.916550]  -> wl_surface#73.commit()
[02:41:48.916649]  -> wl_surface#79.attach(wl_buffer#107, 0, 0)
[02:41:48.916650]  -> wl_surface#79.frame(new id wl_callback#97)
[02:41:48.916651] {Default Queue}  -> wp_presentation#23.feedback(wl_surface#79, new id wp_presentation_feedback#123)
[02:41:48.916652]  -> wl_surface#79.commit()
[02:41:48.917026] {Display Queue} wl_display#1.delete_id(114)
[02:41:48.917030] {Display Queue} wl_display#1.delete_id(128)
[02:41:48.917031] {Default Queue} wl_buffer#122.release()
[02:41:48.917032] {Default Queue} wl_buffer#89.release()
[02:41:48.917032] {Default Queue} wl_buffer#107.release()
info: event=launcher-results count=116 shown=116 publish_us=4053
[02:41:48.921085]  -> wl_surface#68.commit()
[02:41:48.923057] {Display Queue} wl_display#1.delete_id(97)
[02:41:48.923064] {Display Queue} wl_display#1.delete_id(126)
[02:41:48.923066] {Display Queue} wl_display#1.delete_id(123)
[02:41:48.923066] {Display Queue} wl_display#1.delete_id(127)
[02:41:48.923067] {Default Queue} wl_callback#97.done(46765580)
[02:41:48.923077] {Default Queue} wl_callback#126.done(46765580)
[02:41:48.923080] {Default Queue} wp_presentation_feedback#123.sync_output(wl_output#66)
[02:41:48.923081] {Default Queue} wp_presentation_feedback#123.sync_output(wl_output#31)
[02:41:48.923082] {Default Queue} wp_presentation_feedback#123.presented(0, 46765, 580923828, 0, 0, 0, 0)
[02:41:48.923085] {Default Queue} wp_presentation_feedback#127.sync_output(wl_output#66)
[02:41:48.923086] {Default Queue} wp_presentation_feedback#127.sync_output(wl_output#31)
[02:41:48.923087] {Default Queue} wp_presentation_feedback#127.presented(0, 46765, 580923828, 0, 0, 0, 0)
[02:41:48.923169]  -> wl_surface#79.attach(wl_buffer#107, 0, 0)
[02:41:48.923172]  -> wl_surface#79.frame(new id wl_callback#127)
[02:41:48.923174] {Default Queue}  -> wp_presentation#23.feedback(wl_surface#79, new id wp_presentation_feedback#123)
[02:41:48.923176]  -> wl_surface#79.commit()
[02:41:48.932540]  -> wl_surface#102.attach(wl_buffer#122, 0, 0)
[02:41:48.932545]  -> wl_surface#102.damage_buffer(346, 86, 588, 62)
[02:41:48.932547]  -> wl_surface#102.frame(new id wl_callback#126)
[02:41:48.932549] {Default Queue}  -> wp_presentation#23.feedback(wl_surface#102, new id wp_presentation_feedback#97)
[02:41:48.932551]  -> wl_surface#102.commit()
info: event=launcher-painted latency_us=15548
[02:41:48.932585] {Display Queue} wl_display#1.delete_id(113)
[02:41:48.932587] {Display Queue} wl_display#1.delete_id(124)
[02:41:48.932588] {Default Queue} wl_callback#113.done(46765581)
[02:41:48.932592] {Default Queue} wp_presentation_feedback#124.sync_output(wl_output#67)
[02:41:48.932593] {Default Queue} wp_presentation_feedback#124.sync_output(wl_output#34)
[02:41:48.932594] {Default Queue} wp_presentation_feedback#124.presented(0, 46765, 581098190, 0, 0, 0, 0)
[02:41:48.932641] {Default Queue} wl_buffer#107.release()
[02:41:48.932642] {Default Queue} wl_buffer#122.release()
[02:41:48.932694]  -> wl_surface#74.attach(wl_buffer#100, 0, 0)
[02:41:48.932696]  -> wl_surface#74.frame(new id wl_callback#124)
[02:41:48.932697] {Default Queue}  -> wp_presentation#23.feedback(wl_surface#74, new id wp_presentation_feedback#113)
[02:41:48.932698]  -> wl_surface#74.commit()
[02:41:48.932795]  -> wl_surface#73.attach(wl_buffer#89, 0, 0)
[02:41:48.932797]  -> wl_surface#73.damage_buffer(4, 4, 555, 40)
[02:41:48.932798]  -> wl_surface#73.frame(new id wl_callback#128)
[02:41:48.932798] {Default Queue}  -> wp_presentation#23.feedback(wl_surface#73, new id wp_presentation_feedback#114)
[02:41:48.932799]  -> wl_surface#73.commit()
[02:41:48.932818] {Default Queue}  -> wl_compositor#49.create_region(new id wl_region#103)
[02:41:48.932831] {Default Queue}  -> wl_region#103.add(19, 4, 504, 1)
[02:41:48.932832] {Default Queue}  -> wl_region#103.add(576, 4, 128, 1)
[02:41:48.932833] {Default Queue}  -> wl_region#103.add(877, 4, 384, 1)
[02:41:48.932834] {Default Queue}  -> wl_region#103.add(17, 5, 508, 1)
[02:41:48.932834] {Default Queue}  -> wl_region#103.add(574, 5, 132, 1)
[02:41:48.932835] {Default Queue}  -> wl_region#103.add(875, 5, 388, 1)
[02:41:48.932836] {Default Queue}  -> wl_region#103.add(16, 6, 510, 1)
[02:41:48.932836] {Default Queue}  -> wl_region#103.add(573, 6, 134, 1)
[02:41:48.932837] {Default Queue}  -> wl_region#103.add(874, 6, 390, 1)
[02:41:48.932838] {Default Queue}  -> wl_region#103.add(15, 7, 512, 1)
[02:41:48.932838] {Default Queue}  -> wl_region#103.add(572, 7, 136, 1)
[02:41:48.932839] {Default Queue}  -> wl_region#103.add(873, 7, 392, 1)
[02:41:48.932840] {Default Queue}  -> wl_region#103.add(14, 8, 514, 1)
[02:41:48.932840] {Default Queue}  -> wl_region#103.add(571, 8, 138, 1)
[02:41:48.932841] {Default Queue}  -> wl_region#103.add(872, 8, 394, 1)
[02:41:48.932842] {Default Queue}  -> wl_region#103.add(13, 9, 516, 1)
[02:41:48.932842] {Default Queue}  -> wl_region#103.add(570, 9, 140, 1)
[02:41:48.932843] {Default Queue}  -> wl_region#103.add(871, 9, 396, 1)
[02:41:48.932844] {Default Queue}  -> wl_region#103.add(12, 10, 518, 2)
[02:41:48.932844] {Default Queue}  -> wl_region#103.add(569, 10, 142, 2)
[02:41:48.932845] {Default Queue}  -> wl_region#103.add(870, 10, 398, 2)
[02:41:48.932846] {Default Queue}  -> wl_region#103.add(11, 12, 520, 5)
[02:41:48.932846] {Default Queue}  -> wl_region#103.add(568, 12, 144, 5)
[02:41:48.932847] {Default Queue}  -> wl_region#103.add(869, 12, 400, 5)
[02:41:48.932847] {Default Queue}  -> wl_region#103.add(10, 17, 522, 14)
[02:41:48.932848] {Default Queue}  -> wl_region#103.add(567, 17, 146, 14)
[02:41:48.932849] {Default Queue}  -> wl_region#103.add(868, 17, 402, 14)
[02:41:48.932850] {Default Queue}  -> wl_region#103.add(11, 31, 520, 5)
[02:41:48.932850] {Default Queue}  -> wl_region#103.add(568, 31, 144, 5)
[02:41:48.932851] {Default Queue}  -> wl_region#103.add(869, 31, 400, 5)
[02:41:48.932852] {Default Queue}  -> wl_region#103.add(12, 36, 518, 2)
[02:41:48.932852] {Default Queue}  -> wl_region#103.add(569, 36, 142, 2)
[02:41:48.932853] {Default Queue}  -> wl_region#103.add(870, 36, 398, 2)
[02:41:48.932853] {Default Queue}  -> wl_region#103.add(13, 38, 516, 1)
[02:41:48.932854] {Default Queue}  -> wl_region#103.add(570, 38, 140, 1)
[02:41:48.932855] {Default Queue}  -> wl_region#103.add(871, 38, 396, 1)
[02:41:48.932855] {Default Queue}  -> wl_region#103.add(14, 39, 514, 1)
[02:41:48.932856] {Default Queue}  -> wl_region#103.add(571, 39, 138, 1)
[02:41:48.932857] {Default Queue}  -> wl_region#103.add(872, 39, 394, 1)
[02:41:48.932857] {Default Queue}  -> wl_region#103.add(15, 40, 512, 1)
[02:41:48.932858] {Default Queue}  -> wl_region#103.add(572, 40, 136, 1)
[02:41:48.932858] {Default Queue}  -> wl_region#103.add(873, 40, 392, 1)
[02:41:48.932859] {Default Queue}  -> wl_region#103.add(16, 41, 510, 1)
[02:41:48.932860] {Default Queue}  -> wl_region#103.add(573, 41, 134, 1)
[02:41:48.932860] {Default Queue}  -> wl_region#103.add(874, 41, 390, 1)
[02:41:48.932861] {Default Queue}  -> wl_region#103.add(17, 42, 508, 1)
[02:41:48.932862] {Default Queue}  -> wl_region#103.add(574, 42, 132, 1)
[02:41:48.932862] {Default Queue}  -> wl_region#103.add(875, 42, 388, 1)
[02:41:48.932863] {Default Queue}  -> wl_region#103.add(19, 43, 504, 1)
[02:41:48.932864] {Default Queue}  -> wl_region#103.add(576, 43, 128, 1)
[02:41:48.932864] {Default Queue}  -> wl_region#103.add(877, 43, 384, 1)
[02:41:48.932865] {Default Queue}  -> ext_background_effect_surface_v1#118.set_blur_region(wl_region#103)
[02:41:48.932866] {Default Queue}  -> wl_region#103.destroy()
[02:41:48.932939] {Display Queue} wl_display#1.delete_id(103)
[02:41:48.932940] {Default Queue} wl_buffer#100.release()
[02:41:48.932941] {Default Queue} wl_buffer#89.release()
[02:41:48.939303] {Display Queue} wl_display#1.delete_id(124)
[02:41:48.939307] {Display Queue} wl_display#1.delete_id(127)
[02:41:48.939309] {Display Queue} wl_display#1.delete_id(126)
[02:41:48.939309] {Display Queue} wl_display#1.delete_id(113)
[02:41:48.939310] {Display Queue} wl_display#1.delete_id(123)
[02:41:48.939310] {Display Queue} wl_display#1.delete_id(97)
[02:41:48.939311] {Default Queue} wl_callback#124.done(46765597)
[02:41:48.939314] {Default Queue} wl_callback#127.done(46765597)
[02:41:48.939315] {Default Queue} wl_callback#126.done(46765597)
[02:41:48.939317] {Default Queue} wp_presentation_feedback#113.sync_output(wl_output#66)
[02:41:48.939318] {Default Queue} wp_presentation_feedback#113.sync_output(wl_output#31)
[02:41:48.939319] {Default Queue} wp_presentation_feedback#113.presented(0, 46765, 597189571, 0, 0, 0, 0)
[02:41:48.939321] {Default Queue} wp_presentation_feedback#123.sync_output(wl_output#66)
[02:41:48.939321] {Default Queue} wp_presentation_feedback#123.sync_output(wl_output#31)
[02:41:48.939322] {Default Queue} wp_presentation_feedback#123.presented(0, 46765, 597189571, 0, 0, 0, 0)
[02:41:48.939324] {Default Queue} wp_presentation_feedback#97.sync_output(wl_output#66)
[02:41:48.939324] {Default Queue} wp_presentation_feedback#97.sync_output(wl_output#31)
[02:41:48.939325] {Default Queue} wp_presentation_feedback#97.presented(0, 46765, 597189571, 0, 0, 0, 0)
[02:41:48.939631]  -> wl_surface#102.attach(wl_buffer#122, 0, 0)
[02:41:48.939634]  -> wl_surface#102.damage_buffer(346, 86, 588, 62)
[02:41:48.939635]  -> wl_surface#102.frame(new id wl_callback#97)
[02:41:48.939637] {Default Queue}  -> wp_presentation#23.feedback(wl_surface#102, new id wp_presentation_feedback#123)
[02:41:48.939638]  -> wl_surface#102.commit()
[02:41:48.939651] {Display Queue} wl_display#1.delete_id(128)
[02:41:48.939654] {Display Queue} wl_display#1.delete_id(114)
[02:41:48.939654] {Default Queue} wl_callback#128.done(46765597)
[02:41:48.939657] {Default Queue} wp_presentation_feedback#114.sync_output(wl_output#67)
[02:41:48.939657] {Default Queue} wp_presentation_feedback#114.sync_output(wl_output#34)
[02:41:48.939658] {Default Queue} wp_presentation_feedback#114.presented(0, 46765, 597268711, 0, 0, 0, 0)
[02:41:48.939690] {Default Queue}  -> wl_compositor#4.create_region(new id wl_region#114)
[02:41:48.939691] {Default Queue}  -> wl_region#114.add(19, 4, 504, 1)
[02:41:48.939692] {Default Queue}  -> wl_region#114.add(576, 4, 128, 1)
[02:41:48.939693] {Default Queue}  -> wl_region#114.add(877, 4, 384, 1)
[02:41:48.939694] {Default Queue}  -> wl_region#114.add(17, 5, 508, 1)
[02:41:48.939695] {Default Queue}  -> wl_region#114.add(574, 5, 132, 1)
[02:41:48.939695] {Default Queue}  -> wl_region#114.add(875, 5, 388, 1)
[02:41:48.939696] {Default Queue}  -> wl_region#114.add(16, 6, 510, 1)
[02:41:48.939697] {Default Queue}  -> wl_region#114.add(573, 6, 134, 1)
[02:41:48.939697] {Default Queue}  -> wl_region#114.add(874, 6, 390, 1)
[02:41:48.939698] {Default Queue}  -> wl_region#114.add(15, 7, 512, 1)
[02:41:48.939699] {Default Queue}  -> wl_region#114.add(572, 7, 136, 1)
[02:41:48.939699] {Default Queue}  -> wl_region#114.add(873, 7, 392, 1)
[02:41:48.939700] {Default Queue}  -> wl_region#114.add(14, 8, 514, 1)
[02:41:48.939701] {Default Queue}  -> wl_region#114.add(571, 8, 138, 1)
[02:41:48.939701] {Default Queue}  -> wl_region#114.add(872, 8, 394, 1)
[02:41:48.939702] {Default Queue}  -> wl_region#114.add(13, 9, 516, 1)
[02:41:48.939703] {Default Queue}  -> wl_region#114.add(570, 9, 140, 1)
[02:41:48.939703] {Default Queue}  -> wl_region#114.add(871, 9, 396, 1)
[02:41:48.939704] {Default Queue}  -> wl_region#114.add(12, 10, 518, 2)
[02:41:48.939704] {Default Queue}  -> wl_region#114.add(569, 10, 142, 2)
[02:41:48.939705] {Default Queue}  -> wl_region#114.add(870, 10, 398, 2)
[02:41:48.939706] {Default Queue}  -> wl_region#114.add(11, 12, 520, 5)
[02:41:48.939707] {Default Queue}  -> wl_region#114.add(568, 12, 144, 5)
[02:41:48.939707] {Default Queue}  -> wl_region#114.add(869, 12, 400, 5)
[02:41:48.939708] {Default Queue}  -> wl_region#114.add(10, 17, 522, 14)
[02:41:48.939709] {Default Queue}  -> wl_region#114.add(567, 17, 146, 14)
[02:41:48.939709] {Default Queue}  -> wl_region#114.add(868, 17, 402, 14)
[02:41:48.939710] {Default Queue}  -> wl_region#114.add(11, 31, 520, 5)
[02:41:48.939710] {Default Queue}  -> wl_region#114.add(568, 31, 144, 5)
[02:41:48.939711] {Default Queue}  -> wl_region#114.add(869, 31, 400, 5)
[02:41:48.939712] {Default Queue}  -> wl_region#114.add(12, 36, 518, 2)
[02:41:48.939712] {Default Queue}  -> wl_region#114.add(569, 36, 142, 2)
[02:41:48.939713] {Default Queue}  -> wl_region#114.add(870, 36, 398, 2)
[02:41:48.939714] {Default Queue}  -> wl_region#114.add(13, 38, 516, 1)
[02:41:48.939714] {Default Queue}  -> wl_region#114.add(570, 38, 140, 1)
[02:41:48.939715] {Default Queue}  -> wl_region#114.add(871, 38, 396, 1)
[02:41:48.939716] {Default Queue}  -> wl_region#114.add(14, 39, 514, 1)
[02:41:48.939716] {Default Queue}  -> wl_region#114.add(571, 39, 138, 1)
[02:41:48.939717] {Default Queue}  -> wl_region#114.add(872, 39, 394, 1)
[02:41:48.939718] {Default Queue}  -> wl_region#114.add(15, 40, 512, 1)
[02:41:48.939718] {Default Queue}  -> wl_region#114.add(572, 40, 136, 1)
[02:41:48.939719] {Default Queue}  -> wl_region#114.add(873, 40, 392, 1)
[02:41:48.939720] {Default Queue}  -> wl_region#114.add(16, 41, 510, 1)
[02:41:48.939721] {Default Queue}  -> wl_region#114.add(573, 41, 134, 1)
[02:41:48.939722] {Default Queue}  -> wl_region#114.add(874, 41, 390, 1)
[02:41:48.939722] {Default Queue}  -> wl_region#114.add(17, 42, 508, 1)
[02:41:48.939723] {Default Queue}  -> wl_region#114.add(574, 42, 132, 1)
[02:41:48.939723] {Default Queue}  -> wl_region#114.add(875, 42, 388, 1)
[02:41:48.939724] {Default Queue}  -> wl_region#114.add(19, 43, 504, 1)
[02:41:48.939725] {Default Queue}  -> wl_region#114.add(576, 43, 128, 1)
[02:41:48.939725] {Default Queue}  -> wl_region#114.add(877, 43, 384, 1)
[02:41:48.939726]  -> wl_surface#73.set_input_region(wl_region#114)
[02:41:48.939727] {Default Queue}  -> wl_region#114.destroy()
[02:41:48.939728]  -> wl_surface#73.attach(wl_buffer#89, 0, 0)
[02:41:48.939729]  -> wl_surface#73.frame(new id wl_callback#128)
[02:41:48.939730] {Default Queue}  -> wp_presentation#23.feedback(wl_surface#73, new id wp_presentation_feedback#113)
[02:41:48.939731]  -> wl_surface#73.commit()
[02:41:48.939789] {Default Queue} wl_buffer#122.release()
[02:41:48.939858] {Display Queue} wl_display#1.delete_id(114)
[02:41:48.939864] {Default Queue} wl_buffer#89.release()
[02:41:48.955613] {Display Queue} wl_display#1.delete_id(97)
[02:41:48.955622] {Display Queue} wl_display#1.delete_id(123)
[02:41:48.955623] {Default Queue} wl_callback#97.done(46765613)
[02:41:48.955634] {Default Queue} wp_presentation_feedback#123.sync_output(wl_output#66)
[02:41:48.955635] {Default Queue} wp_presentation_feedback#123.sync_output(wl_output#31)
[02:41:48.955636] {Default Queue} wp_presentation_feedback#123.presented(0, 46765, 613480893, 0, 0, 0, 0)
[02:41:48.956151]  -> wl_surface#102.attach(wl_buffer#122, 0, 0)
[02:41:48.956156]  -> wl_surface#102.damage_buffer(346, 86, 588, 62)
[02:41:48.956158]  -> wl_surface#102.frame(new id wl_callback#123)
[02:41:48.956160] {Default Queue}  -> wp_presentation#23.feedback(wl_surface#102, new id wp_presentation_feedback#97)
[02:41:48.956163]  -> wl_surface#102.commit()
[02:41:48.956195] {Display Queue} wl_display#1.delete_id(128)
[02:41:48.956197] {Display Queue} wl_display#1.delete_id(113)
[02:41:48.956198] {Default Queue} wl_callback#128.done(46765613)
[02:41:48.956200] {Default Queue} wp_presentation_feedback#113.sync_output(wl_output#67)
[02:41:48.956201] {Default Queue} wp_presentation_feedback#113.sync_output(wl_output#34)
[02:41:48.956202] {Default Queue} wp_presentation_feedback#113.presented(0, 46765, 613558014, 0, 0, 0, 0)
[02:41:48.956275] {Default Queue} wl_buffer#122.release()
[02:41:48.971897] {Display Queue} wl_display#1.delete_id(123)
[02:41:48.971906] {Display Queue} wl_display#1.delete_id(97)
[02:41:48.971908] {Default Queue} wl_callback#123.done(46765629)
[02:41:48.971918] {Default Queue} wp_presentation_feedback#97.sync_output(wl_output#66)
[02:41:48.971920] {Default Queue} wp_presentation_feedback#97.sync_output(wl_output#31)
[02:41:48.971921] {Default Queue} wp_presentation_feedback#97.presented(0, 46765, 629761236, 0, 0, 0, 0)
[02:41:48.972489]  -> wl_surface#102.attach(wl_buffer#122, 0, 0)
[02:41:48.972493]  -> wl_surface#102.damage_buffer(346, 86, 588, 62)
[02:41:48.972494]  -> wl_surface#102.frame(new id wl_callback#97)
[02:41:48.972496] {Default Queue}  -> wp_presentation#23.feedback(wl_surface#102, new id wp_presentation_feedback#123)
[02:41:48.972498]  -> wl_surface#102.commit()
[02:41:48.972569] {Default Queue} wl_buffer#122.release()
[02:41:48.988211] {Display Queue} wl_display#1.delete_id(97)
[02:41:48.988220] {Display Queue} wl_display#1.delete_id(123)
[02:41:48.988221] {Default Queue} wl_callback#97.done(46765646)
[02:41:48.988232] {Default Queue} wp_presentation_feedback#123.sync_output(wl_output#66)
[02:41:48.988233] {Default Queue} wp_presentation_feedback#123.sync_output(wl_output#31)
[02:41:48.988234] {Default Queue} wp_presentation_feedback#123.presented(0, 46765, 646074349, 0, 0, 0, 0)
[02:41:48.988811]  -> wl_surface#102.attach(wl_buffer#122, 0, 0)
[02:41:48.988817]  -> wl_surface#102.damage_buffer(346, 86, 588, 62)
[02:41:48.988819]  -> wl_surface#102.frame(new id wl_callback#123)
[02:41:48.988822] {Default Queue}  -> wp_presentation#23.feedback(wl_surface#102, new id wp_presentation_feedback#97)
[02:41:48.988823]  -> wl_surface#102.commit()
[02:41:48.988899] {Default Queue} wl_buffer#122.release()
[02:41:49.003564] {Default Queue}  -> ext_background_effect_surface_v1#105.destroy()
[02:41:49.003677] {Default Queue}  -> zwlr_layer_surface_v1#117.destroy()
[02:41:49.003681]  -> wl_surface#102.attach(nil, 0, 0)
[02:41:49.003683]  -> wl_surface#102.commit()
[02:41:49.003724] {Default Queue}  -> wl_buffer#122.destroy()
[02:41:49.003728] {Default Queue}  -> wl_shm_pool#101.destroy()
[02:41:49.004153] {Default Queue}  -> wp_viewport#125.destroy()
[02:41:49.004155] {Default Queue}  -> wp_fractional_scale_v1#116.destroy()
[02:41:49.004156]  -> wl_surface#102.destroy()
[02:41:49.004168] {Default Queue}  -> xdg_toplevel_icon_v1#98.destroy()
info: event=popup-closed
[02:41:49.006714] discarded [unknown]#123.[event 0](0 fd, 12 byte)
[02:41:49.006716] discarded [unknown]#97.[event 0](0 fd, 12 byte)
[02:41:49.006717] discarded [unknown]#97.[event 0](0 fd, 12 byte)
[02:41:49.006717] discarded [unknown]#97.[event 1](0 fd, 36 byte)
[02:41:49.006730] {Display Queue} wl_display#1.delete_id(123)
[02:41:49.006749] {Display Queue} wl_display#1.delete_id(97)
[02:41:49.007235] {Display Queue} wl_display#1.delete_id(105)
[02:41:49.007241] {Display Queue} wl_display#1.delete_id(117)
[02:41:49.007242] {Display Queue} wl_display#1.delete_id(122)
[02:41:49.007243] {Display Queue} wl_display#1.delete_id(101)
[02:41:49.007243] {Display Queue} wl_display#1.delete_id(125)
[02:41:49.007244] {Display Queue} wl_display#1.delete_id(116)
[02:41:49.007244] {Display Queue} wl_display#1.delete_id(102)
[02:41:49.007245] {Display Queue} wl_display#1.delete_id(98)
[02:41:49.007246] {Default Queue} zwlr_layer_surface_v1#78.configure(99, 1280, 48)
[02:41:49.007256] {Default Queue}  -> zwlr_layer_surface_v1#78.ack_configure(99)
[02:41:49.007258] {Default Queue} zwlr_layer_surface_v1#72.configure(100, 1280, 720)
[02:41:49.007260] {Default Queue}  -> zwlr_layer_surface_v1#72.ack_configure(100)
[02:41:49.007260] {Default Queue} zwlr_layer_surface_v1#83.configure(101, 88, 2)
[02:41:49.007266] {Default Queue}  -> zwlr_layer_surface_v1#83.ack_configure(101)
[02:41:49.007376]  -> wl_surface#74.commit()
[02:41:49.007390]  -> wl_surface#68.commit()
[02:41:49.007396]  -> wl_surface#79.commit()
[02:41:49.008252]  -> wl_surface#73.attach(wl_buffer#89, 0, 0)
[02:41:49.008256]  -> wl_surface#73.damage_buffer(4, 4, 555, 40)
[02:41:49.008258]  -> wl_surface#73.frame(new id wl_callback#98)
[02:41:49.008260] {Default Queue}  -> wp_presentation#23.feedback(wl_surface#73, new id wp_presentation_feedback#102)
[02:41:49.008263]  -> wl_surface#73.commit()
[02:41:49.008294] {Default Queue}  -> wl_compositor#49.create_region(new id wl_region#116)
[02:41:49.008308] {Default Queue}  -> wl_region#116.add(19, 4, 525, 1)
[02:41:49.008310] {Default Queue}  -> wl_region#116.add(576, 4, 128, 1)
[02:41:49.008311] {Default Queue}  -> wl_region#116.add(877, 4, 384, 1)
[02:41:49.008311] {Default Queue}  -> wl_region#116.add(17, 5, 529, 1)
[02:41:49.008312] {Default Queue}  -> wl_region#116.add(574, 5, 132, 1)
[02:41:49.008313] {Default Queue}  -> wl_region#116.add(875, 5, 388, 1)
[02:41:49.008313] {Default Queue}  -> wl_region#116.add(16, 6, 531, 1)
[02:41:49.008314] {Default Queue}  -> wl_region#116.add(573, 6, 134, 1)
[02:41:49.008315] {Default Queue}  -> wl_region#116.add(874, 6, 390, 1)
[02:41:49.008315] {Default Queue}  -> wl_region#116.add(15, 7, 533, 1)
[02:41:49.008316] {Default Queue}  -> wl_region#116.add(572, 7, 136, 1)
[02:41:49.008316] {Default Queue}  -> wl_region#116.add(873, 7, 392, 1)
[02:41:49.008317] {Default Queue}  -> wl_region#116.add(14, 8, 535, 1)
[02:41:49.008318] {Default Queue}  -> wl_region#116.add(571, 8, 138, 1)
[02:41:49.008318] {Default Queue}  -> wl_region#116.add(872, 8, 394, 1)
[02:41:49.008319] {Default Queue}  -> wl_region#116.add(13, 9, 537, 1)
[02:41:49.008319] {Default Queue}  -> wl_region#116.add(570, 9, 140, 1)
[02:41:49.008320] {Default Queue}  -> wl_region#116.add(871, 9, 396, 1)
[02:41:49.008321] {Default Queue}  -> wl_region#116.add(12, 10, 539, 2)
[02:41:49.008321] {Default Queue}  -> wl_region#116.add(569, 10, 142, 2)
[02:41:49.008322] {Default Queue}  -> wl_region#116.add(870, 10, 398, 2)
[02:41:49.008323] {Default Queue}  -> wl_region#116.add(11, 12, 541, 5)
[02:41:49.008323] {Default Queue}  -> wl_region#116.add(568, 12, 144, 5)
[02:41:49.008324] {Default Queue}  -> wl_region#116.add(869, 12, 400, 5)
[02:41:49.008325] {Default Queue}  -> wl_region#116.add(10, 17, 543, 14)
[02:41:49.008325] {Default Queue}  -> wl_region#116.add(567, 17, 146, 14)
[02:41:49.008326] {Default Queue}  -> wl_region#116.add(868, 17, 402, 14)
[02:41:49.008326] {Default Queue}  -> wl_region#116.add(11, 31, 541, 5)
[02:41:49.008327] {Default Queue}  -> wl_region#116.add(568, 31, 144, 5)
[02:41:49.008328] {Default Queue}  -> wl_region#116.add(869, 31, 400, 5)
[02:41:49.008328] {Default Queue}  -> wl_region#116.add(12, 36, 539, 2)
[02:41:49.008329] {Default Queue}  -> wl_region#116.add(569, 36, 142, 2)
[02:41:49.008329] {Default Queue}  -> wl_region#116.add(870, 36, 398, 2)
[02:41:49.008330] {Default Queue}  -> wl_region#116.add(13, 38, 537, 1)
[02:41:49.008331] {Default Queue}  -> wl_region#116.add(570, 38, 140, 1)
[02:41:49.008331] {Default Queue}  -> wl_region#116.add(871, 38, 396, 1)
[02:41:49.008332] {Default Queue}  -> wl_region#116.add(14, 39, 535, 1)
[02:41:49.008333] {Default Queue}  -> wl_region#116.add(571, 39, 138, 1)
[02:41:49.008333] {Default Queue}  -> wl_region#116.add(872, 39, 394, 1)
[02:41:49.008334] {Default Queue}  -> wl_region#116.add(15, 40, 533, 1)
[02:41:49.008335] {Default Queue}  -> wl_region#116.add(572, 40, 136, 1)
[02:41:49.008335] {Default Queue}  -> wl_region#116.add(873, 40, 392, 1)
[02:41:49.008336] {Default Queue}  -> wl_region#116.add(16, 41, 531, 1)
[02:41:49.008337] {Default Queue}  -> wl_region#116.add(573, 41, 134, 1)
[02:41:49.008337] {Default Queue}  -> wl_region#116.add(874, 41, 390, 1)
[02:41:49.008338] {Default Queue}  -> wl_region#116.add(17, 42, 529, 1)
[02:41:49.008338] {Default Queue}  -> wl_region#116.add(574, 42, 132, 1)
[02:41:49.008339] {Default Queue}  -> wl_region#116.add(875, 42, 388, 1)
[02:41:49.008340] {Default Queue}  -> wl_region#116.add(19, 43, 525, 1)
[02:41:49.008340] {Default Queue}  -> wl_region#116.add(576, 43, 128, 1)
[02:41:49.008341] {Default Queue}  -> wl_region#116.add(877, 43, 384, 1)
[02:41:49.008342] {Default Queue}  -> ext_background_effect_surface_v1#118.set_blur_region(wl_region#116)
[02:41:49.008343] {Default Queue}  -> wl_region#116.destroy()
[02:41:49.008920] {Default Queue}  -> wl_compositor#4.create_surface(new id wl_surface#125)
[02:41:49.008924] {Default Queue}  -> wp_fractional_scale_manager_v1#11.get_fractional_scale(new id wp_fractional_scale_v1#101, wl_surface#125)
[02:41:49.008926] {Default Queue}  -> wp_viewporter#10.get_viewport(new id wp_viewport#122, wl_surface#125)
[02:41:49.008948] {Default Queue}  -> xdg_toplevel_icon_manager_v1#9.create_icon(new id xdg_toplevel_icon_v1#117)
[02:41:49.008961] {Default Queue}  -> zwlr_layer_shell_v1#52.get_layer_surface(new id zwlr_layer_surface_v1#105, wl_surface#125, wl_output#31, 3, "pearl:popup")
[02:41:49.008964] {Default Queue}  -> zwlr_layer_surface_v1#105.set_keyboard_interactivity(1)
[02:41:49.008965] {Default Queue}  -> zwlr_layer_surface_v1#105.set_exclusive_zone(0)
[02:41:49.008965] {Default Queue}  -> zwlr_layer_surface_v1#105.set_anchor(15)
[02:41:49.008966] {Default Queue}  -> zwlr_layer_surface_v1#105.set_margin(0, 0, 0, 0)
[02:41:49.008967] {Default Queue}  -> zwlr_layer_surface_v1#105.set_size(0, 0)
[02:41:49.008971]  -> wl_surface#125.commit()
[02:41:49.009062] {Default Queue}  -> ext_background_effect_manager_v1#51.get_background_effect(new id ext_background_effect_surface_v1#97, wl_surface#125)
[02:41:49.009064] {Default Queue}  -> wl_compositor#49.create_region(new id wl_region#123)
[02:41:49.009069] {Default Queue}  -> wl_region#123.add(-11, -20, 22, 1)
[02:41:49.009071] {Default Queue}  -> wl_region#123.add(-13, -19, 26, 1)
[02:41:49.009072] {Default Queue}  -> wl_region#123.add(-14, -18, 28, 1)
[02:41:49.009072] {Default Queue}  -> wl_region#123.add(-15, -17, 30, 1)
[02:41:49.009073] {Default Queue}  -> wl_region#123.add(-16, -16, 32, 1)
[02:41:49.009074] {Default Queue}  -> wl_region#123.add(-17, -15, 34, 1)
[02:41:49.009075] {Default Queue}  -> wl_region#123.add(-18, -14, 36, 2)
[02:41:49.009075] {Default Queue}  -> wl_region#123.add(-19, -12, 38, 5)
[02:41:49.009076] {Default Queue}  -> wl_region#123.add(-20, -7, 40, 14)
[02:41:49.009077] {Default Queue}  -> wl_region#123.add(-19, 7, 38, 5)
[02:41:49.009078] {Default Queue}  -> wl_region#123.add(-18, 12, 36, 2)
[02:41:49.009078] {Default Queue}  -> wl_region#123.add(-17, 14, 34, 1)
[02:41:49.009079] {Default Queue}  -> wl_region#123.add(-16, 15, 32, 1)
[02:41:49.009080] {Default Queue}  -> wl_region#123.add(-15, 16, 30, 1)
[02:41:49.009080] {Default Queue}  -> wl_region#123.add(-14, 17, 28, 1)
[02:41:49.009081] {Default Queue}  -> wl_region#123.add(-13, 18, 26, 1)
[02:41:49.009082] {Default Queue}  -> wl_region#123.add(-11, 19, 22, 1)
[02:41:49.009083] {Default Queue}  -> ext_background_effect_surface_v1#97.set_blur_region(wl_region#123)
[02:41:49.009084] {Default Queue}  -> wl_region#123.destroy()
[02:41:49.009166] {Default Queue}  -> zwp_text_input_v3#109.set_surrounding_text("", 0, 0)
[02:41:49.009168] {Default Queue}  -> zwp_text_input_v3#109.set_text_change_cause(1)
[02:41:49.009169] {Default Queue}  -> zwp_text_input_v3#109.set_content_type(0, 0)
[02:41:49.009177] {Default Queue}  -> zwp_text_input_v3#109.set_cursor_rectangle(0, 0, 0, 0)
[02:41:49.009178] {Default Queue}  -> zwp_text_input_v3#109.commit()
[02:41:49.009180] {Default Queue}  -> xdg_activation_v1#15.get_activation_token(new id xdg_activation_token_v1#113)
[02:41:49.009182]  -> xdg_activation_token_v1#113.set_serial(0, wl_seat#3)
[02:41:49.009183]  -> xdg_activation_token_v1#113.commit()
[02:41:49.009187] {Display Queue} wl_display#1.delete_id(116)
[02:41:49.009243] {Display Queue} wl_display#1.delete_id(123)
[02:41:49.009260] xdg_activation_token_v1#113.done("76ce860c390f3bd2a32256ef2edcee0e")
[02:41:49.009265]  -> xdg_activation_token_v1#113.destroy()
[02:41:49.009267] {Default Queue}  -> xdg_activation_v1#15.activate("76ce860c390f3bd2a32256ef2edcee0e", wl_surface#125)
info: event=popup-opened output=1
[02:41:49.009294] {Default Queue} wl_buffer#89.release()
[02:41:49.009296] {Default Queue} zwlr_layer_surface_v1#78.configure(107, 1280, 48)
[02:41:49.009361] {Default Queue}  -> zwlr_layer_surface_v1#78.ack_configure(107)
[02:41:49.009363] {Default Queue} zwlr_layer_surface_v1#72.configure(108, 1280, 720)
[02:41:49.009366] {Default Queue}  -> zwlr_layer_surface_v1#72.ack_configure(108)
[02:41:49.009367] {Default Queue} zwlr_layer_surface_v1#83.configure(109, 88, 2)
[02:41:49.009369] {Default Queue}  -> zwlr_layer_surface_v1#83.ack_configure(109)
[02:41:49.009370] {Default Queue} zwlr_layer_surface_v1#105.configure(110, 1280, 672)
[02:41:49.009374] {Default Queue}  -> zwlr_layer_surface_v1#105.ack_configure(110)
[02:41:49.009959] {Default Queue}  -> wl_shm#5.create_pool(new id wl_shm_pool#123, fd 18, 3440640)
[02:41:49.009978] {Default Queue}  -> wl_shm_pool#123.create_buffer(new id wl_buffer#116, 0, 1280, 672, 5120, 0)
[02:41:49.010810] {Default Queue}  -> wl_compositor#4.create_region(new id wl_region#128)
[02:41:49.010815] {Default Queue}  -> wl_region#128.add(377, 90, 526, 54)
[02:41:49.010817]  -> wl_surface#125.set_opaque_region(wl_region#128)
[02:41:49.010818] {Default Queue}  -> wl_region#128.destroy()
[02:41:49.010820] {Default Queue}  -> wp_viewport#122.set_destination(1280, 672)
[02:41:49.010821]  -> wl_surface#125.attach(wl_buffer#116, 0, 0)
[02:41:49.010823]  -> wl_surface#125.damage_buffer(0, 0, 1280, 672)
[02:41:49.010824]  -> wl_surface#125.frame(new id wl_callback#114)
[02:41:49.010826] {Default Queue}  -> wp_presentation#23.feedback(wl_surface#125, new id wp_presentation_feedback#126)
[02:41:49.010828]  -> wl_surface#125.commit()
[02:41:49.010839] {Default Queue}  -> wl_compositor#49.create_region(new id wl_region#127)
[02:41:49.010871] {Default Queue}  -> wl_region#127.add(339, 36, 602, 1)
[02:41:49.010872] {Default Queue}  -> wl_region#127.add(337, 37, 606, 1)
[02:41:49.010873] {Default Queue}  -> wl_region#127.add(336, 38, 608, 1)
[02:41:49.010874] {Default Queue}  -> wl_region#127.add(335, 39, 610, 1)
[02:41:49.010875] {Default Queue}  -> wl_region#127.add(334, 40, 612, 1)
[02:41:49.010876] {Default Queue}  -> wl_region#127.add(333, 41, 614, 1)
[02:41:49.010877] {Default Queue}  -> wl_region#127.add(332, 42, 616, 2)
[02:41:49.010877] {Default Queue}  -> wl_region#127.add(331, 44, 618, 5)
[02:41:49.010878] {Default Queue}  -> wl_region#127.add(330, 49, 620, 574)
[02:41:49.010878] {Default Queue}  -> wl_region#127.add(331, 623, 618, 5)
[02:41:49.010879] {Default Queue}  -> wl_region#127.add(332, 628, 616, 2)
[02:41:49.010880] {Default Queue}  -> wl_region#127.add(333, 630, 614, 1)
[02:41:49.010880] {Default Queue}  -> wl_region#127.add(334, 631, 612, 1)
[02:41:49.010881] {Default Queue}  -> wl_region#127.add(335, 632, 610, 1)
[02:41:49.010881] {Default Queue}  -> wl_region#127.add(336, 633, 608, 1)
[02:41:49.010882] {Default Queue}  -> wl_region#127.add(337, 634, 606, 1)
[02:41:49.010883] {Default Queue}  -> wl_region#127.add(339, 635, 602, 1)
[02:41:49.010884] {Default Queue}  -> ext_background_effect_surface_v1#97.set_blur_region(wl_region#127)
[02:41:49.010885] {Default Queue}  -> wl_region#127.destroy()
info: event=launcher-results count=116 shown=116 publish_us=4382
[02:41:49.013779] {Display Queue} wl_display#1.delete_id(113)
[02:41:49.013783] {Display Queue} wl_display#1.delete_id(128)
[02:41:49.013784] {Display Queue} wl_display#1.delete_id(127)
[02:41:49.013785] {Default Queue} zwlr_layer_surface_v1#78.configure(111, 1280, 48)
[02:41:49.013790] {Default Queue}  -> zwlr_layer_surface_v1#78.ack_configure(111)
[02:41:49.013792] {Default Queue} zwlr_layer_surface_v1#72.configure(112, 1280, 720)
[02:41:49.013794] {Default Queue}  -> zwlr_layer_surface_v1#72.ack_configure(112)
[02:41:49.013794] {Default Queue} zwlr_layer_surface_v1#83.configure(113, 88, 2)
[02:41:49.013796] {Default Queue}  -> zwlr_layer_surface_v1#83.ack_configure(113)
[02:41:49.013797] {Default Queue} zwlr_layer_surface_v1#105.configure(114, 1280, 672)
[02:41:49.013798] {Default Queue}  -> zwlr_layer_surface_v1#105.ack_configure(114)
[02:41:49.013798] {Default Queue} wp_fractional_scale_v1#101.preferred_scale(120)
[02:41:49.013799] {Default Queue} wl_buffer#116.release()
[02:41:49.013801] {Default Queue} wl_data_device#38.selection(nil)
[02:41:49.013804] {Default Queue} zwp_primary_selection_device_v1#37.selection(nil)
[02:41:49.013807] wl_surface#125.enter(wl_output#66)
[02:41:49.013838] wl_surface#125.enter(wl_output#31)
[02:41:49.013850] wl_surface#125.preferred_buffer_scale(1)
info: event=launcher-results count=116 shown=116 publish_us=3851
[02:41:49.019435]  -> wl_surface#68.commit()
[02:41:49.021718] {Display Queue} wl_display#1.delete_id(114)
[02:41:49.021723] {Display Queue} wl_display#1.delete_id(126)
[02:41:49.021724] {Default Queue} wl_callback#114.done(46765679)
[02:41:49.021729] {Default Queue} wp_presentation_feedback#126.sync_output(wl_output#66)
[02:41:49.021730] {Default Queue} wp_presentation_feedback#126.sync_output(wl_output#31)
[02:41:49.021731] {Default Queue} wp_presentation_feedback#126.presented(0, 46765, 679602964, 0, 0, 0, 0)
[02:41:49.021734] wl_surface#125.preferred_buffer_transform(0)
[02:41:49.031542] {Default Queue}  -> wl_compositor#4.create_region(new id wl_region#126)
[02:41:49.031547] {Default Queue}  -> wl_region#126.add(365, 158, 550, 62)
[02:41:49.031550]  -> wl_surface#125.set_opaque_region(wl_region#126)
[02:41:49.031551] {Default Queue}  -> wl_region#126.destroy()
[02:41:49.031552]  -> wl_surface#125.attach(wl_buffer#116, 0, 0)
[02:41:49.031554]  -> wl_surface#125.damage_buffer(346, 86, 588, 62)
[02:41:49.031555]  -> wl_surface#125.damage_buffer(353, 158, 574, 426)
[02:41:49.031555]  -> wl_surface#125.damage_buffer(351, 600, 285, 15)
[02:41:49.031557]  -> wl_surface#125.frame(new id wl_callback#114)
[02:41:49.031558] {Default Queue}  -> wp_presentation#23.feedback(wl_surface#125, new id wp_presentation_feedback#127)
[02:41:49.031559]  -> wl_surface#125.commit()
info: event=launcher-painted latency_us=17171
[02:41:49.031590] {Display Queue} wl_display#1.delete_id(98)
[02:41:49.031593] {Display Queue} wl_display#1.delete_id(102)
[02:41:49.031593] {Default Queue} wl_callback#98.done(46765679)
[02:41:49.031597] {Default Queue} wp_presentation_feedback#102.sync_output(wl_output#67)
[02:41:49.031599] {Default Queue} wp_presentation_feedback#102.sync_output(wl_output#34)
[02:41:49.031599] {Default Queue} wp_presentation_feedback#102.presented(0, 46765, 679703905, 0, 0, 0, 0)
[02:41:49.031703]  -> wl_surface#74.attach(wl_buffer#100, 0, 0)
[02:41:49.031705]  -> wl_surface#74.frame(new id wl_callback#102)
[02:41:49.031706] {Default Queue}  -> wp_presentation#23.feedback(wl_surface#74, new id wp_presentation_feedback#98)
[02:41:49.031707]  -> wl_surface#74.commit()
[02:41:49.031720]  -> wl_surface#79.attach(wl_buffer#107, 0, 0)
[02:41:49.031721]  -> wl_surface#79.frame(new id wl_callback#128)
[02:41:49.031722] {Default Queue}  -> wp_presentation#23.feedback(wl_surface#79, new id wp_presentation_feedback#113)
[02:41:49.031723]  -> wl_surface#79.commit()
[02:41:49.031822] {Default Queue}  -> wl_compositor#4.create_region(new id wl_region#124)
[02:41:49.031824] {Default Queue}  -> wl_region#124.add(19, 4, 525, 1)
[02:41:49.031825] {Default Queue}  -> wl_region#124.add(576, 4, 128, 1)
[02:41:49.031826] {Default Queue}  -> wl_region#124.add(877, 4, 384, 1)
[02:41:49.031827] {Default Queue}  -> wl_region#124.add(17, 5, 529, 1)
[02:41:49.031827] {Default Queue}  -> wl_region#124.add(574, 5, 132, 1)
[02:41:49.031828] {Default Queue}  -> wl_region#124.add(875, 5, 388, 1)
[02:41:49.031829] {Default Queue}  -> wl_region#124.add(16, 6, 531, 1)
[02:41:49.031830] {Default Queue}  -> wl_region#124.add(573, 6, 134, 1)
[02:41:49.031831] {Default Queue}  -> wl_region#124.add(874, 6, 390, 1)
[02:41:49.031832] {Default Queue}  -> wl_region#124.add(15, 7, 533, 1)
[02:41:49.031832] {Default Queue}  -> wl_region#124.add(572, 7, 136, 1)
[02:41:49.031833] {Default Queue}  -> wl_region#124.add(873, 7, 392, 1)
[02:41:49.031834] {Default Queue}  -> wl_region#124.add(14, 8, 535, 1)
[02:41:49.031834] {Default Queue}  -> wl_region#124.add(571, 8, 138, 1)
[02:41:49.031835] {Default Queue}  -> wl_region#124.add(872, 8, 394, 1)
[02:41:49.031836] {Default Queue}  -> wl_region#124.add(13, 9, 537, 1)
[02:41:49.031836] {Default Queue}  -> wl_region#124.add(570, 9, 140, 1)
[02:41:49.031837] {Default Queue}  -> wl_region#124.add(871, 9, 396, 1)
[02:41:49.031838] {Default Queue}  -> wl_region#124.add(12, 10, 539, 2)
[02:41:49.031839] {Default Queue}  -> wl_region#124.add(569, 10, 142, 2)
[02:41:49.031840] {Default Queue}  -> wl_region#124.add(870, 10, 398, 2)
[02:41:49.031840] {Default Queue}  -> wl_region#124.add(11, 12, 541, 5)
[02:41:49.031841] {Default Queue}  -> wl_region#124.add(568, 12, 144, 5)
[02:41:49.031842] {Default Queue}  -> wl_region#124.add(869, 12, 400, 5)
[02:41:49.031843] {Default Queue}  -> wl_region#124.add(10, 17, 543, 14)
[02:41:49.031843] {Default Queue}  -> wl_region#124.add(567, 17, 146, 14)
[02:41:49.031844] {Default Queue}  -> wl_region#124.add(868, 17, 402, 14)
[02:41:49.031845] {Default Queue}  -> wl_region#124.add(11, 31, 541, 5)
[02:41:49.031845] {Default Queue}  -> wl_region#124.add(568, 31, 144, 5)
[02:41:49.031846] {Default Queue}  -> wl_region#124.add(869, 31, 400, 5)
[02:41:49.031847] {Default Queue}  -> wl_region#124.add(12, 36, 539, 2)
[02:41:49.031847] {Default Queue}  -> wl_region#124.add(569, 36, 142, 2)
[02:41:49.031848] {Default Queue}  -> wl_region#124.add(870, 36, 398, 2)
[02:41:49.031849] {Default Queue}  -> wl_region#124.add(13, 38, 537, 1)
[02:41:49.031849] {Default Queue}  -> wl_region#124.add(570, 38, 140, 1)
[02:41:49.031850] {Default Queue}  -> wl_region#124.add(871, 38, 396, 1)
[02:41:49.031851] {Default Queue}  -> wl_region#124.add(14, 39, 535, 1)
[02:41:49.031851] {Default Queue}  -> wl_region#124.add(571, 39, 138, 1)
[02:41:49.031852] {Default Queue}  -> wl_region#124.add(872, 39, 394, 1)
[02:41:49.031853] {Default Queue}  -> wl_region#124.add(15, 40, 533, 1)
[02:41:49.031853] {Default Queue}  -> wl_region#124.add(572, 40, 136, 1)
[02:41:49.031854] {Default Queue}  -> wl_region#124.add(873, 40, 392, 1)
[02:41:49.031855] {Default Queue}  -> wl_region#124.add(16, 41, 531, 1)
[02:41:49.031855] {Default Queue}  -> wl_region#124.add(573, 41, 134, 1)
[02:41:49.031856] {Default Queue}  -> wl_region#124.add(874, 41, 390, 1)
[02:41:49.031856] {Default Queue}  -> wl_region#124.add(17, 42, 529, 1)
[02:41:49.031857] {Default Queue}  -> wl_region#124.add(574, 42, 132, 1)
[02:41:49.031858] {Default Queue}  -> wl_region#124.add(875, 42, 388, 1)
[02:41:49.031858] {Default Queue}  -> wl_region#124.add(19, 43, 525, 1)
[02:41:49.031859] {Default Queue}  -> wl_region#124.add(576, 43, 128, 1)
[02:41:49.031860] {Default Queue}  -> wl_region#124.add(877, 43, 384, 1)
[02:41:49.031861]  -> wl_surface#73.set_input_region(wl_region#124)
[02:41:49.031861] {Default Queue}  -> wl_region#124.destroy()
[02:41:49.031862]  -> wl_surface#73.attach(wl_buffer#89, 0, 0)
[02:41:49.031863]  -> wl_surface#73.damage_buffer(4, 4, 555, 40)
[02:41:49.031864]  -> wl_surface#73.frame(new id wl_callback#103)
[02:41:49.031864] {Default Queue}  -> wp_presentation#23.feedback(wl_surface#73, new id wp_presentation_feedback#108)
[02:41:49.031865]  -> wl_surface#73.commit()
[02:41:49.031885] {Default Queue}  -> wl_compositor#49.create_region(new id wl_region#120)
[02:41:49.031897] {Default Queue}  -> wl_region#120.add(19, 4, 504, 1)
[02:41:49.031898] {Default Queue}  -> wl_region#120.add(576, 4, 128, 1)
[02:41:49.031898] {Default Queue}  -> wl_region#120.add(877, 4, 384, 1)
[02:41:49.031899] {Default Queue}  -> wl_region#120.add(17, 5, 508, 1)
[02:41:49.031900] {Default Queue}  -> wl_region#120.add(574, 5, 132, 1)
[02:41:49.031900] {Default Queue}  -> wl_region#120.add(875, 5, 388, 1)
[02:41:49.031901] {Default Queue}  -> wl_region#120.add(16, 6, 510, 1)
[02:41:49.031902] {Default Queue}  -> wl_region#120.add(573, 6, 134, 1)
[02:41:49.031903] {Default Queue}  -> wl_region#120.add(874, 6, 390, 1)
[02:41:49.031903] {Default Queue}  -> wl_region#120.add(15, 7, 512, 1)
[02:41:49.031904] {Default Queue}  -> wl_region#120.add(572, 7, 136, 1)
[02:41:49.031904] {Default Queue}  -> wl_region#120.add(873, 7, 392, 1)
[02:41:49.031905] {Default Queue}  -> wl_region#120.add(14, 8, 514, 1)
[02:41:49.031906] {Default Queue}  -> wl_region#120.add(571, 8, 138, 1)
[02:41:49.031906] {Default Queue}  -> wl_region#120.add(872, 8, 394, 1)
[02:41:49.031907] {Default Queue}  -> wl_region#120.add(13, 9, 516, 1)
[02:41:49.031908] {Default Queue}  -> wl_region#120.add(570, 9, 140, 1)
[02:41:49.031908] {Default Queue}  -> wl_region#120.add(871, 9, 396, 1)
[02:41:49.031909] {Default Queue}  -> wl_region#120.add(12, 10, 518, 2)
[02:41:49.031910] {Default Queue}  -> wl_region#120.add(569, 10, 142, 2)
[02:41:49.031910] {Default Queue}  -> wl_region#120.add(870, 10, 398, 2)
[02:41:49.031911] {Default Queue}  -> wl_region#120.add(11, 12, 520, 5)
[02:41:49.031912] {Default Queue}  -> wl_region#120.add(568, 12, 144, 5)
[02:41:49.031912] {Default Queue}  -> wl_region#120.add(869, 12, 400, 5)
[02:41:49.031913] {Default Queue}  -> wl_region#120.add(10, 17, 522, 14)
[02:41:49.031914] {Default Queue}  -> wl_region#120.add(567, 17, 146, 14)
[02:41:49.031914] {Default Queue}  -> wl_region#120.add(868, 17, 402, 14)
[02:41:49.031915] {Default Queue}  -> wl_region#120.add(11, 31, 520, 5)
[02:41:49.031916] {Default Queue}  -> wl_region#120.add(568, 31, 144, 5)
[02:41:49.031916] {Default Queue}  -> wl_region#120.add(869, 31, 400, 5)
[02:41:49.031917] {Default Queue}  -> wl_region#120.add(12, 36, 518, 2)
[02:41:49.031918] {Default Queue}  -> wl_region#120.add(569, 36, 142, 2)
[02:41:49.031918] {Default Queue}  -> wl_region#120.add(870, 36, 398, 2)
[02:41:49.031919] {Default Queue}  -> wl_region#120.add(13, 38, 516, 1)
[02:41:49.031920] {Default Queue}  -> wl_region#120.add(570, 38, 140, 1)
[02:41:49.031920] {Default Queue}  -> wl_region#120.add(871, 38, 396, 1)
[02:41:49.031921] {Default Queue}  -> wl_region#120.add(14, 39, 514, 1)
[02:41:49.031922] {Default Queue}  -> wl_region#120.add(571, 39, 138, 1)
[02:41:49.031922] {Default Queue}  -> wl_region#120.add(872, 39, 394, 1)
[02:41:49.031923] {Default Queue}  -> wl_region#120.add(15, 40, 512, 1)
[02:41:49.031923] {Default Queue}  -> wl_region#120.add(572, 40, 136, 1)
[02:41:49.031924] {Default Queue}  -> wl_region#120.add(873, 40, 392, 1)
[02:41:49.031925] {Default Queue}  -> wl_region#120.add(16, 41, 510, 1)
[02:41:49.031925] {Default Queue}  -> wl_region#120.add(573, 41, 134, 1)
[02:41:49.031926] {Default Queue}  -> wl_region#120.add(874, 41, 390, 1)
[02:41:49.031927] {Default Queue}  -> wl_region#120.add(17, 42, 508, 1)
[02:41:49.031927] {Default Queue}  -> wl_region#120.add(574, 42, 132, 1)
[02:41:49.031928] {Default Queue}  -> wl_region#120.add(875, 42, 388, 1)
[02:41:49.031929] {Default Queue}  -> wl_region#120.add(19, 43, 504, 1)
[02:41:49.031929] {Default Queue}  -> wl_region#120.add(576, 43, 128, 1)
[02:41:49.031930] {Default Queue}  -> wl_region#120.add(877, 43, 384, 1)
[02:41:49.031931] {Default Queue}  -> ext_background_effect_surface_v1#118.set_blur_region(wl_region#120)
[02:41:49.031931] {Default Queue}  -> wl_region#120.destroy()
[02:41:49.031941] {Display Queue} wl_display#1.delete_id(126)
[02:41:49.031942] {Default Queue} wl_buffer#116.release()
[02:41:49.032018] {Display Queue} wl_display#1.delete_id(124)
[02:41:49.032019] {Display Queue} wl_display#1.delete_id(120)
[02:41:49.032019] {Default Queue} wl_buffer#100.release()
[02:41:49.032020] {Default Queue} wl_buffer#107.release()
[02:41:49.032020] {Default Queue} wl_buffer#89.release()
[02:41:49.038104] {Display Queue} wl_display#1.delete_id(102)
[02:41:49.038112] {Display Queue} wl_display#1.delete_id(128)
[02:41:49.038113] {Display Queue} wl_display#1.delete_id(114)
[02:41:49.038114] {Display Queue} wl_display#1.delete_id(98)
[02:41:49.038115] {Display Queue} wl_display#1.delete_id(113)
[02:41:49.038116] {Display Queue} wl_display#1.delete_id(127)
[02:41:49.038116] {Default Queue} wl_callback#102.done(46765695)
[02:41:49.038123] {Default Queue} wl_callback#128.done(46765695)
[02:41:49.038125] {Default Queue} wl_callback#114.done(46765695)
[02:41:49.038130] {Default Queue} wp_presentation_feedback#98.sync_output(wl_output#66)
[02:41:49.038132] {Default Queue} wp_presentation_feedback#98.sync_output(wl_output#31)
[02:41:49.038133] {Default Queue} wp_presentation_feedback#98.presented(0, 46765, 695966887, 0, 0, 0, 0)
[02:41:49.038136] {Default Queue} wp_presentation_feedback#113.sync_output(wl_output#66)
[02:41:49.038137] {Default Queue} wp_presentation_feedback#113.sync_output(wl_output#31)
[02:41:49.038138] {Default Queue} wp_presentation_feedback#113.presented(0, 46765, 695966887, 0, 0, 0, 0)
[02:41:49.038141] {Default Queue} wp_presentation_feedback#127.sync_output(wl_output#66)
[02:41:49.038142] {Default Queue} wp_presentation_feedback#127.sync_output(wl_output#31)
[02:41:49.038143] {Default Queue} wp_presentation_feedback#127.presented(0, 46765, 695966887, 0, 0, 0, 0)
[02:41:49.038816]  -> wl_surface#125.attach(wl_buffer#116, 0, 0)
[02:41:49.038820]  -> wl_surface#125.damage_buffer(346, 86, 588, 62)
[02:41:49.038822]  -> wl_surface#125.frame(new id wl_callback#127)
[02:41:49.038824] {Default Queue}  -> wp_presentation#23.feedback(wl_surface#125, new id wp_presentation_feedback#113)
[02:41:49.038825]  -> wl_surface#125.commit()
[02:41:49.038847] {Display Queue} wl_display#1.delete_id(103)
[02:41:49.038848] {Display Queue} wl_display#1.delete_id(108)
[02:41:49.038849] {Default Queue} wl_callback#103.done(46765696)
[02:41:49.038851] {Default Queue} wp_presentation_feedback#108.sync_output(wl_output#67)
[02:41:49.038852] {Default Queue} wp_presentation_feedback#108.sync_output(wl_output#34)
[02:41:49.038853] {Default Queue} wp_presentation_feedback#108.presented(0, 46765, 696094789, 0, 0, 0, 0)
[02:41:49.038905] {Default Queue}  -> wl_compositor#4.create_region(new id wl_region#108)
[02:41:49.038907] {Default Queue}  -> wl_region#108.add(19, 4, 504, 1)
[02:41:49.038908] {Default Queue}  -> wl_region#108.add(576, 4, 128, 1)
[02:41:49.038909] {Default Queue}  -> wl_region#108.add(877, 4, 384, 1)
[02:41:49.038910] {Default Queue}  -> wl_region#108.add(17, 5, 508, 1)
[02:41:49.038910] {Default Queue}  -> wl_region#108.add(574, 5, 132, 1)
[02:41:49.038911] {Default Queue}  -> wl_region#108.add(875, 5, 388, 1)
[02:41:49.038912] {Default Queue}  -> wl_region#108.add(16, 6, 510, 1)
[02:41:49.038912] {Default Queue}  -> wl_region#108.add(573, 6, 134, 1)
[02:41:49.038913] {Default Queue}  -> wl_region#108.add(874, 6, 390, 1)
[02:41:49.038914] {Default Queue}  -> wl_region#108.add(15, 7, 512, 1)
[02:41:49.038914] {Default Queue}  -> wl_region#108.add(572, 7, 136, 1)
[02:41:49.038915] {Default Queue}  -> wl_region#108.add(873, 7, 392, 1)
[02:41:49.038916] {Default Queue}  -> wl_region#108.add(14, 8, 514, 1)
[02:41:49.038916] {Default Queue}  -> wl_region#108.add(571, 8, 138, 1)
[02:41:49.038917] {Default Queue}  -> wl_region#108.add(872, 8, 394, 1)
[02:41:49.038918] {Default Queue}  -> wl_region#108.add(13, 9, 516, 1)
[02:41:49.038918] {Default Queue}  -> wl_region#108.add(570, 9, 140, 1)
[02:41:49.038919] {Default Queue}  -> wl_region#108.add(871, 9, 396, 1)
[02:41:49.038919] {Default Queue}  -> wl_region#108.add(12, 10, 518, 2)
[02:41:49.038920] {Default Queue}  -> wl_region#108.add(569, 10, 142, 2)
[02:41:49.038921] {Default Queue}  -> wl_region#108.add(870, 10, 398, 2)
[02:41:49.038921] {Default Queue}  -> wl_region#108.add(11, 12, 520, 5)
[02:41:49.038922] {Default Queue}  -> wl_region#108.add(568, 12, 144, 5)
[02:41:49.038923] {Default Queue}  -> wl_region#108.add(869, 12, 400, 5)
[02:41:49.038923] {Default Queue}  -> wl_region#108.add(10, 17, 522, 14)
[02:41:49.038924] {Default Queue}  -> wl_region#108.add(567, 17, 146, 14)
[02:41:49.038925] {Default Queue}  -> wl_region#108.add(868, 17, 402, 14)
[02:41:49.038925] {Default Queue}  -> wl_region#108.add(11, 31, 520, 5)
[02:41:49.038926] {Default Queue}  -> wl_region#108.add(568, 31, 144, 5)
[02:41:49.038927] {Default Queue}  -> wl_region#108.add(869, 31, 400, 5)
[02:41:49.038927] {Default Queue}  -> wl_region#108.add(12, 36, 518, 2)
[02:41:49.038928] {Default Queue}  -> wl_region#108.add(569, 36, 142, 2)
[02:41:49.038929] {Default Queue}  -> wl_region#108.add(870, 36, 398, 2)
[02:41:49.038929] {Default Queue}  -> wl_region#108.add(13, 38, 516, 1)
[02:41:49.038930] {Default Queue}  -> wl_region#108.add(570, 38, 140, 1)
[02:41:49.038931] {Default Queue}  -> wl_region#108.add(871, 38, 396, 1)
[02:41:49.038931] {Default Queue}  -> wl_region#108.add(14, 39, 514, 1)
[02:41:49.038932] {Default Queue}  -> wl_region#108.add(571, 39, 138, 1)
[02:41:49.038932] {Default Queue}  -> wl_region#108.add(872, 39, 394, 1)
[02:41:49.038933] {Default Queue}  -> wl_region#108.add(15, 40, 512, 1)
[02:41:49.038934] {Default Queue}  -> wl_region#108.add(572, 40, 136, 1)
[02:41:49.038935] {Default Queue}  -> wl_region#108.add(873, 40, 392, 1)
[02:41:49.038935] {Default Queue}  -> wl_region#108.add(16, 41, 510, 1)
[02:41:49.038936] {Default Queue}  -> wl_region#108.add(573, 41, 134, 1)
[02:41:49.038937] {Default Queue}  -> wl_region#108.add(874, 41, 390, 1)
[02:41:49.038937] {Default Queue}  -> wl_region#108.add(17, 42, 508, 1)
[02:41:49.038938] {Default Queue}  -> wl_region#108.add(574, 42, 132, 1)
[02:41:49.038939] {Default Queue}  -> wl_region#108.add(875, 42, 388, 1)
[02:41:49.038940] {Default Queue}  -> wl_region#108.add(19, 43, 504, 1)
[02:41:49.038940] {Default Queue}  -> wl_region#108.add(576, 43, 128, 1)
[02:41:49.038941] {Default Queue}  -> wl_region#108.add(877, 43, 384, 1)
[02:41:49.038942]  -> wl_surface#73.set_input_region(wl_region#108)
[02:41:49.038943] {Default Queue}  -> wl_region#108.destroy()
[02:41:49.038944]  -> wl_surface#73.attach(wl_buffer#89, 0, 0)
[02:41:49.038945]  -> wl_surface#73.frame(new id wl_callback#103)
[02:41:49.038946] {Default Queue}  -> wp_presentation#23.feedback(wl_surface#73, new id wp_presentation_feedback#98)
[02:41:49.038947]  -> wl_surface#73.commit()
[02:41:49.038959] {Default Queue} wl_buffer#116.release()
[02:41:49.038985] {Display Queue} wl_display#1.delete_id(108)
[02:41:49.038986] {Default Queue} wl_buffer#89.release()
[02:41:49.054306] {Display Queue} wl_display#1.delete_id(127)
[02:41:49.054314] {Display Queue} wl_display#1.delete_id(113)
[02:41:49.054315] {Default Queue} wl_callback#127.done(46765712)
[02:41:49.054328] {Default Queue} wp_presentation_feedback#113.sync_output(wl_output#66)
[02:41:49.054330] {Default Queue} wp_presentation_feedback#113.sync_output(wl_output#31)
[02:41:49.054330] {Default Queue} wp_presentation_feedback#113.presented(0, 46765, 712176879, 0, 0, 0, 0)
[02:41:49.054827]  -> wl_surface#125.attach(wl_buffer#116, 0, 0)
[02:41:49.054830]  -> wl_surface#125.damage_buffer(346, 86, 588, 62)
[02:41:49.054832]  -> wl_surface#125.frame(new id wl_callback#113)
[02:41:49.054834] {Default Queue}  -> wp_presentation#23.feedback(wl_surface#125, new id wp_presentation_feedback#127)
[02:41:49.054836]  -> wl_surface#125.commit()
[02:41:49.054858] {Display Queue} wl_display#1.delete_id(103)
[02:41:49.054859] {Display Queue} wl_display#1.delete_id(98)
[02:41:49.054860] {Default Queue} wl_callback#103.done(46765712)
[02:41:49.054863] {Default Queue} wp_presentation_feedback#98.sync_output(wl_output#67)
[02:41:49.054865] {Default Queue} wp_presentation_feedback#98.sync_output(wl_output#34)
[02:41:49.054865] {Default Queue} wp_presentation_feedback#98.presented(0, 46765, 712258520, 0, 0, 0, 0)
[02:41:49.054924] {Default Queue} wl_buffer#116.release()
[02:41:49.070695] {Display Queue} wl_display#1.delete_id(113)
[02:41:49.070704] {Display Queue} wl_display#1.delete_id(127)
[02:41:49.070705] {Default Queue} wl_callback#113.done(46765728)
[02:41:49.070721] {Default Queue} wp_presentation_feedback#127.sync_output(wl_output#66)
[02:41:49.070722] {Default Queue} wp_presentation_feedback#127.sync_output(wl_output#31)
[02:41:49.070723] {Default Queue} wp_presentation_feedback#127.presented(0, 46765, 728557713, 0, 0, 0, 0)
[02:41:49.071197]  -> wl_surface#125.attach(wl_buffer#116, 0, 0)
[02:41:49.071210]  -> wl_surface#125.damage_buffer(346, 86, 588, 62)
[02:41:49.071212]  -> wl_surface#125.frame(new id wl_callback#127)
[02:41:49.071214] {Default Queue}  -> wp_presentation#23.feedback(wl_surface#125, new id wp_presentation_feedback#113)
[02:41:49.071216]  -> wl_surface#125.commit()
[02:41:49.071288] {Default Queue} wl_buffer#116.release()
[02:41:49.086795] {Display Queue} wl_display#1.delete_id(127)
[02:41:49.086800] {Display Queue} wl_display#1.delete_id(113)
[02:41:49.086801] {Default Queue} wl_callback#127.done(46765744)
[02:41:49.086806] {Default Queue} wp_presentation_feedback#113.sync_output(wl_output#66)
[02:41:49.086807] {Default Queue} wp_presentation_feedback#113.sync_output(wl_output#31)
[02:41:49.086808] {Default Queue} wp_presentation_feedback#113.presented(0, 46765, 744683944, 0, 0, 0, 0)
[02:41:49.087134]  -> wl_surface#125.attach(wl_buffer#116, 0, 0)
[02:41:49.087137]  -> wl_surface#125.damage_buffer(346, 86, 588, 62)
[02:41:49.087139]  -> wl_surface#125.frame(new id wl_callback#113)
[02:41:49.087140] {Default Queue}  -> wp_presentation#23.feedback(wl_surface#125, new id wp_presentation_feedback#127)
[02:41:49.087142]  -> wl_surface#125.commit()
[02:41:49.087191] {Default Queue} wl_buffer#116.release()
[02:41:49.102894] {Display Queue} wl_display#1.delete_id(113)
[02:41:49.102899] {Display Queue} wl_display#1.delete_id(127)
[02:41:49.102900] {Default Queue} wl_callback#113.done(46765760)
[02:41:49.102905] {Default Queue} wp_presentation_feedback#127.sync_output(wl_output#66)
[02:41:49.102906] {Default Queue} wp_presentation_feedback#127.sync_output(wl_output#31)
[02:41:49.102906] {Default Queue} wp_presentation_feedback#127.presented(0, 46765, 760785876, 0, 0, 0, 0)
[02:41:49.103179]  -> wl_surface#125.attach(wl_buffer#116, 0, 0)
[02:41:49.103182]  -> wl_surface#125.damage_buffer(346, 86, 588, 62)
[02:41:49.103184]  -> wl_surface#125.frame(new id wl_callback#127)
[02:41:49.103185] {Default Queue}  -> wp_presentation#23.feedback(wl_surface#125, new id wp_presentation_feedback#113)
[02:41:49.103186]  -> wl_surface#125.commit()
[02:41:49.103239] {Default Queue} wl_buffer#116.release()
[02:41:49.111199] {Default Queue}  -> zwlr_layer_surface_v1#78.set_exclusive_zone(80)
[02:41:49.111233] {Default Queue}  -> wl_buffer#100.destroy()
[02:41:49.111235] {Default Queue}  -> wl_shm_pool#99.destroy()
[02:41:49.111417] {Default Queue}  -> wl_shm#5.create_pool(new id wl_shm_pool#98, fd 18, 409600)
[02:41:49.111420] {Default Queue}  -> wl_shm_pool#98.create_buffer(new id wl_buffer#103, 0, 1280, 80, 5120, 0)
[02:41:49.111702] {Default Queue}  -> zwlr_layer_surface_v1#78.set_size(0, 80)
[02:41:49.111705] {Default Queue}  -> wl_compositor#4.create_region(new id wl_region#108)
[02:41:49.111706] {Default Queue}  -> wl_region#108.add(56, 27, 46, 26)
[02:41:49.111707]  -> wl_surface#74.set_opaque_region(wl_region#108)
[02:41:49.111708] {Default Queue}  -> wl_region#108.destroy()
[02:41:49.111710] {Default Queue}  -> wp_viewport#76.set_destination(1280, 80)
[02:41:49.111711]  -> wl_surface#74.attach(wl_buffer#103, 0, 0)
[02:41:49.111712]  -> wl_surface#74.damage_buffer(0, 0, 1280, 80)
[02:41:49.111713]  -> wl_surface#74.frame(new id wl_callback#114)
[02:41:49.111714] {Default Queue}  -> wp_presentation#23.feedback(wl_surface#74, new id wp_presentation_feedback#128)
[02:41:49.111715]  -> wl_surface#74.commit()
[02:41:49.111768] {Default Queue}  -> wl_compositor#49.create_region(new id wl_region#102)
[02:41:49.111791] {Default Queue}  -> wl_region#102.add(19, 4, 504, 1)
[02:41:49.111793] {Default Queue}  -> wl_region#102.add(576, 4, 128, 1)
[02:41:49.111794] {Default Queue}  -> wl_region#102.add(877, 4, 384, 1)
[02:41:49.111795] {Default Queue}  -> wl_region#102.add(17, 5, 508, 1)
[02:41:49.111795] {Default Queue}  -> wl_region#102.add(574, 5, 132, 1)
[02:41:49.111796] {Default Queue}  -> wl_region#102.add(875, 5, 388, 1)
[02:41:49.111797] {Default Queue}  -> wl_region#102.add(16, 6, 510, 1)
[02:41:49.111797] {Default Queue}  -> wl_region#102.add(573, 6, 134, 1)
[02:41:49.111798] {Default Queue}  -> wl_region#102.add(874, 6, 390, 1)
[02:41:49.111799] {Default Queue}  -> wl_region#102.add(15, 7, 512, 1)
[02:41:49.111800] {Default Queue}  -> wl_region#102.add(572, 7, 136, 1)
[02:41:49.111800] {Default Queue}  -> wl_region#102.add(873, 7, 392, 1)
[02:41:49.111801] {Default Queue}  -> wl_region#102.add(14, 8, 514, 1)
[02:41:49.111801] {Default Queue}  -> wl_region#102.add(571, 8, 138, 1)
[02:41:49.111802] {Default Queue}  -> wl_region#102.add(872, 8, 394, 1)
[02:41:49.111803] {Default Queue}  -> wl_region#102.add(13, 9, 516, 1)
[02:41:49.111803] {Default Queue}  -> wl_region#102.add(570, 9, 140, 1)
[02:41:49.111804] {Default Queue}  -> wl_region#102.add(871, 9, 396, 1)
[02:41:49.111805] {Default Queue}  -> wl_region#102.add(12, 10, 518, 2)
[02:41:49.111805] {Default Queue}  -> wl_region#102.add(569, 10, 142, 2)
[02:41:49.111806] {Default Queue}  -> wl_region#102.add(870, 10, 398, 2)
[02:41:49.111806] {Default Queue}  -> wl_region#102.add(11, 12, 520, 5)
[02:41:49.111807] {Default Queue}  -> wl_region#102.add(568, 12, 144, 5)
[02:41:49.111808] {Default Queue}  -> wl_region#102.add(869, 12, 400, 5)
[02:41:49.111808] {Default Queue}  -> wl_region#102.add(10, 17, 522, 46)
[02:41:49.111809] {Default Queue}  -> wl_region#102.add(567, 17, 146, 46)
[02:41:49.111810] {Default Queue}  -> wl_region#102.add(868, 17, 402, 46)
[02:41:49.111810] {Default Queue}  -> wl_region#102.add(11, 63, 520, 5)
[02:41:49.111811] {Default Queue}  -> wl_region#102.add(568, 63, 144, 5)
[02:41:49.111811] {Default Queue}  -> wl_region#102.add(869, 63, 400, 5)
[02:41:49.111812] {Default Queue}  -> wl_region#102.add(12, 68, 518, 2)
[02:41:49.111813] {Default Queue}  -> wl_region#102.add(569, 68, 142, 2)
[02:41:49.111813] {Default Queue}  -> wl_region#102.add(870, 68, 398, 2)
[02:41:49.111814] {Default Queue}  -> wl_region#102.add(13, 70, 516, 1)
[02:41:49.111814] {Default Queue}  -> wl_region#102.add(570, 70, 140, 1)
[02:41:49.111815] {Default Queue}  -> wl_region#102.add(871, 70, 396, 1)
[02:41:49.111816] {Default Queue}  -> wl_region#102.add(14, 71, 514, 1)
[02:41:49.111816] {Default Queue}  -> wl_region#102.add(571, 71, 138, 1)
[02:41:49.111817] {Default Queue}  -> wl_region#102.add(872, 71, 394, 1)
[02:41:49.111817] {Default Queue}  -> wl_region#102.add(15, 72, 512, 1)
[02:41:49.111818] {Default Queue}  -> wl_region#102.add(572, 72, 136, 1)
[02:41:49.111819] {Default Queue}  -> wl_region#102.add(873, 72, 392, 1)
[02:41:49.111819] {Default Queue}  -> wl_region#102.add(16, 73, 510, 1)
[02:41:49.111820] {Default Queue}  -> wl_region#102.add(573, 73, 134, 1)
[02:41:49.111821] {Default Queue}  -> wl_region#102.add(874, 73, 390, 1)
[02:41:49.111821] {Default Queue}  -> wl_region#102.add(17, 74, 508, 1)
[02:41:49.111822] {Default Queue}  -> wl_region#102.add(574, 74, 132, 1)
[02:41:49.111822] {Default Queue}  -> wl_region#102.add(875, 74, 388, 1)
[02:41:49.111823] {Default Queue}  -> wl_region#102.add(19, 75, 504, 1)
[02:41:49.111824] {Default Queue}  -> wl_region#102.add(576, 75, 128, 1)
[02:41:49.111824] {Default Queue}  -> wl_region#102.add(877, 75, 384, 1)
[02:41:49.111825] {Default Queue}  -> ext_background_effect_surface_v1#104.set_blur_region(wl_region#102)
[02:41:49.111826] {Default Queue}  -> wl_region#102.destroy()
[02:41:49.112178] {Display Queue} wl_display#1.delete_id(100)
[02:41:49.112180] {Display Queue} wl_display#1.delete_id(99)
[02:41:49.112181] {Display Queue} wl_display#1.delete_id(108)
[02:41:49.112182] {Display Queue} wl_display#1.delete_id(102)
[02:41:49.112182] {Default Queue} zwlr_layer_surface_v1#78.configure(121, 1280, 80)
[02:41:49.112185] {Default Queue}  -> zwlr_layer_surface_v1#78.ack_configure(121)
[02:41:49.112186] {Default Queue} zwlr_layer_surface_v1#72.configure(122, 1280, 720)
[02:41:49.112189] {Default Queue}  -> zwlr_layer_surface_v1#72.ack_configure(122)
[02:41:49.112190] {Default Queue} zwlr_layer_surface_v1#83.configure(123, 88, 2)
[02:41:49.112193] {Default Queue}  -> zwlr_layer_surface_v1#83.ack_configure(123)
[02:41:49.112194] {Default Queue} zwlr_layer_surface_v1#105.configure(124, 1280, 640)
[02:41:49.112195] {Default Queue}  -> zwlr_layer_surface_v1#105.ack_configure(124)
[02:41:49.112195] {Default Queue} wl_buffer#103.release()
[02:41:49.112205]  -> wl_surface#68.commit()
[02:41:49.112210]  -> wl_surface#79.commit()
info: event=launcher-results count=116 shown=116 publish_us=5429
[02:41:49.121131] {Display Queue} wl_display#1.delete_id(114)
[02:41:49.121135] {Display Queue} wl_display#1.delete_id(127)
[02:41:49.121136] {Display Queue} wl_display#1.delete_id(128)
[02:41:49.121137] {Display Queue} wl_display#1.delete_id(113)
[02:41:49.121137] {Default Queue} wl_callback#114.done(46765777)
[02:41:49.121141] {Default Queue} wl_callback#127.done(46765777)
[02:41:49.121143] {Default Queue} wp_presentation_feedback#128.sync_output(wl_output#66)
[02:41:49.121144] {Default Queue} wp_presentation_feedback#128.sync_output(wl_output#31)
[02:41:49.121144] {Default Queue} wp_presentation_feedback#128.presented(0, 46765, 777112179, 0, 0, 0, 0)
[02:41:49.121146] {Default Queue} wp_presentation_feedback#113.sync_output(wl_output#66)
[02:41:49.121147] {Default Queue} wp_presentation_feedback#113.sync_output(wl_output#31)
[02:41:49.121147] {Default Queue} wp_presentation_feedback#113.presented(0, 46765, 777112179, 0, 0, 0, 0)
[02:41:49.121201] {Default Queue}  -> wl_compositor#4.create_region(new id wl_region#113)
[02:41:49.121203] {Default Queue}  -> wl_region#113.add(19, 4, 504, 1)
[02:41:49.121204] {Default Queue}  -> wl_region#113.add(576, 4, 128, 1)
[02:41:49.121205] {Default Queue}  -> wl_region#113.add(877, 4, 384, 1)
[02:41:49.121206] {Default Queue}  -> wl_region#113.add(17, 5, 508, 1)
[02:41:49.121206] {Default Queue}  -> wl_region#113.add(574, 5, 132, 1)
[02:41:49.121207] {Default Queue}  -> wl_region#113.add(875, 5, 388, 1)
[02:41:49.121208] {Default Queue}  -> wl_region#113.add(16, 6, 510, 1)
[02:41:49.121208] {Default Queue}  -> wl_region#113.add(573, 6, 134, 1)
[02:41:49.121209] {Default Queue}  -> wl_region#113.add(874, 6, 390, 1)
[02:41:49.121210] {Default Queue}  -> wl_region#113.add(15, 7, 512, 1)
[02:41:49.121210] {Default Queue}  -> wl_region#113.add(572, 7, 136, 1)
[02:41:49.121211] {Default Queue}  -> wl_region#113.add(873, 7, 392, 1)
[02:41:49.121211] {Default Queue}  -> wl_region#113.add(14, 8, 514, 1)
[02:41:49.121212] {Default Queue}  -> wl_region#113.add(571, 8, 138, 1)
[02:41:49.121213] {Default Queue}  -> wl_region#113.add(872, 8, 394, 1)
[02:41:49.121213] {Default Queue}  -> wl_region#113.add(13, 9, 516, 1)
[02:41:49.121214] {Default Queue}  -> wl_region#113.add(570, 9, 140, 1)
[02:41:49.121215] {Default Queue}  -> wl_region#113.add(871, 9, 396, 1)
[02:41:49.121215] {Default Queue}  -> wl_region#113.add(12, 10, 518, 2)
[02:41:49.121216] {Default Queue}  -> wl_region#113.add(569, 10, 142, 2)
[02:41:49.121216] {Default Queue}  -> wl_region#113.add(870, 10, 398, 2)
[02:41:49.121217] {Default Queue}  -> wl_region#113.add(11, 12, 520, 5)
[02:41:49.121218] {Default Queue}  -> wl_region#113.add(568, 12, 144, 5)
[02:41:49.121218] {Default Queue}  -> wl_region#113.add(869, 12, 400, 5)
[02:41:49.121219] {Default Queue}  -> wl_region#113.add(10, 17, 522, 46)
[02:41:49.121220] {Default Queue}  -> wl_region#113.add(567, 17, 146, 46)
[02:41:49.121220] {Default Queue}  -> wl_region#113.add(868, 17, 402, 46)
[02:41:49.121221] {Default Queue}  -> wl_region#113.add(11, 63, 520, 5)
[02:41:49.121221] {Default Queue}  -> wl_region#113.add(568, 63, 144, 5)
[02:41:49.121222] {Default Queue}  -> wl_region#113.add(869, 63, 400, 5)
[02:41:49.121223] {Default Queue}  -> wl_region#113.add(12, 68, 518, 2)
[02:41:49.121223] {Default Queue}  -> wl_region#113.add(569, 68, 142, 2)
[02:41:49.121224] {Default Queue}  -> wl_region#113.add(870, 68, 398, 2)
[02:41:49.121225] {Default Queue}  -> wl_region#113.add(13, 70, 516, 1)
[02:41:49.121225] {Default Queue}  -> wl_region#113.add(570, 70, 140, 1)
[02:41:49.121226] {Default Queue}  -> wl_region#113.add(871, 70, 396, 1)
[02:41:49.121226] {Default Queue}  -> wl_region#113.add(14, 71, 514, 1)
[02:41:49.121227] {Default Queue}  -> wl_region#113.add(571, 71, 138, 1)
[02:41:49.121228] {Default Queue}  -> wl_region#113.add(872, 71, 394, 1)
[02:41:49.121228] {Default Queue}  -> wl_region#113.add(15, 72, 512, 1)
[02:41:49.121229] {Default Queue}  -> wl_region#113.add(572, 72, 136, 1)
[02:41:49.121229] {Default Queue}  -> wl_region#113.add(873, 72, 392, 1)
[02:41:49.121230] {Default Queue}  -> wl_region#113.add(16, 73, 510, 1)
[02:41:49.121231] {Default Queue}  -> wl_region#113.add(573, 73, 134, 1)
[02:41:49.121231] {Default Queue}  -> wl_region#113.add(874, 73, 390, 1)
[02:41:49.121232] {Default Queue}  -> wl_region#113.add(17, 74, 508, 1)
[02:41:49.121233] {Default Queue}  -> wl_region#113.add(574, 74, 132, 1)
[02:41:49.121233] {Default Queue}  -> wl_region#113.add(875, 74, 388, 1)
[02:41:49.121234] {Default Queue}  -> wl_region#113.add(19, 75, 504, 1)
[02:41:49.121234] {Default Queue}  -> wl_region#113.add(576, 75, 128, 1)
[02:41:49.121235] {Default Queue}  -> wl_region#113.add(877, 75, 384, 1)
[02:41:49.121236]  -> wl_surface#74.set_input_region(wl_region#113)
[02:41:49.121237] {Default Queue}  -> wl_region#113.destroy()
[02:41:49.121238]  -> wl_surface#74.attach(wl_buffer#103, 0, 0)
[02:41:49.121239]  -> wl_surface#74.frame(new id wl_callback#128)
[02:41:49.121240] {Default Queue}  -> wp_presentation#23.feedback(wl_surface#74, new id wp_presentation_feedback#127)
[02:41:49.121241]  -> wl_surface#74.commit()
[02:41:49.128750] {Default Queue}  -> wl_buffer#116.destroy()
[02:41:49.128754] {Default Queue}  -> wl_shm_pool#123.destroy()
[02:41:49.130868] {Default Queue}  -> wl_shm#5.create_pool(new id wl_shm_pool#114, fd 18, 3276800)
[02:41:49.130873] {Default Queue}  -> wl_shm_pool#114.create_buffer(new id wl_buffer#102, 0, 1280, 640, 5120, 0)
[02:41:49.131743] {Default Queue}  -> wl_compositor#4.create_region(new id wl_region#108)
[02:41:49.131745] {Default Queue}  -> wl_region#108.add(365, 142, 550, 62)
[02:41:49.131747]  -> wl_surface#125.set_opaque_region(wl_region#108)
[02:41:49.131748] {Default Queue}  -> wl_region#108.destroy()
[02:41:49.131749] {Default Queue}  -> wp_viewport#122.set_destination(1280, 640)
[02:41:49.131750]  -> wl_surface#125.attach(wl_buffer#102, 0, 0)
[02:41:49.131751]  -> wl_surface#125.damage_buffer(0, 0, 1280, 640)
[02:41:49.131752]  -> wl_surface#125.frame(new id wl_callback#99)
[02:41:49.131753] {Default Queue}  -> wp_presentation#23.feedback(wl_surface#125, new id wp_presentation_feedback#100)
[02:41:49.131755]  -> wl_surface#125.commit()
[02:41:49.131769] {Default Queue}  -> wl_compositor#49.create_region(new id wl_region#120)
[02:41:49.131802] {Default Queue}  -> wl_region#120.add(339, 20, 602, 1)
[02:41:49.131804] {Default Queue}  -> wl_region#120.add(337, 21, 606, 1)
[02:41:49.131805] {Default Queue}  -> wl_region#120.add(336, 22, 608, 1)
[02:41:49.131806] {Default Queue}  -> wl_region#120.add(335, 23, 610, 1)
[02:41:49.131808] {Default Queue}  -> wl_region#120.add(334, 24, 612, 1)
[02:41:49.131809] {Default Queue}  -> wl_region#120.add(333, 25, 614, 1)
[02:41:49.131810] {Default Queue}  -> wl_region#120.add(332, 26, 616, 2)
[02:41:49.131811] {Default Queue}  -> wl_region#120.add(331, 28, 618, 5)
[02:41:49.131812] {Default Queue}  -> wl_region#120.add(330, 33, 620, 574)
[02:41:49.131813] {Default Queue}  -> wl_region#120.add(331, 607, 618, 5)
[02:41:49.131814] {Default Queue}  -> wl_region#120.add(332, 612, 616, 2)
[02:41:49.131815] {Default Queue}  -> wl_region#120.add(333, 614, 614, 1)
[02:41:49.131816] {Default Queue}  -> wl_region#120.add(334, 615, 612, 1)
[02:41:49.131817] {Default Queue}  -> wl_region#120.add(335, 616, 610, 1)
[02:41:49.131818] {Default Queue}  -> wl_region#120.add(336, 617, 608, 1)
[02:41:49.131819] {Default Queue}  -> wl_region#120.add(337, 618, 606, 1)
[02:41:49.131820] {Default Queue}  -> wl_region#120.add(339, 619, 602, 1)
[02:41:49.131821] {Default Queue}  -> ext_background_effect_surface_v1#97.set_blur_region(wl_region#120)
[02:41:49.131822] {Default Queue}  -> wl_region#120.destroy()
info: event=launcher-painted latency_us=16173
[02:41:49.131940]  -> wl_surface#79.attach(wl_buffer#107, 0, 0)
[02:41:49.131943]  -> wl_surface#79.frame(new id wl_callback#124)
[02:41:49.131944] {Default Queue}  -> wp_presentation#23.feedback(wl_surface#79, new id wp_presentation_feedback#126)
[02:41:49.131946]  -> wl_surface#79.commit()
[02:41:49.132757] {Display Queue} wl_display#1.delete_id(113)
[02:41:49.132760] {Display Queue} wl_display#1.delete_id(116)
[02:41:49.132761] {Display Queue} wl_display#1.delete_id(123)
[02:41:49.132762] {Display Queue} wl_display#1.delete_id(108)
[02:41:49.132762] {Display Queue} wl_display#1.delete_id(120)
[02:41:49.132763] {Default Queue} wl_buffer#103.release()
[02:41:49.132764] {Default Queue} wl_buffer#102.release()
[02:41:49.132769] {Default Queue} wl_buffer#107.release()
[02:41:49.136095] {Display Queue} wl_display#1.delete_id(128)
[02:41:49.136100] {Display Queue} wl_display#1.delete_id(124)
[02:41:49.136101] {Display Queue} wl_display#1.delete_id(99)
[02:41:49.136102] {Display Queue} wl_display#1.delete_id(127)
[02:41:49.136102] {Display Queue} wl_display#1.delete_id(126)
[02:41:49.136103] {Display Queue} wl_display#1.delete_id(100)
[02:41:49.136103] {Default Queue} wl_callback#128.done(46765793)
[02:41:49.136106] {Default Queue} wl_callback#124.done(46765793)
[02:41:49.136107] {Default Queue} wl_callback#99.done(46765793)
[02:41:49.136109] {Default Queue} wp_presentation_feedback#127.sync_output(wl_output#66)
[02:41:49.136110] {Default Queue} wp_presentation_feedback#127.sync_output(wl_output#31)
[02:41:49.136111] {Default Queue} wp_presentation_feedback#127.presented(0, 46765, 793984627, 0, 0, 0, 0)
[02:41:49.136113] {Default Queue} wp_presentation_feedback#126.sync_output(wl_output#66)
[02:41:49.136113] {Default Queue} wp_presentation_feedback#126.sync_output(wl_output#31)
[02:41:49.136114] {Default Queue} wp_presentation_feedback#126.presented(0, 46765, 793984627, 0, 0, 0, 0)
[02:41:49.136115] {Default Queue} wp_presentation_feedback#100.sync_output(wl_output#66)
[02:41:49.136116] {Default Queue} wp_presentation_feedback#100.sync_output(wl_output#31)
[02:41:49.136117] {Default Queue} wp_presentation_feedback#100.presented(0, 46765, 793984627, 0, 0, 0, 0)
[02:41:49.136444]  -> wl_surface#125.attach(wl_buffer#102, 0, 0)
[02:41:49.136446]  -> wl_surface#125.damage_buffer(346, 70, 588, 62)
[02:41:49.136448]  -> wl_surface#125.frame(new id wl_callback#100)
[02:41:49.136449] {Default Queue}  -> wp_presentation#23.feedback(wl_surface#125, new id wp_presentation_feedback#126)
[02:41:49.136450]  -> wl_surface#125.commit()
[02:41:49.136534] {Default Queue} wl_buffer#102.release()
[02:41:49.152341] {Display Queue} wl_display#1.delete_id(100)
[02:41:49.152346] {Display Queue} wl_display#1.delete_id(126)
[02:41:49.152347] {Default Queue} wl_callback#100.done(46765810)
[02:41:49.152352] {Default Queue} wp_presentation_feedback#126.sync_output(wl_output#66)
[02:41:49.152354] {Default Queue} wp_presentation_feedback#126.sync_output(wl_output#31)
[02:41:49.152355] {Default Queue} wp_presentation_feedback#126.presented(0, 46765, 810229450, 0, 0, 0, 0)
[02:41:49.152670]  -> wl_surface#125.attach(wl_buffer#102, 0, 0)
[02:41:49.152673]  -> wl_surface#125.damage_buffer(346, 70, 588, 62)
[02:41:49.152675]  -> wl_surface#125.frame(new id wl_callback#126)
[02:41:49.152677] {Default Queue}  -> wp_presentation#23.feedback(wl_surface#125, new id wp_presentation_feedback#100)
[02:41:49.152679]  -> wl_surface#125.commit()
[02:41:49.152739] {Default Queue} wl_buffer#102.release()
[02:41:49.168554] {Display Queue} wl_display#1.delete_id(126)
[02:41:49.168559] {Display Queue} wl_display#1.delete_id(100)
[02:41:49.168560] {Default Queue} wl_callback#126.done(46765826)
[02:41:49.168565] {Default Queue} wp_presentation_feedback#100.sync_output(wl_output#66)
[02:41:49.168566] {Default Queue} wp_presentation_feedback#100.sync_output(wl_output#31)
[02:41:49.168567] {Default Queue} wp_presentation_feedback#100.presented(0, 46765, 826444892, 0, 0, 0, 0)
[02:41:49.168824]  -> wl_surface#125.attach(wl_buffer#102, 0, 0)
[02:41:49.168828]  -> wl_surface#125.damage_buffer(346, 70, 588, 62)
[02:41:49.168829]  -> wl_surface#125.frame(new id wl_callback#100)
[02:41:49.168831] {Default Queue}  -> wp_presentation#23.feedback(wl_surface#125, new id wp_presentation_feedback#126)
[02:41:49.168832]  -> wl_surface#125.commit()
[02:41:49.168897] {Default Queue} wl_buffer#102.release()
[02:41:49.184803] {Display Queue} wl_display#1.delete_id(100)
[02:41:49.184809] {Display Queue} wl_display#1.delete_id(126)
[02:41:49.184811] {Default Queue} wl_callback#100.done(46765842)
[02:41:49.184817] {Default Queue} wp_presentation_feedback#126.sync_output(wl_output#66)
[02:41:49.184819] {Default Queue} wp_presentation_feedback#126.sync_output(wl_output#31)
[02:41:49.184820] {Default Queue} wp_presentation_feedback#126.presented(0, 46765, 842691864, 0, 0, 0, 0)
[02:41:49.185142]  -> wl_surface#125.attach(wl_buffer#102, 0, 0)
[02:41:49.185147]  -> wl_surface#125.damage_buffer(346, 70, 588, 62)
[02:41:49.185149]  -> wl_surface#125.frame(new id wl_callback#126)
[02:41:49.185151] {Default Queue}  -> wp_presentation#23.feedback(wl_surface#125, new id wp_presentation_feedback#100)
[02:41:49.185153]  -> wl_surface#125.commit()
[02:41:49.185224] {Default Queue} wl_buffer#102.release()
[02:41:49.201032] {Display Queue} wl_display#1.delete_id(126)
[02:41:49.201036] {Display Queue} wl_display#1.delete_id(100)
[02:41:49.201037] {Default Queue} wl_callback#126.done(46765858)
[02:41:49.201042] {Default Queue} wp_presentation_feedback#100.sync_output(wl_output#66)
[02:41:49.201043] {Default Queue} wp_presentation_feedback#100.sync_output(wl_output#31)
[02:41:49.201044] {Default Queue} wp_presentation_feedback#100.presented(0, 46765, 858923637, 0, 0, 0, 0)
[02:41:49.201306]  -> wl_surface#125.attach(wl_buffer#102, 0, 0)
[02:41:49.201309]  -> wl_surface#125.damage_buffer(346, 70, 588, 62)
[02:41:49.201310]  -> wl_surface#125.frame(new id wl_callback#100)
[02:41:49.201311] {Default Queue}  -> wp_presentation#23.feedback(wl_surface#125, new id wp_presentation_feedback#126)
[02:41:49.201313]  -> wl_surface#125.commit()
[02:41:49.201373] {Default Queue} wl_buffer#102.release()
[02:41:49.217260] {Display Queue} wl_display#1.delete_id(100)
[02:41:49.217264] {Display Queue} wl_display#1.delete_id(126)
[02:41:49.217265] {Default Queue} wl_callback#100.done(46765875)
[02:41:49.217270] {Default Queue} wp_presentation_feedback#126.sync_output(wl_output#66)
[02:41:49.217271] {Default Queue} wp_presentation_feedback#126.sync_output(wl_output#31)
[02:41:49.217272] {Default Queue} wp_presentation_feedback#126.presented(0, 46765, 875151589, 0, 0, 0, 0)
[02:41:49.217515]  -> wl_surface#125.attach(wl_buffer#102, 0, 0)
[02:41:49.217519]  -> wl_surface#125.damage_buffer(346, 70, 588, 62)
[02:41:49.217520]  -> wl_surface#125.frame(new id wl_callback#126)
[02:41:49.217521] {Default Queue}  -> wp_presentation#23.feedback(wl_surface#125, new id wp_presentation_feedback#100)
[02:41:49.217523]  -> wl_surface#125.commit()
[02:41:49.217570] {Default Queue} wl_buffer#102.release()
[02:41:49.233473] {Display Queue} wl_display#1.delete_id(126)
[02:41:49.233478] {Display Queue} wl_display#1.delete_id(100)
[02:41:49.233479] {Default Queue} wl_callback#126.done(46765891)
[02:41:49.233483] {Default Queue} wp_presentation_feedback#100.sync_output(wl_output#66)
[02:41:49.233484] {Default Queue} wp_presentation_feedback#100.sync_output(wl_output#31)
[02:41:49.233485] {Default Queue} wp_presentation_feedback#100.presented(0, 46765, 891364221, 0, 0, 0, 0)
[02:41:49.233726]  -> wl_surface#125.attach(wl_buffer#102, 0, 0)
[02:41:49.233729]  -> wl_surface#125.damage_buffer(346, 70, 588, 62)
[02:41:49.233730]  -> wl_surface#125.frame(new id wl_callback#100)
[02:41:49.233732] {Default Queue}  -> wp_presentation#23.feedback(wl_surface#125, new id wp_presentation_feedback#126)
[02:41:49.233733]  -> wl_surface#125.commit()
[02:41:49.233778] {Default Queue} wl_buffer#102.release()
[02:41:49.249689] {Display Queue} wl_display#1.delete_id(100)
[02:41:49.249694] {Display Queue} wl_display#1.delete_id(126)
[02:41:49.249694] {Default Queue} wl_callback#100.done(46765907)
[02:41:49.249699] {Default Queue} wp_presentation_feedback#126.sync_output(wl_output#66)
[02:41:49.249700] {Default Queue} wp_presentation_feedback#126.sync_output(wl_output#31)
[02:41:49.249701] {Default Queue} wp_presentation_feedback#126.presented(0, 46765, 907580923, 0, 0, 0, 0)
[02:41:49.249936]  -> wl_surface#125.attach(wl_buffer#102, 0, 0)
[02:41:49.249939]  -> wl_surface#125.damage_buffer(346, 70, 588, 62)
[02:41:49.249940]  -> wl_surface#125.frame(new id wl_callback#126)
[02:41:49.249942] {Default Queue}  -> wp_presentation#23.feedback(wl_surface#125, new id wp_presentation_feedback#100)
[02:41:49.249943]  -> wl_surface#125.commit()
[02:41:49.249990] {Default Queue} wl_buffer#102.release()
[02:41:49.265909] {Display Queue} wl_display#1.delete_id(126)
[02:41:49.265913] {Display Queue} wl_display#1.delete_id(100)
[02:41:49.265915] {Default Queue} wl_callback#126.done(46765923)
[02:41:49.265919] {Default Queue} wp_presentation_feedback#100.sync_output(wl_output#66)
[02:41:49.265920] {Default Queue} wp_presentation_feedback#100.sync_output(wl_output#31)
[02:41:49.265921] {Default Queue} wp_presentation_feedback#100.presented(0, 46765, 923800725, 0, 0, 0, 0)
[02:41:49.266333]  -> wl_surface#125.attach(wl_buffer#102, 0, 0)
[02:41:49.266342]  -> wl_surface#125.damage_buffer(346, 70, 588, 62)
[02:41:49.266344]  -> wl_surface#125.frame(new id wl_callback#100)
[02:41:49.266347] {Default Queue}  -> wp_presentation#23.feedback(wl_surface#125, new id wp_presentation_feedback#126)
[02:41:49.266351]  -> wl_surface#125.commit()
[02:41:49.266475] {Default Queue} wl_buffer#102.release()
[02:41:49.282143] {Display Queue} wl_display#1.delete_id(100)
[02:41:49.282147] {Display Queue} wl_display#1.delete_id(126)
[02:41:49.282148] {Default Queue} wl_callback#100.done(46765940)
[02:41:49.282153] {Default Queue} wp_presentation_feedback#126.sync_output(wl_output#66)
[02:41:49.282154] {Default Queue} wp_presentation_feedback#126.sync_output(wl_output#31)
[02:41:49.282155] {Default Queue} wp_presentation_feedback#126.presented(0, 46765, 940033098, 0, 0, 0, 0)
[02:41:49.282419]  -> wl_surface#125.attach(wl_buffer#102, 0, 0)
[02:41:49.282422]  -> wl_surface#125.damage_buffer(346, 70, 588, 62)
[02:41:49.282423]  -> wl_surface#125.frame(new id wl_callback#126)
[02:41:49.282424] {Default Queue}  -> wp_presentation#23.feedback(wl_surface#125, new id wp_presentation_feedback#100)
[02:41:49.282426]  -> wl_surface#125.commit()
[02:41:49.282487] {Default Queue} wl_buffer#102.release()
[02:41:49.298380] {Display Queue} wl_display#1.delete_id(126)
[02:41:49.298384] {Display Queue} wl_display#1.delete_id(100)
[02:41:49.298385] {Default Queue} wl_callback#126.done(46765956)
[02:41:49.298390] {Default Queue} wp_presentation_feedback#100.sync_output(wl_output#66)
[02:41:49.298391] {Default Queue} wp_presentation_feedback#100.sync_output(wl_output#31)
[02:41:49.298392] {Default Queue} wp_presentation_feedback#100.presented(0, 46765, 956270280, 0, 0, 0, 0)
[02:41:49.298683]  -> wl_surface#125.attach(wl_buffer#102, 0, 0)
[02:41:49.298686]  -> wl_surface#125.damage_buffer(346, 70, 588, 62)
[02:41:49.298687]  -> wl_surface#125.frame(new id wl_callback#100)
[02:41:49.298689] {Default Queue}  -> wp_presentation#23.feedback(wl_surface#125, new id wp_presentation_feedback#126)
[02:41:49.298690]  -> wl_surface#125.commit()
[02:41:49.298745] {Default Queue} wl_buffer#102.release()
[02:41:49.314577] {Display Queue} wl_display#1.delete_id(100)
[02:41:49.314581] {Display Queue} wl_display#1.delete_id(126)
[02:41:49.314582] {Default Queue} wl_callback#100.done(46765972)
[02:41:49.314587] {Default Queue} wp_presentation_feedback#126.sync_output(wl_output#66)
[02:41:49.314588] {Default Queue} wp_presentation_feedback#126.sync_output(wl_output#31)
[02:41:49.314589] {Default Queue} wp_presentation_feedback#126.presented(0, 46765, 972465672, 0, 0, 0, 0)
[02:41:49.314833]  -> wl_surface#125.attach(wl_buffer#102, 0, 0)
[02:41:49.314836]  -> wl_surface#125.damage_buffer(346, 70, 588, 62)
[02:41:49.314838]  -> wl_surface#125.frame(new id wl_callback#126)
[02:41:49.314839] {Default Queue}  -> wp_presentation#23.feedback(wl_surface#125, new id wp_presentation_feedback#100)
[02:41:49.314840]  -> wl_surface#125.commit()
[02:41:49.314898] {Default Queue} wl_buffer#102.release()
[02:41:49.330779] {Display Queue} wl_display#1.delete_id(126)
[02:41:49.330784] {Display Queue} wl_display#1.delete_id(100)
[02:41:49.330786] {Default Queue} wl_callback#126.done(46765988)
[02:41:49.330792] {Default Queue} wp_presentation_feedback#100.sync_output(wl_output#66)
[02:41:49.330793] {Default Queue} wp_presentation_feedback#100.sync_output(wl_output#31)
[02:41:49.330794] {Default Queue} wp_presentation_feedback#100.presented(0, 46765, 988665694, 0, 0, 0, 0)
[02:41:49.473531] {Default Queue}  -> ext_background_effect_surface_v1#97.destroy()
[02:41:49.473637] {Default Queue}  -> zwlr_layer_surface_v1#105.destroy()
[02:41:49.473641]  -> wl_surface#125.attach(nil, 0, 0)
[02:41:49.473643]  -> wl_surface#125.commit()
[02:41:49.473681] {Default Queue}  -> wl_buffer#102.destroy()
[02:41:49.473682] {Default Queue}  -> wl_shm_pool#114.destroy()
[02:41:49.474118] {Default Queue}  -> wp_viewport#122.destroy()
[02:41:49.474120] {Default Queue}  -> wp_fractional_scale_v1#101.destroy()
[02:41:49.474121]  -> wl_surface#125.destroy()
[02:41:49.474135] {Default Queue}  -> xdg_toplevel_icon_v1#117.destroy()
info: event=popup-closed
[02:41:49.478066] {Display Queue} wl_display#1.delete_id(97)
[02:41:49.478071] {Display Queue} wl_display#1.delete_id(105)
[02:41:49.478075] {Display Queue} wl_display#1.delete_id(102)
[02:41:49.478075] {Display Queue} wl_display#1.delete_id(114)
[02:41:49.478076] {Display Queue} wl_display#1.delete_id(122)
[02:41:49.478076] {Display Queue} wl_display#1.delete_id(101)
[02:41:49.478077] {Display Queue} wl_display#1.delete_id(125)
[02:41:49.478077] {Display Queue} wl_display#1.delete_id(117)
[02:41:49.478078] {Default Queue} zwlr_layer_surface_v1#78.configure(127, 1280, 80)
[02:41:49.478088] {Default Queue}  -> zwlr_layer_surface_v1#78.ack_configure(127)
[02:41:49.478090] {Default Queue} zwlr_layer_surface_v1#72.configure(128, 1280, 720)
[02:41:49.478092] {Default Queue}  -> zwlr_layer_surface_v1#72.ack_configure(128)
[02:41:49.478093] {Default Queue} zwlr_layer_surface_v1#83.configure(129, 88, 2)
[02:41:49.478101] {Default Queue}  -> zwlr_layer_surface_v1#83.ack_configure(129)
[02:41:49.478203]  -> wl_surface#74.commit()
[02:41:49.478217]  -> wl_surface#68.commit()
[02:41:49.478222]  -> wl_surface#79.commit()
[02:41:49.479137]  -> wl_surface#73.attach(wl_buffer#89, 0, 0)
[02:41:49.479142]  -> wl_surface#73.damage_buffer(4, 4, 555, 40)
[02:41:49.479144]  -> wl_surface#73.frame(new id wl_callback#117)
[02:41:49.479147] {Default Queue}  -> wp_presentation#23.feedback(wl_surface#73, new id wp_presentation_feedback#125)
[02:41:49.479150]  -> wl_surface#73.commit()
[02:41:49.479192] {Default Queue}  -> wl_compositor#49.create_region(new id wl_region#101)
[02:41:49.479206] {Default Queue}  -> wl_region#101.add(19, 4, 525, 1)
[02:41:49.479208] {Default Queue}  -> wl_region#101.add(576, 4, 128, 1)
[02:41:49.479209] {Default Queue}  -> wl_region#101.add(877, 4, 384, 1)
[02:41:49.479209] {Default Queue}  -> wl_region#101.add(17, 5, 529, 1)
[02:41:49.479210] {Default Queue}  -> wl_region#101.add(574, 5, 132, 1)
[02:41:49.479211] {Default Queue}  -> wl_region#101.add(875, 5, 388, 1)
[02:41:49.479211] {Default Queue}  -> wl_region#101.add(16, 6, 531, 1)
[02:41:49.479212] {Default Queue}  -> wl_region#101.add(573, 6, 134, 1)
[02:41:49.479213] {Default Queue}  -> wl_region#101.add(874, 6, 390, 1)
[02:41:49.479213] {Default Queue}  -> wl_region#101.add(15, 7, 533, 1)
[02:41:49.479214] {Default Queue}  -> wl_region#101.add(572, 7, 136, 1)
[02:41:49.479215] {Default Queue}  -> wl_region#101.add(873, 7, 392, 1)
[02:41:49.479215] {Default Queue}  -> wl_region#101.add(14, 8, 535, 1)
[02:41:49.479216] {Default Queue}  -> wl_region#101.add(571, 8, 138, 1)
[02:41:49.479217] {Default Queue}  -> wl_region#101.add(872, 8, 394, 1)
[02:41:49.479217] {Default Queue}  -> wl_region#101.add(13, 9, 537, 1)
[02:41:49.479218] {Default Queue}  -> wl_region#101.add(570, 9, 140, 1)
[02:41:49.479219] {Default Queue}  -> wl_region#101.add(871, 9, 396, 1)
[02:41:49.479219] {Default Queue}  -> wl_region#101.add(12, 10, 539, 2)
[02:41:49.479220] {Default Queue}  -> wl_region#101.add(569, 10, 142, 2)
[02:41:49.479220] {Default Queue}  -> wl_region#101.add(870, 10, 398, 2)
[02:41:49.479221] {Default Queue}  -> wl_region#101.add(11, 12, 541, 5)
[02:41:49.479222] {Default Queue}  -> wl_region#101.add(568, 12, 144, 5)
[02:41:49.479222] {Default Queue}  -> wl_region#101.add(869, 12, 400, 5)
[02:41:49.479223] {Default Queue}  -> wl_region#101.add(10, 17, 543, 14)
[02:41:49.479223] {Default Queue}  -> wl_region#101.add(567, 17, 146, 14)
[02:41:49.479224] {Default Queue}  -> wl_region#101.add(868, 17, 402, 14)
[02:41:49.479225] {Default Queue}  -> wl_region#101.add(11, 31, 541, 5)
[02:41:49.479225] {Default Queue}  -> wl_region#101.add(568, 31, 144, 5)
[02:41:49.479226] {Default Queue}  -> wl_region#101.add(869, 31, 400, 5)
[02:41:49.479226] {Default Queue}  -> wl_region#101.add(12, 36, 539, 2)
[02:41:49.479227] {Default Queue}  -> wl_region#101.add(569, 36, 142, 2)
[02:41:49.479228] {Default Queue}  -> wl_region#101.add(870, 36, 398, 2)
[02:41:49.479228] {Default Queue}  -> wl_region#101.add(13, 38, 537, 1)
[02:41:49.479229] {Default Queue}  -> wl_region#101.add(570, 38, 140, 1)
[02:41:49.479229] {Default Queue}  -> wl_region#101.add(871, 38, 396, 1)
[02:41:49.479230] {Default Queue}  -> wl_region#101.add(14, 39, 535, 1)
[02:41:49.479231] {Default Queue}  -> wl_region#101.add(571, 39, 138, 1)
[02:41:49.479231] {Default Queue}  -> wl_region#101.add(872, 39, 394, 1)
[02:41:49.479232] {Default Queue}  -> wl_region#101.add(15, 40, 533, 1)
[02:41:49.479233] {Default Queue}  -> wl_region#101.add(572, 40, 136, 1)
[02:41:49.479233] {Default Queue}  -> wl_region#101.add(873, 40, 392, 1)
[02:41:49.479234] {Default Queue}  -> wl_region#101.add(16, 41, 531, 1)
[02:41:49.479234] {Default Queue}  -> wl_region#101.add(573, 41, 134, 1)
[02:41:49.479235] {Default Queue}  -> wl_region#101.add(874, 41, 390, 1)
[02:41:49.479236] {Default Queue}  -> wl_region#101.add(17, 42, 529, 1)
[02:41:49.479236] {Default Queue}  -> wl_region#101.add(574, 42, 132, 1)
[02:41:49.479237] {Default Queue}  -> wl_region#101.add(875, 42, 388, 1)
[02:41:49.479237] {Default Queue}  -> wl_region#101.add(19, 43, 525, 1)
[02:41:49.479238] {Default Queue}  -> wl_region#101.add(576, 43, 128, 1)
[02:41:49.479239] {Default Queue}  -> wl_region#101.add(877, 43, 384, 1)
[02:41:49.479240] {Default Queue}  -> ext_background_effect_surface_v1#118.set_blur_region(wl_region#101)
[02:41:49.479241] {Default Queue}  -> wl_region#101.destroy()
info(pearl): event=stopping reason=control-quit pending=false
[02:41:49.479853] {Default Queue}  -> zwlr_layer_surface_v1#83.destroy()
[02:41:49.479857]  -> wl_surface#79.attach(nil, 0, 0)
[02:41:49.479859]  -> wl_surface#79.commit()
[02:41:49.479866] {Default Queue}  -> wl_buffer#107.destroy()
[02:41:49.479867] {Default Queue}  -> wl_shm_pool#106.destroy()
[02:41:49.479880] {Default Queue}  -> wp_viewport#81.destroy()
[02:41:49.479881] {Default Queue}  -> wp_fractional_scale_v1#80.destroy()
[02:41:49.479882]  -> wl_surface#79.destroy()
[02:41:49.479891] {Default Queue}  -> xdg_toplevel_icon_v1#82.destroy()
[02:41:49.479917] {Default Queue}  -> zwlr_layer_surface_v1#72.destroy()
[02:41:49.479919]  -> wl_surface#68.attach(nil, 0, 0)
[02:41:49.479920]  -> wl_surface#68.commit()
[02:41:49.479930] {Default Queue}  -> wl_buffer#95.destroy()
[02:41:49.479931] {Default Queue}  -> wl_shm_pool#94.destroy()
[02:41:49.480006] {Default Queue}  -> wp_viewport#70.destroy()
[02:41:49.480007] {Default Queue}  -> wp_fractional_scale_v1#69.destroy()
[02:41:49.480008]  -> wl_surface#68.destroy()
[02:41:49.480013] {Default Queue}  -> xdg_toplevel_icon_v1#71.destroy()
[02:41:49.480162] {Default Queue}  -> ext_background_effect_surface_v1#104.destroy()
[02:41:49.480167] {Default Queue}  -> zwlr_layer_surface_v1#78.destroy()
[02:41:49.480168]  -> wl_surface#74.attach(nil, 0, 0)
[02:41:49.480169]  -> wl_surface#74.commit()
[02:41:49.480177] {Default Queue}  -> wl_buffer#103.destroy()
[02:41:49.480178] {Default Queue}  -> wl_shm_pool#98.destroy()
[02:41:49.480215] {Default Queue}  -> wp_viewport#76.destroy()
[02:41:49.480217] {Default Queue}  -> wp_fractional_scale_v1#75.destroy()
[02:41:49.480217]  -> wl_surface#74.destroy()
[02:41:49.480225] {Default Queue}  -> xdg_toplevel_icon_v1#77.destroy()
[02:41:49.480805] {Default Queue}  -> zwlr_layer_surface_v1#88.destroy()
[02:41:49.480810]  -> wl_surface#84.attach(nil, 0, 0)
[02:41:49.480811]  -> wl_surface#84.commit()
[02:41:49.480818] {Default Queue}  -> wl_buffer#111.destroy()
[02:41:49.480819] {Default Queue}  -> wl_shm_pool#110.destroy()
[02:41:49.480887] {Default Queue}  -> wp_viewport#86.destroy()
[02:41:49.480888] {Default Queue}  -> wp_fractional_scale_v1#85.destroy()
[02:41:49.480889]  -> wl_surface#84.destroy()
[02:41:49.480893] {Default Queue}  -> xdg_toplevel_icon_v1#87.destroy()
[02:41:49.481041] {Default Queue}  -> ext_background_effect_surface_v1#118.destroy()
[02:41:49.481047] {Default Queue}  -> zwlr_layer_surface_v1#93.destroy()
[02:41:49.481049]  -> wl_surface#73.attach(nil, 0, 0)
[02:41:49.481049]  -> wl_surface#73.commit()
[02:41:49.481067] {Default Queue}  -> wp_viewport#91.destroy()
[02:41:49.481069] {Default Queue}  -> wp_fractional_scale_v1#90.destroy()
[02:41:49.481070]  -> wl_surface#73.destroy()
[02:41:49.481075] {Default Queue}  -> xdg_toplevel_icon_v1#92.destroy()
[02:41:49.481539] {Default Queue}  -> wl_seat#56.release()
[02:41:49.481541] {Default Queue}  -> ext_idle_notifier_v1#50.destroy()
[02:41:49.481560] {Default Queue}  -> wl_seat#58.release()
[02:41:49.481561] {Default Queue}  -> ext_data_control_manager_v1#57.destroy()
[02:41:49.481564] {Default Queue}  -> ext_foreign_toplevel_handle_v1#4278190080.destroy()
[02:41:49.481565] {Default Queue}  -> ext_image_copy_capture_manager_v1#61.destroy()
[02:41:49.481566] {Default Queue}  -> ext_output_image_capture_source_manager_v1#63.destroy()
[02:41:49.481566] {Default Queue}  -> ext_foreign_toplevel_image_capture_source_manager_v1#65.destroy()
[02:41:49.481567] {Default Queue}  -> ext_foreign_toplevel_list_v1#64.destroy()
[02:41:49.481568] {Default Queue}  -> aqueous_capture_color_manager_v1#62.destroy()
[02:41:49.481569] {Default Queue}  -> wl_output#66.release()
[02:41:49.481570] {Default Queue}  -> wl_output#67.release()
[02:41:49.481571] {Default Queue}  -> zwlr_screencopy_manager_v1#60.destroy()
[02:41:49.481937] {Default Queue}  -> ext_background_effect_manager_v1#51.destroy()
info(pearl): event=aqueous-availability state=stopped
[02:41:49.482016] {Display Queue} wl_display#1.delete_id(101)
[02:41:49.482018] {Default Queue} wl_buffer#89.release()
[02:41:49.482020] {Default Queue}  -> wl_buffer#89.destroy()
[02:41:49.482021] {Default Queue}  -> wl_shm_pool#96.destroy()
info(pearl): event=cleanup pending=false watched_objects=0
info(pearl): event=stopped
