[00:04:28.223432] {Default Queue}  -> wl_display#1.get_registry(new id wl_registry#2)
[00:04:28.223439] {Default Queue}  -> wl_display#1.sync(new id wl_callback#3)
[00:04:28.266806] {Display Queue} wl_display#1.delete_id(3)
[00:04:28.266817] {Default Queue} wl_registry#2.global(1, "wl_compositor", 6)
[00:04:28.266823] {Default Queue}  -> wl_registry#2.bind(1, "wl_compositor", 6, new id [unknown]#4)
[00:04:28.266827] {Default Queue} wl_registry#2.global(2, "wl_fixes", 1)
[00:04:28.266833] {Default Queue} wl_registry#2.global(3, "wp_security_context_manager_v1", 1)
[00:04:28.266835] {Default Queue} wl_registry#2.global(4, "wl_shm", 2)
[00:04:28.266836] {Default Queue}  -> wl_registry#2.bind(4, "wl_shm", 1, new id [unknown]#5)
[00:04:28.266837] {Default Queue} wl_registry#2.global(5, "wp_single_pixel_buffer_manager_v1", 1)
[00:04:28.266838] {Default Queue}  -> wl_registry#2.bind(5, "wp_single_pixel_buffer_manager_v1", 1, new id [unknown]#6)
[00:04:28.266839] {Default Queue} wl_registry#2.global(6, "wp_alpha_modifier_v1", 1)
[00:04:28.266840] {Default Queue} wl_registry#2.global(7, "wp_color_representation_manager_v1", 1)
[00:04:28.266841] {Default Queue}  -> wl_registry#2.bind(7, "wp_color_representation_manager_v1", 1, new id [unknown]#7)
[00:04:28.266841] {Default Queue} wl_registry#2.global(8, "wp_content_type_manager_v1", 1)
[00:04:28.266843] {Default Queue} wl_registry#2.global(9, "wp_fifo_manager_v1", 1)
[00:04:28.266844] {Default Queue} wl_registry#2.global(10, "wp_commit_timing_manager_v1", 1)
[00:04:28.266845] {Default Queue} wl_registry#2.global(11, "xdg_wm_dialog_v1", 1)
[00:04:28.266846] {Default Queue}  -> wl_registry#2.bind(11, "xdg_wm_dialog_v1", 1, new id [unknown]#8)
[00:04:28.266846] {Default Queue} wl_registry#2.global(12, "xdg_toplevel_drag_manager_v1", 1)
[00:04:28.266847] {Default Queue} wl_registry#2.global(13, "xdg_toplevel_icon_manager_v1", 1)
[00:04:28.266848] {Default Queue}  -> wl_registry#2.bind(13, "xdg_toplevel_icon_manager_v1", 1, new id [unknown]#9)
[00:04:28.266849] {Default Queue} wl_registry#2.global(14, "xdg_toplevel_tag_manager_v1", 1)
[00:04:28.266849] {Default Queue} wl_registry#2.global(15, "wp_viewporter", 1)
[00:04:28.266853] {Default Queue}  -> wl_registry#2.bind(15, "wp_viewporter", 1, new id [unknown]#10)
[00:04:28.266854] {Default Queue} wl_registry#2.global(16, "wp_fractional_scale_manager_v1", 1)
[00:04:28.266854] {Default Queue}  -> wl_registry#2.bind(16, "wp_fractional_scale_manager_v1", 1, new id [unknown]#11)
[00:04:28.266856] {Default Queue} wl_registry#2.global(17, "wl_subcompositor", 1)
[00:04:28.266856] {Default Queue}  -> wl_registry#2.bind(17, "wl_subcompositor", 1, new id [unknown]#12)
[00:04:28.266857] {Default Queue} wl_registry#2.global(18, "wp_cursor_shape_manager_v1", 2)
[00:04:28.266858] {Default Queue}  -> wl_registry#2.bind(18, "wp_cursor_shape_manager_v1", 1, new id [unknown]#13)
[00:04:28.266859] {Default Queue} wl_registry#2.global(19, "xdg_wm_base", 7)
[00:04:28.266860] {Default Queue} wl_registry#2.global(20, "zxdg_decoration_manager_v1", 1)
[00:04:28.266860] {Default Queue} wl_registry#2.global(21, "org_kde_kwin_server_decoration_manager", 1)
[00:04:28.266861] {Default Queue}  -> wl_registry#2.bind(21, "org_kde_kwin_server_decoration_manager", 1, new id [unknown]#14)
[00:04:28.266862] {Default Queue} wl_registry#2.global(22, "xdg_activation_v1", 1)
[00:04:28.266862] {Default Queue}  -> wl_registry#2.bind(22, "xdg_activation_v1", 1, new id [unknown]#15)
[00:04:28.266863] {Default Queue} wl_registry#2.global(23, "zxdg_exporter_v2", 1)
[00:04:28.266864] {Default Queue}  -> wl_registry#2.bind(23, "zxdg_exporter_v2", 1, new id [unknown]#16)
[00:04:28.266865] {Default Queue} wl_registry#2.global(24, "zxdg_importer_v2", 1)
[00:04:28.266865] {Default Queue}  -> wl_registry#2.bind(24, "zxdg_importer_v2", 1, new id [unknown]#17)
[00:04:28.266866] {Default Queue} wl_registry#2.global(25, "wl_data_device_manager", 3)
[00:04:28.266867] {Default Queue}  -> wl_registry#2.bind(25, "wl_data_device_manager", 3, new id [unknown]#18)
[00:04:28.266868] {Default Queue} wl_registry#2.global(26, "zwp_primary_selection_device_manager_v1", 1)
[00:04:28.266868] {Default Queue}  -> wl_registry#2.bind(26, "zwp_primary_selection_device_manager_v1", 1, new id [unknown]#19)
[00:04:28.266869] {Default Queue} wl_registry#2.global(27, "ext_data_control_manager_v1", 1)
[00:04:28.266870] {Default Queue} wl_registry#2.global(28, "zwlr_data_control_manager_v1", 2)
[00:04:28.266871] {Default Queue} wl_registry#2.global(29, "zwlr_export_dmabuf_manager_v1", 1)
[00:04:28.266872] {Default Queue} wl_registry#2.global(30, "zwlr_screencopy_manager_v1", 3)
[00:04:28.266873] {Default Queue} wl_registry#2.global(31, "ext_image_copy_capture_manager_v1", 1)
[00:04:28.266875] {Default Queue} wl_registry#2.global(32, "aqueous_capture_color_manager_v1", 1)
[00:04:28.266876] {Default Queue} wl_registry#2.global(33, "ext_output_image_capture_source_manager_v1", 1)
[00:04:28.266877] {Default Queue} wl_registry#2.global(34, "zwlr_foreign_toplevel_manager_v1", 3)
[00:04:28.266877] {Default Queue} wl_registry#2.global(35, "ext_foreign_toplevel_list_v1", 1)
[00:04:28.266878] {Default Queue} wl_registry#2.global(36, "ext_foreign_toplevel_image_capture_source_manager_v1", 1)
[00:04:28.266879] {Default Queue} wl_registry#2.global(37, "wp_tearing_control_manager_v1", 1)
[00:04:28.266880] {Default Queue} wl_registry#2.global(38, "zwp_linux_dmabuf_v1", 5)
[00:04:28.266880] {Default Queue}  -> wl_registry#2.bind(38, "zwp_linux_dmabuf_v1", 5, new id [unknown]#20)
[00:04:28.266882] {Default Queue}  -> zwp_linux_dmabuf_v1#20.get_default_feedback(new id zwp_linux_dmabuf_feedback_v1#21)
[00:04:28.266884] {Default Queue}  -> wl_display#1.sync(new id wl_callback#22)
[00:04:28.266885] {Default Queue} wl_registry#2.global(39, "wp_linux_drm_syncobj_manager_v1", 1)
[00:04:28.266886] {Default Queue} wl_registry#2.global(40, "wp_color_manager_v1", 3)
[00:04:28.266886] {Default Queue} wl_registry#2.global(41, "aqueous_window_manager_v1", 10)
[00:04:28.266887] {Default Queue} wl_registry#2.global(42, "ext_workspace_manager_v1", 1)
[00:04:28.266888] {Default Queue} wl_registry#2.global(43, "aqueous_window_info_manager_v1", 8)
[00:04:28.266889] {Default Queue} wl_registry#2.global(44, "aqueous_xkb_bindings_v1", 3)
[00:04:28.266889] {Default Queue} wl_registry#2.global(45, "aqueous_layer_shell_v1", 1)
[00:04:28.266890] {Default Queue} wl_registry#2.global(46, "zwlr_layer_shell_v1", 4)
[00:04:28.266891] {Default Queue} wl_registry#2.global(47, "zwlr_gamma_control_manager_v1", 1)
[00:04:28.266892] {Default Queue} wl_registry#2.global(48, "wp_presentation", 2)
[00:04:28.266893] {Default Queue}  -> wl_registry#2.bind(48, "wp_presentation", 1, new id [unknown]#23)
[00:04:28.266893] {Default Queue} wl_registry#2.global(49, "zxdg_output_manager_v1", 3)
[00:04:28.266894] {Default Queue}  -> wl_registry#2.bind(49, "zxdg_output_manager_v1", 3, new id [unknown]#24)
[00:04:28.266896] {Default Queue}  -> wl_display#1.sync(new id wl_callback#25)
[00:04:28.266897] {Default Queue} wl_registry#2.global(50, "zwlr_output_manager_v1", 4)
[00:04:28.266898] {Default Queue} wl_registry#2.global(51, "zwlr_output_power_manager_v1", 1)
[00:04:28.266899] {Default Queue} wl_registry#2.global(52, "aqueous_input_manager_v1", 2)
[00:04:28.266900] {Default Queue} wl_registry#2.global(53, "ext_idle_notifier_v1", 2)
[00:04:28.266900] {Default Queue} wl_registry#2.global(54, "zwp_relative_pointer_manager_v1", 1)
[00:04:28.266901] {Default Queue} wl_registry#2.global(55, "zwp_pointer_gestures_v1", 3)
[00:04:28.266902] {Default Queue}  -> wl_registry#2.bind(55, "zwp_pointer_gestures_v1", 3, new id [unknown]#26)
[00:04:28.266903] {Default Queue} wl_registry#2.global(56, "zwlr_virtual_pointer_manager_v1", 2)
[00:04:28.266904] {Default Queue} wl_registry#2.global(57, "zwp_virtual_keyboard_manager_v1", 1)
[00:04:28.266905] {Default Queue} wl_registry#2.global(58, "zwp_pointer_constraints_v1", 1)
[00:04:28.266906] {Default Queue} wl_registry#2.global(59, "zwp_input_method_manager_v2", 1)
[00:04:28.266907] {Default Queue} wl_registry#2.global(60, "zwp_text_input_manager_v3", 1)
[00:04:28.266907] {Default Queue} wl_registry#2.global(61, "zwp_tablet_manager_v2", 1)
[00:04:28.266908] {Default Queue}  -> wl_registry#2.bind(61, "zwp_tablet_manager_v2", 1, new id [unknown]#27)
[00:04:28.266910] {Default Queue} wl_registry#2.global(62, "wp_pointer_warp_v1", 1)
[00:04:28.266910] {Default Queue} wl_registry#2.global(63, "wl_seat", 9)
[00:04:28.266911] {Default Queue} wl_registry#2.global(64, "aqueous_libinput_config_v1", 2)
[00:04:28.266912] {Default Queue} wl_registry#2.global(65, "aqueous_xkb_config_v1", 2)
[00:04:28.266913] {Default Queue} wl_registry#2.global(66, "zwp_idle_inhibit_manager_v1", 1)
[00:04:28.266914] {Default Queue}  -> wl_registry#2.bind(66, "zwp_idle_inhibit_manager_v1", 1, new id [unknown]#28)
[00:04:28.266915] {Default Queue} wl_registry#2.global(67, "ext_session_lock_manager_v1", 1)
[00:04:28.266915] {Default Queue} wl_registry#2.global(68, "aqueous_shell_manager_v1", 2)
[00:04:28.266916] {Default Queue} wl_registry#2.global(69, "zwp_keyboard_shortcuts_inhibit_manager_v1", 1)
[00:04:28.266917] {Default Queue}  -> wl_registry#2.bind(69, "zwp_keyboard_shortcuts_inhibit_manager_v1", 1, new id [unknown]#29)
[00:04:28.266918] {Default Queue} wl_registry#2.global(70, "ext_background_effect_manager_v1", 1)
[00:04:28.266920] {Default Queue} wl_registry#2.global(71, "xdg_system_bell_v1", 1)
[00:04:28.266921] {Default Queue}  -> wl_registry#2.bind(71, "xdg_system_bell_v1", 1, new id [unknown]#30)
[00:04:28.266921] {Default Queue} wl_registry#2.global(72, "wl_output", 4)
[00:04:28.266922] {Default Queue}  -> wl_registry#2.bind(72, "wl_output", 4, new id [unknown]#31)
[00:04:28.266972] {Default Queue}  -> zxdg_output_manager_v1#24.get_xdg_output(new id zxdg_output_v1#32, wl_output#31)
[00:04:28.266977] {Default Queue}  -> wl_display#1.sync(new id wl_callback#33)
[00:04:28.266978] {Default Queue} wl_registry#2.global(73, "wl_output", 4)
[00:04:28.266979] {Default Queue}  -> wl_registry#2.bind(73, "wl_output", 4, new id [unknown]#34)
[00:04:28.266980] {Default Queue}  -> zxdg_output_manager_v1#24.get_xdg_output(new id zxdg_output_v1#35, wl_output#34)
[00:04:28.266981] {Default Queue}  -> wl_display#1.sync(new id wl_callback#36)
[00:04:28.266982] {Default Queue} wl_callback#3.done(5)
[00:04:28.266984] {Default Queue}  -> wl_registry#2.bind(63, "wl_seat", 9, new id [unknown]#3)
[00:04:28.268163] {Default Queue}  -> zwp_primary_selection_device_manager_v1#19.get_device(new id zwp_primary_selection_device_v1#37, wl_seat#3)
[00:04:28.268169] {Default Queue}  -> wl_data_device_manager#18.get_data_device(new id wl_data_device#38, wl_seat#3)
[00:04:28.268198] {Default Queue}  -> wl_compositor#4.create_surface(new id wl_surface#39)
[00:04:28.268199] {Default Queue}  -> wp_viewporter#10.get_viewport(new id wp_viewport#40, wl_surface#39)
[00:04:28.268201] {Default Queue}  -> wp_fractional_scale_manager_v1#11.get_fractional_scale(new id wp_fractional_scale_v1#41, wl_surface#39)
[00:04:28.268202] {Default Queue}  -> zwp_tablet_manager_v2#27.get_tablet_seat(new id zwp_tablet_seat_v2#42, wl_seat#3)
[00:04:28.268206] {Default Queue}  -> wl_display#1.sync(new id wl_callback#43)
[00:04:28.268295] {Display Queue} wl_display#1.delete_id(22)
[00:04:28.268297] {Display Queue} wl_display#1.delete_id(25)
[00:04:28.268297] {Display Queue} wl_display#1.delete_id(33)
[00:04:28.268298] {Display Queue} wl_display#1.delete_id(36)
[00:04:28.268298] {Display Queue} wl_display#1.delete_id(43)
[00:04:28.268299] {Default Queue} wl_shm#5.format(538982482)
[00:04:28.268300] {Default Queue} wl_shm#5.format(1210064978)
[00:04:28.268300] {Default Queue} wl_shm#5.format(1176510546)
[00:04:28.268301] {Default Queue} wl_shm#5.format(943215175)
[00:04:28.268301] {Default Queue} wl_shm#5.format(1210077767)
[00:04:28.268302] {Default Queue} wl_shm#5.format(1176523335)
[00:04:28.268302] {Default Queue} wl_shm#5.format(1)
[00:04:28.268303] {Default Queue} wl_shm#5.format(875709016)
[00:04:28.268303] {Default Queue} wl_shm#5.format(0)
[00:04:28.268304] {Default Queue} wl_shm#5.format(875708993)
[00:04:28.268304] {Default Queue} wl_shm#5.format(842088786)
[00:04:28.268305] {Default Queue} wl_shm#5.format(842094674)
[00:04:28.268305] {Default Queue} wl_shm#5.format(842088770)
[00:04:28.268306] {Default Queue} wl_shm#5.format(842094658)
[00:04:28.268306] {Default Queue} wl_shm#5.format(909199186)
[00:04:28.268307] {Default Queue} wl_shm#5.format(909199170)
[00:04:28.268307] {Default Queue} wl_shm#5.format(892420434)
[00:04:28.268308] {Default Queue} wl_shm#5.format(892426322)
[00:04:28.268308] {Default Queue} wl_shm#5.format(892420418)
[00:04:28.268309] {Default Queue} wl_shm#5.format(892426306)
[00:04:28.268309] {Default Queue} wl_shm#5.format(892424769)
[00:04:28.268309] {Default Queue} wl_shm#5.format(892424792)
[00:04:28.268310] {Default Queue} wl_shm#5.format(808669761)
[00:04:28.268310] {Default Queue} wl_shm#5.format(808669784)
[00:04:28.268311] {Default Queue} wl_shm#5.format(808665665)
[00:04:28.268311] {Default Queue} wl_shm#5.format(808665688)
[00:04:28.268312] {Default Queue} wl_shm#5.format(942948929)
[00:04:28.268312] {Default Queue} wl_shm#5.format(942948952)
[00:04:28.268313] {Default Queue} wl_shm#5.format(1211384385)
[00:04:28.268313] {Default Queue} wl_shm#5.format(1211384408)
[00:04:28.268314] {Default Queue} wl_shm#5.format(1178092097)
[00:04:28.268314] {Default Queue} wp_color_representation_manager_v1#7.supported_alpha_mode(0)
[00:04:28.268315] {Default Queue} wp_color_representation_manager_v1#7.supported_coefficients_and_ranges(1, 1)
[00:04:28.268316] {Default Queue} wp_color_representation_manager_v1#7.supported_coefficients_and_ranges(2, 2)
[00:04:28.268317] {Default Queue} wp_color_representation_manager_v1#7.supported_coefficients_and_ranges(2, 1)
[00:04:28.268317] {Default Queue} wp_color_representation_manager_v1#7.supported_coefficients_and_ranges(4, 2)
[00:04:28.268318] {Default Queue} wp_color_representation_manager_v1#7.supported_coefficients_and_ranges(4, 1)
[00:04:28.268318] {Default Queue} wp_color_representation_manager_v1#7.supported_coefficients_and_ranges(6, 2)
[00:04:28.268319] {Default Queue} wp_color_representation_manager_v1#7.supported_coefficients_and_ranges(6, 1)
[00:04:28.268320] {Default Queue} wp_color_representation_manager_v1#7.done()
[00:04:28.268320] {Default Queue} discarded xdg_toplevel_icon_manager_v1#9.icon_size(32)
[00:04:28.268321] {Default Queue} discarded xdg_toplevel_icon_manager_v1#9.icon_size(64)
[00:04:28.268322] {Default Queue} discarded xdg_toplevel_icon_manager_v1#9.icon_size(128)
[00:04:28.268322] {Default Queue} discarded xdg_toplevel_icon_manager_v1#9.done()
[00:04:28.268323] {Default Queue} org_kde_kwin_server_decoration_manager#14.default_mode(1)
[00:04:28.268323] {Default Queue} zwp_linux_dmabuf_feedback_v1#21.main_device(array[8])
[00:04:28.268325] {Default Queue} zwp_linux_dmabuf_feedback_v1#21.format_table(fd 7, 3200)
[00:04:28.268329] {Default Queue} zwp_linux_dmabuf_feedback_v1#21.tranche_target_device(array[8])
[00:04:28.268329] {Default Queue} zwp_linux_dmabuf_feedback_v1#21.tranche_flags(0)
[00:04:28.268330] {Default Queue} zwp_linux_dmabuf_feedback_v1#21.tranche_formats(array[400])
[00:04:28.268339] {Default Queue} zwp_linux_dmabuf_feedback_v1#21.tranche_done()
[00:04:28.268340] {Default Queue} zwp_linux_dmabuf_feedback_v1#21.done()
[00:04:28.268341] {Default Queue} wl_callback#22.done(5)
[00:04:28.268342] {Default Queue} discarded wp_presentation#23.clock_id(1)
[00:04:28.268343] {Default Queue} wl_callback#25.done(5)
[00:04:28.268343] {Default Queue} wl_output#31.geometry(0, 0, 0, 0, 0, "Unknown", "Unknown", 0)
[00:04:28.268347] {Default Queue} wl_output#31.mode(1, 1280, 720, 0)
[00:04:28.268348] {Default Queue} wl_output#31.scale(1)
[00:04:28.268348] {Default Queue} wl_output#31.name("HEADLESS-2")
[00:04:28.268349] {Default Queue} wl_output#31.description("Headless output 2")
[00:04:28.268350] {Default Queue} wl_output#31.done()
[00:04:28.268351] {Default Queue} zxdg_output_v1#32.name("HEADLESS-2")
[00:04:28.268352] {Default Queue} zxdg_output_v1#32.description("Headless output 2")
[00:04:28.268352] {Default Queue} zxdg_output_v1#32.logical_position(0, 0)
[00:04:28.268353] {Default Queue} zxdg_output_v1#32.logical_size(1280, 720)
[00:04:28.268354] {Default Queue} wl_output#31.done()
[00:04:28.268355] {Default Queue} wl_callback#33.done(5)
[00:04:28.268355] {Default Queue} wl_output#34.geometry(0, 0, 0, 0, 0, "Unknown", "Unknown", 0)
[00:04:28.268357] {Default Queue} wl_output#34.mode(1, 1280, 720, 0)
[00:04:28.268358] {Default Queue} wl_output#34.scale(1)
[00:04:28.268358] {Default Queue} wl_output#34.name("HEADLESS-1")
[00:04:28.268359] {Default Queue} wl_output#34.description("Headless output 1")
[00:04:28.268360] {Default Queue} wl_output#34.done()
[00:04:28.268360] {Default Queue} zxdg_output_v1#35.name("HEADLESS-1")
[00:04:28.268361] {Default Queue} zxdg_output_v1#35.description("Headless output 1")
[00:04:28.268361] {Default Queue} zxdg_output_v1#35.logical_position(1280, 0)
[00:04:28.268362] {Default Queue} zxdg_output_v1#35.logical_size(1280, 720)
[00:04:28.268362] {Default Queue} wl_output#34.done()
[00:04:28.268363] {Default Queue} wl_callback#36.done(5)
[00:04:28.268364] {Default Queue} wl_seat#3.name("default")
[00:04:28.268364] {Default Queue} wl_seat#3.capabilities(0)
[00:04:28.268365] {Default Queue} wl_callback#43.done(5)
[00:04:28.268366] {Default Queue}  -> wl_registry#2.bind(19, "xdg_wm_base", 7, new id [unknown]#43)
[00:04:28.278525] {Default Queue}  -> wl_display#1.get_registry(new id wl_registry#36)
[00:04:28.278537] {Default Queue}  -> wl_display#1.sync(new id wl_callback#33)
[00:04:28.279920] {Display Queue} wl_display#1.delete_id(33)
[00:04:28.279927] {Default Queue} wl_registry#36.global(1, "wl_compositor", 6)
[00:04:28.279929] {Default Queue} wl_registry#36.global(2, "wl_fixes", 1)
[00:04:28.279930] {Default Queue} wl_registry#36.global(3, "wp_security_context_manager_v1", 1)
[00:04:28.279931] {Default Queue} wl_registry#36.global(4, "wl_shm", 2)
[00:04:28.279932] {Default Queue} wl_registry#36.global(5, "wp_single_pixel_buffer_manager_v1", 1)
[00:04:28.279933] {Default Queue} wl_registry#36.global(6, "wp_alpha_modifier_v1", 1)
[00:04:28.279934] {Default Queue} wl_registry#36.global(7, "wp_color_representation_manager_v1", 1)
[00:04:28.279934] {Default Queue} wl_registry#36.global(8, "wp_content_type_manager_v1", 1)
[00:04:28.279936] {Default Queue} wl_registry#36.global(9, "wp_fifo_manager_v1", 1)
[00:04:28.279937] {Default Queue} wl_registry#36.global(10, "wp_commit_timing_manager_v1", 1)
[00:04:28.279938] {Default Queue} wl_registry#36.global(11, "xdg_wm_dialog_v1", 1)
[00:04:28.279938] {Default Queue} wl_registry#36.global(12, "xdg_toplevel_drag_manager_v1", 1)
[00:04:28.279939] {Default Queue} wl_registry#36.global(13, "xdg_toplevel_icon_manager_v1", 1)
[00:04:28.279940] {Default Queue} wl_registry#36.global(14, "xdg_toplevel_tag_manager_v1", 1)
[00:04:28.279940] {Default Queue} wl_registry#36.global(15, "wp_viewporter", 1)
[00:04:28.279941] {Default Queue} wl_registry#36.global(16, "wp_fractional_scale_manager_v1", 1)
[00:04:28.279942] {Default Queue} wl_registry#36.global(17, "wl_subcompositor", 1)
[00:04:28.279942] {Default Queue} wl_registry#36.global(18, "wp_cursor_shape_manager_v1", 2)
[00:04:28.279943] {Default Queue} wl_registry#36.global(19, "xdg_wm_base", 7)
[00:04:28.279943] {Default Queue} wl_registry#36.global(20, "zxdg_decoration_manager_v1", 1)
[00:04:28.279944] {Default Queue} wl_registry#36.global(21, "org_kde_kwin_server_decoration_manager", 1)
[00:04:28.279945] {Default Queue} wl_registry#36.global(22, "xdg_activation_v1", 1)
[00:04:28.279945] {Default Queue} wl_registry#36.global(23, "zxdg_exporter_v2", 1)
[00:04:28.279946] {Default Queue} wl_registry#36.global(24, "zxdg_importer_v2", 1)
[00:04:28.279946] {Default Queue} wl_registry#36.global(25, "wl_data_device_manager", 3)
[00:04:28.279947] {Default Queue} wl_registry#36.global(26, "zwp_primary_selection_device_manager_v1", 1)
[00:04:28.279948] {Default Queue} wl_registry#36.global(27, "ext_data_control_manager_v1", 1)
[00:04:28.279948] {Default Queue} wl_registry#36.global(28, "zwlr_data_control_manager_v1", 2)
[00:04:28.279949] {Default Queue} wl_registry#36.global(29, "zwlr_export_dmabuf_manager_v1", 1)
[00:04:28.279949] {Default Queue} wl_registry#36.global(30, "zwlr_screencopy_manager_v1", 3)
[00:04:28.279950] {Default Queue} wl_registry#36.global(31, "ext_image_copy_capture_manager_v1", 1)
[00:04:28.279951] {Default Queue} wl_registry#36.global(32, "aqueous_capture_color_manager_v1", 1)
[00:04:28.279951] {Default Queue} wl_registry#36.global(33, "ext_output_image_capture_source_manager_v1", 1)
[00:04:28.279952] {Default Queue} wl_registry#36.global(34, "zwlr_foreign_toplevel_manager_v1", 3)
[00:04:28.279952] {Default Queue} wl_registry#36.global(35, "ext_foreign_toplevel_list_v1", 1)
[00:04:28.279953] {Default Queue} wl_registry#36.global(36, "ext_foreign_toplevel_image_capture_source_manager_v1", 1)
[00:04:28.279954] {Default Queue} wl_registry#36.global(37, "wp_tearing_control_manager_v1", 1)
[00:04:28.279954] {Default Queue} wl_registry#36.global(38, "zwp_linux_dmabuf_v1", 5)
[00:04:28.279955] {Default Queue} wl_registry#36.global(39, "wp_linux_drm_syncobj_manager_v1", 1)
[00:04:28.279955] {Default Queue} wl_registry#36.global(40, "wp_color_manager_v1", 3)
[00:04:28.279956] {Default Queue} wl_registry#36.global(41, "aqueous_window_manager_v1", 10)
[00:04:28.279956] {Default Queue} wl_registry#36.global(42, "ext_workspace_manager_v1", 1)
[00:04:28.279957] {Default Queue} wl_registry#36.global(43, "aqueous_window_info_manager_v1", 8)
[00:04:28.279958] {Default Queue} wl_registry#36.global(44, "aqueous_xkb_bindings_v1", 3)
[00:04:28.279958] {Default Queue} wl_registry#36.global(45, "aqueous_layer_shell_v1", 1)
[00:04:28.279959] {Default Queue} wl_registry#36.global(46, "zwlr_layer_shell_v1", 4)
[00:04:28.279961] {Default Queue}  -> wl_registry#36.bind(46, "zwlr_layer_shell_v1", 4, new id [unknown]#25)
[00:04:28.279963] {Default Queue} wl_registry#36.global(47, "zwlr_gamma_control_manager_v1", 1)
[00:04:28.279963] {Default Queue} wl_registry#36.global(48, "wp_presentation", 2)
[00:04:28.279964] {Default Queue} wl_registry#36.global(49, "zxdg_output_manager_v1", 3)
[00:04:28.279965] {Default Queue} wl_registry#36.global(50, "zwlr_output_manager_v1", 4)
[00:04:28.279965] {Default Queue} wl_registry#36.global(51, "zwlr_output_power_manager_v1", 1)
[00:04:28.279966] {Default Queue} wl_registry#36.global(52, "aqueous_input_manager_v1", 2)
[00:04:28.279967] {Default Queue} wl_registry#36.global(53, "ext_idle_notifier_v1", 2)
[00:04:28.279968] {Default Queue} wl_registry#36.global(54, "zwp_relative_pointer_manager_v1", 1)
[00:04:28.279968] {Default Queue} wl_registry#36.global(55, "zwp_pointer_gestures_v1", 3)
[00:04:28.279969] {Default Queue} wl_registry#36.global(56, "zwlr_virtual_pointer_manager_v1", 2)
[00:04:28.279970] {Default Queue} wl_registry#36.global(57, "zwp_virtual_keyboard_manager_v1", 1)
[00:04:28.279971] {Default Queue} wl_registry#36.global(58, "zwp_pointer_constraints_v1", 1)
[00:04:28.279971] {Default Queue} wl_registry#36.global(59, "zwp_input_method_manager_v2", 1)
[00:04:28.279972] {Default Queue} wl_registry#36.global(60, "zwp_text_input_manager_v3", 1)
[00:04:28.279973] {Default Queue} wl_registry#36.global(61, "zwp_tablet_manager_v2", 1)
[00:04:28.279973] {Default Queue} wl_registry#36.global(62, "wp_pointer_warp_v1", 1)
[00:04:28.279974] {Default Queue} wl_registry#36.global(63, "wl_seat", 9)
[00:04:28.279975] {Default Queue} wl_registry#36.global(64, "aqueous_libinput_config_v1", 2)
[00:04:28.279976] {Default Queue} wl_registry#36.global(65, "aqueous_xkb_config_v1", 2)
[00:04:28.279976] {Default Queue} wl_registry#36.global(66, "zwp_idle_inhibit_manager_v1", 1)
[00:04:28.279977] {Default Queue} wl_registry#36.global(67, "ext_session_lock_manager_v1", 1)
[00:04:28.279978] {Default Queue} wl_registry#36.global(68, "aqueous_shell_manager_v1", 2)
[00:04:28.279979] {Default Queue} wl_registry#36.global(69, "zwp_keyboard_shortcuts_inhibit_manager_v1", 1)
[00:04:28.279980] {Default Queue} wl_registry#36.global(70, "ext_background_effect_manager_v1", 1)
[00:04:28.279981] {Default Queue} wl_registry#36.global(71, "xdg_system_bell_v1", 1)
[00:04:28.279981] {Default Queue} wl_registry#36.global(72, "wl_output", 4)
[00:04:28.279982] {Default Queue} wl_registry#36.global(73, "wl_output", 4)
[00:04:28.279982] {Default Queue} wl_callback#33.done(6)
[00:04:28.279987] {Default Queue}  -> wl_display#1.get_registry(new id wl_registry#33)
[00:04:28.279991] {Default Queue}  -> wl_display#1.get_registry(new id wl_registry#22)
[00:04:28.280496] {Default Queue}  -> wl_display#1.get_registry(new id wl_registry#44)
[00:04:28.280500] {Default Queue}  -> wl_display#1.sync(new id wl_callback#45)
[00:04:28.280528] {Default Queue} wl_registry#33.global(1, "wl_compositor", 6)
[00:04:28.280532] {Default Queue}  -> wl_registry#33.bind(1, "wl_compositor", 6, new id [unknown]#46)
[00:04:28.280535] {Default Queue} wl_registry#33.global(2, "wl_fixes", 1)
[00:04:28.280536] {Default Queue} wl_registry#33.global(3, "wp_security_context_manager_v1", 1)
[00:04:28.280537] {Default Queue} wl_registry#33.global(4, "wl_shm", 2)
[00:04:28.280538] {Default Queue} wl_registry#33.global(5, "wp_single_pixel_buffer_manager_v1", 1)
[00:04:28.280539] {Default Queue} wl_registry#33.global(6, "wp_alpha_modifier_v1", 1)
[00:04:28.280540] {Default Queue} wl_registry#33.global(7, "wp_color_representation_manager_v1", 1)
[00:04:28.280541] {Default Queue} wl_registry#33.global(8, "wp_content_type_manager_v1", 1)
[00:04:28.280542] {Default Queue} wl_registry#33.global(9, "wp_fifo_manager_v1", 1)
[00:04:28.280543] {Default Queue} wl_registry#33.global(10, "wp_commit_timing_manager_v1", 1)
[00:04:28.280544] {Default Queue} wl_registry#33.global(11, "xdg_wm_dialog_v1", 1)
[00:04:28.280545] {Default Queue} wl_registry#33.global(12, "xdg_toplevel_drag_manager_v1", 1)
[00:04:28.280546] {Default Queue} wl_registry#33.global(13, "xdg_toplevel_icon_manager_v1", 1)
[00:04:28.280551] {Default Queue} wl_registry#33.global(14, "xdg_toplevel_tag_manager_v1", 1)
[00:04:28.280552] {Default Queue} wl_registry#33.global(15, "wp_viewporter", 1)
[00:04:28.280553] {Default Queue} wl_registry#33.global(16, "wp_fractional_scale_manager_v1", 1)
[00:04:28.280554] {Default Queue} wl_registry#33.global(17, "wl_subcompositor", 1)
[00:04:28.280555] {Default Queue} wl_registry#33.global(18, "wp_cursor_shape_manager_v1", 2)
[00:04:28.280556] {Default Queue} wl_registry#33.global(19, "xdg_wm_base", 7)
[00:04:28.280557] {Default Queue} wl_registry#33.global(20, "zxdg_decoration_manager_v1", 1)
[00:04:28.280558] {Default Queue} wl_registry#33.global(21, "org_kde_kwin_server_decoration_manager", 1)
[00:04:28.280560] {Default Queue} wl_registry#33.global(22, "xdg_activation_v1", 1)
[00:04:28.280560] {Default Queue} wl_registry#33.global(23, "zxdg_exporter_v2", 1)
[00:04:28.280562] {Default Queue} wl_registry#33.global(24, "zxdg_importer_v2", 1)
[00:04:28.280563] {Default Queue} wl_registry#33.global(25, "wl_data_device_manager", 3)
[00:04:28.280564] {Default Queue} wl_registry#33.global(26, "zwp_primary_selection_device_manager_v1", 1)
[00:04:28.280565] {Default Queue} wl_registry#33.global(27, "ext_data_control_manager_v1", 1)
[00:04:28.280567] {Default Queue} wl_registry#33.global(28, "zwlr_data_control_manager_v1", 2)
[00:04:28.280568] {Default Queue} wl_registry#33.global(29, "zwlr_export_dmabuf_manager_v1", 1)
[00:04:28.280569] {Default Queue} wl_registry#33.global(30, "zwlr_screencopy_manager_v1", 3)
[00:04:28.280570] {Default Queue} wl_registry#33.global(31, "ext_image_copy_capture_manager_v1", 1)
[00:04:28.280571] {Default Queue} wl_registry#33.global(32, "aqueous_capture_color_manager_v1", 1)
[00:04:28.280572] {Default Queue} wl_registry#33.global(33, "ext_output_image_capture_source_manager_v1", 1)
[00:04:28.280573] {Default Queue} wl_registry#33.global(34, "zwlr_foreign_toplevel_manager_v1", 3)
[00:04:28.280574] {Default Queue} wl_registry#33.global(35, "ext_foreign_toplevel_list_v1", 1)
[00:04:28.280575] {Default Queue} wl_registry#33.global(36, "ext_foreign_toplevel_image_capture_source_manager_v1", 1)
[00:04:28.280576] {Default Queue} wl_registry#33.global(37, "wp_tearing_control_manager_v1", 1)
[00:04:28.280577] {Default Queue} wl_registry#33.global(38, "zwp_linux_dmabuf_v1", 5)
[00:04:28.280578] {Default Queue} wl_registry#33.global(39, "wp_linux_drm_syncobj_manager_v1", 1)
[00:04:28.280579] {Default Queue} wl_registry#33.global(40, "wp_color_manager_v1", 3)
[00:04:28.280580] {Default Queue} wl_registry#33.global(41, "aqueous_window_manager_v1", 10)
[00:04:28.280581] {Default Queue} wl_registry#33.global(42, "ext_workspace_manager_v1", 1)
[00:04:28.280582] {Default Queue} wl_registry#33.global(43, "aqueous_window_info_manager_v1", 8)
[00:04:28.280583] {Default Queue} wl_registry#33.global(44, "aqueous_xkb_bindings_v1", 3)
[00:04:28.280584] {Default Queue} wl_registry#33.global(45, "aqueous_layer_shell_v1", 1)
[00:04:28.280585] {Default Queue} wl_registry#33.global(46, "zwlr_layer_shell_v1", 4)
[00:04:28.280586] {Default Queue} wl_registry#33.global(47, "zwlr_gamma_control_manager_v1", 1)
[00:04:28.280587] {Default Queue} wl_registry#33.global(48, "wp_presentation", 2)
[00:04:28.280588] {Default Queue} wl_registry#33.global(49, "zxdg_output_manager_v1", 3)
[00:04:28.280589] {Default Queue} wl_registry#33.global(50, "zwlr_output_manager_v1", 4)
[00:04:28.280590] {Default Queue} wl_registry#33.global(51, "zwlr_output_power_manager_v1", 1)
[00:04:28.280591] {Default Queue} wl_registry#33.global(52, "aqueous_input_manager_v1", 2)
[00:04:28.280592] {Default Queue} wl_registry#33.global(53, "ext_idle_notifier_v1", 2)
[00:04:28.280592] {Default Queue} wl_registry#33.global(54, "zwp_relative_pointer_manager_v1", 1)
[00:04:28.280593] {Default Queue} wl_registry#33.global(55, "zwp_pointer_gestures_v1", 3)
[00:04:28.280594] {Default Queue} wl_registry#33.global(56, "zwlr_virtual_pointer_manager_v1", 2)
[00:04:28.280595] {Default Queue} wl_registry#33.global(57, "zwp_virtual_keyboard_manager_v1", 1)
[00:04:28.280596] {Default Queue} wl_registry#33.global(58, "zwp_pointer_constraints_v1", 1)
[00:04:28.280597] {Default Queue} wl_registry#33.global(59, "zwp_input_method_manager_v2", 1)
[00:04:28.280598] {Default Queue} wl_registry#33.global(60, "zwp_text_input_manager_v3", 1)
[00:04:28.280599] {Default Queue} wl_registry#33.global(61, "zwp_tablet_manager_v2", 1)
[00:04:28.280600] {Default Queue} wl_registry#33.global(62, "wp_pointer_warp_v1", 1)
[00:04:28.280601] {Default Queue} wl_registry#33.global(63, "wl_seat", 9)
[00:04:28.280602] {Default Queue} wl_registry#33.global(64, "aqueous_libinput_config_v1", 2)
[00:04:28.280603] {Default Queue} wl_registry#33.global(65, "aqueous_xkb_config_v1", 2)
[00:04:28.280604] {Default Queue} wl_registry#33.global(66, "zwp_idle_inhibit_manager_v1", 1)
[00:04:28.280605] {Default Queue} wl_registry#33.global(67, "ext_session_lock_manager_v1", 1)
[00:04:28.280606] {Default Queue} wl_registry#33.global(68, "aqueous_shell_manager_v1", 2)
[00:04:28.280607] {Default Queue}  -> wl_registry#33.bind(68, "aqueous_shell_manager_v1", 2, new id [unknown]#47)
[00:04:28.280610] {Default Queue} wl_registry#33.global(69, "zwp_keyboard_shortcuts_inhibit_manager_v1", 1)
[00:04:28.280611] {Default Queue} wl_registry#33.global(70, "ext_background_effect_manager_v1", 1)
[00:04:28.280612] {Default Queue}  -> wl_registry#33.bind(70, "ext_background_effect_manager_v1", 1, new id [unknown]#48)
[00:04:28.280615] {Default Queue} wl_registry#33.global(71, "xdg_system_bell_v1", 1)
[00:04:28.280616] {Default Queue} wl_registry#33.global(72, "wl_output", 4)
[00:04:28.280617] {Default Queue} wl_registry#33.global(73, "wl_output", 4)
[00:04:28.280618] {Default Queue} wl_registry#22.global(1, "wl_compositor", 6)
[00:04:28.280619] {Default Queue} wl_registry#22.global(2, "wl_fixes", 1)
[00:04:28.280620] {Default Queue} wl_registry#22.global(3, "wp_security_context_manager_v1", 1)
[00:04:28.280621] {Default Queue} wl_registry#22.global(4, "wl_shm", 2)
[00:04:28.280622] {Default Queue} wl_registry#22.global(5, "wp_single_pixel_buffer_manager_v1", 1)
[00:04:28.280623] {Default Queue} wl_registry#22.global(6, "wp_alpha_modifier_v1", 1)
[00:04:28.280624] {Default Queue} wl_registry#22.global(7, "wp_color_representation_manager_v1", 1)
[00:04:28.280625] {Default Queue} wl_registry#22.global(8, "wp_content_type_manager_v1", 1)
[00:04:28.280625] {Default Queue} wl_registry#22.global(9, "wp_fifo_manager_v1", 1)
[00:04:28.280626] {Default Queue} wl_registry#22.global(10, "wp_commit_timing_manager_v1", 1)
[00:04:28.280627] {Default Queue} wl_registry#22.global(11, "xdg_wm_dialog_v1", 1)
[00:04:28.280628] {Default Queue} wl_registry#22.global(12, "xdg_toplevel_drag_manager_v1", 1)
[00:04:28.280629] {Default Queue} wl_registry#22.global(13, "xdg_toplevel_icon_manager_v1", 1)
[00:04:28.280630] {Default Queue} wl_registry#22.global(14, "xdg_toplevel_tag_manager_v1", 1)
[00:04:28.280631] {Default Queue} wl_registry#22.global(15, "wp_viewporter", 1)
[00:04:28.280632] {Default Queue} wl_registry#22.global(16, "wp_fractional_scale_manager_v1", 1)
[00:04:28.280633] {Default Queue} wl_registry#22.global(17, "wl_subcompositor", 1)
[00:04:28.280634] {Default Queue} wl_registry#22.global(18, "wp_cursor_shape_manager_v1", 2)
[00:04:28.280635] {Default Queue} wl_registry#22.global(19, "xdg_wm_base", 7)
[00:04:28.280636] {Default Queue} wl_registry#22.global(20, "zxdg_decoration_manager_v1", 1)
[00:04:28.280637] {Default Queue} wl_registry#22.global(21, "org_kde_kwin_server_decoration_manager", 1)
[00:04:28.280638] {Default Queue} wl_registry#22.global(22, "xdg_activation_v1", 1)
[00:04:28.280639] {Default Queue} wl_registry#22.global(23, "zxdg_exporter_v2", 1)
[00:04:28.280640] {Default Queue} wl_registry#22.global(24, "zxdg_importer_v2", 1)
[00:04:28.280641] {Default Queue} wl_registry#22.global(25, "wl_data_device_manager", 3)
[00:04:28.280642] {Default Queue} wl_registry#22.global(26, "zwp_primary_selection_device_manager_v1", 1)
[00:04:28.280642] {Default Queue} wl_registry#22.global(27, "ext_data_control_manager_v1", 1)
[00:04:28.280643] {Default Queue} wl_registry#22.global(28, "zwlr_data_control_manager_v1", 2)
[00:04:28.280644] {Default Queue} wl_registry#22.global(29, "zwlr_export_dmabuf_manager_v1", 1)
[00:04:28.280645] {Default Queue} wl_registry#22.global(30, "zwlr_screencopy_manager_v1", 3)
[00:04:28.280646] {Default Queue} wl_registry#22.global(31, "ext_image_copy_capture_manager_v1", 1)
[00:04:28.280647] {Default Queue} wl_registry#22.global(32, "aqueous_capture_color_manager_v1", 1)
[00:04:28.280648] {Default Queue} wl_registry#22.global(33, "ext_output_image_capture_source_manager_v1", 1)
[00:04:28.280649] {Default Queue} wl_registry#22.global(34, "zwlr_foreign_toplevel_manager_v1", 3)
[00:04:28.280650] {Default Queue} wl_registry#22.global(35, "ext_foreign_toplevel_list_v1", 1)
[00:04:28.280651] {Default Queue} wl_registry#22.global(36, "ext_foreign_toplevel_image_capture_source_manager_v1", 1)
[00:04:28.280652] {Default Queue} wl_registry#22.global(37, "wp_tearing_control_manager_v1", 1)
[00:04:28.280653] {Default Queue} wl_registry#22.global(38, "zwp_linux_dmabuf_v1", 5)
[00:04:28.280654] {Default Queue} wl_registry#22.global(39, "wp_linux_drm_syncobj_manager_v1", 1)
[00:04:28.280656] {Default Queue} wl_registry#22.global(40, "wp_color_manager_v1", 3)
[00:04:28.280656] {Default Queue} wl_registry#22.global(41, "aqueous_window_manager_v1", 10)
[00:04:28.280657] {Default Queue} wl_registry#22.global(42, "ext_workspace_manager_v1", 1)
[00:04:28.280658] {Default Queue} wl_registry#22.global(43, "aqueous_window_info_manager_v1", 8)
[00:04:28.280659] {Default Queue} wl_registry#22.global(44, "aqueous_xkb_bindings_v1", 3)
[00:04:28.280660] {Default Queue} wl_registry#22.global(45, "aqueous_layer_shell_v1", 1)
[00:04:28.280661] {Default Queue} wl_registry#22.global(46, "zwlr_layer_shell_v1", 4)
[00:04:28.280662] {Default Queue} wl_registry#22.global(47, "zwlr_gamma_control_manager_v1", 1)
[00:04:28.280663] {Default Queue} wl_registry#22.global(48, "wp_presentation", 2)
[00:04:28.280664] {Default Queue} wl_registry#22.global(49, "zxdg_output_manager_v1", 3)
[00:04:28.280665] {Default Queue} wl_registry#22.global(50, "zwlr_output_manager_v1", 4)
[00:04:28.280666] {Default Queue} wl_registry#22.global(51, "zwlr_output_power_manager_v1", 1)
[00:04:28.280667] {Default Queue} wl_registry#22.global(52, "aqueous_input_manager_v1", 2)
[00:04:28.280668] {Default Queue} wl_registry#22.global(53, "ext_idle_notifier_v1", 2)
[00:04:28.280668] {Default Queue} wl_registry#22.global(54, "zwp_relative_pointer_manager_v1", 1)
[00:04:28.280669] {Default Queue} wl_registry#22.global(55, "zwp_pointer_gestures_v1", 3)
[00:04:28.280670] {Default Queue} wl_registry#22.global(56, "zwlr_virtual_pointer_manager_v1", 2)
[00:04:28.280671] {Default Queue} wl_registry#22.global(57, "zwp_virtual_keyboard_manager_v1", 1)
[00:04:28.280672] {Default Queue} wl_registry#22.global(58, "zwp_pointer_constraints_v1", 1)
[00:04:28.280673] {Default Queue} wl_registry#22.global(59, "zwp_input_method_manager_v2", 1)
[00:04:28.280674] {Default Queue} wl_registry#22.global(60, "zwp_text_input_manager_v3", 1)
[00:04:28.280675] {Default Queue} wl_registry#22.global(61, "zwp_tablet_manager_v2", 1)
[00:04:28.280676] {Default Queue} wl_registry#22.global(62, "wp_pointer_warp_v1", 1)
[00:04:28.280677] {Default Queue} wl_registry#22.global(63, "wl_seat", 9)
[00:04:28.280677] {Default Queue} wl_registry#22.global(64, "aqueous_libinput_config_v1", 2)
[00:04:28.280678] {Default Queue} wl_registry#22.global(65, "aqueous_xkb_config_v1", 2)
[00:04:28.280679] {Default Queue} wl_registry#22.global(66, "zwp_idle_inhibit_manager_v1", 1)
[00:04:28.280680] {Default Queue} wl_registry#22.global(67, "ext_session_lock_manager_v1", 1)
[00:04:28.280681] {Default Queue} wl_registry#22.global(68, "aqueous_shell_manager_v1", 2)
[00:04:28.280682] {Default Queue} wl_registry#22.global(69, "zwp_keyboard_shortcuts_inhibit_manager_v1", 1)
[00:04:28.280683] {Default Queue} wl_registry#22.global(70, "ext_background_effect_manager_v1", 1)
[00:04:28.280684] {Default Queue} wl_registry#22.global(71, "xdg_system_bell_v1", 1)
[00:04:28.280685] {Default Queue} wl_registry#22.global(72, "wl_output", 4)
[00:04:28.280686] {Default Queue} wl_registry#22.global(73, "wl_output", 4)
[00:04:28.280695] {Display Queue} wl_display#1.delete_id(45)
[00:04:28.280697] {Default Queue} wl_registry#44.global(1, "wl_compositor", 6)
[00:04:28.280698] {Default Queue} wl_registry#44.global(2, "wl_fixes", 1)
[00:04:28.280699] {Default Queue} wl_registry#44.global(3, "wp_security_context_manager_v1", 1)
[00:04:28.280700] {Default Queue} wl_registry#44.global(4, "wl_shm", 2)
[00:04:28.280704] {Default Queue} wl_registry#44.global(5, "wp_single_pixel_buffer_manager_v1", 1)
[00:04:28.280705] {Default Queue} wl_registry#44.global(6, "wp_alpha_modifier_v1", 1)
[00:04:28.280706] {Default Queue} wl_registry#44.global(7, "wp_color_representation_manager_v1", 1)
[00:04:28.280706] {Default Queue} wl_registry#44.global(8, "wp_content_type_manager_v1", 1)
[00:04:28.280707] {Default Queue} wl_registry#44.global(9, "wp_fifo_manager_v1", 1)
[00:04:28.280708] {Default Queue} wl_registry#44.global(10, "wp_commit_timing_manager_v1", 1)
[00:04:28.280709] {Default Queue} wl_registry#44.global(11, "xdg_wm_dialog_v1", 1)
[00:04:28.280710] {Default Queue} wl_registry#44.global(12, "xdg_toplevel_drag_manager_v1", 1)
[00:04:28.280711] {Default Queue} wl_registry#44.global(13, "xdg_toplevel_icon_manager_v1", 1)
[00:04:28.280712] {Default Queue} wl_registry#44.global(14, "xdg_toplevel_tag_manager_v1", 1)
[00:04:28.280713] {Default Queue} wl_registry#44.global(15, "wp_viewporter", 1)
[00:04:28.280714] {Default Queue} wl_registry#44.global(16, "wp_fractional_scale_manager_v1", 1)
[00:04:28.280715] {Default Queue} wl_registry#44.global(17, "wl_subcompositor", 1)
[00:04:28.280716] {Default Queue} wl_registry#44.global(18, "wp_cursor_shape_manager_v1", 2)
[00:04:28.280717] {Default Queue} wl_registry#44.global(19, "xdg_wm_base", 7)
[00:04:28.280718] {Default Queue} wl_registry#44.global(20, "zxdg_decoration_manager_v1", 1)
[00:04:28.280719] {Default Queue} wl_registry#44.global(21, "org_kde_kwin_server_decoration_manager", 1)
[00:04:28.280720] {Default Queue} wl_registry#44.global(22, "xdg_activation_v1", 1)
[00:04:28.280721] {Default Queue} wl_registry#44.global(23, "zxdg_exporter_v2", 1)
[00:04:28.280722] {Default Queue} wl_registry#44.global(24, "zxdg_importer_v2", 1)
[00:04:28.280723] {Default Queue} wl_registry#44.global(25, "wl_data_device_manager", 3)
[00:04:28.280723] {Default Queue} wl_registry#44.global(26, "zwp_primary_selection_device_manager_v1", 1)
[00:04:28.280724] {Default Queue} wl_registry#44.global(27, "ext_data_control_manager_v1", 1)
[00:04:28.280725] {Default Queue} wl_registry#44.global(28, "zwlr_data_control_manager_v1", 2)
[00:04:28.280726] {Default Queue} wl_registry#44.global(29, "zwlr_export_dmabuf_manager_v1", 1)
[00:04:28.280727] {Default Queue} wl_registry#44.global(30, "zwlr_screencopy_manager_v1", 3)
[00:04:28.280728] {Default Queue} wl_registry#44.global(31, "ext_image_copy_capture_manager_v1", 1)
[00:04:28.280729] {Default Queue} wl_registry#44.global(32, "aqueous_capture_color_manager_v1", 1)
[00:04:28.280730] {Default Queue} wl_registry#44.global(33, "ext_output_image_capture_source_manager_v1", 1)
[00:04:28.280731] {Default Queue} wl_registry#44.global(34, "zwlr_foreign_toplevel_manager_v1", 3)
[00:04:28.280732] {Default Queue} wl_registry#44.global(35, "ext_foreign_toplevel_list_v1", 1)
[00:04:28.280733] {Default Queue} wl_registry#44.global(36, "ext_foreign_toplevel_image_capture_source_manager_v1", 1)
[00:04:28.280734] {Default Queue} wl_registry#44.global(37, "wp_tearing_control_manager_v1", 1)
[00:04:28.280735] {Default Queue} wl_registry#44.global(38, "zwp_linux_dmabuf_v1", 5)
[00:04:28.280736] {Default Queue} wl_registry#44.global(39, "wp_linux_drm_syncobj_manager_v1", 1)
[00:04:28.280737] {Default Queue} wl_registry#44.global(40, "wp_color_manager_v1", 3)
[00:04:28.280738] {Default Queue} wl_registry#44.global(41, "aqueous_window_manager_v1", 10)
[00:04:28.280739] {Default Queue} wl_registry#44.global(42, "ext_workspace_manager_v1", 1)
[00:04:28.280740] {Default Queue} wl_registry#44.global(43, "aqueous_window_info_manager_v1", 8)
[00:04:28.280741] {Default Queue} wl_registry#44.global(44, "aqueous_xkb_bindings_v1", 3)
[00:04:28.280742] {Default Queue} wl_registry#44.global(45, "aqueous_layer_shell_v1", 1)
[00:04:28.280743] {Default Queue} wl_registry#44.global(46, "zwlr_layer_shell_v1", 4)
[00:04:28.280744] {Default Queue}  -> wl_registry#44.bind(46, "zwlr_layer_shell_v1", 4, new id [unknown]#49)
[00:04:28.280745] {Default Queue} wl_registry#44.global(47, "zwlr_gamma_control_manager_v1", 1)
[00:04:28.280746] {Default Queue} wl_registry#44.global(48, "wp_presentation", 2)
[00:04:28.280747] {Default Queue} wl_registry#44.global(49, "zxdg_output_manager_v1", 3)
[00:04:28.280748] {Default Queue} wl_registry#44.global(50, "zwlr_output_manager_v1", 4)
[00:04:28.280749] {Default Queue} wl_registry#44.global(51, "zwlr_output_power_manager_v1", 1)
[00:04:28.280750] {Default Queue} wl_registry#44.global(52, "aqueous_input_manager_v1", 2)
[00:04:28.280751] {Default Queue} wl_registry#44.global(53, "ext_idle_notifier_v1", 2)
[00:04:28.280752] {Default Queue} wl_registry#44.global(54, "zwp_relative_pointer_manager_v1", 1)
[00:04:28.280753] {Default Queue} wl_registry#44.global(55, "zwp_pointer_gestures_v1", 3)
[00:04:28.280754] {Default Queue} wl_registry#44.global(56, "zwlr_virtual_pointer_manager_v1", 2)
[00:04:28.280755] {Default Queue} wl_registry#44.global(57, "zwp_virtual_keyboard_manager_v1", 1)
[00:04:28.280756] {Default Queue} wl_registry#44.global(58, "zwp_pointer_constraints_v1", 1)
[00:04:28.280757] {Default Queue} wl_registry#44.global(59, "zwp_input_method_manager_v2", 1)
[00:04:28.280758] {Default Queue} wl_registry#44.global(60, "zwp_text_input_manager_v3", 1)
[00:04:28.280759] {Default Queue} wl_registry#44.global(61, "zwp_tablet_manager_v2", 1)
[00:04:28.280760] {Default Queue} wl_registry#44.global(62, "wp_pointer_warp_v1", 1)
[00:04:28.280761] {Default Queue} wl_registry#44.global(63, "wl_seat", 9)
[00:04:28.280762] {Default Queue} wl_registry#44.global(64, "aqueous_libinput_config_v1", 2)
[00:04:28.280763] {Default Queue} wl_registry#44.global(65, "aqueous_xkb_config_v1", 2)
[00:04:28.280764] {Default Queue} wl_registry#44.global(66, "zwp_idle_inhibit_manager_v1", 1)
[00:04:28.280765] {Default Queue} wl_registry#44.global(67, "ext_session_lock_manager_v1", 1)
[00:04:28.280766] {Default Queue}  -> wl_registry#44.bind(67, "ext_session_lock_manager_v1", 1, new id [unknown]#50)
[00:04:28.280768] {Default Queue} wl_registry#44.global(68, "aqueous_shell_manager_v1", 2)
[00:04:28.280769] {Default Queue} wl_registry#44.global(69, "zwp_keyboard_shortcuts_inhibit_manager_v1", 1)
[00:04:28.280770] {Default Queue} wl_registry#44.global(70, "ext_background_effect_manager_v1", 1)
[00:04:28.280771] {Default Queue} wl_registry#44.global(71, "xdg_system_bell_v1", 1)
[00:04:28.280772] {Default Queue} wl_registry#44.global(72, "wl_output", 4)
[00:04:28.280773] {Default Queue} wl_registry#44.global(73, "wl_output", 4)
[00:04:28.280774] {Default Queue} wl_callback#45.done(6)
[00:04:28.280775] {Default Queue} aqueous_shell_manager_v1#47.capabilities("{"schema":1,"session":"ee70fb5c9c933580b47e97e9e64435c9","max_batch_bytes":4194304,"state":true,"commands":true,"keyboard":true,"overview":true,"config_reload":true,"shortcut_inhibition":true,"icon_metadata":true,"geometry":"committed-content-global-logical"}")
[00:04:28.280801] {Default Queue}  -> aqueous_shell_manager_v1#47.destroy()
[00:04:28.280804] {Default Queue} ext_background_effect_manager_v1#48.capabilities(1)
info: event=blur-capability available=true
[00:04:28.280820] {Default Queue}  -> wl_display#1.get_registry(new id wl_registry#45)
[00:04:28.281208] {Default Queue}  -> wl_display#1.get_registry(new id wl_registry#51)
[00:04:28.281214] {Default Queue}  -> wl_display#1.get_registry(new id wl_registry#52)
info(pearl): event=aqueous-availability state=connecting
info(pearl): event=ready mode=session
[00:04:28.281545] {Display Queue} wl_display#1.delete_id(47)
[00:04:28.281548] {Default Queue} wl_registry#45.global(1, "wl_compositor", 6)
[00:04:28.281550] {Default Queue} wl_registry#45.global(2, "wl_fixes", 1)
[00:04:28.281551] {Default Queue} wl_registry#45.global(3, "wp_security_context_manager_v1", 1)
[00:04:28.281552] {Default Queue} wl_registry#45.global(4, "wl_shm", 2)
[00:04:28.281552] {Default Queue} wl_registry#45.global(5, "wp_single_pixel_buffer_manager_v1", 1)
[00:04:28.281553] {Default Queue} wl_registry#45.global(6, "wp_alpha_modifier_v1", 1)
[00:04:28.281554] {Default Queue} wl_registry#45.global(7, "wp_color_representation_manager_v1", 1)
[00:04:28.281554] {Default Queue} wl_registry#45.global(8, "wp_content_type_manager_v1", 1)
[00:04:28.281555] {Default Queue} wl_registry#45.global(9, "wp_fifo_manager_v1", 1)
[00:04:28.281555] {Default Queue} wl_registry#45.global(10, "wp_commit_timing_manager_v1", 1)
[00:04:28.281556] {Default Queue} wl_registry#45.global(11, "xdg_wm_dialog_v1", 1)
[00:04:28.281556] {Default Queue} wl_registry#45.global(12, "xdg_toplevel_drag_manager_v1", 1)
[00:04:28.281557] {Default Queue} wl_registry#45.global(13, "xdg_toplevel_icon_manager_v1", 1)
[00:04:28.281558] {Default Queue} wl_registry#45.global(14, "xdg_toplevel_tag_manager_v1", 1)
[00:04:28.281558] {Default Queue} wl_registry#45.global(15, "wp_viewporter", 1)
[00:04:28.281559] {Default Queue} wl_registry#45.global(16, "wp_fractional_scale_manager_v1", 1)
[00:04:28.281559] {Default Queue} wl_registry#45.global(17, "wl_subcompositor", 1)
[00:04:28.281560] {Default Queue} wl_registry#45.global(18, "wp_cursor_shape_manager_v1", 2)
[00:04:28.281560] {Default Queue} wl_registry#45.global(19, "xdg_wm_base", 7)
[00:04:28.281561] {Default Queue} wl_registry#45.global(20, "zxdg_decoration_manager_v1", 1)
[00:04:28.281561] {Default Queue} wl_registry#45.global(21, "org_kde_kwin_server_decoration_manager", 1)
[00:04:28.281562] {Default Queue} wl_registry#45.global(22, "xdg_activation_v1", 1)
[00:04:28.281562] {Default Queue} wl_registry#45.global(23, "zxdg_exporter_v2", 1)
[00:04:28.281563] {Default Queue} wl_registry#45.global(24, "zxdg_importer_v2", 1)
[00:04:28.281564] {Default Queue} wl_registry#45.global(25, "wl_data_device_manager", 3)
[00:04:28.281564] {Default Queue} wl_registry#45.global(26, "zwp_primary_selection_device_manager_v1", 1)
[00:04:28.281565] {Default Queue} wl_registry#45.global(27, "ext_data_control_manager_v1", 1)
[00:04:28.281565] {Default Queue} wl_registry#45.global(28, "zwlr_data_control_manager_v1", 2)
[00:04:28.281566] {Default Queue} wl_registry#45.global(29, "zwlr_export_dmabuf_manager_v1", 1)
[00:04:28.281566] {Default Queue} wl_registry#45.global(30, "zwlr_screencopy_manager_v1", 3)
[00:04:28.281567] {Default Queue} wl_registry#45.global(31, "ext_image_copy_capture_manager_v1", 1)
[00:04:28.281567] {Default Queue} wl_registry#45.global(32, "aqueous_capture_color_manager_v1", 1)
[00:04:28.281568] {Default Queue} wl_registry#45.global(33, "ext_output_image_capture_source_manager_v1", 1)
[00:04:28.281569] {Default Queue} wl_registry#45.global(34, "zwlr_foreign_toplevel_manager_v1", 3)
[00:04:28.281569] {Default Queue} wl_registry#45.global(35, "ext_foreign_toplevel_list_v1", 1)
[00:04:28.281570] {Default Queue} wl_registry#45.global(36, "ext_foreign_toplevel_image_capture_source_manager_v1", 1)
[00:04:28.281571] {Default Queue} wl_registry#45.global(37, "wp_tearing_control_manager_v1", 1)
[00:04:28.281571] {Default Queue} wl_registry#45.global(38, "zwp_linux_dmabuf_v1", 5)
[00:04:28.281572] {Default Queue} wl_registry#45.global(39, "wp_linux_drm_syncobj_manager_v1", 1)
[00:04:28.281572] {Default Queue} wl_registry#45.global(40, "wp_color_manager_v1", 3)
[00:04:28.281573] {Default Queue} wl_registry#45.global(41, "aqueous_window_manager_v1", 10)
[00:04:28.281573] {Default Queue} wl_registry#45.global(42, "ext_workspace_manager_v1", 1)
[00:04:28.281574] {Default Queue} wl_registry#45.global(43, "aqueous_window_info_manager_v1", 8)
[00:04:28.281574] {Default Queue} wl_registry#45.global(44, "aqueous_xkb_bindings_v1", 3)
[00:04:28.281575] {Default Queue} wl_registry#45.global(45, "aqueous_layer_shell_v1", 1)
[00:04:28.281576] {Default Queue} wl_registry#45.global(46, "zwlr_layer_shell_v1", 4)
[00:04:28.281576] {Default Queue} wl_registry#45.global(47, "zwlr_gamma_control_manager_v1", 1)
[00:04:28.281577] {Default Queue} wl_registry#45.global(48, "wp_presentation", 2)
[00:04:28.281577] {Default Queue} wl_registry#45.global(49, "zxdg_output_manager_v1", 3)
[00:04:28.281578] {Default Queue} wl_registry#45.global(50, "zwlr_output_manager_v1", 4)
[00:04:28.281578] {Default Queue} wl_registry#45.global(51, "zwlr_output_power_manager_v1", 1)
[00:04:28.281579] {Default Queue} wl_registry#45.global(52, "aqueous_input_manager_v1", 2)
[00:04:28.281579] {Default Queue} wl_registry#45.global(53, "ext_idle_notifier_v1", 2)
[00:04:28.281580] {Default Queue}  -> wl_registry#45.bind(53, "ext_idle_notifier_v1", 1, new id [unknown]#47)
[00:04:28.281582] {Default Queue} wl_registry#45.global(54, "zwp_relative_pointer_manager_v1", 1)
[00:04:28.281582] {Default Queue} wl_registry#45.global(55, "zwp_pointer_gestures_v1", 3)
[00:04:28.281583] {Default Queue} wl_registry#45.global(56, "zwlr_virtual_pointer_manager_v1", 2)
[00:04:28.281583] {Default Queue} wl_registry#45.global(57, "zwp_virtual_keyboard_manager_v1", 1)
[00:04:28.281584] {Default Queue} wl_registry#45.global(58, "zwp_pointer_constraints_v1", 1)
[00:04:28.281584] {Default Queue} wl_registry#45.global(59, "zwp_input_method_manager_v2", 1)
[00:04:28.281585] {Default Queue} wl_registry#45.global(60, "zwp_text_input_manager_v3", 1)
[00:04:28.281586] {Default Queue} wl_registry#45.global(61, "zwp_tablet_manager_v2", 1)
[00:04:28.281586] {Default Queue} wl_registry#45.global(62, "wp_pointer_warp_v1", 1)
[00:04:28.281587] {Default Queue} wl_registry#45.global(63, "wl_seat", 9)
[00:04:28.281587] {Default Queue}  -> wl_registry#45.bind(63, "wl_seat", 5, new id [unknown]#53)
[00:04:28.281590] {Default Queue} wl_registry#45.global(64, "aqueous_libinput_config_v1", 2)
[00:04:28.281590] {Default Queue} wl_registry#45.global(65, "aqueous_xkb_config_v1", 2)
[00:04:28.281591] {Default Queue} wl_registry#45.global(66, "zwp_idle_inhibit_manager_v1", 1)
[00:04:28.281591] {Default Queue} wl_registry#45.global(67, "ext_session_lock_manager_v1", 1)
[00:04:28.281592] {Default Queue} wl_registry#45.global(68, "aqueous_shell_manager_v1", 2)
[00:04:28.281592] {Default Queue} wl_registry#45.global(69, "zwp_keyboard_shortcuts_inhibit_manager_v1", 1)
[00:04:28.281593] {Default Queue} wl_registry#45.global(70, "ext_background_effect_manager_v1", 1)
[00:04:28.281594] {Default Queue} wl_registry#45.global(71, "xdg_system_bell_v1", 1)
[00:04:28.281594] {Default Queue} wl_registry#45.global(72, "wl_output", 4)
[00:04:28.281595] {Default Queue} wl_registry#45.global(73, "wl_output", 4)
[00:04:28.281595] {Default Queue} wl_registry#51.global(1, "wl_compositor", 6)
[00:04:28.281596] {Default Queue} wl_registry#51.global(2, "wl_fixes", 1)
[00:04:28.281597] {Default Queue} wl_registry#51.global(3, "wp_security_context_manager_v1", 1)
[00:04:28.281597] {Default Queue} wl_registry#51.global(4, "wl_shm", 2)
[00:04:28.281598] {Default Queue} wl_registry#51.global(5, "wp_single_pixel_buffer_manager_v1", 1)
[00:04:28.281599] {Default Queue} wl_registry#51.global(6, "wp_alpha_modifier_v1", 1)
[00:04:28.281599] {Default Queue} wl_registry#51.global(7, "wp_color_representation_manager_v1", 1)
[00:04:28.281600] {Default Queue} wl_registry#51.global(8, "wp_content_type_manager_v1", 1)
[00:04:28.281600] {Default Queue} wl_registry#51.global(9, "wp_fifo_manager_v1", 1)
[00:04:28.281601] {Default Queue} wl_registry#51.global(10, "wp_commit_timing_manager_v1", 1)
[00:04:28.281601] {Default Queue} wl_registry#51.global(11, "xdg_wm_dialog_v1", 1)
[00:04:28.281602] {Default Queue} wl_registry#51.global(12, "xdg_toplevel_drag_manager_v1", 1)
[00:04:28.281602] {Default Queue} wl_registry#51.global(13, "xdg_toplevel_icon_manager_v1", 1)
[00:04:28.281603] {Default Queue} wl_registry#51.global(14, "xdg_toplevel_tag_manager_v1", 1)
[00:04:28.281603] {Default Queue} wl_registry#51.global(15, "wp_viewporter", 1)
[00:04:28.281604] {Default Queue} wl_registry#51.global(16, "wp_fractional_scale_manager_v1", 1)
[00:04:28.281605] {Default Queue} wl_registry#51.global(17, "wl_subcompositor", 1)
[00:04:28.281605] {Default Queue} wl_registry#51.global(18, "wp_cursor_shape_manager_v1", 2)
[00:04:28.281606] {Default Queue} wl_registry#51.global(19, "xdg_wm_base", 7)
[00:04:28.281606] {Default Queue} wl_registry#51.global(20, "zxdg_decoration_manager_v1", 1)
[00:04:28.281607] {Default Queue} wl_registry#51.global(21, "org_kde_kwin_server_decoration_manager", 1)
[00:04:28.281607] {Default Queue} wl_registry#51.global(22, "xdg_activation_v1", 1)
[00:04:28.281608] {Default Queue} wl_registry#51.global(23, "zxdg_exporter_v2", 1)
[00:04:28.281608] {Default Queue} wl_registry#51.global(24, "zxdg_importer_v2", 1)
[00:04:28.281609] {Default Queue} wl_registry#51.global(25, "wl_data_device_manager", 3)
[00:04:28.281609] {Default Queue} wl_registry#51.global(26, "zwp_primary_selection_device_manager_v1", 1)
[00:04:28.281610] {Default Queue} wl_registry#51.global(27, "ext_data_control_manager_v1", 1)
[00:04:28.281611] {Default Queue}  -> wl_registry#51.bind(27, "ext_data_control_manager_v1", 1, new id [unknown]#54)
[00:04:28.281611] {Default Queue} wl_registry#51.global(28, "zwlr_data_control_manager_v1", 2)
[00:04:28.281612] {Default Queue} wl_registry#51.global(29, "zwlr_export_dmabuf_manager_v1", 1)
[00:04:28.281613] {Default Queue} wl_registry#51.global(30, "zwlr_screencopy_manager_v1", 3)
[00:04:28.281613] {Default Queue} wl_registry#51.global(31, "ext_image_copy_capture_manager_v1", 1)
[00:04:28.281614] {Default Queue} wl_registry#51.global(32, "aqueous_capture_color_manager_v1", 1)
[00:04:28.281614] {Default Queue} wl_registry#51.global(33, "ext_output_image_capture_source_manager_v1", 1)
[00:04:28.281615] {Default Queue} wl_registry#51.global(34, "zwlr_foreign_toplevel_manager_v1", 3)
[00:04:28.281615] {Default Queue} wl_registry#51.global(35, "ext_foreign_toplevel_list_v1", 1)
[00:04:28.281616] {Default Queue} wl_registry#51.global(36, "ext_foreign_toplevel_image_capture_source_manager_v1", 1)
[00:04:28.281617] {Default Queue} wl_registry#51.global(37, "wp_tearing_control_manager_v1", 1)
[00:04:28.281617] {Default Queue} wl_registry#51.global(38, "zwp_linux_dmabuf_v1", 5)
[00:04:28.281618] {Default Queue} wl_registry#51.global(39, "wp_linux_drm_syncobj_manager_v1", 1)
[00:04:28.281618] {Default Queue} wl_registry#51.global(40, "wp_color_manager_v1", 3)
[00:04:28.281619] {Default Queue} wl_registry#51.global(41, "aqueous_window_manager_v1", 10)
[00:04:28.281619] {Default Queue} wl_registry#51.global(42, "ext_workspace_manager_v1", 1)
[00:04:28.281620] {Default Queue} wl_registry#51.global(43, "aqueous_window_info_manager_v1", 8)
[00:04:28.281620] {Default Queue} wl_registry#51.global(44, "aqueous_xkb_bindings_v1", 3)
[00:04:28.281621] {Default Queue} wl_registry#51.global(45, "aqueous_layer_shell_v1", 1)
[00:04:28.281621] {Default Queue} wl_registry#51.global(46, "zwlr_layer_shell_v1", 4)
[00:04:28.281622] {Default Queue} wl_registry#51.global(47, "zwlr_gamma_control_manager_v1", 1)
[00:04:28.281623] {Default Queue} wl_registry#51.global(48, "wp_presentation", 2)
[00:04:28.281623] {Default Queue} wl_registry#51.global(49, "zxdg_output_manager_v1", 3)
[00:04:28.281624] {Default Queue} wl_registry#51.global(50, "zwlr_output_manager_v1", 4)
[00:04:28.281624] {Default Queue} wl_registry#51.global(51, "zwlr_output_power_manager_v1", 1)
[00:04:28.281625] {Default Queue} wl_registry#51.global(52, "aqueous_input_manager_v1", 2)
[00:04:28.281625] {Default Queue} wl_registry#51.global(53, "ext_idle_notifier_v1", 2)
[00:04:28.281626] {Default Queue} wl_registry#51.global(54, "zwp_relative_pointer_manager_v1", 1)
[00:04:28.281626] {Default Queue} wl_registry#51.global(55, "zwp_pointer_gestures_v1", 3)
[00:04:28.281627] {Default Queue} wl_registry#51.global(56, "zwlr_virtual_pointer_manager_v1", 2)
[00:04:28.281627] {Default Queue} wl_registry#51.global(57, "zwp_virtual_keyboard_manager_v1", 1)
[00:04:28.281628] {Default Queue} wl_registry#51.global(58, "zwp_pointer_constraints_v1", 1)
[00:04:28.281628] {Default Queue} wl_registry#51.global(59, "zwp_input_method_manager_v2", 1)
[00:04:28.281629] {Default Queue} wl_registry#51.global(60, "zwp_text_input_manager_v3", 1)
[00:04:28.281630] {Default Queue} wl_registry#51.global(61, "zwp_tablet_manager_v2", 1)
[00:04:28.281630] {Default Queue} wl_registry#51.global(62, "wp_pointer_warp_v1", 1)
[00:04:28.281631] {Default Queue} wl_registry#51.global(63, "wl_seat", 9)
[00:04:28.281631] {Default Queue}  -> wl_registry#51.bind(63, "wl_seat", 5, new id [unknown]#55)
[00:04:28.281632] {Default Queue} wl_registry#51.global(64, "aqueous_libinput_config_v1", 2)
[00:04:28.281633] {Default Queue} wl_registry#51.global(65, "aqueous_xkb_config_v1", 2)
[00:04:28.281633] {Default Queue} wl_registry#51.global(66, "zwp_idle_inhibit_manager_v1", 1)
[00:04:28.281634] {Default Queue} wl_registry#51.global(67, "ext_session_lock_manager_v1", 1)
[00:04:28.281634] {Default Queue} wl_registry#51.global(68, "aqueous_shell_manager_v1", 2)
[00:04:28.281635] {Default Queue} wl_registry#51.global(69, "zwp_keyboard_shortcuts_inhibit_manager_v1", 1)
[00:04:28.281635] {Default Queue} wl_registry#51.global(70, "ext_background_effect_manager_v1", 1)
[00:04:28.281636] {Default Queue} wl_registry#51.global(71, "xdg_system_bell_v1", 1)
[00:04:28.281637] {Default Queue} wl_registry#51.global(72, "wl_output", 4)
[00:04:28.281637] {Default Queue} wl_registry#51.global(73, "wl_output", 4)
[00:04:28.281638] {Default Queue} wl_registry#52.global(1, "wl_compositor", 6)
[00:04:28.281639] {Default Queue} wl_registry#52.global(2, "wl_fixes", 1)
[00:04:28.281640] {Default Queue} wl_registry#52.global(3, "wp_security_context_manager_v1", 1)
[00:04:28.281641] {Default Queue} wl_registry#52.global(4, "wl_shm", 2)
[00:04:28.281641] {Default Queue}  -> wl_registry#52.bind(4, "wl_shm", 1, new id [unknown]#56)
[00:04:28.281642] {Default Queue} wl_registry#52.global(5, "wp_single_pixel_buffer_manager_v1", 1)
[00:04:28.281643] {Default Queue} wl_registry#52.global(6, "wp_alpha_modifier_v1", 1)
[00:04:28.281643] {Default Queue} wl_registry#52.global(7, "wp_color_representation_manager_v1", 1)
[00:04:28.281644] {Default Queue} wl_registry#52.global(8, "wp_content_type_manager_v1", 1)
[00:04:28.281645] {Default Queue} wl_registry#52.global(9, "wp_fifo_manager_v1", 1)
[00:04:28.281645] {Default Queue} wl_registry#52.global(10, "wp_commit_timing_manager_v1", 1)
[00:04:28.281646] {Default Queue} wl_registry#52.global(11, "xdg_wm_dialog_v1", 1)
[00:04:28.281647] {Default Queue} wl_registry#52.global(12, "xdg_toplevel_drag_manager_v1", 1)
[00:04:28.281647] {Default Queue} wl_registry#52.global(13, "xdg_toplevel_icon_manager_v1", 1)
[00:04:28.281648] {Default Queue} wl_registry#52.global(14, "xdg_toplevel_tag_manager_v1", 1)
[00:04:28.281648] {Default Queue} wl_registry#52.global(15, "wp_viewporter", 1)
[00:04:28.281649] {Default Queue} wl_registry#52.global(16, "wp_fractional_scale_manager_v1", 1)
[00:04:28.281650] {Default Queue} wl_registry#52.global(17, "wl_subcompositor", 1)
[00:04:28.281650] {Default Queue} wl_registry#52.global(18, "wp_cursor_shape_manager_v1", 2)
[00:04:28.281651] {Default Queue} wl_registry#52.global(19, "xdg_wm_base", 7)
[00:04:28.281651] {Default Queue} wl_registry#52.global(20, "zxdg_decoration_manager_v1", 1)
[00:04:28.281652] {Default Queue} wl_registry#52.global(21, "org_kde_kwin_server_decoration_manager", 1)
[00:04:28.281653] {Default Queue} wl_registry#52.global(22, "xdg_activation_v1", 1)
[00:04:28.281653] {Default Queue} wl_registry#52.global(23, "zxdg_exporter_v2", 1)
[00:04:28.281654] {Default Queue} wl_registry#52.global(24, "zxdg_importer_v2", 1)
[00:04:28.281654] {Default Queue} wl_registry#52.global(25, "wl_data_device_manager", 3)
[00:04:28.281655] {Default Queue} wl_registry#52.global(26, "zwp_primary_selection_device_manager_v1", 1)
[00:04:28.281656] {Default Queue} wl_registry#52.global(27, "ext_data_control_manager_v1", 1)
[00:04:28.281656] {Default Queue} wl_registry#52.global(28, "zwlr_data_control_manager_v1", 2)
[00:04:28.281657] {Default Queue} wl_registry#52.global(29, "zwlr_export_dmabuf_manager_v1", 1)
[00:04:28.281657] {Default Queue} wl_registry#52.global(30, "zwlr_screencopy_manager_v1", 3)
[00:04:28.281658] {Default Queue}  -> wl_registry#52.bind(30, "zwlr_screencopy_manager_v1", 3, new id [unknown]#57)
[00:04:28.281659] {Default Queue} wl_registry#52.global(31, "ext_image_copy_capture_manager_v1", 1)
[00:04:28.281659] {Default Queue}  -> wl_registry#52.bind(31, "ext_image_copy_capture_manager_v1", 1, new id [unknown]#58)
[00:04:28.281660] {Default Queue} wl_registry#52.global(32, "aqueous_capture_color_manager_v1", 1)
[00:04:28.281661] {Default Queue}  -> wl_registry#52.bind(32, "aqueous_capture_color_manager_v1", 1, new id [unknown]#59)
[00:04:28.281661] {Default Queue} wl_registry#52.global(33, "ext_output_image_capture_source_manager_v1", 1)
[00:04:28.281662] {Default Queue}  -> wl_registry#52.bind(33, "ext_output_image_capture_source_manager_v1", 1, new id [unknown]#60)
[00:04:28.281663] {Default Queue} wl_registry#52.global(34, "zwlr_foreign_toplevel_manager_v1", 3)
[00:04:28.281664] {Default Queue} wl_registry#52.global(35, "ext_foreign_toplevel_list_v1", 1)
[00:04:28.281665] {Default Queue}  -> wl_registry#52.bind(35, "ext_foreign_toplevel_list_v1", 1, new id [unknown]#61)
[00:04:28.281665] {Default Queue} wl_registry#52.global(36, "ext_foreign_toplevel_image_capture_source_manager_v1", 1)
[00:04:28.281666] {Default Queue}  -> wl_registry#52.bind(36, "ext_foreign_toplevel_image_capture_source_manager_v1", 1, new id [unknown]#62)
[00:04:28.281667] {Default Queue} wl_registry#52.global(37, "wp_tearing_control_manager_v1", 1)
[00:04:28.281667] {Default Queue} wl_registry#52.global(38, "zwp_linux_dmabuf_v1", 5)
[00:04:28.281668] {Default Queue} wl_registry#52.global(39, "wp_linux_drm_syncobj_manager_v1", 1)
[00:04:28.281669] {Default Queue} wl_registry#52.global(40, "wp_color_manager_v1", 3)
[00:04:28.281669] {Default Queue} wl_registry#52.global(41, "aqueous_window_manager_v1", 10)
[00:04:28.281670] {Default Queue} wl_registry#52.global(42, "ext_workspace_manager_v1", 1)
[00:04:28.281671] {Default Queue} wl_registry#52.global(43, "aqueous_window_info_manager_v1", 8)
[00:04:28.281673] {Default Queue} wl_registry#52.global(44, "aqueous_xkb_bindings_v1", 3)
[00:04:28.281674] {Default Queue} wl_registry#52.global(45, "aqueous_layer_shell_v1", 1)
[00:04:28.281674] {Default Queue} wl_registry#52.global(46, "zwlr_layer_shell_v1", 4)
[00:04:28.281675] {Default Queue} wl_registry#52.global(47, "zwlr_gamma_control_manager_v1", 1)
[00:04:28.281675] {Default Queue} wl_registry#52.global(48, "wp_presentation", 2)
[00:04:28.281676] {Default Queue} wl_registry#52.global(49, "zxdg_output_manager_v1", 3)
[00:04:28.281677] {Default Queue} wl_registry#52.global(50, "zwlr_output_manager_v1", 4)
[00:04:28.281677] {Default Queue} wl_registry#52.global(51, "zwlr_output_power_manager_v1", 1)
[00:04:28.281678] {Default Queue} wl_registry#52.global(52, "aqueous_input_manager_v1", 2)
[00:04:28.281678] {Default Queue} wl_registry#52.global(53, "ext_idle_notifier_v1", 2)
[00:04:28.281679] {Default Queue} wl_registry#52.global(54, "zwp_relative_pointer_manager_v1", 1)
[00:04:28.281680] {Default Queue} wl_registry#52.global(55, "zwp_pointer_gestures_v1", 3)
[00:04:28.281680] {Default Queue} wl_registry#52.global(56, "zwlr_virtual_pointer_manager_v1", 2)
[00:04:28.281681] {Default Queue} wl_registry#52.global(57, "zwp_virtual_keyboard_manager_v1", 1)
[00:04:28.281681] {Default Queue} wl_registry#52.global(58, "zwp_pointer_constraints_v1", 1)
[00:04:28.281682] {Default Queue} wl_registry#52.global(59, "zwp_input_method_manager_v2", 1)
[00:04:28.281682] {Default Queue} wl_registry#52.global(60, "zwp_text_input_manager_v3", 1)
[00:04:28.281683] {Default Queue} wl_registry#52.global(61, "zwp_tablet_manager_v2", 1)
[00:04:28.281684] {Default Queue} wl_registry#52.global(62, "wp_pointer_warp_v1", 1)
[00:04:28.281684] {Default Queue} wl_registry#52.global(63, "wl_seat", 9)
[00:04:28.281685] {Default Queue} wl_registry#52.global(64, "aqueous_libinput_config_v1", 2)
[00:04:28.281685] {Default Queue} wl_registry#52.global(65, "aqueous_xkb_config_v1", 2)
[00:04:28.281686] {Default Queue} wl_registry#52.global(66, "zwp_idle_inhibit_manager_v1", 1)
[00:04:28.281686] {Default Queue} wl_registry#52.global(67, "ext_session_lock_manager_v1", 1)
[00:04:28.281687] {Default Queue} wl_registry#52.global(68, "aqueous_shell_manager_v1", 2)
[00:04:28.281688] {Default Queue} wl_registry#52.global(69, "zwp_keyboard_shortcuts_inhibit_manager_v1", 1)
[00:04:28.281688] {Default Queue} wl_registry#52.global(70, "ext_background_effect_manager_v1", 1)
[00:04:28.281689] {Default Queue} wl_registry#52.global(71, "xdg_system_bell_v1", 1)
[00:04:28.281689] {Default Queue} wl_registry#52.global(72, "wl_output", 4)
[00:04:28.281690] {Default Queue}  -> wl_registry#52.bind(72, "wl_output", 4, new id [unknown]#63)
[00:04:28.281691] {Default Queue} wl_registry#52.global(73, "wl_output", 4)
[00:04:28.281692] {Default Queue}  -> wl_registry#52.bind(73, "wl_output", 4, new id [unknown]#64)
[00:04:28.281841] {Default Queue} wl_seat#53.name("default")
[00:04:28.281842] {Default Queue} wl_seat#53.capabilities(0)
[00:04:28.281930] {Default Queue} wl_seat#55.name("default")
[00:04:28.281931] {Default Queue} wl_seat#55.capabilities(0)
[00:04:28.281931] {Default Queue} wl_shm#56.format(538982482)
[00:04:28.281932] {Default Queue} wl_shm#56.format(1210064978)
[00:04:28.281933] {Default Queue} wl_shm#56.format(1176510546)
[00:04:28.281933] {Default Queue} wl_shm#56.format(943215175)
[00:04:28.281934] {Default Queue} wl_shm#56.format(1210077767)
[00:04:28.281934] {Default Queue} wl_shm#56.format(1176523335)
[00:04:28.281935] {Default Queue} wl_shm#56.format(1)
[00:04:28.281935] {Default Queue} wl_shm#56.format(875709016)
[00:04:28.281936] {Default Queue} wl_shm#56.format(0)
[00:04:28.281936] {Default Queue} wl_shm#56.format(875708993)
[00:04:28.281936] {Default Queue} wl_shm#56.format(842088786)
[00:04:28.281937] {Default Queue} wl_shm#56.format(842094674)
[00:04:28.281937] {Default Queue} wl_shm#56.format(842088770)
[00:04:28.281938] {Default Queue} wl_shm#56.format(842094658)
[00:04:28.281938] {Default Queue} wl_shm#56.format(909199186)
[00:04:28.281939] {Default Queue} wl_shm#56.format(909199170)
[00:04:28.281939] {Default Queue} wl_shm#56.format(892420434)
[00:04:28.281940] {Default Queue} wl_shm#56.format(892426322)
[00:04:28.281940] {Default Queue} wl_shm#56.format(892420418)
[00:04:28.281941] {Default Queue} wl_shm#56.format(892426306)
[00:04:28.281941] {Default Queue} wl_shm#56.format(892424769)
[00:04:28.281942] {Default Queue} wl_shm#56.format(892424792)
[00:04:28.281942] {Default Queue} wl_shm#56.format(808669761)
[00:04:28.281942] {Default Queue} wl_shm#56.format(808669784)
[00:04:28.281943] {Default Queue} wl_shm#56.format(808665665)
[00:04:28.281943] {Default Queue} wl_shm#56.format(808665688)
[00:04:28.281944] {Default Queue} wl_shm#56.format(942948929)
[00:04:28.281944] {Default Queue} wl_shm#56.format(942948952)
[00:04:28.281945] {Default Queue} wl_shm#56.format(1211384385)
[00:04:28.281945] {Default Queue} wl_shm#56.format(1211384408)
[00:04:28.281946] {Default Queue} wl_shm#56.format(1178092097)
[00:04:28.281946] {Default Queue} ext_foreign_toplevel_list_v1#61.toplevel(new id ext_foreign_toplevel_handle_v1#4278190080)
[00:04:28.281948] {Default Queue} ext_foreign_toplevel_handle_v1#4278190080.title("Pearl · Component gallery")
[00:04:28.281949] {Default Queue} ext_foreign_toplevel_handle_v1#4278190080.app_id("pearl")
[00:04:28.281950] {Default Queue} ext_foreign_toplevel_handle_v1#4278190080.identifier("157f82f46b57ae016d5682614b69faf3")
[00:04:28.281951] {Default Queue} ext_foreign_toplevel_handle_v1#4278190080.done()
[00:04:28.281952] {Default Queue} wl_output#63.geometry(0, 0, 0, 0, 0, "Unknown", "Unknown", 0)
[00:04:28.281953] {Default Queue} wl_output#63.mode(1, 1280, 720, 0)
[00:04:28.281954] {Default Queue} wl_output#63.scale(1)
[00:04:28.281955] {Default Queue} wl_output#63.name("HEADLESS-2")
[00:04:28.281956] {Default Queue} wl_output#63.description("Headless output 2")
[00:04:28.281956] {Default Queue} wl_output#63.done()
[00:04:28.281957] {Default Queue} wl_output#64.geometry(0, 0, 0, 0, 0, "Unknown", "Unknown", 0)
[00:04:28.281958] {Default Queue} wl_output#64.mode(1, 1280, 720, 0)
[00:04:28.281958] {Default Queue} wl_output#64.scale(1)
[00:04:28.281959] {Default Queue} wl_output#64.name("HEADLESS-1")
[00:04:28.281959] {Default Queue} wl_output#64.description("Headless output 1")
[00:04:28.281960] {Default Queue} wl_output#64.done()
info(pearl): event=aqueous-availability state=subscribing
info(pearl): event=aqueous-availability state=ready
[00:04:28.282735] {Default Queue}  -> wl_compositor#4.create_surface(new id wl_surface#65)
[00:04:28.282739] {Default Queue}  -> wp_fractional_scale_manager_v1#11.get_fractional_scale(new id wp_fractional_scale_v1#66, wl_surface#65)
[00:04:28.282742] {Default Queue}  -> wp_viewporter#10.get_viewport(new id wp_viewport#67, wl_surface#65)
[00:04:28.282780] {Default Queue}  -> xdg_toplevel_icon_manager_v1#9.create_icon(new id xdg_toplevel_icon_v1#68)
[00:04:28.282794] {Default Queue}  -> zwlr_layer_shell_v1#49.get_layer_surface(new id zwlr_layer_surface_v1#69, wl_surface#65, wl_output#31, 0, "pearl:wallpaper")
[00:04:28.282797] {Default Queue}  -> zwlr_layer_surface_v1#69.set_keyboard_interactivity(0)
[00:04:28.282798] {Default Queue}  -> zwlr_layer_surface_v1#69.set_exclusive_zone(-1)
[00:04:28.282799] {Default Queue}  -> zwlr_layer_surface_v1#69.set_anchor(15)
[00:04:28.282800] {Default Queue}  -> zwlr_layer_surface_v1#69.set_margin(0, 0, 0, 0)
[00:04:28.282801] {Default Queue}  -> zwlr_layer_surface_v1#69.set_size(0, 0)
[00:04:28.282807]  -> wl_surface#65.commit()
[00:04:28.282840] {Default Queue}  -> xdg_activation_v1#15.get_activation_token(new id xdg_activation_token_v1#70)
[00:04:28.282842]  -> xdg_activation_token_v1#70.set_serial(0, wl_seat#3)
[00:04:28.282844]  -> xdg_activation_token_v1#70.commit()
[00:04:28.284335] xdg_activation_token_v1#70.done("8c33cd0a7c5e165babb9d247d8d0c576")
[00:04:28.284341]  -> xdg_activation_token_v1#70.destroy()
[00:04:28.284343] {Default Queue}  -> xdg_activation_v1#15.activate("8c33cd0a7c5e165babb9d247d8d0c576", wl_surface#65)
[00:04:28.292933] {Default Queue}  -> wl_compositor#4.create_surface(new id wl_surface#71)
[00:04:28.292945] {Default Queue}  -> wp_fractional_scale_manager_v1#11.get_fractional_scale(new id wp_fractional_scale_v1#72, wl_surface#71)
[00:04:28.292948] {Default Queue}  -> wp_viewporter#10.get_viewport(new id wp_viewport#73, wl_surface#71)
[00:04:28.292996] {Default Queue}  -> xdg_toplevel_icon_manager_v1#9.create_icon(new id xdg_toplevel_icon_v1#74)
[00:04:28.293024] {Default Queue}  -> zwlr_layer_shell_v1#49.get_layer_surface(new id zwlr_layer_surface_v1#75, wl_surface#71, wl_output#31, 2, "pearl:bar")
[00:04:28.293029] {Default Queue}  -> zwlr_layer_surface_v1#75.set_keyboard_interactivity(0)
[00:04:28.293030] {Default Queue}  -> zwlr_layer_surface_v1#75.set_exclusive_zone(48)
[00:04:28.293031] {Default Queue}  -> zwlr_layer_surface_v1#75.set_anchor(13)
[00:04:28.293032] {Default Queue}  -> zwlr_layer_surface_v1#75.set_margin(0, 0, 0, 0)
[00:04:28.293034] {Default Queue}  -> zwlr_layer_surface_v1#75.set_size(0, 200)
[00:04:28.293044]  -> wl_surface#71.commit()
[00:04:28.293221] {Default Queue}  -> xdg_activation_v1#15.get_activation_token(new id xdg_activation_token_v1#76)
[00:04:28.293225]  -> xdg_activation_token_v1#76.set_serial(0, wl_seat#3)
[00:04:28.293228]  -> xdg_activation_token_v1#76.commit()
[00:04:28.293504] {Display Queue} wl_display#1.delete_id(70)
[00:04:28.293510] xdg_activation_token_v1#76.done("b85dd729fca5e3301a37dea4d2a810fa")
[00:04:28.293512]  -> xdg_activation_token_v1#76.destroy()
[00:04:28.293514] {Default Queue}  -> xdg_activation_v1#15.activate("b85dd729fca5e3301a37dea4d2a810fa", wl_surface#71)
info: event=output-mapped id=1 connector=HEADLESS-2 scale=1
[00:04:28.296497] {Default Queue}  -> wl_compositor#4.create_surface(new id wl_surface#70)
[00:04:28.296502] {Default Queue}  -> wp_fractional_scale_manager_v1#11.get_fractional_scale(new id wp_fractional_scale_v1#77, wl_surface#70)
[00:04:28.296505] {Default Queue}  -> wp_viewporter#10.get_viewport(new id wp_viewport#78, wl_surface#70)
[00:04:28.296524] {Default Queue}  -> xdg_toplevel_icon_manager_v1#9.create_icon(new id xdg_toplevel_icon_v1#79)
[00:04:28.296536] {Default Queue}  -> zwlr_layer_shell_v1#49.get_layer_surface(new id zwlr_layer_surface_v1#80, wl_surface#70, wl_output#31, 3, "pearl:dock-reveal")
[00:04:28.296538] {Default Queue}  -> zwlr_layer_surface_v1#80.set_keyboard_interactivity(0)
[00:04:28.296539] {Default Queue}  -> zwlr_layer_surface_v1#80.set_exclusive_zone(-1)
[00:04:28.296540] {Default Queue}  -> zwlr_layer_surface_v1#80.set_anchor(2)
[00:04:28.296541] {Default Queue}  -> zwlr_layer_surface_v1#80.set_margin(0, 0, 0, 0)
[00:04:28.296542] {Default Queue}  -> zwlr_layer_surface_v1#80.set_size(200, 200)
[00:04:28.296546]  -> wl_surface#70.commit()
[00:04:28.296624] {Default Queue}  -> wl_compositor#4.create_surface(new id wl_surface#81)
[00:04:28.296626] {Default Queue}  -> wp_fractional_scale_manager_v1#11.get_fractional_scale(new id wp_fractional_scale_v1#82, wl_surface#81)
[00:04:28.296627] {Default Queue}  -> wp_viewporter#10.get_viewport(new id wp_viewport#83, wl_surface#81)
[00:04:28.296635] {Default Queue}  -> xdg_toplevel_icon_manager_v1#9.create_icon(new id xdg_toplevel_icon_v1#84)
[00:04:28.296640] {Default Queue}  -> zwlr_layer_shell_v1#49.get_layer_surface(new id zwlr_layer_surface_v1#85, wl_surface#81, wl_output#34, 0, "pearl:wallpaper")
[00:04:28.296641] {Default Queue}  -> zwlr_layer_surface_v1#85.set_keyboard_interactivity(0)
[00:04:28.296642] {Default Queue}  -> zwlr_layer_surface_v1#85.set_exclusive_zone(-1)
[00:04:28.296643] {Default Queue}  -> zwlr_layer_surface_v1#85.set_anchor(15)
[00:04:28.296643] {Default Queue}  -> zwlr_layer_surface_v1#85.set_margin(0, 0, 0, 0)
[00:04:28.296644] {Default Queue}  -> zwlr_layer_surface_v1#85.set_size(0, 0)
[00:04:28.296646]  -> wl_surface#81.commit()
[00:04:28.296660] {Default Queue}  -> xdg_activation_v1#15.get_activation_token(new id xdg_activation_token_v1#86)
[00:04:28.296662]  -> xdg_activation_token_v1#86.set_serial(0, wl_seat#3)
[00:04:28.296663]  -> xdg_activation_token_v1#86.commit()
[00:04:28.296879] {Display Queue} wl_display#1.delete_id(76)
[00:04:28.296883] xdg_activation_token_v1#86.done("386e322771d7699e0b4d196889db7be8")
[00:04:28.296886]  -> xdg_activation_token_v1#86.destroy()
[00:04:28.296887] {Default Queue}  -> xdg_activation_v1#15.activate("386e322771d7699e0b4d196889db7be8", wl_surface#81)
[00:04:28.298208] {Default Queue}  -> wl_compositor#4.create_surface(new id wl_surface#76)
[00:04:28.298212] {Default Queue}  -> wp_fractional_scale_manager_v1#11.get_fractional_scale(new id wp_fractional_scale_v1#87, wl_surface#76)
[00:04:28.298213] {Default Queue}  -> wp_viewporter#10.get_viewport(new id wp_viewport#88, wl_surface#76)
[00:04:28.298230] {Default Queue}  -> xdg_toplevel_icon_manager_v1#9.create_icon(new id xdg_toplevel_icon_v1#89)
[00:04:28.298239] {Default Queue}  -> zwlr_layer_shell_v1#49.get_layer_surface(new id zwlr_layer_surface_v1#90, wl_surface#76, wl_output#34, 2, "pearl:bar")
[00:04:28.298242] {Default Queue}  -> zwlr_layer_surface_v1#90.set_keyboard_interactivity(0)
[00:04:28.298242] {Default Queue}  -> zwlr_layer_surface_v1#90.set_exclusive_zone(48)
[00:04:28.298243] {Default Queue}  -> zwlr_layer_surface_v1#90.set_anchor(13)
[00:04:28.298244] {Default Queue}  -> zwlr_layer_surface_v1#90.set_margin(0, 0, 0, 0)
[00:04:28.298245] {Default Queue}  -> zwlr_layer_surface_v1#90.set_size(0, 200)
[00:04:28.298248]  -> wl_surface#76.commit()
[00:04:28.298349] {Default Queue}  -> xdg_activation_v1#15.get_activation_token(new id xdg_activation_token_v1#91)
[00:04:28.298350]  -> xdg_activation_token_v1#91.set_serial(0, wl_seat#3)
[00:04:28.298352]  -> xdg_activation_token_v1#91.commit()
[00:04:28.298492] {Display Queue} wl_display#1.delete_id(86)
[00:04:28.298496] xdg_activation_token_v1#91.done("9059c7e8168cd54800a9bcf8f37c76a5")
[00:04:28.298498]  -> xdg_activation_token_v1#91.destroy()
[00:04:28.298499] {Default Queue}  -> xdg_activation_v1#15.activate("9059c7e8168cd54800a9bcf8f37c76a5", wl_surface#76)
info: event=output-mapped id=2 connector=HEADLESS-1 scale=1
info(pearl): event=settings-backend-ready session=ee70fb5c9c933580b47e97e9e64435c9
info(pearl): event=control-ready session=ee70fb5c9c933580b47e97e9e64435c9
[00:04:28.299253] {Default Queue} zwlr_layer_surface_v1#69.configure(7, 1280, 720)
[00:04:28.299270] {Default Queue}  -> zwlr_layer_surface_v1#69.ack_configure(7)
[00:04:28.299271] {Default Queue} zwlr_layer_surface_v1#75.configure(8, 1280, 200)
[00:04:28.299359] {Default Queue}  -> zwlr_layer_surface_v1#75.ack_configure(8)
[00:04:28.299360] {Default Queue} zwlr_layer_surface_v1#69.configure(9, 1280, 720)
[00:04:28.299361] {Default Queue}  -> zwlr_layer_surface_v1#69.ack_configure(9)
[00:04:28.299361] {Default Queue} zwlr_layer_surface_v1#75.configure(10, 1280, 200)
[00:04:28.299362] {Default Queue}  -> zwlr_layer_surface_v1#75.ack_configure(10)
[00:04:28.299363] {Default Queue} zwlr_layer_surface_v1#69.configure(11, 1280, 720)
[00:04:28.299363] {Default Queue}  -> zwlr_layer_surface_v1#69.ack_configure(11)
[00:04:28.299364] {Default Queue} zwlr_layer_surface_v1#80.configure(12, 200, 200)
[00:04:28.299371] {Default Queue}  -> zwlr_layer_surface_v1#80.ack_configure(12)
[00:04:28.299372] {Default Queue} zwlr_layer_surface_v1#85.configure(13, 1280, 720)
[00:04:28.299373] {Default Queue}  -> zwlr_layer_surface_v1#85.ack_configure(13)
[00:04:28.299374] {Default Queue} zwlr_layer_surface_v1#90.configure(14, 1280, 200)
[00:04:28.299429] {Default Queue}  -> zwlr_layer_surface_v1#90.ack_configure(14)
[00:04:28.299430] {Default Queue} zwlr_layer_surface_v1#85.configure(15, 1280, 720)
[00:04:28.299430] {Default Queue}  -> zwlr_layer_surface_v1#85.ack_configure(15)
info: event=app-index-ready entries=160 truncated=false
[00:04:28.299547] {Default Queue}  -> wl_shm#5.create_pool(new id wl_shm_pool#86, fd 18, 3686400)
[00:04:28.299556] {Default Queue}  -> wl_shm_pool#86.create_buffer(new id wl_buffer#92, 0, 1280, 720, 5120, 0)
[00:04:28.302276] {Default Queue}  -> wl_compositor#4.create_region(new id wl_region#93)
[00:04:28.302281] {Default Queue}  -> wl_region#93.add(0, 0, 1280, 720)
[00:04:28.302283]  -> wl_surface#65.set_opaque_region(wl_region#93)
[00:04:28.302284] {Default Queue}  -> wl_region#93.destroy()
[00:04:28.302288] {Default Queue}  -> wp_viewport#67.set_destination(1280, 720)
[00:04:28.302290]  -> wl_surface#65.attach(wl_buffer#92, 0, 0)
[00:04:28.302292]  -> wl_surface#65.damage_buffer(0, 0, 1280, 720)
[00:04:28.302293]  -> wl_surface#65.frame(new id wl_callback#94)
[00:04:28.302297] {Default Queue}  -> wp_presentation#23.feedback(wl_surface#65, new id wp_presentation_feedback#95)
[00:04:28.302300]  -> wl_surface#65.commit()
[00:04:28.303152] {Default Queue}  -> wl_shm#5.create_pool(new id wl_shm_pool#96, fd 18, 245760)
[00:04:28.303168] {Default Queue}  -> wl_shm_pool#96.create_buffer(new id wl_buffer#97, 0, 1280, 48, 5120, 0)
[00:04:28.303890] {Default Queue}  -> zwlr_layer_surface_v1#75.set_size(0, 48)
[00:04:28.303894] {Default Queue}  -> wl_compositor#4.create_region(new id wl_region#98)
[00:04:28.303895] {Default Queue}  -> wl_region#98.add(76, 4, 6, 40)
[00:04:28.303898]  -> wl_surface#71.set_opaque_region(wl_region#98)
[00:04:28.303899] {Default Queue}  -> wl_region#98.destroy()
[00:04:28.303900] {Default Queue}  -> wp_viewport#73.set_destination(1280, 48)
[00:04:28.303902]  -> wl_surface#71.attach(wl_buffer#97, 0, 0)
[00:04:28.303903]  -> wl_surface#71.damage_buffer(0, 0, 1280, 48)
[00:04:28.303904]  -> wl_surface#71.frame(new id wl_callback#99)
[00:04:28.303907] {Default Queue}  -> wp_presentation#23.feedback(wl_surface#71, new id wp_presentation_feedback#100)
[00:04:28.303909]  -> wl_surface#71.commit()
[00:04:28.303948] {Default Queue}  -> ext_background_effect_manager_v1#48.get_background_effect(new id ext_background_effect_surface_v1#101, wl_surface#71)
[00:04:28.303950] {Default Queue}  -> wl_compositor#46.create_region(new id wl_region#102)
[00:04:28.303965] {Default Queue}  -> wl_region#102.add(19, 4, 641, 1)
[00:04:28.303966] {Default Queue}  -> wl_region#102.add(690, 4, 126, 1)
[00:04:28.303967] {Default Queue}  -> wl_region#102.add(888, 4, 373, 1)
[00:04:28.303967] {Default Queue}  -> wl_region#102.add(17, 5, 645, 1)
[00:04:28.303968] {Default Queue}  -> wl_region#102.add(688, 5, 130, 1)
[00:04:28.303969] {Default Queue}  -> wl_region#102.add(886, 5, 377, 1)
[00:04:28.303969] {Default Queue}  -> wl_region#102.add(16, 6, 647, 1)
[00:04:28.303970] {Default Queue}  -> wl_region#102.add(687, 6, 132, 1)
[00:04:28.303971] {Default Queue}  -> wl_region#102.add(885, 6, 379, 1)
[00:04:28.303971] {Default Queue}  -> wl_region#102.add(15, 7, 649, 1)
[00:04:28.303972] {Default Queue}  -> wl_region#102.add(686, 7, 134, 1)
[00:04:28.303972] {Default Queue}  -> wl_region#102.add(884, 7, 381, 1)
[00:04:28.303973] {Default Queue}  -> wl_region#102.add(14, 8, 651, 1)
[00:04:28.303974] {Default Queue}  -> wl_region#102.add(685, 8, 136, 1)
[00:04:28.303974] {Default Queue}  -> wl_region#102.add(883, 8, 383, 1)
[00:04:28.303975] {Default Queue}  -> wl_region#102.add(13, 9, 653, 1)
[00:04:28.303975] {Default Queue}  -> wl_region#102.add(684, 9, 138, 1)
[00:04:28.303976] {Default Queue}  -> wl_region#102.add(882, 9, 385, 1)
[00:04:28.303977] {Default Queue}  -> wl_region#102.add(12, 10, 655, 2)
[00:04:28.303977] {Default Queue}  -> wl_region#102.add(683, 10, 140, 2)
[00:04:28.303978] {Default Queue}  -> wl_region#102.add(881, 10, 387, 2)
[00:04:28.303978] {Default Queue}  -> wl_region#102.add(11, 12, 657, 5)
[00:04:28.303979] {Default Queue}  -> wl_region#102.add(682, 12, 142, 5)
[00:04:28.303980] {Default Queue}  -> wl_region#102.add(880, 12, 389, 5)
[00:04:28.303980] {Default Queue}  -> wl_region#102.add(10, 17, 659, 14)
[00:04:28.303981] {Default Queue}  -> wl_region#102.add(681, 17, 144, 14)
[00:04:28.303981] {Default Queue}  -> wl_region#102.add(879, 17, 391, 14)
[00:04:28.303982] {Default Queue}  -> wl_region#102.add(11, 31, 657, 5)
[00:04:28.303983] {Default Queue}  -> wl_region#102.add(682, 31, 142, 5)
[00:04:28.303983] {Default Queue}  -> wl_region#102.add(880, 31, 389, 5)
[00:04:28.303984] {Default Queue}  -> wl_region#102.add(12, 36, 655, 2)
[00:04:28.303984] {Default Queue}  -> wl_region#102.add(683, 36, 140, 2)
[00:04:28.303985] {Default Queue}  -> wl_region#102.add(881, 36, 387, 2)
[00:04:28.303985] {Default Queue}  -> wl_region#102.add(13, 38, 653, 1)
[00:04:28.303986] {Default Queue}  -> wl_region#102.add(684, 38, 138, 1)
[00:04:28.303987] {Default Queue}  -> wl_region#102.add(882, 38, 385, 1)
[00:04:28.303987] {Default Queue}  -> wl_region#102.add(14, 39, 651, 1)
[00:04:28.303988] {Default Queue}  -> wl_region#102.add(685, 39, 136, 1)
[00:04:28.303988] {Default Queue}  -> wl_region#102.add(883, 39, 383, 1)
[00:04:28.303989] {Default Queue}  -> wl_region#102.add(15, 40, 649, 1)
[00:04:28.303990] {Default Queue}  -> wl_region#102.add(686, 40, 134, 1)
[00:04:28.303991] {Default Queue}  -> wl_region#102.add(884, 40, 381, 1)
[00:04:28.303991] {Default Queue}  -> wl_region#102.add(16, 41, 647, 1)
[00:04:28.303992] {Default Queue}  -> wl_region#102.add(687, 41, 132, 1)
[00:04:28.303992] {Default Queue}  -> wl_region#102.add(885, 41, 379, 1)
[00:04:28.303993] {Default Queue}  -> wl_region#102.add(17, 42, 645, 1)
[00:04:28.303994] {Default Queue}  -> wl_region#102.add(688, 42, 130, 1)
[00:04:28.303994] {Default Queue}  -> wl_region#102.add(886, 42, 377, 1)
[00:04:28.303995] {Default Queue}  -> wl_region#102.add(19, 43, 641, 1)
[00:04:28.303995] {Default Queue}  -> wl_region#102.add(690, 43, 126, 1)
[00:04:28.303996] {Default Queue}  -> wl_region#102.add(888, 43, 373, 1)
[00:04:28.303997] {Default Queue}  -> ext_background_effect_surface_v1#101.set_blur_region(wl_region#102)
[00:04:28.303998] {Default Queue}  -> wl_region#102.destroy()
[00:04:28.304126] {Default Queue}  -> wl_shm#5.create_pool(new id wl_shm_pool#103, fd 18, 704)
[00:04:28.304128] {Default Queue}  -> wl_shm_pool#103.create_buffer(new id wl_buffer#104, 0, 88, 2, 352, 0)
[00:04:28.304163] {Default Queue}  -> zwlr_layer_surface_v1#80.set_size(88, 2)
[00:04:28.304164] {Default Queue}  -> wp_viewport#78.set_destination(88, 2)
[00:04:28.304165]  -> wl_surface#70.attach(wl_buffer#104, 0, 0)
[00:04:28.304166]  -> wl_surface#70.damage_buffer(0, 0, 88, 2)
[00:04:28.304167]  -> wl_surface#70.frame(new id wl_callback#105)
[00:04:28.304168] {Default Queue}  -> wp_presentation#23.feedback(wl_surface#70, new id wp_presentation_feedback#106)
[00:04:28.304169]  -> wl_surface#70.commit()
[00:04:28.304224] {Default Queue}  -> wl_shm#5.create_pool(new id wl_shm_pool#107, fd 19, 3686400)
[00:04:28.304225] {Default Queue}  -> wl_shm_pool#107.create_buffer(new id wl_buffer#108, 0, 1280, 720, 5120, 0)
[00:04:28.306924] {Default Queue}  -> wl_compositor#4.create_region(new id wl_region#109)
[00:04:28.306928] {Default Queue}  -> wl_region#109.add(0, 0, 1280, 720)
[00:04:28.306930]  -> wl_surface#81.set_opaque_region(wl_region#109)
[00:04:28.306931] {Default Queue}  -> wl_region#109.destroy()
[00:04:28.306932] {Default Queue}  -> wp_viewport#83.set_destination(1280, 720)
[00:04:28.306934]  -> wl_surface#81.attach(wl_buffer#108, 0, 0)
[00:04:28.306935]  -> wl_surface#81.damage_buffer(0, 0, 1280, 720)
[00:04:28.306936]  -> wl_surface#81.frame(new id wl_callback#110)
[00:04:28.306938] {Default Queue}  -> wp_presentation#23.feedback(wl_surface#81, new id wp_presentation_feedback#111)
[00:04:28.306940]  -> wl_surface#81.commit()
[00:04:28.307564] {Default Queue}  -> wl_shm#5.create_pool(new id wl_shm_pool#112, fd 18, 245760)
[00:04:28.307577] {Default Queue}  -> wl_shm_pool#112.create_buffer(new id wl_buffer#113, 0, 1280, 48, 5120, 0)
[00:04:28.307938] {Default Queue}  -> zwlr_layer_surface_v1#90.set_size(0, 48)
[00:04:28.307943] {Default Queue}  -> wl_compositor#4.create_region(new id wl_region#114)
[00:04:28.307946] {Default Queue}  -> wl_region#114.add(76, 4, 6, 40)
[00:04:28.307948]  -> wl_surface#76.set_opaque_region(wl_region#114)
[00:04:28.307949] {Default Queue}  -> wl_region#114.destroy()
[00:04:28.307951] {Default Queue}  -> wp_viewport#88.set_destination(1280, 48)
[00:04:28.307952]  -> wl_surface#76.attach(wl_buffer#113, 0, 0)
[00:04:28.307954]  -> wl_surface#76.damage_buffer(0, 0, 1280, 48)
[00:04:28.307956]  -> wl_surface#76.frame(new id wl_callback#115)
[00:04:28.307958] {Default Queue}  -> wp_presentation#23.feedback(wl_surface#76, new id wp_presentation_feedback#116)
[00:04:28.307961]  -> wl_surface#76.commit()
[00:04:28.308008] {Default Queue}  -> ext_background_effect_manager_v1#48.get_background_effect(new id ext_background_effect_surface_v1#117, wl_surface#76)
[00:04:28.308011] {Default Queue}  -> wl_compositor#46.create_region(new id wl_region#118)
[00:04:28.308031] {Default Queue}  -> wl_region#118.add(19, 4, 525, 1)
[00:04:28.308033] {Default Queue}  -> wl_region#118.add(577, 4, 126, 1)
[00:04:28.308034] {Default Queue}  -> wl_region#118.add(888, 4, 373, 1)
[00:04:28.308035] {Default Queue}  -> wl_region#118.add(17, 5, 529, 1)
[00:04:28.308036] {Default Queue}  -> wl_region#118.add(575, 5, 130, 1)
[00:04:28.308037] {Default Queue}  -> wl_region#118.add(886, 5, 377, 1)
[00:04:28.308039] {Default Queue}  -> wl_region#118.add(16, 6, 531, 1)
[00:04:28.308040] {Default Queue}  -> wl_region#118.add(574, 6, 132, 1)
[00:04:28.308041] {Default Queue}  -> wl_region#118.add(885, 6, 379, 1)
[00:04:28.308042] {Default Queue}  -> wl_region#118.add(15, 7, 533, 1)
[00:04:28.308043] {Default Queue}  -> wl_region#118.add(573, 7, 134, 1)
[00:04:28.308045] {Default Queue}  -> wl_region#118.add(884, 7, 381, 1)
[00:04:28.308046] {Default Queue}  -> wl_region#118.add(14, 8, 535, 1)
[00:04:28.308047] {Default Queue}  -> wl_region#118.add(572, 8, 136, 1)
[00:04:28.308048] {Default Queue}  -> wl_region#118.add(883, 8, 383, 1)
[00:04:28.308050] {Default Queue}  -> wl_region#118.add(13, 9, 537, 1)
[00:04:28.308051] {Default Queue}  -> wl_region#118.add(571, 9, 138, 1)
[00:04:28.308052] {Default Queue}  -> wl_region#118.add(882, 9, 385, 1)
[00:04:28.308053] {Default Queue}  -> wl_region#118.add(12, 10, 539, 2)
[00:04:28.308054] {Default Queue}  -> wl_region#118.add(570, 10, 140, 2)
[00:04:28.308056] {Default Queue}  -> wl_region#118.add(881, 10, 387, 2)
[00:04:28.308057] {Default Queue}  -> wl_region#118.add(11, 12, 541, 5)
[00:04:28.308058] {Default Queue}  -> wl_region#118.add(569, 12, 142, 5)
[00:04:28.308059] {Default Queue}  -> wl_region#118.add(880, 12, 389, 5)
[00:04:28.308060] {Default Queue}  -> wl_region#118.add(10, 17, 543, 14)
[00:04:28.308062] {Default Queue}  -> wl_region#118.add(568, 17, 144, 14)
[00:04:28.308063] {Default Queue}  -> wl_region#118.add(879, 17, 391, 14)
[00:04:28.308064] {Default Queue}  -> wl_region#118.add(11, 31, 541, 5)
[00:04:28.308065] {Default Queue}  -> wl_region#118.add(569, 31, 142, 5)
[00:04:28.308066] {Default Queue}  -> wl_region#118.add(880, 31, 389, 5)
[00:04:28.308068] {Default Queue}  -> wl_region#118.add(12, 36, 539, 2)
[00:04:28.308069] {Default Queue}  -> wl_region#118.add(570, 36, 140, 2)
[00:04:28.308070] {Default Queue}  -> wl_region#118.add(881, 36, 387, 2)
[00:04:28.308071] {Default Queue}  -> wl_region#118.add(13, 38, 537, 1)
[00:04:28.308072] {Default Queue}  -> wl_region#118.add(571, 38, 138, 1)
[00:04:28.308073] {Default Queue}  -> wl_region#118.add(882, 38, 385, 1)
[00:04:28.308075] {Default Queue}  -> wl_region#118.add(14, 39, 535, 1)
[00:04:28.308076] {Default Queue}  -> wl_region#118.add(572, 39, 136, 1)
[00:04:28.308077] {Default Queue}  -> wl_region#118.add(883, 39, 383, 1)
[00:04:28.308078] {Default Queue}  -> wl_region#118.add(15, 40, 533, 1)
[00:04:28.308079] {Default Queue}  -> wl_region#118.add(573, 40, 134, 1)
[00:04:28.308080] {Default Queue}  -> wl_region#118.add(884, 40, 381, 1)
[00:04:28.308081] {Default Queue}  -> wl_region#118.add(16, 41, 531, 1)
[00:04:28.308083] {Default Queue}  -> wl_region#118.add(574, 41, 132, 1)
[00:04:28.308084] {Default Queue}  -> wl_region#118.add(885, 41, 379, 1)
[00:04:28.308085] {Default Queue}  -> wl_region#118.add(17, 42, 529, 1)
[00:04:28.308086] {Default Queue}  -> wl_region#118.add(575, 42, 130, 1)
[00:04:28.308087] {Default Queue}  -> wl_region#118.add(886, 42, 377, 1)
[00:04:28.308088] {Default Queue}  -> wl_region#118.add(19, 43, 525, 1)
[00:04:28.308089] {Default Queue}  -> wl_region#118.add(577, 43, 126, 1)
[00:04:28.308091] {Default Queue}  -> wl_region#118.add(888, 43, 373, 1)
[00:04:28.308092] {Default Queue}  -> ext_background_effect_surface_v1#117.set_blur_region(wl_region#118)
[00:04:28.308094] {Default Queue}  -> wl_region#118.destroy()
[00:04:28.308157] {Display Queue} wl_display#1.delete_id(91)
[00:04:28.308160] {Display Queue} wl_display#1.delete_id(93)
[00:04:28.308160] {Display Queue} wl_display#1.delete_id(98)
[00:04:28.308161] {Display Queue} wl_display#1.delete_id(102)
[00:04:28.308161] {Default Queue} zwlr_layer_surface_v1#75.configure(16, 1280, 200)
[00:04:28.308168] {Default Queue}  -> zwlr_layer_surface_v1#75.ack_configure(16)
[00:04:28.308169] {Default Queue} zwlr_layer_surface_v1#69.configure(17, 1280, 720)
[00:04:28.308172] {Default Queue}  -> zwlr_layer_surface_v1#69.ack_configure(17)
[00:04:28.308172] {Default Queue} zwlr_layer_surface_v1#80.configure(18, 200, 200)
[00:04:28.308178] {Default Queue}  -> zwlr_layer_surface_v1#80.ack_configure(18)
[00:04:28.308179] {Default Queue} wp_fractional_scale_v1#66.preferred_scale(120)
[00:04:28.308180] {Default Queue} wl_buffer#92.release()
[00:04:28.308182] {Default Queue} zwlr_layer_surface_v1#75.configure(19, 1280, 48)
[00:04:28.308182] {Default Queue}  -> zwlr_layer_surface_v1#75.ack_configure(19)
[00:04:28.308183] {Default Queue} zwlr_layer_surface_v1#69.configure(20, 1280, 720)
[00:04:28.308184] {Default Queue}  -> zwlr_layer_surface_v1#69.ack_configure(20)
[00:04:28.308184] {Default Queue} zwlr_layer_surface_v1#80.configure(21, 200, 200)
[00:04:28.308185] {Default Queue}  -> zwlr_layer_surface_v1#80.ack_configure(21)
[00:04:28.308186] {Default Queue} wp_fractional_scale_v1#72.preferred_scale(120)
[00:04:28.308186] {Default Queue} zwlr_layer_surface_v1#75.configure(22, 1280, 48)
[00:04:28.308187] {Default Queue}  -> zwlr_layer_surface_v1#75.ack_configure(22)
[00:04:28.308187] {Default Queue} zwlr_layer_surface_v1#69.configure(23, 1280, 720)
[00:04:28.308188] {Default Queue}  -> zwlr_layer_surface_v1#69.ack_configure(23)
[00:04:28.308189] {Default Queue} zwlr_layer_surface_v1#80.configure(24, 200, 200)
[00:04:28.308189] {Default Queue}  -> zwlr_layer_surface_v1#80.ack_configure(24)
[00:04:28.308190] {Default Queue} wl_buffer#97.release()
[00:04:28.308191] wl_surface#71.enter(wl_output#63)
[00:04:28.308274] wl_surface#71.enter(wl_output#31)
[00:04:28.308283] wl_surface#71.preferred_buffer_scale(1)
[00:04:28.308284] wl_surface#65.enter(wl_output#63)
[00:04:28.308286] wl_surface#65.enter(wl_output#31)
[00:04:28.308287] wl_surface#65.preferred_buffer_scale(1)
[00:04:28.313260] {Display Queue} wl_display#1.delete_id(109)
[00:04:28.313272] {Display Queue} wl_display#1.delete_id(114)
[00:04:28.313274] {Display Queue} wl_display#1.delete_id(118)
[00:04:28.313275] {Default Queue} zwlr_layer_surface_v1#75.configure(26, 1280, 48)
[00:04:28.313290] {Default Queue}  -> zwlr_layer_surface_v1#75.ack_configure(26)
[00:04:28.313293] {Default Queue} zwlr_layer_surface_v1#69.configure(27, 1280, 720)
[00:04:28.313296] {Default Queue}  -> zwlr_layer_surface_v1#69.ack_configure(27)
[00:04:28.313297] {Default Queue} zwlr_layer_surface_v1#80.configure(28, 88, 2)
[00:04:28.313307] {Default Queue}  -> zwlr_layer_surface_v1#80.ack_configure(28)
[00:04:28.313308] {Default Queue} wp_fractional_scale_v1#77.preferred_scale(120)
[00:04:28.313311] {Default Queue} zwlr_layer_surface_v1#75.configure(29, 1280, 48)
[00:04:28.313312] {Default Queue}  -> zwlr_layer_surface_v1#75.ack_configure(29)
[00:04:28.313313] {Default Queue} zwlr_layer_surface_v1#69.configure(30, 1280, 720)
[00:04:28.313315] {Default Queue}  -> zwlr_layer_surface_v1#69.ack_configure(30)
[00:04:28.313316] {Default Queue} zwlr_layer_surface_v1#80.configure(31, 88, 2)
[00:04:28.313317] {Default Queue}  -> zwlr_layer_surface_v1#80.ack_configure(31)
[00:04:28.313318] {Default Queue} wl_buffer#104.release()
[00:04:28.313320] {Default Queue} zwlr_layer_surface_v1#90.configure(32, 1280, 200)
[00:04:28.313323] {Default Queue}  -> zwlr_layer_surface_v1#90.ack_configure(32)
[00:04:28.313325] {Default Queue} zwlr_layer_surface_v1#85.configure(33, 1280, 720)
[00:04:28.313327] {Default Queue}  -> zwlr_layer_surface_v1#85.ack_configure(33)
[00:04:28.313328] {Default Queue} wp_fractional_scale_v1#82.preferred_scale(120)
[00:04:28.313330] {Default Queue} wl_buffer#108.release()
[00:04:28.313331] {Default Queue} zwlr_layer_surface_v1#90.configure(34, 1280, 48)
[00:04:28.313332] {Default Queue}  -> zwlr_layer_surface_v1#90.ack_configure(34)
[00:04:28.313333] {Default Queue} zwlr_layer_surface_v1#85.configure(35, 1280, 720)
[00:04:28.313334] {Default Queue}  -> zwlr_layer_surface_v1#85.ack_configure(35)
[00:04:28.313335] {Default Queue} wp_fractional_scale_v1#87.preferred_scale(120)
[00:04:28.313336] {Default Queue} zwlr_layer_surface_v1#90.configure(36, 1280, 48)
[00:04:28.313337] {Default Queue}  -> zwlr_layer_surface_v1#90.ack_configure(36)
[00:04:28.313338] {Default Queue} zwlr_layer_surface_v1#85.configure(37, 1280, 720)
[00:04:28.313339] {Default Queue}  -> zwlr_layer_surface_v1#85.ack_configure(37)
[00:04:28.313340] {Default Queue} wl_buffer#113.release()
[00:04:28.313343] wl_surface#76.enter(wl_output#64)
[00:04:28.313418] wl_surface#76.enter(wl_output#34)
[00:04:28.313433] wl_surface#76.preferred_buffer_scale(1)
[00:04:28.313435] wl_surface#81.enter(wl_output#64)
[00:04:28.313438] wl_surface#81.enter(wl_output#34)
[00:04:28.313439] wl_surface#81.preferred_buffer_scale(1)
[00:04:28.313440] wl_surface#70.enter(wl_output#63)
[00:04:28.313442] wl_surface#70.enter(wl_output#31)
[00:04:28.313443] wl_surface#70.preferred_buffer_scale(1)
[00:04:28.321386] {Display Queue} wl_display#1.delete_id(94)
[00:04:28.321394] {Display Queue} wl_display#1.delete_id(99)
[00:04:28.321395] {Display Queue} wl_display#1.delete_id(105)
[00:04:28.321396] {Display Queue} wl_display#1.delete_id(95)
[00:04:28.321396] {Display Queue} wl_display#1.delete_id(100)
[00:04:28.321397] {Display Queue} wl_display#1.delete_id(106)
[00:04:28.321397] {Default Queue} wl_callback#94.done(40191436)
[00:04:28.321406] {Default Queue} wl_callback#99.done(40191436)
[00:04:28.321409] {Default Queue} wl_callback#105.done(40191436)
[00:04:28.321410] {Default Queue} wp_presentation_feedback#95.sync_output(wl_output#63)
[00:04:28.321412] {Default Queue} wp_presentation_feedback#95.sync_output(wl_output#31)
[00:04:28.321412] {Default Queue} wp_presentation_feedback#95.presented(0, 40191, 436247633, 0, 0, 0, 0)
[00:04:28.321415] {Default Queue} wp_presentation_feedback#100.sync_output(wl_output#63)
[00:04:28.321415] {Default Queue} wp_presentation_feedback#100.sync_output(wl_output#31)
[00:04:28.321416] {Default Queue} wp_presentation_feedback#100.presented(0, 40191, 436247633, 0, 0, 0, 0)
[00:04:28.321417] {Default Queue} wp_presentation_feedback#106.sync_output(wl_output#63)
[00:04:28.321418] {Default Queue} wp_presentation_feedback#106.sync_output(wl_output#31)
[00:04:28.321418] {Default Queue} wp_presentation_feedback#106.presented(0, 40191, 436247633, 0, 0, 0, 0)
[00:04:28.321420] wl_surface#70.preferred_buffer_transform(0)
[00:04:28.321421] wl_surface#71.preferred_buffer_transform(0)
[00:04:28.321422] wl_surface#65.preferred_buffer_transform(0)
[00:04:28.321472] {Default Queue}  -> wl_compositor#4.create_region(new id wl_region#106)
[00:04:28.321474]  -> wl_surface#65.set_input_region(wl_region#106)
[00:04:28.321475] {Default Queue}  -> wl_region#106.destroy()
[00:04:28.321476]  -> wl_surface#65.attach(wl_buffer#92, 0, 0)
[00:04:28.321478]  -> wl_surface#65.frame(new id wl_callback#100)
[00:04:28.321479] {Default Queue}  -> wp_presentation#23.feedback(wl_surface#65, new id wp_presentation_feedback#95)
[00:04:28.321480]  -> wl_surface#65.commit()
[00:04:28.321548] {Default Queue}  -> wl_compositor#4.create_region(new id wl_region#105)
[00:04:28.321550] {Default Queue}  -> wl_region#105.add(19, 4, 641, 1)
[00:04:28.321552] {Default Queue}  -> wl_region#105.add(690, 4, 126, 1)
[00:04:28.321552] {Default Queue}  -> wl_region#105.add(888, 4, 373, 1)
[00:04:28.321553] {Default Queue}  -> wl_region#105.add(17, 5, 645, 1)
[00:04:28.321554] {Default Queue}  -> wl_region#105.add(688, 5, 130, 1)
[00:04:28.321554] {Default Queue}  -> wl_region#105.add(886, 5, 377, 1)
[00:04:28.321555] {Default Queue}  -> wl_region#105.add(16, 6, 647, 1)
[00:04:28.321556] {Default Queue}  -> wl_region#105.add(687, 6, 132, 1)
[00:04:28.321556] {Default Queue}  -> wl_region#105.add(885, 6, 379, 1)
[00:04:28.321557] {Default Queue}  -> wl_region#105.add(15, 7, 649, 1)
[00:04:28.321558] {Default Queue}  -> wl_region#105.add(686, 7, 134, 1)
[00:04:28.321558] {Default Queue}  -> wl_region#105.add(884, 7, 381, 1)
[00:04:28.321559] {Default Queue}  -> wl_region#105.add(14, 8, 651, 1)
[00:04:28.321560] {Default Queue}  -> wl_region#105.add(685, 8, 136, 1)
[00:04:28.321560] {Default Queue}  -> wl_region#105.add(883, 8, 383, 1)
[00:04:28.321561] {Default Queue}  -> wl_region#105.add(13, 9, 653, 1)
[00:04:28.321561] {Default Queue}  -> wl_region#105.add(684, 9, 138, 1)
[00:04:28.321562] {Default Queue}  -> wl_region#105.add(882, 9, 385, 1)
[00:04:28.321563] {Default Queue}  -> wl_region#105.add(12, 10, 655, 2)
[00:04:28.321563] {Default Queue}  -> wl_region#105.add(683, 10, 140, 2)
[00:04:28.321564] {Default Queue}  -> wl_region#105.add(881, 10, 387, 2)
[00:04:28.321565] {Default Queue}  -> wl_region#105.add(11, 12, 657, 5)
[00:04:28.321565] {Default Queue}  -> wl_region#105.add(682, 12, 142, 5)
[00:04:28.321566] {Default Queue}  -> wl_region#105.add(880, 12, 389, 5)
[00:04:28.321566] {Default Queue}  -> wl_region#105.add(10, 17, 659, 14)
[00:04:28.321567] {Default Queue}  -> wl_region#105.add(681, 17, 144, 14)
[00:04:28.321568] {Default Queue}  -> wl_region#105.add(879, 17, 391, 14)
[00:04:28.321568] {Default Queue}  -> wl_region#105.add(11, 31, 657, 5)
[00:04:28.321569] {Default Queue}  -> wl_region#105.add(682, 31, 142, 5)
[00:04:28.321569] {Default Queue}  -> wl_region#105.add(880, 31, 389, 5)
[00:04:28.321570] {Default Queue}  -> wl_region#105.add(12, 36, 655, 2)
[00:04:28.321571] {Default Queue}  -> wl_region#105.add(683, 36, 140, 2)
[00:04:28.321571] {Default Queue}  -> wl_region#105.add(881, 36, 387, 2)
[00:04:28.321572] {Default Queue}  -> wl_region#105.add(13, 38, 653, 1)
[00:04:28.321572] {Default Queue}  -> wl_region#105.add(684, 38, 138, 1)
[00:04:28.321573] {Default Queue}  -> wl_region#105.add(882, 38, 385, 1)
[00:04:28.321574] {Default Queue}  -> wl_region#105.add(14, 39, 651, 1)
[00:04:28.321574] {Default Queue}  -> wl_region#105.add(685, 39, 136, 1)
[00:04:28.321575] {Default Queue}  -> wl_region#105.add(883, 39, 383, 1)
[00:04:28.321575] {Default Queue}  -> wl_region#105.add(15, 40, 649, 1)
[00:04:28.321578] {Default Queue}  -> wl_region#105.add(686, 40, 134, 1)
[00:04:28.321579] {Default Queue}  -> wl_region#105.add(884, 40, 381, 1)
[00:04:28.321579] {Default Queue}  -> wl_region#105.add(16, 41, 647, 1)
[00:04:28.321580] {Default Queue}  -> wl_region#105.add(687, 41, 132, 1)
[00:04:28.321580] {Default Queue}  -> wl_region#105.add(885, 41, 379, 1)
[00:04:28.321581] {Default Queue}  -> wl_region#105.add(17, 42, 645, 1)
[00:04:28.321582] {Default Queue}  -> wl_region#105.add(688, 42, 130, 1)
[00:04:28.321582] {Default Queue}  -> wl_region#105.add(886, 42, 377, 1)
[00:04:28.321583] {Default Queue}  -> wl_region#105.add(19, 43, 641, 1)
[00:04:28.321583] {Default Queue}  -> wl_region#105.add(690, 43, 126, 1)
[00:04:28.321584] {Default Queue}  -> wl_region#105.add(888, 43, 373, 1)
[00:04:28.321585]  -> wl_surface#71.set_input_region(wl_region#105)
[00:04:28.321585] {Default Queue}  -> wl_region#105.destroy()
[00:04:28.321586]  -> wl_surface#71.attach(wl_buffer#97, 0, 0)
[00:04:28.321587]  -> wl_surface#71.frame(new id wl_callback#99)
[00:04:28.321587] {Default Queue}  -> wp_presentation#23.feedback(wl_surface#71, new id wp_presentation_feedback#94)
[00:04:28.321588]  -> wl_surface#71.commit()
[00:04:28.321618]  -> wl_surface#70.attach(wl_buffer#104, 0, 0)
[00:04:28.321619]  -> wl_surface#70.frame(new id wl_callback#118)
[00:04:28.321620] {Default Queue}  -> wp_presentation#23.feedback(wl_surface#70, new id wp_presentation_feedback#114)
[00:04:28.321620]  -> wl_surface#70.commit()
[00:04:28.321629] {Display Queue} wl_display#1.delete_id(110)
[00:04:28.321630] {Display Queue} wl_display#1.delete_id(115)
[00:04:28.321630] {Display Queue} wl_display#1.delete_id(111)
[00:04:28.321631] {Display Queue} wl_display#1.delete_id(116)
[00:04:28.321631] {Default Queue} wl_callback#110.done(40191436)
[00:04:28.321633] {Default Queue} wl_callback#115.done(40191436)
[00:04:28.321635] {Default Queue} wp_presentation_feedback#111.sync_output(wl_output#64)
[00:04:28.321635] {Default Queue} wp_presentation_feedback#111.sync_output(wl_output#34)
[00:04:28.321636] {Default Queue} wp_presentation_feedback#111.presented(0, 40191, 436388864, 0, 0, 0, 0)
[00:04:28.321637] {Default Queue} wp_presentation_feedback#116.sync_output(wl_output#64)
[00:04:28.321638] {Default Queue} wp_presentation_feedback#116.sync_output(wl_output#34)
[00:04:28.321638] {Default Queue} wp_presentation_feedback#116.presented(0, 40191, 436388864, 0, 0, 0, 0)
[00:04:28.321639] wl_surface#76.preferred_buffer_transform(0)
[00:04:28.321640] wl_surface#81.preferred_buffer_transform(0)
[00:04:28.321650] {Default Queue}  -> wl_compositor#4.create_region(new id wl_region#116)
[00:04:28.321650]  -> wl_surface#81.set_input_region(wl_region#116)
[00:04:28.321651] {Default Queue}  -> wl_region#116.destroy()
[00:04:28.321652]  -> wl_surface#81.attach(wl_buffer#108, 0, 0)
[00:04:28.321652]  -> wl_surface#81.frame(new id wl_callback#111)
[00:04:28.321653] {Default Queue}  -> wp_presentation#23.feedback(wl_surface#81, new id wp_presentation_feedback#115)
[00:04:28.321654]  -> wl_surface#81.commit()
[00:04:28.321692] {Default Queue}  -> wl_compositor#4.create_region(new id wl_region#110)
[00:04:28.321693] {Default Queue}  -> wl_region#110.add(19, 4, 525, 1)
[00:04:28.321694] {Default Queue}  -> wl_region#110.add(577, 4, 126, 1)
[00:04:28.321695] {Default Queue}  -> wl_region#110.add(888, 4, 373, 1)
[00:04:28.321695] {Default Queue}  -> wl_region#110.add(17, 5, 529, 1)
[00:04:28.321696] {Default Queue}  -> wl_region#110.add(575, 5, 130, 1)
[00:04:28.321697] {Default Queue}  -> wl_region#110.add(886, 5, 377, 1)
[00:04:28.321697] {Default Queue}  -> wl_region#110.add(16, 6, 531, 1)
[00:04:28.321698] {Default Queue}  -> wl_region#110.add(574, 6, 132, 1)
[00:04:28.321699] {Default Queue}  -> wl_region#110.add(885, 6, 379, 1)
[00:04:28.321699] {Default Queue}  -> wl_region#110.add(15, 7, 533, 1)
[00:04:28.321700] {Default Queue}  -> wl_region#110.add(573, 7, 134, 1)
[00:04:28.321701] {Default Queue}  -> wl_region#110.add(884, 7, 381, 1)
[00:04:28.321701] {Default Queue}  -> wl_region#110.add(14, 8, 535, 1)
[00:04:28.321702] {Default Queue}  -> wl_region#110.add(572, 8, 136, 1)
[00:04:28.321702] {Default Queue}  -> wl_region#110.add(883, 8, 383, 1)
[00:04:28.321703] {Default Queue}  -> wl_region#110.add(13, 9, 537, 1)
[00:04:28.321704] {Default Queue}  -> wl_region#110.add(571, 9, 138, 1)
[00:04:28.321704] {Default Queue}  -> wl_region#110.add(882, 9, 385, 1)
[00:04:28.321705] {Default Queue}  -> wl_region#110.add(12, 10, 539, 2)
[00:04:28.321705] {Default Queue}  -> wl_region#110.add(570, 10, 140, 2)
[00:04:28.321706] {Default Queue}  -> wl_region#110.add(881, 10, 387, 2)
[00:04:28.321707] {Default Queue}  -> wl_region#110.add(11, 12, 541, 5)
[00:04:28.321707] {Default Queue}  -> wl_region#110.add(569, 12, 142, 5)
[00:04:28.321708] {Default Queue}  -> wl_region#110.add(880, 12, 389, 5)
[00:04:28.321709] {Default Queue}  -> wl_region#110.add(10, 17, 543, 14)
[00:04:28.321709] {Default Queue}  -> wl_region#110.add(568, 17, 144, 14)
[00:04:28.321710] {Default Queue}  -> wl_region#110.add(879, 17, 391, 14)
[00:04:28.321710] {Default Queue}  -> wl_region#110.add(11, 31, 541, 5)
[00:04:28.321711] {Default Queue}  -> wl_region#110.add(569, 31, 142, 5)
[00:04:28.321712] {Default Queue}  -> wl_region#110.add(880, 31, 389, 5)
[00:04:28.321712] {Default Queue}  -> wl_region#110.add(12, 36, 539, 2)
[00:04:28.321713] {Default Queue}  -> wl_region#110.add(570, 36, 140, 2)
[00:04:28.321713] {Default Queue}  -> wl_region#110.add(881, 36, 387, 2)
[00:04:28.321714] {Default Queue}  -> wl_region#110.add(13, 38, 537, 1)
[00:04:28.321715] {Default Queue}  -> wl_region#110.add(571, 38, 138, 1)
[00:04:28.321715] {Default Queue}  -> wl_region#110.add(882, 38, 385, 1)
[00:04:28.321716] {Default Queue}  -> wl_region#110.add(14, 39, 535, 1)
[00:04:28.321717] {Default Queue}  -> wl_region#110.add(572, 39, 136, 1)
[00:04:28.321717] {Default Queue}  -> wl_region#110.add(883, 39, 383, 1)
[00:04:28.321718] {Default Queue}  -> wl_region#110.add(15, 40, 533, 1)
[00:04:28.321718] {Default Queue}  -> wl_region#110.add(573, 40, 134, 1)
[00:04:28.321719] {Default Queue}  -> wl_region#110.add(884, 40, 381, 1)
[00:04:28.321720] {Default Queue}  -> wl_region#110.add(16, 41, 531, 1)
[00:04:28.321720] {Default Queue}  -> wl_region#110.add(574, 41, 132, 1)
[00:04:28.321721] {Default Queue}  -> wl_region#110.add(885, 41, 379, 1)
[00:04:28.321721] {Default Queue}  -> wl_region#110.add(17, 42, 529, 1)
[00:04:28.321722] {Default Queue}  -> wl_region#110.add(575, 42, 130, 1)
[00:04:28.321723] {Default Queue}  -> wl_region#110.add(886, 42, 377, 1)
[00:04:28.321723] {Default Queue}  -> wl_region#110.add(19, 43, 525, 1)
[00:04:28.321724] {Default Queue}  -> wl_region#110.add(577, 43, 126, 1)
[00:04:28.321725] {Default Queue}  -> wl_region#110.add(888, 43, 373, 1)
[00:04:28.321725]  -> wl_surface#76.set_input_region(wl_region#110)
[00:04:28.321726] {Default Queue}  -> wl_region#110.destroy()
[00:04:28.321726]  -> wl_surface#76.attach(wl_buffer#113, 0, 0)
[00:04:28.321727]  -> wl_surface#76.frame(new id wl_callback#109)
[00:04:28.321728] {Default Queue}  -> wp_presentation#23.feedback(wl_surface#76, new id wp_presentation_feedback#102)
[00:04:28.321728]  -> wl_surface#76.commit()
[00:04:28.321737] {Display Queue} wl_display#1.delete_id(106)
[00:04:28.321738] {Display Queue} wl_display#1.delete_id(105)
[00:04:28.321738] {Default Queue} wl_buffer#92.release()
[00:04:28.321739] {Default Queue} wl_buffer#97.release()
[00:04:28.321739] {Default Queue} wl_buffer#104.release()
[00:04:28.321789] {Display Queue} wl_display#1.delete_id(116)
[00:04:28.321793] {Display Queue} wl_display#1.delete_id(110)
[00:04:28.321794] {Default Queue} wl_buffer#108.release()
[00:04:28.321795] {Default Queue} wl_buffer#113.release()
[00:04:28.334128] {Default Queue}  -> wl_compositor#4.create_surface(new id wl_surface#110)
[00:04:28.334138] {Default Queue}  -> wp_fractional_scale_manager_v1#11.get_fractional_scale(new id wp_fractional_scale_v1#116, wl_surface#110)
[00:04:28.334142] {Default Queue}  -> wp_viewporter#10.get_viewport(new id wp_viewport#105, wl_surface#110)
[00:04:28.334176] {Default Queue}  -> xdg_toplevel_icon_manager_v1#9.create_icon(new id xdg_toplevel_icon_v1#106)
[00:04:28.334198] {Default Queue}  -> zwlr_layer_shell_v1#49.get_layer_surface(new id zwlr_layer_surface_v1#98, wl_surface#110, wl_output#31, 3, "pearl:popup")
[00:04:28.334202] {Default Queue}  -> zwlr_layer_surface_v1#98.set_keyboard_interactivity(1)
[00:04:28.334203] {Default Queue}  -> zwlr_layer_surface_v1#98.set_exclusive_zone(0)
[00:04:28.334204] {Default Queue}  -> zwlr_layer_surface_v1#98.set_anchor(15)
[00:04:28.334205] {Default Queue}  -> zwlr_layer_surface_v1#98.set_margin(0, 0, 0, 0)
[00:04:28.334206] {Default Queue}  -> zwlr_layer_surface_v1#98.set_size(0, 0)
[00:04:28.334212]  -> wl_surface#110.commit()
[00:04:28.334395] {Default Queue}  -> ext_background_effect_manager_v1#48.get_background_effect(new id ext_background_effect_surface_v1#93, wl_surface#110)
[00:04:28.334401] {Default Queue}  -> wl_compositor#46.create_region(new id wl_region#91)
[00:04:28.334412] {Default Queue}  -> wl_region#91.add(-11, -20, 22, 1)
[00:04:28.334414] {Default Queue}  -> wl_region#91.add(-13, -19, 26, 1)
[00:04:28.334415] {Default Queue}  -> wl_region#91.add(-14, -18, 28, 1)
[00:04:28.334415] {Default Queue}  -> wl_region#91.add(-15, -17, 30, 1)
[00:04:28.334416] {Default Queue}  -> wl_region#91.add(-16, -16, 32, 1)
[00:04:28.334417] {Default Queue}  -> wl_region#91.add(-17, -15, 34, 1)
[00:04:28.334418] {Default Queue}  -> wl_region#91.add(-18, -14, 36, 2)
[00:04:28.334418] {Default Queue}  -> wl_region#91.add(-19, -12, 38, 5)
[00:04:28.334419] {Default Queue}  -> wl_region#91.add(-20, -7, 40, 14)
[00:04:28.334420] {Default Queue}  -> wl_region#91.add(-19, 7, 38, 5)
[00:04:28.334421] {Default Queue}  -> wl_region#91.add(-18, 12, 36, 2)
[00:04:28.334421] {Default Queue}  -> wl_region#91.add(-17, 14, 34, 1)
[00:04:28.334422] {Default Queue}  -> wl_region#91.add(-16, 15, 32, 1)
[00:04:28.334422] {Default Queue}  -> wl_region#91.add(-15, 16, 30, 1)
[00:04:28.334423] {Default Queue}  -> wl_region#91.add(-14, 17, 28, 1)
[00:04:28.334424] {Default Queue}  -> wl_region#91.add(-13, 18, 26, 1)
[00:04:28.334424] {Default Queue}  -> wl_region#91.add(-11, 19, 22, 1)
[00:04:28.334425] {Default Queue}  -> ext_background_effect_surface_v1#93.set_blur_region(wl_region#91)
[00:04:28.334427] {Default Queue}  -> wl_region#91.destroy()
[00:04:28.334523] {Default Queue}  -> wl_display#1.get_registry(new id wl_registry#119)
[00:04:28.334545] {Default Queue}  -> xdg_activation_v1#15.get_activation_token(new id xdg_activation_token_v1#120)
[00:04:28.334548]  -> xdg_activation_token_v1#120.set_serial(0, wl_seat#3)
[00:04:28.334550]  -> xdg_activation_token_v1#120.commit()
[00:04:28.334736] {Display Queue} wl_display#1.delete_id(91)
[00:04:28.334822] xdg_activation_token_v1#120.done("8d1da8eb09d1f6aca18461737f8b5059")
[00:04:28.334838]  -> xdg_activation_token_v1#120.destroy()
[00:04:28.334840] {Default Queue}  -> xdg_activation_v1#15.activate("8d1da8eb09d1f6aca18461737f8b5059", wl_surface#110)
info: event=popup-opened output=1
[00:04:28.334882] {Default Queue} zwlr_layer_surface_v1#75.configure(38, 1280, 48)
[00:04:28.334889] {Default Queue}  -> zwlr_layer_surface_v1#75.ack_configure(38)
[00:04:28.334891] {Default Queue} zwlr_layer_surface_v1#69.configure(39, 1280, 720)
[00:04:28.334894] {Default Queue}  -> zwlr_layer_surface_v1#69.ack_configure(39)
[00:04:28.334894] {Default Queue} zwlr_layer_surface_v1#80.configure(40, 88, 2)
[00:04:28.334901] {Default Queue}  -> zwlr_layer_surface_v1#80.ack_configure(40)
[00:04:28.334902] {Default Queue} zwlr_layer_surface_v1#98.configure(41, 1280, 672)
[00:04:28.334914] {Default Queue}  -> zwlr_layer_surface_v1#98.ack_configure(41)
[00:04:28.334916] {Default Queue} wl_registry#119.global(1, "wl_compositor", 6)
[00:04:28.334918] {Default Queue} wl_registry#119.global(2, "wl_fixes", 1)
[00:04:28.334919] {Default Queue} wl_registry#119.global(3, "wp_security_context_manager_v1", 1)
[00:04:28.334921] {Default Queue} wl_registry#119.global(4, "wl_shm", 2)
[00:04:28.334922] {Default Queue} wl_registry#119.global(5, "wp_single_pixel_buffer_manager_v1", 1)
[00:04:28.334923] {Default Queue} wl_registry#119.global(6, "wp_alpha_modifier_v1", 1)
[00:04:28.334924] {Default Queue} wl_registry#119.global(7, "wp_color_representation_manager_v1", 1)
[00:04:28.334926] {Default Queue} wl_registry#119.global(8, "wp_content_type_manager_v1", 1)
[00:04:28.334927] {Default Queue} wl_registry#119.global(9, "wp_fifo_manager_v1", 1)
[00:04:28.334928] {Default Queue} wl_registry#119.global(10, "wp_commit_timing_manager_v1", 1)
[00:04:28.334929] {Default Queue} wl_registry#119.global(11, "xdg_wm_dialog_v1", 1)
[00:04:28.334930] {Default Queue} wl_registry#119.global(12, "xdg_toplevel_drag_manager_v1", 1)
[00:04:28.334931] {Default Queue} wl_registry#119.global(13, "xdg_toplevel_icon_manager_v1", 1)
[00:04:28.334932] {Default Queue} wl_registry#119.global(14, "xdg_toplevel_tag_manager_v1", 1)
[00:04:28.334933] {Default Queue} wl_registry#119.global(15, "wp_viewporter", 1)
[00:04:28.334934] {Default Queue} wl_registry#119.global(16, "wp_fractional_scale_manager_v1", 1)
[00:04:28.334936] {Default Queue} wl_registry#119.global(17, "wl_subcompositor", 1)
[00:04:28.334937] {Default Queue} wl_registry#119.global(18, "wp_cursor_shape_manager_v1", 2)
[00:04:28.334938] {Default Queue} wl_registry#119.global(19, "xdg_wm_base", 7)
[00:04:28.334939] {Default Queue} wl_registry#119.global(20, "zxdg_decoration_manager_v1", 1)
[00:04:28.334940] {Default Queue} wl_registry#119.global(21, "org_kde_kwin_server_decoration_manager", 1)
[00:04:28.334941] {Default Queue} wl_registry#119.global(22, "xdg_activation_v1", 1)
[00:04:28.334942] {Default Queue} wl_registry#119.global(23, "zxdg_exporter_v2", 1)
[00:04:28.334943] {Default Queue} wl_registry#119.global(24, "zxdg_importer_v2", 1)
[00:04:28.334944] {Default Queue} wl_registry#119.global(25, "wl_data_device_manager", 3)
[00:04:28.334945] {Default Queue} wl_registry#119.global(26, "zwp_primary_selection_device_manager_v1", 1)
[00:04:28.334946] {Default Queue} wl_registry#119.global(27, "ext_data_control_manager_v1", 1)
[00:04:28.334947] {Default Queue} wl_registry#119.global(28, "zwlr_data_control_manager_v1", 2)
[00:04:28.334949] {Default Queue} wl_registry#119.global(29, "zwlr_export_dmabuf_manager_v1", 1)
[00:04:28.334950] {Default Queue} wl_registry#119.global(30, "zwlr_screencopy_manager_v1", 3)
[00:04:28.334951] {Default Queue} wl_registry#119.global(31, "ext_image_copy_capture_manager_v1", 1)
[00:04:28.334952] {Default Queue} wl_registry#119.global(32, "aqueous_capture_color_manager_v1", 1)
[00:04:28.334953] {Default Queue} wl_registry#119.global(33, "ext_output_image_capture_source_manager_v1", 1)
[00:04:28.334954] {Default Queue} wl_registry#119.global(34, "zwlr_foreign_toplevel_manager_v1", 3)
[00:04:28.334955] {Default Queue} wl_registry#119.global(35, "ext_foreign_toplevel_list_v1", 1)
[00:04:28.334956] {Default Queue} wl_registry#119.global(36, "ext_foreign_toplevel_image_capture_source_manager_v1", 1)
[00:04:28.334957] {Default Queue} wl_registry#119.global(37, "wp_tearing_control_manager_v1", 1)
[00:04:28.334957] {Default Queue} wl_registry#119.global(38, "zwp_linux_dmabuf_v1", 5)
[00:04:28.334958] {Default Queue} wl_registry#119.global(39, "wp_linux_drm_syncobj_manager_v1", 1)
[00:04:28.334959] {Default Queue} wl_registry#119.global(40, "wp_color_manager_v1", 3)
[00:04:28.334959] {Default Queue} wl_registry#119.global(41, "aqueous_window_manager_v1", 10)
[00:04:28.334960] {Default Queue} wl_registry#119.global(42, "ext_workspace_manager_v1", 1)
[00:04:28.334960] {Default Queue} wl_registry#119.global(43, "aqueous_window_info_manager_v1", 8)
[00:04:28.334961] {Default Queue} wl_registry#119.global(44, "aqueous_xkb_bindings_v1", 3)
[00:04:28.334961] {Default Queue} wl_registry#119.global(45, "aqueous_layer_shell_v1", 1)
[00:04:28.334962] {Default Queue} wl_registry#119.global(46, "zwlr_layer_shell_v1", 4)
[00:04:28.334963] {Default Queue} wl_registry#119.global(47, "zwlr_gamma_control_manager_v1", 1)
[00:04:28.334963] {Default Queue} wl_registry#119.global(48, "wp_presentation", 2)
[00:04:28.334964] {Default Queue} wl_registry#119.global(49, "zxdg_output_manager_v1", 3)
[00:04:28.334964] {Default Queue} wl_registry#119.global(50, "zwlr_output_manager_v1", 4)
[00:04:28.334965] {Default Queue} wl_registry#119.global(51, "zwlr_output_power_manager_v1", 1)
[00:04:28.334966] {Default Queue} wl_registry#119.global(52, "aqueous_input_manager_v1", 2)
[00:04:28.334966] {Default Queue} wl_registry#119.global(53, "ext_idle_notifier_v1", 2)
[00:04:28.334967] {Default Queue} wl_registry#119.global(54, "zwp_relative_pointer_manager_v1", 1)
[00:04:28.334969] {Default Queue} wl_registry#119.global(55, "zwp_pointer_gestures_v1", 3)
[00:04:28.334970] {Default Queue} wl_registry#119.global(56, "zwlr_virtual_pointer_manager_v1", 2)
[00:04:28.334972] {Default Queue} wl_registry#119.global(57, "zwp_virtual_keyboard_manager_v1", 1)
[00:04:28.334973] {Default Queue} wl_registry#119.global(58, "zwp_pointer_constraints_v1", 1)
[00:04:28.334974] {Default Queue} wl_registry#119.global(59, "zwp_input_method_manager_v2", 1)
[00:04:28.334975] {Default Queue} wl_registry#119.global(60, "zwp_text_input_manager_v3", 1)
[00:04:28.334977] {Default Queue}  -> wl_registry#119.bind(60, "zwp_text_input_manager_v3", 1, new id [unknown]#91)
[00:04:28.334979] {Default Queue}  -> zwp_text_input_manager_v3#91.get_text_input(new id zwp_text_input_v3#121, wl_seat#3)
[00:04:28.334981] {Default Queue} wl_registry#119.global(61, "zwp_tablet_manager_v2", 1)
[00:04:28.334983] {Default Queue} wl_registry#119.global(62, "wp_pointer_warp_v1", 1)
[00:04:28.334984] {Default Queue} wl_registry#119.global(63, "wl_seat", 9)
[00:04:28.334985] {Default Queue} wl_registry#119.global(64, "aqueous_libinput_config_v1", 2)
[00:04:28.334985] {Default Queue} wl_registry#119.global(65, "aqueous_xkb_config_v1", 2)
[00:04:28.334986] {Default Queue} wl_registry#119.global(66, "zwp_idle_inhibit_manager_v1", 1)
[00:04:28.334986] {Default Queue} wl_registry#119.global(67, "ext_session_lock_manager_v1", 1)
[00:04:28.334987] {Default Queue} wl_registry#119.global(68, "aqueous_shell_manager_v1", 2)
[00:04:28.334988] {Default Queue} wl_registry#119.global(69, "zwp_keyboard_shortcuts_inhibit_manager_v1", 1)
[00:04:28.334989] {Default Queue} wl_registry#119.global(70, "ext_background_effect_manager_v1", 1)
[00:04:28.334990] {Default Queue} wl_registry#119.global(71, "xdg_system_bell_v1", 1)
[00:04:28.334991] {Default Queue} wl_registry#119.global(72, "wl_output", 4)
[00:04:28.334992] {Default Queue} wl_registry#119.global(73, "wl_output", 4)
[00:04:28.339841] {Default Queue}  -> wl_shm#5.create_pool(new id wl_shm_pool#122, fd 18, 3440640)
[00:04:28.339852] {Default Queue}  -> wl_shm_pool#122.create_buffer(new id wl_buffer#123, 0, 1280, 672, 5120, 0)
[00:04:28.341028] {Default Queue}  -> wl_compositor#4.create_region(new id wl_region#124)
[00:04:28.341033] {Default Queue}  -> wl_region#124.add(377, 90, 526, 54)
[00:04:28.341036]  -> wl_surface#110.set_opaque_region(wl_region#124)
[00:04:28.341037] {Default Queue}  -> wl_region#124.destroy()
[00:04:28.341039] {Default Queue}  -> wp_viewport#105.set_destination(1280, 672)
[00:04:28.341040]  -> wl_surface#110.attach(wl_buffer#123, 0, 0)
[00:04:28.341041]  -> wl_surface#110.damage_buffer(0, 0, 1280, 672)
[00:04:28.341042]  -> wl_surface#110.frame(new id wl_callback#125)
[00:04:28.341045] {Default Queue}  -> wp_presentation#23.feedback(wl_surface#110, new id wp_presentation_feedback#126)
[00:04:28.341047]  -> wl_surface#110.commit()
[00:04:28.341060] {Default Queue}  -> wl_compositor#46.create_region(new id wl_region#127)
[00:04:28.341092] {Default Queue}  -> wl_region#127.add(339, 36, 602, 1)
[00:04:28.341093] {Default Queue}  -> wl_region#127.add(337, 37, 606, 1)
[00:04:28.341094] {Default Queue}  -> wl_region#127.add(336, 38, 608, 1)
[00:04:28.341095] {Default Queue}  -> wl_region#127.add(335, 39, 610, 1)
[00:04:28.341095] {Default Queue}  -> wl_region#127.add(334, 40, 612, 1)
[00:04:28.341096] {Default Queue}  -> wl_region#127.add(333, 41, 614, 1)
[00:04:28.341096] {Default Queue}  -> wl_region#127.add(332, 42, 616, 2)
[00:04:28.341097] {Default Queue}  -> wl_region#127.add(331, 44, 618, 5)
[00:04:28.341098] {Default Queue}  -> wl_region#127.add(330, 49, 620, 574)
[00:04:28.341104] {Default Queue}  -> wl_region#127.add(331, 623, 618, 5)
[00:04:28.341105] {Default Queue}  -> wl_region#127.add(332, 628, 616, 2)
[00:04:28.341105] {Default Queue}  -> wl_region#127.add(333, 630, 614, 1)
[00:04:28.341106] {Default Queue}  -> wl_region#127.add(334, 631, 612, 1)
[00:04:28.341107] {Default Queue}  -> wl_region#127.add(335, 632, 610, 1)
[00:04:28.341107] {Default Queue}  -> wl_region#127.add(336, 633, 608, 1)
[00:04:28.341108] {Default Queue}  -> wl_region#127.add(337, 634, 606, 1)
[00:04:28.341109] {Default Queue}  -> wl_region#127.add(339, 635, 602, 1)
[00:04:28.341110] {Default Queue}  -> ext_background_effect_surface_v1#93.set_blur_region(wl_region#127)
[00:04:28.341111] {Default Queue}  -> wl_region#127.destroy()
[00:04:28.341151] {Display Queue} wl_display#1.delete_id(120)
[00:04:28.341154] {Display Queue} wl_display#1.delete_id(100)
[00:04:28.341155] {Display Queue} wl_display#1.delete_id(99)
[00:04:28.341156] {Display Queue} wl_display#1.delete_id(118)
[00:04:28.341156] {Display Queue} wl_display#1.delete_id(95)
[00:04:28.341157] {Display Queue} wl_display#1.delete_id(94)
[00:04:28.341158] {Display Queue} wl_display#1.delete_id(114)
[00:04:28.341159] {Display Queue} wl_display#1.delete_id(111)
[00:04:28.341160] {Display Queue} wl_display#1.delete_id(109)
[00:04:28.341160] {Display Queue} wl_display#1.delete_id(115)
[00:04:28.341161] {Display Queue} wl_display#1.delete_id(102)
[00:04:28.341162] {Default Queue} wl_callback#100.done(40191453)
[00:04:28.341172] {Default Queue} wl_callback#99.done(40191453)
[00:04:28.341174] {Default Queue} wl_callback#118.done(40191453)
[00:04:28.341177] {Default Queue} wp_presentation_feedback#95.sync_output(wl_output#63)
[00:04:28.341178] {Default Queue} wp_presentation_feedback#95.sync_output(wl_output#31)
[00:04:28.341179] {Default Queue} wp_presentation_feedback#95.presented(0, 40191, 453238737, 0, 0, 0, 0)
[00:04:28.341183] {Default Queue} wp_presentation_feedback#94.sync_output(wl_output#63)
[00:04:28.341184] {Default Queue} wp_presentation_feedback#94.sync_output(wl_output#31)
[00:04:28.341184] {Default Queue} wp_presentation_feedback#94.presented(0, 40191, 453238737, 0, 0, 0, 0)
[00:04:28.341186] {Default Queue} wp_presentation_feedback#114.sync_output(wl_output#63)
[00:04:28.341187] {Default Queue} wp_presentation_feedback#114.sync_output(wl_output#31)
[00:04:28.341188] {Default Queue} wp_presentation_feedback#114.presented(0, 40191, 453238737, 0, 0, 0, 0)
[00:04:28.341190] {Default Queue} wl_callback#111.done(40191453)
[00:04:28.341192] {Default Queue} wl_callback#109.done(40191453)
[00:04:28.341194] {Default Queue} wp_presentation_feedback#115.sync_output(wl_output#64)
[00:04:28.341195] {Default Queue} wp_presentation_feedback#115.sync_output(wl_output#34)
[00:04:28.341196] {Default Queue} wp_presentation_feedback#115.presented(0, 40191, 453579210, 0, 0, 0, 0)
[00:04:28.341198] {Default Queue} wp_presentation_feedback#102.sync_output(wl_output#64)
[00:04:28.341198] {Default Queue} wp_presentation_feedback#102.sync_output(wl_output#34)
[00:04:28.341199] {Default Queue} wp_presentation_feedback#102.presented(0, 40191, 453579210, 0, 0, 0, 0)
info: event=launcher-results count=114 shown=114 publish_us=9266
[00:04:28.344295] {Display Queue} wl_display#1.delete_id(124)
[00:04:28.344302] {Display Queue} wl_display#1.delete_id(127)
[00:04:28.344304] {Default Queue} zwlr_layer_surface_v1#75.configure(42, 1280, 48)
[00:04:28.344311] {Default Queue}  -> zwlr_layer_surface_v1#75.ack_configure(42)
[00:04:28.344313] {Default Queue} zwlr_layer_surface_v1#69.configure(43, 1280, 720)
[00:04:28.344315] {Default Queue}  -> zwlr_layer_surface_v1#69.ack_configure(43)
[00:04:28.344316] {Default Queue} zwlr_layer_surface_v1#80.configure(44, 88, 2)
[00:04:28.344318] {Default Queue}  -> zwlr_layer_surface_v1#80.ack_configure(44)
[00:04:28.344319] {Default Queue} zwlr_layer_surface_v1#98.configure(45, 1280, 672)
[00:04:28.344321] {Default Queue}  -> zwlr_layer_surface_v1#98.ack_configure(45)
[00:04:28.344322] {Default Queue} wp_fractional_scale_v1#116.preferred_scale(120)
[00:04:28.344323] {Default Queue} wl_buffer#123.release()
[00:04:28.344325] {Default Queue} wl_data_device#38.selection(nil)
[00:04:28.344330] {Default Queue} zwp_primary_selection_device_v1#37.selection(nil)
[00:04:28.344333] wl_surface#110.enter(wl_output#63)
[00:04:28.344395] wl_surface#110.enter(wl_output#31)
[00:04:28.344412] wl_surface#110.preferred_buffer_scale(1)
[00:04:28.344527]  -> wl_surface#65.commit()
[00:04:28.344534]  -> wl_surface#71.commit()
[00:04:28.344544]  -> wl_surface#70.commit()
[00:04:28.345385]  -> wl_surface#76.attach(wl_buffer#113, 0, 0)
[00:04:28.345390]  -> wl_surface#76.damage_buffer(4, 4, 555, 40)
[00:04:28.345392]  -> wl_surface#76.frame(new id wl_callback#127)
[00:04:28.345395] {Default Queue}  -> wp_presentation#23.feedback(wl_surface#76, new id wp_presentation_feedback#124)
[00:04:28.345398]  -> wl_surface#76.commit()
[00:04:28.345453] {Default Queue}  -> wl_compositor#46.create_region(new id wl_region#102)
[00:04:28.345470] {Default Queue}  -> wl_region#102.add(19, 4, 504, 1)
[00:04:28.345472] {Default Queue}  -> wl_region#102.add(577, 4, 126, 1)
[00:04:28.345473] {Default Queue}  -> wl_region#102.add(888, 4, 373, 1)
[00:04:28.345473] {Default Queue}  -> wl_region#102.add(17, 5, 508, 1)
[00:04:28.345474] {Default Queue}  -> wl_region#102.add(575, 5, 130, 1)
[00:04:28.345475] {Default Queue}  -> wl_region#102.add(886, 5, 377, 1)
[00:04:28.345476] {Default Queue}  -> wl_region#102.add(16, 6, 510, 1)
[00:04:28.345476] {Default Queue}  -> wl_region#102.add(574, 6, 132, 1)
[00:04:28.345477] {Default Queue}  -> wl_region#102.add(885, 6, 379, 1)
[00:04:28.345477] {Default Queue}  -> wl_region#102.add(15, 7, 512, 1)
[00:04:28.345479] {Default Queue}  -> wl_region#102.add(573, 7, 134, 1)
[00:04:28.345480] {Default Queue}  -> wl_region#102.add(884, 7, 381, 1)
[00:04:28.345481] {Default Queue}  -> wl_region#102.add(14, 8, 514, 1)
[00:04:28.345482] {Default Queue}  -> wl_region#102.add(572, 8, 136, 1)
[00:04:28.345483] {Default Queue}  -> wl_region#102.add(883, 8, 383, 1)
[00:04:28.345484] {Default Queue}  -> wl_region#102.add(13, 9, 516, 1)
[00:04:28.345485] {Default Queue}  -> wl_region#102.add(571, 9, 138, 1)
[00:04:28.345487] {Default Queue}  -> wl_region#102.add(882, 9, 385, 1)
[00:04:28.345488] {Default Queue}  -> wl_region#102.add(12, 10, 518, 2)
[00:04:28.345489] {Default Queue}  -> wl_region#102.add(570, 10, 140, 2)
[00:04:28.345490] {Default Queue}  -> wl_region#102.add(881, 10, 387, 2)
[00:04:28.345491] {Default Queue}  -> wl_region#102.add(11, 12, 520, 5)
[00:04:28.345493] {Default Queue}  -> wl_region#102.add(569, 12, 142, 5)
[00:04:28.345494] {Default Queue}  -> wl_region#102.add(880, 12, 389, 5)
[00:04:28.345495] {Default Queue}  -> wl_region#102.add(10, 17, 522, 14)
[00:04:28.345496] {Default Queue}  -> wl_region#102.add(568, 17, 144, 14)
[00:04:28.345497] {Default Queue}  -> wl_region#102.add(879, 17, 391, 14)
[00:04:28.345499] {Default Queue}  -> wl_region#102.add(11, 31, 520, 5)
[00:04:28.345500] {Default Queue}  -> wl_region#102.add(569, 31, 142, 5)
[00:04:28.345501] {Default Queue}  -> wl_region#102.add(880, 31, 389, 5)
[00:04:28.345502] {Default Queue}  -> wl_region#102.add(12, 36, 518, 2)
[00:04:28.345503] {Default Queue}  -> wl_region#102.add(570, 36, 140, 2)
[00:04:28.345504] {Default Queue}  -> wl_region#102.add(881, 36, 387, 2)
[00:04:28.345506] {Default Queue}  -> wl_region#102.add(13, 38, 516, 1)
[00:04:28.345507] {Default Queue}  -> wl_region#102.add(571, 38, 138, 1)
[00:04:28.345508] {Default Queue}  -> wl_region#102.add(882, 38, 385, 1)
[00:04:28.345509] {Default Queue}  -> wl_region#102.add(14, 39, 514, 1)
[00:04:28.345510] {Default Queue}  -> wl_region#102.add(572, 39, 136, 1)
[00:04:28.345511] {Default Queue}  -> wl_region#102.add(883, 39, 383, 1)
[00:04:28.345512] {Default Queue}  -> wl_region#102.add(15, 40, 512, 1)
[00:04:28.345513] {Default Queue}  -> wl_region#102.add(573, 40, 134, 1)
[00:04:28.345515] {Default Queue}  -> wl_region#102.add(884, 40, 381, 1)
[00:04:28.345516] {Default Queue}  -> wl_region#102.add(16, 41, 510, 1)
[00:04:28.345517] {Default Queue}  -> wl_region#102.add(574, 41, 132, 1)
[00:04:28.345518] {Default Queue}  -> wl_region#102.add(885, 41, 379, 1)
[00:04:28.345519] {Default Queue}  -> wl_region#102.add(17, 42, 508, 1)
[00:04:28.345520] {Default Queue}  -> wl_region#102.add(575, 42, 130, 1)
[00:04:28.345521] {Default Queue}  -> wl_region#102.add(886, 42, 377, 1)
[00:04:28.345522] {Default Queue}  -> wl_region#102.add(19, 43, 504, 1)
[00:04:28.345523] {Default Queue}  -> wl_region#102.add(577, 43, 126, 1)
[00:04:28.345525] {Default Queue}  -> wl_region#102.add(888, 43, 373, 1)
[00:04:28.345527] {Default Queue}  -> ext_background_effect_surface_v1#117.set_blur_region(wl_region#102)
[00:04:28.345529] {Default Queue}  -> wl_region#102.destroy()
info: event=launcher-results count=114 shown=114 publish_us=5142
[00:04:28.350147] {Display Queue} wl_display#1.delete_id(102)
[00:04:28.350152] {Default Queue} wl_buffer#113.release()
[00:04:28.355143] {Display Queue} wl_display#1.delete_id(125)
[00:04:28.355151] {Display Queue} wl_display#1.delete_id(126)
[00:04:28.355153] {Default Queue} wl_callback#125.done(40191469)
[00:04:28.355163] {Default Queue} wp_presentation_feedback#126.sync_output(wl_output#63)
[00:04:28.355164] {Default Queue} wp_presentation_feedback#126.sync_output(wl_output#31)
[00:04:28.355165] {Default Queue} wp_presentation_feedback#126.presented(0, 40191, 469998429, 0, 0, 0, 0)
[00:04:28.355168] wl_surface#110.preferred_buffer_transform(0)
[00:04:28.372773] {Default Queue}  -> wl_compositor#4.create_region(new id wl_region#126)
[00:04:28.372789] {Default Queue}  -> wl_region#126.add(365, 158, 550, 62)
[00:04:28.372792]  -> wl_surface#110.set_opaque_region(wl_region#126)
[00:04:28.372793] {Default Queue}  -> wl_region#126.destroy()
[00:04:28.372795]  -> wl_surface#110.attach(wl_buffer#123, 0, 0)
[00:04:28.372797]  -> wl_surface#110.damage_buffer(346, 86, 588, 62)
[00:04:28.372798]  -> wl_surface#110.damage_buffer(353, 158, 574, 426)
[00:04:28.372799]  -> wl_surface#110.damage_buffer(351, 600, 285, 15)
[00:04:28.372800]  -> wl_surface#110.frame(new id wl_callback#125)
[00:04:28.372804] {Default Queue}  -> wp_presentation#23.feedback(wl_surface#110, new id wp_presentation_feedback#102)
[00:04:28.372807]  -> wl_surface#110.commit()
info: event=launcher-painted latency_us=27840
[00:04:28.372916] {Display Queue} wl_display#1.delete_id(127)
[00:04:28.372918] {Display Queue} wl_display#1.delete_id(124)
[00:04:28.372919] {Default Queue} wl_callback#127.done(40191470)
[00:04:28.372928] {Default Queue} wp_presentation_feedback#124.sync_output(wl_output#64)
[00:04:28.372930] {Default Queue} wp_presentation_feedback#124.sync_output(wl_output#34)
[00:04:28.372930] {Default Queue} wp_presentation_feedback#124.presented(0, 40191, 470121500, 0, 0, 0, 0)
[00:04:28.373323]  -> wl_surface#71.attach(wl_buffer#97, 0, 0)
[00:04:28.373327]  -> wl_surface#71.damage_buffer(4, 4, 827, 40)
[00:04:28.373328]  -> wl_surface#71.frame(new id wl_callback#124)
[00:04:28.373330] {Default Queue}  -> wp_presentation#23.feedback(wl_surface#71, new id wp_presentation_feedback#127)
[00:04:28.373331]  -> wl_surface#71.commit()
[00:04:28.373364] {Default Queue}  -> wl_compositor#46.create_region(new id wl_region#115)
[00:04:28.373382] {Default Queue}  -> wl_region#115.add(19, 4, 504, 1)
[00:04:28.373384] {Default Queue}  -> wl_region#115.add(577, 4, 126, 1)
[00:04:28.373385] {Default Queue}  -> wl_region#115.add(888, 4, 373, 1)
[00:04:28.373386] {Default Queue}  -> wl_region#115.add(17, 5, 508, 1)
[00:04:28.373387] {Default Queue}  -> wl_region#115.add(575, 5, 130, 1)
[00:04:28.373388] {Default Queue}  -> wl_region#115.add(886, 5, 377, 1)
[00:04:28.373390] {Default Queue}  -> wl_region#115.add(16, 6, 510, 1)
[00:04:28.373391] {Default Queue}  -> wl_region#115.add(574, 6, 132, 1)
[00:04:28.373392] {Default Queue}  -> wl_region#115.add(885, 6, 379, 1)
[00:04:28.373393] {Default Queue}  -> wl_region#115.add(15, 7, 512, 1)
[00:04:28.373394] {Default Queue}  -> wl_region#115.add(573, 7, 134, 1)
[00:04:28.373395] {Default Queue}  -> wl_region#115.add(884, 7, 381, 1)
[00:04:28.373396] {Default Queue}  -> wl_region#115.add(14, 8, 514, 1)
[00:04:28.373397] {Default Queue}  -> wl_region#115.add(572, 8, 136, 1)
[00:04:28.373398] {Default Queue}  -> wl_region#115.add(883, 8, 383, 1)
[00:04:28.373399] {Default Queue}  -> wl_region#115.add(13, 9, 516, 1)
[00:04:28.373400] {Default Queue}  -> wl_region#115.add(571, 9, 138, 1)
[00:04:28.373401] {Default Queue}  -> wl_region#115.add(882, 9, 385, 1)
[00:04:28.373402] {Default Queue}  -> wl_region#115.add(12, 10, 518, 2)
[00:04:28.373403] {Default Queue}  -> wl_region#115.add(570, 10, 140, 2)
[00:04:28.373404] {Default Queue}  -> wl_region#115.add(881, 10, 387, 2)
[00:04:28.373405] {Default Queue}  -> wl_region#115.add(11, 12, 520, 5)
[00:04:28.373406] {Default Queue}  -> wl_region#115.add(569, 12, 142, 5)
[00:04:28.373407] {Default Queue}  -> wl_region#115.add(880, 12, 389, 5)
[00:04:28.373408] {Default Queue}  -> wl_region#115.add(10, 17, 522, 14)
[00:04:28.373408] {Default Queue}  -> wl_region#115.add(568, 17, 144, 14)
[00:04:28.373409] {Default Queue}  -> wl_region#115.add(879, 17, 391, 14)
[00:04:28.373410] {Default Queue}  -> wl_region#115.add(11, 31, 520, 5)
[00:04:28.373411] {Default Queue}  -> wl_region#115.add(569, 31, 142, 5)
[00:04:28.373412] {Default Queue}  -> wl_region#115.add(880, 31, 389, 5)
[00:04:28.373413] {Default Queue}  -> wl_region#115.add(12, 36, 518, 2)
[00:04:28.373414] {Default Queue}  -> wl_region#115.add(570, 36, 140, 2)
[00:04:28.373415] {Default Queue}  -> wl_region#115.add(881, 36, 387, 2)
[00:04:28.373416] {Default Queue}  -> wl_region#115.add(13, 38, 516, 1)
[00:04:28.373417] {Default Queue}  -> wl_region#115.add(571, 38, 138, 1)
[00:04:28.373418] {Default Queue}  -> wl_region#115.add(882, 38, 385, 1)
[00:04:28.373419] {Default Queue}  -> wl_region#115.add(14, 39, 514, 1)
[00:04:28.373420] {Default Queue}  -> wl_region#115.add(572, 39, 136, 1)
[00:04:28.373421] {Default Queue}  -> wl_region#115.add(883, 39, 383, 1)
[00:04:28.373422] {Default Queue}  -> wl_region#115.add(15, 40, 512, 1)
[00:04:28.373423] {Default Queue}  -> wl_region#115.add(573, 40, 134, 1)
[00:04:28.373423] {Default Queue}  -> wl_region#115.add(884, 40, 381, 1)
[00:04:28.373424] {Default Queue}  -> wl_region#115.add(16, 41, 510, 1)
[00:04:28.373425] {Default Queue}  -> wl_region#115.add(574, 41, 132, 1)
[00:04:28.373426] {Default Queue}  -> wl_region#115.add(885, 41, 379, 1)
[00:04:28.373427] {Default Queue}  -> wl_region#115.add(17, 42, 508, 1)
[00:04:28.373428] {Default Queue}  -> wl_region#115.add(575, 42, 130, 1)
[00:04:28.373429] {Default Queue}  -> wl_region#115.add(886, 42, 377, 1)
[00:04:28.373430] {Default Queue}  -> wl_region#115.add(19, 43, 504, 1)
[00:04:28.373431] {Default Queue}  -> wl_region#115.add(577, 43, 126, 1)
[00:04:28.373432] {Default Queue}  -> wl_region#115.add(888, 43, 373, 1)
[00:04:28.373433] {Default Queue}  -> ext_background_effect_surface_v1#101.set_blur_region(wl_region#115)
[00:04:28.373435] {Default Queue}  -> wl_region#115.destroy()
[00:04:28.373469]  -> wl_surface#70.attach(wl_buffer#104, 0, 0)
[00:04:28.373470]  -> wl_surface#70.frame(new id wl_callback#109)
[00:04:28.373471] {Default Queue}  -> wp_presentation#23.feedback(wl_surface#70, new id wp_presentation_feedback#111)
[00:04:28.373473]  -> wl_surface#70.commit()
[00:04:28.373544] {Default Queue}  -> wl_compositor#4.create_region(new id wl_region#114)
[00:04:28.373547] {Default Queue}  -> wl_region#114.add(19, 4, 504, 1)
[00:04:28.373548] {Default Queue}  -> wl_region#114.add(577, 4, 126, 1)
[00:04:28.373549] {Default Queue}  -> wl_region#114.add(888, 4, 373, 1)
[00:04:28.373550] {Default Queue}  -> wl_region#114.add(17, 5, 508, 1)
[00:04:28.373551] {Default Queue}  -> wl_region#114.add(575, 5, 130, 1)
[00:04:28.373552] {Default Queue}  -> wl_region#114.add(886, 5, 377, 1)
[00:04:28.373553] {Default Queue}  -> wl_region#114.add(16, 6, 510, 1)
[00:04:28.373554] {Default Queue}  -> wl_region#114.add(574, 6, 132, 1)
[00:04:28.373555] {Default Queue}  -> wl_region#114.add(885, 6, 379, 1)
[00:04:28.373557] {Default Queue}  -> wl_region#114.add(15, 7, 512, 1)
[00:04:28.373558] {Default Queue}  -> wl_region#114.add(573, 7, 134, 1)
[00:04:28.373559] {Default Queue}  -> wl_region#114.add(884, 7, 381, 1)
[00:04:28.373560] {Default Queue}  -> wl_region#114.add(14, 8, 514, 1)
[00:04:28.373561] {Default Queue}  -> wl_region#114.add(572, 8, 136, 1)
[00:04:28.373562] {Default Queue}  -> wl_region#114.add(883, 8, 383, 1)
[00:04:28.373563] {Default Queue}  -> wl_region#114.add(13, 9, 516, 1)
[00:04:28.373564] {Default Queue}  -> wl_region#114.add(571, 9, 138, 1)
[00:04:28.373565] {Default Queue}  -> wl_region#114.add(882, 9, 385, 1)
[00:04:28.373566] {Default Queue}  -> wl_region#114.add(12, 10, 518, 2)
[00:04:28.373567] {Default Queue}  -> wl_region#114.add(570, 10, 140, 2)
[00:04:28.373568] {Default Queue}  -> wl_region#114.add(881, 10, 387, 2)
[00:04:28.373569] {Default Queue}  -> wl_region#114.add(11, 12, 520, 5)
[00:04:28.373570] {Default Queue}  -> wl_region#114.add(569, 12, 142, 5)
[00:04:28.373571] {Default Queue}  -> wl_region#114.add(880, 12, 389, 5)
[00:04:28.373572] {Default Queue}  -> wl_region#114.add(10, 17, 522, 14)
[00:04:28.373573] {Default Queue}  -> wl_region#114.add(568, 17, 144, 14)
[00:04:28.373574] {Default Queue}  -> wl_region#114.add(879, 17, 391, 14)
[00:04:28.373575] {Default Queue}  -> wl_region#114.add(11, 31, 520, 5)
[00:04:28.373576] {Default Queue}  -> wl_region#114.add(569, 31, 142, 5)
[00:04:28.373577] {Default Queue}  -> wl_region#114.add(880, 31, 389, 5)
[00:04:28.373578] {Default Queue}  -> wl_region#114.add(12, 36, 518, 2)
[00:04:28.373579] {Default Queue}  -> wl_region#114.add(570, 36, 140, 2)
[00:04:28.373580] {Default Queue}  -> wl_region#114.add(881, 36, 387, 2)
[00:04:28.373581] {Default Queue}  -> wl_region#114.add(13, 38, 516, 1)
[00:04:28.373582] {Default Queue}  -> wl_region#114.add(571, 38, 138, 1)
[00:04:28.373583] {Default Queue}  -> wl_region#114.add(882, 38, 385, 1)
[00:04:28.373584] {Default Queue}  -> wl_region#114.add(14, 39, 514, 1)
[00:04:28.373585] {Default Queue}  -> wl_region#114.add(572, 39, 136, 1)
[00:04:28.373587] {Default Queue}  -> wl_region#114.add(883, 39, 383, 1)
[00:04:28.373588] {Default Queue}  -> wl_region#114.add(15, 40, 512, 1)
[00:04:28.373589] {Default Queue}  -> wl_region#114.add(573, 40, 134, 1)
[00:04:28.373590] {Default Queue}  -> wl_region#114.add(884, 40, 381, 1)
[00:04:28.373591] {Default Queue}  -> wl_region#114.add(16, 41, 510, 1)
[00:04:28.373592] {Default Queue}  -> wl_region#114.add(574, 41, 132, 1)
[00:04:28.373593] {Default Queue}  -> wl_region#114.add(885, 41, 379, 1)
[00:04:28.373594] {Default Queue}  -> wl_region#114.add(17, 42, 508, 1)
[00:04:28.373595] {Default Queue}  -> wl_region#114.add(575, 42, 130, 1)
[00:04:28.373596] {Default Queue}  -> wl_region#114.add(886, 42, 377, 1)
[00:04:28.373597] {Default Queue}  -> wl_region#114.add(19, 43, 504, 1)
[00:04:28.373598] {Default Queue}  -> wl_region#114.add(577, 43, 126, 1)
[00:04:28.373599] {Default Queue}  -> wl_region#114.add(888, 43, 373, 1)
[00:04:28.373600]  -> wl_surface#76.set_input_region(wl_region#114)
[00:04:28.373601] {Default Queue}  -> wl_region#114.destroy()
[00:04:28.373602]  -> wl_surface#76.attach(wl_buffer#113, 0, 0)
[00:04:28.373603]  -> wl_surface#76.frame(new id wl_callback#94)
[00:04:28.373604] {Default Queue}  -> wp_presentation#23.feedback(wl_surface#76, new id wp_presentation_feedback#95)
[00:04:28.373606]  -> wl_surface#76.commit()
[00:04:28.373624] {Display Queue} wl_display#1.delete_id(126)
[00:04:28.373626] {Display Queue} wl_display#1.delete_id(115)
[00:04:28.373627] {Default Queue} wl_buffer#123.release()
[00:04:28.373628] {Default Queue} wl_buffer#97.release()
[00:04:28.373671] {Display Queue} wl_display#1.delete_id(114)
[00:04:28.373676] {Default Queue} wl_buffer#104.release()
[00:04:28.373677] {Default Queue} wl_buffer#113.release()
[00:04:28.388292] {Display Queue} wl_display#1.delete_id(124)
[00:04:28.388300] {Display Queue} wl_display#1.delete_id(109)
[00:04:28.388302] {Display Queue} wl_display#1.delete_id(125)
[00:04:28.388303] {Display Queue} wl_display#1.delete_id(127)
[00:04:28.388304] {Display Queue} wl_display#1.delete_id(111)
[00:04:28.388305] {Display Queue} wl_display#1.delete_id(102)
[00:04:28.388306] {Default Queue} wl_callback#124.done(40191503)
[00:04:28.388315] {Default Queue} wl_callback#109.done(40191503)
[00:04:28.388317] {Default Queue} wl_callback#125.done(40191503)
[00:04:28.388320] {Default Queue} wp_presentation_feedback#127.sync_output(wl_output#63)
[00:04:28.388321] {Default Queue} wp_presentation_feedback#127.sync_output(wl_output#31)
[00:04:28.388322] {Default Queue} wp_presentation_feedback#127.presented(0, 40191, 503151369, 0, 0, 0, 0)
[00:04:28.388325] {Default Queue} wp_presentation_feedback#111.sync_output(wl_output#63)
[00:04:28.388326] {Default Queue} wp_presentation_feedback#111.sync_output(wl_output#31)
[00:04:28.388327] {Default Queue} wp_presentation_feedback#111.presented(0, 40191, 503151369, 0, 0, 0, 0)
[00:04:28.388330] {Default Queue} wp_presentation_feedback#102.sync_output(wl_output#63)
[00:04:28.388330] {Default Queue} wp_presentation_feedback#102.sync_output(wl_output#31)
[00:04:28.388331] {Default Queue} wp_presentation_feedback#102.presented(0, 40191, 503151369, 0, 0, 0, 0)
[00:04:28.388435] {Default Queue}  -> wl_compositor#4.create_region(new id wl_region#102)
[00:04:28.388439] {Default Queue}  -> wl_region#102.add(19, 4, 504, 1)
[00:04:28.388441] {Default Queue}  -> wl_region#102.add(577, 4, 126, 1)
[00:04:28.388442] {Default Queue}  -> wl_region#102.add(888, 4, 373, 1)
[00:04:28.388443] {Default Queue}  -> wl_region#102.add(17, 5, 508, 1)
[00:04:28.388444] {Default Queue}  -> wl_region#102.add(575, 5, 130, 1)
[00:04:28.388445] {Default Queue}  -> wl_region#102.add(886, 5, 377, 1)
[00:04:28.388447] {Default Queue}  -> wl_region#102.add(16, 6, 510, 1)
[00:04:28.388448] {Default Queue}  -> wl_region#102.add(574, 6, 132, 1)
[00:04:28.388449] {Default Queue}  -> wl_region#102.add(885, 6, 379, 1)
[00:04:28.388450] {Default Queue}  -> wl_region#102.add(15, 7, 512, 1)
[00:04:28.388451] {Default Queue}  -> wl_region#102.add(573, 7, 134, 1)
[00:04:28.388453] {Default Queue}  -> wl_region#102.add(884, 7, 381, 1)
[00:04:28.388454] {Default Queue}  -> wl_region#102.add(14, 8, 514, 1)
[00:04:28.388455] {Default Queue}  -> wl_region#102.add(572, 8, 136, 1)
[00:04:28.388456] {Default Queue}  -> wl_region#102.add(883, 8, 383, 1)
[00:04:28.388457] {Default Queue}  -> wl_region#102.add(13, 9, 516, 1)
[00:04:28.388458] {Default Queue}  -> wl_region#102.add(571, 9, 138, 1)
[00:04:28.388460] {Default Queue}  -> wl_region#102.add(882, 9, 385, 1)
[00:04:28.388461] {Default Queue}  -> wl_region#102.add(12, 10, 518, 2)
[00:04:28.388462] {Default Queue}  -> wl_region#102.add(570, 10, 140, 2)
[00:04:28.388463] {Default Queue}  -> wl_region#102.add(881, 10, 387, 2)
[00:04:28.388464] {Default Queue}  -> wl_region#102.add(11, 12, 520, 5)
[00:04:28.388465] {Default Queue}  -> wl_region#102.add(569, 12, 142, 5)
[00:04:28.388466] {Default Queue}  -> wl_region#102.add(880, 12, 389, 5)
[00:04:28.388467] {Default Queue}  -> wl_region#102.add(10, 17, 522, 14)
[00:04:28.388468] {Default Queue}  -> wl_region#102.add(568, 17, 144, 14)
[00:04:28.388469] {Default Queue}  -> wl_region#102.add(879, 17, 391, 14)
[00:04:28.388470] {Default Queue}  -> wl_region#102.add(11, 31, 520, 5)
[00:04:28.388471] {Default Queue}  -> wl_region#102.add(569, 31, 142, 5)
[00:04:28.388472] {Default Queue}  -> wl_region#102.add(880, 31, 389, 5)
[00:04:28.388473] {Default Queue}  -> wl_region#102.add(12, 36, 518, 2)
[00:04:28.388474] {Default Queue}  -> wl_region#102.add(570, 36, 140, 2)
[00:04:28.388475] {Default Queue}  -> wl_region#102.add(881, 36, 387, 2)
[00:04:28.388476] {Default Queue}  -> wl_region#102.add(13, 38, 516, 1)
[00:04:28.388477] {Default Queue}  -> wl_region#102.add(571, 38, 138, 1)
[00:04:28.388478] {Default Queue}  -> wl_region#102.add(882, 38, 385, 1)
[00:04:28.388479] {Default Queue}  -> wl_region#102.add(14, 39, 514, 1)
[00:04:28.388480] {Default Queue}  -> wl_region#102.add(572, 39, 136, 1)
[00:04:28.388481] {Default Queue}  -> wl_region#102.add(883, 39, 383, 1)
[00:04:28.388482] {Default Queue}  -> wl_region#102.add(15, 40, 512, 1)
[00:04:28.388483] {Default Queue}  -> wl_region#102.add(573, 40, 134, 1)
[00:04:28.388484] {Default Queue}  -> wl_region#102.add(884, 40, 381, 1)
[00:04:28.388485] {Default Queue}  -> wl_region#102.add(16, 41, 510, 1)
[00:04:28.388486] {Default Queue}  -> wl_region#102.add(574, 41, 132, 1)
[00:04:28.388487] {Default Queue}  -> wl_region#102.add(885, 41, 379, 1)
[00:04:28.388488] {Default Queue}  -> wl_region#102.add(17, 42, 508, 1)
[00:04:28.388489] {Default Queue}  -> wl_region#102.add(575, 42, 130, 1)
[00:04:28.388491] {Default Queue}  -> wl_region#102.add(886, 42, 377, 1)
[00:04:28.388492] {Default Queue}  -> wl_region#102.add(19, 43, 504, 1)
[00:04:28.388493] {Default Queue}  -> wl_region#102.add(577, 43, 126, 1)
[00:04:28.388494] {Default Queue}  -> wl_region#102.add(888, 43, 373, 1)
[00:04:28.388496]  -> wl_surface#71.set_input_region(wl_region#102)
[00:04:28.388497] {Default Queue}  -> wl_region#102.destroy()
[00:04:28.388499]  -> wl_surface#71.attach(wl_buffer#97, 0, 0)
[00:04:28.388501]  -> wl_surface#71.frame(new id wl_callback#111)
[00:04:28.388503] {Default Queue}  -> wp_presentation#23.feedback(wl_surface#71, new id wp_presentation_feedback#127)
[00:04:28.388507]  -> wl_surface#71.commit()
[00:04:28.389075]  -> wl_surface#110.attach(wl_buffer#123, 0, 0)
[00:04:28.389078]  -> wl_surface#110.damage_buffer(346, 86, 588, 62)
[00:04:28.389079]  -> wl_surface#110.frame(new id wl_callback#125)
[00:04:28.389081] {Default Queue}  -> wp_presentation#23.feedback(wl_surface#110, new id wp_presentation_feedback#109)
[00:04:28.389082]  -> wl_surface#110.commit()
[00:04:28.389100] {Display Queue} wl_display#1.delete_id(94)
[00:04:28.389102] {Display Queue} wl_display#1.delete_id(95)
[00:04:28.389103] {Default Queue} wl_callback#94.done(40191503)
[00:04:28.389105] {Default Queue} wp_presentation_feedback#95.sync_output(wl_output#64)
[00:04:28.389106] {Default Queue} wp_presentation_feedback#95.sync_output(wl_output#34)
[00:04:28.389106] {Default Queue} wp_presentation_feedback#95.presented(0, 40191, 503246040, 0, 0, 0, 0)
[00:04:28.389293] {Display Queue} wl_display#1.delete_id(102)
[00:04:28.389298] {Default Queue} wl_buffer#97.release()
[00:04:28.389300] {Default Queue} wl_buffer#123.release()
[00:04:28.404837] {Display Queue} wl_display#1.delete_id(111)
[00:04:28.404855] {Display Queue} wl_display#1.delete_id(125)
[00:04:28.404856] {Display Queue} wl_display#1.delete_id(127)
[00:04:28.404859] {Display Queue} wl_display#1.delete_id(109)
[00:04:28.404860] {Default Queue} wl_callback#111.done(40191519)
[00:04:28.404876] {Default Queue} wl_callback#125.done(40191519)
[00:04:28.404885] {Default Queue} wp_presentation_feedback#127.sync_output(wl_output#63)
[00:04:28.404887] {Default Queue} wp_presentation_feedback#127.sync_output(wl_output#31)
[00:04:28.404888] {Default Queue} wp_presentation_feedback#127.presented(0, 40191, 519677999, 0, 0, 0, 0)
[00:04:28.404892] {Default Queue} wp_presentation_feedback#109.sync_output(wl_output#63)
[00:04:28.404894] {Default Queue} wp_presentation_feedback#109.sync_output(wl_output#31)
[00:04:28.404895] {Default Queue} wp_presentation_feedback#109.presented(0, 40191, 519677999, 0, 0, 0, 0)
[00:04:28.405656]  -> wl_surface#110.attach(wl_buffer#123, 0, 0)
[00:04:28.405661]  -> wl_surface#110.damage_buffer(346, 86, 588, 62)
[00:04:28.405662]  -> wl_surface#110.frame(new id wl_callback#109)
[00:04:28.405665] {Default Queue}  -> wp_presentation#23.feedback(wl_surface#110, new id wp_presentation_feedback#127)
[00:04:28.405667]  -> wl_surface#110.commit()
[00:04:28.405825] {Default Queue} wl_buffer#123.release()
[00:04:28.421146] {Display Queue} wl_display#1.delete_id(109)
[00:04:28.421156] {Display Queue} wl_display#1.delete_id(127)
[00:04:28.421157] {Default Queue} wl_callback#109.done(40191536)
[00:04:28.421167] {Default Queue} wp_presentation_feedback#127.sync_output(wl_output#63)
[00:04:28.421168] {Default Queue} wp_presentation_feedback#127.sync_output(wl_output#31)
[00:04:28.421169] {Default Queue} wp_presentation_feedback#127.presented(0, 40191, 536008946, 0, 0, 0, 0)
[00:04:28.421707]  -> wl_surface#110.attach(wl_buffer#123, 0, 0)
[00:04:28.421713]  -> wl_surface#110.damage_buffer(346, 86, 588, 62)
[00:04:28.421715]  -> wl_surface#110.frame(new id wl_callback#127)
[00:04:28.421717] {Default Queue}  -> wp_presentation#23.feedback(wl_surface#110, new id wp_presentation_feedback#109)
[00:04:28.421719]  -> wl_surface#110.commit()
[00:04:28.421805] {Default Queue} wl_buffer#123.release()
[00:04:28.437735] {Display Queue} wl_display#1.delete_id(127)
[00:04:28.437756] {Display Queue} wl_display#1.delete_id(109)
[00:04:28.437757] {Default Queue} wl_callback#127.done(40191552)
[00:04:28.437775] {Default Queue} wp_presentation_feedback#109.sync_output(wl_output#63)
[00:04:28.437777] {Default Queue} wp_presentation_feedback#109.sync_output(wl_output#31)
[00:04:28.437778] {Default Queue} wp_presentation_feedback#109.presented(0, 40191, 552568056, 0, 0, 0, 0)
[00:04:28.438699]  -> wl_surface#110.attach(wl_buffer#123, 0, 0)
[00:04:28.438709]  -> wl_surface#110.damage_buffer(346, 86, 588, 62)
[00:04:28.438712]  -> wl_surface#110.frame(new id wl_callback#109)
[00:04:28.438715] {Default Queue}  -> wp_presentation#23.feedback(wl_surface#110, new id wp_presentation_feedback#127)
[00:04:28.438717]  -> wl_surface#110.commit()
[00:04:28.438874] {Default Queue} wl_buffer#123.release()
[00:04:28.454069] {Display Queue} wl_display#1.delete_id(109)
[00:04:28.454079] {Display Queue} wl_display#1.delete_id(127)
[00:04:28.454080] {Default Queue} wl_callback#109.done(40191568)
[00:04:28.454091] {Default Queue} wp_presentation_feedback#127.sync_output(wl_output#63)
[00:04:28.454092] {Default Queue} wp_presentation_feedback#127.sync_output(wl_output#31)
[00:04:28.454093] {Default Queue} wp_presentation_feedback#127.presented(0, 40191, 568927334, 0, 0, 0, 0)
[00:04:28.454652]  -> wl_surface#110.attach(wl_buffer#123, 0, 0)
[00:04:28.454656]  -> wl_surface#110.damage_buffer(346, 86, 588, 62)
[00:04:28.454658]  -> wl_surface#110.frame(new id wl_callback#127)
[00:04:28.454660] {Default Queue}  -> wp_presentation#23.feedback(wl_surface#110, new id wp_presentation_feedback#109)
[00:04:28.454662]  -> wl_surface#110.commit()
[00:04:28.454782] {Default Queue} wl_buffer#123.release()
[00:04:28.460274]  -> wl_surface#70.attach(wl_buffer#104, 0, 0)
[00:04:28.460280]  -> wl_surface#70.frame(new id wl_callback#125)
[00:04:28.460283] {Default Queue}  -> wp_presentation#23.feedback(wl_surface#70, new id wp_presentation_feedback#111)
[00:04:28.460285]  -> wl_surface#70.commit()
info: event=launcher-results count=114 shown=114 publish_us=4917
[00:04:28.465170] {Default Queue} wl_buffer#104.release()
info: event=preferences-applied revision=0 mode=static cache=false
[00:04:28.470866] {Display Queue} wl_display#1.delete_id(125)
[00:04:28.470877] {Display Queue} wl_display#1.delete_id(127)
[00:04:28.470879] {Display Queue} wl_display#1.delete_id(111)
[00:04:28.470880] {Display Queue} wl_display#1.delete_id(109)
[00:04:28.470881] {Default Queue} wl_callback#125.done(40191585)
[00:04:28.470887] {Default Queue} wl_callback#127.done(40191585)
[00:04:28.470890] {Default Queue} wp_presentation_feedback#111.sync_output(wl_output#63)
[00:04:28.470892] {Default Queue} wp_presentation_feedback#111.sync_output(wl_output#31)
[00:04:28.470893] {Default Queue} wp_presentation_feedback#111.presented(0, 40191, 585381064, 0, 0, 0, 0)
[00:04:28.470896] {Default Queue} wp_presentation_feedback#109.sync_output(wl_output#63)
[00:04:28.470897] {Default Queue} wp_presentation_feedback#109.sync_output(wl_output#31)
[00:04:28.470898] {Default Queue} wp_presentation_feedback#109.presented(0, 40191, 585381064, 0, 0, 0, 0)
info: event=launcher-results count=114 shown=114 publish_us=4444
[00:04:28.475381]  -> wl_surface#70.attach(wl_buffer#104, 0, 0)
[00:04:28.475386]  -> wl_surface#70.frame(new id wl_callback#109)
[00:04:28.475389] {Default Queue}  -> wp_presentation#23.feedback(wl_surface#70, new id wp_presentation_feedback#111)
[00:04:28.475391]  -> wl_surface#70.commit()
[00:04:28.488074]  -> wl_surface#110.attach(wl_buffer#123, 0, 0)
[00:04:28.488082]  -> wl_surface#110.damage_buffer(346, 86, 588, 62)
[00:04:28.488085]  -> wl_surface#110.frame(new id wl_callback#127)
[00:04:28.488088] {Default Queue}  -> wp_presentation#23.feedback(wl_surface#110, new id wp_presentation_feedback#125)
[00:04:28.488090]  -> wl_surface#110.commit()
info: event=launcher-painted latency_us=17296
[00:04:28.488287] {Default Queue} wl_buffer#104.release()
[00:04:28.488291] {Default Queue} wl_buffer#123.release()
[00:04:28.489350]  -> wl_surface#71.attach(wl_buffer#97, 0, 0)
[00:04:28.489356]  -> wl_surface#71.damage_buffer(873, 4, 403, 11)
[00:04:28.489358]  -> wl_surface#71.damage_buffer(22, 15, 18, 18)
[00:04:28.489359]  -> wl_surface#71.damage_buffer(873, 15, 403, 18)
[00:04:28.489359]  -> wl_surface#71.damage_buffer(873, 33, 403, 11)
[00:04:28.489360]  -> wl_surface#71.frame(new id wl_callback#102)
[00:04:28.489362] {Default Queue}  -> wp_presentation#23.feedback(wl_surface#71, new id wp_presentation_feedback#95)
[00:04:28.489364]  -> wl_surface#71.commit()
[00:04:28.490815]  -> wl_surface#76.attach(wl_buffer#113, 0, 0)
[00:04:28.490821]  -> wl_surface#76.damage_buffer(873, 4, 403, 11)
[00:04:28.490822]  -> wl_surface#76.damage_buffer(22, 15, 18, 18)
[00:04:28.490823]  -> wl_surface#76.damage_buffer(873, 15, 403, 18)
[00:04:28.490824]  -> wl_surface#76.damage_buffer(873, 33, 403, 11)
[00:04:28.490825]  -> wl_surface#76.frame(new id wl_callback#94)
[00:04:28.490827] {Default Queue}  -> wp_presentation#23.feedback(wl_surface#76, new id wp_presentation_feedback#124)
[00:04:28.490829]  -> wl_surface#76.commit()
[00:04:28.491577] {Default Queue} wl_buffer#97.release()
[00:04:28.491581] {Default Queue} wl_buffer#113.release()
[00:04:28.503377] {Display Queue} wl_display#1.delete_id(102)
[00:04:28.503398] {Display Queue} wl_display#1.delete_id(109)
[00:04:28.503400] {Display Queue} wl_display#1.delete_id(127)
[00:04:28.503404] {Display Queue} wl_display#1.delete_id(95)
[00:04:28.503406] {Display Queue} wl_display#1.delete_id(111)
[00:04:28.503407] {Display Queue} wl_display#1.delete_id(125)
[00:04:28.503408] {Default Queue} wl_callback#102.done(40191618)
[00:04:28.503427] {Default Queue} wl_callback#109.done(40191618)
[00:04:28.503431] {Default Queue} wl_callback#127.done(40191618)
[00:04:28.503435] {Default Queue} wp_presentation_feedback#95.sync_output(wl_output#63)
[00:04:28.503437] {Default Queue} wp_presentation_feedback#95.sync_output(wl_output#31)
[00:04:28.503439] {Default Queue} wp_presentation_feedback#95.presented(0, 40191, 618204271, 0, 0, 0, 0)
[00:04:28.503443] {Default Queue} wp_presentation_feedback#111.sync_output(wl_output#63)
[00:04:28.503445] {Default Queue} wp_presentation_feedback#111.sync_output(wl_output#31)
[00:04:28.503446] {Default Queue} wp_presentation_feedback#111.presented(0, 40191, 618204271, 0, 0, 0, 0)
[00:04:28.503451] {Default Queue} wp_presentation_feedback#125.sync_output(wl_output#63)
[00:04:28.503452] {Default Queue} wp_presentation_feedback#125.sync_output(wl_output#31)
[00:04:28.503454] {Default Queue} wp_presentation_feedback#125.presented(0, 40191, 618204271, 0, 0, 0, 0)
[00:04:28.503473] {Display Queue} wl_display#1.delete_id(94)
[00:04:28.503475] {Display Queue} wl_display#1.delete_id(124)
[00:04:28.503476] {Default Queue} wl_callback#94.done(40191618)
[00:04:28.503479] {Default Queue} wp_presentation_feedback#124.sync_output(wl_output#64)
[00:04:28.503480] {Default Queue} wp_presentation_feedback#124.sync_output(wl_output#34)
[00:04:28.503481] {Default Queue} wp_presentation_feedback#124.presented(0, 40191, 618360012, 0, 0, 0, 0)
[00:04:28.504500]  -> wl_surface#110.attach(wl_buffer#123, 0, 0)
[00:04:28.504506]  -> wl_surface#110.damage_buffer(346, 86, 588, 62)
[00:04:28.504508]  -> wl_surface#110.frame(new id wl_callback#124)
[00:04:28.504510] {Default Queue}  -> wp_presentation#23.feedback(wl_surface#110, new id wp_presentation_feedback#94)
[00:04:28.504512]  -> wl_surface#110.commit()
[00:04:28.504690] {Default Queue} wl_buffer#123.release()
[00:04:28.519702] {Display Queue} wl_display#1.delete_id(124)
[00:04:28.519712] {Display Queue} wl_display#1.delete_id(94)
[00:04:28.519715] {Default Queue} wl_callback#124.done(40191634)
[00:04:28.519725] {Default Queue} wp_presentation_feedback#94.sync_output(wl_output#63)
[00:04:28.519726] {Default Queue} wp_presentation_feedback#94.sync_output(wl_output#31)
[00:04:28.519727] {Default Queue} wp_presentation_feedback#94.presented(0, 40191, 634566159, 0, 0, 0, 0)
[00:04:28.520289]  -> wl_surface#110.attach(wl_buffer#123, 0, 0)
[00:04:28.520294]  -> wl_surface#110.damage_buffer(346, 86, 588, 62)
[00:04:28.520296]  -> wl_surface#110.frame(new id wl_callback#94)
[00:04:28.520298] {Default Queue}  -> wp_presentation#23.feedback(wl_surface#110, new id wp_presentation_feedback#124)
[00:04:28.520300]  -> wl_surface#110.commit()
[00:04:28.520406] {Default Queue} wl_buffer#123.release()
[00:04:28.536173] {Display Queue} wl_display#1.delete_id(94)
[00:04:28.536188] {Display Queue} wl_display#1.delete_id(124)
[00:04:28.536189] {Default Queue} wl_callback#94.done(40191651)
[00:04:28.536202] {Default Queue} wp_presentation_feedback#124.sync_output(wl_output#63)
[00:04:28.536204] {Default Queue} wp_presentation_feedback#124.sync_output(wl_output#31)
[00:04:28.536204] {Default Queue} wp_presentation_feedback#124.presented(0, 40191, 651021168, 0, 0, 0, 0)
[00:04:28.536895]  -> wl_surface#110.attach(wl_buffer#123, 0, 0)
[00:04:28.536903]  -> wl_surface#110.damage_buffer(346, 86, 588, 62)
[00:04:28.536905]  -> wl_surface#110.frame(new id wl_callback#124)
[00:04:28.536908] {Default Queue}  -> wp_presentation#23.feedback(wl_surface#110, new id wp_presentation_feedback#94)
[00:04:28.536911]  -> wl_surface#110.commit()
[00:04:28.537026] {Default Queue} wl_buffer#123.release()
[00:04:28.552519] {Display Queue} wl_display#1.delete_id(124)
[00:04:28.552527] {Display Queue} wl_display#1.delete_id(94)
[00:04:28.552529] {Default Queue} wl_callback#124.done(40191667)
[00:04:28.552539] {Default Queue} wp_presentation_feedback#94.sync_output(wl_output#63)
[00:04:28.552540] {Default Queue} wp_presentation_feedback#94.sync_output(wl_output#31)
[00:04:28.552541] {Default Queue} wp_presentation_feedback#94.presented(0, 40191, 667384496, 0, 0, 0, 0)
[00:04:28.553055]  -> wl_surface#110.attach(wl_buffer#123, 0, 0)
[00:04:28.553059]  -> wl_surface#110.damage_buffer(346, 86, 588, 62)
[00:04:28.553060]  -> wl_surface#110.frame(new id wl_callback#94)
[00:04:28.553063] {Default Queue}  -> wp_presentation#23.feedback(wl_surface#110, new id wp_presentation_feedback#124)
[00:04:28.553065]  -> wl_surface#110.commit()
[00:04:28.553143] {Default Queue} wl_buffer#123.release()
[00:04:28.569108] {Display Queue} wl_display#1.delete_id(94)
[00:04:28.569125] {Display Queue} wl_display#1.delete_id(124)
[00:04:28.569127] {Default Queue} wl_callback#94.done(40191683)
[00:04:28.569146] {Default Queue} wp_presentation_feedback#124.sync_output(wl_output#63)
[00:04:28.569149] {Default Queue} wp_presentation_feedback#124.sync_output(wl_output#31)
[00:04:28.569150] {Default Queue} wp_presentation_feedback#124.presented(0, 40191, 683957036, 0, 0, 0, 0)
[00:04:28.569838]  -> wl_surface#110.attach(wl_buffer#123, 0, 0)
[00:04:28.569844]  -> wl_surface#110.damage_buffer(346, 86, 588, 62)
[00:04:28.569846]  -> wl_surface#110.frame(new id wl_callback#124)
[00:04:28.569849] {Default Queue}  -> wp_presentation#23.feedback(wl_surface#110, new id wp_presentation_feedback#94)
[00:04:28.569851]  -> wl_surface#110.commit()
[00:04:28.569952] {Default Queue} wl_buffer#123.release()
[00:04:28.585413] {Display Queue} wl_display#1.delete_id(124)
[00:04:28.585422] {Display Queue} wl_display#1.delete_id(94)
[00:04:28.585423] {Default Queue} wl_callback#124.done(40191700)
[00:04:28.585435] {Default Queue} wp_presentation_feedback#94.sync_output(wl_output#63)
[00:04:28.585436] {Default Queue} wp_presentation_feedback#94.sync_output(wl_output#31)
[00:04:28.585438] {Default Queue} wp_presentation_feedback#94.presented(0, 40191, 700280404, 0, 0, 0, 0)
[00:04:28.585968]  -> wl_surface#110.attach(wl_buffer#123, 0, 0)
[00:04:28.585972]  -> wl_surface#110.damage_buffer(346, 86, 588, 62)
[00:04:28.585973]  -> wl_surface#110.frame(new id wl_callback#94)
[00:04:28.585976] {Default Queue}  -> wp_presentation#23.feedback(wl_surface#110, new id wp_presentation_feedback#124)
[00:04:28.585978]  -> wl_surface#110.commit()
[00:04:28.586065] {Default Queue} wl_buffer#123.release()
[00:04:28.601807] {Display Queue} wl_display#1.delete_id(94)
[00:04:28.601820] {Display Queue} wl_display#1.delete_id(124)
[00:04:28.601822] {Default Queue} wl_callback#94.done(40191716)
[00:04:28.601838] {Default Queue} wp_presentation_feedback#124.sync_output(wl_output#63)
[00:04:28.601839] {Default Queue} wp_presentation_feedback#124.sync_output(wl_output#31)
[00:04:28.601840] {Default Queue} wp_presentation_feedback#124.presented(0, 40191, 716659153, 0, 0, 0, 0)
[00:04:28.602564]  -> wl_surface#110.attach(wl_buffer#123, 0, 0)
[00:04:28.602571]  -> wl_surface#110.damage_buffer(346, 86, 588, 62)
[00:04:28.602573]  -> wl_surface#110.frame(new id wl_callback#124)
[00:04:28.602575] {Default Queue}  -> wp_presentation#23.feedback(wl_surface#110, new id wp_presentation_feedback#94)
[00:04:28.602577]  -> wl_surface#110.commit()
[00:04:28.602702] {Default Queue} wl_buffer#123.release()
[00:04:28.618092] {Display Queue} wl_display#1.delete_id(124)
[00:04:28.618109] {Display Queue} wl_display#1.delete_id(94)
[00:04:28.618110] {Default Queue} wl_callback#124.done(40191732)
[00:04:28.618124] {Default Queue} wp_presentation_feedback#94.sync_output(wl_output#63)
[00:04:28.618126] {Default Queue} wp_presentation_feedback#94.sync_output(wl_output#31)
[00:04:28.618127] {Default Queue} wp_presentation_feedback#94.presented(0, 40191, 732959420, 0, 0, 0, 0)
[00:04:28.618675]  -> wl_surface#110.attach(wl_buffer#123, 0, 0)
[00:04:28.618680]  -> wl_surface#110.damage_buffer(346, 86, 588, 62)
[00:04:28.618681]  -> wl_surface#110.frame(new id wl_callback#94)
[00:04:28.618683] {Default Queue}  -> wp_presentation#23.feedback(wl_surface#110, new id wp_presentation_feedback#124)
[00:04:28.618685]  -> wl_surface#110.commit()
[00:04:28.618788] {Default Queue} wl_buffer#123.release()
[00:04:28.634875] {Display Queue} wl_display#1.delete_id(94)
[00:04:28.634887] {Display Queue} wl_display#1.delete_id(124)
[00:04:28.634889] {Default Queue} wl_callback#94.done(40191749)
[00:04:28.634905] {Default Queue} wp_presentation_feedback#124.sync_output(wl_output#63)
[00:04:28.634907] {Default Queue} wp_presentation_feedback#124.sync_output(wl_output#31)
[00:04:28.634908] {Default Queue} wp_presentation_feedback#124.presented(0, 40191, 749722962, 0, 0, 0, 0)
[00:04:28.635626]  -> wl_surface#110.attach(wl_buffer#123, 0, 0)
[00:04:28.635631]  -> wl_surface#110.damage_buffer(346, 86, 588, 62)
[00:04:28.635633]  -> wl_surface#110.frame(new id wl_callback#124)
[00:04:28.635636] {Default Queue}  -> wp_presentation#23.feedback(wl_surface#110, new id wp_presentation_feedback#94)
[00:04:28.635638]  -> wl_surface#110.commit()
[00:04:28.635776] {Default Queue} wl_buffer#123.release()
[00:04:28.652591] {Display Queue} wl_display#1.delete_id(124)
[00:04:28.652599] {Display Queue} wl_display#1.delete_id(94)
[00:04:28.652601] {Default Queue} wl_callback#124.done(40191767)
[00:04:28.652611] {Default Queue} wp_presentation_feedback#94.sync_output(wl_output#63)
[00:04:28.652613] {Default Queue} wp_presentation_feedback#94.sync_output(wl_output#31)
[00:04:28.652614] {Default Queue} wp_presentation_feedback#94.presented(0, 40191, 767455443, 0, 0, 0, 0)
[00:04:28.653171]  -> wl_surface#110.attach(wl_buffer#123, 0, 0)
[00:04:28.653175]  -> wl_surface#110.damage_buffer(346, 86, 587, 62)
[00:04:28.653177]  -> wl_surface#110.frame(new id wl_callback#94)
[00:04:28.653179] {Default Queue}  -> wp_presentation#23.feedback(wl_surface#110, new id wp_presentation_feedback#124)
[00:04:28.653181]  -> wl_surface#110.commit()
[00:04:28.653293] {Default Queue} wl_buffer#123.release()
[00:04:28.667487] {Display Queue} wl_display#1.delete_id(94)
[00:04:28.667499] {Display Queue} wl_display#1.delete_id(124)
[00:04:28.667501] {Default Queue} wl_callback#94.done(40191782)
[00:04:28.667517] {Default Queue} wp_presentation_feedback#124.sync_output(wl_output#63)
[00:04:28.667518] {Default Queue} wp_presentation_feedback#124.sync_output(wl_output#31)
[00:04:28.667519] {Default Queue} wp_presentation_feedback#124.presented(0, 40191, 782331767, 0, 0, 0, 0)
[00:04:28.724903]  -> wl_surface#71.attach(wl_buffer#97, 0, 0)
[00:04:28.724916]  -> wl_surface#71.damage_buffer(862, 4, 414, 40)
[00:04:28.724919]  -> wl_surface#71.frame(new id wl_callback#124)
[00:04:28.724923] {Default Queue}  -> wp_presentation#23.feedback(wl_surface#71, new id wp_presentation_feedback#94)
[00:04:28.724927]  -> wl_surface#71.commit()
[00:04:28.724995] {Default Queue}  -> wl_compositor#46.create_region(new id wl_region#125)
[00:04:28.725016] {Default Queue}  -> wl_region#125.add(19, 4, 504, 1)
[00:04:28.725018] {Default Queue}  -> wl_region#125.add(577, 4, 126, 1)
[00:04:28.725019] {Default Queue}  -> wl_region#125.add(877, 4, 384, 1)
[00:04:28.725020] {Default Queue}  -> wl_region#125.add(17, 5, 508, 1)
[00:04:28.725021] {Default Queue}  -> wl_region#125.add(575, 5, 130, 1)
[00:04:28.725022] {Default Queue}  -> wl_region#125.add(875, 5, 388, 1)
[00:04:28.725023] {Default Queue}  -> wl_region#125.add(16, 6, 510, 1)
[00:04:28.725023] {Default Queue}  -> wl_region#125.add(574, 6, 132, 1)
[00:04:28.725024] {Default Queue}  -> wl_region#125.add(874, 6, 390, 1)
[00:04:28.725025] {Default Queue}  -> wl_region#125.add(15, 7, 512, 1)
[00:04:28.725026] {Default Queue}  -> wl_region#125.add(573, 7, 134, 1)
[00:04:28.725027] {Default Queue}  -> wl_region#125.add(873, 7, 392, 1)
[00:04:28.725027] {Default Queue}  -> wl_region#125.add(14, 8, 514, 1)
[00:04:28.725028] {Default Queue}  -> wl_region#125.add(572, 8, 136, 1)
[00:04:28.725029] {Default Queue}  -> wl_region#125.add(872, 8, 394, 1)
[00:04:28.725029] {Default Queue}  -> wl_region#125.add(13, 9, 516, 1)
[00:04:28.725030] {Default Queue}  -> wl_region#125.add(571, 9, 138, 1)
[00:04:28.725030] {Default Queue}  -> wl_region#125.add(871, 9, 396, 1)
[00:04:28.725031] {Default Queue}  -> wl_region#125.add(12, 10, 518, 2)
[00:04:28.725032] {Default Queue}  -> wl_region#125.add(570, 10, 140, 2)
[00:04:28.725032] {Default Queue}  -> wl_region#125.add(870, 10, 398, 2)
[00:04:28.725033] {Default Queue}  -> wl_region#125.add(11, 12, 520, 5)
[00:04:28.725034] {Default Queue}  -> wl_region#125.add(569, 12, 142, 5)
[00:04:28.725034] {Default Queue}  -> wl_region#125.add(869, 12, 400, 5)
[00:04:28.725035] {Default Queue}  -> wl_region#125.add(10, 17, 522, 14)
[00:04:28.725036] {Default Queue}  -> wl_region#125.add(568, 17, 144, 14)
[00:04:28.725037] {Default Queue}  -> wl_region#125.add(868, 17, 402, 14)
[00:04:28.725038] {Default Queue}  -> wl_region#125.add(11, 31, 520, 5)
[00:04:28.725039] {Default Queue}  -> wl_region#125.add(569, 31, 142, 5)
[00:04:28.725039] {Default Queue}  -> wl_region#125.add(869, 31, 400, 5)
[00:04:28.725040] {Default Queue}  -> wl_region#125.add(12, 36, 518, 2)
[00:04:28.725041] {Default Queue}  -> wl_region#125.add(570, 36, 140, 2)
[00:04:28.725042] {Default Queue}  -> wl_region#125.add(870, 36, 398, 2)
[00:04:28.725042] {Default Queue}  -> wl_region#125.add(13, 38, 516, 1)
[00:04:28.725043] {Default Queue}  -> wl_region#125.add(571, 38, 138, 1)
[00:04:28.725044] {Default Queue}  -> wl_region#125.add(871, 38, 396, 1)
[00:04:28.725045] {Default Queue}  -> wl_region#125.add(14, 39, 514, 1)
[00:04:28.725046] {Default Queue}  -> wl_region#125.add(572, 39, 136, 1)
[00:04:28.725046] {Default Queue}  -> wl_region#125.add(872, 39, 394, 1)
[00:04:28.725047] {Default Queue}  -> wl_region#125.add(15, 40, 512, 1)
[00:04:28.725048] {Default Queue}  -> wl_region#125.add(573, 40, 134, 1)
[00:04:28.725049] {Default Queue}  -> wl_region#125.add(873, 40, 392, 1)
[00:04:28.725050] {Default Queue}  -> wl_region#125.add(16, 41, 510, 1)
[00:04:28.725050] {Default Queue}  -> wl_region#125.add(574, 41, 132, 1)
[00:04:28.725051] {Default Queue}  -> wl_region#125.add(874, 41, 390, 1)
[00:04:28.725051] {Default Queue}  -> wl_region#125.add(17, 42, 508, 1)
[00:04:28.725052] {Default Queue}  -> wl_region#125.add(575, 42, 130, 1)
[00:04:28.725052] {Default Queue}  -> wl_region#125.add(875, 42, 388, 1)
[00:04:28.725053] {Default Queue}  -> wl_region#125.add(19, 43, 504, 1)
[00:04:28.725054] {Default Queue}  -> wl_region#125.add(577, 43, 126, 1)
[00:04:28.725054] {Default Queue}  -> wl_region#125.add(877, 43, 384, 1)
[00:04:28.725055] {Default Queue}  -> ext_background_effect_surface_v1#101.set_blur_region(wl_region#125)
[00:04:28.725056] {Default Queue}  -> wl_region#125.destroy()
[00:04:28.725124]  -> wl_surface#70.attach(wl_buffer#104, 0, 0)
[00:04:28.725126]  -> wl_surface#70.frame(new id wl_callback#111)
[00:04:28.725127] {Default Queue}  -> wp_presentation#23.feedback(wl_surface#70, new id wp_presentation_feedback#95)
[00:04:28.725128]  -> wl_surface#70.commit()
[00:04:28.725415]  -> wl_surface#76.attach(wl_buffer#113, 0, 0)
[00:04:28.725418]  -> wl_surface#76.damage_buffer(862, 4, 414, 40)
[00:04:28.725419]  -> wl_surface#76.frame(new id wl_callback#127)
[00:04:28.725421] {Default Queue}  -> wp_presentation#23.feedback(wl_surface#76, new id wp_presentation_feedback#109)
[00:04:28.725422]  -> wl_surface#76.commit()
[00:04:28.725460] {Default Queue}  -> wl_compositor#46.create_region(new id wl_region#102)
[00:04:28.725482] {Default Queue}  -> wl_region#102.add(19, 4, 504, 1)
[00:04:28.725484] {Default Queue}  -> wl_region#102.add(577, 4, 126, 1)
[00:04:28.725484] {Default Queue}  -> wl_region#102.add(877, 4, 384, 1)
[00:04:28.725485] {Default Queue}  -> wl_region#102.add(17, 5, 508, 1)
[00:04:28.725486] {Default Queue}  -> wl_region#102.add(575, 5, 130, 1)
[00:04:28.725486] {Default Queue}  -> wl_region#102.add(875, 5, 388, 1)
[00:04:28.725487] {Default Queue}  -> wl_region#102.add(16, 6, 510, 1)
[00:04:28.725488] {Default Queue}  -> wl_region#102.add(574, 6, 132, 1)
[00:04:28.725488] {Default Queue}  -> wl_region#102.add(874, 6, 390, 1)
[00:04:28.725489] {Default Queue}  -> wl_region#102.add(15, 7, 512, 1)
[00:04:28.725490] {Default Queue}  -> wl_region#102.add(573, 7, 134, 1)
[00:04:28.725490] {Default Queue}  -> wl_region#102.add(873, 7, 392, 1)
[00:04:28.725491] {Default Queue}  -> wl_region#102.add(14, 8, 514, 1)
[00:04:28.725491] {Default Queue}  -> wl_region#102.add(572, 8, 136, 1)
[00:04:28.725492] {Default Queue}  -> wl_region#102.add(872, 8, 394, 1)
[00:04:28.725493] {Default Queue}  -> wl_region#102.add(13, 9, 516, 1)
[00:04:28.725493] {Default Queue}  -> wl_region#102.add(571, 9, 138, 1)
[00:04:28.725494] {Default Queue}  -> wl_region#102.add(871, 9, 396, 1)
[00:04:28.725494] {Default Queue}  -> wl_region#102.add(12, 10, 518, 2)
[00:04:28.725495] {Default Queue}  -> wl_region#102.add(570, 10, 140, 2)
[00:04:28.725496] {Default Queue}  -> wl_region#102.add(870, 10, 398, 2)
[00:04:28.725496] {Default Queue}  -> wl_region#102.add(11, 12, 520, 5)
[00:04:28.725497] {Default Queue}  -> wl_region#102.add(569, 12, 142, 5)
[00:04:28.725497] {Default Queue}  -> wl_region#102.add(869, 12, 400, 5)
[00:04:28.725498] {Default Queue}  -> wl_region#102.add(10, 17, 522, 14)
[00:04:28.725499] {Default Queue}  -> wl_region#102.add(568, 17, 144, 14)
[00:04:28.725499] {Default Queue}  -> wl_region#102.add(868, 17, 402, 14)
[00:04:28.725500] {Default Queue}  -> wl_region#102.add(11, 31, 520, 5)
[00:04:28.725501] {Default Queue}  -> wl_region#102.add(569, 31, 142, 5)
[00:04:28.725501] {Default Queue}  -> wl_region#102.add(869, 31, 400, 5)
[00:04:28.725502] {Default Queue}  -> wl_region#102.add(12, 36, 518, 2)
[00:04:28.725502] {Default Queue}  -> wl_region#102.add(570, 36, 140, 2)
[00:04:28.725503] {Default Queue}  -> wl_region#102.add(870, 36, 398, 2)
[00:04:28.725504] {Default Queue}  -> wl_region#102.add(13, 38, 516, 1)
[00:04:28.725504] {Default Queue}  -> wl_region#102.add(571, 38, 138, 1)
[00:04:28.725505] {Default Queue}  -> wl_region#102.add(871, 38, 396, 1)
[00:04:28.725505] {Default Queue}  -> wl_region#102.add(14, 39, 514, 1)
[00:04:28.725506] {Default Queue}  -> wl_region#102.add(572, 39, 136, 1)
[00:04:28.725507] {Default Queue}  -> wl_region#102.add(872, 39, 394, 1)
[00:04:28.725507] {Default Queue}  -> wl_region#102.add(15, 40, 512, 1)
[00:04:28.725508] {Default Queue}  -> wl_region#102.add(573, 40, 134, 1)
[00:04:28.725508] {Default Queue}  -> wl_region#102.add(873, 40, 392, 1)
[00:04:28.725509] {Default Queue}  -> wl_region#102.add(16, 41, 510, 1)
[00:04:28.725510] {Default Queue}  -> wl_region#102.add(574, 41, 132, 1)
[00:04:28.725510] {Default Queue}  -> wl_region#102.add(874, 41, 390, 1)
[00:04:28.725511] {Default Queue}  -> wl_region#102.add(17, 42, 508, 1)
[00:04:28.725511] {Default Queue}  -> wl_region#102.add(575, 42, 130, 1)
[00:04:28.725512] {Default Queue}  -> wl_region#102.add(875, 42, 388, 1)
[00:04:28.725513] {Default Queue}  -> wl_region#102.add(19, 43, 504, 1)
[00:04:28.725513] {Default Queue}  -> wl_region#102.add(577, 43, 126, 1)
[00:04:28.725514] {Default Queue}  -> wl_region#102.add(877, 43, 384, 1)
[00:04:28.725515] {Default Queue}  -> ext_background_effect_surface_v1#117.set_blur_region(wl_region#102)
[00:04:28.725515] {Default Queue}  -> wl_region#102.destroy()
info: event=launcher-results count=114 shown=114 publish_us=6280
[00:04:28.730737] {Display Queue} wl_display#1.delete_id(125)
[00:04:28.730743] {Display Queue} wl_display#1.delete_id(124)
[00:04:28.730744] {Display Queue} wl_display#1.delete_id(94)
[00:04:28.730745] {Display Queue} wl_display#1.delete_id(102)
[00:04:28.730746] {Default Queue} wl_buffer#97.release()
[00:04:28.730747] {Default Queue} wl_callback#124.done(40191840)
[00:04:28.730753] {Default Queue} wp_presentation_feedback#94.sync_output(wl_output#63)
[00:04:28.730754] {Default Queue} wp_presentation_feedback#94.sync_output(wl_output#31)
[00:04:28.730755] {Default Queue} wp_presentation_feedback#94.presented(0, 40191, 840373803, 0, 0, 0, 0)
[00:04:28.730758] {Default Queue} wl_buffer#104.release()
[00:04:28.730758] {Default Queue} wl_buffer#113.release()
[00:04:28.745343]  -> wl_surface#110.attach(wl_buffer#123, 0, 0)
[00:04:28.745351]  -> wl_surface#110.frame(new id wl_callback#94)
[00:04:28.745354] {Default Queue}  -> wp_presentation#23.feedback(wl_surface#110, new id wp_presentation_feedback#124)
[00:04:28.745358]  -> wl_surface#110.commit()
info: event=launcher-painted latency_us=20949
[00:04:28.745439] {Default Queue}  -> wl_compositor#4.create_region(new id wl_region#102)
[00:04:28.745442] {Default Queue}  -> wl_region#102.add(19, 4, 504, 1)
[00:04:28.745444] {Default Queue}  -> wl_region#102.add(577, 4, 126, 1)
[00:04:28.745445] {Default Queue}  -> wl_region#102.add(877, 4, 384, 1)
[00:04:28.745446] {Default Queue}  -> wl_region#102.add(17, 5, 508, 1)
[00:04:28.745447] {Default Queue}  -> wl_region#102.add(575, 5, 130, 1)
[00:04:28.745448] {Default Queue}  -> wl_region#102.add(875, 5, 388, 1)
[00:04:28.745449] {Default Queue}  -> wl_region#102.add(16, 6, 510, 1)
[00:04:28.745451] {Default Queue}  -> wl_region#102.add(574, 6, 132, 1)
[00:04:28.745452] {Default Queue}  -> wl_region#102.add(874, 6, 390, 1)
[00:04:28.745453] {Default Queue}  -> wl_region#102.add(15, 7, 512, 1)
[00:04:28.745454] {Default Queue}  -> wl_region#102.add(573, 7, 134, 1)
[00:04:28.745455] {Default Queue}  -> wl_region#102.add(873, 7, 392, 1)
[00:04:28.745457] {Default Queue}  -> wl_region#102.add(14, 8, 514, 1)
[00:04:28.745458] {Default Queue}  -> wl_region#102.add(572, 8, 136, 1)
[00:04:28.745459] {Default Queue}  -> wl_region#102.add(872, 8, 394, 1)
[00:04:28.745460] {Default Queue}  -> wl_region#102.add(13, 9, 516, 1)
[00:04:28.745461] {Default Queue}  -> wl_region#102.add(571, 9, 138, 1)
[00:04:28.745463] {Default Queue}  -> wl_region#102.add(871, 9, 396, 1)
[00:04:28.745464] {Default Queue}  -> wl_region#102.add(12, 10, 518, 2)
[00:04:28.745465] {Default Queue}  -> wl_region#102.add(570, 10, 140, 2)
[00:04:28.745466] {Default Queue}  -> wl_region#102.add(870, 10, 398, 2)
[00:04:28.745467] {Default Queue}  -> wl_region#102.add(11, 12, 520, 5)
[00:04:28.745469] {Default Queue}  -> wl_region#102.add(569, 12, 142, 5)
[00:04:28.745470] {Default Queue}  -> wl_region#102.add(869, 12, 400, 5)
[00:04:28.745471] {Default Queue}  -> wl_region#102.add(10, 17, 522, 14)
[00:04:28.745472] {Default Queue}  -> wl_region#102.add(568, 17, 144, 14)
[00:04:28.745473] {Default Queue}  -> wl_region#102.add(868, 17, 402, 14)
[00:04:28.745475] {Default Queue}  -> wl_region#102.add(11, 31, 520, 5)
[00:04:28.745476] {Default Queue}  -> wl_region#102.add(569, 31, 142, 5)
[00:04:28.745477] {Default Queue}  -> wl_region#102.add(869, 31, 400, 5)
[00:04:28.745478] {Default Queue}  -> wl_region#102.add(12, 36, 518, 2)
[00:04:28.745479] {Default Queue}  -> wl_region#102.add(570, 36, 140, 2)
[00:04:28.745480] {Default Queue}  -> wl_region#102.add(870, 36, 398, 2)
[00:04:28.745482] {Default Queue}  -> wl_region#102.add(13, 38, 516, 1)
[00:04:28.745483] {Default Queue}  -> wl_region#102.add(571, 38, 138, 1)
[00:04:28.745484] {Default Queue}  -> wl_region#102.add(871, 38, 396, 1)
[00:04:28.745485] {Default Queue}  -> wl_region#102.add(14, 39, 514, 1)
[00:04:28.745486] {Default Queue}  -> wl_region#102.add(572, 39, 136, 1)
[00:04:28.745488] {Default Queue}  -> wl_region#102.add(872, 39, 394, 1)
[00:04:28.745489] {Default Queue}  -> wl_region#102.add(15, 40, 512, 1)
[00:04:28.745490] {Default Queue}  -> wl_region#102.add(573, 40, 134, 1)
[00:04:28.745491] {Default Queue}  -> wl_region#102.add(873, 40, 392, 1)
[00:04:28.745492] {Default Queue}  -> wl_region#102.add(16, 41, 510, 1)
[00:04:28.745494] {Default Queue}  -> wl_region#102.add(574, 41, 132, 1)
[00:04:28.745495] {Default Queue}  -> wl_region#102.add(874, 41, 390, 1)
[00:04:28.745496] {Default Queue}  -> wl_region#102.add(17, 42, 508, 1)
[00:04:28.745497] {Default Queue}  -> wl_region#102.add(575, 42, 130, 1)
[00:04:28.745498] {Default Queue}  -> wl_region#102.add(875, 42, 388, 1)
[00:04:28.745499] {Default Queue}  -> wl_region#102.add(19, 43, 504, 1)
[00:04:28.745501] {Default Queue}  -> wl_region#102.add(577, 43, 126, 1)
[00:04:28.745502] {Default Queue}  -> wl_region#102.add(877, 43, 384, 1)
[00:04:28.745503]  -> wl_surface#71.set_input_region(wl_region#102)
[00:04:28.745505] {Default Queue}  -> wl_region#102.destroy()
[00:04:28.745506]  -> wl_surface#71.attach(wl_buffer#97, 0, 0)
[00:04:28.745507]  -> wl_surface#71.frame(new id wl_callback#125)
[00:04:28.745509] {Default Queue}  -> wp_presentation#23.feedback(wl_surface#71, new id wp_presentation_feedback#114)
[00:04:28.745510]  -> wl_surface#71.commit()
[00:04:28.745564] {Display Queue} wl_display#1.delete_id(111)
[00:04:28.745566] {Display Queue} wl_display#1.delete_id(127)
[00:04:28.745567] {Display Queue} wl_display#1.delete_id(109)
[00:04:28.745568] {Default Queue} wl_callback#111.done(40191856)
[00:04:28.745574] {Default Queue} wl_callback#127.done(40191856)
[00:04:28.745578] {Default Queue} wp_presentation_feedback#109.sync_output(wl_output#64)
[00:04:28.745579] {Default Queue} wp_presentation_feedback#109.sync_output(wl_output#34)
[00:04:28.745580] {Default Queue} wp_presentation_feedback#109.presented(0, 40191, 856839392, 0, 0, 0, 0)
[00:04:28.745673] {Display Queue} wl_display#1.delete_id(102)
[00:04:28.745675] {Default Queue} wl_buffer#123.release()
[00:04:28.745676] {Default Queue} wl_buffer#97.release()
[00:04:28.745720] {Default Queue}  -> wl_compositor#4.create_region(new id wl_region#102)
[00:04:28.745722] {Default Queue}  -> wl_region#102.add(19, 4, 504, 1)
[00:04:28.745724] {Default Queue}  -> wl_region#102.add(577, 4, 126, 1)
[00:04:28.745725] {Default Queue}  -> wl_region#102.add(877, 4, 384, 1)
[00:04:28.745726] {Default Queue}  -> wl_region#102.add(17, 5, 508, 1)
[00:04:28.745727] {Default Queue}  -> wl_region#102.add(575, 5, 130, 1)
[00:04:28.745728] {Default Queue}  -> wl_region#102.add(875, 5, 388, 1)
[00:04:28.745730] {Default Queue}  -> wl_region#102.add(16, 6, 510, 1)
[00:04:28.745731] {Default Queue}  -> wl_region#102.add(574, 6, 132, 1)
[00:04:28.745732] {Default Queue}  -> wl_region#102.add(874, 6, 390, 1)
[00:04:28.745733] {Default Queue}  -> wl_region#102.add(15, 7, 512, 1)
[00:04:28.745734] {Default Queue}  -> wl_region#102.add(573, 7, 134, 1)
[00:04:28.745735] {Default Queue}  -> wl_region#102.add(873, 7, 392, 1)
[00:04:28.745737] {Default Queue}  -> wl_region#102.add(14, 8, 514, 1)
[00:04:28.745738] {Default Queue}  -> wl_region#102.add(572, 8, 136, 1)
[00:04:28.745739] {Default Queue}  -> wl_region#102.add(872, 8, 394, 1)
[00:04:28.745740] {Default Queue}  -> wl_region#102.add(13, 9, 516, 1)
[00:04:28.745741] {Default Queue}  -> wl_region#102.add(571, 9, 138, 1)
[00:04:28.745742] {Default Queue}  -> wl_region#102.add(871, 9, 396, 1)
[00:04:28.745744] {Default Queue}  -> wl_region#102.add(12, 10, 518, 2)
[00:04:28.745745] {Default Queue}  -> wl_region#102.add(570, 10, 140, 2)
[00:04:28.745746] {Default Queue}  -> wl_region#102.add(870, 10, 398, 2)
[00:04:28.745747] {Default Queue}  -> wl_region#102.add(11, 12, 520, 5)
[00:04:28.745748] {Default Queue}  -> wl_region#102.add(569, 12, 142, 5)
[00:04:28.745749] {Default Queue}  -> wl_region#102.add(869, 12, 400, 5)
[00:04:28.745750] {Default Queue}  -> wl_region#102.add(10, 17, 522, 14)
[00:04:28.745752] {Default Queue}  -> wl_region#102.add(568, 17, 144, 14)
[00:04:28.745753] {Default Queue}  -> wl_region#102.add(868, 17, 402, 14)
[00:04:28.745754] {Default Queue}  -> wl_region#102.add(11, 31, 520, 5)
[00:04:28.745755] {Default Queue}  -> wl_region#102.add(569, 31, 142, 5)
[00:04:28.745756] {Default Queue}  -> wl_region#102.add(869, 31, 400, 5)
[00:04:28.745757] {Default Queue}  -> wl_region#102.add(12, 36, 518, 2)
[00:04:28.745759] {Default Queue}  -> wl_region#102.add(570, 36, 140, 2)
[00:04:28.745760] {Default Queue}  -> wl_region#102.add(870, 36, 398, 2)
[00:04:28.745761] {Default Queue}  -> wl_region#102.add(13, 38, 516, 1)
[00:04:28.745762] {Default Queue}  -> wl_region#102.add(571, 38, 138, 1)
[00:04:28.745763] {Default Queue}  -> wl_region#102.add(871, 38, 396, 1)
[00:04:28.745764] {Default Queue}  -> wl_region#102.add(14, 39, 514, 1)
[00:04:28.745766] {Default Queue}  -> wl_region#102.add(572, 39, 136, 1)
[00:04:28.745767] {Default Queue}  -> wl_region#102.add(872, 39, 394, 1)
[00:04:28.745768] {Default Queue}  -> wl_region#102.add(15, 40, 512, 1)
[00:04:28.745769] {Default Queue}  -> wl_region#102.add(573, 40, 134, 1)
[00:04:28.745770] {Default Queue}  -> wl_region#102.add(873, 40, 392, 1)
[00:04:28.745771] {Default Queue}  -> wl_region#102.add(16, 41, 510, 1)
[00:04:28.745772] {Default Queue}  -> wl_region#102.add(574, 41, 132, 1)
[00:04:28.745774] {Default Queue}  -> wl_region#102.add(874, 41, 390, 1)
[00:04:28.745775] {Default Queue}  -> wl_region#102.add(17, 42, 508, 1)
[00:04:28.745776] {Default Queue}  -> wl_region#102.add(575, 42, 130, 1)
[00:04:28.745777] {Default Queue}  -> wl_region#102.add(875, 42, 388, 1)
[00:04:28.745778] {Default Queue}  -> wl_region#102.add(19, 43, 504, 1)
[00:04:28.745779] {Default Queue}  -> wl_region#102.add(577, 43, 126, 1)
[00:04:28.745780] {Default Queue}  -> wl_region#102.add(877, 43, 384, 1)
[00:04:28.745782]  -> wl_surface#76.set_input_region(wl_region#102)
[00:04:28.745783] {Default Queue}  -> wl_region#102.destroy()
[00:04:28.745784]  -> wl_surface#76.attach(wl_buffer#113, 0, 0)
[00:04:28.745785]  -> wl_surface#76.frame(new id wl_callback#109)
[00:04:28.745786] {Default Queue}  -> wp_presentation#23.feedback(wl_surface#76, new id wp_presentation_feedback#127)
[00:04:28.745787]  -> wl_surface#76.commit()
[00:04:28.745840] {Display Queue} wl_display#1.delete_id(102)
[00:04:28.745842] {Default Queue} wl_buffer#113.release()
[00:04:28.758256] {Display Queue} wl_display#1.delete_id(125)
[00:04:28.758277] {Display Queue} wl_display#1.delete_id(94)
[00:04:28.758279] {Display Queue} wl_display#1.delete_id(114)
[00:04:28.758280] {Display Queue} wl_display#1.delete_id(95)
[00:04:28.758282] {Display Queue} wl_display#1.delete_id(124)
[00:04:28.758283] {Default Queue} wl_callback#125.done(40191873)
[00:04:28.758295] {Default Queue} wl_callback#94.done(40191873)
[00:04:28.758303] {Default Queue} wp_presentation_feedback#114.sync_output(wl_output#63)
[00:04:28.758306] {Default Queue} wp_presentation_feedback#114.sync_output(wl_output#31)
[00:04:28.758307] {Default Queue} wp_presentation_feedback#114.presented(0, 40191, 873091439, 0, 0, 0, 0)
[00:04:28.758312] {Default Queue} wp_presentation_feedback#95.sync_output(wl_output#63)
[00:04:28.758313] {Default Queue} wp_presentation_feedback#95.sync_output(wl_output#31)
[00:04:28.758315] {Default Queue} wp_presentation_feedback#95.presented(0, 40191, 873091439, 0, 0, 0, 0)
[00:04:28.758327] {Default Queue} wp_presentation_feedback#124.sync_output(wl_output#63)
[00:04:28.758328] {Default Queue} wp_presentation_feedback#124.sync_output(wl_output#31)
[00:04:28.758330] {Default Queue} wp_presentation_feedback#124.presented(0, 40191, 873091439, 0, 0, 0, 0)
[00:04:28.758474] {Display Queue} wl_display#1.delete_id(109)
[00:04:28.758475] {Display Queue} wl_display#1.delete_id(127)
[00:04:28.758476] {Default Queue} wl_callback#109.done(40191873)
[00:04:28.758480] {Default Queue} wp_presentation_feedback#127.sync_output(wl_output#64)
[00:04:28.758480] {Default Queue} wp_presentation_feedback#127.sync_output(wl_output#34)
[00:04:28.758481] {Default Queue} wp_presentation_feedback#127.presented(0, 40191, 873332352, 0, 0, 0, 0)
[00:04:29.067231]  -> wl_surface#70.attach(wl_buffer#104, 0, 0)
[00:04:29.067239]  -> wl_surface#70.frame(new id wl_callback#127)
[00:04:29.067244] {Default Queue}  -> wp_presentation#23.feedback(wl_surface#70, new id wp_presentation_feedback#109)
[00:04:29.067246]  -> wl_surface#70.commit()
info: event=launcher-results count=114 shown=114 publish_us=5565
[00:04:29.072676] {Default Queue} wl_buffer#104.release()
[00:04:29.085592]  -> wl_surface#110.attach(wl_buffer#123, 0, 0)
[00:04:29.085601]  -> wl_surface#110.frame(new id wl_callback#124)
[00:04:29.085604] {Default Queue}  -> wp_presentation#23.feedback(wl_surface#110, new id wp_presentation_feedback#95)
[00:04:29.085607]  -> wl_surface#110.commit()
info: event=launcher-painted latency_us=18545
[00:04:29.085676] {Display Queue} wl_display#1.delete_id(127)
[00:04:29.085678] {Default Queue} wl_callback#127.done(40192196)
[00:04:29.085837] {Default Queue} wl_buffer#123.release()
[00:04:29.086152]  -> wl_surface#71.attach(wl_buffer#97, 0, 0)
[00:04:29.086156]  -> wl_surface#71.damage_buffer(1099, 18, 19, 12)
[00:04:29.086158]  -> wl_surface#71.frame(new id wl_callback#127)
[00:04:29.086159] {Default Queue}  -> wp_presentation#23.feedback(wl_surface#71, new id wp_presentation_feedback#114)
[00:04:29.086161]  -> wl_surface#71.commit()
[00:04:29.086188]  -> wl_surface#70.attach(wl_buffer#104, 0, 0)
[00:04:29.086189]  -> wl_surface#70.frame(new id wl_callback#94)
[00:04:29.086190] {Default Queue}  -> wp_presentation#23.feedback(wl_surface#70, new id wp_presentation_feedback#125)
[00:04:29.086191]  -> wl_surface#70.commit()
[00:04:29.086264]  -> wl_surface#76.attach(wl_buffer#113, 0, 0)
[00:04:29.086266]  -> wl_surface#76.damage_buffer(1099, 18, 19, 12)
[00:04:29.086267]  -> wl_surface#76.frame(new id wl_callback#102)
[00:04:29.086267] {Default Queue}  -> wp_presentation#23.feedback(wl_surface#76, new id wp_presentation_feedback#111)
[00:04:29.086268]  -> wl_surface#76.commit()
info: event=launcher-results count=114 shown=114 publish_us=5676
[00:04:29.091742] {Display Queue} wl_display#1.delete_id(109)
[00:04:29.091759] {Default Queue} wl_buffer#97.release()
[00:04:29.091762] {Default Queue} wp_presentation_feedback#109.discarded()
[00:04:29.091767] {Default Queue} wl_buffer#104.release()
[00:04:29.091768] {Default Queue} wl_buffer#113.release()
info: event=launcher-results count=114 shown=114 publish_us=4777
[00:04:29.096697] {Display Queue} wl_display#1.delete_id(127)
[00:04:29.096703] {Display Queue} wl_display#1.delete_id(94)
[00:04:29.096705] {Display Queue} wl_display#1.delete_id(124)
[00:04:29.096705] {Display Queue} wl_display#1.delete_id(114)
[00:04:29.096706] {Default Queue} wl_callback#127.done(40192210)
[00:04:29.096711] {Default Queue} wl_callback#94.done(40192210)
[00:04:29.096714] {Default Queue} wl_callback#124.done(40192210)
[00:04:29.096716] {Default Queue} wp_presentation_feedback#114.sync_output(wl_output#63)
[00:04:29.096717] {Default Queue} wp_presentation_feedback#114.sync_output(wl_output#31)
[00:04:29.096718] {Default Queue} wp_presentation_feedback#114.presented(0, 40192, 210454665, 0, 0, 0, 0)
[00:04:29.096771]  -> wl_surface#70.attach(wl_buffer#104, 0, 0)
[00:04:29.096774]  -> wl_surface#70.frame(new id wl_callback#114)
[00:04:29.096776] {Default Queue}  -> wp_presentation#23.feedback(wl_surface#70, new id wp_presentation_feedback#124)
[00:04:29.096778]  -> wl_surface#70.commit()
[00:04:29.110449]  -> wl_surface#110.attach(wl_buffer#123, 0, 0)
[00:04:29.110463]  -> wl_surface#110.frame(new id wl_callback#94)
[00:04:29.110468] {Default Queue}  -> wp_presentation#23.feedback(wl_surface#110, new id wp_presentation_feedback#127)
[00:04:29.110472]  -> wl_surface#110.commit()
info: event=launcher-painted latency_us=18617
[00:04:29.110594] {Display Queue} wl_display#1.delete_id(102)
[00:04:29.110597] {Display Queue} wl_display#1.delete_id(111)
[00:04:29.110598] {Default Queue} wl_callback#102.done(40192212)
[00:04:29.110606] {Default Queue} wp_presentation_feedback#111.sync_output(wl_output#64)
[00:04:29.110607] {Default Queue} wp_presentation_feedback#111.sync_output(wl_output#34)
[00:04:29.110608] {Default Queue} wp_presentation_feedback#111.presented(0, 40192, 212660555, 0, 0, 0, 0)
[00:04:29.110767] {Display Queue} wl_display#1.delete_id(125)
[00:04:29.110772] {Display Queue} wl_display#1.delete_id(95)
[00:04:29.110773] {Default Queue} wp_presentation_feedback#125.discarded()
[00:04:29.110776] {Default Queue} wl_buffer#104.release()
[00:04:29.110777] {Default Queue} wp_presentation_feedback#95.discarded()
[00:04:29.110779] {Default Queue} wl_buffer#123.release()
[00:04:29.114045] {Display Queue} wl_display#1.delete_id(114)
[00:04:29.114055] {Display Queue} wl_display#1.delete_id(94)
[00:04:29.114056] {Default Queue} wl_callback#114.done(40192228)
[00:04:29.114067] {Default Queue} wl_callback#94.done(40192228)
[00:04:30.064968] {Display Queue} wl_display#1.delete_id(124)
[00:04:30.064976] {Display Queue} wl_display#1.delete_id(127)
[00:04:30.064977] {Default Queue} wp_presentation_feedback#124.sync_output(wl_output#63)
[00:04:30.064979] {Default Queue} wp_presentation_feedback#124.sync_output(wl_output#31)
[00:04:30.064980] {Default Queue} wp_presentation_feedback#124.presented(0, 40193, 179831975, 0, 0, 0, 0)
[00:04:30.064985] {Default Queue} wp_presentation_feedback#127.sync_output(wl_output#63)
[00:04:30.064986] {Default Queue} wp_presentation_feedback#127.sync_output(wl_output#31)
[00:04:30.064986] {Default Queue} wp_presentation_feedback#127.presented(0, 40193, 179831975, 0, 0, 0, 0)
[00:04:30.068375]  -> wl_surface#70.attach(wl_buffer#104, 0, 0)
[00:04:30.068381]  -> wl_surface#70.frame(new id wl_callback#127)
[00:04:30.068384] {Default Queue}  -> wp_presentation#23.feedback(wl_surface#70, new id wp_presentation_feedback#124)
[00:04:30.068386]  -> wl_surface#70.commit()
info: event=launcher-results count=114 shown=114 publish_us=6546
[00:04:30.074876] {Default Queue} wl_buffer#104.release()
[00:04:30.089320]  -> wl_surface#110.attach(wl_buffer#123, 0, 0)
[00:04:30.089328]  -> wl_surface#110.frame(new id wl_callback#94)
[00:04:30.089331] {Default Queue}  -> wp_presentation#23.feedback(wl_surface#110, new id wp_presentation_feedback#114)
[00:04:30.089334]  -> wl_surface#110.commit()
info: event=launcher-painted latency_us=21058
[00:04:30.089402] {Display Queue} wl_display#1.delete_id(127)
[00:04:30.089405] {Default Queue} wl_callback#127.done(40193197)
[00:04:30.089542] {Default Queue} wl_buffer#123.release()
[00:04:30.089833]  -> wl_surface#71.attach(wl_buffer#97, 0, 0)
[00:04:30.089837]  -> wl_surface#71.damage_buffer(1099, 18, 19, 11)
[00:04:30.089838]  -> wl_surface#71.frame(new id wl_callback#127)
[00:04:30.089840] {Default Queue}  -> wp_presentation#23.feedback(wl_surface#71, new id wp_presentation_feedback#95)
[00:04:30.089841]  -> wl_surface#71.commit()
[00:04:30.089865]  -> wl_surface#70.attach(wl_buffer#104, 0, 0)
[00:04:30.089866]  -> wl_surface#70.frame(new id wl_callback#125)
[00:04:30.089867] {Default Queue}  -> wp_presentation#23.feedback(wl_surface#70, new id wp_presentation_feedback#111)
[00:04:30.089868]  -> wl_surface#70.commit()
[00:04:30.089943]  -> wl_surface#76.attach(wl_buffer#113, 0, 0)
[00:04:30.089944]  -> wl_surface#76.damage_buffer(1099, 18, 19, 11)
[00:04:30.089945]  -> wl_surface#76.frame(new id wl_callback#102)
[00:04:30.089946] {Default Queue}  -> wp_presentation#23.feedback(wl_surface#76, new id wp_presentation_feedback#109)
[00:04:30.089947]  -> wl_surface#76.commit()
info: event=launcher-results count=114 shown=114 publish_us=6908
[00:04:30.096602] {Display Queue} wl_display#1.delete_id(124)
[00:04:30.096607] {Default Queue} wl_buffer#97.release()
[00:04:30.096609] {Default Queue} wp_presentation_feedback#124.discarded()
[00:04:30.096611] {Default Queue} wl_buffer#104.release()
[00:04:30.096612] {Default Queue} wl_buffer#113.release()
info: event=launcher-results count=114 shown=114 publish_us=4380
[00:04:30.101115] {Display Queue} wl_display#1.delete_id(127)
[00:04:30.101121] {Display Queue} wl_display#1.delete_id(125)
[00:04:30.101122] {Display Queue} wl_display#1.delete_id(94)
[00:04:30.101123] {Display Queue} wl_display#1.delete_id(95)
[00:04:30.101124] {Display Queue} wl_display#1.delete_id(102)
[00:04:30.101124] {Display Queue} wl_display#1.delete_id(109)
[00:04:30.101125] {Default Queue} wl_callback#127.done(40193212)
[00:04:30.101130] {Default Queue} wl_callback#125.done(40193212)
[00:04:30.101133] {Default Queue} wl_callback#94.done(40193212)
[00:04:30.101135] {Default Queue} wp_presentation_feedback#95.sync_output(wl_output#63)
[00:04:30.101136] {Default Queue} wp_presentation_feedback#95.sync_output(wl_output#31)
[00:04:30.101137] {Default Queue} wp_presentation_feedback#95.presented(0, 40193, 212071437, 0, 0, 0, 0)
[00:04:30.101140] {Default Queue} wl_callback#102.done(40193214)
[00:04:30.101141] {Default Queue} wp_presentation_feedback#109.sync_output(wl_output#64)
[00:04:30.101142] {Default Queue} wp_presentation_feedback#109.sync_output(wl_output#34)
[00:04:30.101143] {Default Queue} wp_presentation_feedback#109.presented(0, 40193, 214223956, 0, 0, 0, 0)
[00:04:30.101196]  -> wl_surface#70.attach(wl_buffer#104, 0, 0)
[00:04:30.101199]  -> wl_surface#70.frame(new id wl_callback#109)
[00:04:30.101201] {Default Queue}  -> wp_presentation#23.feedback(wl_surface#70, new id wp_presentation_feedback#102)
[00:04:30.101203]  -> wl_surface#70.commit()
[00:04:30.113121]  -> wl_surface#110.attach(wl_buffer#123, 0, 0)
[00:04:30.113130]  -> wl_surface#110.frame(new id wl_callback#95)
[00:04:30.113133] {Default Queue}  -> wp_presentation#23.feedback(wl_surface#110, new id wp_presentation_feedback#94)
[00:04:30.113136]  -> wl_surface#110.commit()
info: event=launcher-painted latency_us=16470
[00:04:30.114801] {Display Queue} wl_display#1.delete_id(111)
[00:04:30.114809] {Display Queue} wl_display#1.delete_id(114)
[00:04:30.114810] {Default Queue} wp_presentation_feedback#111.discarded()
[00:04:30.114815] {Default Queue} wl_buffer#104.release()
[00:04:30.114817] {Default Queue} wp_presentation_feedback#114.discarded()
[00:04:30.114819] {Default Queue} wl_buffer#123.release()
[00:04:30.129518] {Display Queue} wl_display#1.delete_id(109)
[00:04:30.129526] {Display Queue} wl_display#1.delete_id(95)
[00:04:30.129527] {Default Queue} wl_callback#109.done(40193244)
[00:04:30.129537] {Default Queue} wl_callback#95.done(40193244)
[00:04:30.280701]  -> wl_surface#70.attach(wl_buffer#104, 0, 0)
[00:04:30.280707]  -> wl_surface#70.frame(new id wl_callback#95)
[00:04:30.280711] {Default Queue}  -> wp_presentation#23.feedback(wl_surface#70, new id wp_presentation_feedback#109)
[00:04:30.280714]  -> wl_surface#70.commit()
info: event=launcher-results count=114 shown=114 publish_us=5085
[00:04:30.285737] {Display Queue} wl_display#1.delete_id(102)
[00:04:30.285742] {Display Queue} wl_display#1.delete_id(95)
[00:04:30.285743] {Default Queue} wp_presentation_feedback#102.discarded()
[00:04:30.285745] {Default Queue} wl_buffer#104.release()
[00:04:30.285746] {Default Queue} wl_callback#95.done(40193395)
[00:04:30.295343]  -> wl_surface#110.attach(wl_buffer#123, 0, 0)
[00:04:30.295348]  -> wl_surface#110.frame(new id wl_callback#95)
[00:04:30.295351] {Default Queue}  -> wp_presentation#23.feedback(wl_surface#110, new id wp_presentation_feedback#102)
[00:04:30.295354]  -> wl_surface#110.commit()
info: event=launcher-painted latency_us=14741
[00:04:30.295519] {Display Queue} wl_display#1.delete_id(94)
[00:04:30.295522] {Default Queue} wp_presentation_feedback#94.discarded()
[00:04:30.295524] {Default Queue} wl_buffer#123.release()
[00:04:30.297094] {Display Queue} wl_display#1.delete_id(95)
[00:04:30.297105] {Default Queue} wl_callback#95.done(40193411)
[00:04:31.066851] {Display Queue} wl_display#1.delete_id(109)
[00:04:31.066859] {Display Queue} wl_display#1.delete_id(102)
[00:04:31.066860] {Default Queue} ext_background_effect_manager_v1#48.capabilities(0)
info: event=blur-capability available=false
[00:04:31.067012] {Default Queue}  -> ext_background_effect_surface_v1#101.set_blur_region(nil)
[00:04:31.067059] {Default Queue}  -> ext_background_effect_surface_v1#117.set_blur_region(nil)
[00:04:31.067118] {Default Queue}  -> ext_background_effect_surface_v1#93.set_blur_region(nil)
[00:04:31.067122] {Default Queue} wp_presentation_feedback#109.sync_output(wl_output#63)
[00:04:31.067124] {Default Queue} wp_presentation_feedback#109.sync_output(wl_output#31)
[00:04:31.067125] {Default Queue} wp_presentation_feedback#109.presented(0, 40194, 181714429, 0, 0, 0, 0)
[00:04:31.067128] {Default Queue} wp_presentation_feedback#102.sync_output(wl_output#63)
[00:04:31.067129] {Default Queue} wp_presentation_feedback#102.sync_output(wl_output#31)
[00:04:31.067129] {Default Queue} wp_presentation_feedback#102.presented(0, 40194, 181714429, 0, 0, 0, 0)
[00:04:31.067770] {Default Queue}  -> wl_compositor#4.create_region(new id wl_region#102)
[00:04:31.067774] {Default Queue}  -> wl_region#102.add(18, 4, 506, 40)
[00:04:31.067776]  -> wl_surface#71.set_opaque_region(wl_region#102)
[00:04:31.067777] {Default Queue}  -> wl_region#102.destroy()
[00:04:31.067778]  -> wl_surface#71.attach(wl_buffer#97, 0, 0)
[00:04:31.067779]  -> wl_surface#71.damage_buffer(4, 4, 534, 40)
[00:04:31.067780]  -> wl_surface#71.damage_buffer(562, 4, 156, 40)
[00:04:31.067781]  -> wl_surface#71.damage_buffer(862, 4, 414, 40)
[00:04:31.067782]  -> wl_surface#71.frame(new id wl_callback#109)
[00:04:31.067784] {Default Queue}  -> wp_presentation#23.feedback(wl_surface#71, new id wp_presentation_feedback#95)
[00:04:31.067785]  -> wl_surface#71.commit()
[00:04:31.068287] {Default Queue}  -> wl_compositor#4.create_region(new id wl_region#94)
[00:04:31.068289] {Default Queue}  -> wl_region#94.add(18, 4, 506, 40)
[00:04:31.068291]  -> wl_surface#76.set_opaque_region(wl_region#94)
[00:04:31.068292] {Default Queue}  -> wl_region#94.destroy()
[00:04:31.068293]  -> wl_surface#76.attach(wl_buffer#113, 0, 0)
[00:04:31.068294]  -> wl_surface#76.damage_buffer(4, 4, 534, 40)
[00:04:31.068295]  -> wl_surface#76.damage_buffer(562, 4, 156, 40)
[00:04:31.068295]  -> wl_surface#76.damage_buffer(862, 4, 414, 40)
[00:04:31.068296]  -> wl_surface#76.frame(new id wl_callback#114)
[00:04:31.068297] {Default Queue}  -> wp_presentation#23.feedback(wl_surface#76, new id wp_presentation_feedback#111)
[00:04:31.068299]  -> wl_surface#76.commit()
[00:04:31.071216] {Default Queue}  -> wl_compositor#4.create_region(new id wl_region#125)
[00:04:31.071220] {Default Queue}  -> wl_region#125.add(344, 36, 592, 600)
[00:04:31.071221]  -> wl_surface#110.set_opaque_region(wl_region#125)
[00:04:31.071222] {Default Queue}  -> wl_region#125.destroy()
[00:04:31.071223]  -> wl_surface#110.attach(wl_buffer#123, 0, 0)
[00:04:31.071224]  -> wl_surface#110.damage_buffer(330, 36, 620, 600)
[00:04:31.071225]  -> wl_surface#110.frame(new id wl_callback#127)
[00:04:31.071226] {Default Queue}  -> wp_presentation#23.feedback(wl_surface#110, new id wp_presentation_feedback#124)
[00:04:31.071227]  -> wl_surface#110.commit()
[00:04:31.071448]  -> wl_surface#70.attach(wl_buffer#104, 0, 0)
[00:04:31.071450]  -> wl_surface#70.frame(new id wl_callback#115)
[00:04:31.071451] {Default Queue}  -> wp_presentation#23.feedback(wl_surface#70, new id wp_presentation_feedback#126)
[00:04:31.071452]  -> wl_surface#70.commit()
[00:04:31.071473] {Display Queue} wl_display#1.delete_id(102)
[00:04:31.071474] {Display Queue} wl_display#1.delete_id(94)
[00:04:31.071475] {Display Queue} wl_display#1.delete_id(125)
[00:04:31.071476] {Default Queue} wl_buffer#97.release()
[00:04:31.071477] {Default Queue} wl_buffer#113.release()
[00:04:31.071477] {Default Queue} wl_buffer#123.release()
info: event=launcher-results count=114 shown=114 publish_us=6048
[00:04:31.077506] {Default Queue} wl_buffer#104.release()
info: event=launcher-results count=114 shown=114 publish_us=4750
[00:04:31.082921] {Display Queue} wl_display#1.delete_id(109)
[00:04:31.082928] {Display Queue} wl_display#1.delete_id(115)
[00:04:31.082929] {Display Queue} wl_display#1.delete_id(127)
[00:04:31.082930] {Display Queue} wl_display#1.delete_id(95)
[00:04:31.082931] {Display Queue} wl_display#1.delete_id(126)
[00:04:31.082932] {Display Queue} wl_display#1.delete_id(124)
[00:04:31.082932] {Default Queue} wl_callback#109.done(40194197)
[00:04:31.082940] {Default Queue} wl_callback#115.done(40194197)
[00:04:31.082942] {Default Queue} wl_callback#127.done(40194197)
[00:04:31.082944] {Default Queue} wp_presentation_feedback#95.sync_output(wl_output#63)
[00:04:31.082945] {Default Queue} wp_presentation_feedback#95.sync_output(wl_output#31)
[00:04:31.082946] {Default Queue} wp_presentation_feedback#95.presented(0, 40194, 197794395, 0, 0, 0, 0)
[00:04:31.082948] {Default Queue} wp_presentation_feedback#126.sync_output(wl_output#63)
[00:04:31.082949] {Default Queue} wp_presentation_feedback#126.sync_output(wl_output#31)
[00:04:31.082950] {Default Queue} wp_presentation_feedback#126.presented(0, 40194, 197794395, 0, 0, 0, 0)
[00:04:31.082952] {Default Queue} wp_presentation_feedback#124.sync_output(wl_output#63)
[00:04:31.082953] {Default Queue} wp_presentation_feedback#124.sync_output(wl_output#31)
[00:04:31.082953] {Default Queue} wp_presentation_feedback#124.presented(0, 40194, 197794395, 0, 0, 0, 0)
[00:04:31.082961] {Display Queue} wl_display#1.delete_id(114)
[00:04:31.082962] {Display Queue} wl_display#1.delete_id(111)
[00:04:31.082962] {Default Queue} wl_callback#114.done(40194197)
[00:04:31.082964] {Default Queue} wp_presentation_feedback#111.sync_output(wl_output#64)
[00:04:31.082965] {Default Queue} wp_presentation_feedback#111.sync_output(wl_output#34)
[00:04:31.082965] {Default Queue} wp_presentation_feedback#111.presented(0, 40194, 197837525, 0, 0, 0, 0)
[00:04:31.083259]  -> wl_surface#71.attach(wl_buffer#97, 0, 0)
[00:04:31.083268]  -> wl_surface#71.damage_buffer(1099, 18, 19, 12)
[00:04:31.083270]  -> wl_surface#71.frame(new id wl_callback#111)
[00:04:31.083273] {Default Queue}  -> wp_presentation#23.feedback(wl_surface#71, new id wp_presentation_feedback#114)
[00:04:31.083277]  -> wl_surface#71.commit()
[00:04:31.083352]  -> wl_surface#70.attach(wl_buffer#104, 0, 0)
[00:04:31.083353]  -> wl_surface#70.frame(new id wl_callback#124)
[00:04:31.083354] {Default Queue}  -> wp_presentation#23.feedback(wl_surface#70, new id wp_presentation_feedback#126)
[00:04:31.083356]  -> wl_surface#70.commit()
[00:04:31.096583]  -> wl_surface#110.attach(wl_buffer#123, 0, 0)
[00:04:31.096593]  -> wl_surface#110.frame(new id wl_callback#95)
[00:04:31.096597] {Default Queue}  -> wp_presentation#23.feedback(wl_surface#110, new id wp_presentation_feedback#127)
[00:04:31.096599]  -> wl_surface#110.commit()
info: event=launcher-painted latency_us=18651
[00:04:31.096771]  -> wl_surface#76.attach(wl_buffer#113, 0, 0)
[00:04:31.096773]  -> wl_surface#76.damage_buffer(1099, 18, 19, 12)
[00:04:31.096774]  -> wl_surface#76.frame(new id wl_callback#115)
[00:04:31.096775] {Default Queue}  -> wp_presentation#23.feedback(wl_surface#76, new id wp_presentation_feedback#109)
[00:04:31.096776]  -> wl_surface#76.commit()
[00:04:31.096940] {Default Queue} wl_buffer#97.release()
[00:04:31.096942] {Default Queue} wl_buffer#104.release()
[00:04:31.096943] {Default Queue} wl_buffer#123.release()
[00:04:31.096944] {Default Queue} wl_buffer#113.release()
[00:04:31.100035] {Display Queue} wl_display#1.delete_id(111)
[00:04:31.100041] {Display Queue} wl_display#1.delete_id(124)
[00:04:31.100042] {Display Queue} wl_display#1.delete_id(95)
[00:04:31.100043] {Display Queue} wl_display#1.delete_id(114)
[00:04:31.100044] {Default Queue} wl_callback#111.done(40194214)
[00:04:31.100048] {Default Queue} wl_callback#124.done(40194214)
[00:04:31.100050] {Default Queue} wl_callback#95.done(40194214)
[00:04:31.100053] {Default Queue} wp_presentation_feedback#114.sync_output(wl_output#63)
[00:04:31.100054] {Default Queue} wp_presentation_feedback#114.sync_output(wl_output#31)
[00:04:31.100055] {Default Queue} wp_presentation_feedback#114.presented(0, 40194, 214915030, 0, 0, 0, 0)
[00:04:31.100079] {Display Queue} wl_display#1.delete_id(115)
[00:04:31.100080] {Display Queue} wl_display#1.delete_id(109)
[00:04:31.100081] {Default Queue} wl_callback#115.done(40194214)
[00:04:31.100083] {Default Queue} wp_presentation_feedback#109.sync_output(wl_output#64)
[00:04:31.100084] {Default Queue} wp_presentation_feedback#109.sync_output(wl_output#34)
[00:04:31.100084] {Default Queue} wp_presentation_feedback#109.presented(0, 40194, 214968280, 0, 0, 0, 0)
[00:04:32.068723] {Display Queue} wl_display#1.delete_id(126)
[00:04:32.068732] {Display Queue} wl_display#1.delete_id(127)
[00:04:32.068733] {Default Queue} ext_background_effect_manager_v1#48.capabilities(1)
info: event=blur-capability available=true
[00:04:32.068878] {Default Queue}  -> wl_compositor#46.create_region(new id wl_region#109)
[00:04:32.068893] {Default Queue}  -> wl_region#109.add(19, 4, 504, 1)
[00:04:32.068895] {Default Queue}  -> wl_region#109.add(577, 4, 126, 1)
[00:04:32.068896] {Default Queue}  -> wl_region#109.add(877, 4, 384, 1)
[00:04:32.068897] {Default Queue}  -> wl_region#109.add(17, 5, 508, 1)
[00:04:32.068897] {Default Queue}  -> wl_region#109.add(575, 5, 130, 1)
[00:04:32.068898] {Default Queue}  -> wl_region#109.add(875, 5, 388, 1)
[00:04:32.068899] {Default Queue}  -> wl_region#109.add(16, 6, 510, 1)
[00:04:32.068899] {Default Queue}  -> wl_region#109.add(574, 6, 132, 1)
[00:04:32.068900] {Default Queue}  -> wl_region#109.add(874, 6, 390, 1)
[00:04:32.068900] {Default Queue}  -> wl_region#109.add(15, 7, 512, 1)
[00:04:32.068901] {Default Queue}  -> wl_region#109.add(573, 7, 134, 1)
[00:04:32.068902] {Default Queue}  -> wl_region#109.add(873, 7, 392, 1)
[00:04:32.068902] {Default Queue}  -> wl_region#109.add(14, 8, 514, 1)
[00:04:32.068903] {Default Queue}  -> wl_region#109.add(572, 8, 136, 1)
[00:04:32.068904] {Default Queue}  -> wl_region#109.add(872, 8, 394, 1)
[00:04:32.068904] {Default Queue}  -> wl_region#109.add(13, 9, 516, 1)
[00:04:32.068905] {Default Queue}  -> wl_region#109.add(571, 9, 138, 1)
[00:04:32.068905] {Default Queue}  -> wl_region#109.add(871, 9, 396, 1)
[00:04:32.068906] {Default Queue}  -> wl_region#109.add(12, 10, 518, 2)
[00:04:32.068907] {Default Queue}  -> wl_region#109.add(570, 10, 140, 2)
[00:04:32.068907] {Default Queue}  -> wl_region#109.add(870, 10, 398, 2)
[00:04:32.068908] {Default Queue}  -> wl_region#109.add(11, 12, 520, 5)
[00:04:32.068908] {Default Queue}  -> wl_region#109.add(569, 12, 142, 5)
[00:04:32.068909] {Default Queue}  -> wl_region#109.add(869, 12, 400, 5)
[00:04:32.068910] {Default Queue}  -> wl_region#109.add(10, 17, 522, 14)
[00:04:32.068910] {Default Queue}  -> wl_region#109.add(568, 17, 144, 14)
[00:04:32.068911] {Default Queue}  -> wl_region#109.add(868, 17, 402, 14)
[00:04:32.068911] {Default Queue}  -> wl_region#109.add(11, 31, 520, 5)
[00:04:32.068912] {Default Queue}  -> wl_region#109.add(569, 31, 142, 5)
[00:04:32.068913] {Default Queue}  -> wl_region#109.add(869, 31, 400, 5)
[00:04:32.068913] {Default Queue}  -> wl_region#109.add(12, 36, 518, 2)
[00:04:32.068914] {Default Queue}  -> wl_region#109.add(570, 36, 140, 2)
[00:04:32.068914] {Default Queue}  -> wl_region#109.add(870, 36, 398, 2)
[00:04:32.068915] {Default Queue}  -> wl_region#109.add(13, 38, 516, 1)
[00:04:32.068916] {Default Queue}  -> wl_region#109.add(571, 38, 138, 1)
[00:04:32.068916] {Default Queue}  -> wl_region#109.add(871, 38, 396, 1)
[00:04:32.068917] {Default Queue}  -> wl_region#109.add(14, 39, 514, 1)
[00:04:32.068917] {Default Queue}  -> wl_region#109.add(572, 39, 136, 1)
[00:04:32.068918] {Default Queue}  -> wl_region#109.add(872, 39, 394, 1)
[00:04:32.068918] {Default Queue}  -> wl_region#109.add(15, 40, 512, 1)
[00:04:32.068919] {Default Queue}  -> wl_region#109.add(573, 40, 134, 1)
[00:04:32.068920] {Default Queue}  -> wl_region#109.add(873, 40, 392, 1)
[00:04:32.068921] {Default Queue}  -> wl_region#109.add(16, 41, 510, 1)
[00:04:32.068921] {Default Queue}  -> wl_region#109.add(574, 41, 132, 1)
[00:04:32.068922] {Default Queue}  -> wl_region#109.add(874, 41, 390, 1)
[00:04:32.068923] {Default Queue}  -> wl_region#109.add(17, 42, 508, 1)
[00:04:32.068923] {Default Queue}  -> wl_region#109.add(575, 42, 130, 1)
[00:04:32.068924] {Default Queue}  -> wl_region#109.add(875, 42, 388, 1)
[00:04:32.068924] {Default Queue}  -> wl_region#109.add(19, 43, 504, 1)
[00:04:32.068925] {Default Queue}  -> wl_region#109.add(577, 43, 126, 1)
[00:04:32.068926] {Default Queue}  -> wl_region#109.add(877, 43, 384, 1)
[00:04:32.068926] {Default Queue}  -> ext_background_effect_surface_v1#101.set_blur_region(wl_region#109)
[00:04:32.068928] {Default Queue}  -> wl_region#109.destroy()
[00:04:32.068973] {Default Queue}  -> wl_compositor#46.create_region(new id wl_region#115)
[00:04:32.068984] {Default Queue}  -> wl_region#115.add(19, 4, 504, 1)
[00:04:32.068985] {Default Queue}  -> wl_region#115.add(577, 4, 126, 1)
[00:04:32.068986] {Default Queue}  -> wl_region#115.add(877, 4, 384, 1)
[00:04:32.068987] {Default Queue}  -> wl_region#115.add(17, 5, 508, 1)
[00:04:32.068987] {Default Queue}  -> wl_region#115.add(575, 5, 130, 1)
[00:04:32.068988] {Default Queue}  -> wl_region#115.add(875, 5, 388, 1)
[00:04:32.068989] {Default Queue}  -> wl_region#115.add(16, 6, 510, 1)
[00:04:32.068989] {Default Queue}  -> wl_region#115.add(574, 6, 132, 1)
[00:04:32.068990] {Default Queue}  -> wl_region#115.add(874, 6, 390, 1)
[00:04:32.068991] {Default Queue}  -> wl_region#115.add(15, 7, 512, 1)
[00:04:32.068991] {Default Queue}  -> wl_region#115.add(573, 7, 134, 1)
[00:04:32.068992] {Default Queue}  -> wl_region#115.add(873, 7, 392, 1)
[00:04:32.068992] {Default Queue}  -> wl_region#115.add(14, 8, 514, 1)
[00:04:32.068993] {Default Queue}  -> wl_region#115.add(572, 8, 136, 1)
[00:04:32.068994] {Default Queue}  -> wl_region#115.add(872, 8, 394, 1)
[00:04:32.068994] {Default Queue}  -> wl_region#115.add(13, 9, 516, 1)
[00:04:32.068995] {Default Queue}  -> wl_region#115.add(571, 9, 138, 1)
[00:04:32.068995] {Default Queue}  -> wl_region#115.add(871, 9, 396, 1)
[00:04:32.068996] {Default Queue}  -> wl_region#115.add(12, 10, 518, 2)
[00:04:32.068997] {Default Queue}  -> wl_region#115.add(570, 10, 140, 2)
[00:04:32.068997] {Default Queue}  -> wl_region#115.add(870, 10, 398, 2)
[00:04:32.068998] {Default Queue}  -> wl_region#115.add(11, 12, 520, 5)
[00:04:32.068999] {Default Queue}  -> wl_region#115.add(569, 12, 142, 5)
[00:04:32.068999] {Default Queue}  -> wl_region#115.add(869, 12, 400, 5)
[00:04:32.069000] {Default Queue}  -> wl_region#115.add(10, 17, 522, 14)
[00:04:32.069000] {Default Queue}  -> wl_region#115.add(568, 17, 144, 14)
[00:04:32.069001] {Default Queue}  -> wl_region#115.add(868, 17, 402, 14)
[00:04:32.069002] {Default Queue}  -> wl_region#115.add(11, 31, 520, 5)
[00:04:32.069002] {Default Queue}  -> wl_region#115.add(569, 31, 142, 5)
[00:04:32.069003] {Default Queue}  -> wl_region#115.add(869, 31, 400, 5)
[00:04:32.069004] {Default Queue}  -> wl_region#115.add(12, 36, 518, 2)
[00:04:32.069004] {Default Queue}  -> wl_region#115.add(570, 36, 140, 2)
[00:04:32.069005] {Default Queue}  -> wl_region#115.add(870, 36, 398, 2)
[00:04:32.069005] {Default Queue}  -> wl_region#115.add(13, 38, 516, 1)
[00:04:32.069006] {Default Queue}  -> wl_region#115.add(571, 38, 138, 1)
[00:04:32.069007] {Default Queue}  -> wl_region#115.add(871, 38, 396, 1)
[00:04:32.069007] {Default Queue}  -> wl_region#115.add(14, 39, 514, 1)
[00:04:32.069008] {Default Queue}  -> wl_region#115.add(572, 39, 136, 1)
[00:04:32.069009] {Default Queue}  -> wl_region#115.add(872, 39, 394, 1)
[00:04:32.069009] {Default Queue}  -> wl_region#115.add(15, 40, 512, 1)
[00:04:32.069010] {Default Queue}  -> wl_region#115.add(573, 40, 134, 1)
[00:04:32.069010] {Default Queue}  -> wl_region#115.add(873, 40, 392, 1)
[00:04:32.069011] {Default Queue}  -> wl_region#115.add(16, 41, 510, 1)
[00:04:32.069012] {Default Queue}  -> wl_region#115.add(574, 41, 132, 1)
[00:04:32.069012] {Default Queue}  -> wl_region#115.add(874, 41, 390, 1)
[00:04:32.069013] {Default Queue}  -> wl_region#115.add(17, 42, 508, 1)
[00:04:32.069013] {Default Queue}  -> wl_region#115.add(575, 42, 130, 1)
[00:04:32.069014] {Default Queue}  -> wl_region#115.add(875, 42, 388, 1)
[00:04:32.069015] {Default Queue}  -> wl_region#115.add(19, 43, 504, 1)
[00:04:32.069015] {Default Queue}  -> wl_region#115.add(577, 43, 126, 1)
[00:04:32.069016] {Default Queue}  -> wl_region#115.add(877, 43, 384, 1)
[00:04:32.069017] {Default Queue}  -> ext_background_effect_surface_v1#117.set_blur_region(wl_region#115)
[00:04:32.069017] {Default Queue}  -> wl_region#115.destroy()
[00:04:32.069077] {Default Queue}  -> wl_compositor#46.create_region(new id wl_region#114)
[00:04:32.069111] {Default Queue}  -> wl_region#114.add(339, 36, 602, 1)
[00:04:32.069112] {Default Queue}  -> wl_region#114.add(337, 37, 606, 1)
[00:04:32.069113] {Default Queue}  -> wl_region#114.add(336, 38, 608, 1)
[00:04:32.069113] {Default Queue}  -> wl_region#114.add(335, 39, 610, 1)
[00:04:32.069114] {Default Queue}  -> wl_region#114.add(334, 40, 612, 1)
[00:04:32.069114] {Default Queue}  -> wl_region#114.add(333, 41, 614, 1)
[00:04:32.069115] {Default Queue}  -> wl_region#114.add(332, 42, 616, 2)
[00:04:32.069116] {Default Queue}  -> wl_region#114.add(331, 44, 618, 5)
[00:04:32.069116] {Default Queue}  -> wl_region#114.add(330, 49, 620, 574)
[00:04:32.069117] {Default Queue}  -> wl_region#114.add(331, 623, 618, 5)
[00:04:32.069118] {Default Queue}  -> wl_region#114.add(332, 628, 616, 2)
[00:04:32.069118] {Default Queue}  -> wl_region#114.add(333, 630, 614, 1)
[00:04:32.069119] {Default Queue}  -> wl_region#114.add(334, 631, 612, 1)
[00:04:32.069119] {Default Queue}  -> wl_region#114.add(335, 632, 610, 1)
[00:04:32.069120] {Default Queue}  -> wl_region#114.add(336, 633, 608, 1)
[00:04:32.069121] {Default Queue}  -> wl_region#114.add(337, 634, 606, 1)
[00:04:32.069121] {Default Queue}  -> wl_region#114.add(339, 635, 602, 1)
[00:04:32.069122] {Default Queue}  -> ext_background_effect_surface_v1#93.set_blur_region(wl_region#114)
[00:04:32.069123] {Default Queue}  -> wl_region#114.destroy()
[00:04:32.069125] {Default Queue} wp_presentation_feedback#126.sync_output(wl_output#63)
[00:04:32.069127] {Default Queue} wp_presentation_feedback#126.sync_output(wl_output#31)
[00:04:32.069128] {Default Queue} wp_presentation_feedback#126.presented(0, 40195, 183589504, 0, 0, 0, 0)
[00:04:32.069132] {Default Queue} wp_presentation_feedback#127.sync_output(wl_output#63)
[00:04:32.069133] {Default Queue} wp_presentation_feedback#127.sync_output(wl_output#31)
[00:04:32.069134] {Default Queue} wp_presentation_feedback#127.presented(0, 40195, 183589504, 0, 0, 0, 0)
[00:04:32.069786] {Default Queue}  -> wl_compositor#4.create_region(new id wl_region#127)
[00:04:32.069790] {Default Queue}  -> wl_region#127.add(76, 4, 6, 40)
[00:04:32.069791]  -> wl_surface#71.set_opaque_region(wl_region#127)
[00:04:32.069792] {Default Queue}  -> wl_region#127.destroy()
[00:04:32.069793]  -> wl_surface#71.attach(wl_buffer#97, 0, 0)
[00:04:32.069795]  -> wl_surface#71.damage_buffer(4, 4, 534, 40)
[00:04:32.069796]  -> wl_surface#71.damage_buffer(562, 4, 156, 40)
[00:04:32.069797]  -> wl_surface#71.damage_buffer(862, 4, 414, 40)
[00:04:32.069798]  -> wl_surface#71.frame(new id wl_callback#126)
[00:04:32.069800] {Default Queue}  -> wp_presentation#23.feedback(wl_surface#71, new id wp_presentation_feedback#95)
[00:04:32.069802]  -> wl_surface#71.commit()
[00:04:32.070280] {Default Queue}  -> wl_compositor#4.create_region(new id wl_region#124)
[00:04:32.070283] {Default Queue}  -> wl_region#124.add(76, 4, 6, 40)
[00:04:32.070285]  -> wl_surface#76.set_opaque_region(wl_region#124)
[00:04:32.070285] {Default Queue}  -> wl_region#124.destroy()
[00:04:32.070286]  -> wl_surface#76.attach(wl_buffer#113, 0, 0)
[00:04:32.070288]  -> wl_surface#76.damage_buffer(4, 4, 534, 40)
[00:04:32.070288]  -> wl_surface#76.damage_buffer(562, 4, 156, 40)
[00:04:32.070289]  -> wl_surface#76.damage_buffer(862, 4, 414, 40)
[00:04:32.070290]  -> wl_surface#76.frame(new id wl_callback#111)
[00:04:32.070291] {Default Queue}  -> wp_presentation#23.feedback(wl_surface#76, new id wp_presentation_feedback#125)
[00:04:32.070292]  -> wl_surface#76.commit()
[00:04:32.073022] {Default Queue}  -> wl_compositor#4.create_region(new id wl_region#94)
[00:04:32.073027] {Default Queue}  -> wl_region#94.add(365, 158, 550, 62)
[00:04:32.073028]  -> wl_surface#110.set_opaque_region(wl_region#94)
[00:04:32.073029] {Default Queue}  -> wl_region#94.destroy()
[00:04:32.073030]  -> wl_surface#110.attach(wl_buffer#123, 0, 0)
[00:04:32.073032]  -> wl_surface#110.damage_buffer(330, 36, 620, 600)
[00:04:32.073033]  -> wl_surface#110.frame(new id wl_callback#102)
[00:04:32.073034] {Default Queue}  -> wp_presentation#23.feedback(wl_surface#110, new id wp_presentation_feedback#118)
[00:04:32.073035]  -> wl_surface#110.commit()
[00:04:32.073268]  -> wl_surface#70.attach(wl_buffer#104, 0, 0)
[00:04:32.073270]  -> wl_surface#70.frame(new id wl_callback#99)
[00:04:32.073272] {Default Queue}  -> wp_presentation#23.feedback(wl_surface#70, new id wp_presentation_feedback#100)
[00:04:32.073273]  -> wl_surface#70.commit()
[00:04:32.073282] {Display Queue} wl_display#1.delete_id(109)
[00:04:32.073284] {Display Queue} wl_display#1.delete_id(115)
[00:04:32.073284] {Display Queue} wl_display#1.delete_id(114)
[00:04:32.073285] {Display Queue} wl_display#1.delete_id(127)
[00:04:32.073285] {Display Queue} wl_display#1.delete_id(124)
[00:04:32.073286] {Display Queue} wl_display#1.delete_id(94)
[00:04:32.073286] {Default Queue} wl_buffer#97.release()
[00:04:32.073287] {Default Queue} wl_buffer#113.release()
[00:04:32.073288] {Default Queue} wl_buffer#123.release()
info: event=launcher-results count=114 shown=114 publish_us=6891
[00:04:32.080122] {Default Queue} wl_buffer#104.release()
info: event=launcher-results count=114 shown=114 publish_us=4313
[00:04:32.085401] {Display Queue} wl_display#1.delete_id(126)
[00:04:32.085409] {Display Queue} wl_display#1.delete_id(99)
[00:04:32.085410] {Display Queue} wl_display#1.delete_id(102)
[00:04:32.085410] {Display Queue} wl_display#1.delete_id(95)
[00:04:32.085411] {Display Queue} wl_display#1.delete_id(100)
[00:04:32.085412] {Display Queue} wl_display#1.delete_id(118)
[00:04:32.085412] {Default Queue} wl_callback#126.done(40195200)
[00:04:32.085423] {Default Queue} wl_callback#99.done(40195200)
[00:04:32.085425] {Default Queue} wl_callback#102.done(40195200)
[00:04:32.085427] {Default Queue} wp_presentation_feedback#95.sync_output(wl_output#63)
[00:04:32.085428] {Default Queue} wp_presentation_feedback#95.sync_output(wl_output#31)
[00:04:32.085429] {Default Queue} wp_presentation_feedback#95.presented(0, 40195, 200264835, 0, 0, 0, 0)
[00:04:32.085432] {Default Queue} wp_presentation_feedback#100.sync_output(wl_output#63)
[00:04:32.085433] {Default Queue} wp_presentation_feedback#100.sync_output(wl_output#31)
[00:04:32.085434] {Default Queue} wp_presentation_feedback#100.presented(0, 40195, 200264835, 0, 0, 0, 0)
[00:04:32.085436] {Default Queue} wp_presentation_feedback#118.sync_output(wl_output#63)
[00:04:32.085436] {Default Queue} wp_presentation_feedback#118.sync_output(wl_output#31)
[00:04:32.085437] {Default Queue} wp_presentation_feedback#118.presented(0, 40195, 200264835, 0, 0, 0, 0)
[00:04:32.085726]  -> wl_surface#71.attach(wl_buffer#97, 0, 0)
[00:04:32.085730]  -> wl_surface#71.damage_buffer(1099, 18, 20, 11)
[00:04:32.085731]  -> wl_surface#71.damage_buffer(1099, 29, 19, 1)
[00:04:32.085733]  -> wl_surface#71.frame(new id wl_callback#118)
[00:04:32.085735] {Default Queue}  -> wp_presentation#23.feedback(wl_surface#71, new id wp_presentation_feedback#100)
[00:04:32.085737]  -> wl_surface#71.commit()
[00:04:32.085780]  -> wl_surface#70.attach(wl_buffer#104, 0, 0)
[00:04:32.085781]  -> wl_surface#70.frame(new id wl_callback#95)
[00:04:32.085782] {Default Queue}  -> wp_presentation#23.feedback(wl_surface#70, new id wp_presentation_feedback#102)
[00:04:32.085783]  -> wl_surface#70.commit()
[00:04:32.099128]  -> wl_surface#110.attach(wl_buffer#123, 0, 0)
[00:04:32.099138]  -> wl_surface#110.frame(new id wl_callback#99)
[00:04:32.099142] {Default Queue}  -> wp_presentation#23.feedback(wl_surface#110, new id wp_presentation_feedback#126)
[00:04:32.099144]  -> wl_surface#110.commit()
info: event=launcher-painted latency_us=18768
[00:04:32.099211] {Display Queue} wl_display#1.delete_id(111)
[00:04:32.099214] {Display Queue} wl_display#1.delete_id(125)
[00:04:32.099215] {Default Queue} wl_callback#111.done(40195200)
[00:04:32.099223] {Default Queue} wp_presentation_feedback#125.sync_output(wl_output#64)
[00:04:32.099225] {Default Queue} wp_presentation_feedback#125.sync_output(wl_output#34)
[00:04:32.099225] {Default Queue} wp_presentation_feedback#125.presented(0, 40195, 200526167, 0, 0, 0, 0)
[00:04:32.099755] {Default Queue} wl_buffer#97.release()
[00:04:32.099758] {Default Queue} wl_buffer#104.release()
[00:04:32.099759] {Default Queue} wl_buffer#123.release()
[00:04:32.099978]  -> wl_surface#76.attach(wl_buffer#113, 0, 0)
[00:04:32.099981]  -> wl_surface#76.damage_buffer(1099, 18, 20, 11)
[00:04:32.099982]  -> wl_surface#76.damage_buffer(1099, 29, 19, 1)
[00:04:32.099984]  -> wl_surface#76.frame(new id wl_callback#125)
[00:04:32.099985] {Default Queue}  -> wp_presentation#23.feedback(wl_surface#76, new id wp_presentation_feedback#111)
[00:04:32.099986]  -> wl_surface#76.commit()
[00:04:32.100081] {Default Queue} wl_buffer#113.release()
info: event=launcher-results count=114 shown=114 publish_us=5006
[00:04:32.105102] {Display Queue} wl_display#1.delete_id(118)
[00:04:32.105106] {Display Queue} wl_display#1.delete_id(95)
[00:04:32.105108] {Display Queue} wl_display#1.delete_id(99)
[00:04:32.105110] {Display Queue} wl_display#1.delete_id(100)
[00:04:32.105111] {Display Queue} wl_display#1.delete_id(125)
[00:04:32.105112] {Display Queue} wl_display#1.delete_id(111)
[00:04:32.105112] {Default Queue} wl_callback#118.done(40195216)
[00:04:32.105116] {Default Queue} wl_callback#95.done(40195216)
[00:04:32.105120] {Default Queue} wl_callback#99.done(40195216)
[00:04:32.105121] {Default Queue} wp_presentation_feedback#100.sync_output(wl_output#63)
[00:04:32.105123] {Default Queue} wp_presentation_feedback#100.sync_output(wl_output#31)
[00:04:32.105124] {Default Queue} wp_presentation_feedback#100.presented(0, 40195, 216418951, 0, 0, 0, 0)
[00:04:32.105126] {Default Queue} wl_callback#125.done(40195216)
[00:04:32.105127] {Default Queue} wp_presentation_feedback#111.sync_output(wl_output#64)
[00:04:32.105128] {Default Queue} wp_presentation_feedback#111.sync_output(wl_output#34)
[00:04:32.105129] {Default Queue} wp_presentation_feedback#111.presented(0, 40195, 216584183, 0, 0, 0, 0)
[00:04:32.105187] {Default Queue}  -> ext_background_effect_surface_v1#93.destroy()
[00:04:32.105449] {Default Queue}  -> zwlr_layer_surface_v1#98.destroy()
[00:04:32.105452]  -> wl_surface#110.attach(nil, 0, 0)
[00:04:32.105454]  -> wl_surface#110.commit()
[00:04:32.105478] {Default Queue}  -> wl_buffer#123.destroy()
[00:04:32.105479] {Default Queue}  -> wl_shm_pool#122.destroy()
[00:04:32.105785] {Default Queue}  -> wp_viewport#105.destroy()
[00:04:32.105786] {Default Queue}  -> wp_fractional_scale_v1#116.destroy()
[00:04:32.105787]  -> wl_surface#110.destroy()
[00:04:32.105797] {Default Queue}  -> xdg_toplevel_icon_v1#106.destroy()
info: event=popup-closed
[00:04:32.107395]  -> wl_surface#70.attach(wl_buffer#104, 0, 0)
[00:04:32.107398]  -> wl_surface#70.frame(new id wl_callback#111)
[00:04:32.107400] {Default Queue}  -> wp_presentation#23.feedback(wl_surface#70, new id wp_presentation_feedback#125)
[00:04:32.107402]  -> wl_surface#70.commit()
[00:04:32.107808] discarded [unknown]#126.[event 2](0 fd, 8 byte)
[00:04:32.107814] {Display Queue} wl_display#1.delete_id(93)
[00:04:32.107817] {Display Queue} wl_display#1.delete_id(98)
[00:04:32.107818] {Display Queue} wl_display#1.delete_id(126)
[00:04:32.107819] {Display Queue} wl_display#1.delete_id(123)
[00:04:32.107820] {Display Queue} wl_display#1.delete_id(122)
[00:04:32.107820] {Display Queue} wl_display#1.delete_id(105)
[00:04:32.107821] {Display Queue} wl_display#1.delete_id(116)
[00:04:32.107821] {Display Queue} wl_display#1.delete_id(110)
[00:04:32.107822] {Display Queue} wl_display#1.delete_id(106)
[00:04:32.107823] {Default Queue} zwlr_layer_surface_v1#75.configure(53, 1280, 48)
[00:04:32.107830] {Default Queue}  -> zwlr_layer_surface_v1#75.ack_configure(53)
[00:04:32.107832] {Default Queue} zwlr_layer_surface_v1#69.configure(54, 1280, 720)
[00:04:32.107834] {Default Queue}  -> zwlr_layer_surface_v1#69.ack_configure(54)
[00:04:32.107834] {Default Queue} zwlr_layer_surface_v1#80.configure(55, 88, 2)
[00:04:32.107837] {Default Queue}  -> zwlr_layer_surface_v1#80.ack_configure(55)
[00:04:32.107850]  -> wl_surface#71.commit()
[00:04:32.107866]  -> wl_surface#65.commit()
[00:04:32.108052] {Display Queue} wl_display#1.delete_id(102)
[00:04:32.108055] {Default Queue} wp_presentation_feedback#102.discarded()
[00:04:32.108056] {Default Queue} wl_buffer#104.release()
[00:04:32.109414] {Default Queue}  -> wl_compositor#4.create_surface(new id wl_surface#102)
[00:04:32.109420] {Default Queue}  -> wp_fractional_scale_manager_v1#11.get_fractional_scale(new id wp_fractional_scale_v1#106, wl_surface#102)
[00:04:32.109423] {Default Queue}  -> wp_viewporter#10.get_viewport(new id wp_viewport#110, wl_surface#102)
[00:04:32.109456] {Default Queue}  -> xdg_toplevel_icon_manager_v1#9.create_icon(new id xdg_toplevel_icon_v1#116)
[00:04:32.109474] {Default Queue}  -> zwlr_layer_shell_v1#49.get_layer_surface(new id zwlr_layer_surface_v1#105, wl_surface#102, wl_output#31, 3, "pearl:popup")
[00:04:32.109477] {Default Queue}  -> zwlr_layer_surface_v1#105.set_keyboard_interactivity(1)
[00:04:32.109478] {Default Queue}  -> zwlr_layer_surface_v1#105.set_exclusive_zone(0)
[00:04:32.109480] {Default Queue}  -> zwlr_layer_surface_v1#105.set_anchor(15)
[00:04:32.109481] {Default Queue}  -> zwlr_layer_surface_v1#105.set_margin(0, 0, 0, 0)
[00:04:32.109482] {Default Queue}  -> zwlr_layer_surface_v1#105.set_size(0, 0)
[00:04:32.109487]  -> wl_surface#102.commit()
[00:04:32.109605] {Default Queue}  -> ext_background_effect_manager_v1#48.get_background_effect(new id ext_background_effect_surface_v1#122, wl_surface#102)
[00:04:32.109609] {Default Queue}  -> wl_compositor#46.create_region(new id wl_region#123)
[00:04:32.109621] {Default Queue}  -> wl_region#123.add(-11, -20, 22, 1)
[00:04:32.109623] {Default Queue}  -> wl_region#123.add(-13, -19, 26, 1)
[00:04:32.109624] {Default Queue}  -> wl_region#123.add(-14, -18, 28, 1)
[00:04:32.109625] {Default Queue}  -> wl_region#123.add(-15, -17, 30, 1)
[00:04:32.109627] {Default Queue}  -> wl_region#123.add(-16, -16, 32, 1)
[00:04:32.109628] {Default Queue}  -> wl_region#123.add(-17, -15, 34, 1)
[00:04:32.109629] {Default Queue}  -> wl_region#123.add(-18, -14, 36, 2)
[00:04:32.109630] {Default Queue}  -> wl_region#123.add(-19, -12, 38, 5)
[00:04:32.109632] {Default Queue}  -> wl_region#123.add(-20, -7, 40, 14)
[00:04:32.109634] {Default Queue}  -> wl_region#123.add(-19, 7, 38, 5)
[00:04:32.109635] {Default Queue}  -> wl_region#123.add(-18, 12, 36, 2)
[00:04:32.109637] {Default Queue}  -> wl_region#123.add(-17, 14, 34, 1)
[00:04:32.109638] {Default Queue}  -> wl_region#123.add(-16, 15, 32, 1)
[00:04:32.109639] {Default Queue}  -> wl_region#123.add(-15, 16, 30, 1)
[00:04:32.109640] {Default Queue}  -> wl_region#123.add(-14, 17, 28, 1)
[00:04:32.109642] {Default Queue}  -> wl_region#123.add(-13, 18, 26, 1)
[00:04:32.109643] {Default Queue}  -> wl_region#123.add(-11, 19, 22, 1)
[00:04:32.109645] {Default Queue}  -> ext_background_effect_surface_v1#122.set_blur_region(wl_region#123)
[00:04:32.109646] {Default Queue}  -> wl_region#123.destroy()
[00:04:32.109748] {Default Queue}  -> zwp_text_input_v3#121.set_surrounding_text("", 0, 0)
[00:04:32.109751] {Default Queue}  -> zwp_text_input_v3#121.set_text_change_cause(1)
[00:04:32.109760] {Default Queue}  -> zwp_text_input_v3#121.set_content_type(0, 0)
[00:04:32.109773] {Default Queue}  -> zwp_text_input_v3#121.set_cursor_rectangle(0, 0, 0, 0)
[00:04:32.109776] {Default Queue}  -> zwp_text_input_v3#121.commit()
[00:04:32.109779] {Default Queue}  -> xdg_activation_v1#15.get_activation_token(new id xdg_activation_token_v1#126)
[00:04:32.109782]  -> xdg_activation_token_v1#126.set_serial(0, wl_seat#3)
[00:04:32.109784]  -> xdg_activation_token_v1#126.commit()
[00:04:32.109948] {Display Queue} wl_display#1.delete_id(123)
[00:04:32.109978] xdg_activation_token_v1#126.done("24380938d1553f9c87da8ab8213d7308")
[00:04:32.109982]  -> xdg_activation_token_v1#126.destroy()
[00:04:32.109983] {Default Queue}  -> xdg_activation_v1#15.activate("24380938d1553f9c87da8ab8213d7308", wl_surface#102)
info: event=popup-opened output=1
[00:04:32.110021] {Default Queue} zwlr_layer_surface_v1#75.configure(61, 1280, 48)
[00:04:32.110119] {Default Queue}  -> zwlr_layer_surface_v1#75.ack_configure(61)
[00:04:32.110121] {Default Queue} zwlr_layer_surface_v1#69.configure(62, 1280, 720)
[00:04:32.110124] {Default Queue}  -> zwlr_layer_surface_v1#69.ack_configure(62)
[00:04:32.110125] {Default Queue} zwlr_layer_surface_v1#80.configure(63, 88, 2)
[00:04:32.110130] {Default Queue}  -> zwlr_layer_surface_v1#80.ack_configure(63)
[00:04:32.110131] {Default Queue} zwlr_layer_surface_v1#105.configure(64, 1280, 672)
[00:04:32.110140] {Default Queue}  -> zwlr_layer_surface_v1#105.ack_configure(64)
[00:04:32.110454]  -> wl_surface#76.attach(wl_buffer#113, 0, 0)
[00:04:32.110458]  -> wl_surface#76.damage_buffer(4, 4, 555, 40)
[00:04:32.110460]  -> wl_surface#76.frame(new id wl_callback#123)
[00:04:32.110462] {Default Queue}  -> wp_presentation#23.feedback(wl_surface#76, new id wp_presentation_feedback#98)
[00:04:32.110465]  -> wl_surface#76.commit()
[00:04:32.110529] {Default Queue}  -> wl_compositor#46.create_region(new id wl_region#93)
[00:04:32.110546] {Default Queue}  -> wl_region#93.add(19, 4, 525, 1)
[00:04:32.110547] {Default Queue}  -> wl_region#93.add(577, 4, 126, 1)
[00:04:32.110549] {Default Queue}  -> wl_region#93.add(877, 4, 384, 1)
[00:04:32.110550] {Default Queue}  -> wl_region#93.add(17, 5, 529, 1)
[00:04:32.110552] {Default Queue}  -> wl_region#93.add(575, 5, 130, 1)
[00:04:32.110553] {Default Queue}  -> wl_region#93.add(875, 5, 388, 1)
[00:04:32.110554] {Default Queue}  -> wl_region#93.add(16, 6, 531, 1)
[00:04:32.110555] {Default Queue}  -> wl_region#93.add(574, 6, 132, 1)
[00:04:32.110556] {Default Queue}  -> wl_region#93.add(874, 6, 390, 1)
[00:04:32.110557] {Default Queue}  -> wl_region#93.add(15, 7, 533, 1)
[00:04:32.110557] {Default Queue}  -> wl_region#93.add(573, 7, 134, 1)
[00:04:32.110558] {Default Queue}  -> wl_region#93.add(873, 7, 392, 1)
[00:04:32.110559] {Default Queue}  -> wl_region#93.add(14, 8, 535, 1)
[00:04:32.110560] {Default Queue}  -> wl_region#93.add(572, 8, 136, 1)
[00:04:32.110560] {Default Queue}  -> wl_region#93.add(872, 8, 394, 1)
[00:04:32.110561] {Default Queue}  -> wl_region#93.add(13, 9, 537, 1)
[00:04:32.110562] {Default Queue}  -> wl_region#93.add(571, 9, 138, 1)
[00:04:32.110562] {Default Queue}  -> wl_region#93.add(871, 9, 396, 1)
[00:04:32.110563] {Default Queue}  -> wl_region#93.add(12, 10, 539, 2)
[00:04:32.110564] {Default Queue}  -> wl_region#93.add(570, 10, 140, 2)
[00:04:32.110564] {Default Queue}  -> wl_region#93.add(870, 10, 398, 2)
[00:04:32.110565] {Default Queue}  -> wl_region#93.add(11, 12, 541, 5)
[00:04:32.110566] {Default Queue}  -> wl_region#93.add(569, 12, 142, 5)
[00:04:32.110567] {Default Queue}  -> wl_region#93.add(869, 12, 400, 5)
[00:04:32.110568] {Default Queue}  -> wl_region#93.add(10, 17, 543, 14)
[00:04:32.110569] {Default Queue}  -> wl_region#93.add(568, 17, 144, 14)
[00:04:32.110571] {Default Queue}  -> wl_region#93.add(868, 17, 402, 14)
[00:04:32.110571] {Default Queue}  -> wl_region#93.add(11, 31, 541, 5)
[00:04:32.110572] {Default Queue}  -> wl_region#93.add(569, 31, 142, 5)
[00:04:32.110573] {Default Queue}  -> wl_region#93.add(869, 31, 400, 5)
[00:04:32.110573] {Default Queue}  -> wl_region#93.add(12, 36, 539, 2)
[00:04:32.110574] {Default Queue}  -> wl_region#93.add(570, 36, 140, 2)
[00:04:32.110575] {Default Queue}  -> wl_region#93.add(870, 36, 398, 2)
[00:04:32.110576] {Default Queue}  -> wl_region#93.add(13, 38, 537, 1)
[00:04:32.110576] {Default Queue}  -> wl_region#93.add(571, 38, 138, 1)
[00:04:32.110577] {Default Queue}  -> wl_region#93.add(871, 38, 396, 1)
[00:04:32.110577] {Default Queue}  -> wl_region#93.add(14, 39, 535, 1)
[00:04:32.110578] {Default Queue}  -> wl_region#93.add(572, 39, 136, 1)
[00:04:32.110579] {Default Queue}  -> wl_region#93.add(872, 39, 394, 1)
[00:04:32.110579] {Default Queue}  -> wl_region#93.add(15, 40, 533, 1)
[00:04:32.110580] {Default Queue}  -> wl_region#93.add(573, 40, 134, 1)
[00:04:32.110581] {Default Queue}  -> wl_region#93.add(873, 40, 392, 1)
[00:04:32.110581] {Default Queue}  -> wl_region#93.add(16, 41, 531, 1)
[00:04:32.110582] {Default Queue}  -> wl_region#93.add(574, 41, 132, 1)
[00:04:32.110582] {Default Queue}  -> wl_region#93.add(874, 41, 390, 1)
[00:04:32.110583] {Default Queue}  -> wl_region#93.add(17, 42, 529, 1)
[00:04:32.110584] {Default Queue}  -> wl_region#93.add(575, 42, 130, 1)
[00:04:32.110584] {Default Queue}  -> wl_region#93.add(875, 42, 388, 1)
[00:04:32.110585] {Default Queue}  -> wl_region#93.add(19, 43, 525, 1)
[00:04:32.110586] {Default Queue}  -> wl_region#93.add(577, 43, 126, 1)
[00:04:32.110586] {Default Queue}  -> wl_region#93.add(877, 43, 384, 1)
[00:04:32.110588] {Default Queue}  -> ext_background_effect_surface_v1#117.set_blur_region(wl_region#93)
[00:04:32.110589] {Default Queue}  -> wl_region#93.destroy()
[00:04:32.111464] {Default Queue}  -> wl_shm#5.create_pool(new id wl_shm_pool#100, fd 18, 3440640)
[00:04:32.111473] {Default Queue}  -> wl_shm_pool#100.create_buffer(new id wl_buffer#99, 0, 1280, 672, 5120, 0)
[00:04:32.112910] {Default Queue}  -> wl_compositor#4.create_region(new id wl_region#95)
[00:04:32.112914] {Default Queue}  -> wl_region#95.add(377, 90, 526, 54)
[00:04:32.112917]  -> wl_surface#102.set_opaque_region(wl_region#95)
[00:04:32.112918] {Default Queue}  -> wl_region#95.destroy()
[00:04:32.112920] {Default Queue}  -> wp_viewport#110.set_destination(1280, 672)
[00:04:32.112923]  -> wl_surface#102.attach(wl_buffer#99, 0, 0)
[00:04:32.112924]  -> wl_surface#102.damage_buffer(0, 0, 1280, 672)
[00:04:32.112926]  -> wl_surface#102.frame(new id wl_callback#118)
[00:04:32.112929] {Default Queue}  -> wp_presentation#23.feedback(wl_surface#102, new id wp_presentation_feedback#94)
[00:04:32.112932]  -> wl_surface#102.commit()
[00:04:32.112943] {Default Queue}  -> wl_compositor#46.create_region(new id wl_region#124)
[00:04:32.112998] {Default Queue}  -> wl_region#124.add(339, 36, 602, 1)
[00:04:32.113000] {Default Queue}  -> wl_region#124.add(337, 37, 606, 1)
[00:04:32.113001] {Default Queue}  -> wl_region#124.add(336, 38, 608, 1)
[00:04:32.113002] {Default Queue}  -> wl_region#124.add(335, 39, 610, 1)
[00:04:32.113003] {Default Queue}  -> wl_region#124.add(334, 40, 612, 1)
[00:04:32.113006] {Default Queue}  -> wl_region#124.add(333, 41, 614, 1)
[00:04:32.113007] {Default Queue}  -> wl_region#124.add(332, 42, 616, 2)
[00:04:32.113009] {Default Queue}  -> wl_region#124.add(331, 44, 618, 5)
[00:04:32.113010] {Default Queue}  -> wl_region#124.add(330, 49, 620, 574)
[00:04:32.113011] {Default Queue}  -> wl_region#124.add(331, 623, 618, 5)
[00:04:32.113012] {Default Queue}  -> wl_region#124.add(332, 628, 616, 2)
[00:04:32.113013] {Default Queue}  -> wl_region#124.add(333, 630, 614, 1)
[00:04:32.113014] {Default Queue}  -> wl_region#124.add(334, 631, 612, 1)
[00:04:32.113015] {Default Queue}  -> wl_region#124.add(335, 632, 610, 1)
[00:04:32.113016] {Default Queue}  -> wl_region#124.add(336, 633, 608, 1)
[00:04:32.113017] {Default Queue}  -> wl_region#124.add(337, 634, 606, 1)
[00:04:32.113018] {Default Queue}  -> wl_region#124.add(339, 635, 602, 1)
[00:04:32.113020] {Default Queue}  -> ext_background_effect_surface_v1#122.set_blur_region(wl_region#124)
[00:04:32.113021] {Default Queue}  -> wl_region#124.destroy()
[00:04:32.113059] {Display Queue} wl_display#1.delete_id(126)
[00:04:32.113061] {Display Queue} wl_display#1.delete_id(93)
[00:04:32.113062] {Default Queue} wl_buffer#113.release()
info: event=launcher-results count=114 shown=114 publish_us=7637
[00:04:32.117842] {Display Queue} wl_display#1.delete_id(95)
[00:04:32.117849] {Display Queue} wl_display#1.delete_id(124)
[00:04:32.117850] {Default Queue} zwlr_layer_surface_v1#75.configure(65, 1280, 48)
[00:04:32.117860] {Default Queue}  -> zwlr_layer_surface_v1#75.ack_configure(65)
[00:04:32.117862] {Default Queue} zwlr_layer_surface_v1#69.configure(66, 1280, 720)
[00:04:32.117866] {Default Queue}  -> zwlr_layer_surface_v1#69.ack_configure(66)
[00:04:32.117868] {Default Queue} zwlr_layer_surface_v1#80.configure(67, 88, 2)
[00:04:32.117871] {Default Queue}  -> zwlr_layer_surface_v1#80.ack_configure(67)
[00:04:32.117872] {Default Queue} zwlr_layer_surface_v1#105.configure(68, 1280, 672)
[00:04:32.117875] {Default Queue}  -> zwlr_layer_surface_v1#105.ack_configure(68)
[00:04:32.117876] {Default Queue} wp_fractional_scale_v1#106.preferred_scale(120)
[00:04:32.117878] {Default Queue} wl_buffer#99.release()
[00:04:32.117880] {Default Queue} wl_data_device#38.selection(nil)
[00:04:32.117888] {Default Queue} zwp_primary_selection_device_v1#37.selection(nil)
[00:04:32.117896] wl_surface#102.enter(wl_output#63)
[00:04:32.118010] wl_surface#102.enter(wl_output#31)
[00:04:32.118024] wl_surface#102.preferred_buffer_scale(1)
[00:04:32.118775] {Display Queue} wl_display#1.delete_id(111)
[00:04:32.118782] {Display Queue} wl_display#1.delete_id(118)
[00:04:32.118782] {Display Queue} wl_display#1.delete_id(125)
[00:04:32.118783] {Display Queue} wl_display#1.delete_id(94)
[00:04:32.118784] {Default Queue} wl_callback#111.done(40195233)
[00:04:32.118789] {Default Queue} wl_callback#118.done(40195233)
[00:04:32.118791] {Default Queue} wp_presentation_feedback#125.sync_output(wl_output#63)
[00:04:32.118792] {Default Queue} wp_presentation_feedback#125.sync_output(wl_output#31)
[00:04:32.118794] {Default Queue} wp_presentation_feedback#125.presented(0, 40195, 233487056, 0, 0, 0, 0)
[00:04:32.118797] {Default Queue} wp_presentation_feedback#94.sync_output(wl_output#63)
[00:04:32.118798] {Default Queue} wp_presentation_feedback#94.sync_output(wl_output#31)
[00:04:32.118799] {Default Queue} wp_presentation_feedback#94.presented(0, 40195, 233487056, 0, 0, 0, 0)
[00:04:32.118801] wl_surface#102.preferred_buffer_transform(0)
[00:04:32.118881]  -> wl_surface#70.attach(wl_buffer#104, 0, 0)
[00:04:32.118884]  -> wl_surface#70.frame(new id wl_callback#94)
[00:04:32.118886] {Default Queue}  -> wp_presentation#23.feedback(wl_surface#70, new id wp_presentation_feedback#125)
[00:04:32.118889]  -> wl_surface#70.commit()
[00:04:32.131009] {Default Queue}  -> wl_compositor#4.create_region(new id wl_region#118)
[00:04:32.131019] {Default Queue}  -> wl_region#118.add(365, 158, 550, 62)
[00:04:32.131022]  -> wl_surface#102.set_opaque_region(wl_region#118)
[00:04:32.131023] {Default Queue}  -> wl_region#118.destroy()
[00:04:32.131025]  -> wl_surface#102.attach(wl_buffer#99, 0, 0)
[00:04:32.131027]  -> wl_surface#102.damage_buffer(346, 86, 588, 62)
[00:04:32.131028]  -> wl_surface#102.damage_buffer(353, 158, 574, 426)
[00:04:32.131028]  -> wl_surface#102.damage_buffer(351, 600, 285, 15)
[00:04:32.131029]  -> wl_surface#102.frame(new id wl_callback#111)
[00:04:32.131031] {Default Queue}  -> wp_presentation#23.feedback(wl_surface#102, new id wp_presentation_feedback#124)
[00:04:32.131033]  -> wl_surface#102.commit()
info: event=launcher-painted latency_us=20901
[00:04:32.131096] {Display Queue} wl_display#1.delete_id(123)
[00:04:32.131098] {Display Queue} wl_display#1.delete_id(98)
[00:04:32.131099] {Default Queue} wl_callback#123.done(40195233)
[00:04:32.131105] {Default Queue} wp_presentation_feedback#98.sync_output(wl_output#64)
[00:04:32.131106] {Default Queue} wp_presentation_feedback#98.sync_output(wl_output#34)
[00:04:32.131107] {Default Queue} wp_presentation_feedback#98.presented(0, 40195, 233688808, 0, 0, 0, 0)
info: event=launcher-results count=114 shown=114 publish_us=17172
[00:04:32.136037] {Display Queue} wl_display#1.delete_id(118)
[00:04:32.136041] {Display Queue} wl_display#1.delete_id(94)
[00:04:32.136042] {Display Queue} wl_display#1.delete_id(111)
[00:04:32.136043] {Display Queue} wl_display#1.delete_id(125)
[00:04:32.136043] {Display Queue} wl_display#1.delete_id(124)
[00:04:32.136044] {Default Queue} wl_buffer#104.release()
[00:04:32.136045] {Default Queue} wl_buffer#99.release()
[00:04:32.136046] {Default Queue} wl_callback#94.done(40195249)
[00:04:32.136048] {Default Queue} wl_callback#111.done(40195249)
[00:04:32.136050] {Default Queue} wp_presentation_feedback#125.sync_output(wl_output#63)
[00:04:32.136051] {Default Queue} wp_presentation_feedback#125.sync_output(wl_output#31)
[00:04:32.136051] {Default Queue} wp_presentation_feedback#125.presented(0, 40195, 249715883, 0, 0, 0, 0)
[00:04:32.136053] {Default Queue} wp_presentation_feedback#124.sync_output(wl_output#63)
[00:04:32.136054] {Default Queue} wp_presentation_feedback#124.sync_output(wl_output#31)
[00:04:32.136055] {Default Queue} wp_presentation_feedback#124.presented(0, 40195, 249715883, 0, 0, 0, 0)
[00:04:32.136165]  -> wl_surface#71.attach(wl_buffer#97, 0, 0)
[00:04:32.136169]  -> wl_surface#71.frame(new id wl_callback#124)
[00:04:32.136171] {Default Queue}  -> wp_presentation#23.feedback(wl_surface#71, new id wp_presentation_feedback#125)
[00:04:32.136173]  -> wl_surface#71.commit()
[00:04:32.136187]  -> wl_surface#65.commit()
[00:04:32.136346] {Default Queue}  -> wl_compositor#4.create_region(new id wl_region#111)
[00:04:32.136348] {Default Queue}  -> wl_region#111.add(19, 4, 525, 1)
[00:04:32.136349] {Default Queue}  -> wl_region#111.add(577, 4, 126, 1)
[00:04:32.136350] {Default Queue}  -> wl_region#111.add(877, 4, 384, 1)
[00:04:32.136351] {Default Queue}  -> wl_region#111.add(17, 5, 529, 1)
[00:04:32.136351] {Default Queue}  -> wl_region#111.add(575, 5, 130, 1)
[00:04:32.136352] {Default Queue}  -> wl_region#111.add(875, 5, 388, 1)
[00:04:32.136353] {Default Queue}  -> wl_region#111.add(16, 6, 531, 1)
[00:04:32.136354] {Default Queue}  -> wl_region#111.add(574, 6, 132, 1)
[00:04:32.136355] {Default Queue}  -> wl_region#111.add(874, 6, 390, 1)
[00:04:32.136356] {Default Queue}  -> wl_region#111.add(15, 7, 533, 1)
[00:04:32.136356] {Default Queue}  -> wl_region#111.add(573, 7, 134, 1)
[00:04:32.136357] {Default Queue}  -> wl_region#111.add(873, 7, 392, 1)
[00:04:32.136358] {Default Queue}  -> wl_region#111.add(14, 8, 535, 1)
[00:04:32.136359] {Default Queue}  -> wl_region#111.add(572, 8, 136, 1)
[00:04:32.136360] {Default Queue}  -> wl_region#111.add(872, 8, 394, 1)
[00:04:32.136361] {Default Queue}  -> wl_region#111.add(13, 9, 537, 1)
[00:04:32.136361] {Default Queue}  -> wl_region#111.add(571, 9, 138, 1)
[00:04:32.136362] {Default Queue}  -> wl_region#111.add(871, 9, 396, 1)
[00:04:32.136363] {Default Queue}  -> wl_region#111.add(12, 10, 539, 2)
[00:04:32.136363] {Default Queue}  -> wl_region#111.add(570, 10, 140, 2)
[00:04:32.136364] {Default Queue}  -> wl_region#111.add(870, 10, 398, 2)
[00:04:32.136365] {Default Queue}  -> wl_region#111.add(11, 12, 541, 5)
[00:04:32.136365] {Default Queue}  -> wl_region#111.add(569, 12, 142, 5)
[00:04:32.136367] {Default Queue}  -> wl_region#111.add(869, 12, 400, 5)
[00:04:32.136367] {Default Queue}  -> wl_region#111.add(10, 17, 543, 14)
[00:04:32.136368] {Default Queue}  -> wl_region#111.add(568, 17, 144, 14)
[00:04:32.136369] {Default Queue}  -> wl_region#111.add(868, 17, 402, 14)
[00:04:32.136369] {Default Queue}  -> wl_region#111.add(11, 31, 541, 5)
[00:04:32.136370] {Default Queue}  -> wl_region#111.add(569, 31, 142, 5)
[00:04:32.136370] {Default Queue}  -> wl_region#111.add(869, 31, 400, 5)
[00:04:32.136371] {Default Queue}  -> wl_region#111.add(12, 36, 539, 2)
[00:04:32.136372] {Default Queue}  -> wl_region#111.add(570, 36, 140, 2)
[00:04:32.136372] {Default Queue}  -> wl_region#111.add(870, 36, 398, 2)
[00:04:32.136373] {Default Queue}  -> wl_region#111.add(13, 38, 537, 1)
[00:04:32.136374] {Default Queue}  -> wl_region#111.add(571, 38, 138, 1)
[00:04:32.136374] {Default Queue}  -> wl_region#111.add(871, 38, 396, 1)
[00:04:32.136375] {Default Queue}  -> wl_region#111.add(14, 39, 535, 1)
[00:04:32.136376] {Default Queue}  -> wl_region#111.add(572, 39, 136, 1)
[00:04:32.136376] {Default Queue}  -> wl_region#111.add(872, 39, 394, 1)
[00:04:32.136377] {Default Queue}  -> wl_region#111.add(15, 40, 533, 1)
[00:04:32.136377] {Default Queue}  -> wl_region#111.add(573, 40, 134, 1)
[00:04:32.136378] {Default Queue}  -> wl_region#111.add(873, 40, 392, 1)
[00:04:32.136379] {Default Queue}  -> wl_region#111.add(16, 41, 531, 1)
[00:04:32.136379] {Default Queue}  -> wl_region#111.add(574, 41, 132, 1)
[00:04:32.136380] {Default Queue}  -> wl_region#111.add(874, 41, 390, 1)
[00:04:32.136381] {Default Queue}  -> wl_region#111.add(17, 42, 529, 1)
[00:04:32.136381] {Default Queue}  -> wl_region#111.add(575, 42, 130, 1)
[00:04:32.136382] {Default Queue}  -> wl_region#111.add(875, 42, 388, 1)
[00:04:32.136383] {Default Queue}  -> wl_region#111.add(19, 43, 525, 1)
[00:04:32.136383] {Default Queue}  -> wl_region#111.add(577, 43, 126, 1)
[00:04:32.136384] {Default Queue}  -> wl_region#111.add(877, 43, 384, 1)
[00:04:32.136385]  -> wl_surface#76.set_input_region(wl_region#111)
[00:04:32.136386] {Default Queue}  -> wl_region#111.destroy()
[00:04:32.136387]  -> wl_surface#76.attach(wl_buffer#113, 0, 0)
[00:04:32.136388]  -> wl_surface#76.damage_buffer(4, 4, 555, 40)
[00:04:32.136389]  -> wl_surface#76.frame(new id wl_callback#94)
[00:04:32.136390] {Default Queue}  -> wp_presentation#23.feedback(wl_surface#76, new id wp_presentation_feedback#118)
[00:04:32.136391]  -> wl_surface#76.commit()
[00:04:32.136419] {Default Queue}  -> wl_compositor#46.create_region(new id wl_region#98)
[00:04:32.136433] {Default Queue}  -> wl_region#98.add(19, 4, 504, 1)
[00:04:32.136434] {Default Queue}  -> wl_region#98.add(577, 4, 126, 1)
[00:04:32.136434] {Default Queue}  -> wl_region#98.add(877, 4, 384, 1)
[00:04:32.136435] {Default Queue}  -> wl_region#98.add(17, 5, 508, 1)
[00:04:32.136436] {Default Queue}  -> wl_region#98.add(575, 5, 130, 1)
[00:04:32.136436] {Default Queue}  -> wl_region#98.add(875, 5, 388, 1)
[00:04:32.136437] {Default Queue}  -> wl_region#98.add(16, 6, 510, 1)
[00:04:32.136438] {Default Queue}  -> wl_region#98.add(574, 6, 132, 1)
[00:04:32.136438] {Default Queue}  -> wl_region#98.add(874, 6, 390, 1)
[00:04:32.136439] {Default Queue}  -> wl_region#98.add(15, 7, 512, 1)
[00:04:32.136440] {Default Queue}  -> wl_region#98.add(573, 7, 134, 1)
[00:04:32.136440] {Default Queue}  -> wl_region#98.add(873, 7, 392, 1)
[00:04:32.136441] {Default Queue}  -> wl_region#98.add(14, 8, 514, 1)
[00:04:32.136441] {Default Queue}  -> wl_region#98.add(572, 8, 136, 1)
[00:04:32.136442] {Default Queue}  -> wl_region#98.add(872, 8, 394, 1)
[00:04:32.136443] {Default Queue}  -> wl_region#98.add(13, 9, 516, 1)
[00:04:32.136443] {Default Queue}  -> wl_region#98.add(571, 9, 138, 1)
[00:04:32.136444] {Default Queue}  -> wl_region#98.add(871, 9, 396, 1)
[00:04:32.136445] {Default Queue}  -> wl_region#98.add(12, 10, 518, 2)
[00:04:32.136445] {Default Queue}  -> wl_region#98.add(570, 10, 140, 2)
[00:04:32.136446] {Default Queue}  -> wl_region#98.add(870, 10, 398, 2)
[00:04:32.136446] {Default Queue}  -> wl_region#98.add(11, 12, 520, 5)
[00:04:32.136447] {Default Queue}  -> wl_region#98.add(569, 12, 142, 5)
[00:04:32.136448] {Default Queue}  -> wl_region#98.add(869, 12, 400, 5)
[00:04:32.136448] {Default Queue}  -> wl_region#98.add(10, 17, 522, 14)
[00:04:32.136449] {Default Queue}  -> wl_region#98.add(568, 17, 144, 14)
[00:04:32.136449] {Default Queue}  -> wl_region#98.add(868, 17, 402, 14)
[00:04:32.136450] {Default Queue}  -> wl_region#98.add(11, 31, 520, 5)
[00:04:32.136451] {Default Queue}  -> wl_region#98.add(569, 31, 142, 5)
[00:04:32.136451] {Default Queue}  -> wl_region#98.add(869, 31, 400, 5)
[00:04:32.136452] {Default Queue}  -> wl_region#98.add(12, 36, 518, 2)
[00:04:32.136453] {Default Queue}  -> wl_region#98.add(570, 36, 140, 2)
[00:04:32.136453] {Default Queue}  -> wl_region#98.add(870, 36, 398, 2)
[00:04:32.136454] {Default Queue}  -> wl_region#98.add(13, 38, 516, 1)
[00:04:32.136454] {Default Queue}  -> wl_region#98.add(571, 38, 138, 1)
[00:04:32.136455] {Default Queue}  -> wl_region#98.add(871, 38, 396, 1)
[00:04:32.136456] {Default Queue}  -> wl_region#98.add(14, 39, 514, 1)
[00:04:32.136456] {Default Queue}  -> wl_region#98.add(572, 39, 136, 1)
[00:04:32.136457] {Default Queue}  -> wl_region#98.add(872, 39, 394, 1)
[00:04:32.136458] {Default Queue}  -> wl_region#98.add(15, 40, 512, 1)
[00:04:32.136458] {Default Queue}  -> wl_region#98.add(573, 40, 134, 1)
[00:04:32.136459] {Default Queue}  -> wl_region#98.add(873, 40, 392, 1)
[00:04:32.136460] {Default Queue}  -> wl_region#98.add(16, 41, 510, 1)
[00:04:32.136460] {Default Queue}  -> wl_region#98.add(574, 41, 132, 1)
[00:04:32.136461] {Default Queue}  -> wl_region#98.add(874, 41, 390, 1)
[00:04:32.136462] {Default Queue}  -> wl_region#98.add(17, 42, 508, 1)
[00:04:32.136463] {Default Queue}  -> wl_region#98.add(575, 42, 130, 1)
[00:04:32.136463] {Default Queue}  -> wl_region#98.add(875, 42, 388, 1)
[00:04:32.136464] {Default Queue}  -> wl_region#98.add(19, 43, 504, 1)
[00:04:32.136465] {Default Queue}  -> wl_region#98.add(577, 43, 126, 1)
[00:04:32.136466] {Default Queue}  -> wl_region#98.add(877, 43, 384, 1)
[00:04:32.136467] {Default Queue}  -> ext_background_effect_surface_v1#117.set_blur_region(wl_region#98)
[00:04:32.136468] {Default Queue}  -> wl_region#98.destroy()
[00:04:32.149094]  -> wl_surface#102.attach(wl_buffer#99, 0, 0)
[00:04:32.149107]  -> wl_surface#102.damage_buffer(346, 86, 588, 62)
[00:04:32.149121]  -> wl_surface#102.frame(new id wl_callback#123)
[00:04:32.149124] {Default Queue}  -> wp_presentation#23.feedback(wl_surface#102, new id wp_presentation_feedback#95)
[00:04:32.149127]  -> wl_surface#102.commit()
info: event=launcher-painted latency_us=30415
[00:04:32.149229] {Display Queue} wl_display#1.delete_id(111)
[00:04:32.149232] {Display Queue} wl_display#1.delete_id(98)
[00:04:32.149233] {Default Queue} wl_buffer#97.release()
[00:04:32.149234] {Default Queue} wl_buffer#113.release()
[00:04:32.149357] {Default Queue} wl_buffer#99.release()
[00:04:32.151223] {Display Queue} wl_display#1.delete_id(124)
[00:04:32.151230] {Display Queue} wl_display#1.delete_id(123)
[00:04:32.151231] {Display Queue} wl_display#1.delete_id(125)
[00:04:32.151232] {Display Queue} wl_display#1.delete_id(95)
[00:04:32.151233] {Default Queue} wl_callback#124.done(40195266)
[00:04:32.151239] {Default Queue} wl_callback#123.done(40195266)
[00:04:32.151243] {Default Queue} wp_presentation_feedback#125.sync_output(wl_output#63)
[00:04:32.151244] {Default Queue} wp_presentation_feedback#125.sync_output(wl_output#31)
[00:04:32.151245] {Default Queue} wp_presentation_feedback#125.presented(0, 40195, 266089041, 0, 0, 0, 0)
[00:04:32.151248] {Default Queue} wp_presentation_feedback#95.sync_output(wl_output#63)
[00:04:32.151249] {Default Queue} wp_presentation_feedback#95.sync_output(wl_output#31)
[00:04:32.151249] {Default Queue} wp_presentation_feedback#95.presented(0, 40195, 266089041, 0, 0, 0, 0)
[00:04:32.152009]  -> wl_surface#102.attach(wl_buffer#99, 0, 0)
[00:04:32.152014]  -> wl_surface#102.damage_buffer(346, 86, 588, 62)
[00:04:32.152017]  -> wl_surface#102.frame(new id wl_callback#95)
[00:04:32.152019] {Default Queue}  -> wp_presentation#23.feedback(wl_surface#102, new id wp_presentation_feedback#125)
[00:04:32.152021]  -> wl_surface#102.commit()
[00:04:32.152043] {Display Queue} wl_display#1.delete_id(94)
[00:04:32.152046] {Display Queue} wl_display#1.delete_id(118)
[00:04:32.152046] {Default Queue} wl_callback#94.done(40195266)
[00:04:32.152051] {Default Queue} wp_presentation_feedback#118.sync_output(wl_output#64)
[00:04:32.152052] {Default Queue} wp_presentation_feedback#118.sync_output(wl_output#34)
[00:04:32.152053] {Default Queue} wp_presentation_feedback#118.presented(0, 40195, 266238992, 0, 0, 0, 0)
[00:04:32.152139] {Default Queue}  -> wl_compositor#4.create_region(new id wl_region#118)
[00:04:32.152144] {Default Queue}  -> wl_region#118.add(19, 4, 504, 1)
[00:04:32.152146] {Default Queue}  -> wl_region#118.add(577, 4, 126, 1)
[00:04:32.152147] {Default Queue}  -> wl_region#118.add(877, 4, 384, 1)
[00:04:32.152147] {Default Queue}  -> wl_region#118.add(17, 5, 508, 1)
[00:04:32.152148] {Default Queue}  -> wl_region#118.add(575, 5, 130, 1)
[00:04:32.152149] {Default Queue}  -> wl_region#118.add(875, 5, 388, 1)
[00:04:32.152150] {Default Queue}  -> wl_region#118.add(16, 6, 510, 1)
[00:04:32.152150] {Default Queue}  -> wl_region#118.add(574, 6, 132, 1)
[00:04:32.152151] {Default Queue}  -> wl_region#118.add(874, 6, 390, 1)
[00:04:32.152152] {Default Queue}  -> wl_region#118.add(15, 7, 512, 1)
[00:04:32.152152] {Default Queue}  -> wl_region#118.add(573, 7, 134, 1)
[00:04:32.152153] {Default Queue}  -> wl_region#118.add(873, 7, 392, 1)
[00:04:32.152153] {Default Queue}  -> wl_region#118.add(14, 8, 514, 1)
[00:04:32.152154] {Default Queue}  -> wl_region#118.add(572, 8, 136, 1)
[00:04:32.152155] {Default Queue}  -> wl_region#118.add(872, 8, 394, 1)
[00:04:32.152155] {Default Queue}  -> wl_region#118.add(13, 9, 516, 1)
[00:04:32.152156] {Default Queue}  -> wl_region#118.add(571, 9, 138, 1)
[00:04:32.152157] {Default Queue}  -> wl_region#118.add(871, 9, 396, 1)
[00:04:32.152157] {Default Queue}  -> wl_region#118.add(12, 10, 518, 2)
[00:04:32.152158] {Default Queue}  -> wl_region#118.add(570, 10, 140, 2)
[00:04:32.152158] {Default Queue}  -> wl_region#118.add(870, 10, 398, 2)
[00:04:32.152159] {Default Queue}  -> wl_region#118.add(11, 12, 520, 5)
[00:04:32.152160] {Default Queue}  -> wl_region#118.add(569, 12, 142, 5)
[00:04:32.152160] {Default Queue}  -> wl_region#118.add(869, 12, 400, 5)
[00:04:32.152161] {Default Queue}  -> wl_region#118.add(10, 17, 522, 14)
[00:04:32.152161] {Default Queue}  -> wl_region#118.add(568, 17, 144, 14)
[00:04:32.152162] {Default Queue}  -> wl_region#118.add(868, 17, 402, 14)
[00:04:32.152163] {Default Queue}  -> wl_region#118.add(11, 31, 520, 5)
[00:04:32.152163] {Default Queue}  -> wl_region#118.add(569, 31, 142, 5)
[00:04:32.152164] {Default Queue}  -> wl_region#118.add(869, 31, 400, 5)
[00:04:32.152165] {Default Queue}  -> wl_region#118.add(12, 36, 518, 2)
[00:04:32.152165] {Default Queue}  -> wl_region#118.add(570, 36, 140, 2)
[00:04:32.152166] {Default Queue}  -> wl_region#118.add(870, 36, 398, 2)
[00:04:32.152166] {Default Queue}  -> wl_region#118.add(13, 38, 516, 1)
[00:04:32.152167] {Default Queue}  -> wl_region#118.add(571, 38, 138, 1)
[00:04:32.152168] {Default Queue}  -> wl_region#118.add(871, 38, 396, 1)
[00:04:32.152168] {Default Queue}  -> wl_region#118.add(14, 39, 514, 1)
[00:04:32.152169] {Default Queue}  -> wl_region#118.add(572, 39, 136, 1)
[00:04:32.152169] {Default Queue}  -> wl_region#118.add(872, 39, 394, 1)
[00:04:32.152170] {Default Queue}  -> wl_region#118.add(15, 40, 512, 1)
[00:04:32.152171] {Default Queue}  -> wl_region#118.add(573, 40, 134, 1)
[00:04:32.152171] {Default Queue}  -> wl_region#118.add(873, 40, 392, 1)
[00:04:32.152172] {Default Queue}  -> wl_region#118.add(16, 41, 510, 1)
[00:04:32.152172] {Default Queue}  -> wl_region#118.add(574, 41, 132, 1)
[00:04:32.152173] {Default Queue}  -> wl_region#118.add(874, 41, 390, 1)
[00:04:32.152174] {Default Queue}  -> wl_region#118.add(17, 42, 508, 1)
[00:04:32.152174] {Default Queue}  -> wl_region#118.add(575, 42, 130, 1)
[00:04:32.152175] {Default Queue}  -> wl_region#118.add(875, 42, 388, 1)
[00:04:32.152176] {Default Queue}  -> wl_region#118.add(19, 43, 504, 1)
[00:04:32.152176] {Default Queue}  -> wl_region#118.add(577, 43, 126, 1)
[00:04:32.152177] {Default Queue}  -> wl_region#118.add(877, 43, 384, 1)
[00:04:32.152178]  -> wl_surface#76.set_input_region(wl_region#118)
[00:04:32.152179] {Default Queue}  -> wl_region#118.destroy()
[00:04:32.152180]  -> wl_surface#76.attach(wl_buffer#113, 0, 0)
[00:04:32.152182]  -> wl_surface#76.frame(new id wl_callback#94)
[00:04:32.152183] {Default Queue}  -> wp_presentation#23.feedback(wl_surface#76, new id wp_presentation_feedback#123)
[00:04:32.152185]  -> wl_surface#76.commit()
[00:04:32.152211] {Default Queue} wl_buffer#99.release()
[00:04:32.152260] {Display Queue} wl_display#1.delete_id(118)
[00:04:32.152263] {Default Queue} wl_buffer#113.release()
[00:04:32.167490] {Display Queue} wl_display#1.delete_id(95)
[00:04:32.167498] {Display Queue} wl_display#1.delete_id(125)
[00:04:32.167499] {Default Queue} wl_callback#95.done(40195282)
[00:04:32.167509] {Default Queue} wp_presentation_feedback#125.sync_output(wl_output#63)
[00:04:32.167511] {Default Queue} wp_presentation_feedback#125.sync_output(wl_output#31)
[00:04:32.167511] {Default Queue} wp_presentation_feedback#125.presented(0, 40195, 282356818, 0, 0, 0, 0)
[00:04:32.168131]  -> wl_surface#102.attach(wl_buffer#99, 0, 0)
[00:04:32.168135]  -> wl_surface#102.damage_buffer(346, 86, 588, 62)
[00:04:32.168137]  -> wl_surface#102.frame(new id wl_callback#125)
[00:04:32.168141] {Default Queue}  -> wp_presentation#23.feedback(wl_surface#102, new id wp_presentation_feedback#95)
[00:04:32.168143]  -> wl_surface#102.commit()
[00:04:32.168169] {Display Queue} wl_display#1.delete_id(94)
[00:04:32.168171] {Display Queue} wl_display#1.delete_id(123)
[00:04:32.168172] {Default Queue} wl_callback#94.done(40195282)
[00:04:32.168174] {Default Queue} wp_presentation_feedback#123.sync_output(wl_output#64)
[00:04:32.168175] {Default Queue} wp_presentation_feedback#123.sync_output(wl_output#34)
[00:04:32.168177] {Default Queue} wp_presentation_feedback#123.presented(0, 40195, 282439779, 0, 0, 0, 0)
[00:04:32.168234] {Default Queue} wl_buffer#99.release()
[00:04:32.184125] {Display Queue} wl_display#1.delete_id(125)
[00:04:32.184140] {Display Queue} wl_display#1.delete_id(95)
[00:04:32.184142] {Default Queue} wl_callback#125.done(40195298)
[00:04:32.184158] {Default Queue} wp_presentation_feedback#95.sync_output(wl_output#63)
[00:04:32.184160] {Default Queue} wp_presentation_feedback#95.sync_output(wl_output#31)
[00:04:32.184161] {Default Queue} wp_presentation_feedback#95.presented(0, 40195, 298947629, 0, 0, 0, 0)
[00:04:32.184804]  -> wl_surface#102.attach(wl_buffer#99, 0, 0)
[00:04:32.184809]  -> wl_surface#102.damage_buffer(346, 86, 588, 62)
[00:04:32.184811]  -> wl_surface#102.frame(new id wl_callback#95)
[00:04:32.184814] {Default Queue}  -> wp_presentation#23.feedback(wl_surface#102, new id wp_presentation_feedback#125)
[00:04:32.184816]  -> wl_surface#102.commit()
[00:04:32.184916] {Default Queue} wl_buffer#99.release()
[00:04:32.200423] {Display Queue} wl_display#1.delete_id(95)
[00:04:32.200433] {Display Queue} wl_display#1.delete_id(125)
[00:04:32.200434] {Default Queue} wl_callback#95.done(40195315)
[00:04:32.200446] {Default Queue} wp_presentation_feedback#125.sync_output(wl_output#63)
[00:04:32.200448] {Default Queue} wp_presentation_feedback#125.sync_output(wl_output#31)
[00:04:32.200449] {Default Queue} wp_presentation_feedback#125.presented(0, 40195, 315284127, 0, 0, 0, 0)
[00:04:32.201033]  -> wl_surface#102.attach(wl_buffer#99, 0, 0)
[00:04:32.201038]  -> wl_surface#102.damage_buffer(346, 86, 588, 62)
[00:04:32.201040]  -> wl_surface#102.frame(new id wl_callback#125)
[00:04:32.201042] {Default Queue}  -> wp_presentation#23.feedback(wl_surface#102, new id wp_presentation_feedback#95)
[00:04:32.201044]  -> wl_surface#102.commit()
[00:04:32.201149] {Default Queue} wl_buffer#99.release()
[00:04:32.212225] {Default Queue}  -> ext_background_effect_surface_v1#122.destroy()
[00:04:32.212379] {Default Queue}  -> zwlr_layer_surface_v1#105.destroy()
[00:04:32.212384]  -> wl_surface#102.attach(nil, 0, 0)
[00:04:32.212386]  -> wl_surface#102.commit()
[00:04:32.212442] {Default Queue}  -> wl_buffer#99.destroy()
[00:04:32.212444] {Default Queue}  -> wl_shm_pool#100.destroy()
[00:04:32.213013] {Default Queue}  -> wp_viewport#110.destroy()
[00:04:32.213015] {Default Queue}  -> wp_fractional_scale_v1#106.destroy()
[00:04:32.213016]  -> wl_surface#102.destroy()
[00:04:32.213034] {Default Queue}  -> xdg_toplevel_icon_v1#116.destroy()
info: event=popup-closed
[00:04:32.216260] discarded [unknown]#95.[event 2](0 fd, 8 byte)
[00:04:32.216270] {Display Queue} wl_display#1.delete_id(122)
[00:04:32.216288] {Display Queue} wl_display#1.delete_id(105)
[00:04:32.216289] {Display Queue} wl_display#1.delete_id(95)
[00:04:32.216290] {Display Queue} wl_display#1.delete_id(99)
[00:04:32.216291] {Display Queue} wl_display#1.delete_id(100)
[00:04:32.216291] {Display Queue} wl_display#1.delete_id(110)
[00:04:32.216292] {Display Queue} wl_display#1.delete_id(106)
[00:04:32.216292] {Display Queue} wl_display#1.delete_id(125)
[00:04:32.216293] {Display Queue} wl_display#1.delete_id(102)
[00:04:32.216293] {Display Queue} wl_display#1.delete_id(116)
[00:04:32.216294] {Default Queue} zwlr_layer_surface_v1#75.configure(76, 1280, 48)
[00:04:32.216306] {Default Queue}  -> zwlr_layer_surface_v1#75.ack_configure(76)
[00:04:32.216308] {Default Queue} zwlr_layer_surface_v1#69.configure(77, 1280, 720)
[00:04:32.216311] {Default Queue}  -> zwlr_layer_surface_v1#69.ack_configure(77)
[00:04:32.216311] {Default Queue} zwlr_layer_surface_v1#80.configure(78, 88, 2)
[00:04:32.216317] {Default Queue}  -> zwlr_layer_surface_v1#80.ack_configure(78)
[00:04:32.216429]  -> wl_surface#71.commit()
[00:04:32.216449]  -> wl_surface#65.commit()
[00:04:32.216455]  -> wl_surface#70.commit()
[00:04:32.217387]  -> wl_surface#76.attach(wl_buffer#113, 0, 0)
[00:04:32.217393]  -> wl_surface#76.damage_buffer(4, 4, 555, 40)
[00:04:32.217395]  -> wl_surface#76.frame(new id wl_callback#116)
[00:04:32.217398] {Default Queue}  -> wp_presentation#23.feedback(wl_surface#76, new id wp_presentation_feedback#102)
[00:04:32.217401]  -> wl_surface#76.commit()
[00:04:32.217439] {Default Queue}  -> wl_compositor#46.create_region(new id wl_region#125)
[00:04:32.217456] {Default Queue}  -> wl_region#125.add(19, 4, 525, 1)
[00:04:32.217458] {Default Queue}  -> wl_region#125.add(577, 4, 126, 1)
[00:04:32.217459] {Default Queue}  -> wl_region#125.add(877, 4, 384, 1)
[00:04:32.217459] {Default Queue}  -> wl_region#125.add(17, 5, 529, 1)
[00:04:32.217460] {Default Queue}  -> wl_region#125.add(575, 5, 130, 1)
[00:04:32.217461] {Default Queue}  -> wl_region#125.add(875, 5, 388, 1)
[00:04:32.217461] {Default Queue}  -> wl_region#125.add(16, 6, 531, 1)
[00:04:32.217462] {Default Queue}  -> wl_region#125.add(574, 6, 132, 1)
[00:04:32.217463] {Default Queue}  -> wl_region#125.add(874, 6, 390, 1)
[00:04:32.217463] {Default Queue}  -> wl_region#125.add(15, 7, 533, 1)
[00:04:32.217464] {Default Queue}  -> wl_region#125.add(573, 7, 134, 1)
[00:04:32.217465] {Default Queue}  -> wl_region#125.add(873, 7, 392, 1)
[00:04:32.217465] {Default Queue}  -> wl_region#125.add(14, 8, 535, 1)
[00:04:32.217466] {Default Queue}  -> wl_region#125.add(572, 8, 136, 1)
[00:04:32.217467] {Default Queue}  -> wl_region#125.add(872, 8, 394, 1)
[00:04:32.217467] {Default Queue}  -> wl_region#125.add(13, 9, 537, 1)
[00:04:32.217468] {Default Queue}  -> wl_region#125.add(571, 9, 138, 1)
[00:04:32.217469] {Default Queue}  -> wl_region#125.add(871, 9, 396, 1)
[00:04:32.217469] {Default Queue}  -> wl_region#125.add(12, 10, 539, 2)
[00:04:32.217470] {Default Queue}  -> wl_region#125.add(570, 10, 140, 2)
[00:04:32.217470] {Default Queue}  -> wl_region#125.add(870, 10, 398, 2)
[00:04:32.217471] {Default Queue}  -> wl_region#125.add(11, 12, 541, 5)
[00:04:32.217472] {Default Queue}  -> wl_region#125.add(569, 12, 142, 5)
[00:04:32.217472] {Default Queue}  -> wl_region#125.add(869, 12, 400, 5)
[00:04:32.217473] {Default Queue}  -> wl_region#125.add(10, 17, 543, 14)
[00:04:32.217473] {Default Queue}  -> wl_region#125.add(568, 17, 144, 14)
[00:04:32.217474] {Default Queue}  -> wl_region#125.add(868, 17, 402, 14)
[00:04:32.217475] {Default Queue}  -> wl_region#125.add(11, 31, 541, 5)
[00:04:32.217475] {Default Queue}  -> wl_region#125.add(569, 31, 142, 5)
[00:04:32.217476] {Default Queue}  -> wl_region#125.add(869, 31, 400, 5)
[00:04:32.217476] {Default Queue}  -> wl_region#125.add(12, 36, 539, 2)
[00:04:32.217477] {Default Queue}  -> wl_region#125.add(570, 36, 140, 2)
[00:04:32.217478] {Default Queue}  -> wl_region#125.add(870, 36, 398, 2)
[00:04:32.217478] {Default Queue}  -> wl_region#125.add(13, 38, 537, 1)
[00:04:32.217479] {Default Queue}  -> wl_region#125.add(571, 38, 138, 1)
[00:04:32.217479] {Default Queue}  -> wl_region#125.add(871, 38, 396, 1)
[00:04:32.217480] {Default Queue}  -> wl_region#125.add(14, 39, 535, 1)
[00:04:32.217481] {Default Queue}  -> wl_region#125.add(572, 39, 136, 1)
[00:04:32.217481] {Default Queue}  -> wl_region#125.add(872, 39, 394, 1)
[00:04:32.217482] {Default Queue}  -> wl_region#125.add(15, 40, 533, 1)
[00:04:32.217482] {Default Queue}  -> wl_region#125.add(573, 40, 134, 1)
[00:04:32.217483] {Default Queue}  -> wl_region#125.add(873, 40, 392, 1)
[00:04:32.217484] {Default Queue}  -> wl_region#125.add(16, 41, 531, 1)
[00:04:32.217484] {Default Queue}  -> wl_region#125.add(574, 41, 132, 1)
[00:04:32.217485] {Default Queue}  -> wl_region#125.add(874, 41, 390, 1)
[00:04:32.217485] {Default Queue}  -> wl_region#125.add(17, 42, 529, 1)
[00:04:32.217486] {Default Queue}  -> wl_region#125.add(575, 42, 130, 1)
[00:04:32.217487] {Default Queue}  -> wl_region#125.add(875, 42, 388, 1)
[00:04:32.217487] {Default Queue}  -> wl_region#125.add(19, 43, 525, 1)
[00:04:32.217488] {Default Queue}  -> wl_region#125.add(577, 43, 126, 1)
[00:04:32.217488] {Default Queue}  -> wl_region#125.add(877, 43, 384, 1)
[00:04:32.217489] {Default Queue}  -> ext_background_effect_surface_v1#117.set_blur_region(wl_region#125)
[00:04:32.217490] {Default Queue}  -> wl_region#125.destroy()
[00:04:32.218465] {Default Queue}  -> wl_compositor#4.create_surface(new id wl_surface#106)
[00:04:32.218474] {Default Queue}  -> wp_fractional_scale_manager_v1#11.get_fractional_scale(new id wp_fractional_scale_v1#110, wl_surface#106)
[00:04:32.218477] {Default Queue}  -> wp_viewporter#10.get_viewport(new id wp_viewport#100, wl_surface#106)
[00:04:32.218514] {Default Queue}  -> xdg_toplevel_icon_manager_v1#9.create_icon(new id xdg_toplevel_icon_v1#99)
[00:04:32.218535] {Default Queue}  -> zwlr_layer_shell_v1#49.get_layer_surface(new id zwlr_layer_surface_v1#95, wl_surface#106, wl_output#31, 3, "pearl:popup")
[00:04:32.218539] {Default Queue}  -> zwlr_layer_surface_v1#95.set_keyboard_interactivity(1)
[00:04:32.218540] {Default Queue}  -> zwlr_layer_surface_v1#95.set_exclusive_zone(0)
[00:04:32.218542] {Default Queue}  -> zwlr_layer_surface_v1#95.set_anchor(15)
[00:04:32.218543] {Default Queue}  -> zwlr_layer_surface_v1#95.set_margin(0, 0, 0, 0)
[00:04:32.218545] {Default Queue}  -> zwlr_layer_surface_v1#95.set_size(0, 0)
[00:04:32.218551]  -> wl_surface#106.commit()
[00:04:32.218691] {Default Queue}  -> ext_background_effect_manager_v1#48.get_background_effect(new id ext_background_effect_surface_v1#105, wl_surface#106)
[00:04:32.218696] {Default Queue}  -> wl_compositor#46.create_region(new id wl_region#122)
[00:04:32.218706] {Default Queue}  -> wl_region#122.add(-11, -20, 22, 1)
[00:04:32.218708] {Default Queue}  -> wl_region#122.add(-13, -19, 26, 1)
[00:04:32.218709] {Default Queue}  -> wl_region#122.add(-14, -18, 28, 1)
[00:04:32.218710] {Default Queue}  -> wl_region#122.add(-15, -17, 30, 1)
[00:04:32.218712] {Default Queue}  -> wl_region#122.add(-16, -16, 32, 1)
[00:04:32.218713] {Default Queue}  -> wl_region#122.add(-17, -15, 34, 1)
[00:04:32.218714] {Default Queue}  -> wl_region#122.add(-18, -14, 36, 2)
[00:04:32.218715] {Default Queue}  -> wl_region#122.add(-19, -12, 38, 5)
[00:04:32.218717] {Default Queue}  -> wl_region#122.add(-20, -7, 40, 14)
[00:04:32.218718] {Default Queue}  -> wl_region#122.add(-19, 7, 38, 5)
[00:04:32.218719] {Default Queue}  -> wl_region#122.add(-18, 12, 36, 2)
[00:04:32.218720] {Default Queue}  -> wl_region#122.add(-17, 14, 34, 1)
[00:04:32.218721] {Default Queue}  -> wl_region#122.add(-16, 15, 32, 1)
[00:04:32.218722] {Default Queue}  -> wl_region#122.add(-15, 16, 30, 1)
[00:04:32.218723] {Default Queue}  -> wl_region#122.add(-14, 17, 28, 1)
[00:04:32.218724] {Default Queue}  -> wl_region#122.add(-13, 18, 26, 1)
[00:04:32.218726] {Default Queue}  -> wl_region#122.add(-11, 19, 22, 1)
[00:04:32.218727] {Default Queue}  -> ext_background_effect_surface_v1#105.set_blur_region(wl_region#122)
[00:04:32.218729] {Default Queue}  -> wl_region#122.destroy()
[00:04:32.218840] {Default Queue}  -> zwp_text_input_v3#121.set_surrounding_text("", 0, 0)
[00:04:32.218843] {Default Queue}  -> zwp_text_input_v3#121.set_text_change_cause(1)
[00:04:32.218845] {Default Queue}  -> zwp_text_input_v3#121.set_content_type(0, 0)
[00:04:32.218857] {Default Queue}  -> zwp_text_input_v3#121.set_cursor_rectangle(0, 0, 0, 0)
[00:04:32.218859] {Default Queue}  -> zwp_text_input_v3#121.commit()
[00:04:32.218863] {Default Queue}  -> xdg_activation_v1#15.get_activation_token(new id xdg_activation_token_v1#123)
[00:04:32.218866]  -> xdg_activation_token_v1#123.set_serial(0, wl_seat#3)
[00:04:32.218869]  -> xdg_activation_token_v1#123.commit()
[00:04:32.218875] {Display Queue} wl_display#1.delete_id(125)
[00:04:32.218951] {Display Queue} wl_display#1.delete_id(122)
[00:04:32.218970] xdg_activation_token_v1#123.done("037e523275141d872aeee5db5a9a72ad")
[00:04:32.218973]  -> xdg_activation_token_v1#123.destroy()
[00:04:32.218975] {Default Queue}  -> xdg_activation_v1#15.activate("037e523275141d872aeee5db5a9a72ad", wl_surface#106)
info: event=popup-opened output=1
[00:04:32.219014] {Default Queue} wl_buffer#113.release()
[00:04:32.219017] {Default Queue} zwlr_layer_surface_v1#75.configure(84, 1280, 48)
[00:04:32.219122] {Default Queue}  -> zwlr_layer_surface_v1#75.ack_configure(84)
[00:04:32.219124] {Default Queue} zwlr_layer_surface_v1#69.configure(85, 1280, 720)
[00:04:32.219128] {Default Queue}  -> zwlr_layer_surface_v1#69.ack_configure(85)
[00:04:32.219129] {Default Queue} zwlr_layer_surface_v1#80.configure(86, 88, 2)
[00:04:32.219133] {Default Queue}  -> zwlr_layer_surface_v1#80.ack_configure(86)
[00:04:32.219134] {Default Queue} zwlr_layer_surface_v1#95.configure(87, 1280, 672)
[00:04:32.219141] {Default Queue}  -> zwlr_layer_surface_v1#95.ack_configure(87)
[00:04:32.219909] {Default Queue}  -> wl_shm#5.create_pool(new id wl_shm_pool#122, fd 18, 3440640)
[00:04:32.219915] {Default Queue}  -> wl_shm_pool#122.create_buffer(new id wl_buffer#125, 0, 1280, 672, 5120, 0)
[00:04:32.220849] {Default Queue}  -> wl_compositor#4.create_region(new id wl_region#94)
[00:04:32.220852] {Default Queue}  -> wl_region#94.add(377, 90, 526, 54)
[00:04:32.220854]  -> wl_surface#106.set_opaque_region(wl_region#94)
[00:04:32.220855] {Default Queue}  -> wl_region#94.destroy()
[00:04:32.220856] {Default Queue}  -> wp_viewport#100.set_destination(1280, 672)
[00:04:32.220858]  -> wl_surface#106.attach(wl_buffer#125, 0, 0)
[00:04:32.220859]  -> wl_surface#106.damage_buffer(0, 0, 1280, 672)
[00:04:32.220860]  -> wl_surface#106.frame(new id wl_callback#118)
[00:04:32.220862] {Default Queue}  -> wp_presentation#23.feedback(wl_surface#106, new id wp_presentation_feedback#124)
[00:04:32.220864]  -> wl_surface#106.commit()
[00:04:32.220871] {Default Queue}  -> wl_compositor#46.create_region(new id wl_region#98)
[00:04:32.220902] {Default Queue}  -> wl_region#98.add(339, 36, 602, 1)
[00:04:32.220904] {Default Queue}  -> wl_region#98.add(337, 37, 606, 1)
[00:04:32.220905] {Default Queue}  -> wl_region#98.add(336, 38, 608, 1)
[00:04:32.220906] {Default Queue}  -> wl_region#98.add(335, 39, 610, 1)
[00:04:32.220906] {Default Queue}  -> wl_region#98.add(334, 40, 612, 1)
[00:04:32.220907] {Default Queue}  -> wl_region#98.add(333, 41, 614, 1)
[00:04:32.220907] {Default Queue}  -> wl_region#98.add(332, 42, 616, 2)
[00:04:32.220908] {Default Queue}  -> wl_region#98.add(331, 44, 618, 5)
[00:04:32.220909] {Default Queue}  -> wl_region#98.add(330, 49, 620, 574)
[00:04:32.220909] {Default Queue}  -> wl_region#98.add(331, 623, 618, 5)
[00:04:32.220910] {Default Queue}  -> wl_region#98.add(332, 628, 616, 2)
[00:04:32.220911] {Default Queue}  -> wl_region#98.add(333, 630, 614, 1)
[00:04:32.220911] {Default Queue}  -> wl_region#98.add(334, 631, 612, 1)
[00:04:32.220912] {Default Queue}  -> wl_region#98.add(335, 632, 610, 1)
[00:04:32.220912] {Default Queue}  -> wl_region#98.add(336, 633, 608, 1)
[00:04:32.220913] {Default Queue}  -> wl_region#98.add(337, 634, 606, 1)
[00:04:32.220914] {Default Queue}  -> wl_region#98.add(339, 635, 602, 1)
[00:04:32.220915] {Default Queue}  -> ext_background_effect_surface_v1#105.set_blur_region(wl_region#98)
[00:04:32.220916] {Default Queue}  -> wl_region#98.destroy()
info: event=launcher-results count=114 shown=114 publish_us=5480
[00:04:32.224674] {Display Queue} wl_display#1.delete_id(123)
[00:04:32.224680] {Display Queue} wl_display#1.delete_id(94)
[00:04:32.224684] {Display Queue} wl_display#1.delete_id(98)
[00:04:32.224685] {Default Queue} zwlr_layer_surface_v1#75.configure(88, 1280, 48)
[00:04:32.224697] {Default Queue}  -> zwlr_layer_surface_v1#75.ack_configure(88)
[00:04:32.224700] {Default Queue} zwlr_layer_surface_v1#69.configure(89, 1280, 720)
[00:04:32.224704] {Default Queue}  -> zwlr_layer_surface_v1#69.ack_configure(89)
[00:04:32.224705] {Default Queue} zwlr_layer_surface_v1#80.configure(90, 88, 2)
[00:04:32.224711] {Default Queue}  -> zwlr_layer_surface_v1#80.ack_configure(90)
[00:04:32.224713] {Default Queue} zwlr_layer_surface_v1#95.configure(91, 1280, 672)
[00:04:32.224716] {Default Queue}  -> zwlr_layer_surface_v1#95.ack_configure(91)
[00:04:32.224717] {Default Queue} wp_fractional_scale_v1#110.preferred_scale(120)
[00:04:32.224720] {Default Queue} wl_buffer#125.release()
[00:04:32.224721] {Default Queue} wl_data_device#38.selection(nil)
[00:04:32.224729] {Default Queue} zwp_primary_selection_device_v1#37.selection(nil)
[00:04:32.224734] wl_surface#106.enter(wl_output#63)
[00:04:32.224841] wl_surface#106.enter(wl_output#31)
[00:04:32.224853] wl_surface#106.preferred_buffer_scale(1)
info: event=launcher-results count=114 shown=114 publish_us=4206
[00:04:32.231138]  -> wl_surface#70.attach(wl_buffer#104, 0, 0)
[00:04:32.231143]  -> wl_surface#70.frame(new id wl_callback#98)
[00:04:32.231146] {Default Queue}  -> wp_presentation#23.feedback(wl_surface#70, new id wp_presentation_feedback#94)
[00:04:32.231148]  -> wl_surface#70.commit()
[00:04:32.231207] {Default Queue} wl_buffer#104.release()
[00:04:32.233184]  -> wl_surface#65.commit()
[00:04:32.233403] {Display Queue} wl_display#1.delete_id(98)
[00:04:32.233405] {Display Queue} wl_display#1.delete_id(118)
[00:04:32.233405] {Display Queue} wl_display#1.delete_id(94)
[00:04:32.233406] {Display Queue} wl_display#1.delete_id(124)
[00:04:32.233407] {Default Queue} wl_callback#98.done(40195348)
[00:04:32.233409] {Default Queue} wl_callback#118.done(40195348)
[00:04:32.233412] {Default Queue} wp_presentation_feedback#94.sync_output(wl_output#63)
[00:04:32.233413] {Default Queue} wp_presentation_feedback#94.sync_output(wl_output#31)
[00:04:32.233414] {Default Queue} wp_presentation_feedback#94.presented(0, 40195, 348289156, 0, 0, 0, 0)
[00:04:32.233416] {Default Queue} wp_presentation_feedback#124.sync_output(wl_output#63)
[00:04:32.233417] {Default Queue} wp_presentation_feedback#124.sync_output(wl_output#31)
[00:04:32.233418] {Default Queue} wp_presentation_feedback#124.presented(0, 40195, 348289156, 0, 0, 0, 0)
[00:04:32.233419] wl_surface#106.preferred_buffer_transform(0)
[00:04:32.245220] {Default Queue}  -> wl_compositor#4.create_region(new id wl_region#124)
[00:04:32.245233] {Default Queue}  -> wl_region#124.add(365, 158, 550, 62)
[00:04:32.245236]  -> wl_surface#106.set_opaque_region(wl_region#124)
[00:04:32.245237] {Default Queue}  -> wl_region#124.destroy()
[00:04:32.245239]  -> wl_surface#106.attach(wl_buffer#125, 0, 0)
[00:04:32.245241]  -> wl_surface#106.damage_buffer(346, 86, 588, 62)
[00:04:32.245242]  -> wl_surface#106.damage_buffer(353, 158, 574, 426)
[00:04:32.245243]  -> wl_surface#106.damage_buffer(351, 600, 285, 15)
[00:04:32.245244]  -> wl_surface#106.frame(new id wl_callback#94)
[00:04:32.245247] {Default Queue}  -> wp_presentation#23.feedback(wl_surface#106, new id wp_presentation_feedback#118)
[00:04:32.245249]  -> wl_surface#106.commit()
info: event=launcher-painted latency_us=19654
[00:04:32.245333] {Display Queue} wl_display#1.delete_id(116)
[00:04:32.245336] {Display Queue} wl_display#1.delete_id(102)
[00:04:32.245337] {Default Queue} wl_callback#116.done(40195348)
[00:04:32.245350] {Default Queue} wp_presentation_feedback#102.sync_output(wl_output#64)
[00:04:32.245351] {Default Queue} wp_presentation_feedback#102.sync_output(wl_output#34)
[00:04:32.245352] {Default Queue} wp_presentation_feedback#102.presented(0, 40195, 348395967, 0, 0, 0, 0)
[00:04:32.245606]  -> wl_surface#71.attach(wl_buffer#97, 0, 0)
[00:04:32.245608]  -> wl_surface#71.frame(new id wl_callback#102)
[00:04:32.245610] {Default Queue}  -> wp_presentation#23.feedback(wl_surface#71, new id wp_presentation_feedback#116)
[00:04:32.245611]  -> wl_surface#71.commit()
[00:04:32.245791] {Default Queue}  -> wl_compositor#4.create_region(new id wl_region#98)
[00:04:32.245794] {Default Queue}  -> wl_region#98.add(19, 4, 525, 1)
[00:04:32.245796] {Default Queue}  -> wl_region#98.add(577, 4, 126, 1)
[00:04:32.245796] {Default Queue}  -> wl_region#98.add(877, 4, 384, 1)
[00:04:32.245797] {Default Queue}  -> wl_region#98.add(17, 5, 529, 1)
[00:04:32.245798] {Default Queue}  -> wl_region#98.add(575, 5, 130, 1)
[00:04:32.245799] {Default Queue}  -> wl_region#98.add(875, 5, 388, 1)
[00:04:32.245800] {Default Queue}  -> wl_region#98.add(16, 6, 531, 1)
[00:04:32.245801] {Default Queue}  -> wl_region#98.add(574, 6, 132, 1)
[00:04:32.245801] {Default Queue}  -> wl_region#98.add(874, 6, 390, 1)
[00:04:32.245802] {Default Queue}  -> wl_region#98.add(15, 7, 533, 1)
[00:04:32.245803] {Default Queue}  -> wl_region#98.add(573, 7, 134, 1)
[00:04:32.245803] {Default Queue}  -> wl_region#98.add(873, 7, 392, 1)
[00:04:32.245804] {Default Queue}  -> wl_region#98.add(14, 8, 535, 1)
[00:04:32.245805] {Default Queue}  -> wl_region#98.add(572, 8, 136, 1)
[00:04:32.245805] {Default Queue}  -> wl_region#98.add(872, 8, 394, 1)
[00:04:32.245806] {Default Queue}  -> wl_region#98.add(13, 9, 537, 1)
[00:04:32.245807] {Default Queue}  -> wl_region#98.add(571, 9, 138, 1)
[00:04:32.245807] {Default Queue}  -> wl_region#98.add(871, 9, 396, 1)
[00:04:32.245808] {Default Queue}  -> wl_region#98.add(12, 10, 539, 2)
[00:04:32.245809] {Default Queue}  -> wl_region#98.add(570, 10, 140, 2)
[00:04:32.245809] {Default Queue}  -> wl_region#98.add(870, 10, 398, 2)
[00:04:32.245810] {Default Queue}  -> wl_region#98.add(11, 12, 541, 5)
[00:04:32.245811] {Default Queue}  -> wl_region#98.add(569, 12, 142, 5)
[00:04:32.245812] {Default Queue}  -> wl_region#98.add(869, 12, 400, 5)
[00:04:32.245812] {Default Queue}  -> wl_region#98.add(10, 17, 543, 14)
[00:04:32.245813] {Default Queue}  -> wl_region#98.add(568, 17, 144, 14)
[00:04:32.245814] {Default Queue}  -> wl_region#98.add(868, 17, 402, 14)
[00:04:32.245815] {Default Queue}  -> wl_region#98.add(11, 31, 541, 5)
[00:04:32.245816] {Default Queue}  -> wl_region#98.add(569, 31, 142, 5)
[00:04:32.245816] {Default Queue}  -> wl_region#98.add(869, 31, 400, 5)
[00:04:32.245817] {Default Queue}  -> wl_region#98.add(12, 36, 539, 2)
[00:04:32.245818] {Default Queue}  -> wl_region#98.add(570, 36, 140, 2)
[00:04:32.245818] {Default Queue}  -> wl_region#98.add(870, 36, 398, 2)
[00:04:32.245819] {Default Queue}  -> wl_region#98.add(13, 38, 537, 1)
[00:04:32.245820] {Default Queue}  -> wl_region#98.add(571, 38, 138, 1)
[00:04:32.245821] {Default Queue}  -> wl_region#98.add(871, 38, 396, 1)
[00:04:32.245821] {Default Queue}  -> wl_region#98.add(14, 39, 535, 1)
[00:04:32.245822] {Default Queue}  -> wl_region#98.add(572, 39, 136, 1)
[00:04:32.245823] {Default Queue}  -> wl_region#98.add(872, 39, 394, 1)
[00:04:32.245823] {Default Queue}  -> wl_region#98.add(15, 40, 533, 1)
[00:04:32.245824] {Default Queue}  -> wl_region#98.add(573, 40, 134, 1)
[00:04:32.245825] {Default Queue}  -> wl_region#98.add(873, 40, 392, 1)
[00:04:32.245825] {Default Queue}  -> wl_region#98.add(16, 41, 531, 1)
[00:04:32.245826] {Default Queue}  -> wl_region#98.add(574, 41, 132, 1)
[00:04:32.245827] {Default Queue}  -> wl_region#98.add(874, 41, 390, 1)
[00:04:32.245827] {Default Queue}  -> wl_region#98.add(17, 42, 529, 1)
[00:04:32.245828] {Default Queue}  -> wl_region#98.add(575, 42, 130, 1)
[00:04:32.245828] {Default Queue}  -> wl_region#98.add(875, 42, 388, 1)
[00:04:32.245829] {Default Queue}  -> wl_region#98.add(19, 43, 525, 1)
[00:04:32.245830] {Default Queue}  -> wl_region#98.add(577, 43, 126, 1)
[00:04:32.245830] {Default Queue}  -> wl_region#98.add(877, 43, 384, 1)
[00:04:32.245831]  -> wl_surface#76.set_input_region(wl_region#98)
[00:04:32.245832] {Default Queue}  -> wl_region#98.destroy()
[00:04:32.245833]  -> wl_surface#76.attach(wl_buffer#113, 0, 0)
[00:04:32.245834]  -> wl_surface#76.damage_buffer(4, 4, 555, 40)
[00:04:32.245835]  -> wl_surface#76.frame(new id wl_callback#123)
[00:04:32.245836] {Default Queue}  -> wp_presentation#23.feedback(wl_surface#76, new id wp_presentation_feedback#111)
[00:04:32.245837]  -> wl_surface#76.commit()
[00:04:32.245871] {Default Queue}  -> wl_compositor#46.create_region(new id wl_region#93)
[00:04:32.245895] {Default Queue}  -> wl_region#93.add(19, 4, 504, 1)
[00:04:32.245896] {Default Queue}  -> wl_region#93.add(577, 4, 126, 1)
[00:04:32.245897] {Default Queue}  -> wl_region#93.add(877, 4, 384, 1)
[00:04:32.245898] {Default Queue}  -> wl_region#93.add(17, 5, 508, 1)
[00:04:32.245898] {Default Queue}  -> wl_region#93.add(575, 5, 130, 1)
[00:04:32.245899] {Default Queue}  -> wl_region#93.add(875, 5, 388, 1)
[00:04:32.245900] {Default Queue}  -> wl_region#93.add(16, 6, 510, 1)
[00:04:32.245900] {Default Queue}  -> wl_region#93.add(574, 6, 132, 1)
[00:04:32.245901] {Default Queue}  -> wl_region#93.add(874, 6, 390, 1)
[00:04:32.245902] {Default Queue}  -> wl_region#93.add(15, 7, 512, 1)
[00:04:32.245902] {Default Queue}  -> wl_region#93.add(573, 7, 134, 1)
[00:04:32.245903] {Default Queue}  -> wl_region#93.add(873, 7, 392, 1)
[00:04:32.245904] {Default Queue}  -> wl_region#93.add(14, 8, 514, 1)
[00:04:32.245904] {Default Queue}  -> wl_region#93.add(572, 8, 136, 1)
[00:04:32.245905] {Default Queue}  -> wl_region#93.add(872, 8, 394, 1)
[00:04:32.245905] {Default Queue}  -> wl_region#93.add(13, 9, 516, 1)
[00:04:32.245906] {Default Queue}  -> wl_region#93.add(571, 9, 138, 1)
[00:04:32.245907] {Default Queue}  -> wl_region#93.add(871, 9, 396, 1)
[00:04:32.245907] {Default Queue}  -> wl_region#93.add(12, 10, 518, 2)
[00:04:32.245908] {Default Queue}  -> wl_region#93.add(570, 10, 140, 2)
[00:04:32.245909] {Default Queue}  -> wl_region#93.add(870, 10, 398, 2)
[00:04:32.245909] {Default Queue}  -> wl_region#93.add(11, 12, 520, 5)
[00:04:32.245910] {Default Queue}  -> wl_region#93.add(569, 12, 142, 5)
[00:04:32.245911] {Default Queue}  -> wl_region#93.add(869, 12, 400, 5)
[00:04:32.245911] {Default Queue}  -> wl_region#93.add(10, 17, 522, 14)
[00:04:32.245912] {Default Queue}  -> wl_region#93.add(568, 17, 144, 14)
[00:04:32.245913] {Default Queue}  -> wl_region#93.add(868, 17, 402, 14)
[00:04:32.245913] {Default Queue}  -> wl_region#93.add(11, 31, 520, 5)
[00:04:32.245914] {Default Queue}  -> wl_region#93.add(569, 31, 142, 5)
[00:04:32.245914] {Default Queue}  -> wl_region#93.add(869, 31, 400, 5)
[00:04:32.245915] {Default Queue}  -> wl_region#93.add(12, 36, 518, 2)
[00:04:32.245916] {Default Queue}  -> wl_region#93.add(570, 36, 140, 2)
[00:04:32.245916] {Default Queue}  -> wl_region#93.add(870, 36, 398, 2)
[00:04:32.245917] {Default Queue}  -> wl_region#93.add(13, 38, 516, 1)
[00:04:32.245918] {Default Queue}  -> wl_region#93.add(571, 38, 138, 1)
[00:04:32.245918] {Default Queue}  -> wl_region#93.add(871, 38, 396, 1)
[00:04:32.245919] {Default Queue}  -> wl_region#93.add(14, 39, 514, 1)
[00:04:32.245920] {Default Queue}  -> wl_region#93.add(572, 39, 136, 1)
[00:04:32.245920] {Default Queue}  -> wl_region#93.add(872, 39, 394, 1)
[00:04:32.245921] {Default Queue}  -> wl_region#93.add(15, 40, 512, 1)
[00:04:32.245921] {Default Queue}  -> wl_region#93.add(573, 40, 134, 1)
[00:04:32.245922] {Default Queue}  -> wl_region#93.add(873, 40, 392, 1)
[00:04:32.245923] {Default Queue}  -> wl_region#93.add(16, 41, 510, 1)
[00:04:32.245923] {Default Queue}  -> wl_region#93.add(574, 41, 132, 1)
[00:04:32.245924] {Default Queue}  -> wl_region#93.add(874, 41, 390, 1)
[00:04:32.245925] {Default Queue}  -> wl_region#93.add(17, 42, 508, 1)
[00:04:32.245925] {Default Queue}  -> wl_region#93.add(575, 42, 130, 1)
[00:04:32.245926] {Default Queue}  -> wl_region#93.add(875, 42, 388, 1)
[00:04:32.245926] {Default Queue}  -> wl_region#93.add(19, 43, 504, 1)
[00:04:32.245927] {Default Queue}  -> wl_region#93.add(577, 43, 126, 1)
[00:04:32.245928] {Default Queue}  -> wl_region#93.add(877, 43, 384, 1)
[00:04:32.245929] {Default Queue}  -> ext_background_effect_surface_v1#117.set_blur_region(wl_region#93)
[00:04:32.245930] {Default Queue}  -> wl_region#93.destroy()
[00:04:32.245944] {Display Queue} wl_display#1.delete_id(124)
[00:04:32.245946] {Default Queue} wl_buffer#125.release()
[00:04:32.246017] {Display Queue} wl_display#1.delete_id(98)
[00:04:32.246019] {Display Queue} wl_display#1.delete_id(93)
[00:04:32.246019] {Default Queue} wl_buffer#97.release()
[00:04:32.246020] {Default Queue} wl_buffer#113.release()
[00:04:32.249722] {Display Queue} wl_display#1.delete_id(102)
[00:04:32.249729] {Display Queue} wl_display#1.delete_id(94)
[00:04:32.249730] {Display Queue} wl_display#1.delete_id(116)
[00:04:32.249730] {Display Queue} wl_display#1.delete_id(118)
[00:04:32.249732] {Default Queue} wl_callback#102.done(40195364)
[00:04:32.249738] {Default Queue} wl_callback#94.done(40195364)
[00:04:32.249742] {Default Queue} wp_presentation_feedback#116.sync_output(wl_output#63)
[00:04:32.249743] {Default Queue} wp_presentation_feedback#116.sync_output(wl_output#31)
[00:04:32.249745] {Default Queue} wp_presentation_feedback#116.presented(0, 40195, 364589913, 0, 0, 0, 0)
[00:04:32.249748] {Default Queue} wp_presentation_feedback#118.sync_output(wl_output#63)
[00:04:32.249748] {Default Queue} wp_presentation_feedback#118.sync_output(wl_output#31)
[00:04:32.249749] {Default Queue} wp_presentation_feedback#118.presented(0, 40195, 364589913, 0, 0, 0, 0)
[00:04:32.250597]  -> wl_surface#106.attach(wl_buffer#125, 0, 0)
[00:04:32.250602]  -> wl_surface#106.damage_buffer(346, 86, 588, 62)
[00:04:32.250603]  -> wl_surface#106.frame(new id wl_callback#118)
[00:04:32.250605] {Default Queue}  -> wp_presentation#23.feedback(wl_surface#106, new id wp_presentation_feedback#116)
[00:04:32.250607]  -> wl_surface#106.commit()
[00:04:32.250632] {Display Queue} wl_display#1.delete_id(123)
[00:04:32.250633] {Display Queue} wl_display#1.delete_id(111)
[00:04:32.250634] {Default Queue} wl_callback#123.done(40195364)
[00:04:32.250638] {Default Queue} wp_presentation_feedback#111.sync_output(wl_output#64)
[00:04:32.250638] {Default Queue} wp_presentation_feedback#111.sync_output(wl_output#34)
[00:04:32.250639] {Default Queue} wp_presentation_feedback#111.presented(0, 40195, 364692964, 0, 0, 0, 0)
[00:04:32.250720] {Default Queue}  -> wl_compositor#4.create_region(new id wl_region#111)
[00:04:32.250722] {Default Queue}  -> wl_region#111.add(19, 4, 504, 1)
[00:04:32.250724] {Default Queue}  -> wl_region#111.add(577, 4, 126, 1)
[00:04:32.250725] {Default Queue}  -> wl_region#111.add(877, 4, 384, 1)
[00:04:32.250726] {Default Queue}  -> wl_region#111.add(17, 5, 508, 1)
[00:04:32.250727] {Default Queue}  -> wl_region#111.add(575, 5, 130, 1)
[00:04:32.250727] {Default Queue}  -> wl_region#111.add(875, 5, 388, 1)
[00:04:32.250728] {Default Queue}  -> wl_region#111.add(16, 6, 510, 1)
[00:04:32.250729] {Default Queue}  -> wl_region#111.add(574, 6, 132, 1)
[00:04:32.250730] {Default Queue}  -> wl_region#111.add(874, 6, 390, 1)
[00:04:32.250731] {Default Queue}  -> wl_region#111.add(15, 7, 512, 1)
[00:04:32.250732] {Default Queue}  -> wl_region#111.add(573, 7, 134, 1)
[00:04:32.250733] {Default Queue}  -> wl_region#111.add(873, 7, 392, 1)
[00:04:32.250734] {Default Queue}  -> wl_region#111.add(14, 8, 514, 1)
[00:04:32.250736] {Default Queue}  -> wl_region#111.add(572, 8, 136, 1)
[00:04:32.250737] {Default Queue}  -> wl_region#111.add(872, 8, 394, 1)
[00:04:32.250738] {Default Queue}  -> wl_region#111.add(13, 9, 516, 1)
[00:04:32.250740] {Default Queue}  -> wl_region#111.add(571, 9, 138, 1)
[00:04:32.250741] {Default Queue}  -> wl_region#111.add(871, 9, 396, 1)
[00:04:32.250742] {Default Queue}  -> wl_region#111.add(12, 10, 518, 2)
[00:04:32.250743] {Default Queue}  -> wl_region#111.add(570, 10, 140, 2)
[00:04:32.250744] {Default Queue}  -> wl_region#111.add(870, 10, 398, 2)
[00:04:32.250745] {Default Queue}  -> wl_region#111.add(11, 12, 520, 5)
[00:04:32.250747] {Default Queue}  -> wl_region#111.add(569, 12, 142, 5)
[00:04:32.250748] {Default Queue}  -> wl_region#111.add(869, 12, 400, 5)
[00:04:32.250749] {Default Queue}  -> wl_region#111.add(10, 17, 522, 14)
[00:04:32.250750] {Default Queue}  -> wl_region#111.add(568, 17, 144, 14)
[00:04:32.250751] {Default Queue}  -> wl_region#111.add(868, 17, 402, 14)
[00:04:32.250752] {Default Queue}  -> wl_region#111.add(11, 31, 520, 5)
[00:04:32.250754] {Default Queue}  -> wl_region#111.add(569, 31, 142, 5)
[00:04:32.250755] {Default Queue}  -> wl_region#111.add(869, 31, 400, 5)
[00:04:32.250756] {Default Queue}  -> wl_region#111.add(12, 36, 518, 2)
[00:04:32.250757] {Default Queue}  -> wl_region#111.add(570, 36, 140, 2)
[00:04:32.250758] {Default Queue}  -> wl_region#111.add(870, 36, 398, 2)
[00:04:32.250759] {Default Queue}  -> wl_region#111.add(13, 38, 516, 1)
[00:04:32.250761] {Default Queue}  -> wl_region#111.add(571, 38, 138, 1)
[00:04:32.250762] {Default Queue}  -> wl_region#111.add(871, 38, 396, 1)
[00:04:32.250763] {Default Queue}  -> wl_region#111.add(14, 39, 514, 1)
[00:04:32.250764] {Default Queue}  -> wl_region#111.add(572, 39, 136, 1)
[00:04:32.250765] {Default Queue}  -> wl_region#111.add(872, 39, 394, 1)
[00:04:32.250766] {Default Queue}  -> wl_region#111.add(15, 40, 512, 1)
[00:04:32.250768] {Default Queue}  -> wl_region#111.add(573, 40, 134, 1)
[00:04:32.250769] {Default Queue}  -> wl_region#111.add(873, 40, 392, 1)
[00:04:32.250770] {Default Queue}  -> wl_region#111.add(16, 41, 510, 1)
[00:04:32.250771] {Default Queue}  -> wl_region#111.add(574, 41, 132, 1)
[00:04:32.250772] {Default Queue}  -> wl_region#111.add(874, 41, 390, 1)
[00:04:32.250773] {Default Queue}  -> wl_region#111.add(17, 42, 508, 1)
[00:04:32.250774] {Default Queue}  -> wl_region#111.add(575, 42, 130, 1)
[00:04:32.250775] {Default Queue}  -> wl_region#111.add(875, 42, 388, 1)
[00:04:32.250777] {Default Queue}  -> wl_region#111.add(19, 43, 504, 1)
[00:04:32.250778] {Default Queue}  -> wl_region#111.add(577, 43, 126, 1)
[00:04:32.250779] {Default Queue}  -> wl_region#111.add(877, 43, 384, 1)
[00:04:32.250781]  -> wl_surface#76.set_input_region(wl_region#111)
[00:04:32.250782] {Default Queue}  -> wl_region#111.destroy()
[00:04:32.250784]  -> wl_surface#76.attach(wl_buffer#113, 0, 0)
[00:04:32.250785]  -> wl_surface#76.frame(new id wl_callback#123)
[00:04:32.250786] {Default Queue}  -> wp_presentation#23.feedback(wl_surface#76, new id wp_presentation_feedback#94)
[00:04:32.250788]  -> wl_surface#76.commit()
[00:04:32.250808] {Default Queue} wl_buffer#125.release()
[00:04:32.250893] {Display Queue} wl_display#1.delete_id(111)
[00:04:32.250899] {Default Queue} wl_buffer#113.release()
[00:04:32.266003] {Display Queue} wl_display#1.delete_id(118)
[00:04:32.266012] {Display Queue} wl_display#1.delete_id(116)
[00:04:32.266013] {Default Queue} wl_callback#118.done(40195380)
[00:04:32.266023] {Default Queue} wp_presentation_feedback#116.sync_output(wl_output#63)
[00:04:32.266024] {Default Queue} wp_presentation_feedback#116.sync_output(wl_output#31)
[00:04:32.266025] {Default Queue} wp_presentation_feedback#116.presented(0, 40195, 380867051, 0, 0, 0, 0)
[00:04:32.266544]  -> wl_surface#106.attach(wl_buffer#125, 0, 0)
[00:04:32.266548]  -> wl_surface#106.damage_buffer(346, 86, 588, 62)
[00:04:32.266550]  -> wl_surface#106.frame(new id wl_callback#116)
[00:04:32.266552] {Default Queue}  -> wp_presentation#23.feedback(wl_surface#106, new id wp_presentation_feedback#118)
[00:04:32.266554]  -> wl_surface#106.commit()
[00:04:32.266573] {Display Queue} wl_display#1.delete_id(123)
[00:04:32.266575] {Display Queue} wl_display#1.delete_id(94)
[00:04:32.266575] {Default Queue} wl_callback#123.done(40195380)
[00:04:32.266577] {Default Queue} wp_presentation_feedback#94.sync_output(wl_output#64)
[00:04:32.266578] {Default Queue} wp_presentation_feedback#94.sync_output(wl_output#34)
[00:04:32.266579] {Default Queue} wp_presentation_feedback#94.presented(0, 40195, 380955282, 0, 0, 0, 0)
[00:04:32.266631] {Default Queue} wl_buffer#125.release()
[00:04:32.282333] {Display Queue} wl_display#1.delete_id(116)
[00:04:32.282344] {Display Queue} wl_display#1.delete_id(118)
[00:04:32.282346] {Default Queue} wl_callback#116.done(40195397)
[00:04:32.282356] {Default Queue} wp_presentation_feedback#118.sync_output(wl_output#63)
[00:04:32.282357] {Default Queue} wp_presentation_feedback#118.sync_output(wl_output#31)
[00:04:32.282358] {Default Queue} wp_presentation_feedback#118.presented(0, 40195, 397198109, 0, 0, 0, 0)
[00:04:32.282902]  -> wl_surface#106.attach(wl_buffer#125, 0, 0)
[00:04:32.282907]  -> wl_surface#106.damage_buffer(346, 86, 588, 62)
[00:04:32.282909]  -> wl_surface#106.frame(new id wl_callback#118)
[00:04:32.282911] {Default Queue}  -> wp_presentation#23.feedback(wl_surface#106, new id wp_presentation_feedback#116)
[00:04:32.282913]  -> wl_surface#106.commit()
[00:04:32.283005] {Default Queue} wl_buffer#125.release()
[00:04:32.298648] {Display Queue} wl_display#1.delete_id(118)
[00:04:32.298657] {Display Queue} wl_display#1.delete_id(116)
[00:04:32.298658] {Default Queue} wl_callback#118.done(40195413)
[00:04:32.298669] {Default Queue} wp_presentation_feedback#116.sync_output(wl_output#63)
[00:04:32.298671] {Default Queue} wp_presentation_feedback#116.sync_output(wl_output#31)
[00:04:32.298672] {Default Queue} wp_presentation_feedback#116.presented(0, 40195, 413508186, 0, 0, 0, 0)
[00:04:32.299222]  -> wl_surface#106.attach(wl_buffer#125, 0, 0)
[00:04:32.299227]  -> wl_surface#106.damage_buffer(346, 86, 588, 62)
[00:04:32.299228]  -> wl_surface#106.frame(new id wl_callback#116)
[00:04:32.299230] {Default Queue}  -> wp_presentation#23.feedback(wl_surface#106, new id wp_presentation_feedback#118)
[00:04:32.299232]  -> wl_surface#106.commit()
[00:04:32.299322] {Default Queue} wl_buffer#125.release()
[00:04:32.315050] {Display Queue} wl_display#1.delete_id(116)
[00:04:32.315063] {Display Queue} wl_display#1.delete_id(118)
[00:04:32.315064] {Default Queue} wl_callback#116.done(40195429)
[00:04:32.315080] {Default Queue} wp_presentation_feedback#118.sync_output(wl_output#63)
[00:04:32.315082] {Default Queue} wp_presentation_feedback#118.sync_output(wl_output#31)
[00:04:32.315083] {Default Queue} wp_presentation_feedback#118.presented(0, 40195, 429903845, 0, 0, 0, 0)
[00:04:32.315805]  -> wl_surface#106.attach(wl_buffer#125, 0, 0)
[00:04:32.315811]  -> wl_surface#106.damage_buffer(346, 86, 588, 62)
[00:04:32.315814]  -> wl_surface#106.frame(new id wl_callback#118)
[00:04:32.315816] {Default Queue}  -> wp_presentation#23.feedback(wl_surface#106, new id wp_presentation_feedback#116)
[00:04:32.315819]  -> wl_surface#106.commit()
[00:04:32.315929] {Default Queue} wl_buffer#125.release()
[00:04:32.320869] {Default Queue}  -> ext_background_effect_surface_v1#105.destroy()
[00:04:32.321090] {Default Queue}  -> zwlr_layer_surface_v1#95.destroy()
[00:04:32.321097]  -> wl_surface#106.attach(nil, 0, 0)
[00:04:32.321103]  -> wl_surface#106.commit()
[00:04:32.321159] {Default Queue}  -> wl_buffer#125.destroy()
[00:04:32.321161] {Default Queue}  -> wl_shm_pool#122.destroy()
[00:04:32.321803] {Default Queue}  -> wp_viewport#100.destroy()
[00:04:32.321808] {Default Queue}  -> wp_fractional_scale_v1#110.destroy()
[00:04:32.321809]  -> wl_surface#106.destroy()
[00:04:32.321828] {Default Queue}  -> xdg_toplevel_icon_v1#99.destroy()
info: event=popup-closed
[00:04:32.325206] discarded [unknown]#116.[event 2](0 fd, 8 byte)
[00:04:32.325220] {Display Queue} wl_display#1.delete_id(105)
[00:04:32.325225] {Display Queue} wl_display#1.delete_id(95)
[00:04:32.325226] {Display Queue} wl_display#1.delete_id(116)
[00:04:32.325226] {Display Queue} wl_display#1.delete_id(125)
[00:04:32.325227] {Display Queue} wl_display#1.delete_id(122)
[00:04:32.325227] {Display Queue} wl_display#1.delete_id(100)
[00:04:32.325228] {Display Queue} wl_display#1.delete_id(110)
[00:04:32.325229] {Display Queue} wl_display#1.delete_id(118)
[00:04:32.325229] {Display Queue} wl_display#1.delete_id(106)
[00:04:32.325230] {Display Queue} wl_display#1.delete_id(99)
[00:04:32.325230] {Default Queue} zwlr_layer_surface_v1#75.configure(99, 1280, 48)
[00:04:32.325240] {Default Queue}  -> zwlr_layer_surface_v1#75.ack_configure(99)
[00:04:32.325241] {Default Queue} zwlr_layer_surface_v1#69.configure(100, 1280, 720)
[00:04:32.325244] {Default Queue}  -> zwlr_layer_surface_v1#69.ack_configure(100)
[00:04:32.325244] {Default Queue} zwlr_layer_surface_v1#80.configure(101, 88, 2)
[00:04:32.325249] {Default Queue}  -> zwlr_layer_surface_v1#80.ack_configure(101)
[00:04:32.325346]  -> wl_surface#71.commit()
[00:04:32.325360]  -> wl_surface#65.commit()
[00:04:32.325366]  -> wl_surface#70.commit()
[00:04:32.326135]  -> wl_surface#76.attach(wl_buffer#113, 0, 0)
[00:04:32.326140]  -> wl_surface#76.damage_buffer(4, 4, 555, 40)
[00:04:32.326142]  -> wl_surface#76.frame(new id wl_callback#99)
[00:04:32.326144] {Default Queue}  -> wp_presentation#23.feedback(wl_surface#76, new id wp_presentation_feedback#106)
[00:04:32.326146]  -> wl_surface#76.commit()
[00:04:32.326175] {Default Queue}  -> wl_compositor#46.create_region(new id wl_region#118)
[00:04:32.326189] {Default Queue}  -> wl_region#118.add(19, 4, 525, 1)
[00:04:32.326190] {Default Queue}  -> wl_region#118.add(577, 4, 126, 1)
[00:04:32.326191] {Default Queue}  -> wl_region#118.add(877, 4, 384, 1)
[00:04:32.326192] {Default Queue}  -> wl_region#118.add(17, 5, 529, 1)
[00:04:32.326193] {Default Queue}  -> wl_region#118.add(575, 5, 130, 1)
[00:04:32.326193] {Default Queue}  -> wl_region#118.add(875, 5, 388, 1)
[00:04:32.326194] {Default Queue}  -> wl_region#118.add(16, 6, 531, 1)
[00:04:32.326195] {Default Queue}  -> wl_region#118.add(574, 6, 132, 1)
[00:04:32.326195] {Default Queue}  -> wl_region#118.add(874, 6, 390, 1)
[00:04:32.326196] {Default Queue}  -> wl_region#118.add(15, 7, 533, 1)
[00:04:32.326197] {Default Queue}  -> wl_region#118.add(573, 7, 134, 1)
[00:04:32.326197] {Default Queue}  -> wl_region#118.add(873, 7, 392, 1)
[00:04:32.326198] {Default Queue}  -> wl_region#118.add(14, 8, 535, 1)
[00:04:32.326199] {Default Queue}  -> wl_region#118.add(572, 8, 136, 1)
[00:04:32.326199] {Default Queue}  -> wl_region#118.add(872, 8, 394, 1)
[00:04:32.326200] {Default Queue}  -> wl_region#118.add(13, 9, 537, 1)
[00:04:32.326200] {Default Queue}  -> wl_region#118.add(571, 9, 138, 1)
[00:04:32.326201] {Default Queue}  -> wl_region#118.add(871, 9, 396, 1)
[00:04:32.326202] {Default Queue}  -> wl_region#118.add(12, 10, 539, 2)
[00:04:32.326202] {Default Queue}  -> wl_region#118.add(570, 10, 140, 2)
[00:04:32.326203] {Default Queue}  -> wl_region#118.add(870, 10, 398, 2)
[00:04:32.326203] {Default Queue}  -> wl_region#118.add(11, 12, 541, 5)
[00:04:32.326204] {Default Queue}  -> wl_region#118.add(569, 12, 142, 5)
[00:04:32.326205] {Default Queue}  -> wl_region#118.add(869, 12, 400, 5)
[00:04:32.326205] {Default Queue}  -> wl_region#118.add(10, 17, 543, 14)
[00:04:32.326206] {Default Queue}  -> wl_region#118.add(568, 17, 144, 14)
[00:04:32.326206] {Default Queue}  -> wl_region#118.add(868, 17, 402, 14)
[00:04:32.326207] {Default Queue}  -> wl_region#118.add(11, 31, 541, 5)
[00:04:32.326208] {Default Queue}  -> wl_region#118.add(569, 31, 142, 5)
[00:04:32.326208] {Default Queue}  -> wl_region#118.add(869, 31, 400, 5)
[00:04:32.326209] {Default Queue}  -> wl_region#118.add(12, 36, 539, 2)
[00:04:32.326210] {Default Queue}  -> wl_region#118.add(570, 36, 140, 2)
[00:04:32.326210] {Default Queue}  -> wl_region#118.add(870, 36, 398, 2)
[00:04:32.326211] {Default Queue}  -> wl_region#118.add(13, 38, 537, 1)
[00:04:32.326212] {Default Queue}  -> wl_region#118.add(571, 38, 138, 1)
[00:04:32.326212] {Default Queue}  -> wl_region#118.add(871, 38, 396, 1)
[00:04:32.326213] {Default Queue}  -> wl_region#118.add(14, 39, 535, 1)
[00:04:32.326214] {Default Queue}  -> wl_region#118.add(572, 39, 136, 1)
[00:04:32.326214] {Default Queue}  -> wl_region#118.add(872, 39, 394, 1)
[00:04:32.326215] {Default Queue}  -> wl_region#118.add(15, 40, 533, 1)
[00:04:32.326216] {Default Queue}  -> wl_region#118.add(573, 40, 134, 1)
[00:04:32.326216] {Default Queue}  -> wl_region#118.add(873, 40, 392, 1)
[00:04:32.326217] {Default Queue}  -> wl_region#118.add(16, 41, 531, 1)
[00:04:32.326217] {Default Queue}  -> wl_region#118.add(574, 41, 132, 1)
[00:04:32.326218] {Default Queue}  -> wl_region#118.add(874, 41, 390, 1)
[00:04:32.326219] {Default Queue}  -> wl_region#118.add(17, 42, 529, 1)
[00:04:32.326219] {Default Queue}  -> wl_region#118.add(575, 42, 130, 1)
[00:04:32.326220] {Default Queue}  -> wl_region#118.add(875, 42, 388, 1)
[00:04:32.326220] {Default Queue}  -> wl_region#118.add(19, 43, 525, 1)
[00:04:32.326221] {Default Queue}  -> wl_region#118.add(577, 43, 126, 1)
[00:04:32.326222] {Default Queue}  -> wl_region#118.add(877, 43, 384, 1)
[00:04:32.326223] {Default Queue}  -> ext_background_effect_surface_v1#117.set_blur_region(wl_region#118)
[00:04:32.326224] {Default Queue}  -> wl_region#118.destroy()
[00:04:32.326290] {Display Queue} wl_display#1.delete_id(118)
[00:04:32.326292] {Default Queue} wl_buffer#113.release()
[00:04:32.327125] {Default Queue}  -> wl_compositor#4.create_surface(new id wl_surface#118)
[00:04:32.327131] {Default Queue}  -> wp_fractional_scale_manager_v1#11.get_fractional_scale(new id wp_fractional_scale_v1#110, wl_surface#118)
[00:04:32.327133] {Default Queue}  -> wp_viewporter#10.get_viewport(new id wp_viewport#100, wl_surface#118)
[00:04:32.327166] {Default Queue}  -> xdg_toplevel_icon_manager_v1#9.create_icon(new id xdg_toplevel_icon_v1#122)
[00:04:32.327187] {Default Queue}  -> zwlr_layer_shell_v1#49.get_layer_surface(new id zwlr_layer_surface_v1#125, wl_surface#118, wl_output#31, 3, "pearl:popup")
[00:04:32.327190] {Default Queue}  -> zwlr_layer_surface_v1#125.set_keyboard_interactivity(1)
[00:04:32.327191] {Default Queue}  -> zwlr_layer_surface_v1#125.set_exclusive_zone(0)
[00:04:32.327192] {Default Queue}  -> zwlr_layer_surface_v1#125.set_anchor(15)
[00:04:32.327192] {Default Queue}  -> zwlr_layer_surface_v1#125.set_margin(0, 0, 0, 0)
[00:04:32.327194] {Default Queue}  -> zwlr_layer_surface_v1#125.set_size(0, 0)
[00:04:32.327199]  -> wl_surface#118.commit()
[00:04:32.327330] {Default Queue}  -> ext_background_effect_manager_v1#48.get_background_effect(new id ext_background_effect_surface_v1#116, wl_surface#118)
[00:04:32.327333] {Default Queue}  -> wl_compositor#46.create_region(new id wl_region#95)
[00:04:32.327343] {Default Queue}  -> wl_region#95.add(-11, -20, 22, 1)
[00:04:32.327345] {Default Queue}  -> wl_region#95.add(-13, -19, 26, 1)
[00:04:32.327346] {Default Queue}  -> wl_region#95.add(-14, -18, 28, 1)
[00:04:32.327347] {Default Queue}  -> wl_region#95.add(-15, -17, 30, 1)
[00:04:32.327348] {Default Queue}  -> wl_region#95.add(-16, -16, 32, 1)
[00:04:32.327349] {Default Queue}  -> wl_region#95.add(-17, -15, 34, 1)
[00:04:32.327350] {Default Queue}  -> wl_region#95.add(-18, -14, 36, 2)
[00:04:32.327350] {Default Queue}  -> wl_region#95.add(-19, -12, 38, 5)
[00:04:32.327352] {Default Queue}  -> wl_region#95.add(-20, -7, 40, 14)
[00:04:32.327353] {Default Queue}  -> wl_region#95.add(-19, 7, 38, 5)
[00:04:32.327354] {Default Queue}  -> wl_region#95.add(-18, 12, 36, 2)
[00:04:32.327355] {Default Queue}  -> wl_region#95.add(-17, 14, 34, 1)
[00:04:32.327356] {Default Queue}  -> wl_region#95.add(-16, 15, 32, 1)
[00:04:32.327357] {Default Queue}  -> wl_region#95.add(-15, 16, 30, 1)
[00:04:32.327358] {Default Queue}  -> wl_region#95.add(-14, 17, 28, 1)
[00:04:32.327358] {Default Queue}  -> wl_region#95.add(-13, 18, 26, 1)
[00:04:32.327360] {Default Queue}  -> wl_region#95.add(-11, 19, 22, 1)
[00:04:32.327360] {Default Queue}  -> ext_background_effect_surface_v1#116.set_blur_region(wl_region#95)
[00:04:32.327361] {Default Queue}  -> wl_region#95.destroy()
[00:04:32.327457] {Default Queue}  -> zwp_text_input_v3#121.set_surrounding_text("", 0, 0)
[00:04:32.327459] {Default Queue}  -> zwp_text_input_v3#121.set_text_change_cause(1)
[00:04:32.327460] {Default Queue}  -> zwp_text_input_v3#121.set_content_type(0, 0)
[00:04:32.327470] {Default Queue}  -> zwp_text_input_v3#121.set_cursor_rectangle(0, 0, 0, 0)
[00:04:32.327472] {Default Queue}  -> zwp_text_input_v3#121.commit()
[00:04:32.327474] {Default Queue}  -> xdg_activation_v1#15.get_activation_token(new id xdg_activation_token_v1#105)
[00:04:32.327477]  -> xdg_activation_token_v1#105.set_serial(0, wl_seat#3)
[00:04:32.327479]  -> xdg_activation_token_v1#105.commit()
[00:04:32.327569] {Display Queue} wl_display#1.delete_id(95)
[00:04:32.327594] xdg_activation_token_v1#105.done("d44999a71ea90cd9c0f369f378a4b902")
[00:04:32.327600]  -> xdg_activation_token_v1#105.destroy()
[00:04:32.327602] {Default Queue}  -> xdg_activation_v1#15.activate("d44999a71ea90cd9c0f369f378a4b902", wl_surface#118)
info: event=popup-opened output=1
[00:04:32.327636] {Default Queue} zwlr_layer_surface_v1#75.configure(107, 1280, 48)
[00:04:32.327703] {Default Queue}  -> zwlr_layer_surface_v1#75.ack_configure(107)
[00:04:32.327704] {Default Queue} zwlr_layer_surface_v1#69.configure(108, 1280, 720)
[00:04:32.327707] {Default Queue}  -> zwlr_layer_surface_v1#69.ack_configure(108)
[00:04:32.327707] {Default Queue} zwlr_layer_surface_v1#80.configure(109, 88, 2)
[00:04:32.327709] {Default Queue}  -> zwlr_layer_surface_v1#80.ack_configure(109)
[00:04:32.327710] {Default Queue} zwlr_layer_surface_v1#125.configure(110, 1280, 672)
[00:04:32.327717] {Default Queue}  -> zwlr_layer_surface_v1#125.ack_configure(110)
[00:04:32.328455] {Default Queue}  -> wl_shm#5.create_pool(new id wl_shm_pool#95, fd 18, 3440640)
[00:04:32.328463] {Default Queue}  -> wl_shm_pool#95.create_buffer(new id wl_buffer#94, 0, 1280, 672, 5120, 0)
[00:04:32.329380] {Default Queue}  -> wl_compositor#4.create_region(new id wl_region#123)
[00:04:32.329382] {Default Queue}  -> wl_region#123.add(377, 90, 526, 54)
[00:04:32.329384]  -> wl_surface#118.set_opaque_region(wl_region#123)
[00:04:32.329385] {Default Queue}  -> wl_region#123.destroy()
[00:04:32.329386] {Default Queue}  -> wp_viewport#100.set_destination(1280, 672)
[00:04:32.329387]  -> wl_surface#118.attach(wl_buffer#94, 0, 0)
[00:04:32.329389]  -> wl_surface#118.damage_buffer(0, 0, 1280, 672)
[00:04:32.329390]  -> wl_surface#118.frame(new id wl_callback#111)
[00:04:32.329391] {Default Queue}  -> wp_presentation#23.feedback(wl_surface#118, new id wp_presentation_feedback#102)
[00:04:32.329392]  -> wl_surface#118.commit()
[00:04:32.329398] {Default Queue}  -> wl_compositor#46.create_region(new id wl_region#93)
[00:04:32.329427] {Default Queue}  -> wl_region#93.add(339, 36, 602, 1)
[00:04:32.329428] {Default Queue}  -> wl_region#93.add(337, 37, 606, 1)
[00:04:32.329429] {Default Queue}  -> wl_region#93.add(336, 38, 608, 1)
[00:04:32.329429] {Default Queue}  -> wl_region#93.add(335, 39, 610, 1)
[00:04:32.329430] {Default Queue}  -> wl_region#93.add(334, 40, 612, 1)
[00:04:32.329431] {Default Queue}  -> wl_region#93.add(333, 41, 614, 1)
[00:04:32.329431] {Default Queue}  -> wl_region#93.add(332, 42, 616, 2)
[00:04:32.329432] {Default Queue}  -> wl_region#93.add(331, 44, 618, 5)
[00:04:32.329433] {Default Queue}  -> wl_region#93.add(330, 49, 620, 574)
[00:04:32.329434] {Default Queue}  -> wl_region#93.add(331, 623, 618, 5)
[00:04:32.329434] {Default Queue}  -> wl_region#93.add(332, 628, 616, 2)
[00:04:32.329435] {Default Queue}  -> wl_region#93.add(333, 630, 614, 1)
[00:04:32.329436] {Default Queue}  -> wl_region#93.add(334, 631, 612, 1)
[00:04:32.329436] {Default Queue}  -> wl_region#93.add(335, 632, 610, 1)
[00:04:32.329437] {Default Queue}  -> wl_region#93.add(336, 633, 608, 1)
[00:04:32.329438] {Default Queue}  -> wl_region#93.add(337, 634, 606, 1)
[00:04:32.329438] {Default Queue}  -> wl_region#93.add(339, 635, 602, 1)
[00:04:32.329439] {Default Queue}  -> ext_background_effect_surface_v1#116.set_blur_region(wl_region#93)
[00:04:32.329440] {Default Queue}  -> wl_region#93.destroy()
info: event=launcher-results count=114 shown=114 publish_us=4278
[00:04:32.332015] {Display Queue} wl_display#1.delete_id(105)
[00:04:32.332017] {Display Queue} wl_display#1.delete_id(123)
[00:04:32.332018] {Display Queue} wl_display#1.delete_id(93)
[00:04:32.332018] {Display Queue} wl_display#1.delete_id(111)
[00:04:32.332019] {Display Queue} wl_display#1.delete_id(102)
[00:04:32.332020] {Display Queue} wl_display#1.delete_id(99)
[00:04:32.332020] {Display Queue} wl_display#1.delete_id(106)
[00:04:32.332021] {Default Queue} zwlr_layer_surface_v1#75.configure(111, 1280, 48)
[00:04:32.332024] {Default Queue}  -> zwlr_layer_surface_v1#75.ack_configure(111)
[00:04:32.332024] {Default Queue} zwlr_layer_surface_v1#69.configure(112, 1280, 720)
[00:04:32.332026] {Default Queue}  -> zwlr_layer_surface_v1#69.ack_configure(112)
[00:04:32.332026] {Default Queue} zwlr_layer_surface_v1#80.configure(113, 88, 2)
[00:04:32.332028] {Default Queue}  -> zwlr_layer_surface_v1#80.ack_configure(113)
[00:04:32.332028] {Default Queue} zwlr_layer_surface_v1#125.configure(114, 1280, 672)
[00:04:32.332029] {Default Queue}  -> zwlr_layer_surface_v1#125.ack_configure(114)
[00:04:32.332030] {Default Queue} wp_fractional_scale_v1#110.preferred_scale(120)
[00:04:32.332031] {Default Queue} wl_buffer#94.release()
[00:04:32.332032] {Default Queue} wl_data_device#38.selection(nil)
[00:04:32.332035] {Default Queue} zwp_primary_selection_device_v1#37.selection(nil)
[00:04:32.332037] {Default Queue} wl_callback#111.done(40195446)
[00:04:32.332040] {Default Queue} wp_presentation_feedback#102.sync_output(wl_output#63)
[00:04:32.332042] {Default Queue} wp_presentation_feedback#102.sync_output(wl_output#31)
[00:04:32.332043] {Default Queue} wp_presentation_feedback#102.presented(0, 40195, 446526755, 0, 0, 0, 0)
[00:04:32.332045] {Default Queue} wl_callback#99.done(40195446)
[00:04:32.332046] {Default Queue} wp_presentation_feedback#106.sync_output(wl_output#64)
[00:04:32.332047] {Default Queue} wp_presentation_feedback#106.sync_output(wl_output#34)
[00:04:32.332048] {Default Queue} wp_presentation_feedback#106.presented(0, 40195, 446622326, 0, 0, 0, 0)
[00:04:32.332049] wl_surface#118.enter(wl_output#63)
[00:04:32.332091] wl_surface#118.enter(wl_output#31)
[00:04:32.332103] wl_surface#118.preferred_buffer_scale(1)
[00:04:32.332104] wl_surface#118.preferred_buffer_transform(0)
[00:04:32.343505] {Default Queue}  -> wl_compositor#4.create_region(new id wl_region#106)
[00:04:32.343516] {Default Queue}  -> wl_region#106.add(365, 158, 550, 62)
[00:04:32.343519]  -> wl_surface#118.set_opaque_region(wl_region#106)
[00:04:32.343521] {Default Queue}  -> wl_region#106.destroy()
[00:04:32.343523]  -> wl_surface#118.attach(wl_buffer#94, 0, 0)
[00:04:32.343525]  -> wl_surface#118.damage_buffer(346, 86, 588, 62)
[00:04:32.343527]  -> wl_surface#118.damage_buffer(353, 158, 574, 426)
[00:04:32.343528]  -> wl_surface#118.damage_buffer(351, 600, 285, 15)
[00:04:32.343529]  -> wl_surface#118.frame(new id wl_callback#99)
[00:04:32.343532] {Default Queue}  -> wp_presentation#23.feedback(wl_surface#118, new id wp_presentation_feedback#102)
[00:04:32.343534]  -> wl_surface#118.commit()
info: event=launcher-painted latency_us=15831
[00:04:32.343624] {Default Queue}  -> wl_compositor#4.create_region(new id wl_region#111)
[00:04:32.343626] {Default Queue}  -> wl_region#111.add(19, 4, 525, 1)
[00:04:32.343627] {Default Queue}  -> wl_region#111.add(577, 4, 126, 1)
[00:04:32.343628] {Default Queue}  -> wl_region#111.add(877, 4, 384, 1)
[00:04:32.343629] {Default Queue}  -> wl_region#111.add(17, 5, 529, 1)
[00:04:32.343630] {Default Queue}  -> wl_region#111.add(575, 5, 130, 1)
[00:04:32.343630] {Default Queue}  -> wl_region#111.add(875, 5, 388, 1)
[00:04:32.343631] {Default Queue}  -> wl_region#111.add(16, 6, 531, 1)
[00:04:32.343632] {Default Queue}  -> wl_region#111.add(574, 6, 132, 1)
[00:04:32.343632] {Default Queue}  -> wl_region#111.add(874, 6, 390, 1)
[00:04:32.343634] {Default Queue}  -> wl_region#111.add(15, 7, 533, 1)
[00:04:32.343635] {Default Queue}  -> wl_region#111.add(573, 7, 134, 1)
[00:04:32.343635] {Default Queue}  -> wl_region#111.add(873, 7, 392, 1)
[00:04:32.343636] {Default Queue}  -> wl_region#111.add(14, 8, 535, 1)
[00:04:32.343636] {Default Queue}  -> wl_region#111.add(572, 8, 136, 1)
[00:04:32.343637] {Default Queue}  -> wl_region#111.add(872, 8, 394, 1)
[00:04:32.343638] {Default Queue}  -> wl_region#111.add(13, 9, 537, 1)
[00:04:32.343638] {Default Queue}  -> wl_region#111.add(571, 9, 138, 1)
[00:04:32.343639] {Default Queue}  -> wl_region#111.add(871, 9, 396, 1)
[00:04:32.343640] {Default Queue}  -> wl_region#111.add(12, 10, 539, 2)
[00:04:32.343640] {Default Queue}  -> wl_region#111.add(570, 10, 140, 2)
[00:04:32.343641] {Default Queue}  -> wl_region#111.add(870, 10, 398, 2)
[00:04:32.343642] {Default Queue}  -> wl_region#111.add(11, 12, 541, 5)
[00:04:32.343642] {Default Queue}  -> wl_region#111.add(569, 12, 142, 5)
[00:04:32.343643] {Default Queue}  -> wl_region#111.add(869, 12, 400, 5)
[00:04:32.343644] {Default Queue}  -> wl_region#111.add(10, 17, 543, 14)
[00:04:32.343645] {Default Queue}  -> wl_region#111.add(568, 17, 144, 14)
[00:04:32.343645] {Default Queue}  -> wl_region#111.add(868, 17, 402, 14)
[00:04:32.343646] {Default Queue}  -> wl_region#111.add(11, 31, 541, 5)
[00:04:32.343647] {Default Queue}  -> wl_region#111.add(569, 31, 142, 5)
[00:04:32.343647] {Default Queue}  -> wl_region#111.add(869, 31, 400, 5)
[00:04:32.343648] {Default Queue}  -> wl_region#111.add(12, 36, 539, 2)
[00:04:32.343649] {Default Queue}  -> wl_region#111.add(570, 36, 140, 2)
[00:04:32.343649] {Default Queue}  -> wl_region#111.add(870, 36, 398, 2)
[00:04:32.343650] {Default Queue}  -> wl_region#111.add(13, 38, 537, 1)
[00:04:32.343651] {Default Queue}  -> wl_region#111.add(571, 38, 138, 1)
[00:04:32.343651] {Default Queue}  -> wl_region#111.add(871, 38, 396, 1)
[00:04:32.343652] {Default Queue}  -> wl_region#111.add(14, 39, 535, 1)
[00:04:32.343652] {Default Queue}  -> wl_region#111.add(572, 39, 136, 1)
[00:04:32.343653] {Default Queue}  -> wl_region#111.add(872, 39, 394, 1)
[00:04:32.343654] {Default Queue}  -> wl_region#111.add(15, 40, 533, 1)
[00:04:32.343654] {Default Queue}  -> wl_region#111.add(573, 40, 134, 1)
[00:04:32.343655] {Default Queue}  -> wl_region#111.add(873, 40, 392, 1)
[00:04:32.343656] {Default Queue}  -> wl_region#111.add(16, 41, 531, 1)
[00:04:32.343656] {Default Queue}  -> wl_region#111.add(574, 41, 132, 1)
[00:04:32.343657] {Default Queue}  -> wl_region#111.add(874, 41, 390, 1)
[00:04:32.343658] {Default Queue}  -> wl_region#111.add(17, 42, 529, 1)
[00:04:32.343658] {Default Queue}  -> wl_region#111.add(575, 42, 130, 1)
[00:04:32.343659] {Default Queue}  -> wl_region#111.add(875, 42, 388, 1)
[00:04:32.343660] {Default Queue}  -> wl_region#111.add(19, 43, 525, 1)
[00:04:32.343660] {Default Queue}  -> wl_region#111.add(577, 43, 126, 1)
[00:04:32.343661] {Default Queue}  -> wl_region#111.add(877, 43, 384, 1)
[00:04:32.343662]  -> wl_surface#76.set_input_region(wl_region#111)
[00:04:32.343663] {Default Queue}  -> wl_region#111.destroy()
[00:04:32.343663]  -> wl_surface#76.attach(wl_buffer#113, 0, 0)
[00:04:32.343664]  -> wl_surface#76.frame(new id wl_callback#93)
[00:04:32.343665] {Default Queue}  -> wp_presentation#23.feedback(wl_surface#76, new id wp_presentation_feedback#123)
[00:04:32.343666]  -> wl_surface#76.commit()
[00:04:32.344156]  -> wl_surface#71.attach(wl_buffer#97, 0, 0)
[00:04:32.344161]  -> wl_surface#71.damage_buffer(4, 4, 827, 40)
[00:04:32.344162]  -> wl_surface#71.frame(new id wl_callback#105)
[00:04:32.344165] {Default Queue}  -> wp_presentation#23.feedback(wl_surface#71, new id wp_presentation_feedback#98)
[00:04:32.344166]  -> wl_surface#71.commit()
[00:04:32.344198] {Default Queue}  -> wl_compositor#46.create_region(new id wl_region#124)
[00:04:32.344212] {Default Queue}  -> wl_region#124.add(19, 4, 641, 1)
[00:04:32.344213] {Default Queue}  -> wl_region#124.add(690, 4, 126, 1)
[00:04:32.344214] {Default Queue}  -> wl_region#124.add(877, 4, 384, 1)
[00:04:32.344215] {Default Queue}  -> wl_region#124.add(17, 5, 645, 1)
[00:04:32.344216] {Default Queue}  -> wl_region#124.add(688, 5, 130, 1)
[00:04:32.344216] {Default Queue}  -> wl_region#124.add(875, 5, 388, 1)
[00:04:32.344217] {Default Queue}  -> wl_region#124.add(16, 6, 647, 1)
[00:04:32.344218] {Default Queue}  -> wl_region#124.add(687, 6, 132, 1)
[00:04:32.344218] {Default Queue}  -> wl_region#124.add(874, 6, 390, 1)
[00:04:32.344219] {Default Queue}  -> wl_region#124.add(15, 7, 649, 1)
[00:04:32.344220] {Default Queue}  -> wl_region#124.add(686, 7, 134, 1)
[00:04:32.344220] {Default Queue}  -> wl_region#124.add(873, 7, 392, 1)
[00:04:32.344221] {Default Queue}  -> wl_region#124.add(14, 8, 651, 1)
[00:04:32.344221] {Default Queue}  -> wl_region#124.add(685, 8, 136, 1)
[00:04:32.344222] {Default Queue}  -> wl_region#124.add(872, 8, 394, 1)
[00:04:32.344223] {Default Queue}  -> wl_region#124.add(13, 9, 653, 1)
[00:04:32.344223] {Default Queue}  -> wl_region#124.add(684, 9, 138, 1)
[00:04:32.344224] {Default Queue}  -> wl_region#124.add(871, 9, 396, 1)
[00:04:32.344225] {Default Queue}  -> wl_region#124.add(12, 10, 655, 2)
[00:04:32.344225] {Default Queue}  -> wl_region#124.add(683, 10, 140, 2)
[00:04:32.344226] {Default Queue}  -> wl_region#124.add(870, 10, 398, 2)
[00:04:32.344227] {Default Queue}  -> wl_region#124.add(11, 12, 657, 5)
[00:04:32.344227] {Default Queue}  -> wl_region#124.add(682, 12, 142, 5)
[00:04:32.344228] {Default Queue}  -> wl_region#124.add(869, 12, 400, 5)
[00:04:32.344228] {Default Queue}  -> wl_region#124.add(10, 17, 659, 14)
[00:04:32.344229] {Default Queue}  -> wl_region#124.add(681, 17, 144, 14)
[00:04:32.344230] {Default Queue}  -> wl_region#124.add(868, 17, 402, 14)
[00:04:32.344230] {Default Queue}  -> wl_region#124.add(11, 31, 657, 5)
[00:04:32.344231] {Default Queue}  -> wl_region#124.add(682, 31, 142, 5)
[00:04:32.344232] {Default Queue}  -> wl_region#124.add(869, 31, 400, 5)
[00:04:32.344232] {Default Queue}  -> wl_region#124.add(12, 36, 655, 2)
[00:04:32.344233] {Default Queue}  -> wl_region#124.add(683, 36, 140, 2)
[00:04:32.344234] {Default Queue}  -> wl_region#124.add(870, 36, 398, 2)
[00:04:32.344234] {Default Queue}  -> wl_region#124.add(13, 38, 653, 1)
[00:04:32.344235] {Default Queue}  -> wl_region#124.add(684, 38, 138, 1)
[00:04:32.344235] {Default Queue}  -> wl_region#124.add(871, 38, 396, 1)
[00:04:32.344236] {Default Queue}  -> wl_region#124.add(14, 39, 651, 1)
[00:04:32.344237] {Default Queue}  -> wl_region#124.add(685, 39, 136, 1)
[00:04:32.344237] {Default Queue}  -> wl_region#124.add(872, 39, 394, 1)
[00:04:32.344238] {Default Queue}  -> wl_region#124.add(15, 40, 649, 1)
[00:04:32.344239] {Default Queue}  -> wl_region#124.add(686, 40, 134, 1)
[00:04:32.344239] {Default Queue}  -> wl_region#124.add(873, 40, 392, 1)
[00:04:32.344240] {Default Queue}  -> wl_region#124.add(16, 41, 647, 1)
[00:04:32.344241] {Default Queue}  -> wl_region#124.add(687, 41, 132, 1)
[00:04:32.344241] {Default Queue}  -> wl_region#124.add(874, 41, 390, 1)
[00:04:32.344242] {Default Queue}  -> wl_region#124.add(17, 42, 645, 1)
[00:04:32.344242] {Default Queue}  -> wl_region#124.add(688, 42, 130, 1)
[00:04:32.344243] {Default Queue}  -> wl_region#124.add(875, 42, 388, 1)
[00:04:32.344244] {Default Queue}  -> wl_region#124.add(19, 43, 641, 1)
[00:04:32.344244] {Default Queue}  -> wl_region#124.add(690, 43, 126, 1)
[00:04:32.344245] {Default Queue}  -> wl_region#124.add(877, 43, 384, 1)
[00:04:32.344246] {Default Queue}  -> ext_background_effect_surface_v1#101.set_blur_region(wl_region#124)
[00:04:32.344247] {Default Queue}  -> wl_region#124.destroy()
[00:04:32.344264] {Display Queue} wl_display#1.delete_id(106)
[00:04:32.344266] {Display Queue} wl_display#1.delete_id(111)
[00:04:32.344266] {Default Queue} wl_buffer#94.release()
[00:04:32.344267] {Default Queue} wl_buffer#113.release()
[00:04:32.344925] {Display Queue} wl_display#1.delete_id(124)
[00:04:32.344931] {Default Queue} wl_buffer#97.release()
info: event=launcher-results count=114 shown=114 publish_us=6933
[00:04:32.351883] {Display Queue} wl_display#1.delete_id(105)
[00:04:32.351892] {Display Queue} wl_display#1.delete_id(99)
[00:04:32.351893] {Display Queue} wl_display#1.delete_id(98)
[00:04:32.351894] {Display Queue} wl_display#1.delete_id(102)
[00:04:32.351895] {Display Queue} wl_display#1.delete_id(93)
[00:04:32.351895] {Display Queue} wl_display#1.delete_id(123)
[00:04:32.351896] {Default Queue} wl_callback#105.done(40195462)
[00:04:32.351910] {Default Queue} wl_callback#99.done(40195462)
[00:04:32.351913] {Default Queue} wp_presentation_feedback#98.sync_output(wl_output#63)
[00:04:32.351914] {Default Queue} wp_presentation_feedback#98.sync_output(wl_output#31)
[00:04:32.351915] {Default Queue} wp_presentation_feedback#98.presented(0, 40195, 462949374, 0, 0, 0, 0)
[00:04:32.351918] {Default Queue} wp_presentation_feedback#102.sync_output(wl_output#63)
[00:04:32.351919] {Default Queue} wp_presentation_feedback#102.sync_output(wl_output#31)
[00:04:32.351920] {Default Queue} wp_presentation_feedback#102.presented(0, 40195, 462949374, 0, 0, 0, 0)
[00:04:32.351922] {Default Queue} wl_callback#93.done(40195463)
[00:04:32.351924] {Default Queue} wp_presentation_feedback#123.sync_output(wl_output#64)
[00:04:32.351925] {Default Queue} wp_presentation_feedback#123.sync_output(wl_output#34)
[00:04:32.351925] {Default Queue} wp_presentation_feedback#123.presented(0, 40195, 463118566, 0, 0, 0, 0)
[00:04:32.352005]  -> wl_surface#70.attach(wl_buffer#104, 0, 0)
[00:04:32.352009]  -> wl_surface#70.frame(new id wl_callback#123)
[00:04:32.352011] {Default Queue}  -> wp_presentation#23.feedback(wl_surface#70, new id wp_presentation_feedback#93)
[00:04:32.352013]  -> wl_surface#70.commit()
[00:04:32.352024]  -> wl_surface#65.commit()
[00:04:32.352323] {Default Queue}  -> wl_compositor#4.create_region(new id wl_region#102)
[00:04:32.352327] {Default Queue}  -> wl_region#102.add(19, 4, 641, 1)
[00:04:32.352329] {Default Queue}  -> wl_region#102.add(690, 4, 126, 1)
[00:04:32.352330] {Default Queue}  -> wl_region#102.add(877, 4, 384, 1)
[00:04:32.352331] {Default Queue}  -> wl_region#102.add(17, 5, 645, 1)
[00:04:32.352333] {Default Queue}  -> wl_region#102.add(688, 5, 130, 1)
[00:04:32.352333] {Default Queue}  -> wl_region#102.add(875, 5, 388, 1)
[00:04:32.352334] {Default Queue}  -> wl_region#102.add(16, 6, 647, 1)
[00:04:32.352335] {Default Queue}  -> wl_region#102.add(687, 6, 132, 1)
[00:04:32.352337] {Default Queue}  -> wl_region#102.add(874, 6, 390, 1)
[00:04:32.352337] {Default Queue}  -> wl_region#102.add(15, 7, 649, 1)
[00:04:32.352339] {Default Queue}  -> wl_region#102.add(686, 7, 134, 1)
[00:04:32.352340] {Default Queue}  -> wl_region#102.add(873, 7, 392, 1)
[00:04:32.352341] {Default Queue}  -> wl_region#102.add(14, 8, 651, 1)
[00:04:32.352342] {Default Queue}  -> wl_region#102.add(685, 8, 136, 1)
[00:04:32.352343] {Default Queue}  -> wl_region#102.add(872, 8, 394, 1)
[00:04:32.352344] {Default Queue}  -> wl_region#102.add(13, 9, 653, 1)
[00:04:32.352345] {Default Queue}  -> wl_region#102.add(684, 9, 138, 1)
[00:04:32.352346] {Default Queue}  -> wl_region#102.add(871, 9, 396, 1)
[00:04:32.352347] {Default Queue}  -> wl_region#102.add(12, 10, 655, 2)
[00:04:32.352348] {Default Queue}  -> wl_region#102.add(683, 10, 140, 2)
[00:04:32.352349] {Default Queue}  -> wl_region#102.add(870, 10, 398, 2)
[00:04:32.352350] {Default Queue}  -> wl_region#102.add(11, 12, 657, 5)
[00:04:32.352351] {Default Queue}  -> wl_region#102.add(682, 12, 142, 5)
[00:04:32.352353] {Default Queue}  -> wl_region#102.add(869, 12, 400, 5)
[00:04:32.352354] {Default Queue}  -> wl_region#102.add(10, 17, 659, 14)
[00:04:32.352355] {Default Queue}  -> wl_region#102.add(681, 17, 144, 14)
[00:04:32.352356] {Default Queue}  -> wl_region#102.add(868, 17, 402, 14)
[00:04:32.352357] {Default Queue}  -> wl_region#102.add(11, 31, 657, 5)
[00:04:32.352358] {Default Queue}  -> wl_region#102.add(682, 31, 142, 5)
[00:04:32.352360] {Default Queue}  -> wl_region#102.add(869, 31, 400, 5)
[00:04:32.352361] {Default Queue}  -> wl_region#102.add(12, 36, 655, 2)
[00:04:32.352362] {Default Queue}  -> wl_region#102.add(683, 36, 140, 2)
[00:04:32.352363] {Default Queue}  -> wl_region#102.add(870, 36, 398, 2)
[00:04:32.352364] {Default Queue}  -> wl_region#102.add(13, 38, 653, 1)
[00:04:32.352365] {Default Queue}  -> wl_region#102.add(684, 38, 138, 1)
[00:04:32.352366] {Default Queue}  -> wl_region#102.add(871, 38, 396, 1)
[00:04:32.352367] {Default Queue}  -> wl_region#102.add(14, 39, 651, 1)
[00:04:32.352368] {Default Queue}  -> wl_region#102.add(685, 39, 136, 1)
[00:04:32.352369] {Default Queue}  -> wl_region#102.add(872, 39, 394, 1)
[00:04:32.352370] {Default Queue}  -> wl_region#102.add(15, 40, 649, 1)
[00:04:32.352371] {Default Queue}  -> wl_region#102.add(686, 40, 134, 1)
[00:04:32.352372] {Default Queue}  -> wl_region#102.add(873, 40, 392, 1)
[00:04:32.352373] {Default Queue}  -> wl_region#102.add(16, 41, 647, 1)
[00:04:32.352374] {Default Queue}  -> wl_region#102.add(687, 41, 132, 1)
[00:04:32.352375] {Default Queue}  -> wl_region#102.add(874, 41, 390, 1)
[00:04:32.352376] {Default Queue}  -> wl_region#102.add(17, 42, 645, 1)
[00:04:32.352377] {Default Queue}  -> wl_region#102.add(688, 42, 130, 1)
[00:04:32.352378] {Default Queue}  -> wl_region#102.add(875, 42, 388, 1)
[00:04:32.352379] {Default Queue}  -> wl_region#102.add(19, 43, 641, 1)
[00:04:32.352380] {Default Queue}  -> wl_region#102.add(690, 43, 126, 1)
[00:04:32.352382] {Default Queue}  -> wl_region#102.add(877, 43, 384, 1)
[00:04:32.352383]  -> wl_surface#71.set_input_region(wl_region#102)
[00:04:32.352384] {Default Queue}  -> wl_region#102.destroy()
[00:04:32.352386]  -> wl_surface#71.attach(wl_buffer#97, 0, 0)
[00:04:32.352388]  -> wl_surface#71.damage_buffer(4, 4, 827, 40)
[00:04:32.352390]  -> wl_surface#71.frame(new id wl_callback#98)
[00:04:32.352391] {Default Queue}  -> wp_presentation#23.feedback(wl_surface#71, new id wp_presentation_feedback#99)
[00:04:32.352393]  -> wl_surface#71.commit()
[00:04:32.352433] {Default Queue}  -> wl_compositor#46.create_region(new id wl_region#105)
[00:04:32.352452] {Default Queue}  -> wl_region#105.add(19, 4, 504, 1)
[00:04:32.352453] {Default Queue}  -> wl_region#105.add(577, 4, 126, 1)
[00:04:32.352454] {Default Queue}  -> wl_region#105.add(877, 4, 384, 1)
[00:04:32.352455] {Default Queue}  -> wl_region#105.add(17, 5, 508, 1)
[00:04:32.352456] {Default Queue}  -> wl_region#105.add(575, 5, 130, 1)
[00:04:32.352458] {Default Queue}  -> wl_region#105.add(875, 5, 388, 1)
[00:04:32.352459] {Default Queue}  -> wl_region#105.add(16, 6, 510, 1)
[00:04:32.352460] {Default Queue}  -> wl_region#105.add(574, 6, 132, 1)
[00:04:32.352461] {Default Queue}  -> wl_region#105.add(874, 6, 390, 1)
[00:04:32.352462] {Default Queue}  -> wl_region#105.add(15, 7, 512, 1)
[00:04:32.352463] {Default Queue}  -> wl_region#105.add(573, 7, 134, 1)
[00:04:32.352464] {Default Queue}  -> wl_region#105.add(873, 7, 392, 1)
[00:04:32.352466] {Default Queue}  -> wl_region#105.add(14, 8, 514, 1)
[00:04:32.352467] {Default Queue}  -> wl_region#105.add(572, 8, 136, 1)
[00:04:32.352468] {Default Queue}  -> wl_region#105.add(872, 8, 394, 1)
[00:04:32.352469] {Default Queue}  -> wl_region#105.add(13, 9, 516, 1)
[00:04:32.352470] {Default Queue}  -> wl_region#105.add(571, 9, 138, 1)
[00:04:32.352472] {Default Queue}  -> wl_region#105.add(871, 9, 396, 1)
[00:04:32.352473] {Default Queue}  -> wl_region#105.add(12, 10, 518, 2)
[00:04:32.352474] {Default Queue}  -> wl_region#105.add(570, 10, 140, 2)
[00:04:32.352475] {Default Queue}  -> wl_region#105.add(870, 10, 398, 2)
[00:04:32.352476] {Default Queue}  -> wl_region#105.add(11, 12, 520, 5)
[00:04:32.352477] {Default Queue}  -> wl_region#105.add(569, 12, 142, 5)
[00:04:32.352479] {Default Queue}  -> wl_region#105.add(869, 12, 400, 5)
[00:04:32.352480] {Default Queue}  -> wl_region#105.add(10, 17, 522, 14)
[00:04:32.352481] {Default Queue}  -> wl_region#105.add(568, 17, 144, 14)
[00:04:32.352482] {Default Queue}  -> wl_region#105.add(868, 17, 402, 14)
[00:04:32.352483] {Default Queue}  -> wl_region#105.add(11, 31, 520, 5)
[00:04:32.352484] {Default Queue}  -> wl_region#105.add(569, 31, 142, 5)
[00:04:32.352486] {Default Queue}  -> wl_region#105.add(869, 31, 400, 5)
[00:04:32.352487] {Default Queue}  -> wl_region#105.add(12, 36, 518, 2)
[00:04:32.352488] {Default Queue}  -> wl_region#105.add(570, 36, 140, 2)
[00:04:32.352489] {Default Queue}  -> wl_region#105.add(870, 36, 398, 2)
[00:04:32.352490] {Default Queue}  -> wl_region#105.add(13, 38, 516, 1)
[00:04:32.352491] {Default Queue}  -> wl_region#105.add(571, 38, 138, 1)
[00:04:32.352492] {Default Queue}  -> wl_region#105.add(871, 38, 396, 1)
[00:04:32.352494] {Default Queue}  -> wl_region#105.add(14, 39, 514, 1)
[00:04:32.352495] {Default Queue}  -> wl_region#105.add(572, 39, 136, 1)
[00:04:32.352496] {Default Queue}  -> wl_region#105.add(872, 39, 394, 1)
[00:04:32.352497] {Default Queue}  -> wl_region#105.add(15, 40, 512, 1)
[00:04:32.352498] {Default Queue}  -> wl_region#105.add(573, 40, 134, 1)
[00:04:32.352499] {Default Queue}  -> wl_region#105.add(873, 40, 392, 1)
[00:04:32.352501] {Default Queue}  -> wl_region#105.add(16, 41, 510, 1)
[00:04:32.352502] {Default Queue}  -> wl_region#105.add(574, 41, 132, 1)
[00:04:32.352503] {Default Queue}  -> wl_region#105.add(874, 41, 390, 1)
[00:04:32.352504] {Default Queue}  -> wl_region#105.add(17, 42, 508, 1)
[00:04:32.352505] {Default Queue}  -> wl_region#105.add(575, 42, 130, 1)
[00:04:32.352507] {Default Queue}  -> wl_region#105.add(875, 42, 388, 1)
[00:04:32.352508] {Default Queue}  -> wl_region#105.add(19, 43, 504, 1)
[00:04:32.352509] {Default Queue}  -> wl_region#105.add(577, 43, 126, 1)
[00:04:32.352510] {Default Queue}  -> wl_region#105.add(877, 43, 384, 1)
[00:04:32.352511] {Default Queue}  -> ext_background_effect_surface_v1#101.set_blur_region(wl_region#105)
[00:04:32.352513] {Default Queue}  -> wl_region#105.destroy()
[00:04:32.364943]  -> wl_surface#118.attach(wl_buffer#94, 0, 0)
[00:04:32.364951]  -> wl_surface#118.damage_buffer(346, 86, 588, 62)
[00:04:32.364953]  -> wl_surface#118.frame(new id wl_callback#124)
[00:04:32.364956] {Default Queue}  -> wp_presentation#23.feedback(wl_surface#118, new id wp_presentation_feedback#111)
[00:04:32.364958]  -> wl_surface#118.commit()
info: event=launcher-painted latency_us=20074
[00:04:32.365108]  -> wl_surface#76.attach(wl_buffer#113, 0, 0)
[00:04:32.365113]  -> wl_surface#76.damage_buffer(4, 4, 555, 40)
[00:04:32.365114]  -> wl_surface#76.frame(new id wl_callback#106)
[00:04:32.365115] {Default Queue}  -> wp_presentation#23.feedback(wl_surface#76, new id wp_presentation_feedback#126)
[00:04:32.365116]  -> wl_surface#76.commit()
[00:04:32.365142] {Default Queue}  -> wl_compositor#46.create_region(new id wl_region#127)
[00:04:32.365155] {Default Queue}  -> wl_region#127.add(19, 4, 504, 1)
[00:04:32.365156] {Default Queue}  -> wl_region#127.add(577, 4, 126, 1)
[00:04:32.365157] {Default Queue}  -> wl_region#127.add(877, 4, 384, 1)
[00:04:32.365158] {Default Queue}  -> wl_region#127.add(17, 5, 508, 1)
[00:04:32.365158] {Default Queue}  -> wl_region#127.add(575, 5, 130, 1)
[00:04:32.365159] {Default Queue}  -> wl_region#127.add(875, 5, 388, 1)
[00:04:32.365160] {Default Queue}  -> wl_region#127.add(16, 6, 510, 1)
[00:04:32.365160] {Default Queue}  -> wl_region#127.add(574, 6, 132, 1)
[00:04:32.365161] {Default Queue}  -> wl_region#127.add(874, 6, 390, 1)
[00:04:32.365162] {Default Queue}  -> wl_region#127.add(15, 7, 512, 1)
[00:04:32.365162] {Default Queue}  -> wl_region#127.add(573, 7, 134, 1)
[00:04:32.365163] {Default Queue}  -> wl_region#127.add(873, 7, 392, 1)
[00:04:32.365164] {Default Queue}  -> wl_region#127.add(14, 8, 514, 1)
[00:04:32.365164] {Default Queue}  -> wl_region#127.add(572, 8, 136, 1)
[00:04:32.365165] {Default Queue}  -> wl_region#127.add(872, 8, 394, 1)
[00:04:32.365166] {Default Queue}  -> wl_region#127.add(13, 9, 516, 1)
[00:04:32.365166] {Default Queue}  -> wl_region#127.add(571, 9, 138, 1)
[00:04:32.365167] {Default Queue}  -> wl_region#127.add(871, 9, 396, 1)
[00:04:32.365168] {Default Queue}  -> wl_region#127.add(12, 10, 518, 2)
[00:04:32.365168] {Default Queue}  -> wl_region#127.add(570, 10, 140, 2)
[00:04:32.365169] {Default Queue}  -> wl_region#127.add(870, 10, 398, 2)
[00:04:32.365170] {Default Queue}  -> wl_region#127.add(11, 12, 520, 5)
[00:04:32.365170] {Default Queue}  -> wl_region#127.add(569, 12, 142, 5)
[00:04:32.365171] {Default Queue}  -> wl_region#127.add(869, 12, 400, 5)
[00:04:32.365171] {Default Queue}  -> wl_region#127.add(10, 17, 522, 14)
[00:04:32.365172] {Default Queue}  -> wl_region#127.add(568, 17, 144, 14)
[00:04:32.365173] {Default Queue}  -> wl_region#127.add(868, 17, 402, 14)
[00:04:32.365173] {Default Queue}  -> wl_region#127.add(11, 31, 520, 5)
[00:04:32.365174] {Default Queue}  -> wl_region#127.add(569, 31, 142, 5)
[00:04:32.365175] {Default Queue}  -> wl_region#127.add(869, 31, 400, 5)
[00:04:32.365175] {Default Queue}  -> wl_region#127.add(12, 36, 518, 2)
[00:04:32.365176] {Default Queue}  -> wl_region#127.add(570, 36, 140, 2)
[00:04:32.365177] {Default Queue}  -> wl_region#127.add(870, 36, 398, 2)
[00:04:32.365177] {Default Queue}  -> wl_region#127.add(13, 38, 516, 1)
[00:04:32.365178] {Default Queue}  -> wl_region#127.add(571, 38, 138, 1)
[00:04:32.365178] {Default Queue}  -> wl_region#127.add(871, 38, 396, 1)
[00:04:32.365179] {Default Queue}  -> wl_region#127.add(14, 39, 514, 1)
[00:04:32.365180] {Default Queue}  -> wl_region#127.add(572, 39, 136, 1)
[00:04:32.365180] {Default Queue}  -> wl_region#127.add(872, 39, 394, 1)
[00:04:32.365181] {Default Queue}  -> wl_region#127.add(15, 40, 512, 1)
[00:04:32.365182] {Default Queue}  -> wl_region#127.add(573, 40, 134, 1)
[00:04:32.365182] {Default Queue}  -> wl_region#127.add(873, 40, 392, 1)
[00:04:32.365183] {Default Queue}  -> wl_region#127.add(16, 41, 510, 1)
[00:04:32.365183] {Default Queue}  -> wl_region#127.add(574, 41, 132, 1)
[00:04:32.365184] {Default Queue}  -> wl_region#127.add(874, 41, 390, 1)
[00:04:32.365185] {Default Queue}  -> wl_region#127.add(17, 42, 508, 1)
[00:04:32.365185] {Default Queue}  -> wl_region#127.add(575, 42, 130, 1)
[00:04:32.365186] {Default Queue}  -> wl_region#127.add(875, 42, 388, 1)
[00:04:32.365187] {Default Queue}  -> wl_region#127.add(19, 43, 504, 1)
[00:04:32.365187] {Default Queue}  -> wl_region#127.add(577, 43, 126, 1)
[00:04:32.365188] {Default Queue}  -> wl_region#127.add(877, 43, 384, 1)
[00:04:32.365189] {Default Queue}  -> ext_background_effect_surface_v1#117.set_blur_region(wl_region#127)
[00:04:32.365190] {Default Queue}  -> wl_region#127.destroy()
[00:04:32.365230] {Display Queue} wl_display#1.delete_id(102)
[00:04:32.365232] {Display Queue} wl_display#1.delete_id(105)
[00:04:32.365233] {Display Queue} wl_display#1.delete_id(98)
[00:04:32.365233] {Display Queue} wl_display#1.delete_id(123)
[00:04:32.365234] {Display Queue} wl_display#1.delete_id(99)
[00:04:32.365234] {Display Queue} wl_display#1.delete_id(93)
[00:04:32.365235] {Default Queue} wl_buffer#104.release()
[00:04:32.365236] {Default Queue} wl_buffer#97.release()
[00:04:32.365237] {Default Queue} wl_callback#98.done(40195479)
[00:04:32.365241] {Default Queue} wl_callback#123.done(40195479)
[00:04:32.365242] {Default Queue} wp_presentation_feedback#99.sync_output(wl_output#63)
[00:04:32.365243] {Default Queue} wp_presentation_feedback#99.sync_output(wl_output#31)
[00:04:32.365244] {Default Queue} wp_presentation_feedback#99.presented(0, 40195, 479238182, 0, 0, 0, 0)
[00:04:32.365246] {Default Queue} wp_presentation_feedback#93.sync_output(wl_output#63)
[00:04:32.365247] {Default Queue} wp_presentation_feedback#93.sync_output(wl_output#31)
[00:04:32.365248] {Default Queue} wp_presentation_feedback#93.presented(0, 40195, 479238182, 0, 0, 0, 0)
[00:04:32.365315] {Display Queue} wl_display#1.delete_id(127)
[00:04:32.365316] {Default Queue} wl_buffer#94.release()
[00:04:32.365317] {Default Queue} wl_buffer#113.release()
[00:04:32.365352] {Default Queue}  -> wl_compositor#4.create_region(new id wl_region#127)
[00:04:32.365354] {Default Queue}  -> wl_region#127.add(19, 4, 504, 1)
[00:04:32.365355] {Default Queue}  -> wl_region#127.add(577, 4, 126, 1)
[00:04:32.365356] {Default Queue}  -> wl_region#127.add(877, 4, 384, 1)
[00:04:32.365357] {Default Queue}  -> wl_region#127.add(17, 5, 508, 1)
[00:04:32.365357] {Default Queue}  -> wl_region#127.add(575, 5, 130, 1)
[00:04:32.365358] {Default Queue}  -> wl_region#127.add(875, 5, 388, 1)
[00:04:32.365359] {Default Queue}  -> wl_region#127.add(16, 6, 510, 1)
[00:04:32.365359] {Default Queue}  -> wl_region#127.add(574, 6, 132, 1)
[00:04:32.365360] {Default Queue}  -> wl_region#127.add(874, 6, 390, 1)
[00:04:32.365361] {Default Queue}  -> wl_region#127.add(15, 7, 512, 1)
[00:04:32.365362] {Default Queue}  -> wl_region#127.add(573, 7, 134, 1)
[00:04:32.365362] {Default Queue}  -> wl_region#127.add(873, 7, 392, 1)
[00:04:32.365363] {Default Queue}  -> wl_region#127.add(14, 8, 514, 1)
[00:04:32.365364] {Default Queue}  -> wl_region#127.add(572, 8, 136, 1)
[00:04:32.365364] {Default Queue}  -> wl_region#127.add(872, 8, 394, 1)
[00:04:32.365365] {Default Queue}  -> wl_region#127.add(13, 9, 516, 1)
[00:04:32.365366] {Default Queue}  -> wl_region#127.add(571, 9, 138, 1)
[00:04:32.365366] {Default Queue}  -> wl_region#127.add(871, 9, 396, 1)
[00:04:32.365367] {Default Queue}  -> wl_region#127.add(12, 10, 518, 2)
[00:04:32.365367] {Default Queue}  -> wl_region#127.add(570, 10, 140, 2)
[00:04:32.365368] {Default Queue}  -> wl_region#127.add(870, 10, 398, 2)
[00:04:32.365369] {Default Queue}  -> wl_region#127.add(11, 12, 520, 5)
[00:04:32.365369] {Default Queue}  -> wl_region#127.add(569, 12, 142, 5)
[00:04:32.365370] {Default Queue}  -> wl_region#127.add(869, 12, 400, 5)
[00:04:32.365371] {Default Queue}  -> wl_region#127.add(10, 17, 522, 14)
[00:04:32.365371] {Default Queue}  -> wl_region#127.add(568, 17, 144, 14)
[00:04:32.365372] {Default Queue}  -> wl_region#127.add(868, 17, 402, 14)
[00:04:32.365373] {Default Queue}  -> wl_region#127.add(11, 31, 520, 5)
[00:04:32.365373] {Default Queue}  -> wl_region#127.add(569, 31, 142, 5)
[00:04:32.365374] {Default Queue}  -> wl_region#127.add(869, 31, 400, 5)
[00:04:32.365375] {Default Queue}  -> wl_region#127.add(12, 36, 518, 2)
[00:04:32.365375] {Default Queue}  -> wl_region#127.add(570, 36, 140, 2)
[00:04:32.365376] {Default Queue}  -> wl_region#127.add(870, 36, 398, 2)
[00:04:32.365376] {Default Queue}  -> wl_region#127.add(13, 38, 516, 1)
[00:04:32.365377] {Default Queue}  -> wl_region#127.add(571, 38, 138, 1)
[00:04:32.365378] {Default Queue}  -> wl_region#127.add(871, 38, 396, 1)
[00:04:32.365378] {Default Queue}  -> wl_region#127.add(14, 39, 514, 1)
[00:04:32.365379] {Default Queue}  -> wl_region#127.add(572, 39, 136, 1)
[00:04:32.365380] {Default Queue}  -> wl_region#127.add(872, 39, 394, 1)
[00:04:32.365380] {Default Queue}  -> wl_region#127.add(15, 40, 512, 1)
[00:04:32.365381] {Default Queue}  -> wl_region#127.add(573, 40, 134, 1)
[00:04:32.365382] {Default Queue}  -> wl_region#127.add(873, 40, 392, 1)
[00:04:32.365382] {Default Queue}  -> wl_region#127.add(16, 41, 510, 1)
[00:04:32.365383] {Default Queue}  -> wl_region#127.add(574, 41, 132, 1)
[00:04:32.365384] {Default Queue}  -> wl_region#127.add(874, 41, 390, 1)
[00:04:32.365384] {Default Queue}  -> wl_region#127.add(17, 42, 508, 1)
[00:04:32.365385] {Default Queue}  -> wl_region#127.add(575, 42, 130, 1)
[00:04:32.365385] {Default Queue}  -> wl_region#127.add(875, 42, 388, 1)
[00:04:32.365386] {Default Queue}  -> wl_region#127.add(19, 43, 504, 1)
[00:04:32.365387] {Default Queue}  -> wl_region#127.add(577, 43, 126, 1)
[00:04:32.365387] {Default Queue}  -> wl_region#127.add(877, 43, 384, 1)
[00:04:32.365388]  -> wl_surface#71.set_input_region(wl_region#127)
[00:04:32.365389] {Default Queue}  -> wl_region#127.destroy()
[00:04:32.365390]  -> wl_surface#71.attach(wl_buffer#97, 0, 0)
[00:04:32.365390]  -> wl_surface#71.frame(new id wl_callback#93)
[00:04:32.365391] {Default Queue}  -> wp_presentation#23.feedback(wl_surface#71, new id wp_presentation_feedback#99)
[00:04:32.365392]  -> wl_surface#71.commit()
[00:04:32.365424] {Display Queue} wl_display#1.delete_id(127)
[00:04:32.365425] {Default Queue} wl_buffer#97.release()
[00:04:32.380689] {Display Queue} wl_display#1.delete_id(93)
[00:04:32.380700] {Display Queue} wl_display#1.delete_id(124)
[00:04:32.380702] {Display Queue} wl_display#1.delete_id(99)
[00:04:32.380703] {Display Queue} wl_display#1.delete_id(111)
[00:04:32.380703] {Default Queue} wl_callback#93.done(40195495)
[00:04:32.380711] {Default Queue} wl_callback#124.done(40195495)
[00:04:32.380717] {Default Queue} wp_presentation_feedback#99.sync_output(wl_output#63)
[00:04:32.380718] {Default Queue} wp_presentation_feedback#99.sync_output(wl_output#31)
[00:04:32.380719] {Default Queue} wp_presentation_feedback#99.presented(0, 40195, 495546879, 0, 0, 0, 0)
[00:04:32.380722] {Default Queue} wp_presentation_feedback#111.sync_output(wl_output#63)
[00:04:32.380723] {Default Queue} wp_presentation_feedback#111.sync_output(wl_output#31)
[00:04:32.380724] {Default Queue} wp_presentation_feedback#111.presented(0, 40195, 495546879, 0, 0, 0, 0)
[00:04:32.381458]  -> wl_surface#118.attach(wl_buffer#94, 0, 0)
[00:04:32.381467]  -> wl_surface#118.damage_buffer(346, 86, 588, 62)
[00:04:32.381469]  -> wl_surface#118.frame(new id wl_callback#111)
[00:04:32.381471] {Default Queue}  -> wp_presentation#23.feedback(wl_surface#118, new id wp_presentation_feedback#99)
[00:04:32.381473]  -> wl_surface#118.commit()
[00:04:32.381502] {Display Queue} wl_display#1.delete_id(106)
[00:04:32.381504] {Display Queue} wl_display#1.delete_id(126)
[00:04:32.381505] {Default Queue} wl_callback#106.done(40195495)
[00:04:32.381510] {Default Queue} wp_presentation_feedback#126.sync_output(wl_output#64)
[00:04:32.381511] {Default Queue} wp_presentation_feedback#126.sync_output(wl_output#34)
[00:04:32.381512] {Default Queue} wp_presentation_feedback#126.presented(0, 40195, 495634530, 0, 0, 0, 0)
[00:04:32.381577] {Default Queue}  -> wl_compositor#4.create_region(new id wl_region#126)
[00:04:32.381580] {Default Queue}  -> wl_region#126.add(19, 4, 504, 1)
[00:04:32.381582] {Default Queue}  -> wl_region#126.add(577, 4, 126, 1)
[00:04:32.381583] {Default Queue}  -> wl_region#126.add(877, 4, 384, 1)
[00:04:32.381584] {Default Queue}  -> wl_region#126.add(17, 5, 508, 1)
[00:04:32.381585] {Default Queue}  -> wl_region#126.add(575, 5, 130, 1)
[00:04:32.381586] {Default Queue}  -> wl_region#126.add(875, 5, 388, 1)
[00:04:32.381587] {Default Queue}  -> wl_region#126.add(16, 6, 510, 1)
[00:04:32.381588] {Default Queue}  -> wl_region#126.add(574, 6, 132, 1)
[00:04:32.381588] {Default Queue}  -> wl_region#126.add(874, 6, 390, 1)
[00:04:32.381589] {Default Queue}  -> wl_region#126.add(15, 7, 512, 1)
[00:04:32.381590] {Default Queue}  -> wl_region#126.add(573, 7, 134, 1)
[00:04:32.381590] {Default Queue}  -> wl_region#126.add(873, 7, 392, 1)
[00:04:32.381591] {Default Queue}  -> wl_region#126.add(14, 8, 514, 1)
[00:04:32.381592] {Default Queue}  -> wl_region#126.add(572, 8, 136, 1)
[00:04:32.381592] {Default Queue}  -> wl_region#126.add(872, 8, 394, 1)
[00:04:32.381593] {Default Queue}  -> wl_region#126.add(13, 9, 516, 1)
[00:04:32.381594] {Default Queue}  -> wl_region#126.add(571, 9, 138, 1)
[00:04:32.381594] {Default Queue}  -> wl_region#126.add(871, 9, 396, 1)
[00:04:32.381595] {Default Queue}  -> wl_region#126.add(12, 10, 518, 2)
[00:04:32.381595] {Default Queue}  -> wl_region#126.add(570, 10, 140, 2)
[00:04:32.381596] {Default Queue}  -> wl_region#126.add(870, 10, 398, 2)
[00:04:32.381597] {Default Queue}  -> wl_region#126.add(11, 12, 520, 5)
[00:04:32.381597] {Default Queue}  -> wl_region#126.add(569, 12, 142, 5)
[00:04:32.381598] {Default Queue}  -> wl_region#126.add(869, 12, 400, 5)
[00:04:32.381599] {Default Queue}  -> wl_region#126.add(10, 17, 522, 14)
[00:04:32.381599] {Default Queue}  -> wl_region#126.add(568, 17, 144, 14)
[00:04:32.381600] {Default Queue}  -> wl_region#126.add(868, 17, 402, 14)
[00:04:32.381600] {Default Queue}  -> wl_region#126.add(11, 31, 520, 5)
[00:04:32.381601] {Default Queue}  -> wl_region#126.add(569, 31, 142, 5)
[00:04:32.381602] {Default Queue}  -> wl_region#126.add(869, 31, 400, 5)
[00:04:32.381602] {Default Queue}  -> wl_region#126.add(12, 36, 518, 2)
[00:04:32.381603] {Default Queue}  -> wl_region#126.add(570, 36, 140, 2)
[00:04:32.381603] {Default Queue}  -> wl_region#126.add(870, 36, 398, 2)
[00:04:32.381604] {Default Queue}  -> wl_region#126.add(13, 38, 516, 1)
[00:04:32.381605] {Default Queue}  -> wl_region#126.add(571, 38, 138, 1)
[00:04:32.381605] {Default Queue}  -> wl_region#126.add(871, 38, 396, 1)
[00:04:32.381610] {Default Queue}  -> wl_region#126.add(14, 39, 514, 1)
[00:04:32.381611] {Default Queue}  -> wl_region#126.add(572, 39, 136, 1)
[00:04:32.381612] {Default Queue}  -> wl_region#126.add(872, 39, 394, 1)
[00:04:32.381612] {Default Queue}  -> wl_region#126.add(15, 40, 512, 1)
[00:04:32.381613] {Default Queue}  -> wl_region#126.add(573, 40, 134, 1)
[00:04:32.381614] {Default Queue}  -> wl_region#126.add(873, 40, 392, 1)
[00:04:32.381614] {Default Queue}  -> wl_region#126.add(16, 41, 510, 1)
[00:04:32.381615] {Default Queue}  -> wl_region#126.add(574, 41, 132, 1)
[00:04:32.381615] {Default Queue}  -> wl_region#126.add(874, 41, 390, 1)
[00:04:32.381616] {Default Queue}  -> wl_region#126.add(17, 42, 508, 1)
[00:04:32.381617] {Default Queue}  -> wl_region#126.add(575, 42, 130, 1)
[00:04:32.381617] {Default Queue}  -> wl_region#126.add(875, 42, 388, 1)
[00:04:32.381618] {Default Queue}  -> wl_region#126.add(19, 43, 504, 1)
[00:04:32.381619] {Default Queue}  -> wl_region#126.add(577, 43, 126, 1)
[00:04:32.381619] {Default Queue}  -> wl_region#126.add(877, 43, 384, 1)
[00:04:32.381620]  -> wl_surface#76.set_input_region(wl_region#126)
[00:04:32.381621] {Default Queue}  -> wl_region#126.destroy()
[00:04:32.381622]  -> wl_surface#76.attach(wl_buffer#113, 0, 0)
[00:04:32.381624]  -> wl_surface#76.frame(new id wl_callback#106)
[00:04:32.381625] {Default Queue}  -> wp_presentation#23.feedback(wl_surface#76, new id wp_presentation_feedback#124)
[00:04:32.381626]  -> wl_surface#76.commit()
[00:04:32.381647] {Default Queue} wl_buffer#94.release()
[00:04:32.381687] {Display Queue} wl_display#1.delete_id(126)
[00:04:32.381688] {Default Queue} wl_buffer#113.release()
[00:04:32.397150] {Display Queue} wl_display#1.delete_id(111)
[00:04:32.397161] {Display Queue} wl_display#1.delete_id(99)
[00:04:32.397163] {Default Queue} wl_callback#111.done(40195511)
[00:04:32.397174] {Default Queue} wp_presentation_feedback#99.sync_output(wl_output#63)
[00:04:32.397175] {Default Queue} wp_presentation_feedback#99.sync_output(wl_output#31)
[00:04:32.397176] {Default Queue} wp_presentation_feedback#99.presented(0, 40195, 511987698, 0, 0, 0, 0)
[00:04:32.397715]  -> wl_surface#118.attach(wl_buffer#94, 0, 0)
[00:04:32.397720]  -> wl_surface#118.damage_buffer(346, 86, 588, 62)
[00:04:32.397722]  -> wl_surface#118.frame(new id wl_callback#99)
[00:04:32.397724] {Default Queue}  -> wp_presentation#23.feedback(wl_surface#118, new id wp_presentation_feedback#111)
[00:04:32.397726]  -> wl_surface#118.commit()
[00:04:32.397750] {Display Queue} wl_display#1.delete_id(106)
[00:04:32.397751] {Display Queue} wl_display#1.delete_id(124)
[00:04:32.397752] {Default Queue} wl_callback#106.done(40195512)
[00:04:32.397755] {Default Queue} wp_presentation_feedback#124.sync_output(wl_output#64)
[00:04:32.397756] {Default Queue} wp_presentation_feedback#124.sync_output(wl_output#34)
[00:04:32.397757] {Default Queue} wp_presentation_feedback#124.presented(0, 40195, 512107679, 0, 0, 0, 0)
[00:04:32.397833] {Default Queue} wl_buffer#94.release()
[00:04:32.413660] {Display Queue} wl_display#1.delete_id(99)
[00:04:32.413675] {Display Queue} wl_display#1.delete_id(111)
[00:04:32.413676] {Default Queue} wl_callback#99.done(40195528)
[00:04:32.413694] {Default Queue} wp_presentation_feedback#111.sync_output(wl_output#63)
[00:04:32.413696] {Default Queue} wp_presentation_feedback#111.sync_output(wl_output#31)
[00:04:32.413697] {Default Queue} wp_presentation_feedback#111.presented(0, 40195, 528483138, 0, 0, 0, 0)
[00:04:32.414734]  -> wl_surface#118.attach(wl_buffer#94, 0, 0)
[00:04:32.414744]  -> wl_surface#118.damage_buffer(346, 86, 588, 62)
[00:04:32.414747]  -> wl_surface#118.frame(new id wl_callback#111)
[00:04:32.414751] {Default Queue}  -> wp_presentation#23.feedback(wl_surface#118, new id wp_presentation_feedback#99)
[00:04:32.414755]  -> wl_surface#118.commit()
[00:04:32.414906] {Default Queue} wl_buffer#94.release()
[00:04:32.429949] {Display Queue} wl_display#1.delete_id(111)
[00:04:32.429962] {Display Queue} wl_display#1.delete_id(99)
[00:04:32.429964] {Default Queue} wl_callback#111.done(40195544)
[00:04:32.429983] {Default Queue} wp_presentation_feedback#99.sync_output(wl_output#63)
[00:04:32.429984] {Default Queue} wp_presentation_feedback#99.sync_output(wl_output#31)
[00:04:32.429985] {Default Queue} wp_presentation_feedback#99.presented(0, 40195, 544805635, 0, 0, 0, 0)
[00:04:32.430634]  -> wl_surface#118.attach(wl_buffer#94, 0, 0)
[00:04:32.430638]  -> wl_surface#118.damage_buffer(346, 86, 588, 62)
[00:04:32.430639]  -> wl_surface#118.frame(new id wl_callback#99)
[00:04:32.430641] {Default Queue}  -> wp_presentation#23.feedback(wl_surface#118, new id wp_presentation_feedback#111)
[00:04:32.430643]  -> wl_surface#118.commit()
[00:04:32.430732] {Default Queue}  -> zwlr_layer_surface_v1#75.set_exclusive_zone(80)
[00:04:32.430749] {Default Queue} wl_buffer#94.release()
[00:04:32.430765] {Default Queue}  -> wl_buffer#97.destroy()
[00:04:32.430766] {Default Queue}  -> wl_shm_pool#96.destroy()
[00:04:32.430960] {Default Queue}  -> wl_shm#5.create_pool(new id wl_shm_pool#124, fd 18, 409600)
[00:04:32.430964] {Default Queue}  -> wl_shm_pool#124.create_buffer(new id wl_buffer#106, 0, 1280, 80, 5120, 0)
[00:04:32.431238] {Default Queue}  -> zwlr_layer_surface_v1#75.set_size(0, 80)
[00:04:32.431241] {Default Queue}  -> wl_compositor#4.create_region(new id wl_region#126)
[00:04:32.431242] {Default Queue}  -> wl_region#126.add(56, 27, 46, 26)
[00:04:32.431244]  -> wl_surface#71.set_opaque_region(wl_region#126)
[00:04:32.431245] {Default Queue}  -> wl_region#126.destroy()
[00:04:32.431246] {Default Queue}  -> wp_viewport#73.set_destination(1280, 80)
[00:04:32.431247]  -> wl_surface#71.attach(wl_buffer#106, 0, 0)
[00:04:32.431247]  -> wl_surface#71.damage_buffer(0, 0, 1280, 80)
[00:04:32.431249]  -> wl_surface#71.frame(new id wl_callback#93)
[00:04:32.431250] {Default Queue}  -> wp_presentation#23.feedback(wl_surface#71, new id wp_presentation_feedback#127)
[00:04:32.431251]  -> wl_surface#71.commit()
[00:04:32.431303] {Default Queue}  -> wl_compositor#46.create_region(new id wl_region#123)
[00:04:32.431322] {Default Queue}  -> wl_region#123.add(19, 4, 504, 1)
[00:04:32.431323] {Default Queue}  -> wl_region#123.add(577, 4, 126, 1)
[00:04:32.431324] {Default Queue}  -> wl_region#123.add(877, 4, 384, 1)
[00:04:32.431325] {Default Queue}  -> wl_region#123.add(17, 5, 508, 1)
[00:04:32.431325] {Default Queue}  -> wl_region#123.add(575, 5, 130, 1)
[00:04:32.431326] {Default Queue}  -> wl_region#123.add(875, 5, 388, 1)
[00:04:32.431327] {Default Queue}  -> wl_region#123.add(16, 6, 510, 1)
[00:04:32.431327] {Default Queue}  -> wl_region#123.add(574, 6, 132, 1)
[00:04:32.431328] {Default Queue}  -> wl_region#123.add(874, 6, 390, 1)
[00:04:32.431328] {Default Queue}  -> wl_region#123.add(15, 7, 512, 1)
[00:04:32.431329] {Default Queue}  -> wl_region#123.add(573, 7, 134, 1)
[00:04:32.431330] {Default Queue}  -> wl_region#123.add(873, 7, 392, 1)
[00:04:32.431331] {Default Queue}  -> wl_region#123.add(14, 8, 514, 1)
[00:04:32.431331] {Default Queue}  -> wl_region#123.add(572, 8, 136, 1)
[00:04:32.431332] {Default Queue}  -> wl_region#123.add(872, 8, 394, 1)
[00:04:32.431333] {Default Queue}  -> wl_region#123.add(13, 9, 516, 1)
[00:04:32.431333] {Default Queue}  -> wl_region#123.add(571, 9, 138, 1)
[00:04:32.431334] {Default Queue}  -> wl_region#123.add(871, 9, 396, 1)
[00:04:32.431334] {Default Queue}  -> wl_region#123.add(12, 10, 518, 2)
[00:04:32.431335] {Default Queue}  -> wl_region#123.add(570, 10, 140, 2)
[00:04:32.431336] {Default Queue}  -> wl_region#123.add(870, 10, 398, 2)
[00:04:32.431336] {Default Queue}  -> wl_region#123.add(11, 12, 520, 5)
[00:04:32.431337] {Default Queue}  -> wl_region#123.add(569, 12, 142, 5)
[00:04:32.431337] {Default Queue}  -> wl_region#123.add(869, 12, 400, 5)
[00:04:32.431338] {Default Queue}  -> wl_region#123.add(10, 17, 522, 46)
[00:04:32.431339] {Default Queue}  -> wl_region#123.add(568, 17, 144, 46)
[00:04:32.431339] {Default Queue}  -> wl_region#123.add(868, 17, 402, 46)
[00:04:32.431340] {Default Queue}  -> wl_region#123.add(11, 63, 520, 5)
[00:04:32.431341] {Default Queue}  -> wl_region#123.add(569, 63, 142, 5)
[00:04:32.431341] {Default Queue}  -> wl_region#123.add(869, 63, 400, 5)
[00:04:32.431342] {Default Queue}  -> wl_region#123.add(12, 68, 518, 2)
[00:04:32.431342] {Default Queue}  -> wl_region#123.add(570, 68, 140, 2)
[00:04:32.431343] {Default Queue}  -> wl_region#123.add(870, 68, 398, 2)
[00:04:32.431344] {Default Queue}  -> wl_region#123.add(13, 70, 516, 1)
[00:04:32.431344] {Default Queue}  -> wl_region#123.add(571, 70, 138, 1)
[00:04:32.431345] {Default Queue}  -> wl_region#123.add(871, 70, 396, 1)
[00:04:32.431345] {Default Queue}  -> wl_region#123.add(14, 71, 514, 1)
[00:04:32.431346] {Default Queue}  -> wl_region#123.add(572, 71, 136, 1)
[00:04:32.431347] {Default Queue}  -> wl_region#123.add(872, 71, 394, 1)
[00:04:32.431347] {Default Queue}  -> wl_region#123.add(15, 72, 512, 1)
[00:04:32.431348] {Default Queue}  -> wl_region#123.add(573, 72, 134, 1)
[00:04:32.431348] {Default Queue}  -> wl_region#123.add(873, 72, 392, 1)
[00:04:32.431349] {Default Queue}  -> wl_region#123.add(16, 73, 510, 1)
[00:04:32.431350] {Default Queue}  -> wl_region#123.add(574, 73, 132, 1)
[00:04:32.431350] {Default Queue}  -> wl_region#123.add(874, 73, 390, 1)
[00:04:32.431351] {Default Queue}  -> wl_region#123.add(17, 74, 508, 1)
[00:04:32.431351] {Default Queue}  -> wl_region#123.add(575, 74, 130, 1)
[00:04:32.431352] {Default Queue}  -> wl_region#123.add(875, 74, 388, 1)
[00:04:32.431353] {Default Queue}  -> wl_region#123.add(19, 75, 504, 1)
[00:04:32.431353] {Default Queue}  -> wl_region#123.add(577, 75, 126, 1)
[00:04:32.431354] {Default Queue}  -> wl_region#123.add(877, 75, 384, 1)
[00:04:32.431355] {Default Queue}  -> ext_background_effect_surface_v1#101.set_blur_region(wl_region#123)
[00:04:32.431356] {Default Queue}  -> wl_region#123.destroy()
[00:04:32.431767] {Display Queue} wl_display#1.delete_id(97)
[00:04:32.431771] {Display Queue} wl_display#1.delete_id(96)
[00:04:32.431772] {Display Queue} wl_display#1.delete_id(126)
[00:04:32.431773] {Display Queue} wl_display#1.delete_id(123)
[00:04:32.431774] {Default Queue} zwlr_layer_surface_v1#75.configure(121, 1280, 80)
[00:04:32.431778] {Default Queue}  -> zwlr_layer_surface_v1#75.ack_configure(121)
[00:04:32.431779] {Default Queue} zwlr_layer_surface_v1#69.configure(122, 1280, 720)
[00:04:32.431783] {Default Queue}  -> zwlr_layer_surface_v1#69.ack_configure(122)
[00:04:32.431783] {Default Queue} zwlr_layer_surface_v1#80.configure(123, 88, 2)
[00:04:32.431788] {Default Queue}  -> zwlr_layer_surface_v1#80.ack_configure(123)
[00:04:32.431789] {Default Queue} zwlr_layer_surface_v1#125.configure(124, 1280, 640)
[00:04:32.431790] {Default Queue}  -> zwlr_layer_surface_v1#125.ack_configure(124)
[00:04:32.431790] {Default Queue} wl_buffer#106.release()
[00:04:32.431803]  -> wl_surface#65.commit()
[00:04:32.431811]  -> wl_surface#70.commit()
info: event=launcher-results count=114 shown=114 publish_us=4779
[00:04:32.446958] {Display Queue} wl_display#1.delete_id(93)
[00:04:32.446972] {Display Queue} wl_display#1.delete_id(99)
[00:04:32.446973] {Display Queue} wl_display#1.delete_id(127)
[00:04:32.446974] {Display Queue} wl_display#1.delete_id(111)
[00:04:32.446975] {Default Queue} wl_callback#93.done(40195561)
[00:04:32.446989] {Default Queue} wl_callback#99.done(40195561)
[00:04:32.446992] {Default Queue} wp_presentation_feedback#127.sync_output(wl_output#63)
[00:04:32.446994] {Default Queue} wp_presentation_feedback#127.sync_output(wl_output#31)
[00:04:32.446995] {Default Queue} wp_presentation_feedback#127.presented(0, 40195, 561706029, 0, 0, 0, 0)
[00:04:32.447001] {Default Queue} wp_presentation_feedback#111.sync_output(wl_output#63)
[00:04:32.447001] {Default Queue} wp_presentation_feedback#111.sync_output(wl_output#31)
[00:04:32.447003] {Default Queue} wp_presentation_feedback#111.presented(0, 40195, 561706029, 0, 0, 0, 0)
[00:04:32.447276] {Default Queue}  -> wl_compositor#4.create_region(new id wl_region#111)
[00:04:32.447285] {Default Queue}  -> wl_region#111.add(19, 4, 504, 1)
[00:04:32.447287] {Default Queue}  -> wl_region#111.add(577, 4, 126, 1)
[00:04:32.447288] {Default Queue}  -> wl_region#111.add(877, 4, 384, 1)
[00:04:32.447289] {Default Queue}  -> wl_region#111.add(17, 5, 508, 1)
[00:04:32.447290] {Default Queue}  -> wl_region#111.add(575, 5, 130, 1)
[00:04:32.447290] {Default Queue}  -> wl_region#111.add(875, 5, 388, 1)
[00:04:32.447291] {Default Queue}  -> wl_region#111.add(16, 6, 510, 1)
[00:04:32.447292] {Default Queue}  -> wl_region#111.add(574, 6, 132, 1)
[00:04:32.447292] {Default Queue}  -> wl_region#111.add(874, 6, 390, 1)
[00:04:32.447293] {Default Queue}  -> wl_region#111.add(15, 7, 512, 1)
[00:04:32.447294] {Default Queue}  -> wl_region#111.add(573, 7, 134, 1)
[00:04:32.447294] {Default Queue}  -> wl_region#111.add(873, 7, 392, 1)
[00:04:32.447295] {Default Queue}  -> wl_region#111.add(14, 8, 514, 1)
[00:04:32.447296] {Default Queue}  -> wl_region#111.add(572, 8, 136, 1)
[00:04:32.447296] {Default Queue}  -> wl_region#111.add(872, 8, 394, 1)
[00:04:32.447297] {Default Queue}  -> wl_region#111.add(13, 9, 516, 1)
[00:04:32.447297] {Default Queue}  -> wl_region#111.add(571, 9, 138, 1)
[00:04:32.447298] {Default Queue}  -> wl_region#111.add(871, 9, 396, 1)
[00:04:32.447299] {Default Queue}  -> wl_region#111.add(12, 10, 518, 2)
[00:04:32.447299] {Default Queue}  -> wl_region#111.add(570, 10, 140, 2)
[00:04:32.447300] {Default Queue}  -> wl_region#111.add(870, 10, 398, 2)
[00:04:32.447300] {Default Queue}  -> wl_region#111.add(11, 12, 520, 5)
[00:04:32.447301] {Default Queue}  -> wl_region#111.add(569, 12, 142, 5)
[00:04:32.447302] {Default Queue}  -> wl_region#111.add(869, 12, 400, 5)
[00:04:32.447302] {Default Queue}  -> wl_region#111.add(10, 17, 522, 46)
[00:04:32.447303] {Default Queue}  -> wl_region#111.add(568, 17, 144, 46)
[00:04:32.447303] {Default Queue}  -> wl_region#111.add(868, 17, 402, 46)
[00:04:32.447304] {Default Queue}  -> wl_region#111.add(11, 63, 520, 5)
[00:04:32.447305] {Default Queue}  -> wl_region#111.add(569, 63, 142, 5)
[00:04:32.447307] {Default Queue}  -> wl_region#111.add(869, 63, 400, 5)
[00:04:32.447307] {Default Queue}  -> wl_region#111.add(12, 68, 518, 2)
[00:04:32.447308] {Default Queue}  -> wl_region#111.add(570, 68, 140, 2)
[00:04:32.447308] {Default Queue}  -> wl_region#111.add(870, 68, 398, 2)
[00:04:32.447309] {Default Queue}  -> wl_region#111.add(13, 70, 516, 1)
[00:04:32.447310] {Default Queue}  -> wl_region#111.add(571, 70, 138, 1)
[00:04:32.447310] {Default Queue}  -> wl_region#111.add(871, 70, 396, 1)
[00:04:32.447311] {Default Queue}  -> wl_region#111.add(14, 71, 514, 1)
[00:04:32.447311] {Default Queue}  -> wl_region#111.add(572, 71, 136, 1)
[00:04:32.447312] {Default Queue}  -> wl_region#111.add(872, 71, 394, 1)
[00:04:32.447313] {Default Queue}  -> wl_region#111.add(15, 72, 512, 1)
[00:04:32.447313] {Default Queue}  -> wl_region#111.add(573, 72, 134, 1)
[00:04:32.447314] {Default Queue}  -> wl_region#111.add(873, 72, 392, 1)
[00:04:32.447314] {Default Queue}  -> wl_region#111.add(16, 73, 510, 1)
[00:04:32.447315] {Default Queue}  -> wl_region#111.add(574, 73, 132, 1)
[00:04:32.447316] {Default Queue}  -> wl_region#111.add(874, 73, 390, 1)
[00:04:32.447316] {Default Queue}  -> wl_region#111.add(17, 74, 508, 1)
[00:04:32.447317] {Default Queue}  -> wl_region#111.add(575, 74, 130, 1)
[00:04:32.447318] {Default Queue}  -> wl_region#111.add(875, 74, 388, 1)
[00:04:32.447318] {Default Queue}  -> wl_region#111.add(19, 75, 504, 1)
[00:04:32.447319] {Default Queue}  -> wl_region#111.add(577, 75, 126, 1)
[00:04:32.447320] {Default Queue}  -> wl_region#111.add(877, 75, 384, 1)
[00:04:32.447321]  -> wl_surface#71.set_input_region(wl_region#111)
[00:04:32.447323] {Default Queue}  -> wl_region#111.destroy()
[00:04:32.447325]  -> wl_surface#71.attach(wl_buffer#106, 0, 0)
[00:04:32.447327]  -> wl_surface#71.frame(new id wl_callback#127)
[00:04:32.447330] {Default Queue}  -> wp_presentation#23.feedback(wl_surface#71, new id wp_presentation_feedback#99)
[00:04:32.447333]  -> wl_surface#71.commit()
[00:04:32.456776] {Default Queue}  -> wl_buffer#94.destroy()
[00:04:32.456787] {Default Queue}  -> wl_shm_pool#95.destroy()
[00:04:32.459314] {Default Queue}  -> wl_shm#5.create_pool(new id wl_shm_pool#93, fd 18, 3276800)
[00:04:32.459322] {Default Queue}  -> wl_shm_pool#93.create_buffer(new id wl_buffer#123, 0, 1280, 640, 5120, 0)
[00:04:32.460309] {Default Queue}  -> wl_compositor#4.create_region(new id wl_region#126)
[00:04:32.460314] {Default Queue}  -> wl_region#126.add(365, 142, 550, 62)
[00:04:32.460317]  -> wl_surface#118.set_opaque_region(wl_region#126)
[00:04:32.460318] {Default Queue}  -> wl_region#126.destroy()
[00:04:32.460320] {Default Queue}  -> wp_viewport#100.set_destination(1280, 640)
[00:04:32.460321]  -> wl_surface#118.attach(wl_buffer#123, 0, 0)
[00:04:32.460323]  -> wl_surface#118.damage_buffer(0, 0, 1280, 640)
[00:04:32.460324]  -> wl_surface#118.frame(new id wl_callback#96)
[00:04:32.460326] {Default Queue}  -> wp_presentation#23.feedback(wl_surface#118, new id wp_presentation_feedback#97)
[00:04:32.460328]  -> wl_surface#118.commit()
[00:04:32.460359] {Default Queue}  -> wl_compositor#46.create_region(new id wl_region#98)
[00:04:32.460390] {Default Queue}  -> wl_region#98.add(339, 20, 602, 1)
[00:04:32.460391] {Default Queue}  -> wl_region#98.add(337, 21, 606, 1)
[00:04:32.460392] {Default Queue}  -> wl_region#98.add(336, 22, 608, 1)
[00:04:32.460393] {Default Queue}  -> wl_region#98.add(335, 23, 610, 1)
[00:04:32.460394] {Default Queue}  -> wl_region#98.add(334, 24, 612, 1)
[00:04:32.460394] {Default Queue}  -> wl_region#98.add(333, 25, 614, 1)
[00:04:32.460395] {Default Queue}  -> wl_region#98.add(332, 26, 616, 2)
[00:04:32.460396] {Default Queue}  -> wl_region#98.add(331, 28, 618, 5)
[00:04:32.460396] {Default Queue}  -> wl_region#98.add(330, 33, 620, 574)
[00:04:32.460397] {Default Queue}  -> wl_region#98.add(331, 607, 618, 5)
[00:04:32.460397] {Default Queue}  -> wl_region#98.add(332, 612, 616, 2)
[00:04:32.460398] {Default Queue}  -> wl_region#98.add(333, 614, 614, 1)
[00:04:32.460399] {Default Queue}  -> wl_region#98.add(334, 615, 612, 1)
[00:04:32.460399] {Default Queue}  -> wl_region#98.add(335, 616, 610, 1)
[00:04:32.460400] {Default Queue}  -> wl_region#98.add(336, 617, 608, 1)
[00:04:32.460401] {Default Queue}  -> wl_region#98.add(337, 618, 606, 1)
[00:04:32.460401] {Default Queue}  -> wl_region#98.add(339, 619, 602, 1)
[00:04:32.460402] {Default Queue}  -> ext_background_effect_surface_v1#116.set_blur_region(wl_region#98)
[00:04:32.460403] {Default Queue}  -> wl_region#98.destroy()
info: event=launcher-painted latency_us=25853
[00:04:32.460567]  -> wl_surface#70.attach(wl_buffer#104, 0, 0)
[00:04:32.460569]  -> wl_surface#70.frame(new id wl_callback#105)
[00:04:32.460570] {Default Queue}  -> wp_presentation#23.feedback(wl_surface#70, new id wp_presentation_feedback#102)
[00:04:32.460570]  -> wl_surface#70.commit()
[00:04:32.461269] {Display Queue} wl_display#1.delete_id(111)
[00:04:32.461276] {Display Queue} wl_display#1.delete_id(94)
[00:04:32.461277] {Display Queue} wl_display#1.delete_id(95)
[00:04:32.461278] {Display Queue} wl_display#1.delete_id(126)
[00:04:32.461279] {Display Queue} wl_display#1.delete_id(98)
[00:04:32.461279] {Default Queue} wl_buffer#106.release()
[00:04:32.461281] {Default Queue} wl_buffer#123.release()
[00:04:32.461287] {Default Queue} wl_buffer#104.release()
[00:04:32.463230] {Display Queue} wl_display#1.delete_id(127)
[00:04:32.463232] {Display Queue} wl_display#1.delete_id(105)
[00:04:32.463233] {Display Queue} wl_display#1.delete_id(96)
[00:04:32.463234] {Display Queue} wl_display#1.delete_id(99)
[00:04:32.463234] {Display Queue} wl_display#1.delete_id(102)
[00:04:32.463235] {Display Queue} wl_display#1.delete_id(97)
[00:04:32.463235] {Default Queue} wl_callback#127.done(40195578)
[00:04:32.463240] {Default Queue} wl_callback#105.done(40195578)
[00:04:32.463241] {Default Queue} wl_callback#96.done(40195578)
[00:04:32.463244] {Default Queue} wp_presentation_feedback#99.sync_output(wl_output#63)
[00:04:32.463246] {Default Queue} wp_presentation_feedback#99.sync_output(wl_output#31)
[00:04:32.463246] {Default Queue} wp_presentation_feedback#99.presented(0, 40195, 578111207, 0, 0, 0, 0)
[00:04:32.463249] {Default Queue} wp_presentation_feedback#102.sync_output(wl_output#63)
[00:04:32.463249] {Default Queue} wp_presentation_feedback#102.sync_output(wl_output#31)
[00:04:32.463250] {Default Queue} wp_presentation_feedback#102.presented(0, 40195, 578111207, 0, 0, 0, 0)
[00:04:32.463251] {Default Queue} wp_presentation_feedback#97.sync_output(wl_output#63)
[00:04:32.463252] {Default Queue} wp_presentation_feedback#97.sync_output(wl_output#31)
[00:04:32.463252] {Default Queue} wp_presentation_feedback#97.presented(0, 40195, 578111207, 0, 0, 0, 0)
[00:04:32.463750]  -> wl_surface#118.attach(wl_buffer#123, 0, 0)
[00:04:32.463752]  -> wl_surface#118.damage_buffer(346, 70, 588, 62)
[00:04:32.463753]  -> wl_surface#118.frame(new id wl_callback#97)
[00:04:32.463754] {Default Queue}  -> wp_presentation#23.feedback(wl_surface#118, new id wp_presentation_feedback#102)
[00:04:32.463756]  -> wl_surface#118.commit()
[00:04:32.463810] {Default Queue} wl_buffer#123.release()
[00:04:32.479838] {Display Queue} wl_display#1.delete_id(97)
[00:04:32.479852] {Display Queue} wl_display#1.delete_id(102)
[00:04:32.479855] {Default Queue} wl_callback#97.done(40195594)
[00:04:32.479894] {Default Queue} wp_presentation_feedback#102.sync_output(wl_output#63)
[00:04:32.479897] {Default Queue} wp_presentation_feedback#102.sync_output(wl_output#31)
[00:04:32.479898] {Default Queue} wp_presentation_feedback#102.presented(0, 40195, 594658377, 0, 0, 0, 0)
[00:04:32.480817]  -> wl_surface#118.attach(wl_buffer#123, 0, 0)
[00:04:32.480823]  -> wl_surface#118.damage_buffer(346, 70, 588, 62)
[00:04:32.480825]  -> wl_surface#118.frame(new id wl_callback#102)
[00:04:32.480829] {Default Queue}  -> wp_presentation#23.feedback(wl_surface#118, new id wp_presentation_feedback#97)
[00:04:32.480831]  -> wl_surface#118.commit()
[00:04:32.480979] {Default Queue} wl_buffer#123.release()
[00:04:32.496819] {Display Queue} wl_display#1.delete_id(102)
[00:04:32.496836] {Display Queue} wl_display#1.delete_id(97)
[00:04:32.496838] {Default Queue} wl_callback#102.done(40195611)
[00:04:32.496856] {Default Queue} wp_presentation_feedback#97.sync_output(wl_output#63)
[00:04:32.496858] {Default Queue} wp_presentation_feedback#97.sync_output(wl_output#31)
[00:04:32.496859] {Default Queue} wp_presentation_feedback#97.presented(0, 40195, 611643111, 0, 0, 0, 0)
[00:04:32.497772]  -> wl_surface#118.attach(wl_buffer#123, 0, 0)
[00:04:32.497783]  -> wl_surface#118.damage_buffer(346, 70, 588, 62)
[00:04:32.497786]  -> wl_surface#118.frame(new id wl_callback#97)
[00:04:32.497791] {Default Queue}  -> wp_presentation#23.feedback(wl_surface#118, new id wp_presentation_feedback#102)
[00:04:32.497794]  -> wl_surface#118.commit()
[00:04:32.497928] {Default Queue} wl_buffer#123.release()
[00:04:32.513359] {Display Queue} wl_display#1.delete_id(97)
[00:04:32.513384] {Display Queue} wl_display#1.delete_id(102)
[00:04:32.513385] {Default Queue} wl_callback#97.done(40195628)
[00:04:32.513402] {Default Queue} wp_presentation_feedback#102.sync_output(wl_output#63)
[00:04:32.513404] {Default Queue} wp_presentation_feedback#102.sync_output(wl_output#31)
[00:04:32.513405] {Default Queue} wp_presentation_feedback#102.presented(0, 40195, 628198841, 0, 0, 0, 0)
[00:04:32.514216]  -> wl_surface#118.attach(wl_buffer#123, 0, 0)
[00:04:32.514223]  -> wl_surface#118.damage_buffer(346, 70, 588, 62)
[00:04:32.514225]  -> wl_surface#118.frame(new id wl_callback#102)
[00:04:32.514228] {Default Queue}  -> wp_presentation#23.feedback(wl_surface#118, new id wp_presentation_feedback#97)
[00:04:32.514231]  -> wl_surface#118.commit()
[00:04:32.514387] {Default Queue} wl_buffer#123.release()
[00:04:32.529873] {Display Queue} wl_display#1.delete_id(102)
[00:04:32.529882] {Display Queue} wl_display#1.delete_id(97)
[00:04:32.529884] {Default Queue} wl_callback#102.done(40195644)
[00:04:32.529897] {Default Queue} wp_presentation_feedback#97.sync_output(wl_output#63)
[00:04:32.529899] {Default Queue} wp_presentation_feedback#97.sync_output(wl_output#31)
[00:04:32.529900] {Default Queue} wp_presentation_feedback#97.presented(0, 40195, 644737751, 0, 0, 0, 0)
[00:04:32.530458]  -> wl_surface#118.attach(wl_buffer#123, 0, 0)
[00:04:32.530462]  -> wl_surface#118.damage_buffer(346, 70, 588, 62)
[00:04:32.530464]  -> wl_surface#118.frame(new id wl_callback#97)
[00:04:32.530466] {Default Queue}  -> wp_presentation#23.feedback(wl_surface#118, new id wp_presentation_feedback#102)
[00:04:32.530468]  -> wl_surface#118.commit()
[00:04:32.530561] {Default Queue} wl_buffer#123.release()
[00:04:32.547665] {Display Queue} wl_display#1.delete_id(97)
[00:04:32.547678] {Display Queue} wl_display#1.delete_id(102)
[00:04:32.547680] {Default Queue} wl_callback#97.done(40195662)
[00:04:32.547692] {Default Queue} wp_presentation_feedback#102.sync_output(wl_output#63)
[00:04:32.547693] {Default Queue} wp_presentation_feedback#102.sync_output(wl_output#31)
[00:04:32.547696] {Default Queue} wp_presentation_feedback#102.presented(0, 40195, 662520022, 0, 0, 0, 0)
[00:04:32.548437]  -> wl_surface#118.attach(wl_buffer#123, 0, 0)
[00:04:32.548443]  -> wl_surface#118.damage_buffer(346, 70, 588, 62)
[00:04:32.548445]  -> wl_surface#118.frame(new id wl_callback#102)
[00:04:32.548447] {Default Queue}  -> wp_presentation#23.feedback(wl_surface#118, new id wp_presentation_feedback#97)
[00:04:32.548450]  -> wl_surface#118.commit()
[00:04:32.548594] {Default Queue} wl_buffer#123.release()
[00:04:32.563937] {Display Queue} wl_display#1.delete_id(102)
[00:04:32.563946] {Display Queue} wl_display#1.delete_id(97)
[00:04:32.563947] {Default Queue} wl_callback#102.done(40195678)
[00:04:32.563958] {Default Queue} wp_presentation_feedback#97.sync_output(wl_output#63)
[00:04:32.563960] {Default Queue} wp_presentation_feedback#97.sync_output(wl_output#31)
[00:04:32.563961] {Default Queue} wp_presentation_feedback#97.presented(0, 40195, 678806829, 0, 0, 0, 0)
[00:04:32.564536]  -> wl_surface#118.attach(wl_buffer#123, 0, 0)
[00:04:32.564545]  -> wl_surface#118.damage_buffer(346, 70, 588, 62)
[00:04:32.564547]  -> wl_surface#118.frame(new id wl_callback#97)
[00:04:32.564550] {Default Queue}  -> wp_presentation#23.feedback(wl_surface#118, new id wp_presentation_feedback#102)
[00:04:32.564552]  -> wl_surface#118.commit()
[00:04:32.564666] {Default Queue} wl_buffer#123.release()
[00:04:32.580608] {Display Queue} wl_display#1.delete_id(97)
[00:04:32.580625] {Display Queue} wl_display#1.delete_id(102)
[00:04:32.580626] {Default Queue} wl_callback#97.done(40195695)
[00:04:32.580650] {Default Queue} wp_presentation_feedback#102.sync_output(wl_output#63)
[00:04:32.580652] {Default Queue} wp_presentation_feedback#102.sync_output(wl_output#31)
[00:04:32.580653] {Default Queue} wp_presentation_feedback#102.presented(0, 40195, 695431640, 0, 0, 0, 0)
[00:04:32.581418]  -> wl_surface#118.attach(wl_buffer#123, 0, 0)
[00:04:32.581424]  -> wl_surface#118.damage_buffer(346, 70, 588, 62)
[00:04:32.581427]  -> wl_surface#118.frame(new id wl_callback#102)
[00:04:32.581430] {Default Queue}  -> wp_presentation#23.feedback(wl_surface#118, new id wp_presentation_feedback#97)
[00:04:32.581432]  -> wl_surface#118.commit()
[00:04:32.581559] {Default Queue} wl_buffer#123.release()
[00:04:32.596908] {Display Queue} wl_display#1.delete_id(102)
[00:04:32.596917] {Display Queue} wl_display#1.delete_id(97)
[00:04:32.596918] {Default Queue} wl_callback#102.done(40195711)
[00:04:32.596933] {Default Queue} wp_presentation_feedback#97.sync_output(wl_output#63)
[00:04:32.596935] {Default Queue} wp_presentation_feedback#97.sync_output(wl_output#31)
[00:04:32.596936] {Default Queue} wp_presentation_feedback#97.presented(0, 40195, 711770838, 0, 0, 0, 0)
[00:04:32.597486]  -> wl_surface#118.attach(wl_buffer#123, 0, 0)
[00:04:32.597489]  -> wl_surface#118.damage_buffer(346, 70, 588, 62)
[00:04:32.597491]  -> wl_surface#118.frame(new id wl_callback#97)
[00:04:32.597493] {Default Queue}  -> wp_presentation#23.feedback(wl_surface#118, new id wp_presentation_feedback#102)
[00:04:32.597495]  -> wl_surface#118.commit()
[00:04:32.597592] {Default Queue} wl_buffer#123.release()
[00:04:32.613442] {Display Queue} wl_display#1.delete_id(97)
[00:04:32.613463] {Display Queue} wl_display#1.delete_id(102)
[00:04:32.613465] {Default Queue} wl_callback#97.done(40195728)
[00:04:32.613491] {Default Queue} wp_presentation_feedback#102.sync_output(wl_output#63)
[00:04:32.613493] {Default Queue} wp_presentation_feedback#102.sync_output(wl_output#31)
[00:04:32.613494] {Default Queue} wp_presentation_feedback#102.presented(0, 40195, 728287077, 0, 0, 0, 0)
[00:04:32.614321]  -> wl_surface#118.attach(wl_buffer#123, 0, 0)
[00:04:32.614327]  -> wl_surface#118.damage_buffer(346, 70, 588, 62)
[00:04:32.614329]  -> wl_surface#118.frame(new id wl_callback#102)
[00:04:32.614332] {Default Queue}  -> wp_presentation#23.feedback(wl_surface#118, new id wp_presentation_feedback#97)
[00:04:32.614335]  -> wl_surface#118.commit()
[00:04:32.614450] {Default Queue} wl_buffer#123.release()
[00:04:32.629863] {Display Queue} wl_display#1.delete_id(102)
[00:04:32.629871] {Display Queue} wl_display#1.delete_id(97)
[00:04:32.629873] {Default Queue} wl_callback#102.done(40195744)
[00:04:32.629885] {Default Queue} wp_presentation_feedback#97.sync_output(wl_output#63)
[00:04:32.629887] {Default Queue} wp_presentation_feedback#97.sync_output(wl_output#31)
[00:04:32.629888] {Default Queue} wp_presentation_feedback#97.presented(0, 40195, 744726106, 0, 0, 0, 0)
[00:04:32.630375]  -> wl_surface#118.attach(wl_buffer#123, 0, 0)
[00:04:32.630379]  -> wl_surface#118.damage_buffer(346, 70, 588, 62)
[00:04:32.630381]  -> wl_surface#118.frame(new id wl_callback#97)
[00:04:32.630383] {Default Queue}  -> wp_presentation#23.feedback(wl_surface#118, new id wp_presentation_feedback#102)
[00:04:32.630385]  -> wl_surface#118.commit()
[00:04:32.630458] {Default Queue} wl_buffer#123.release()
[00:04:32.646406] {Display Queue} wl_display#1.delete_id(97)
[00:04:32.646419] {Display Queue} wl_display#1.delete_id(102)
[00:04:32.646420] {Default Queue} wl_callback#97.done(40195761)
[00:04:32.646438] {Default Queue} wp_presentation_feedback#102.sync_output(wl_output#63)
[00:04:32.646442] {Default Queue} wp_presentation_feedback#102.sync_output(wl_output#31)
[00:04:32.646443] {Default Queue} wp_presentation_feedback#102.presented(0, 40195, 761235316, 0, 0, 0, 0)
[00:04:32.790901] {Default Queue}  -> ext_background_effect_surface_v1#116.destroy()
[00:04:32.791002] {Default Queue}  -> zwlr_layer_surface_v1#125.destroy()
[00:04:32.791006]  -> wl_surface#118.attach(nil, 0, 0)
[00:04:32.791008]  -> wl_surface#118.commit()
[00:04:32.791046] {Default Queue}  -> wl_buffer#123.destroy()
[00:04:32.791048] {Default Queue}  -> wl_shm_pool#93.destroy()
[00:04:32.791406] {Default Queue}  -> wp_viewport#100.destroy()
[00:04:32.791408] {Default Queue}  -> wp_fractional_scale_v1#110.destroy()
[00:04:32.791409]  -> wl_surface#118.destroy()
[00:04:32.791433] {Default Queue}  -> xdg_toplevel_icon_v1#122.destroy()
info: event=popup-closed
[00:04:32.794813] {Display Queue} wl_display#1.delete_id(116)
[00:04:32.794818] {Display Queue} wl_display#1.delete_id(125)
[00:04:32.794820] {Display Queue} wl_display#1.delete_id(123)
[00:04:32.794821] {Display Queue} wl_display#1.delete_id(93)
[00:04:32.794821] {Display Queue} wl_display#1.delete_id(100)
[00:04:32.794822] {Display Queue} wl_display#1.delete_id(110)
[00:04:32.794823] {Display Queue} wl_display#1.delete_id(118)
[00:04:32.794823] {Display Queue} wl_display#1.delete_id(122)
[00:04:32.794824] {Default Queue} zwlr_layer_surface_v1#75.configure(127, 1280, 80)
[00:04:32.794833] {Default Queue}  -> zwlr_layer_surface_v1#75.ack_configure(127)
[00:04:32.794834] {Default Queue} zwlr_layer_surface_v1#69.configure(128, 1280, 720)
[00:04:32.794836] {Default Queue}  -> zwlr_layer_surface_v1#69.ack_configure(128)
[00:04:32.794837] {Default Queue} zwlr_layer_surface_v1#80.configure(129, 88, 2)
[00:04:32.794842] {Default Queue}  -> zwlr_layer_surface_v1#80.ack_configure(129)
[00:04:32.794945]  -> wl_surface#71.commit()
[00:04:32.794960]  -> wl_surface#65.commit()
[00:04:32.794965]  -> wl_surface#70.commit()
[00:04:32.795835]  -> wl_surface#76.attach(wl_buffer#113, 0, 0)
[00:04:32.795839]  -> wl_surface#76.damage_buffer(4, 4, 555, 40)
[00:04:32.795841]  -> wl_surface#76.frame(new id wl_callback#122)
[00:04:32.795844] {Default Queue}  -> wp_presentation#23.feedback(wl_surface#76, new id wp_presentation_feedback#118)
[00:04:32.795847]  -> wl_surface#76.commit()
[00:04:32.795884] {Default Queue}  -> wl_compositor#46.create_region(new id wl_region#110)
[00:04:32.795899] {Default Queue}  -> wl_region#110.add(19, 4, 525, 1)
[00:04:32.795900] {Default Queue}  -> wl_region#110.add(577, 4, 126, 1)
[00:04:32.795901] {Default Queue}  -> wl_region#110.add(877, 4, 384, 1)
[00:04:32.795902] {Default Queue}  -> wl_region#110.add(17, 5, 529, 1)
[00:04:32.795902] {Default Queue}  -> wl_region#110.add(575, 5, 130, 1)
[00:04:32.795903] {Default Queue}  -> wl_region#110.add(875, 5, 388, 1)
[00:04:32.795904] {Default Queue}  -> wl_region#110.add(16, 6, 531, 1)
[00:04:32.795904] {Default Queue}  -> wl_region#110.add(574, 6, 132, 1)
[00:04:32.795905] {Default Queue}  -> wl_region#110.add(874, 6, 390, 1)
[00:04:32.795906] {Default Queue}  -> wl_region#110.add(15, 7, 533, 1)
[00:04:32.795906] {Default Queue}  -> wl_region#110.add(573, 7, 134, 1)
[00:04:32.795907] {Default Queue}  -> wl_region#110.add(873, 7, 392, 1)
[00:04:32.795907] {Default Queue}  -> wl_region#110.add(14, 8, 535, 1)
[00:04:32.795908] {Default Queue}  -> wl_region#110.add(572, 8, 136, 1)
[00:04:32.795909] {Default Queue}  -> wl_region#110.add(872, 8, 394, 1)
[00:04:32.795909] {Default Queue}  -> wl_region#110.add(13, 9, 537, 1)
[00:04:32.795910] {Default Queue}  -> wl_region#110.add(571, 9, 138, 1)
[00:04:32.795911] {Default Queue}  -> wl_region#110.add(871, 9, 396, 1)
[00:04:32.795911] {Default Queue}  -> wl_region#110.add(12, 10, 539, 2)
[00:04:32.795912] {Default Queue}  -> wl_region#110.add(570, 10, 140, 2)
[00:04:32.795912] {Default Queue}  -> wl_region#110.add(870, 10, 398, 2)
[00:04:32.795913] {Default Queue}  -> wl_region#110.add(11, 12, 541, 5)
[00:04:32.795914] {Default Queue}  -> wl_region#110.add(569, 12, 142, 5)
[00:04:32.795914] {Default Queue}  -> wl_region#110.add(869, 12, 400, 5)
[00:04:32.795915] {Default Queue}  -> wl_region#110.add(10, 17, 543, 14)
[00:04:32.795916] {Default Queue}  -> wl_region#110.add(568, 17, 144, 14)
[00:04:32.795916] {Default Queue}  -> wl_region#110.add(868, 17, 402, 14)
[00:04:32.795917] {Default Queue}  -> wl_region#110.add(11, 31, 541, 5)
[00:04:32.795917] {Default Queue}  -> wl_region#110.add(569, 31, 142, 5)
[00:04:32.795918] {Default Queue}  -> wl_region#110.add(869, 31, 400, 5)
[00:04:32.795919] {Default Queue}  -> wl_region#110.add(12, 36, 539, 2)
[00:04:32.795919] {Default Queue}  -> wl_region#110.add(570, 36, 140, 2)
[00:04:32.795920] {Default Queue}  -> wl_region#110.add(870, 36, 398, 2)
[00:04:32.795921] {Default Queue}  -> wl_region#110.add(13, 38, 537, 1)
[00:04:32.795921] {Default Queue}  -> wl_region#110.add(571, 38, 138, 1)
[00:04:32.795922] {Default Queue}  -> wl_region#110.add(871, 38, 396, 1)
[00:04:32.795922] {Default Queue}  -> wl_region#110.add(14, 39, 535, 1)
[00:04:32.795923] {Default Queue}  -> wl_region#110.add(572, 39, 136, 1)
[00:04:32.795924] {Default Queue}  -> wl_region#110.add(872, 39, 394, 1)
[00:04:32.795924] {Default Queue}  -> wl_region#110.add(15, 40, 533, 1)
[00:04:32.795925] {Default Queue}  -> wl_region#110.add(573, 40, 134, 1)
[00:04:32.795925] {Default Queue}  -> wl_region#110.add(873, 40, 392, 1)
[00:04:32.795926] {Default Queue}  -> wl_region#110.add(16, 41, 531, 1)
[00:04:32.795927] {Default Queue}  -> wl_region#110.add(574, 41, 132, 1)
[00:04:32.795927] {Default Queue}  -> wl_region#110.add(874, 41, 390, 1)
[00:04:32.795928] {Default Queue}  -> wl_region#110.add(17, 42, 529, 1)
[00:04:32.795929] {Default Queue}  -> wl_region#110.add(575, 42, 130, 1)
[00:04:32.795929] {Default Queue}  -> wl_region#110.add(875, 42, 388, 1)
[00:04:32.795930] {Default Queue}  -> wl_region#110.add(19, 43, 525, 1)
[00:04:32.795930] {Default Queue}  -> wl_region#110.add(577, 43, 126, 1)
[00:04:32.795931] {Default Queue}  -> wl_region#110.add(877, 43, 384, 1)
[00:04:32.795932] {Default Queue}  -> ext_background_effect_surface_v1#117.set_blur_region(wl_region#110)
[00:04:32.795934] {Default Queue}  -> wl_region#110.destroy()
info(pearl): event=stopping reason=control-quit pending=false
[00:04:32.796524] {Default Queue}  -> zwlr_layer_surface_v1#80.destroy()
[00:04:32.796527]  -> wl_surface#70.attach(nil, 0, 0)
[00:04:32.796528]  -> wl_surface#70.commit()
[00:04:32.796537] {Default Queue}  -> wl_buffer#104.destroy()
[00:04:32.796538] {Default Queue}  -> wl_shm_pool#103.destroy()
[00:04:32.796551] {Default Queue}  -> wp_viewport#78.destroy()
[00:04:32.796552] {Default Queue}  -> wp_fractional_scale_v1#77.destroy()
[00:04:32.796553]  -> wl_surface#70.destroy()
[00:04:32.796561] {Default Queue}  -> xdg_toplevel_icon_v1#79.destroy()
[00:04:32.796590] {Default Queue}  -> zwlr_layer_surface_v1#69.destroy()
[00:04:32.796591]  -> wl_surface#65.attach(nil, 0, 0)
[00:04:32.796592]  -> wl_surface#65.commit()
[00:04:32.796603] {Default Queue}  -> wl_buffer#92.destroy()
[00:04:32.796604] {Default Queue}  -> wl_shm_pool#86.destroy()
[00:04:32.796680] {Default Queue}  -> wp_viewport#67.destroy()
[00:04:32.796681] {Default Queue}  -> wp_fractional_scale_v1#66.destroy()
[00:04:32.796681]  -> wl_surface#65.destroy()
[00:04:32.796687] {Default Queue}  -> xdg_toplevel_icon_v1#68.destroy()
[00:04:32.796829] {Default Queue}  -> ext_background_effect_surface_v1#101.destroy()
[00:04:32.796834] {Default Queue}  -> zwlr_layer_surface_v1#75.destroy()
[00:04:32.796835]  -> wl_surface#71.attach(nil, 0, 0)
[00:04:32.796836]  -> wl_surface#71.commit()
[00:04:32.796845] {Default Queue}  -> wl_buffer#106.destroy()
[00:04:32.796846] {Default Queue}  -> wl_shm_pool#124.destroy()
[00:04:32.796878] {Default Queue}  -> wp_viewport#73.destroy()
[00:04:32.796879] {Default Queue}  -> wp_fractional_scale_v1#72.destroy()
[00:04:32.796879]  -> wl_surface#71.destroy()
[00:04:32.796887] {Default Queue}  -> xdg_toplevel_icon_v1#74.destroy()
[00:04:32.797515] {Default Queue}  -> zwlr_layer_surface_v1#85.destroy()
[00:04:32.797528]  -> wl_surface#81.attach(nil, 0, 0)
[00:04:32.797530]  -> wl_surface#81.commit()
[00:04:32.797540] {Default Queue}  -> wl_buffer#108.destroy()
[00:04:32.797542] {Default Queue}  -> wl_shm_pool#107.destroy()
[00:04:32.797618] {Default Queue}  -> wp_viewport#83.destroy()
[00:04:32.797619] {Default Queue}  -> wp_fractional_scale_v1#82.destroy()
[00:04:32.797620]  -> wl_surface#81.destroy()
[00:04:32.797626] {Default Queue}  -> xdg_toplevel_icon_v1#84.destroy()
[00:04:32.797763] {Default Queue}  -> ext_background_effect_surface_v1#117.destroy()
[00:04:32.797769] {Default Queue}  -> zwlr_layer_surface_v1#90.destroy()
[00:04:32.797771]  -> wl_surface#76.attach(nil, 0, 0)
[00:04:32.797771]  -> wl_surface#76.commit()
[00:04:32.797795] {Default Queue}  -> wp_viewport#88.destroy()
[00:04:32.797796] {Default Queue}  -> wp_fractional_scale_v1#87.destroy()
[00:04:32.797797]  -> wl_surface#76.destroy()
[00:04:32.797802] {Default Queue}  -> xdg_toplevel_icon_v1#89.destroy()
[00:04:32.798250] {Default Queue}  -> wl_seat#53.release()
[00:04:32.798252] {Default Queue}  -> ext_idle_notifier_v1#47.destroy()
[00:04:32.798268] {Default Queue}  -> wl_seat#55.release()
[00:04:32.798269] {Default Queue}  -> ext_data_control_manager_v1#54.destroy()
[00:04:32.798272] {Default Queue}  -> ext_foreign_toplevel_handle_v1#4278190080.destroy()
[00:04:32.798273] {Default Queue}  -> ext_image_copy_capture_manager_v1#58.destroy()
[00:04:32.798274] {Default Queue}  -> ext_output_image_capture_source_manager_v1#60.destroy()
[00:04:32.798274] {Default Queue}  -> ext_foreign_toplevel_image_capture_source_manager_v1#62.destroy()
[00:04:32.798275] {Default Queue}  -> ext_foreign_toplevel_list_v1#61.destroy()
[00:04:32.798276] {Default Queue}  -> aqueous_capture_color_manager_v1#59.destroy()
[00:04:32.798277] {Default Queue}  -> wl_output#63.release()
[00:04:32.798278] {Default Queue}  -> wl_output#64.release()
[00:04:32.798278] {Default Queue}  -> zwlr_screencopy_manager_v1#57.destroy()
[00:04:32.798625] {Default Queue}  -> ext_background_effect_manager_v1#48.destroy()
info(pearl): event=aqueous-availability state=stopped
[00:04:32.798699] {Display Queue} wl_display#1.delete_id(110)
[00:04:32.798703] {Default Queue} wl_buffer#113.release()
[00:04:32.798704] {Default Queue}  -> wl_buffer#113.destroy()
[00:04:32.798705] {Default Queue}  -> wl_shm_pool#112.destroy()
info(pearl): event=cleanup pending=false watched_objects=0
info(pearl): event=stopped
