[03:22:01.110569] {Default Queue}  -> wl_display#1.get_registry(new id wl_registry#2)
[03:22:01.110575] {Default Queue}  -> wl_display#1.sync(new id wl_callback#3)
[03:22:01.110623] {Display Queue} wl_display#1.delete_id(3)
[03:22:01.110628] {Default Queue} wl_registry#2.global(1, "wl_compositor", 6)
[03:22:01.110632] {Default Queue}  -> wl_registry#2.bind(1, "wl_compositor", 6, new id [unknown]#4)
[03:22:01.110635] {Default Queue} wl_registry#2.global(2, "wl_fixes", 1)
[03:22:01.110638] {Default Queue} wl_registry#2.global(3, "wp_security_context_manager_v1", 1)
[03:22:01.110640] {Default Queue} wl_registry#2.global(4, "wl_shm", 2)
[03:22:01.110641] {Default Queue}  -> wl_registry#2.bind(4, "wl_shm", 1, new id [unknown]#5)
[03:22:01.110642] {Default Queue} wl_registry#2.global(5, "wp_single_pixel_buffer_manager_v1", 1)
[03:22:01.110643] {Default Queue}  -> wl_registry#2.bind(5, "wp_single_pixel_buffer_manager_v1", 1, new id [unknown]#6)
[03:22:01.110646] {Default Queue} wl_registry#2.global(6, "wp_alpha_modifier_v1", 1)
[03:22:01.110647] {Default Queue} wl_registry#2.global(7, "wp_color_representation_manager_v1", 1)
[03:22:01.110648] {Default Queue}  -> wl_registry#2.bind(7, "wp_color_representation_manager_v1", 1, new id [unknown]#7)
[03:22:01.110649] {Default Queue} wl_registry#2.global(8, "wp_content_type_manager_v1", 1)
[03:22:01.110650] {Default Queue} wl_registry#2.global(9, "wp_fifo_manager_v1", 1)
[03:22:01.110651] {Default Queue} wl_registry#2.global(10, "wp_commit_timing_manager_v1", 1)
[03:22:01.110652] {Default Queue} wl_registry#2.global(11, "xdg_wm_dialog_v1", 1)
[03:22:01.110653] {Default Queue}  -> wl_registry#2.bind(11, "xdg_wm_dialog_v1", 1, new id [unknown]#8)
[03:22:01.110654] {Default Queue} wl_registry#2.global(12, "xdg_toplevel_drag_manager_v1", 1)
[03:22:01.110654] {Default Queue} wl_registry#2.global(13, "xdg_toplevel_icon_manager_v1", 1)
[03:22:01.110655] {Default Queue}  -> wl_registry#2.bind(13, "xdg_toplevel_icon_manager_v1", 1, new id [unknown]#9)
[03:22:01.110656] {Default Queue} wl_registry#2.global(14, "xdg_toplevel_tag_manager_v1", 1)
[03:22:01.110657] {Default Queue} wl_registry#2.global(15, "wp_viewporter", 1)
[03:22:01.110657] {Default Queue}  -> wl_registry#2.bind(15, "wp_viewporter", 1, new id [unknown]#10)
[03:22:01.110658] {Default Queue} wl_registry#2.global(16, "wp_fractional_scale_manager_v1", 1)
[03:22:01.110659] {Default Queue}  -> wl_registry#2.bind(16, "wp_fractional_scale_manager_v1", 1, new id [unknown]#11)
[03:22:01.110660] {Default Queue} wl_registry#2.global(17, "wl_subcompositor", 1)
[03:22:01.110661] {Default Queue}  -> wl_registry#2.bind(17, "wl_subcompositor", 1, new id [unknown]#12)
[03:22:01.110662] {Default Queue} wl_registry#2.global(18, "wp_cursor_shape_manager_v1", 2)
[03:22:01.110663] {Default Queue}  -> wl_registry#2.bind(18, "wp_cursor_shape_manager_v1", 1, new id [unknown]#13)
[03:22:01.110664] {Default Queue} wl_registry#2.global(19, "xdg_wm_base", 7)
[03:22:01.110665] {Default Queue} wl_registry#2.global(20, "zxdg_decoration_manager_v1", 1)
[03:22:01.110666] {Default Queue} wl_registry#2.global(21, "org_kde_kwin_server_decoration_manager", 1)
[03:22:01.110666] {Default Queue}  -> wl_registry#2.bind(21, "org_kde_kwin_server_decoration_manager", 1, new id [unknown]#14)
[03:22:01.110667] {Default Queue} wl_registry#2.global(22, "xdg_activation_v1", 1)
[03:22:01.110668] {Default Queue}  -> wl_registry#2.bind(22, "xdg_activation_v1", 1, new id [unknown]#15)
[03:22:01.110669] {Default Queue} wl_registry#2.global(23, "zxdg_exporter_v2", 1)
[03:22:01.110669] {Default Queue}  -> wl_registry#2.bind(23, "zxdg_exporter_v2", 1, new id [unknown]#16)
[03:22:01.110670] {Default Queue} wl_registry#2.global(24, "zxdg_importer_v2", 1)
[03:22:01.110671] {Default Queue}  -> wl_registry#2.bind(24, "zxdg_importer_v2", 1, new id [unknown]#17)
[03:22:01.110672] {Default Queue} wl_registry#2.global(25, "wl_data_device_manager", 3)
[03:22:01.110672] {Default Queue}  -> wl_registry#2.bind(25, "wl_data_device_manager", 3, new id [unknown]#18)
[03:22:01.110673] {Default Queue} wl_registry#2.global(26, "zwp_primary_selection_device_manager_v1", 1)
[03:22:01.110674] {Default Queue}  -> wl_registry#2.bind(26, "zwp_primary_selection_device_manager_v1", 1, new id [unknown]#19)
[03:22:01.110675] {Default Queue} wl_registry#2.global(27, "ext_data_control_manager_v1", 1)
[03:22:01.110675] {Default Queue} wl_registry#2.global(28, "zwlr_data_control_manager_v1", 2)
[03:22:01.110676] {Default Queue} wl_registry#2.global(29, "zwlr_export_dmabuf_manager_v1", 1)
[03:22:01.110677] {Default Queue} wl_registry#2.global(30, "zwlr_screencopy_manager_v1", 3)
[03:22:01.110677] {Default Queue} wl_registry#2.global(31, "ext_image_copy_capture_manager_v1", 1)
[03:22:01.110679] {Default Queue} wl_registry#2.global(32, "aqueous_capture_color_manager_v1", 1)
[03:22:01.110680] {Default Queue} wl_registry#2.global(33, "ext_output_image_capture_source_manager_v1", 1)
[03:22:01.110681] {Default Queue} wl_registry#2.global(34, "zwlr_foreign_toplevel_manager_v1", 3)
[03:22:01.110681] {Default Queue} wl_registry#2.global(35, "ext_foreign_toplevel_list_v1", 1)
[03:22:01.110682] {Default Queue} wl_registry#2.global(36, "ext_foreign_toplevel_image_capture_source_manager_v1", 1)
[03:22:01.110683] {Default Queue} wl_registry#2.global(37, "wp_tearing_control_manager_v1", 1)
[03:22:01.110684] {Default Queue} wl_registry#2.global(38, "aqueous_window_manager_v1", 10)
[03:22:01.110685] {Default Queue} wl_registry#2.global(39, "ext_workspace_manager_v1", 1)
[03:22:01.110686] {Default Queue} wl_registry#2.global(40, "aqueous_window_info_manager_v1", 8)
[03:22:01.110687] {Default Queue} wl_registry#2.global(41, "aqueous_xkb_bindings_v1", 3)
[03:22:01.110688] {Default Queue} wl_registry#2.global(42, "aqueous_layer_shell_v1", 1)
[03:22:01.110689] {Default Queue} wl_registry#2.global(43, "zwlr_layer_shell_v1", 4)
[03:22:01.110689] {Default Queue} wl_registry#2.global(44, "zwlr_gamma_control_manager_v1", 1)
[03:22:01.110690] {Default Queue} wl_registry#2.global(45, "wp_presentation", 2)
[03:22:01.110691] {Default Queue}  -> wl_registry#2.bind(45, "wp_presentation", 1, new id [unknown]#20)
[03:22:01.110692] {Default Queue} wl_registry#2.global(46, "zxdg_output_manager_v1", 3)
[03:22:01.110692] {Default Queue}  -> wl_registry#2.bind(46, "zxdg_output_manager_v1", 3, new id [unknown]#21)
[03:22:01.110694] {Default Queue}  -> wl_display#1.sync(new id wl_callback#22)
[03:22:01.110695] {Default Queue} wl_registry#2.global(47, "zwlr_output_manager_v1", 4)
[03:22:01.110696] {Default Queue} wl_registry#2.global(48, "zwlr_output_power_manager_v1", 1)
[03:22:01.110696] {Default Queue} wl_registry#2.global(49, "aqueous_input_manager_v1", 2)
[03:22:01.110697] {Default Queue} wl_registry#2.global(50, "ext_idle_notifier_v1", 2)
[03:22:01.110698] {Default Queue} wl_registry#2.global(51, "zwp_relative_pointer_manager_v1", 1)
[03:22:01.110699] {Default Queue} wl_registry#2.global(52, "zwp_pointer_gestures_v1", 3)
[03:22:01.110699] {Default Queue}  -> wl_registry#2.bind(52, "zwp_pointer_gestures_v1", 3, new id [unknown]#23)
[03:22:01.110700] {Default Queue} wl_registry#2.global(53, "zwlr_virtual_pointer_manager_v1", 2)
[03:22:01.110701] {Default Queue} wl_registry#2.global(54, "zwp_virtual_keyboard_manager_v1", 1)
[03:22:01.110702] {Default Queue} wl_registry#2.global(55, "zwp_pointer_constraints_v1", 1)
[03:22:01.110703] {Default Queue} wl_registry#2.global(56, "zwp_input_method_manager_v2", 1)
[03:22:01.110704] {Default Queue} wl_registry#2.global(57, "zwp_text_input_manager_v3", 1)
[03:22:01.110705] {Default Queue} wl_registry#2.global(58, "zwp_tablet_manager_v2", 1)
[03:22:01.110706] {Default Queue}  -> wl_registry#2.bind(58, "zwp_tablet_manager_v2", 1, new id [unknown]#24)
[03:22:01.110706] {Default Queue} wl_registry#2.global(59, "wp_pointer_warp_v1", 1)
[03:22:01.110707] {Default Queue} wl_registry#2.global(60, "wl_seat", 9)
[03:22:01.110708] {Default Queue} wl_registry#2.global(61, "aqueous_libinput_config_v1", 2)
[03:22:01.110710] {Default Queue} wl_registry#2.global(62, "aqueous_xkb_config_v1", 2)
[03:22:01.110710] {Default Queue} wl_registry#2.global(63, "zwp_idle_inhibit_manager_v1", 1)
[03:22:01.110711] {Default Queue}  -> wl_registry#2.bind(63, "zwp_idle_inhibit_manager_v1", 1, new id [unknown]#25)
[03:22:01.110712] {Default Queue} wl_registry#2.global(64, "ext_session_lock_manager_v1", 1)
[03:22:01.110713] {Default Queue} wl_registry#2.global(65, "aqueous_shell_manager_v1", 2)
[03:22:01.110714] {Default Queue} wl_registry#2.global(66, "zwp_keyboard_shortcuts_inhibit_manager_v1", 1)
[03:22:01.110714] {Default Queue}  -> wl_registry#2.bind(66, "zwp_keyboard_shortcuts_inhibit_manager_v1", 1, new id [unknown]#26)
[03:22:01.110715] {Default Queue} wl_registry#2.global(67, "xdg_system_bell_v1", 1)
[03:22:01.110716] {Default Queue}  -> wl_registry#2.bind(67, "xdg_system_bell_v1", 1, new id [unknown]#27)
[03:22:01.110717] {Default Queue} wl_registry#2.global(68, "wl_output", 4)
[03:22:01.110718] {Default Queue}  -> wl_registry#2.bind(68, "wl_output", 4, new id [unknown]#28)
[03:22:01.110742] {Default Queue}  -> zxdg_output_manager_v1#21.get_xdg_output(new id zxdg_output_v1#29, wl_output#28)
[03:22:01.110746] {Default Queue}  -> wl_display#1.sync(new id wl_callback#30)
[03:22:01.110747] {Default Queue} wl_registry#2.global(69, "wl_output", 4)
[03:22:01.110748] {Default Queue}  -> wl_registry#2.bind(69, "wl_output", 4, new id [unknown]#31)
[03:22:01.110749] {Default Queue}  -> zxdg_output_manager_v1#21.get_xdg_output(new id zxdg_output_v1#32, wl_output#31)
[03:22:01.110750] {Default Queue}  -> wl_display#1.sync(new id wl_callback#33)
[03:22:01.110751] {Default Queue} wl_callback#3.done(2)
[03:22:01.110753] {Default Queue}  -> wl_registry#2.bind(60, "wl_seat", 9, new id [unknown]#3)
[03:22:01.111841] {Default Queue}  -> zwp_primary_selection_device_manager_v1#19.get_device(new id zwp_primary_selection_device_v1#34, wl_seat#3)
[03:22:01.111844] {Default Queue}  -> wl_data_device_manager#18.get_data_device(new id wl_data_device#35, wl_seat#3)
[03:22:01.111867] {Default Queue}  -> wl_compositor#4.create_surface(new id wl_surface#36)
[03:22:01.111868] {Default Queue}  -> wp_viewporter#10.get_viewport(new id wp_viewport#37, wl_surface#36)
[03:22:01.111869] {Default Queue}  -> wp_fractional_scale_manager_v1#11.get_fractional_scale(new id wp_fractional_scale_v1#38, wl_surface#36)
[03:22:01.111870] {Default Queue}  -> zwp_tablet_manager_v2#24.get_tablet_seat(new id zwp_tablet_seat_v2#39, wl_seat#3)
[03:22:01.111891] {Default Queue}  -> wl_display#1.sync(new id wl_callback#40)
[03:22:01.112002] {Display Queue} wl_display#1.delete_id(22)
[03:22:01.112005] {Display Queue} wl_display#1.delete_id(30)
[03:22:01.112006] {Display Queue} wl_display#1.delete_id(33)
[03:22:01.112006] {Display Queue} wl_display#1.delete_id(40)
[03:22:01.112007] {Default Queue} wl_shm#5.format(0)
[03:22:01.112008] {Default Queue} wl_shm#5.format(875709016)
[03:22:01.112009] {Default Queue} wl_shm#5.format(1)
[03:22:01.112009] {Default Queue} wl_shm#5.format(875708993)
[03:22:01.112010] {Default Queue} wl_shm#5.format(875708754)
[03:22:01.112010] {Default Queue} wl_shm#5.format(875714642)
[03:22:01.112011] {Default Queue} wl_shm#5.format(875708738)
[03:22:01.112011] {Default Queue} wl_shm#5.format(875714626)
[03:22:01.112012] {Default Queue} wl_shm#5.format(909199186)
[03:22:01.112012] {Default Queue} wl_shm#5.format(909199170)
[03:22:01.112013] {Default Queue} wl_shm#5.format(808669761)
[03:22:01.112014] {Default Queue} wl_shm#5.format(808669784)
[03:22:01.112014] {Default Queue} wl_shm#5.format(808665665)
[03:22:01.112015] {Default Queue} wl_shm#5.format(808665688)
[03:22:01.112015] {Default Queue} wl_shm#5.format(942948929)
[03:22:01.112016] {Default Queue} wp_color_representation_manager_v1#7.supported_alpha_mode(0)
[03:22:01.112017] {Default Queue} wp_color_representation_manager_v1#7.supported_coefficients_and_ranges(1, 1)
[03:22:01.112019] {Default Queue} wp_color_representation_manager_v1#7.done()
[03:22:01.112020] {Default Queue} discarded xdg_toplevel_icon_manager_v1#9.icon_size(32)
[03:22:01.112021] {Default Queue} discarded xdg_toplevel_icon_manager_v1#9.icon_size(64)
[03:22:01.112021] {Default Queue} discarded xdg_toplevel_icon_manager_v1#9.icon_size(128)
[03:22:01.112022] {Default Queue} discarded xdg_toplevel_icon_manager_v1#9.done()
[03:22:01.112023] {Default Queue} org_kde_kwin_server_decoration_manager#14.default_mode(1)
[03:22:01.112024] {Default Queue} discarded wp_presentation#20.clock_id(1)
[03:22:01.112024] {Default Queue} wl_callback#22.done(2)
[03:22:01.112026] {Default Queue} wl_output#28.geometry(0, 0, 0, 0, 0, "Unknown", "Unknown", 0)
[03:22:01.112030] {Default Queue} wl_output#28.mode(1, 1280, 720, 0)
[03:22:01.112032] {Default Queue} wl_output#28.scale(1)
[03:22:01.112032] {Default Queue} wl_output#28.name("HEADLESS-2")
[03:22:01.112033] {Default Queue} wl_output#28.description("Headless output 2")
[03:22:01.112034] {Default Queue} wl_output#28.done()
[03:22:01.112036] {Default Queue} zxdg_output_v1#29.name("HEADLESS-2")
[03:22:01.112037] {Default Queue} zxdg_output_v1#29.description("Headless output 2")
[03:22:01.112037] {Default Queue} zxdg_output_v1#29.logical_position(0, 0)
[03:22:01.112038] {Default Queue} zxdg_output_v1#29.logical_size(1280, 720)
[03:22:01.112039] {Default Queue} wl_output#28.done()
[03:22:01.112040] {Default Queue} wl_callback#30.done(2)
[03:22:01.112041] {Default Queue} wl_output#31.geometry(0, 0, 0, 0, 0, "Unknown", "Unknown", 0)
[03:22:01.112042] {Default Queue} wl_output#31.mode(1, 1280, 720, 0)
[03:22:01.112043] {Default Queue} wl_output#31.scale(2)
[03:22:01.112044] {Default Queue} wl_output#31.name("HEADLESS-1")
[03:22:01.112045] {Default Queue} wl_output#31.description("Headless output 1")
[03:22:01.112045] {Default Queue} wl_output#31.done()
[03:22:01.112046] {Default Queue} zxdg_output_v1#32.name("HEADLESS-1")
[03:22:01.112047] {Default Queue} zxdg_output_v1#32.description("Headless output 1")
[03:22:01.112047] {Default Queue} zxdg_output_v1#32.logical_position(-854, 0)
[03:22:01.112048] {Default Queue} zxdg_output_v1#32.logical_size(853, 480)
[03:22:01.112049] {Default Queue} wl_output#31.done()
[03:22:01.112049] {Default Queue} wl_callback#33.done(2)
[03:22:01.112050] {Default Queue} wl_seat#3.name("default")
[03:22:01.112051] {Default Queue} wl_seat#3.capabilities(0)
[03:22:01.112052] {Default Queue} wl_callback#40.done(2)
[03:22:01.112053] {Default Queue}  -> wl_registry#2.bind(19, "xdg_wm_base", 7, new id [unknown]#40)
[03:22:01.120982] {Default Queue}  -> wl_display#1.get_registry(new id wl_registry#33)
[03:22:01.120988] {Default Queue}  -> wl_display#1.sync(new id wl_callback#30)
[03:22:01.121049] {Display Queue} wl_display#1.delete_id(30)
[03:22:01.121054] {Default Queue} wl_registry#33.global(1, "wl_compositor", 6)
[03:22:01.121056] {Default Queue} wl_registry#33.global(2, "wl_fixes", 1)
[03:22:01.121057] {Default Queue} wl_registry#33.global(3, "wp_security_context_manager_v1", 1)
[03:22:01.121058] {Default Queue} wl_registry#33.global(4, "wl_shm", 2)
[03:22:01.121059] {Default Queue} wl_registry#33.global(5, "wp_single_pixel_buffer_manager_v1", 1)
[03:22:01.121060] {Default Queue} wl_registry#33.global(6, "wp_alpha_modifier_v1", 1)
[03:22:01.121060] {Default Queue} wl_registry#33.global(7, "wp_color_representation_manager_v1", 1)
[03:22:01.121061] {Default Queue} wl_registry#33.global(8, "wp_content_type_manager_v1", 1)
[03:22:01.121062] {Default Queue} wl_registry#33.global(9, "wp_fifo_manager_v1", 1)
[03:22:01.121062] {Default Queue} wl_registry#33.global(10, "wp_commit_timing_manager_v1", 1)
[03:22:01.121063] {Default Queue} wl_registry#33.global(11, "xdg_wm_dialog_v1", 1)
[03:22:01.121063] {Default Queue} wl_registry#33.global(12, "xdg_toplevel_drag_manager_v1", 1)
[03:22:01.121064] {Default Queue} wl_registry#33.global(13, "xdg_toplevel_icon_manager_v1", 1)
[03:22:01.121065] {Default Queue} wl_registry#33.global(14, "xdg_toplevel_tag_manager_v1", 1)
[03:22:01.121066] {Default Queue} wl_registry#33.global(15, "wp_viewporter", 1)
[03:22:01.121067] {Default Queue} wl_registry#33.global(16, "wp_fractional_scale_manager_v1", 1)
[03:22:01.121067] {Default Queue} wl_registry#33.global(17, "wl_subcompositor", 1)
[03:22:01.121068] {Default Queue} wl_registry#33.global(18, "wp_cursor_shape_manager_v1", 2)
[03:22:01.121068] {Default Queue} wl_registry#33.global(19, "xdg_wm_base", 7)
[03:22:01.121069] {Default Queue} wl_registry#33.global(20, "zxdg_decoration_manager_v1", 1)
[03:22:01.121070] {Default Queue} wl_registry#33.global(21, "org_kde_kwin_server_decoration_manager", 1)
[03:22:01.121070] {Default Queue} wl_registry#33.global(22, "xdg_activation_v1", 1)
[03:22:01.121071] {Default Queue} wl_registry#33.global(23, "zxdg_exporter_v2", 1)
[03:22:01.121071] {Default Queue} wl_registry#33.global(24, "zxdg_importer_v2", 1)
[03:22:01.121072] {Default Queue} wl_registry#33.global(25, "wl_data_device_manager", 3)
[03:22:01.121073] {Default Queue} wl_registry#33.global(26, "zwp_primary_selection_device_manager_v1", 1)
[03:22:01.121073] {Default Queue} wl_registry#33.global(27, "ext_data_control_manager_v1", 1)
[03:22:01.121074] {Default Queue} wl_registry#33.global(28, "zwlr_data_control_manager_v1", 2)
[03:22:01.121074] {Default Queue} wl_registry#33.global(29, "zwlr_export_dmabuf_manager_v1", 1)
[03:22:01.121075] {Default Queue} wl_registry#33.global(30, "zwlr_screencopy_manager_v1", 3)
[03:22:01.121076] {Default Queue} wl_registry#33.global(31, "ext_image_copy_capture_manager_v1", 1)
[03:22:01.121076] {Default Queue} wl_registry#33.global(32, "aqueous_capture_color_manager_v1", 1)
[03:22:01.121077] {Default Queue} wl_registry#33.global(33, "ext_output_image_capture_source_manager_v1", 1)
[03:22:01.121077] {Default Queue} wl_registry#33.global(34, "zwlr_foreign_toplevel_manager_v1", 3)
[03:22:01.121078] {Default Queue} wl_registry#33.global(35, "ext_foreign_toplevel_list_v1", 1)
[03:22:01.121079] {Default Queue} wl_registry#33.global(36, "ext_foreign_toplevel_image_capture_source_manager_v1", 1)
[03:22:01.121079] {Default Queue} wl_registry#33.global(37, "wp_tearing_control_manager_v1", 1)
[03:22:01.121080] {Default Queue} wl_registry#33.global(38, "aqueous_window_manager_v1", 10)
[03:22:01.121080] {Default Queue} wl_registry#33.global(39, "ext_workspace_manager_v1", 1)
[03:22:01.121081] {Default Queue} wl_registry#33.global(40, "aqueous_window_info_manager_v1", 8)
[03:22:01.121082] {Default Queue} wl_registry#33.global(41, "aqueous_xkb_bindings_v1", 3)
[03:22:01.121082] {Default Queue} wl_registry#33.global(42, "aqueous_layer_shell_v1", 1)
[03:22:01.121083] {Default Queue} wl_registry#33.global(43, "zwlr_layer_shell_v1", 4)
[03:22:01.121084] {Default Queue}  -> wl_registry#33.bind(43, "zwlr_layer_shell_v1", 4, new id [unknown]#22)
[03:22:01.121085] {Default Queue} wl_registry#33.global(44, "zwlr_gamma_control_manager_v1", 1)
[03:22:01.121086] {Default Queue} wl_registry#33.global(45, "wp_presentation", 2)
[03:22:01.121087] {Default Queue} wl_registry#33.global(46, "zxdg_output_manager_v1", 3)
[03:22:01.121087] {Default Queue} wl_registry#33.global(47, "zwlr_output_manager_v1", 4)
[03:22:01.121088] {Default Queue} wl_registry#33.global(48, "zwlr_output_power_manager_v1", 1)
[03:22:01.121089] {Default Queue} wl_registry#33.global(49, "aqueous_input_manager_v1", 2)
[03:22:01.121089] {Default Queue} wl_registry#33.global(50, "ext_idle_notifier_v1", 2)
[03:22:01.121090] {Default Queue} wl_registry#33.global(51, "zwp_relative_pointer_manager_v1", 1)
[03:22:01.121090] {Default Queue} wl_registry#33.global(52, "zwp_pointer_gestures_v1", 3)
[03:22:01.121091] {Default Queue} wl_registry#33.global(53, "zwlr_virtual_pointer_manager_v1", 2)
[03:22:01.121092] {Default Queue} wl_registry#33.global(54, "zwp_virtual_keyboard_manager_v1", 1)
[03:22:01.121092] {Default Queue} wl_registry#33.global(55, "zwp_pointer_constraints_v1", 1)
[03:22:01.121093] {Default Queue} wl_registry#33.global(56, "zwp_input_method_manager_v2", 1)
[03:22:01.121093] {Default Queue} wl_registry#33.global(57, "zwp_text_input_manager_v3", 1)
[03:22:01.121094] {Default Queue} wl_registry#33.global(58, "zwp_tablet_manager_v2", 1)
[03:22:01.121095] {Default Queue} wl_registry#33.global(59, "wp_pointer_warp_v1", 1)
[03:22:01.121095] {Default Queue} wl_registry#33.global(60, "wl_seat", 9)
[03:22:01.121096] {Default Queue} wl_registry#33.global(61, "aqueous_libinput_config_v1", 2)
[03:22:01.121096] {Default Queue} wl_registry#33.global(62, "aqueous_xkb_config_v1", 2)
[03:22:01.121097] {Default Queue} wl_registry#33.global(63, "zwp_idle_inhibit_manager_v1", 1)
[03:22:01.121098] {Default Queue} wl_registry#33.global(64, "ext_session_lock_manager_v1", 1)
[03:22:01.121098] {Default Queue} wl_registry#33.global(65, "aqueous_shell_manager_v1", 2)
[03:22:01.121099] {Default Queue} wl_registry#33.global(66, "zwp_keyboard_shortcuts_inhibit_manager_v1", 1)
[03:22:01.121099] {Default Queue} wl_registry#33.global(67, "xdg_system_bell_v1", 1)
[03:22:01.121100] {Default Queue} wl_registry#33.global(68, "wl_output", 4)
[03:22:01.121101] {Default Queue} wl_registry#33.global(69, "wl_output", 4)
[03:22:01.121101] {Default Queue} wl_callback#30.done(2)
[03:22:01.121103] {Default Queue}  -> wl_display#1.get_registry(new id wl_registry#30)
[03:22:01.121106] {Default Queue}  -> wl_display#1.get_registry(new id wl_registry#41)
[03:22:01.121452] {Default Queue}  -> wl_display#1.get_registry(new id wl_registry#42)
[03:22:01.121455] {Default Queue}  -> wl_display#1.sync(new id wl_callback#43)
[03:22:01.121472] {Default Queue} wl_registry#30.global(1, "wl_compositor", 6)
[03:22:01.121475] {Default Queue}  -> wl_registry#30.bind(1, "wl_compositor", 6, new id [unknown]#44)
[03:22:01.121478] {Default Queue} wl_registry#30.global(2, "wl_fixes", 1)
[03:22:01.121479] {Default Queue} wl_registry#30.global(3, "wp_security_context_manager_v1", 1)
[03:22:01.121480] {Default Queue} wl_registry#30.global(4, "wl_shm", 2)
[03:22:01.121481] {Default Queue} wl_registry#30.global(5, "wp_single_pixel_buffer_manager_v1", 1)
[03:22:01.121482] {Default Queue} wl_registry#30.global(6, "wp_alpha_modifier_v1", 1)
[03:22:01.121483] {Default Queue} wl_registry#30.global(7, "wp_color_representation_manager_v1", 1)
[03:22:01.121484] {Default Queue} wl_registry#30.global(8, "wp_content_type_manager_v1", 1)
[03:22:01.121485] {Default Queue} wl_registry#30.global(9, "wp_fifo_manager_v1", 1)
[03:22:01.121486] {Default Queue} wl_registry#30.global(10, "wp_commit_timing_manager_v1", 1)
[03:22:01.121487] {Default Queue} wl_registry#30.global(11, "xdg_wm_dialog_v1", 1)
[03:22:01.121488] {Default Queue} wl_registry#30.global(12, "xdg_toplevel_drag_manager_v1", 1)
[03:22:01.121489] {Default Queue} wl_registry#30.global(13, "xdg_toplevel_icon_manager_v1", 1)
[03:22:01.121490] {Default Queue} wl_registry#30.global(14, "xdg_toplevel_tag_manager_v1", 1)
[03:22:01.121491] {Default Queue} wl_registry#30.global(15, "wp_viewporter", 1)
[03:22:01.121494] {Default Queue} wl_registry#30.global(16, "wp_fractional_scale_manager_v1", 1)
[03:22:01.121496] {Default Queue} wl_registry#30.global(17, "wl_subcompositor", 1)
[03:22:01.121497] {Default Queue} wl_registry#30.global(18, "wp_cursor_shape_manager_v1", 2)
[03:22:01.121498] {Default Queue} wl_registry#30.global(19, "xdg_wm_base", 7)
[03:22:01.121499] {Default Queue} wl_registry#30.global(20, "zxdg_decoration_manager_v1", 1)
[03:22:01.121500] {Default Queue} wl_registry#30.global(21, "org_kde_kwin_server_decoration_manager", 1)
[03:22:01.121501] {Default Queue} wl_registry#30.global(22, "xdg_activation_v1", 1)
[03:22:01.121503] {Default Queue} wl_registry#30.global(23, "zxdg_exporter_v2", 1)
[03:22:01.121504] {Default Queue} wl_registry#30.global(24, "zxdg_importer_v2", 1)
[03:22:01.121505] {Default Queue} wl_registry#30.global(25, "wl_data_device_manager", 3)
[03:22:01.121506] {Default Queue} wl_registry#30.global(26, "zwp_primary_selection_device_manager_v1", 1)
[03:22:01.121507] {Default Queue} wl_registry#30.global(27, "ext_data_control_manager_v1", 1)
[03:22:01.121508] {Default Queue} wl_registry#30.global(28, "zwlr_data_control_manager_v1", 2)
[03:22:01.121509] {Default Queue} wl_registry#30.global(29, "zwlr_export_dmabuf_manager_v1", 1)
[03:22:01.121510] {Default Queue} wl_registry#30.global(30, "zwlr_screencopy_manager_v1", 3)
[03:22:01.121511] {Default Queue} wl_registry#30.global(31, "ext_image_copy_capture_manager_v1", 1)
[03:22:01.121512] {Default Queue} wl_registry#30.global(32, "aqueous_capture_color_manager_v1", 1)
[03:22:01.121513] {Default Queue} wl_registry#30.global(33, "ext_output_image_capture_source_manager_v1", 1)
[03:22:01.121514] {Default Queue} wl_registry#30.global(34, "zwlr_foreign_toplevel_manager_v1", 3)
[03:22:01.121515] {Default Queue} wl_registry#30.global(35, "ext_foreign_toplevel_list_v1", 1)
[03:22:01.121516] {Default Queue} wl_registry#30.global(36, "ext_foreign_toplevel_image_capture_source_manager_v1", 1)
[03:22:01.121518] {Default Queue} wl_registry#30.global(37, "wp_tearing_control_manager_v1", 1)
[03:22:01.121519] {Default Queue} wl_registry#30.global(38, "aqueous_window_manager_v1", 10)
[03:22:01.121520] {Default Queue} wl_registry#30.global(39, "ext_workspace_manager_v1", 1)
[03:22:01.121521] {Default Queue} wl_registry#30.global(40, "aqueous_window_info_manager_v1", 8)
[03:22:01.121522] {Default Queue} wl_registry#30.global(41, "aqueous_xkb_bindings_v1", 3)
[03:22:01.121523] {Default Queue} wl_registry#30.global(42, "aqueous_layer_shell_v1", 1)
[03:22:01.121524] {Default Queue} wl_registry#30.global(43, "zwlr_layer_shell_v1", 4)
[03:22:01.121525] {Default Queue} wl_registry#30.global(44, "zwlr_gamma_control_manager_v1", 1)
[03:22:01.121526] {Default Queue} wl_registry#30.global(45, "wp_presentation", 2)
[03:22:01.121527] {Default Queue} wl_registry#30.global(46, "zxdg_output_manager_v1", 3)
[03:22:01.121528] {Default Queue} wl_registry#30.global(47, "zwlr_output_manager_v1", 4)
[03:22:01.121529] {Default Queue} wl_registry#30.global(48, "zwlr_output_power_manager_v1", 1)
[03:22:01.121531] {Default Queue} wl_registry#30.global(49, "aqueous_input_manager_v1", 2)
[03:22:01.121532] {Default Queue} wl_registry#30.global(50, "ext_idle_notifier_v1", 2)
[03:22:01.121533] {Default Queue} wl_registry#30.global(51, "zwp_relative_pointer_manager_v1", 1)
[03:22:01.121534] {Default Queue} wl_registry#30.global(52, "zwp_pointer_gestures_v1", 3)
[03:22:01.121535] {Default Queue} wl_registry#30.global(53, "zwlr_virtual_pointer_manager_v1", 2)
[03:22:01.121536] {Default Queue} wl_registry#30.global(54, "zwp_virtual_keyboard_manager_v1", 1)
[03:22:01.121537] {Default Queue} wl_registry#30.global(55, "zwp_pointer_constraints_v1", 1)
[03:22:01.121538] {Default Queue} wl_registry#30.global(56, "zwp_input_method_manager_v2", 1)
[03:22:01.121539] {Default Queue} wl_registry#30.global(57, "zwp_text_input_manager_v3", 1)
[03:22:01.121540] {Default Queue} wl_registry#30.global(58, "zwp_tablet_manager_v2", 1)
[03:22:01.121541] {Default Queue} wl_registry#30.global(59, "wp_pointer_warp_v1", 1)
[03:22:01.121542] {Default Queue} wl_registry#30.global(60, "wl_seat", 9)
[03:22:01.121543] {Default Queue} wl_registry#30.global(61, "aqueous_libinput_config_v1", 2)
[03:22:01.121544] {Default Queue} wl_registry#30.global(62, "aqueous_xkb_config_v1", 2)
[03:22:01.121545] {Default Queue} wl_registry#30.global(63, "zwp_idle_inhibit_manager_v1", 1)
[03:22:01.121546] {Default Queue} wl_registry#30.global(64, "ext_session_lock_manager_v1", 1)
[03:22:01.121547] {Default Queue} wl_registry#30.global(65, "aqueous_shell_manager_v1", 2)
[03:22:01.121548] {Default Queue}  -> wl_registry#30.bind(65, "aqueous_shell_manager_v1", 2, new id [unknown]#45)
[03:22:01.121551] {Default Queue} wl_registry#30.global(66, "zwp_keyboard_shortcuts_inhibit_manager_v1", 1)
[03:22:01.121552] {Default Queue} wl_registry#30.global(67, "xdg_system_bell_v1", 1)
[03:22:01.121553] {Default Queue} wl_registry#30.global(68, "wl_output", 4)
[03:22:01.121554] {Default Queue} wl_registry#30.global(69, "wl_output", 4)
[03:22:01.121555] {Default Queue} wl_registry#41.global(1, "wl_compositor", 6)
[03:22:01.121556] {Default Queue} wl_registry#41.global(2, "wl_fixes", 1)
[03:22:01.121557] {Default Queue} wl_registry#41.global(3, "wp_security_context_manager_v1", 1)
[03:22:01.121558] {Default Queue} wl_registry#41.global(4, "wl_shm", 2)
[03:22:01.121559] {Default Queue} wl_registry#41.global(5, "wp_single_pixel_buffer_manager_v1", 1)
[03:22:01.121560] {Default Queue} wl_registry#41.global(6, "wp_alpha_modifier_v1", 1)
[03:22:01.121561] {Default Queue} wl_registry#41.global(7, "wp_color_representation_manager_v1", 1)
[03:22:01.121562] {Default Queue} wl_registry#41.global(8, "wp_content_type_manager_v1", 1)
[03:22:01.121563] {Default Queue} wl_registry#41.global(9, "wp_fifo_manager_v1", 1)
[03:22:01.121565] {Default Queue} wl_registry#41.global(10, "wp_commit_timing_manager_v1", 1)
[03:22:01.121566] {Default Queue} wl_registry#41.global(11, "xdg_wm_dialog_v1", 1)
[03:22:01.121567] {Default Queue} wl_registry#41.global(12, "xdg_toplevel_drag_manager_v1", 1)
[03:22:01.121568] {Default Queue} wl_registry#41.global(13, "xdg_toplevel_icon_manager_v1", 1)
[03:22:01.121569] {Default Queue} wl_registry#41.global(14, "xdg_toplevel_tag_manager_v1", 1)
[03:22:01.121570] {Default Queue} wl_registry#41.global(15, "wp_viewporter", 1)
[03:22:01.121571] {Default Queue} wl_registry#41.global(16, "wp_fractional_scale_manager_v1", 1)
[03:22:01.121572] {Default Queue} wl_registry#41.global(17, "wl_subcompositor", 1)
[03:22:01.121573] {Default Queue} wl_registry#41.global(18, "wp_cursor_shape_manager_v1", 2)
[03:22:01.121574] {Default Queue} wl_registry#41.global(19, "xdg_wm_base", 7)
[03:22:01.121575] {Default Queue} wl_registry#41.global(20, "zxdg_decoration_manager_v1", 1)
[03:22:01.121576] {Default Queue} wl_registry#41.global(21, "org_kde_kwin_server_decoration_manager", 1)
[03:22:01.121577] {Default Queue} wl_registry#41.global(22, "xdg_activation_v1", 1)
[03:22:01.121578] {Default Queue} wl_registry#41.global(23, "zxdg_exporter_v2", 1)
[03:22:01.121579] {Default Queue} wl_registry#41.global(24, "zxdg_importer_v2", 1)
[03:22:01.121580] {Default Queue} wl_registry#41.global(25, "wl_data_device_manager", 3)
[03:22:01.121581] {Default Queue} wl_registry#41.global(26, "zwp_primary_selection_device_manager_v1", 1)
[03:22:01.121582] {Default Queue} wl_registry#41.global(27, "ext_data_control_manager_v1", 1)
[03:22:01.121583] {Default Queue} wl_registry#41.global(28, "zwlr_data_control_manager_v1", 2)
[03:22:01.121584] {Default Queue} wl_registry#41.global(29, "zwlr_export_dmabuf_manager_v1", 1)
[03:22:01.121585] {Default Queue} wl_registry#41.global(30, "zwlr_screencopy_manager_v1", 3)
[03:22:01.121586] {Default Queue} wl_registry#41.global(31, "ext_image_copy_capture_manager_v1", 1)
[03:22:01.121587] {Default Queue} wl_registry#41.global(32, "aqueous_capture_color_manager_v1", 1)
[03:22:01.121588] {Default Queue} wl_registry#41.global(33, "ext_output_image_capture_source_manager_v1", 1)
[03:22:01.121589] {Default Queue} wl_registry#41.global(34, "zwlr_foreign_toplevel_manager_v1", 3)
[03:22:01.121590] {Default Queue} wl_registry#41.global(35, "ext_foreign_toplevel_list_v1", 1)
[03:22:01.121591] {Default Queue} wl_registry#41.global(36, "ext_foreign_toplevel_image_capture_source_manager_v1", 1)
[03:22:01.121592] {Default Queue} wl_registry#41.global(37, "wp_tearing_control_manager_v1", 1)
[03:22:01.121593] {Default Queue} wl_registry#41.global(38, "aqueous_window_manager_v1", 10)
[03:22:01.121594] {Default Queue} wl_registry#41.global(39, "ext_workspace_manager_v1", 1)
[03:22:01.121595] {Default Queue} wl_registry#41.global(40, "aqueous_window_info_manager_v1", 8)
[03:22:01.121597] {Default Queue} wl_registry#41.global(41, "aqueous_xkb_bindings_v1", 3)
[03:22:01.121598] {Default Queue} wl_registry#41.global(42, "aqueous_layer_shell_v1", 1)
[03:22:01.121599] {Default Queue} wl_registry#41.global(43, "zwlr_layer_shell_v1", 4)
[03:22:01.121600] {Default Queue} wl_registry#41.global(44, "zwlr_gamma_control_manager_v1", 1)
[03:22:01.121601] {Default Queue} wl_registry#41.global(45, "wp_presentation", 2)
[03:22:01.121602] {Default Queue} wl_registry#41.global(46, "zxdg_output_manager_v1", 3)
[03:22:01.121604] {Default Queue} wl_registry#41.global(47, "zwlr_output_manager_v1", 4)
[03:22:01.121605] {Default Queue} wl_registry#41.global(48, "zwlr_output_power_manager_v1", 1)
[03:22:01.121606] {Default Queue} wl_registry#41.global(49, "aqueous_input_manager_v1", 2)
[03:22:01.121607] {Default Queue} wl_registry#41.global(50, "ext_idle_notifier_v1", 2)
[03:22:01.121608] {Default Queue} wl_registry#41.global(51, "zwp_relative_pointer_manager_v1", 1)
[03:22:01.121609] {Default Queue} wl_registry#41.global(52, "zwp_pointer_gestures_v1", 3)
[03:22:01.121610] {Default Queue} wl_registry#41.global(53, "zwlr_virtual_pointer_manager_v1", 2)
[03:22:01.121611] {Default Queue} wl_registry#41.global(54, "zwp_virtual_keyboard_manager_v1", 1)
[03:22:01.121612] {Default Queue} wl_registry#41.global(55, "zwp_pointer_constraints_v1", 1)
[03:22:01.121613] {Default Queue} wl_registry#41.global(56, "zwp_input_method_manager_v2", 1)
[03:22:01.121614] {Default Queue} wl_registry#41.global(57, "zwp_text_input_manager_v3", 1)
[03:22:01.121615] {Default Queue} wl_registry#41.global(58, "zwp_tablet_manager_v2", 1)
[03:22:01.121616] {Default Queue} wl_registry#41.global(59, "wp_pointer_warp_v1", 1)
[03:22:01.121617] {Default Queue} wl_registry#41.global(60, "wl_seat", 9)
[03:22:01.121618] {Default Queue} wl_registry#41.global(61, "aqueous_libinput_config_v1", 2)
[03:22:01.121619] {Default Queue} wl_registry#41.global(62, "aqueous_xkb_config_v1", 2)
[03:22:01.121620] {Default Queue} wl_registry#41.global(63, "zwp_idle_inhibit_manager_v1", 1)
[03:22:01.121621] {Default Queue} wl_registry#41.global(64, "ext_session_lock_manager_v1", 1)
[03:22:01.121622] {Default Queue} wl_registry#41.global(65, "aqueous_shell_manager_v1", 2)
[03:22:01.121623] {Default Queue} wl_registry#41.global(66, "zwp_keyboard_shortcuts_inhibit_manager_v1", 1)
[03:22:01.121624] {Default Queue} wl_registry#41.global(67, "xdg_system_bell_v1", 1)
[03:22:01.121625] {Default Queue} wl_registry#41.global(68, "wl_output", 4)
[03:22:01.121626] {Default Queue} wl_registry#41.global(69, "wl_output", 4)
[03:22:01.121636] {Display Queue} wl_display#1.delete_id(43)
[03:22:01.121637] {Default Queue} wl_registry#42.global(1, "wl_compositor", 6)
[03:22:01.121639] {Default Queue} wl_registry#42.global(2, "wl_fixes", 1)
[03:22:01.121640] {Default Queue} wl_registry#42.global(3, "wp_security_context_manager_v1", 1)
[03:22:01.121641] {Default Queue} wl_registry#42.global(4, "wl_shm", 2)
[03:22:01.121642] {Default Queue} wl_registry#42.global(5, "wp_single_pixel_buffer_manager_v1", 1)
[03:22:01.121643] {Default Queue} wl_registry#42.global(6, "wp_alpha_modifier_v1", 1)
[03:22:01.121644] {Default Queue} wl_registry#42.global(7, "wp_color_representation_manager_v1", 1)
[03:22:01.121645] {Default Queue} wl_registry#42.global(8, "wp_content_type_manager_v1", 1)
[03:22:01.121647] {Default Queue} wl_registry#42.global(9, "wp_fifo_manager_v1", 1)
[03:22:01.121648] {Default Queue} wl_registry#42.global(10, "wp_commit_timing_manager_v1", 1)
[03:22:01.121649] {Default Queue} wl_registry#42.global(11, "xdg_wm_dialog_v1", 1)
[03:22:01.121650] {Default Queue} wl_registry#42.global(12, "xdg_toplevel_drag_manager_v1", 1)
[03:22:01.121651] {Default Queue} wl_registry#42.global(13, "xdg_toplevel_icon_manager_v1", 1)
[03:22:01.121652] {Default Queue} wl_registry#42.global(14, "xdg_toplevel_tag_manager_v1", 1)
[03:22:01.121653] {Default Queue} wl_registry#42.global(15, "wp_viewporter", 1)
[03:22:01.121654] {Default Queue} wl_registry#42.global(16, "wp_fractional_scale_manager_v1", 1)
[03:22:01.121655] {Default Queue} wl_registry#42.global(17, "wl_subcompositor", 1)
[03:22:01.121657] {Default Queue} wl_registry#42.global(18, "wp_cursor_shape_manager_v1", 2)
[03:22:01.121658] {Default Queue} wl_registry#42.global(19, "xdg_wm_base", 7)
[03:22:01.121659] {Default Queue} wl_registry#42.global(20, "zxdg_decoration_manager_v1", 1)
[03:22:01.121660] {Default Queue} wl_registry#42.global(21, "org_kde_kwin_server_decoration_manager", 1)
[03:22:01.121661] {Default Queue} wl_registry#42.global(22, "xdg_activation_v1", 1)
[03:22:01.121662] {Default Queue} wl_registry#42.global(23, "zxdg_exporter_v2", 1)
[03:22:01.121663] {Default Queue} wl_registry#42.global(24, "zxdg_importer_v2", 1)
[03:22:01.121664] {Default Queue} wl_registry#42.global(25, "wl_data_device_manager", 3)
[03:22:01.121666] {Default Queue} wl_registry#42.global(26, "zwp_primary_selection_device_manager_v1", 1)
[03:22:01.121667] {Default Queue} wl_registry#42.global(27, "ext_data_control_manager_v1", 1)
[03:22:01.121668] {Default Queue} wl_registry#42.global(28, "zwlr_data_control_manager_v1", 2)
[03:22:01.121669] {Default Queue} wl_registry#42.global(29, "zwlr_export_dmabuf_manager_v1", 1)
[03:22:01.121670] {Default Queue} wl_registry#42.global(30, "zwlr_screencopy_manager_v1", 3)
[03:22:01.121671] {Default Queue} wl_registry#42.global(31, "ext_image_copy_capture_manager_v1", 1)
[03:22:01.121672] {Default Queue} wl_registry#42.global(32, "aqueous_capture_color_manager_v1", 1)
[03:22:01.121674] {Default Queue} wl_registry#42.global(33, "ext_output_image_capture_source_manager_v1", 1)
[03:22:01.121675] {Default Queue} wl_registry#42.global(34, "zwlr_foreign_toplevel_manager_v1", 3)
[03:22:01.121676] {Default Queue} wl_registry#42.global(35, "ext_foreign_toplevel_list_v1", 1)
[03:22:01.121677] {Default Queue} wl_registry#42.global(36, "ext_foreign_toplevel_image_capture_source_manager_v1", 1)
[03:22:01.121678] {Default Queue} wl_registry#42.global(37, "wp_tearing_control_manager_v1", 1)
[03:22:01.121679] {Default Queue} wl_registry#42.global(38, "aqueous_window_manager_v1", 10)
[03:22:01.121680] {Default Queue} wl_registry#42.global(39, "ext_workspace_manager_v1", 1)
[03:22:01.121682] {Default Queue} wl_registry#42.global(40, "aqueous_window_info_manager_v1", 8)
[03:22:01.121683] {Default Queue} wl_registry#42.global(41, "aqueous_xkb_bindings_v1", 3)
[03:22:01.121684] {Default Queue} wl_registry#42.global(42, "aqueous_layer_shell_v1", 1)
[03:22:01.121685] {Default Queue} wl_registry#42.global(43, "zwlr_layer_shell_v1", 4)
[03:22:01.121686] {Default Queue}  -> wl_registry#42.bind(43, "zwlr_layer_shell_v1", 4, new id [unknown]#46)
[03:22:01.121688] {Default Queue} wl_registry#42.global(44, "zwlr_gamma_control_manager_v1", 1)
[03:22:01.121689] {Default Queue} wl_registry#42.global(45, "wp_presentation", 2)
[03:22:01.121690] {Default Queue} wl_registry#42.global(46, "zxdg_output_manager_v1", 3)
[03:22:01.121691] {Default Queue} wl_registry#42.global(47, "zwlr_output_manager_v1", 4)
[03:22:01.121692] {Default Queue} wl_registry#42.global(48, "zwlr_output_power_manager_v1", 1)
[03:22:01.121693] {Default Queue} wl_registry#42.global(49, "aqueous_input_manager_v1", 2)
[03:22:01.121694] {Default Queue} wl_registry#42.global(50, "ext_idle_notifier_v1", 2)
[03:22:01.121696] {Default Queue} wl_registry#42.global(51, "zwp_relative_pointer_manager_v1", 1)
[03:22:01.121697] {Default Queue} wl_registry#42.global(52, "zwp_pointer_gestures_v1", 3)
[03:22:01.121698] {Default Queue} wl_registry#42.global(53, "zwlr_virtual_pointer_manager_v1", 2)
[03:22:01.121699] {Default Queue} wl_registry#42.global(54, "zwp_virtual_keyboard_manager_v1", 1)
[03:22:01.121701] {Default Queue} wl_registry#42.global(55, "zwp_pointer_constraints_v1", 1)
[03:22:01.121702] {Default Queue} wl_registry#42.global(56, "zwp_input_method_manager_v2", 1)
[03:22:01.121703] {Default Queue} wl_registry#42.global(57, "zwp_text_input_manager_v3", 1)
[03:22:01.121704] {Default Queue} wl_registry#42.global(58, "zwp_tablet_manager_v2", 1)
[03:22:01.121705] {Default Queue} wl_registry#42.global(59, "wp_pointer_warp_v1", 1)
[03:22:01.121706] {Default Queue} wl_registry#42.global(60, "wl_seat", 9)
[03:22:01.121708] {Default Queue} wl_registry#42.global(61, "aqueous_libinput_config_v1", 2)
[03:22:01.121709] {Default Queue} wl_registry#42.global(62, "aqueous_xkb_config_v1", 2)
[03:22:01.121710] {Default Queue} wl_registry#42.global(63, "zwp_idle_inhibit_manager_v1", 1)
[03:22:01.121711] {Default Queue} wl_registry#42.global(64, "ext_session_lock_manager_v1", 1)
[03:22:01.121712] {Default Queue}  -> wl_registry#42.bind(64, "ext_session_lock_manager_v1", 1, new id [unknown]#47)
[03:22:01.121713] {Default Queue} wl_registry#42.global(65, "aqueous_shell_manager_v1", 2)
[03:22:01.121714] {Default Queue} wl_registry#42.global(66, "zwp_keyboard_shortcuts_inhibit_manager_v1", 1)
[03:22:01.121716] {Default Queue} wl_registry#42.global(67, "xdg_system_bell_v1", 1)
[03:22:01.121717] {Default Queue} wl_registry#42.global(68, "wl_output", 4)
[03:22:01.121718] {Default Queue} wl_registry#42.global(69, "wl_output", 4)
[03:22:01.121719] {Default Queue} wl_callback#43.done(2)
[03:22:01.121721] {Default Queue} aqueous_shell_manager_v1#45.capabilities("{"schema":1,"session":"ba688f92e564a28da521e93410ac7aa0","max_batch_bytes":4194304,"state":true,"commands":true,"keyboard":true,"overview":true,"config_reload":true,"shortcut_inhibition":true,"icon_metadata":true,"geometry":"committed-content-global-logical"}")
[03:22:01.121741] {Default Queue}  -> aqueous_shell_manager_v1#45.destroy()
[03:22:01.121746] {Default Queue}  -> wl_display#1.get_registry(new id wl_registry#43)
[03:22:01.122083] {Default Queue}  -> wl_display#1.get_registry(new id wl_registry#48)
[03:22:01.122090] {Default Queue}  -> wl_display#1.get_registry(new id wl_registry#49)
info(pearl): event=aqueous-availability state=connecting
info(pearl): event=ready mode=session
[03:22:01.122388] {Display Queue} wl_display#1.delete_id(45)
[03:22:01.122390] {Default Queue} wl_registry#43.global(1, "wl_compositor", 6)
[03:22:01.122393] {Default Queue} wl_registry#43.global(2, "wl_fixes", 1)
[03:22:01.122393] {Default Queue} wl_registry#43.global(3, "wp_security_context_manager_v1", 1)
[03:22:01.122394] {Default Queue} wl_registry#43.global(4, "wl_shm", 2)
[03:22:01.122395] {Default Queue} wl_registry#43.global(5, "wp_single_pixel_buffer_manager_v1", 1)
[03:22:01.122396] {Default Queue} wl_registry#43.global(6, "wp_alpha_modifier_v1", 1)
[03:22:01.122396] {Default Queue} wl_registry#43.global(7, "wp_color_representation_manager_v1", 1)
[03:22:01.122397] {Default Queue} wl_registry#43.global(8, "wp_content_type_manager_v1", 1)
[03:22:01.122398] {Default Queue} wl_registry#43.global(9, "wp_fifo_manager_v1", 1)
[03:22:01.122398] {Default Queue} wl_registry#43.global(10, "wp_commit_timing_manager_v1", 1)
[03:22:01.122399] {Default Queue} wl_registry#43.global(11, "xdg_wm_dialog_v1", 1)
[03:22:01.122399] {Default Queue} wl_registry#43.global(12, "xdg_toplevel_drag_manager_v1", 1)
[03:22:01.122400] {Default Queue} wl_registry#43.global(13, "xdg_toplevel_icon_manager_v1", 1)
[03:22:01.122400] {Default Queue} wl_registry#43.global(14, "xdg_toplevel_tag_manager_v1", 1)
[03:22:01.122401] {Default Queue} wl_registry#43.global(15, "wp_viewporter", 1)
[03:22:01.122401] {Default Queue} wl_registry#43.global(16, "wp_fractional_scale_manager_v1", 1)
[03:22:01.122402] {Default Queue} wl_registry#43.global(17, "wl_subcompositor", 1)
[03:22:01.122402] {Default Queue} wl_registry#43.global(18, "wp_cursor_shape_manager_v1", 2)
[03:22:01.122404] {Default Queue} wl_registry#43.global(19, "xdg_wm_base", 7)
[03:22:01.122405] {Default Queue} wl_registry#43.global(20, "zxdg_decoration_manager_v1", 1)
[03:22:01.122405] {Default Queue} wl_registry#43.global(21, "org_kde_kwin_server_decoration_manager", 1)
[03:22:01.122406] {Default Queue} wl_registry#43.global(22, "xdg_activation_v1", 1)
[03:22:01.122406] {Default Queue} wl_registry#43.global(23, "zxdg_exporter_v2", 1)
[03:22:01.122407] {Default Queue} wl_registry#43.global(24, "zxdg_importer_v2", 1)
[03:22:01.122407] {Default Queue} wl_registry#43.global(25, "wl_data_device_manager", 3)
[03:22:01.122408] {Default Queue} wl_registry#43.global(26, "zwp_primary_selection_device_manager_v1", 1)
[03:22:01.122408] {Default Queue} wl_registry#43.global(27, "ext_data_control_manager_v1", 1)
[03:22:01.122409] {Default Queue} wl_registry#43.global(28, "zwlr_data_control_manager_v1", 2)
[03:22:01.122410] {Default Queue} wl_registry#43.global(29, "zwlr_export_dmabuf_manager_v1", 1)
[03:22:01.122410] {Default Queue} wl_registry#43.global(30, "zwlr_screencopy_manager_v1", 3)
[03:22:01.122411] {Default Queue} wl_registry#43.global(31, "ext_image_copy_capture_manager_v1", 1)
[03:22:01.122411] {Default Queue} wl_registry#43.global(32, "aqueous_capture_color_manager_v1", 1)
[03:22:01.122412] {Default Queue} wl_registry#43.global(33, "ext_output_image_capture_source_manager_v1", 1)
[03:22:01.122412] {Default Queue} wl_registry#43.global(34, "zwlr_foreign_toplevel_manager_v1", 3)
[03:22:01.122413] {Default Queue} wl_registry#43.global(35, "ext_foreign_toplevel_list_v1", 1)
[03:22:01.122414] {Default Queue} wl_registry#43.global(36, "ext_foreign_toplevel_image_capture_source_manager_v1", 1)
[03:22:01.122414] {Default Queue} wl_registry#43.global(37, "wp_tearing_control_manager_v1", 1)
[03:22:01.122415] {Default Queue} wl_registry#43.global(38, "aqueous_window_manager_v1", 10)
[03:22:01.122415] {Default Queue} wl_registry#43.global(39, "ext_workspace_manager_v1", 1)
[03:22:01.122416] {Default Queue} wl_registry#43.global(40, "aqueous_window_info_manager_v1", 8)
[03:22:01.122416] {Default Queue} wl_registry#43.global(41, "aqueous_xkb_bindings_v1", 3)
[03:22:01.122417] {Default Queue} wl_registry#43.global(42, "aqueous_layer_shell_v1", 1)
[03:22:01.122417] {Default Queue} wl_registry#43.global(43, "zwlr_layer_shell_v1", 4)
[03:22:01.122418] {Default Queue} wl_registry#43.global(44, "zwlr_gamma_control_manager_v1", 1)
[03:22:01.122419] {Default Queue} wl_registry#43.global(45, "wp_presentation", 2)
[03:22:01.122419] {Default Queue} wl_registry#43.global(46, "zxdg_output_manager_v1", 3)
[03:22:01.122420] {Default Queue} wl_registry#43.global(47, "zwlr_output_manager_v1", 4)
[03:22:01.122420] {Default Queue} wl_registry#43.global(48, "zwlr_output_power_manager_v1", 1)
[03:22:01.122421] {Default Queue} wl_registry#43.global(49, "aqueous_input_manager_v1", 2)
[03:22:01.122421] {Default Queue} wl_registry#43.global(50, "ext_idle_notifier_v1", 2)
[03:22:01.122423] {Default Queue}  -> wl_registry#43.bind(50, "ext_idle_notifier_v1", 1, new id [unknown]#45)
[03:22:01.122424] {Default Queue} wl_registry#43.global(51, "zwp_relative_pointer_manager_v1", 1)
[03:22:01.122425] {Default Queue} wl_registry#43.global(52, "zwp_pointer_gestures_v1", 3)
[03:22:01.122425] {Default Queue} wl_registry#43.global(53, "zwlr_virtual_pointer_manager_v1", 2)
[03:22:01.122426] {Default Queue} wl_registry#43.global(54, "zwp_virtual_keyboard_manager_v1", 1)
[03:22:01.122426] {Default Queue} wl_registry#43.global(55, "zwp_pointer_constraints_v1", 1)
[03:22:01.122427] {Default Queue} wl_registry#43.global(56, "zwp_input_method_manager_v2", 1)
[03:22:01.122428] {Default Queue} wl_registry#43.global(57, "zwp_text_input_manager_v3", 1)
[03:22:01.122428] {Default Queue} wl_registry#43.global(58, "zwp_tablet_manager_v2", 1)
[03:22:01.122429] {Default Queue} wl_registry#43.global(59, "wp_pointer_warp_v1", 1)
[03:22:01.122429] {Default Queue} wl_registry#43.global(60, "wl_seat", 9)
[03:22:01.122430] {Default Queue}  -> wl_registry#43.bind(60, "wl_seat", 5, new id [unknown]#50)
[03:22:01.122432] {Default Queue} wl_registry#43.global(61, "aqueous_libinput_config_v1", 2)
[03:22:01.122433] {Default Queue} wl_registry#43.global(62, "aqueous_xkb_config_v1", 2)
[03:22:01.122433] {Default Queue} wl_registry#43.global(63, "zwp_idle_inhibit_manager_v1", 1)
[03:22:01.122434] {Default Queue} wl_registry#43.global(64, "ext_session_lock_manager_v1", 1)
[03:22:01.122434] {Default Queue} wl_registry#43.global(65, "aqueous_shell_manager_v1", 2)
[03:22:01.122435] {Default Queue} wl_registry#43.global(66, "zwp_keyboard_shortcuts_inhibit_manager_v1", 1)
[03:22:01.122436] {Default Queue} wl_registry#43.global(67, "xdg_system_bell_v1", 1)
[03:22:01.122436] {Default Queue} wl_registry#43.global(68, "wl_output", 4)
[03:22:01.122437] {Default Queue} wl_registry#43.global(69, "wl_output", 4)
[03:22:01.122437] {Default Queue} wl_registry#48.global(1, "wl_compositor", 6)
[03:22:01.122438] {Default Queue} wl_registry#48.global(2, "wl_fixes", 1)
[03:22:01.122439] {Default Queue} wl_registry#48.global(3, "wp_security_context_manager_v1", 1)
[03:22:01.122440] {Default Queue} wl_registry#48.global(4, "wl_shm", 2)
[03:22:01.122440] {Default Queue} wl_registry#48.global(5, "wp_single_pixel_buffer_manager_v1", 1)
[03:22:01.122441] {Default Queue} wl_registry#48.global(6, "wp_alpha_modifier_v1", 1)
[03:22:01.122441] {Default Queue} wl_registry#48.global(7, "wp_color_representation_manager_v1", 1)
[03:22:01.122442] {Default Queue} wl_registry#48.global(8, "wp_content_type_manager_v1", 1)
[03:22:01.122442] {Default Queue} wl_registry#48.global(9, "wp_fifo_manager_v1", 1)
[03:22:01.122443] {Default Queue} wl_registry#48.global(10, "wp_commit_timing_manager_v1", 1)
[03:22:01.122443] {Default Queue} wl_registry#48.global(11, "xdg_wm_dialog_v1", 1)
[03:22:01.122444] {Default Queue} wl_registry#48.global(12, "xdg_toplevel_drag_manager_v1", 1)
[03:22:01.122444] {Default Queue} wl_registry#48.global(13, "xdg_toplevel_icon_manager_v1", 1)
[03:22:01.122445] {Default Queue} wl_registry#48.global(14, "xdg_toplevel_tag_manager_v1", 1)
[03:22:01.122446] {Default Queue} wl_registry#48.global(15, "wp_viewporter", 1)
[03:22:01.122446] {Default Queue} wl_registry#48.global(16, "wp_fractional_scale_manager_v1", 1)
[03:22:01.122447] {Default Queue} wl_registry#48.global(17, "wl_subcompositor", 1)
[03:22:01.122447] {Default Queue} wl_registry#48.global(18, "wp_cursor_shape_manager_v1", 2)
[03:22:01.122448] {Default Queue} wl_registry#48.global(19, "xdg_wm_base", 7)
[03:22:01.122448] {Default Queue} wl_registry#48.global(20, "zxdg_decoration_manager_v1", 1)
[03:22:01.122449] {Default Queue} wl_registry#48.global(21, "org_kde_kwin_server_decoration_manager", 1)
[03:22:01.122450] {Default Queue} wl_registry#48.global(22, "xdg_activation_v1", 1)
[03:22:01.122450] {Default Queue} wl_registry#48.global(23, "zxdg_exporter_v2", 1)
[03:22:01.122451] {Default Queue} wl_registry#48.global(24, "zxdg_importer_v2", 1)
[03:22:01.122451] {Default Queue} wl_registry#48.global(25, "wl_data_device_manager", 3)
[03:22:01.122452] {Default Queue} wl_registry#48.global(26, "zwp_primary_selection_device_manager_v1", 1)
[03:22:01.122452] {Default Queue} wl_registry#48.global(27, "ext_data_control_manager_v1", 1)
[03:22:01.122453] {Default Queue}  -> wl_registry#48.bind(27, "ext_data_control_manager_v1", 1, new id [unknown]#51)
[03:22:01.122454] {Default Queue} wl_registry#48.global(28, "zwlr_data_control_manager_v1", 2)
[03:22:01.122454] {Default Queue} wl_registry#48.global(29, "zwlr_export_dmabuf_manager_v1", 1)
[03:22:01.122455] {Default Queue} wl_registry#48.global(30, "zwlr_screencopy_manager_v1", 3)
[03:22:01.122455] {Default Queue} wl_registry#48.global(31, "ext_image_copy_capture_manager_v1", 1)
[03:22:01.122456] {Default Queue} wl_registry#48.global(32, "aqueous_capture_color_manager_v1", 1)
[03:22:01.122456] {Default Queue} wl_registry#48.global(33, "ext_output_image_capture_source_manager_v1", 1)
[03:22:01.122457] {Default Queue} wl_registry#48.global(34, "zwlr_foreign_toplevel_manager_v1", 3)
[03:22:01.122458] {Default Queue} wl_registry#48.global(35, "ext_foreign_toplevel_list_v1", 1)
[03:22:01.122458] {Default Queue} wl_registry#48.global(36, "ext_foreign_toplevel_image_capture_source_manager_v1", 1)
[03:22:01.122459] {Default Queue} wl_registry#48.global(37, "wp_tearing_control_manager_v1", 1)
[03:22:01.122459] {Default Queue} wl_registry#48.global(38, "aqueous_window_manager_v1", 10)
[03:22:01.122460] {Default Queue} wl_registry#48.global(39, "ext_workspace_manager_v1", 1)
[03:22:01.122460] {Default Queue} wl_registry#48.global(40, "aqueous_window_info_manager_v1", 8)
[03:22:01.122461] {Default Queue} wl_registry#48.global(41, "aqueous_xkb_bindings_v1", 3)
[03:22:01.122461] {Default Queue} wl_registry#48.global(42, "aqueous_layer_shell_v1", 1)
[03:22:01.122462] {Default Queue} wl_registry#48.global(43, "zwlr_layer_shell_v1", 4)
[03:22:01.122462] {Default Queue} wl_registry#48.global(44, "zwlr_gamma_control_manager_v1", 1)
[03:22:01.122463] {Default Queue} wl_registry#48.global(45, "wp_presentation", 2)
[03:22:01.122463] {Default Queue} wl_registry#48.global(46, "zxdg_output_manager_v1", 3)
[03:22:01.122464] {Default Queue} wl_registry#48.global(47, "zwlr_output_manager_v1", 4)
[03:22:01.122465] {Default Queue} wl_registry#48.global(48, "zwlr_output_power_manager_v1", 1)
[03:22:01.122465] {Default Queue} wl_registry#48.global(49, "aqueous_input_manager_v1", 2)
[03:22:01.122466] {Default Queue} wl_registry#48.global(50, "ext_idle_notifier_v1", 2)
[03:22:01.122466] {Default Queue} wl_registry#48.global(51, "zwp_relative_pointer_manager_v1", 1)
[03:22:01.122467] {Default Queue} wl_registry#48.global(52, "zwp_pointer_gestures_v1", 3)
[03:22:01.122467] {Default Queue} wl_registry#48.global(53, "zwlr_virtual_pointer_manager_v1", 2)
[03:22:01.122468] {Default Queue} wl_registry#48.global(54, "zwp_virtual_keyboard_manager_v1", 1)
[03:22:01.122468] {Default Queue} wl_registry#48.global(55, "zwp_pointer_constraints_v1", 1)
[03:22:01.122469] {Default Queue} wl_registry#48.global(56, "zwp_input_method_manager_v2", 1)
[03:22:01.122470] {Default Queue} wl_registry#48.global(57, "zwp_text_input_manager_v3", 1)
[03:22:01.122470] {Default Queue} wl_registry#48.global(58, "zwp_tablet_manager_v2", 1)
[03:22:01.122471] {Default Queue} wl_registry#48.global(59, "wp_pointer_warp_v1", 1)
[03:22:01.122471] {Default Queue} wl_registry#48.global(60, "wl_seat", 9)
[03:22:01.122472] {Default Queue}  -> wl_registry#48.bind(60, "wl_seat", 5, new id [unknown]#52)
[03:22:01.122473] {Default Queue} wl_registry#48.global(61, "aqueous_libinput_config_v1", 2)
[03:22:01.122473] {Default Queue} wl_registry#48.global(62, "aqueous_xkb_config_v1", 2)
[03:22:01.122474] {Default Queue} wl_registry#48.global(63, "zwp_idle_inhibit_manager_v1", 1)
[03:22:01.122474] {Default Queue} wl_registry#48.global(64, "ext_session_lock_manager_v1", 1)
[03:22:01.122475] {Default Queue} wl_registry#48.global(65, "aqueous_shell_manager_v1", 2)
[03:22:01.122476] {Default Queue} wl_registry#48.global(66, "zwp_keyboard_shortcuts_inhibit_manager_v1", 1)
[03:22:01.122476] {Default Queue} wl_registry#48.global(67, "xdg_system_bell_v1", 1)
[03:22:01.122477] {Default Queue} wl_registry#48.global(68, "wl_output", 4)
[03:22:01.122477] {Default Queue} wl_registry#48.global(69, "wl_output", 4)
[03:22:01.122478] {Default Queue} wl_registry#49.global(1, "wl_compositor", 6)
[03:22:01.122479] {Default Queue} wl_registry#49.global(2, "wl_fixes", 1)
[03:22:01.122479] {Default Queue} wl_registry#49.global(3, "wp_security_context_manager_v1", 1)
[03:22:01.122480] {Default Queue} wl_registry#49.global(4, "wl_shm", 2)
[03:22:01.122480] {Default Queue}  -> wl_registry#49.bind(4, "wl_shm", 1, new id [unknown]#53)
[03:22:01.122481] {Default Queue} wl_registry#49.global(5, "wp_single_pixel_buffer_manager_v1", 1)
[03:22:01.122482] {Default Queue} wl_registry#49.global(6, "wp_alpha_modifier_v1", 1)
[03:22:01.122482] {Default Queue} wl_registry#49.global(7, "wp_color_representation_manager_v1", 1)
[03:22:01.122483] {Default Queue} wl_registry#49.global(8, "wp_content_type_manager_v1", 1)
[03:22:01.122483] {Default Queue} wl_registry#49.global(9, "wp_fifo_manager_v1", 1)
[03:22:01.122484] {Default Queue} wl_registry#49.global(10, "wp_commit_timing_manager_v1", 1)
[03:22:01.122484] {Default Queue} wl_registry#49.global(11, "xdg_wm_dialog_v1", 1)
[03:22:01.122485] {Default Queue} wl_registry#49.global(12, "xdg_toplevel_drag_manager_v1", 1)
[03:22:01.122486] {Default Queue} wl_registry#49.global(13, "xdg_toplevel_icon_manager_v1", 1)
[03:22:01.122486] {Default Queue} wl_registry#49.global(14, "xdg_toplevel_tag_manager_v1", 1)
[03:22:01.122487] {Default Queue} wl_registry#49.global(15, "wp_viewporter", 1)
[03:22:01.122487] {Default Queue} wl_registry#49.global(16, "wp_fractional_scale_manager_v1", 1)
[03:22:01.122488] {Default Queue} wl_registry#49.global(17, "wl_subcompositor", 1)
[03:22:01.122488] {Default Queue} wl_registry#49.global(18, "wp_cursor_shape_manager_v1", 2)
[03:22:01.122489] {Default Queue} wl_registry#49.global(19, "xdg_wm_base", 7)
[03:22:01.122489] {Default Queue} wl_registry#49.global(20, "zxdg_decoration_manager_v1", 1)
[03:22:01.122490] {Default Queue} wl_registry#49.global(21, "org_kde_kwin_server_decoration_manager", 1)
[03:22:01.122490] {Default Queue} wl_registry#49.global(22, "xdg_activation_v1", 1)
[03:22:01.122491] {Default Queue} wl_registry#49.global(23, "zxdg_exporter_v2", 1)
[03:22:01.122491] {Default Queue} wl_registry#49.global(24, "zxdg_importer_v2", 1)
[03:22:01.122492] {Default Queue} wl_registry#49.global(25, "wl_data_device_manager", 3)
[03:22:01.122493] {Default Queue} wl_registry#49.global(26, "zwp_primary_selection_device_manager_v1", 1)
[03:22:01.122493] {Default Queue} wl_registry#49.global(27, "ext_data_control_manager_v1", 1)
[03:22:01.122494] {Default Queue} wl_registry#49.global(28, "zwlr_data_control_manager_v1", 2)
[03:22:01.122494] {Default Queue} wl_registry#49.global(29, "zwlr_export_dmabuf_manager_v1", 1)
[03:22:01.122495] {Default Queue} wl_registry#49.global(30, "zwlr_screencopy_manager_v1", 3)
[03:22:01.122495] {Default Queue}  -> wl_registry#49.bind(30, "zwlr_screencopy_manager_v1", 3, new id [unknown]#54)
[03:22:01.122496] {Default Queue} wl_registry#49.global(31, "ext_image_copy_capture_manager_v1", 1)
[03:22:01.122497] {Default Queue} wl_registry#49.global(32, "aqueous_capture_color_manager_v1", 1)
[03:22:01.122497] {Default Queue} wl_registry#49.global(33, "ext_output_image_capture_source_manager_v1", 1)
[03:22:01.122498] {Default Queue} wl_registry#49.global(34, "zwlr_foreign_toplevel_manager_v1", 3)
[03:22:01.122498] {Default Queue} wl_registry#49.global(35, "ext_foreign_toplevel_list_v1", 1)
[03:22:01.122499] {Default Queue} wl_registry#49.global(36, "ext_foreign_toplevel_image_capture_source_manager_v1", 1)
[03:22:01.122500] {Default Queue} wl_registry#49.global(37, "wp_tearing_control_manager_v1", 1)
[03:22:01.122500] {Default Queue} wl_registry#49.global(38, "aqueous_window_manager_v1", 10)
[03:22:01.122501] {Default Queue} wl_registry#49.global(39, "ext_workspace_manager_v1", 1)
[03:22:01.122501] {Default Queue} wl_registry#49.global(40, "aqueous_window_info_manager_v1", 8)
[03:22:01.122502] {Default Queue} wl_registry#49.global(41, "aqueous_xkb_bindings_v1", 3)
[03:22:01.122502] {Default Queue} wl_registry#49.global(42, "aqueous_layer_shell_v1", 1)
[03:22:01.122503] {Default Queue} wl_registry#49.global(43, "zwlr_layer_shell_v1", 4)
[03:22:01.122504] {Default Queue} wl_registry#49.global(44, "zwlr_gamma_control_manager_v1", 1)
[03:22:01.122504] {Default Queue} wl_registry#49.global(45, "wp_presentation", 2)
[03:22:01.122505] {Default Queue} wl_registry#49.global(46, "zxdg_output_manager_v1", 3)
[03:22:01.122505] {Default Queue} wl_registry#49.global(47, "zwlr_output_manager_v1", 4)
[03:22:01.122506] {Default Queue} wl_registry#49.global(48, "zwlr_output_power_manager_v1", 1)
[03:22:01.122506] {Default Queue} wl_registry#49.global(49, "aqueous_input_manager_v1", 2)
[03:22:01.122507] {Default Queue} wl_registry#49.global(50, "ext_idle_notifier_v1", 2)
[03:22:01.122507] {Default Queue} wl_registry#49.global(51, "zwp_relative_pointer_manager_v1", 1)
[03:22:01.122508] {Default Queue} wl_registry#49.global(52, "zwp_pointer_gestures_v1", 3)
[03:22:01.122509] {Default Queue} wl_registry#49.global(53, "zwlr_virtual_pointer_manager_v1", 2)
[03:22:01.122510] {Default Queue} wl_registry#49.global(54, "zwp_virtual_keyboard_manager_v1", 1)
[03:22:01.122510] {Default Queue} wl_registry#49.global(55, "zwp_pointer_constraints_v1", 1)
[03:22:01.122511] {Default Queue} wl_registry#49.global(56, "zwp_input_method_manager_v2", 1)
[03:22:01.122512] {Default Queue} wl_registry#49.global(57, "zwp_text_input_manager_v3", 1)
[03:22:01.122513] {Default Queue} wl_registry#49.global(58, "zwp_tablet_manager_v2", 1)
[03:22:01.122514] {Default Queue} wl_registry#49.global(59, "wp_pointer_warp_v1", 1)
[03:22:01.122515] {Default Queue} wl_registry#49.global(60, "wl_seat", 9)
[03:22:01.122516] {Default Queue} wl_registry#49.global(61, "aqueous_libinput_config_v1", 2)
[03:22:01.122516] {Default Queue} wl_registry#49.global(62, "aqueous_xkb_config_v1", 2)
[03:22:01.122517] {Default Queue} wl_registry#49.global(63, "zwp_idle_inhibit_manager_v1", 1)
[03:22:01.122517] {Default Queue} wl_registry#49.global(64, "ext_session_lock_manager_v1", 1)
[03:22:01.122518] {Default Queue} wl_registry#49.global(65, "aqueous_shell_manager_v1", 2)
[03:22:01.122518] {Default Queue} wl_registry#49.global(66, "zwp_keyboard_shortcuts_inhibit_manager_v1", 1)
[03:22:01.122519] {Default Queue} wl_registry#49.global(67, "xdg_system_bell_v1", 1)
[03:22:01.122519] {Default Queue} wl_registry#49.global(68, "wl_output", 4)
[03:22:01.122520] {Default Queue}  -> wl_registry#49.bind(68, "wl_output", 4, new id [unknown]#55)
[03:22:01.122521] {Default Queue} wl_registry#49.global(69, "wl_output", 4)
[03:22:01.122522] {Default Queue}  -> wl_registry#49.bind(69, "wl_output", 4, new id [unknown]#56)
[03:22:01.122653] {Default Queue} wl_seat#50.name("default")
[03:22:01.122655] {Default Queue} wl_seat#50.capabilities(0)
[03:22:01.122758] {Default Queue} wl_seat#52.name("default")
[03:22:01.122760] {Default Queue} wl_seat#52.capabilities(0)
[03:22:01.122760] {Default Queue} wl_shm#53.format(0)
[03:22:01.122761] {Default Queue} wl_shm#53.format(875709016)
[03:22:01.122762] {Default Queue} wl_shm#53.format(1)
[03:22:01.122762] {Default Queue} wl_shm#53.format(875708993)
[03:22:01.122762] {Default Queue} wl_shm#53.format(875708754)
[03:22:01.122763] {Default Queue} wl_shm#53.format(875714642)
[03:22:01.122763] {Default Queue} wl_shm#53.format(875708738)
[03:22:01.122764] {Default Queue} wl_shm#53.format(875714626)
[03:22:01.122764] {Default Queue} wl_shm#53.format(909199186)
[03:22:01.122765] {Default Queue} wl_shm#53.format(909199170)
[03:22:01.122765] {Default Queue} wl_shm#53.format(808669761)
[03:22:01.122766] {Default Queue} wl_shm#53.format(808669784)
[03:22:01.122766] {Default Queue} wl_shm#53.format(808665665)
[03:22:01.122767] {Default Queue} wl_shm#53.format(808665688)
[03:22:01.122767] {Default Queue} wl_shm#53.format(942948929)
[03:22:01.122768] {Default Queue} wl_output#55.geometry(0, 0, 0, 0, 0, "Unknown", "Unknown", 0)
[03:22:01.122770] {Default Queue} wl_output#55.mode(1, 1280, 720, 0)
[03:22:01.122771] {Default Queue} wl_output#55.scale(1)
[03:22:01.122772] {Default Queue} wl_output#55.name("HEADLESS-2")
[03:22:01.122773] {Default Queue} wl_output#55.description("Headless output 2")
[03:22:01.122773] {Default Queue} wl_output#55.done()
[03:22:01.122774] {Default Queue} wl_output#56.geometry(0, 0, 0, 0, 0, "Unknown", "Unknown", 0)
[03:22:01.122775] {Default Queue} wl_output#56.mode(1, 1280, 720, 0)
[03:22:01.122776] {Default Queue} wl_output#56.scale(2)
[03:22:01.122776] {Default Queue} wl_output#56.name("HEADLESS-1")
[03:22:01.122777] {Default Queue} wl_output#56.description("Headless output 1")
[03:22:01.122778] {Default Queue} wl_output#56.done()
info(pearl): event=aqueous-availability state=subscribing
info(pearl): event=aqueous-availability state=ready
[03:22:01.123309] {Default Queue}  -> wl_compositor#4.create_surface(new id wl_surface#57)
[03:22:01.123314] {Default Queue}  -> wp_fractional_scale_manager_v1#11.get_fractional_scale(new id wp_fractional_scale_v1#58, wl_surface#57)
[03:22:01.123316] {Default Queue}  -> wp_viewporter#10.get_viewport(new id wp_viewport#59, wl_surface#57)
[03:22:01.123351] {Default Queue}  -> xdg_toplevel_icon_manager_v1#9.create_icon(new id xdg_toplevel_icon_v1#60)
[03:22:01.123366] {Default Queue}  -> zwlr_layer_shell_v1#46.get_layer_surface(new id zwlr_layer_surface_v1#61, wl_surface#57, wl_output#28, 0, "pearl:wallpaper")
[03:22:01.123369] {Default Queue}  -> zwlr_layer_surface_v1#61.set_keyboard_interactivity(0)
[03:22:01.123369] {Default Queue}  -> zwlr_layer_surface_v1#61.set_exclusive_zone(-1)
[03:22:01.123370] {Default Queue}  -> zwlr_layer_surface_v1#61.set_anchor(15)
[03:22:01.123371] {Default Queue}  -> zwlr_layer_surface_v1#61.set_margin(0, 0, 0, 0)
[03:22:01.123372] {Default Queue}  -> zwlr_layer_surface_v1#61.set_size(0, 0)
[03:22:01.123378]  -> wl_surface#57.commit()
[03:22:01.123403] {Default Queue}  -> xdg_activation_v1#15.get_activation_token(new id xdg_activation_token_v1#62)
[03:22:01.123405]  -> xdg_activation_token_v1#62.set_serial(0, wl_seat#3)
[03:22:01.123407]  -> xdg_activation_token_v1#62.commit()
[03:22:01.123565] xdg_activation_token_v1#62.done("d89caa47c63ca62043376bc4a7a0e36f")
[03:22:01.123570]  -> xdg_activation_token_v1#62.destroy()
[03:22:01.123571] {Default Queue}  -> xdg_activation_v1#15.activate("d89caa47c63ca62043376bc4a7a0e36f", wl_surface#57)
[03:22:01.127386] {Default Queue}  -> wl_compositor#4.create_surface(new id wl_surface#63)
[03:22:01.127392] {Default Queue}  -> wp_fractional_scale_manager_v1#11.get_fractional_scale(new id wp_fractional_scale_v1#64, wl_surface#63)
[03:22:01.127394] {Default Queue}  -> wp_viewporter#10.get_viewport(new id wp_viewport#65, wl_surface#63)
[03:22:01.127414] {Default Queue}  -> xdg_toplevel_icon_manager_v1#9.create_icon(new id xdg_toplevel_icon_v1#66)
[03:22:01.127424] {Default Queue}  -> zwlr_layer_shell_v1#46.get_layer_surface(new id zwlr_layer_surface_v1#67, wl_surface#63, wl_output#28, 2, "pearl:bar")
[03:22:01.127426] {Default Queue}  -> zwlr_layer_surface_v1#67.set_keyboard_interactivity(0)
[03:22:01.127428] {Default Queue}  -> zwlr_layer_surface_v1#67.set_exclusive_zone(48)
[03:22:01.127428] {Default Queue}  -> zwlr_layer_surface_v1#67.set_anchor(13)
[03:22:01.127429] {Default Queue}  -> zwlr_layer_surface_v1#67.set_margin(0, 0, 0, 0)
[03:22:01.127430] {Default Queue}  -> zwlr_layer_surface_v1#67.set_size(0, 200)
[03:22:01.127435]  -> wl_surface#63.commit()
[03:22:01.127505] {Default Queue}  -> xdg_activation_v1#15.get_activation_token(new id xdg_activation_token_v1#68)
[03:22:01.127507]  -> xdg_activation_token_v1#68.set_serial(0, wl_seat#3)
[03:22:01.127509]  -> xdg_activation_token_v1#68.commit()
[03:22:01.127617] {Display Queue} wl_display#1.delete_id(62)
[03:22:01.127619] xdg_activation_token_v1#68.done("4d7c21b8830213dbe91ba359474ea074")
[03:22:01.127621]  -> xdg_activation_token_v1#68.destroy()
[03:22:01.127622] {Default Queue}  -> xdg_activation_v1#15.activate("4d7c21b8830213dbe91ba359474ea074", wl_surface#63)
info: event=output-mapped id=1 connector=HEADLESS-2 scale=1
[03:22:01.127711] {Default Queue}  -> wl_compositor#4.create_surface(new id wl_surface#62)
[03:22:01.127713] {Default Queue}  -> wp_fractional_scale_manager_v1#11.get_fractional_scale(new id wp_fractional_scale_v1#69, wl_surface#62)
[03:22:01.127714] {Default Queue}  -> wp_viewporter#10.get_viewport(new id wp_viewport#70, wl_surface#62)
[03:22:01.127723] {Default Queue}  -> xdg_toplevel_icon_manager_v1#9.create_icon(new id xdg_toplevel_icon_v1#71)
[03:22:01.127727] {Default Queue}  -> zwlr_layer_shell_v1#46.get_layer_surface(new id zwlr_layer_surface_v1#72, wl_surface#62, wl_output#31, 0, "pearl:wallpaper")
[03:22:01.127729] {Default Queue}  -> zwlr_layer_surface_v1#72.set_keyboard_interactivity(0)
[03:22:01.127729] {Default Queue}  -> zwlr_layer_surface_v1#72.set_exclusive_zone(-1)
[03:22:01.127730] {Default Queue}  -> zwlr_layer_surface_v1#72.set_anchor(15)
[03:22:01.127731] {Default Queue}  -> zwlr_layer_surface_v1#72.set_margin(0, 0, 0, 0)
[03:22:01.127732] {Default Queue}  -> zwlr_layer_surface_v1#72.set_size(0, 0)
[03:22:01.127734]  -> wl_surface#62.commit()
[03:22:01.127741] {Default Queue}  -> xdg_activation_v1#15.get_activation_token(new id xdg_activation_token_v1#73)
[03:22:01.127742]  -> xdg_activation_token_v1#73.set_serial(0, wl_seat#3)
[03:22:01.127743]  -> xdg_activation_token_v1#73.commit()
[03:22:01.127812] {Display Queue} wl_display#1.delete_id(68)
[03:22:01.127813] xdg_activation_token_v1#73.done("f633469e96be08dc354955f15f76f6c0")
[03:22:01.127814]  -> xdg_activation_token_v1#73.destroy()
[03:22:01.127815] {Default Queue}  -> xdg_activation_v1#15.activate("f633469e96be08dc354955f15f76f6c0", wl_surface#62)
[03:22:01.128556] {Default Queue}  -> wl_compositor#4.create_surface(new id wl_surface#68)
[03:22:01.128558] {Default Queue}  -> wp_fractional_scale_manager_v1#11.get_fractional_scale(new id wp_fractional_scale_v1#74, wl_surface#68)
[03:22:01.128560] {Default Queue}  -> wp_viewporter#10.get_viewport(new id wp_viewport#75, wl_surface#68)
[03:22:01.128569] {Default Queue}  -> xdg_toplevel_icon_manager_v1#9.create_icon(new id xdg_toplevel_icon_v1#76)
[03:22:01.128574] {Default Queue}  -> zwlr_layer_shell_v1#46.get_layer_surface(new id zwlr_layer_surface_v1#77, wl_surface#68, wl_output#31, 2, "pearl:bar")
[03:22:01.128576] {Default Queue}  -> zwlr_layer_surface_v1#77.set_keyboard_interactivity(0)
[03:22:01.128577] {Default Queue}  -> zwlr_layer_surface_v1#77.set_exclusive_zone(48)
[03:22:01.128578] {Default Queue}  -> zwlr_layer_surface_v1#77.set_anchor(13)
[03:22:01.128578] {Default Queue}  -> zwlr_layer_surface_v1#77.set_margin(0, 0, 0, 0)
[03:22:01.128579] {Default Queue}  -> zwlr_layer_surface_v1#77.set_size(0, 200)
[03:22:01.128581]  -> wl_surface#68.commit()
[03:22:01.128630] {Default Queue}  -> xdg_activation_v1#15.get_activation_token(new id xdg_activation_token_v1#78)
[03:22:01.128631]  -> xdg_activation_token_v1#78.set_serial(0, wl_seat#3)
[03:22:01.128632]  -> xdg_activation_token_v1#78.commit()
[03:22:01.128682] {Display Queue} wl_display#1.delete_id(73)
[03:22:01.128683] xdg_activation_token_v1#78.done("019894a456caa6eab01cf72d9cd489d8")
[03:22:01.128684]  -> xdg_activation_token_v1#78.destroy()
[03:22:01.128685] {Default Queue}  -> xdg_activation_v1#15.activate("019894a456caa6eab01cf72d9cd489d8", wl_surface#68)
info: event=output-mapped id=2 connector=HEADLESS-1 scale=1.5
info(pearl): event=control-ready session=ba688f92e564a28da521e93410ac7aa0
[03:22:01.128763] {Default Queue} zwlr_layer_surface_v1#61.configure(3, 1280, 720)
[03:22:01.128775] {Default Queue}  -> zwlr_layer_surface_v1#61.ack_configure(3)
[03:22:01.128776] {Default Queue} zwlr_layer_surface_v1#67.configure(4, 1280, 200)
[03:22:01.131883] {Default Queue}  -> zwlr_layer_surface_v1#67.ack_configure(4)
[03:22:01.131887] {Default Queue} zwlr_layer_surface_v1#61.configure(5, 1280, 720)
[03:22:01.131889] {Default Queue}  -> zwlr_layer_surface_v1#61.ack_configure(5)
[03:22:01.131890] {Default Queue} zwlr_layer_surface_v1#72.configure(6, 853, 480)
[03:22:01.131892] {Default Queue}  -> zwlr_layer_surface_v1#72.ack_configure(6)
[03:22:01.131893] {Default Queue} zwlr_layer_surface_v1#77.configure(7, 853, 200)
[03:22:01.132036] {Default Queue}  -> zwlr_layer_surface_v1#77.ack_configure(7)
[03:22:01.132037] {Default Queue} zwlr_layer_surface_v1#72.configure(8, 853, 480)
[03:22:01.132038] {Default Queue}  -> zwlr_layer_surface_v1#72.ack_configure(8)
info: event=app-index-ready entries=158 truncated=false
[03:22:01.132134] {Default Queue}  -> wl_shm#5.create_pool(new id wl_shm_pool#73, fd 16, 3686400)
[03:22:01.132142] {Default Queue}  -> wl_shm_pool#73.create_buffer(new id wl_buffer#79, 0, 1280, 720, 5120, 0)
[03:22:01.134523] {Default Queue}  -> wl_compositor#4.create_region(new id wl_region#80)
[03:22:01.134525] {Default Queue}  -> wl_region#80.add(0, 0, 1280, 720)
[03:22:01.134526]  -> wl_surface#57.set_opaque_region(wl_region#80)
[03:22:01.134527] {Default Queue}  -> wl_region#80.destroy()
[03:22:01.134528] {Default Queue}  -> wp_viewport#59.set_destination(1280, 720)
[03:22:01.134530]  -> wl_surface#57.attach(wl_buffer#79, 0, 0)
[03:22:01.134531]  -> wl_surface#57.damage_buffer(0, 0, 1280, 720)
[03:22:01.134532]  -> wl_surface#57.frame(new id wl_callback#81)
[03:22:01.134534] {Default Queue}  -> wp_presentation#20.feedback(wl_surface#57, new id wp_presentation_feedback#82)
[03:22:01.134536]  -> wl_surface#57.commit()
[03:22:01.135013] {Default Queue}  -> wl_shm#5.create_pool(new id wl_shm_pool#83, fd 16, 245760)
[03:22:01.135017] {Default Queue}  -> wl_shm_pool#83.create_buffer(new id wl_buffer#84, 0, 1280, 48, 5120, 0)
[03:22:01.135515] {Default Queue}  -> zwlr_layer_surface_v1#67.set_size(0, 48)
[03:22:01.135518] {Default Queue}  -> wl_compositor#4.create_region(new id wl_region#85)
[03:22:01.135519] {Default Queue}  -> wl_region#85.add(18, 4, 1244, 40)
[03:22:01.135521]  -> wl_surface#63.set_opaque_region(wl_region#85)
[03:22:01.135521] {Default Queue}  -> wl_region#85.destroy()
[03:22:01.135522] {Default Queue}  -> wp_viewport#65.set_destination(1280, 48)
[03:22:01.135523]  -> wl_surface#63.attach(wl_buffer#84, 0, 0)
[03:22:01.135524]  -> wl_surface#63.damage_buffer(0, 0, 1280, 48)
[03:22:01.135525]  -> wl_surface#63.frame(new id wl_callback#86)
[03:22:01.135527] {Default Queue}  -> wp_presentation#20.feedback(wl_surface#63, new id wp_presentation_feedback#87)
[03:22:01.135528]  -> wl_surface#63.commit()
[03:22:01.135607] {Default Queue}  -> wl_shm#5.create_pool(new id wl_shm_pool#88, fd 16, 1637760)
[03:22:01.135609] {Default Queue}  -> wl_shm_pool#88.create_buffer(new id wl_buffer#89, 0, 853, 480, 3412, 0)
[03:22:01.136673] {Default Queue}  -> wl_compositor#4.create_region(new id wl_region#90)
[03:22:01.136675] {Default Queue}  -> wl_region#90.add(0, 0, 853, 480)
[03:22:01.136676]  -> wl_surface#62.set_opaque_region(wl_region#90)
[03:22:01.136677] {Default Queue}  -> wl_region#90.destroy()
[03:22:01.136678] {Default Queue}  -> wp_viewport#70.set_destination(853, 480)
[03:22:01.136678]  -> wl_surface#62.attach(wl_buffer#89, 0, 0)
[03:22:01.136679]  -> wl_surface#62.damage_buffer(0, 0, 853, 480)
[03:22:01.136680]  -> wl_surface#62.frame(new id wl_callback#91)
[03:22:01.136681] {Default Queue}  -> wp_presentation#20.feedback(wl_surface#62, new id wp_presentation_feedback#92)
[03:22:01.136682]  -> wl_surface#62.commit()
[03:22:01.137058] {Default Queue}  -> wl_shm#5.create_pool(new id wl_shm_pool#93, fd 16, 163776)
[03:22:01.137061] {Default Queue}  -> wl_shm_pool#93.create_buffer(new id wl_buffer#94, 0, 853, 48, 3412, 0)
[03:22:01.137250] {Default Queue}  -> zwlr_layer_surface_v1#77.set_size(0, 48)
[03:22:01.137252] {Default Queue}  -> wl_compositor#4.create_region(new id wl_region#95)
[03:22:01.137252] {Default Queue}  -> wl_region#95.add(18, 4, 817, 40)
[03:22:01.137253]  -> wl_surface#68.set_opaque_region(wl_region#95)
[03:22:01.137254] {Default Queue}  -> wl_region#95.destroy()
[03:22:01.137255] {Default Queue}  -> wp_viewport#75.set_destination(853, 48)
[03:22:01.137256]  -> wl_surface#68.attach(wl_buffer#94, 0, 0)
[03:22:01.137257]  -> wl_surface#68.damage_buffer(0, 0, 853, 48)
[03:22:01.137257]  -> wl_surface#68.frame(new id wl_callback#96)
[03:22:01.137258] {Default Queue}  -> wp_presentation#20.feedback(wl_surface#68, new id wp_presentation_feedback#97)
[03:22:01.137259]  -> wl_surface#68.commit()
[03:22:01.137281] {Display Queue} wl_display#1.delete_id(78)
[03:22:01.137283] {Display Queue} wl_display#1.delete_id(80)
[03:22:01.137284] {Display Queue} wl_display#1.delete_id(85)
[03:22:01.137284] {Display Queue} wl_display#1.delete_id(90)
[03:22:01.137285] {Default Queue} zwlr_layer_surface_v1#67.configure(9, 1280, 200)
[03:22:01.137287] {Default Queue}  -> zwlr_layer_surface_v1#67.ack_configure(9)
[03:22:01.137288] {Default Queue} zwlr_layer_surface_v1#61.configure(10, 1280, 720)
[03:22:01.137289] {Default Queue}  -> zwlr_layer_surface_v1#61.ack_configure(10)
[03:22:01.137289] {Default Queue} wp_fractional_scale_v1#58.preferred_scale(120)
[03:22:01.137290] {Default Queue} zwlr_layer_surface_v1#67.configure(12, 1280, 48)
[03:22:01.137291] {Default Queue}  -> zwlr_layer_surface_v1#67.ack_configure(12)
[03:22:01.137292] {Default Queue} zwlr_layer_surface_v1#61.configure(13, 1280, 720)
[03:22:01.137292] {Default Queue}  -> zwlr_layer_surface_v1#61.ack_configure(13)
[03:22:01.137293] {Default Queue} wp_fractional_scale_v1#64.preferred_scale(120)
[03:22:01.137293] {Default Queue} zwlr_layer_surface_v1#67.configure(14, 1280, 48)
[03:22:01.137294] {Default Queue}  -> zwlr_layer_surface_v1#67.ack_configure(14)
[03:22:01.137295] {Default Queue} zwlr_layer_surface_v1#61.configure(15, 1280, 720)
[03:22:01.137295] {Default Queue}  -> zwlr_layer_surface_v1#61.ack_configure(15)
[03:22:01.137296] {Default Queue} zwlr_layer_surface_v1#77.configure(16, 853, 200)
[03:22:01.137297] {Default Queue}  -> zwlr_layer_surface_v1#77.ack_configure(16)
[03:22:01.137297] {Default Queue} zwlr_layer_surface_v1#72.configure(17, 853, 480)
[03:22:01.137298] {Default Queue}  -> zwlr_layer_surface_v1#72.ack_configure(17)
[03:22:01.137298] {Default Queue} wp_fractional_scale_v1#69.preferred_scale(180)
[03:22:01.137309] wl_surface#62.enter(wl_output#56)
[03:22:01.137311] wl_surface#62.enter(wl_output#31)
[03:22:01.137312] wl_surface#62.preferred_buffer_scale(2)
[03:22:01.137313] wl_surface#63.enter(wl_output#55)
[03:22:01.137328] wl_surface#63.enter(wl_output#28)
[03:22:01.137337] wl_surface#63.preferred_buffer_scale(1)
[03:22:01.137338] wl_surface#57.enter(wl_output#55)
[03:22:01.137339] wl_surface#57.enter(wl_output#28)
[03:22:01.137340] wl_surface#57.preferred_buffer_scale(1)
[03:22:01.137409] {Display Queue} wl_display#1.delete_id(95)
[03:22:01.137411] {Default Queue} zwlr_layer_surface_v1#77.configure(18, 853, 48)
[03:22:01.137412] {Default Queue}  -> zwlr_layer_surface_v1#77.ack_configure(18)
[03:22:01.137412] {Default Queue} zwlr_layer_surface_v1#72.configure(19, 853, 480)
[03:22:01.137413] {Default Queue}  -> zwlr_layer_surface_v1#72.ack_configure(19)
[03:22:01.137414] {Default Queue} wp_fractional_scale_v1#74.preferred_scale(180)
[03:22:01.137770] {Default Queue} zwlr_layer_surface_v1#77.configure(20, 853, 48)
[03:22:01.137771] {Default Queue}  -> zwlr_layer_surface_v1#77.ack_configure(20)
[03:22:01.137772] {Default Queue} zwlr_layer_surface_v1#72.configure(21, 853, 480)
[03:22:01.137773] {Default Queue}  -> zwlr_layer_surface_v1#72.ack_configure(21)
[03:22:01.137774] wl_surface#68.enter(wl_output#56)
[03:22:01.137783] wl_surface#68.enter(wl_output#31)
[03:22:01.137791] wl_surface#68.preferred_buffer_scale(2)
[03:22:01.139822] {Display Queue} wl_display#1.delete_id(81)
[03:22:01.139825] {Display Queue} wl_display#1.delete_id(86)
[03:22:01.139826] {Display Queue} wl_display#1.delete_id(82)
[03:22:01.139827] {Display Queue} wl_display#1.delete_id(87)
[03:22:01.139827] {Default Queue} wl_callback#81.done(50894755)
[03:22:01.139831] {Default Queue} wl_callback#86.done(50894755)
[03:22:01.139833] {Default Queue} wp_presentation_feedback#82.sync_output(wl_output#55)
[03:22:01.139834] {Default Queue} wp_presentation_feedback#82.sync_output(wl_output#28)
[03:22:01.139834] {Default Queue} wp_presentation_feedback#82.presented(0, 50894, 755600099, 0, 0, 0, 0)
[03:22:01.139839] {Default Queue} wp_presentation_feedback#87.sync_output(wl_output#55)
[03:22:01.139840] {Default Queue} wp_presentation_feedback#87.sync_output(wl_output#28)
[03:22:01.139841] {Default Queue} wp_presentation_feedback#87.presented(0, 50894, 755600099, 0, 0, 0, 0)
[03:22:01.139873] {Default Queue}  -> wl_shm#5.create_pool(new id wl_shm_pool#87, fd 16, 3686400)
[03:22:01.139876] {Default Queue}  -> wl_shm_pool#87.create_buffer(new id wl_buffer#82, 0, 1280, 720, 5120, 0)
[03:22:01.142239] {Default Queue}  -> wl_compositor#4.create_region(new id wl_region#86)
[03:22:01.142241]  -> wl_surface#57.set_input_region(wl_region#86)
[03:22:01.142242] {Default Queue}  -> wl_region#86.destroy()
[03:22:01.142243]  -> wl_surface#57.attach(wl_buffer#82, 0, 0)
[03:22:01.142244]  -> wl_surface#57.damage_buffer(0, 0, 1280, 720)
[03:22:01.142245]  -> wl_surface#57.frame(new id wl_callback#81)
[03:22:01.142246] {Default Queue}  -> wp_presentation#20.feedback(wl_surface#57, new id wp_presentation_feedback#95)
[03:22:01.142247]  -> wl_surface#57.commit()
[03:22:01.142268] {Default Queue}  -> wl_shm#5.create_pool(new id wl_shm_pool#90, fd 17, 245760)
[03:22:01.142270] {Default Queue}  -> wl_shm_pool#90.create_buffer(new id wl_buffer#85, 0, 1280, 48, 5120, 0)
[03:22:01.142489] {Default Queue}  -> wl_compositor#4.create_region(new id wl_region#80)
[03:22:01.142491] {Default Queue}  -> wl_region#80.add(13, 4, 1254, 1)
[03:22:01.142492] {Default Queue}  -> wl_region#80.add(11, 5, 1258, 1)
[03:22:01.142493] {Default Queue}  -> wl_region#80.add(10, 6, 1260, 1)
[03:22:01.142494] {Default Queue}  -> wl_region#80.add(9, 7, 1262, 1)
[03:22:01.142494] {Default Queue}  -> wl_region#80.add(8, 8, 1264, 1)
[03:22:01.142495] {Default Queue}  -> wl_region#80.add(7, 9, 1266, 1)
[03:22:01.142496] {Default Queue}  -> wl_region#80.add(6, 10, 1268, 2)
[03:22:01.142496] {Default Queue}  -> wl_region#80.add(5, 12, 1270, 5)
[03:22:01.142497] {Default Queue}  -> wl_region#80.add(4, 17, 1272, 14)
[03:22:01.142498] {Default Queue}  -> wl_region#80.add(5, 31, 1270, 5)
[03:22:01.142498] {Default Queue}  -> wl_region#80.add(6, 36, 1268, 2)
[03:22:01.142499] {Default Queue}  -> wl_region#80.add(7, 38, 1266, 1)
[03:22:01.142500] {Default Queue}  -> wl_region#80.add(8, 39, 1264, 1)
[03:22:01.142500] {Default Queue}  -> wl_region#80.add(9, 40, 1262, 1)
[03:22:01.142501] {Default Queue}  -> wl_region#80.add(10, 41, 1260, 1)
[03:22:01.142501] {Default Queue}  -> wl_region#80.add(11, 42, 1258, 1)
[03:22:01.142502] {Default Queue}  -> wl_region#80.add(13, 43, 1254, 1)
[03:22:01.142503]  -> wl_surface#63.set_input_region(wl_region#80)
[03:22:01.142503] {Default Queue}  -> wl_region#80.destroy()
[03:22:01.142504]  -> wl_surface#63.attach(wl_buffer#85, 0, 0)
[03:22:01.142505]  -> wl_surface#63.damage_buffer(0, 0, 1280, 48)
[03:22:01.142506]  -> wl_surface#63.frame(new id wl_callback#78)
[03:22:01.142507] {Default Queue}  -> wp_presentation#20.feedback(wl_surface#63, new id wp_presentation_feedback#98)
[03:22:01.142507]  -> wl_surface#63.commit()
[03:22:01.142521] {Display Queue} wl_display#1.delete_id(91)
[03:22:01.142522] {Display Queue} wl_display#1.delete_id(96)
[03:22:01.142523] {Display Queue} wl_display#1.delete_id(92)
[03:22:01.142523] {Display Queue} wl_display#1.delete_id(97)
[03:22:01.142524] {Default Queue} wl_callback#91.done(50894756)
[03:22:01.142526] {Default Queue} wl_callback#96.done(50894756)
[03:22:01.142528] {Default Queue} wp_presentation_feedback#92.sync_output(wl_output#56)
[03:22:01.142528] {Default Queue} wp_presentation_feedback#92.sync_output(wl_output#31)
[03:22:01.142529] {Default Queue} wp_presentation_feedback#92.presented(0, 50894, 756313866, 0, 0, 0, 0)
[03:22:01.142531] {Default Queue} wp_presentation_feedback#97.sync_output(wl_output#56)
[03:22:01.142531] {Default Queue} wp_presentation_feedback#97.sync_output(wl_output#31)
[03:22:01.142532] {Default Queue} wp_presentation_feedback#97.presented(0, 50894, 756313866, 0, 0, 0, 0)
[03:22:01.142591] {Default Queue}  -> wl_shm#5.create_pool(new id wl_shm_pool#97, fd 16, 3686400)
[03:22:01.142593] {Default Queue}  -> wl_shm_pool#97.create_buffer(new id wl_buffer#92, 0, 1280, 720, 5120, 0)
[03:22:01.145049] {Default Queue}  -> wl_compositor#4.create_region(new id wl_region#96)
[03:22:01.145051]  -> wl_surface#62.set_input_region(wl_region#96)
[03:22:01.145052] {Default Queue}  -> wl_region#96.destroy()
[03:22:01.145053] {Default Queue}  -> wp_viewport#70.set_destination(853, 480)
[03:22:01.145054]  -> wl_surface#62.attach(wl_buffer#92, 0, 0)
[03:22:01.145054]  -> wl_surface#62.damage_buffer(0, 0, 1280, 720)
[03:22:01.145055]  -> wl_surface#62.frame(new id wl_callback#91)
[03:22:01.145056] {Default Queue}  -> wp_presentation#20.feedback(wl_surface#62, new id wp_presentation_feedback#99)
[03:22:01.145057]  -> wl_surface#62.commit()
[03:22:01.145366] {Default Queue}  -> wl_shm#5.create_pool(new id wl_shm_pool#100, fd 17, 368640)
[03:22:01.145369] {Default Queue}  -> wl_shm_pool#100.create_buffer(new id wl_buffer#101, 0, 1280, 72, 5120, 0)
[03:22:01.145823] {Default Queue}  -> wl_compositor#4.create_region(new id wl_region#102)
[03:22:01.145826] {Default Queue}  -> wl_region#102.add(13, 4, 827, 1)
[03:22:01.145827] {Default Queue}  -> wl_region#102.add(11, 5, 831, 1)
[03:22:01.145827] {Default Queue}  -> wl_region#102.add(10, 6, 833, 1)
[03:22:01.145828] {Default Queue}  -> wl_region#102.add(9, 7, 835, 1)
[03:22:01.145830] {Default Queue}  -> wl_region#102.add(8, 8, 837, 1)
[03:22:01.145831] {Default Queue}  -> wl_region#102.add(7, 9, 839, 1)
[03:22:01.145831] {Default Queue}  -> wl_region#102.add(6, 10, 841, 2)
[03:22:01.145832] {Default Queue}  -> wl_region#102.add(5, 12, 843, 5)
[03:22:01.145833] {Default Queue}  -> wl_region#102.add(4, 17, 845, 14)
[03:22:01.145833] {Default Queue}  -> wl_region#102.add(5, 31, 843, 5)
[03:22:01.145834] {Default Queue}  -> wl_region#102.add(6, 36, 841, 2)
[03:22:01.145834] {Default Queue}  -> wl_region#102.add(7, 38, 839, 1)
[03:22:01.145835] {Default Queue}  -> wl_region#102.add(8, 39, 837, 1)
[03:22:01.145836] {Default Queue}  -> wl_region#102.add(9, 40, 835, 1)
[03:22:01.145836] {Default Queue}  -> wl_region#102.add(10, 41, 833, 1)
[03:22:01.145837] {Default Queue}  -> wl_region#102.add(11, 42, 831, 1)
[03:22:01.145838] {Default Queue}  -> wl_region#102.add(13, 43, 827, 1)
[03:22:01.145838]  -> wl_surface#68.set_input_region(wl_region#102)
[03:22:01.145839] {Default Queue}  -> wl_region#102.destroy()
[03:22:01.145840] {Default Queue}  -> wp_viewport#75.set_destination(853, 48)
[03:22:01.145841]  -> wl_surface#68.attach(wl_buffer#101, 0, 0)
[03:22:01.145843]  -> wl_surface#68.damage_buffer(0, 0, 1280, 72)
[03:22:01.145844]  -> wl_surface#68.frame(new id wl_callback#103)
[03:22:01.145845] {Default Queue}  -> wp_presentation#20.feedback(wl_surface#68, new id wp_presentation_feedback#104)
[03:22:01.145846]  -> wl_surface#68.commit()
[03:22:01.145865] {Display Queue} wl_display#1.delete_id(86)
[03:22:01.145866] {Display Queue} wl_display#1.delete_id(80)
[03:22:01.145867] {Default Queue} wl_buffer#79.release()
[03:22:01.145868] {Default Queue} wl_buffer#84.release()
[03:22:01.145905] {Display Queue} wl_display#1.delete_id(96)
[03:22:01.145906] {Display Queue} wl_display#1.delete_id(102)
[03:22:01.145907] {Default Queue} wl_buffer#89.release()
[03:22:01.145908] {Default Queue}  -> wl_buffer#89.destroy()
[03:22:01.145909] {Default Queue}  -> wl_shm_pool#88.destroy()
[03:22:01.145940] {Default Queue} wl_buffer#94.release()
[03:22:01.145942] {Default Queue}  -> wl_buffer#94.destroy()
[03:22:01.145942] {Default Queue}  -> wl_shm_pool#93.destroy()
[03:22:01.156949] {Display Queue} wl_display#1.delete_id(89)
[03:22:01.156956] {Display Queue} wl_display#1.delete_id(88)
[03:22:01.156957] {Display Queue} wl_display#1.delete_id(94)
[03:22:01.156958] {Display Queue} wl_display#1.delete_id(93)
[03:22:01.156958] {Display Queue} wl_display#1.delete_id(81)
[03:22:01.156959] {Display Queue} wl_display#1.delete_id(78)
[03:22:01.156960] {Display Queue} wl_display#1.delete_id(95)
[03:22:01.156960] {Display Queue} wl_display#1.delete_id(98)
[03:22:01.156960] {Default Queue} wl_callback#81.done(50894772)
[03:22:01.156970] {Default Queue} wl_callback#78.done(50894772)
[03:22:01.156972] {Default Queue} wp_presentation_feedback#95.sync_output(wl_output#55)
[03:22:01.156973] {Default Queue} wp_presentation_feedback#95.sync_output(wl_output#28)
[03:22:01.156973] {Default Queue} wp_presentation_feedback#95.presented(0, 50894, 772707636, 0, 0, 0, 0)
[03:22:01.156976] {Default Queue} wp_presentation_feedback#98.sync_output(wl_output#55)
[03:22:01.156977] {Default Queue} wp_presentation_feedback#98.sync_output(wl_output#28)
[03:22:01.156978] {Default Queue} wp_presentation_feedback#98.presented(0, 50894, 772707636, 0, 0, 0, 0)
[03:22:01.158053] {Display Queue} wl_display#1.delete_id(91)
[03:22:01.158058] {Display Queue} wl_display#1.delete_id(103)
[03:22:01.158059] {Display Queue} wl_display#1.delete_id(99)
[03:22:01.158060] {Display Queue} wl_display#1.delete_id(104)
[03:22:01.158060] {Default Queue} wl_callback#91.done(50894773)
[03:22:01.158068] {Default Queue} wl_callback#103.done(50894773)
[03:22:01.158071] {Default Queue} wp_presentation_feedback#99.sync_output(wl_output#56)
[03:22:01.158071] {Default Queue} wp_presentation_feedback#99.sync_output(wl_output#31)
[03:22:01.158072] {Default Queue} wp_presentation_feedback#99.presented(0, 50894, 773830487, 0, 0, 0, 0)
[03:22:01.158074] {Default Queue} wp_presentation_feedback#104.sync_output(wl_output#56)
[03:22:01.158075] {Default Queue} wp_presentation_feedback#104.sync_output(wl_output#31)
[03:22:01.158075] {Default Queue} wp_presentation_feedback#104.presented(0, 50894, 773830487, 0, 0, 0, 0)
info: event=preferences-applied revision=0 mode=static cache=false
[03:22:01.320753]  -> wl_surface#63.attach(wl_buffer#84, 0, 0)
[03:22:01.320760]  -> wl_surface#63.damage_buffer(0, 0, 1280, 48)
[03:22:01.320762]  -> wl_surface#63.frame(new id wl_callback#104)
[03:22:01.320765] {Default Queue}  -> wp_presentation#20.feedback(wl_surface#63, new id wp_presentation_feedback#99)
[03:22:01.320767]  -> wl_surface#63.commit()
[03:22:01.322013] {Default Queue}  -> wl_shm#5.create_pool(new id wl_shm_pool#103, fd 16, 368640)
[03:22:01.322018] {Default Queue}  -> wl_shm_pool#103.create_buffer(new id wl_buffer#91, 0, 1280, 72, 5120, 0)
[03:22:01.322308]  -> wl_surface#68.attach(wl_buffer#91, 0, 0)
[03:22:01.322310]  -> wl_surface#68.damage_buffer(0, 0, 1280, 72)
[03:22:01.322311]  -> wl_surface#68.frame(new id wl_callback#98)
[03:22:01.322313] {Default Queue}  -> wp_presentation#20.feedback(wl_surface#68, new id wp_presentation_feedback#95)
[03:22:01.322315]  -> wl_surface#68.commit()
[03:22:01.322811] {Display Queue} wl_display#1.delete_id(104)
[03:22:01.322814] {Display Queue} wl_display#1.delete_id(99)
[03:22:01.322815] {Default Queue} wl_buffer#85.release()
[03:22:01.322816] {Default Queue} wl_callback#104.done(50894937)
[03:22:01.322820] {Default Queue} wp_presentation_feedback#99.sync_output(wl_output#55)
[03:22:01.322821] {Default Queue} wp_presentation_feedback#99.sync_output(wl_output#28)
[03:22:01.322822] {Default Queue} wp_presentation_feedback#99.presented(0, 50894, 937196419, 0, 0, 0, 0)
[03:22:01.322907] {Display Queue} wl_display#1.delete_id(98)
[03:22:01.322908] {Display Queue} wl_display#1.delete_id(95)
[03:22:01.322908] {Default Queue} wl_buffer#101.release()
[03:22:01.322909] {Default Queue} wl_callback#98.done(50894938)
[03:22:01.322911] {Default Queue} wp_presentation_feedback#95.sync_output(wl_output#56)
[03:22:01.322911] {Default Queue} wp_presentation_feedback#95.sync_output(wl_output#31)
[03:22:01.322912] {Default Queue} wp_presentation_feedback#95.presented(0, 50894, 938690923, 0, 0, 0, 0)
[03:22:01.475106] {Default Queue} zwlr_layer_surface_v1#67.configure(22, 1280, 48)
[03:22:01.475120] {Default Queue}  -> zwlr_layer_surface_v1#67.ack_configure(22)
[03:22:01.475122] {Default Queue} zwlr_layer_surface_v1#61.configure(23, 1280, 720)
[03:22:01.475125] {Default Queue}  -> zwlr_layer_surface_v1#61.ack_configure(23)
[03:22:01.475139]  -> wl_surface#63.commit()
[03:22:01.475149]  -> wl_surface#57.commit()
[03:22:01.479282] {Default Queue} zwlr_layer_surface_v1#67.configure(26, 1280, 48)
[03:22:01.479295] {Default Queue}  -> zwlr_layer_surface_v1#67.ack_configure(26)
[03:22:01.479297] {Default Queue} zwlr_layer_surface_v1#61.configure(28, 1280, 720)
[03:22:01.479299] {Default Queue}  -> zwlr_layer_surface_v1#61.ack_configure(28)
[03:22:01.479445] {Default Queue} zwlr_layer_surface_v1#77.configure(30, 853, 48)
[03:22:01.479448] {Default Queue}  -> zwlr_layer_surface_v1#77.ack_configure(30)
[03:22:01.479448] {Default Queue} zwlr_layer_surface_v1#72.configure(31, 853, 480)
[03:22:01.479450] {Default Queue}  -> zwlr_layer_surface_v1#72.ack_configure(31)
[03:22:01.479464]  -> wl_surface#68.commit()
[03:22:01.479474]  -> wl_surface#62.commit()
[03:22:01.480324] {Default Queue} zwlr_layer_surface_v1#77.configure(33, 853, 48)
[03:22:01.480326] {Default Queue}  -> zwlr_layer_surface_v1#77.ack_configure(33)
[03:22:01.480327] {Default Queue} zwlr_layer_surface_v1#72.configure(35, 853, 480)
[03:22:01.480328] {Default Queue}  -> zwlr_layer_surface_v1#72.ack_configure(35)
[03:22:01.486359]  -> wl_surface#57.commit()
[03:22:01.489349]  -> wl_surface#63.commit()
[03:22:01.489353]  -> wl_surface#68.commit()
[03:22:01.499709] {Default Queue}  -> zwlr_layer_surface_v1#67.set_anchor(12)
[03:22:01.499723] {Default Queue}  -> zwlr_layer_surface_v1#67.set_anchor(14)
[03:22:01.499737] {Default Queue}  -> zwlr_layer_surface_v1#67.set_exclusive_zone(64)
[03:22:01.501027] {Default Queue}  -> wl_compositor#4.create_surface(new id wl_surface#95)
[03:22:01.501031] {Default Queue}  -> wp_fractional_scale_manager_v1#11.get_fractional_scale(new id wp_fractional_scale_v1#98, wl_surface#95)
[03:22:01.501034] {Default Queue}  -> wp_viewporter#10.get_viewport(new id wp_viewport#99, wl_surface#95)
[03:22:01.501054] {Default Queue}  -> xdg_toplevel_icon_manager_v1#9.create_icon(new id xdg_toplevel_icon_v1#104)
[03:22:01.501066] {Default Queue}  -> zwlr_layer_shell_v1#46.get_layer_surface(new id zwlr_layer_surface_v1#78, wl_surface#95, wl_output#28, 2, "pearl:frame-exclusion")
[03:22:01.501068] {Default Queue}  -> zwlr_layer_surface_v1#78.set_keyboard_interactivity(0)
[03:22:01.501069] {Default Queue}  -> zwlr_layer_surface_v1#78.set_exclusive_zone(8)
[03:22:01.501070] {Default Queue}  -> zwlr_layer_surface_v1#78.set_anchor(13)
[03:22:01.501071] {Default Queue}  -> zwlr_layer_surface_v1#78.set_margin(0, 0, 0, 0)
[03:22:01.501072] {Default Queue}  -> zwlr_layer_surface_v1#78.set_size(0, 200)
[03:22:01.501076]  -> wl_surface#95.commit()
[03:22:01.501097] {Default Queue}  -> xdg_activation_v1#15.get_activation_token(new id xdg_activation_token_v1#81)
[03:22:01.501099]  -> xdg_activation_token_v1#81.set_serial(0, wl_seat#3)
[03:22:01.501101]  -> xdg_activation_token_v1#81.commit()
[03:22:01.501227] xdg_activation_token_v1#81.done("5dc8296ffecbd1bceb2922e5ef453786")
[03:22:01.501230]  -> xdg_activation_token_v1#81.destroy()
[03:22:01.501232] {Default Queue}  -> xdg_activation_v1#15.activate("5dc8296ffecbd1bceb2922e5ef453786", wl_surface#95)
[03:22:01.501243] {Default Queue} zwlr_layer_surface_v1#67.configure(37, 1280, 48)
[03:22:01.501247] {Default Queue}  -> zwlr_layer_surface_v1#67.ack_configure(37)
[03:22:01.501248] {Default Queue} zwlr_layer_surface_v1#78.configure(38, 1280, 200)
[03:22:01.501259] {Default Queue}  -> zwlr_layer_surface_v1#78.ack_configure(38)
[03:22:01.501260] {Default Queue} zwlr_layer_surface_v1#61.configure(39, 1280, 720)
[03:22:01.501262] {Default Queue}  -> zwlr_layer_surface_v1#61.ack_configure(39)
[03:22:01.501343] {Default Queue}  -> wl_shm#5.create_pool(new id wl_shm_pool#93, fd 16, 40960)
[03:22:01.501348] {Default Queue}  -> wl_shm_pool#93.create_buffer(new id wl_buffer#94, 0, 1280, 8, 5120, 0)
[03:22:01.501400] {Default Queue}  -> zwlr_layer_surface_v1#78.set_size(0, 8)
[03:22:01.501402] {Default Queue}  -> wp_viewport#99.set_destination(1280, 8)
[03:22:01.501403]  -> wl_surface#95.attach(wl_buffer#94, 0, 0)
[03:22:01.501404]  -> wl_surface#95.damage_buffer(0, 0, 1280, 8)
[03:22:01.501405]  -> wl_surface#95.frame(new id wl_callback#88)
[03:22:01.501407] {Default Queue}  -> wp_presentation#20.feedback(wl_surface#95, new id wp_presentation_feedback#89)
[03:22:01.501409]  -> wl_surface#95.commit()
[03:22:01.501525] {Display Queue} wl_display#1.delete_id(81)
[03:22:01.501527] {Default Queue} zwlr_layer_surface_v1#67.configure(40, 1280, 48)
[03:22:01.501528] {Default Queue}  -> zwlr_layer_surface_v1#67.ack_configure(40)
[03:22:01.501529] {Default Queue} zwlr_layer_surface_v1#78.configure(41, 1280, 8)
[03:22:01.501530] {Default Queue}  -> zwlr_layer_surface_v1#78.ack_configure(41)
[03:22:01.501531] {Default Queue} zwlr_layer_surface_v1#61.configure(42, 1280, 720)
[03:22:01.501532] {Default Queue}  -> zwlr_layer_surface_v1#61.ack_configure(42)
[03:22:01.501532] {Default Queue} wp_fractional_scale_v1#98.preferred_scale(120)
[03:22:01.501533] {Default Queue} zwlr_layer_surface_v1#67.configure(43, 1280, 48)
[03:22:01.501534] {Default Queue}  -> zwlr_layer_surface_v1#67.ack_configure(43)
[03:22:01.501534] {Default Queue} zwlr_layer_surface_v1#78.configure(44, 1280, 8)
[03:22:01.501535] {Default Queue}  -> zwlr_layer_surface_v1#78.ack_configure(44)
[03:22:01.501535] {Default Queue} zwlr_layer_surface_v1#61.configure(45, 1280, 720)
[03:22:01.501536] {Default Queue}  -> zwlr_layer_surface_v1#61.ack_configure(45)
[03:22:01.501537] wl_surface#95.enter(wl_output#55)
[03:22:01.501539] wl_surface#95.enter(wl_output#28)
[03:22:01.501540] wl_surface#95.preferred_buffer_scale(1)
[03:22:01.503324]  -> wl_surface#57.commit()
[03:22:01.503336]  -> wl_surface#62.commit()
[03:22:01.505798] {Default Queue}  -> wl_buffer#85.destroy()
[03:22:01.505802] {Default Queue}  -> wl_shm_pool#90.destroy()
[03:22:01.505999] {Default Queue}  -> wl_shm#5.create_pool(new id wl_shm_pool#81, fd 16, 327680)
[03:22:01.506006] {Default Queue}  -> wl_shm_pool#81.create_buffer(new id wl_buffer#102, 0, 1280, 64, 5120, 0)
[03:22:01.506290] {Default Queue}  -> zwlr_layer_surface_v1#67.set_size(0, 64)
[03:22:01.506292] {Default Queue}  -> wl_compositor#4.create_region(new id wl_region#96)
[03:22:01.506294] {Default Queue}  -> wl_region#96.add(18, 4, 1244, 56)
[03:22:01.506295]  -> wl_surface#63.set_opaque_region(wl_region#96)
[03:22:01.506297] {Default Queue}  -> wl_region#96.destroy()
[03:22:01.506298] {Default Queue}  -> wp_viewport#65.set_destination(1280, 64)
[03:22:01.506299]  -> wl_surface#63.attach(wl_buffer#102, 0, 0)
[03:22:01.506300]  -> wl_surface#63.damage_buffer(0, 0, 1280, 64)
[03:22:01.506301]  -> wl_surface#63.frame(new id wl_callback#80)
[03:22:01.506303] {Default Queue}  -> wp_presentation#20.feedback(wl_surface#63, new id wp_presentation_feedback#86)
[03:22:01.506304]  -> wl_surface#63.commit()
[03:22:01.506474] {Display Queue} wl_display#1.delete_id(85)
[03:22:01.506476] {Display Queue} wl_display#1.delete_id(90)
[03:22:01.506476] {Display Queue} wl_display#1.delete_id(96)
[03:22:01.506477] {Default Queue} wl_buffer#84.release()
[03:22:01.506479] {Default Queue}  -> wl_buffer#84.destroy()
[03:22:01.506479] {Default Queue}  -> wl_shm_pool#83.destroy()
[03:22:01.506490] {Default Queue} zwlr_layer_surface_v1#67.configure(46, 1280, 64)
[03:22:01.506493] {Default Queue}  -> zwlr_layer_surface_v1#67.ack_configure(46)
[03:22:01.506494] {Default Queue} zwlr_layer_surface_v1#78.configure(47, 1280, 8)
[03:22:01.506495] {Default Queue}  -> zwlr_layer_surface_v1#78.ack_configure(47)
[03:22:01.506497] {Default Queue} zwlr_layer_surface_v1#61.configure(48, 1280, 720)
[03:22:01.506499] {Default Queue}  -> zwlr_layer_surface_v1#61.ack_configure(48)
[03:22:01.507185] {Display Queue} wl_display#1.delete_id(84)
[03:22:01.507189] {Display Queue} wl_display#1.delete_id(83)
[03:22:01.507190] {Display Queue} wl_display#1.delete_id(80)
[03:22:01.507191] {Display Queue} wl_display#1.delete_id(88)
[03:22:01.507191] {Display Queue} wl_display#1.delete_id(86)
[03:22:01.507192] {Display Queue} wl_display#1.delete_id(89)
[03:22:01.507193] {Default Queue} wl_callback#80.done(50895122)
[03:22:01.507198] {Default Queue} wl_callback#88.done(50895122)
[03:22:01.507199] {Default Queue} wp_presentation_feedback#86.sync_output(wl_output#55)
[03:22:01.507201] {Default Queue} wp_presentation_feedback#86.sync_output(wl_output#28)
[03:22:01.507201] {Default Queue} wp_presentation_feedback#86.presented(0, 50895, 122964537, 0, 0, 0, 0)
[03:22:01.507204] {Default Queue} wp_presentation_feedback#89.sync_output(wl_output#55)
[03:22:01.507204] {Default Queue} wp_presentation_feedback#89.sync_output(wl_output#28)
[03:22:01.507205] {Default Queue} wp_presentation_feedback#89.presented(0, 50895, 122964537, 0, 0, 0, 0)
[03:22:01.507244] {Default Queue}  -> wl_shm#5.create_pool(new id wl_shm_pool#89, fd 16, 327680)
[03:22:01.507247] {Default Queue}  -> wl_shm_pool#89.create_buffer(new id wl_buffer#86, 0, 1280, 64, 5120, 0)
[03:22:01.507489] {Default Queue}  -> wl_compositor#4.create_region(new id wl_region#88)
[03:22:01.507491] {Default Queue}  -> wl_region#88.add(13, 4, 1254, 1)
[03:22:01.507492] {Default Queue}  -> wl_region#88.add(11, 5, 1258, 1)
[03:22:01.507493] {Default Queue}  -> wl_region#88.add(10, 6, 1260, 1)
[03:22:01.507494] {Default Queue}  -> wl_region#88.add(9, 7, 1262, 1)
[03:22:01.507494] {Default Queue}  -> wl_region#88.add(8, 8, 1264, 1)
[03:22:01.507495] {Default Queue}  -> wl_region#88.add(7, 9, 1266, 1)
[03:22:01.507496] {Default Queue}  -> wl_region#88.add(6, 10, 1268, 2)
[03:22:01.507496] {Default Queue}  -> wl_region#88.add(5, 12, 1270, 5)
[03:22:01.507497] {Default Queue}  -> wl_region#88.add(4, 17, 1272, 30)
[03:22:01.507497] {Default Queue}  -> wl_region#88.add(5, 47, 1270, 5)
[03:22:01.507498] {Default Queue}  -> wl_region#88.add(6, 52, 1268, 2)
[03:22:01.507499] {Default Queue}  -> wl_region#88.add(7, 54, 1266, 1)
[03:22:01.507499] {Default Queue}  -> wl_region#88.add(8, 55, 1264, 1)
[03:22:01.507500] {Default Queue}  -> wl_region#88.add(9, 56, 1262, 1)
[03:22:01.507501] {Default Queue}  -> wl_region#88.add(10, 57, 1260, 1)
[03:22:01.507501] {Default Queue}  -> wl_region#88.add(11, 58, 1258, 1)
[03:22:01.507502] {Default Queue}  -> wl_region#88.add(13, 59, 1254, 1)
[03:22:01.507502]  -> wl_surface#63.set_input_region(wl_region#88)
[03:22:01.507503] {Default Queue}  -> wl_region#88.destroy()
[03:22:01.507504]  -> wl_surface#63.attach(wl_buffer#86, 0, 0)
[03:22:01.507505]  -> wl_surface#63.damage_buffer(0, 0, 1280, 64)
[03:22:01.507506]  -> wl_surface#63.frame(new id wl_callback#80)
[03:22:01.507507] {Default Queue}  -> wp_presentation#20.feedback(wl_surface#63, new id wp_presentation_feedback#83)
[03:22:01.507509]  -> wl_surface#63.commit()
[03:22:01.507530] {Default Queue}  -> wl_shm#5.create_pool(new id wl_shm_pool#84, fd 17, 40960)
[03:22:01.507532] {Default Queue}  -> wl_shm_pool#84.create_buffer(new id wl_buffer#96, 0, 1280, 8, 5120, 0)
[03:22:01.507550] {Default Queue}  -> wl_compositor#4.create_region(new id wl_region#90)
[03:22:01.507552]  -> wl_surface#95.set_input_region(wl_region#90)
[03:22:01.507552] {Default Queue}  -> wl_region#90.destroy()
[03:22:01.507553]  -> wl_surface#95.attach(wl_buffer#96, 0, 0)
[03:22:01.507554]  -> wl_surface#95.damage_buffer(0, 0, 1280, 8)
[03:22:01.507554]  -> wl_surface#95.frame(new id wl_callback#85)
[03:22:01.507555] {Default Queue}  -> wp_presentation#20.feedback(wl_surface#95, new id wp_presentation_feedback#105)
[03:22:01.507556]  -> wl_surface#95.commit()
[03:22:01.507610] {Display Queue} wl_display#1.delete_id(88)
[03:22:01.507612] {Display Queue} wl_display#1.delete_id(90)
[03:22:01.507613] {Default Queue} wl_buffer#102.release()
[03:22:01.507613] {Default Queue} wl_buffer#94.release()
[03:22:01.519598]  -> wl_surface#57.commit()
[03:22:01.523314] {Display Queue} wl_display#1.delete_id(80)
[03:22:01.523321] {Display Queue} wl_display#1.delete_id(85)
[03:22:01.523322] {Display Queue} wl_display#1.delete_id(83)
[03:22:01.523323] {Display Queue} wl_display#1.delete_id(105)
[03:22:01.523324] {Default Queue} wl_callback#80.done(50895139)
[03:22:01.523330] {Default Queue} wl_callback#85.done(50895139)
[03:22:01.523332] {Default Queue} wp_presentation_feedback#83.sync_output(wl_output#55)
[03:22:01.523334] {Default Queue} wp_presentation_feedback#83.sync_output(wl_output#28)
[03:22:01.523335] {Default Queue} wp_presentation_feedback#83.presented(0, 50895, 139082315, 0, 0, 0, 0)
[03:22:01.523338] {Default Queue} wp_presentation_feedback#105.sync_output(wl_output#55)
[03:22:01.523338] {Default Queue} wp_presentation_feedback#105.sync_output(wl_output#28)
[03:22:01.523339] {Default Queue} wp_presentation_feedback#105.presented(0, 50895, 139082315, 0, 0, 0, 0)
[03:22:01.532513] {Default Queue}  -> wl_compositor#4.create_surface(new id wl_surface#105)
[03:22:01.532519] {Default Queue}  -> wp_fractional_scale_manager_v1#11.get_fractional_scale(new id wp_fractional_scale_v1#83, wl_surface#105)
[03:22:01.532522] {Default Queue}  -> wp_viewporter#10.get_viewport(new id wp_viewport#85, wl_surface#105)
[03:22:01.532546] {Default Queue}  -> xdg_toplevel_icon_manager_v1#9.create_icon(new id xdg_toplevel_icon_v1#80)
[03:22:01.532560] {Default Queue}  -> zwlr_layer_shell_v1#46.get_layer_surface(new id zwlr_layer_surface_v1#90, wl_surface#105, wl_output#28, 3, "pearl:popup")
[03:22:01.532562] {Default Queue}  -> zwlr_layer_surface_v1#90.set_keyboard_interactivity(1)
[03:22:01.532563] {Default Queue}  -> zwlr_layer_surface_v1#90.set_exclusive_zone(0)
[03:22:01.532564] {Default Queue}  -> zwlr_layer_surface_v1#90.set_anchor(15)
[03:22:01.532565] {Default Queue}  -> zwlr_layer_surface_v1#90.set_margin(0, 0, 0, 0)
[03:22:01.532566] {Default Queue}  -> zwlr_layer_surface_v1#90.set_size(0, 0)
[03:22:01.532571]  -> wl_surface#105.commit()
[03:22:01.532680] {Default Queue}  -> wl_display#1.get_registry(new id wl_registry#88)
[03:22:01.532690] {Default Queue}  -> xdg_activation_v1#15.get_activation_token(new id xdg_activation_token_v1#106)
[03:22:01.532692]  -> xdg_activation_token_v1#106.set_serial(0, wl_seat#3)
[03:22:01.532694]  -> xdg_activation_token_v1#106.commit()
[03:22:01.532836] xdg_activation_token_v1#106.done("ff3e70c5d5718e899c8ae12649863761")
[03:22:01.532839]  -> xdg_activation_token_v1#106.destroy()
[03:22:01.532840] {Default Queue}  -> xdg_activation_v1#15.activate("ff3e70c5d5718e899c8ae12649863761", wl_surface#105)
info: event=popup-opened output=1
[03:22:01.532858] {Default Queue} zwlr_layer_surface_v1#67.configure(49, 1280, 64)
[03:22:01.532863] {Default Queue}  -> zwlr_layer_surface_v1#67.ack_configure(49)
[03:22:01.532864] {Default Queue} zwlr_layer_surface_v1#78.configure(50, 1280, 8)
[03:22:01.532866] {Default Queue}  -> zwlr_layer_surface_v1#78.ack_configure(50)
[03:22:01.532867] {Default Queue} zwlr_layer_surface_v1#61.configure(51, 1280, 720)
[03:22:01.532869] {Default Queue}  -> zwlr_layer_surface_v1#61.ack_configure(51)
[03:22:01.532869] {Default Queue} zwlr_layer_surface_v1#90.configure(52, 1280, 648)
[03:22:01.532873] {Default Queue}  -> zwlr_layer_surface_v1#90.ack_configure(52)
[03:22:01.532874] {Default Queue} wl_registry#88.global(1, "wl_compositor", 6)
[03:22:01.532875] {Default Queue} wl_registry#88.global(2, "wl_fixes", 1)
[03:22:01.532875] {Default Queue} wl_registry#88.global(3, "wp_security_context_manager_v1", 1)
[03:22:01.532876] {Default Queue} wl_registry#88.global(4, "wl_shm", 2)
[03:22:01.532877] {Default Queue} wl_registry#88.global(5, "wp_single_pixel_buffer_manager_v1", 1)
[03:22:01.532877] {Default Queue} wl_registry#88.global(6, "wp_alpha_modifier_v1", 1)
[03:22:01.532878] {Default Queue} wl_registry#88.global(7, "wp_color_representation_manager_v1", 1)
[03:22:01.532879] {Default Queue} wl_registry#88.global(8, "wp_content_type_manager_v1", 1)
[03:22:01.532879] {Default Queue} wl_registry#88.global(9, "wp_fifo_manager_v1", 1)
[03:22:01.532880] {Default Queue} wl_registry#88.global(10, "wp_commit_timing_manager_v1", 1)
[03:22:01.532881] {Default Queue} wl_registry#88.global(11, "xdg_wm_dialog_v1", 1)
[03:22:01.532881] {Default Queue} wl_registry#88.global(12, "xdg_toplevel_drag_manager_v1", 1)
[03:22:01.532882] {Default Queue} wl_registry#88.global(13, "xdg_toplevel_icon_manager_v1", 1)
[03:22:01.532882] {Default Queue} wl_registry#88.global(14, "xdg_toplevel_tag_manager_v1", 1)
[03:22:01.532883] {Default Queue} wl_registry#88.global(15, "wp_viewporter", 1)
[03:22:01.532884] {Default Queue} wl_registry#88.global(16, "wp_fractional_scale_manager_v1", 1)
[03:22:01.532884] {Default Queue} wl_registry#88.global(17, "wl_subcompositor", 1)
[03:22:01.532885] {Default Queue} wl_registry#88.global(18, "wp_cursor_shape_manager_v1", 2)
[03:22:01.532885] {Default Queue} wl_registry#88.global(19, "xdg_wm_base", 7)
[03:22:01.532886] {Default Queue} wl_registry#88.global(20, "zxdg_decoration_manager_v1", 1)
[03:22:01.532887] {Default Queue} wl_registry#88.global(21, "org_kde_kwin_server_decoration_manager", 1)
[03:22:01.532887] {Default Queue} wl_registry#88.global(22, "xdg_activation_v1", 1)
[03:22:01.532888] {Default Queue} wl_registry#88.global(23, "zxdg_exporter_v2", 1)
[03:22:01.532888] {Default Queue} wl_registry#88.global(24, "zxdg_importer_v2", 1)
[03:22:01.532889] {Default Queue} wl_registry#88.global(25, "wl_data_device_manager", 3)
[03:22:01.532889] {Default Queue} wl_registry#88.global(26, "zwp_primary_selection_device_manager_v1", 1)
[03:22:01.532890] {Default Queue} wl_registry#88.global(27, "ext_data_control_manager_v1", 1)
[03:22:01.532891] {Default Queue} wl_registry#88.global(28, "zwlr_data_control_manager_v1", 2)
[03:22:01.532891] {Default Queue} wl_registry#88.global(29, "zwlr_export_dmabuf_manager_v1", 1)
[03:22:01.532892] {Default Queue} wl_registry#88.global(30, "zwlr_screencopy_manager_v1", 3)
[03:22:01.532892] {Default Queue} wl_registry#88.global(31, "ext_image_copy_capture_manager_v1", 1)
[03:22:01.532893] {Default Queue} wl_registry#88.global(32, "aqueous_capture_color_manager_v1", 1)
[03:22:01.532893] {Default Queue} wl_registry#88.global(33, "ext_output_image_capture_source_manager_v1", 1)
[03:22:01.532894] {Default Queue} wl_registry#88.global(34, "zwlr_foreign_toplevel_manager_v1", 3)
[03:22:01.532895] {Default Queue} wl_registry#88.global(35, "ext_foreign_toplevel_list_v1", 1)
[03:22:01.532895] {Default Queue} wl_registry#88.global(36, "ext_foreign_toplevel_image_capture_source_manager_v1", 1)
[03:22:01.532896] {Default Queue} wl_registry#88.global(37, "wp_tearing_control_manager_v1", 1)
[03:22:01.532896] {Default Queue} wl_registry#88.global(38, "aqueous_window_manager_v1", 10)
[03:22:01.532897] {Default Queue} wl_registry#88.global(39, "ext_workspace_manager_v1", 1)
[03:22:01.532898] {Default Queue} wl_registry#88.global(40, "aqueous_window_info_manager_v1", 8)
[03:22:01.532898] {Default Queue} wl_registry#88.global(41, "aqueous_xkb_bindings_v1", 3)
[03:22:01.532899] {Default Queue} wl_registry#88.global(42, "aqueous_layer_shell_v1", 1)
[03:22:01.532899] {Default Queue} wl_registry#88.global(43, "zwlr_layer_shell_v1", 4)
[03:22:01.532900] {Default Queue} wl_registry#88.global(44, "zwlr_gamma_control_manager_v1", 1)
[03:22:01.532901] {Default Queue} wl_registry#88.global(45, "wp_presentation", 2)
[03:22:01.532901] {Default Queue} wl_registry#88.global(46, "zxdg_output_manager_v1", 3)
[03:22:01.532902] {Default Queue} wl_registry#88.global(47, "zwlr_output_manager_v1", 4)
[03:22:01.532902] {Default Queue} wl_registry#88.global(48, "zwlr_output_power_manager_v1", 1)
[03:22:01.532903] {Default Queue} wl_registry#88.global(49, "aqueous_input_manager_v1", 2)
[03:22:01.532904] {Default Queue} wl_registry#88.global(50, "ext_idle_notifier_v1", 2)
[03:22:01.532904] {Default Queue} wl_registry#88.global(51, "zwp_relative_pointer_manager_v1", 1)
[03:22:01.532905] {Default Queue} wl_registry#88.global(52, "zwp_pointer_gestures_v1", 3)
[03:22:01.532905] {Default Queue} wl_registry#88.global(53, "zwlr_virtual_pointer_manager_v1", 2)
[03:22:01.532906] {Default Queue} wl_registry#88.global(54, "zwp_virtual_keyboard_manager_v1", 1)
[03:22:01.532906] {Default Queue} wl_registry#88.global(55, "zwp_pointer_constraints_v1", 1)
[03:22:01.532907] {Default Queue} wl_registry#88.global(56, "zwp_input_method_manager_v2", 1)
[03:22:01.532908] {Default Queue} wl_registry#88.global(57, "zwp_text_input_manager_v3", 1)
[03:22:01.532908] {Default Queue}  -> wl_registry#88.bind(57, "zwp_text_input_manager_v3", 1, new id [unknown]#107)
[03:22:01.532910] {Default Queue}  -> zwp_text_input_manager_v3#107.get_text_input(new id zwp_text_input_v3#108, wl_seat#3)
[03:22:01.532911] {Default Queue} wl_registry#88.global(58, "zwp_tablet_manager_v2", 1)
[03:22:01.532912] {Default Queue} wl_registry#88.global(59, "wp_pointer_warp_v1", 1)
[03:22:01.532912] {Default Queue} wl_registry#88.global(60, "wl_seat", 9)
[03:22:01.532913] {Default Queue} wl_registry#88.global(61, "aqueous_libinput_config_v1", 2)
[03:22:01.532913] {Default Queue} wl_registry#88.global(62, "aqueous_xkb_config_v1", 2)
[03:22:01.532914] {Default Queue} wl_registry#88.global(63, "zwp_idle_inhibit_manager_v1", 1)
[03:22:01.532915] {Default Queue} wl_registry#88.global(64, "ext_session_lock_manager_v1", 1)
[03:22:01.532915] {Default Queue} wl_registry#88.global(65, "aqueous_shell_manager_v1", 2)
[03:22:01.532916] {Default Queue} wl_registry#88.global(66, "zwp_keyboard_shortcuts_inhibit_manager_v1", 1)
[03:22:01.532916] {Default Queue} wl_registry#88.global(67, "xdg_system_bell_v1", 1)
[03:22:01.532917] {Default Queue} wl_registry#88.global(68, "wl_output", 4)
[03:22:01.532918] {Default Queue} wl_registry#88.global(69, "wl_output", 4)
[03:22:01.532943]  -> wl_surface#63.commit()
[03:22:01.532949]  -> wl_surface#95.commit()
[03:22:01.535450] {Default Queue}  -> wl_shm#5.create_pool(new id wl_shm_pool#109, fd 16, 3317760)
[03:22:01.535458] {Default Queue}  -> wl_shm_pool#109.create_buffer(new id wl_buffer#110, 0, 1280, 648, 5120, 0)
[03:22:01.536491] {Default Queue}  -> wl_compositor#4.create_region(new id wl_region#111)
[03:22:01.536494] {Default Queue}  -> wl_region#111.add(344, 24, 592, 600)
[03:22:01.536495]  -> wl_surface#105.set_opaque_region(wl_region#111)
[03:22:01.536497] {Default Queue}  -> wl_region#111.destroy()
[03:22:01.536498] {Default Queue}  -> wp_viewport#85.set_destination(1280, 648)
[03:22:01.536500]  -> wl_surface#105.attach(wl_buffer#110, 0, 0)
[03:22:01.536501]  -> wl_surface#105.damage_buffer(0, 0, 1280, 648)
[03:22:01.536502]  -> wl_surface#105.frame(new id wl_callback#112)
[03:22:01.536504] {Default Queue}  -> wp_presentation#20.feedback(wl_surface#105, new id wp_presentation_feedback#113)
[03:22:01.536506]  -> wl_surface#105.commit()
info: event=launcher-results count=111 shown=111 publish_us=6164
[03:22:01.539103] {Display Queue} wl_display#1.delete_id(106)
[03:22:01.539107] {Display Queue} wl_display#1.delete_id(111)
[03:22:01.539108] {Default Queue} zwlr_layer_surface_v1#67.configure(53, 1280, 64)
[03:22:01.539114] {Default Queue}  -> zwlr_layer_surface_v1#67.ack_configure(53)
[03:22:01.539116] {Default Queue} zwlr_layer_surface_v1#78.configure(54, 1280, 8)
[03:22:01.539119] {Default Queue}  -> zwlr_layer_surface_v1#78.ack_configure(54)
[03:22:01.539119] {Default Queue} zwlr_layer_surface_v1#61.configure(55, 1280, 720)
[03:22:01.539121] {Default Queue}  -> zwlr_layer_surface_v1#61.ack_configure(55)
[03:22:01.539122] {Default Queue} zwlr_layer_surface_v1#90.configure(56, 1280, 648)
[03:22:01.539123] {Default Queue}  -> zwlr_layer_surface_v1#90.ack_configure(56)
[03:22:01.539123] {Default Queue} wp_fractional_scale_v1#83.preferred_scale(120)
[03:22:01.539124] {Default Queue} wl_data_device#35.selection(nil)
[03:22:01.539128] {Default Queue} zwp_primary_selection_device_v1#34.selection(nil)
[03:22:01.539129] wl_surface#105.enter(wl_output#55)
[03:22:01.539173] wl_surface#105.enter(wl_output#28)
[03:22:01.539184] wl_surface#105.preferred_buffer_scale(1)
[03:22:01.539272]  -> wl_surface#57.commit()
info: event=launcher-results count=111 shown=111 publish_us=3624
[03:22:01.542947] {Display Queue} wl_display#1.delete_id(112)
[03:22:01.542951] {Display Queue} wl_display#1.delete_id(113)
[03:22:01.542952] {Default Queue} wl_callback#112.done(50895155)
[03:22:01.542957] {Default Queue} wp_presentation_feedback#113.sync_output(wl_output#55)
[03:22:01.542958] {Default Queue} wp_presentation_feedback#113.sync_output(wl_output#28)
[03:22:01.542959] {Default Queue} wp_presentation_feedback#113.presented(0, 50895, 155545256, 0, 0, 0, 0)
[03:22:01.556836] {Default Queue}  -> wl_shm#5.create_pool(new id wl_shm_pool#113, fd 16, 3317760)
[03:22:01.556844] {Default Queue}  -> wl_shm_pool#113.create_buffer(new id wl_buffer#112, 0, 1280, 648, 5120, 0)
[03:22:01.558227]  -> wl_surface#105.attach(wl_buffer#112, 0, 0)
[03:22:01.558231]  -> wl_surface#105.damage_buffer(0, 0, 1280, 648)
[03:22:01.558233]  -> wl_surface#105.frame(new id wl_callback#111)
[03:22:01.558235] {Default Queue}  -> wp_presentation#20.feedback(wl_surface#105, new id wp_presentation_feedback#106)
[03:22:01.558237]  -> wl_surface#105.commit()
info: event=launcher-painted latency_us=18945
[03:22:01.558644]  -> wl_surface#63.attach(wl_buffer#102, 0, 0)
[03:22:01.558648]  -> wl_surface#63.damage_buffer(0, 0, 1280, 64)
[03:22:01.558649]  -> wl_surface#63.frame(new id wl_callback#114)
[03:22:01.558651] {Default Queue}  -> wp_presentation#20.feedback(wl_surface#63, new id wp_presentation_feedback#115)
[03:22:01.558652]  -> wl_surface#63.commit()
[03:22:01.558666]  -> wl_surface#95.commit()
[03:22:01.558727] {Display Queue} wl_display#1.delete_id(111)
[03:22:01.558731] {Display Queue} wl_display#1.delete_id(106)
[03:22:01.558733] {Default Queue} wl_buffer#110.release()
[03:22:01.558734] {Default Queue} wl_callback#111.done(50895174)
[03:22:01.558741] {Default Queue} wp_presentation_feedback#106.sync_output(wl_output#55)
[03:22:01.558743] {Default Queue} wp_presentation_feedback#106.sync_output(wl_output#28)
[03:22:01.558744] {Default Queue} wp_presentation_feedback#106.presented(0, 50895, 174505841, 0, 0, 0, 0)
[03:22:01.559529]  -> wl_surface#105.attach(wl_buffer#110, 0, 0)
[03:22:01.559533]  -> wl_surface#105.damage_buffer(0, 0, 1280, 648)
[03:22:01.559535]  -> wl_surface#105.frame(new id wl_callback#106)
[03:22:01.559537] {Default Queue}  -> wp_presentation#20.feedback(wl_surface#105, new id wp_presentation_feedback#111)
[03:22:01.559538]  -> wl_surface#105.commit()
[03:22:01.559556] {Default Queue} wl_buffer#86.release()
[03:22:01.559586] {Default Queue} wl_buffer#112.release()
[03:22:01.563030] {Default Queue} wl_seat#52.capabilities(3)
[03:22:01.563034] {Default Queue} wl_seat#50.capabilities(3)
[03:22:01.563035] {Default Queue} wl_seat#3.capabilities(3)
[03:22:01.563038] {Default Queue}  -> wl_seat#3.get_pointer(new id wl_pointer#116)
[03:22:01.563050] {Default Queue}  -> zwp_pointer_gestures_v1#23.get_swipe_gesture(new id zwp_pointer_gesture_swipe_v1#117, wl_pointer#116)
[03:22:01.563052] {Default Queue}  -> zwp_pointer_gestures_v1#23.get_pinch_gesture(new id zwp_pointer_gesture_pinch_v1#118, wl_pointer#116)
[03:22:01.563054] {Default Queue}  -> zwp_pointer_gestures_v1#23.get_hold_gesture(new id zwp_pointer_gesture_hold_v1#119, wl_pointer#116)
[03:22:01.563056] {Default Queue}  -> wp_cursor_shape_manager_v1#13.get_pointer(new id wp_cursor_shape_device_v1#120, wl_pointer#116)
[03:22:01.563057] {Default Queue}  -> wl_seat#3.get_keyboard(new id wl_keyboard#121)
[03:22:01.563139] {Default Queue} wl_pointer#116.enter(61, wl_surface#105, 100.00000000, 92.00000000)
[03:22:01.563144] {Default Queue} wl_pointer#116.frame()
[03:22:01.563152] {Default Queue}  -> wp_cursor_shape_device_v1#120.set_shape(61, 1)
[03:22:01.563154] {Default Queue} wl_keyboard#121.keymap(1, fd 15, 1436)
[03:22:01.563283] {Default Queue} wl_keyboard#121.repeat_info(40, 400)
[03:22:01.563285] {Default Queue} wl_keyboard#121.enter(62, wl_surface#105, array[0])
[03:22:01.563287] {Default Queue} wl_keyboard#121.modifiers(63, 0, 0, 0, 0)
[03:22:01.563869]  -> wl_surface#68.attach(wl_buffer#101, 0, 0)
[03:22:01.563872]  -> wl_surface#68.damage_buffer(0, 0, 1280, 72)
[03:22:01.563874]  -> wl_surface#68.frame(new id wl_callback#122)
[03:22:01.563875] {Default Queue}  -> wp_presentation#20.feedback(wl_surface#68, new id wp_presentation_feedback#123)
[03:22:01.563877]  -> wl_surface#68.commit()
info: event=launcher-results count=111 shown=111 publish_us=4638
[03:22:01.568208] {Display Queue} wl_display#1.delete_id(122)
[03:22:01.568211] {Display Queue} wl_display#1.delete_id(123)
[03:22:01.568212] {Default Queue} wl_buffer#91.release()
[03:22:01.568213] {Default Queue} wl_callback#122.done(50895180)
[03:22:01.568219] {Default Queue} wp_presentation_feedback#123.sync_output(wl_output#56)
[03:22:01.568220] {Default Queue} wp_presentation_feedback#123.sync_output(wl_output#31)
[03:22:01.568221] {Default Queue} wp_presentation_feedback#123.presented(0, 50895, 180711768, 0, 0, 0, 0)
[03:22:01.575221] {Display Queue} wl_display#1.delete_id(114)
[03:22:01.575227] {Display Queue} wl_display#1.delete_id(106)
[03:22:01.575228] {Display Queue} wl_display#1.delete_id(115)
[03:22:01.575229] {Display Queue} wl_display#1.delete_id(111)
[03:22:01.575230] {Default Queue} wl_callback#114.done(50895190)
[03:22:01.575239] {Default Queue} wl_callback#106.done(50895190)
[03:22:01.575242] {Default Queue} wp_presentation_feedback#115.sync_output(wl_output#55)
[03:22:01.575243] {Default Queue} wp_presentation_feedback#115.sync_output(wl_output#28)
[03:22:01.575244] {Default Queue} wp_presentation_feedback#115.presented(0, 50895, 190979332, 0, 0, 0, 0)
[03:22:01.575247] {Default Queue} wp_presentation_feedback#111.sync_output(wl_output#55)
[03:22:01.575248] {Default Queue} wp_presentation_feedback#111.sync_output(wl_output#28)
[03:22:01.575248] {Default Queue} wp_presentation_feedback#111.presented(0, 50895, 190979332, 0, 0, 0, 0)
[03:22:01.586199]  -> wl_surface#105.attach(wl_buffer#112, 0, 0)
[03:22:01.586207]  -> wl_surface#105.damage_buffer(0, 0, 1280, 648)
[03:22:01.586209]  -> wl_surface#105.frame(new id wl_callback#111)
[03:22:01.586212] {Default Queue}  -> wp_presentation#20.feedback(wl_surface#105, new id wp_presentation_feedback#115)
[03:22:01.586215]  -> wl_surface#105.commit()
info: event=launcher-painted latency_us=22686
[03:22:01.586339] {Default Queue} wl_buffer#110.release()
[03:22:01.586586]  -> wl_surface#63.attach(wl_buffer#86, 0, 0)
[03:22:01.586589]  -> wl_surface#63.damage_buffer(0, 0, 1280, 64)
[03:22:01.586590]  -> wl_surface#63.frame(new id wl_callback#106)
[03:22:01.586591] {Default Queue}  -> wp_presentation#20.feedback(wl_surface#63, new id wp_presentation_feedback#114)
[03:22:01.586592]  -> wl_surface#63.commit()
[03:22:01.586623] {Default Queue} wl_buffer#102.release()
[03:22:01.591541] {Display Queue} wl_display#1.delete_id(106)
[03:22:01.591545] {Display Queue} wl_display#1.delete_id(111)
[03:22:01.591546] {Display Queue} wl_display#1.delete_id(114)
[03:22:01.591546] {Display Queue} wl_display#1.delete_id(115)
[03:22:01.591547] {Default Queue} wl_callback#106.done(50895207)
[03:22:01.591553] {Default Queue} wl_callback#111.done(50895207)
[03:22:01.591556] {Default Queue} wp_presentation_feedback#114.sync_output(wl_output#55)
[03:22:01.591557] {Default Queue} wp_presentation_feedback#114.sync_output(wl_output#28)
[03:22:01.591558] {Default Queue} wp_presentation_feedback#114.presented(0, 50895, 207315002, 0, 0, 0, 0)
[03:22:01.591560] {Default Queue} wp_presentation_feedback#115.sync_output(wl_output#55)
[03:22:01.591561] {Default Queue} wp_presentation_feedback#115.sync_output(wl_output#28)
[03:22:01.591561] {Default Queue} wp_presentation_feedback#115.presented(0, 50895, 207315002, 0, 0, 0, 0)
[03:22:01.592278]  -> wl_surface#105.attach(wl_buffer#110, 0, 0)
[03:22:01.592281]  -> wl_surface#105.damage_buffer(0, 0, 1280, 648)
[03:22:01.592282]  -> wl_surface#105.frame(new id wl_callback#115)
[03:22:01.592283] {Default Queue}  -> wp_presentation#20.feedback(wl_surface#105, new id wp_presentation_feedback#114)
[03:22:01.592285]  -> wl_surface#105.commit()
[03:22:01.592328] {Default Queue} wl_buffer#112.release()
[03:22:01.607860] {Display Queue} wl_display#1.delete_id(115)
[03:22:01.607865] {Display Queue} wl_display#1.delete_id(114)
[03:22:01.607866] {Default Queue} wl_callback#115.done(50895223)
[03:22:01.607875] {Default Queue} wp_presentation_feedback#114.sync_output(wl_output#55)
[03:22:01.607877] {Default Queue} wp_presentation_feedback#114.sync_output(wl_output#28)
[03:22:01.607877] {Default Queue} wp_presentation_feedback#114.presented(0, 50895, 223633092, 0, 0, 0, 0)
[03:22:01.608639]  -> wl_surface#105.attach(wl_buffer#112, 0, 0)
[03:22:01.608645]  -> wl_surface#105.damage_buffer(0, 0, 1280, 648)
[03:22:01.608647]  -> wl_surface#105.frame(new id wl_callback#114)
[03:22:01.608649] {Default Queue}  -> wp_presentation#20.feedback(wl_surface#105, new id wp_presentation_feedback#115)
[03:22:01.608651]  -> wl_surface#105.commit()
[03:22:01.608703] {Default Queue} wl_buffer#110.release()
[03:22:01.624240] {Display Queue} wl_display#1.delete_id(114)
[03:22:01.624252] {Display Queue} wl_display#1.delete_id(115)
[03:22:01.624254] {Default Queue} wl_callback#114.done(50895239)
[03:22:01.624277] {Default Queue} wp_presentation_feedback#115.sync_output(wl_output#55)
[03:22:01.624278] {Default Queue} wp_presentation_feedback#115.sync_output(wl_output#28)
[03:22:01.624279] {Default Queue} wp_presentation_feedback#115.presented(0, 50895, 239986563, 0, 0, 0, 0)
[03:22:01.625044]  -> wl_surface#105.attach(wl_buffer#110, 0, 0)
[03:22:01.625048]  -> wl_surface#105.damage_buffer(0, 0, 1280, 648)
[03:22:01.625050]  -> wl_surface#105.frame(new id wl_callback#115)
[03:22:01.625052] {Default Queue}  -> wp_presentation#20.feedback(wl_surface#105, new id wp_presentation_feedback#114)
[03:22:01.625053]  -> wl_surface#105.commit()
[03:22:01.625112] {Default Queue} wl_buffer#112.release()
[03:22:01.640581] {Display Queue} wl_display#1.delete_id(115)
[03:22:01.640588] {Display Queue} wl_display#1.delete_id(114)
[03:22:01.640589] {Default Queue} wl_callback#115.done(50895256)
[03:22:01.640602] {Default Queue} wp_presentation_feedback#114.sync_output(wl_output#55)
[03:22:01.640604] {Default Queue} wp_presentation_feedback#114.sync_output(wl_output#28)
[03:22:01.640605] {Default Queue} wp_presentation_feedback#114.presented(0, 50895, 256341573, 0, 0, 0, 0)
[03:22:01.641363]  -> wl_surface#105.attach(wl_buffer#112, 0, 0)
[03:22:01.641367]  -> wl_surface#105.damage_buffer(0, 0, 1280, 648)
[03:22:01.641369]  -> wl_surface#105.frame(new id wl_callback#114)
[03:22:01.641371] {Default Queue}  -> wp_presentation#20.feedback(wl_surface#105, new id wp_presentation_feedback#115)
[03:22:01.641373]  -> wl_surface#105.commit()
[03:22:01.641429] {Default Queue} wl_buffer#110.release()
[03:22:01.656932] {Display Queue} wl_display#1.delete_id(114)
[03:22:01.656940] {Display Queue} wl_display#1.delete_id(115)
[03:22:01.656941] {Default Queue} wl_callback#114.done(50895272)
[03:22:01.656952] {Default Queue} wp_presentation_feedback#115.sync_output(wl_output#55)
[03:22:01.656953] {Default Queue} wp_presentation_feedback#115.sync_output(wl_output#28)
[03:22:01.656954] {Default Queue} wp_presentation_feedback#115.presented(0, 50895, 272697343, 0, 0, 0, 0)
[03:22:01.657717]  -> wl_surface#105.attach(wl_buffer#110, 0, 0)
[03:22:01.657721]  -> wl_surface#105.damage_buffer(0, 0, 1280, 648)
[03:22:01.657722]  -> wl_surface#105.frame(new id wl_callback#115)
[03:22:01.657725] {Default Queue}  -> wp_presentation#20.feedback(wl_surface#105, new id wp_presentation_feedback#114)
[03:22:01.657726]  -> wl_surface#105.commit()
[03:22:01.657782] {Default Queue} wl_buffer#112.release()
[03:22:01.663148] {Default Queue} wl_keyboard#121.key(64, 0, 1, 1)
[03:22:01.663327] {Default Queue}  -> zwlr_layer_surface_v1#90.destroy()
[03:22:01.663331]  -> wl_surface#105.attach(nil, 0, 0)
[03:22:01.663333]  -> wl_surface#105.commit()
[03:22:01.663391] {Default Queue}  -> wl_buffer#112.destroy()
[03:22:01.663392] {Default Queue}  -> wl_shm_pool#113.destroy()
[03:22:01.663811] {Default Queue}  -> wp_viewport#85.destroy()
[03:22:01.663815] {Default Queue}  -> wp_fractional_scale_v1#83.destroy()
[03:22:01.663816]  -> wl_surface#105.destroy()
info: event=popup-closed
[03:22:01.666309] {Default Queue} wl_keyboard#121.key(65, 0, 1, 0)
[03:22:01.666620] discarded [unknown]#114.[event 2](0 fd, 8 byte)
[03:22:01.666624] {Display Queue} wl_display#1.delete_id(90)
[03:22:01.666626] {Display Queue} wl_display#1.delete_id(114)
[03:22:01.666627] {Display Queue} wl_display#1.delete_id(112)
[03:22:01.666627] {Display Queue} wl_display#1.delete_id(113)
[03:22:01.666628] {Display Queue} wl_display#1.delete_id(85)
[03:22:01.666629] {Display Queue} wl_display#1.delete_id(83)
[03:22:01.666629] {Display Queue} wl_display#1.delete_id(115)
[03:22:01.666630] {Display Queue} wl_display#1.delete_id(105)
[03:22:01.666630] {Default Queue} wl_keyboard#121.leave(66, nil)
[03:22:01.666632] {Default Queue} zwlr_layer_surface_v1#67.configure(67, 1280, 64)
[03:22:01.666640] {Default Queue}  -> zwlr_layer_surface_v1#67.ack_configure(67)
[03:22:01.666641] {Default Queue} zwlr_layer_surface_v1#78.configure(68, 1280, 8)
[03:22:01.666643] {Default Queue}  -> zwlr_layer_surface_v1#78.ack_configure(68)
[03:22:01.666644] {Default Queue} zwlr_layer_surface_v1#61.configure(69, 1280, 720)
[03:22:01.666646] {Default Queue}  -> zwlr_layer_surface_v1#61.ack_configure(69)
[03:22:01.666646] {Default Queue} wl_buffer#110.release()
[03:22:01.666648] {Default Queue}  -> wl_buffer#110.destroy()
[03:22:01.666649] {Default Queue}  -> wl_shm_pool#109.destroy()
[03:22:01.666710] {Default Queue} wl_pointer#116.leave(70, nil)
[03:22:01.666712] {Default Queue} wl_pointer#116.frame()
[03:22:01.666786] {Default Queue}  -> xdg_toplevel_icon_v1#80.destroy()
[03:22:01.666802]  -> wl_surface#63.commit()
[03:22:01.666812]  -> wl_surface#95.commit()
[03:22:01.666817]  -> wl_surface#57.commit()
[03:22:01.688320]  -> wl_surface#63.attach(wl_buffer#102, 0, 0)
[03:22:01.688327]  -> wl_surface#63.damage_buffer(0, 0, 1280, 64)
[03:22:01.688329]  -> wl_surface#63.frame(new id wl_callback#105)
[03:22:01.688332] {Default Queue}  -> wp_presentation#20.feedback(wl_surface#63, new id wp_presentation_feedback#115)
[03:22:01.688334]  -> wl_surface#63.commit()
[03:22:01.688403] {Display Queue} wl_display#1.delete_id(110)
[03:22:01.688406] {Display Queue} wl_display#1.delete_id(109)
[03:22:01.688406] {Display Queue} wl_display#1.delete_id(80)
[03:22:01.688407] {Default Queue} wl_buffer#86.release()
[03:22:01.689181] {Display Queue} wl_display#1.delete_id(105)
[03:22:01.689182] {Display Queue} wl_display#1.delete_id(115)
[03:22:01.689183] {Default Queue} wl_callback#105.done(50895304)
[03:22:01.689187] {Default Queue} wp_presentation_feedback#115.sync_output(wl_output#55)
[03:22:01.689188] {Default Queue} wp_presentation_feedback#115.sync_output(wl_output#28)
[03:22:01.689189] {Default Queue} wp_presentation_feedback#115.presented(0, 50895, 304963520, 0, 0, 0, 0)
[03:22:01.767489] {Default Queue} wl_seat#52.capabilities(1)
[03:22:01.767498] {Default Queue} wl_seat#50.capabilities(1)
[03:22:01.767499] {Default Queue} wl_seat#3.capabilities(1)
[03:22:01.767503] {Default Queue}  -> wl_keyboard#121.release()
[03:22:01.768167]  -> wl_surface#63.attach(wl_buffer#86, 0, 0)
[03:22:01.768172]  -> wl_surface#63.damage_buffer(0, 0, 1280, 64)
[03:22:01.768173]  -> wl_surface#63.frame(new id wl_callback#115)
[03:22:01.768176] {Default Queue}  -> wp_presentation#20.feedback(wl_surface#63, new id wp_presentation_feedback#105)
[03:22:01.768178]  -> wl_surface#63.commit()
[03:22:01.768529]  -> wl_surface#68.attach(wl_buffer#91, 0, 0)
[03:22:01.768532]  -> wl_surface#68.damage_buffer(0, 0, 1280, 72)
[03:22:01.768533]  -> wl_surface#68.frame(new id wl_callback#80)
[03:22:01.768534] {Default Queue}  -> wp_presentation#20.feedback(wl_surface#68, new id wp_presentation_feedback#109)
[03:22:01.768535]  -> wl_surface#68.commit()
[03:22:01.768701] {Display Queue} wl_display#1.delete_id(121)
[03:22:01.768706] {Display Queue} wl_display#1.delete_id(115)
[03:22:01.768707] {Display Queue} wl_display#1.delete_id(80)
[03:22:01.768708] {Display Queue} wl_display#1.delete_id(105)
[03:22:01.768709] {Display Queue} wl_display#1.delete_id(109)
[03:22:01.768709] {Default Queue} wl_buffer#102.release()
[03:22:01.768711] {Default Queue} wl_buffer#101.release()
[03:22:01.768712] {Default Queue} wl_callback#115.done(50895384)
[03:22:01.768718] {Default Queue} wl_callback#80.done(50895384)
[03:22:01.768720] {Default Queue} wp_presentation_feedback#105.sync_output(wl_output#55)
[03:22:01.768721] {Default Queue} wp_presentation_feedback#105.sync_output(wl_output#28)
[03:22:01.768722] {Default Queue} wp_presentation_feedback#105.presented(0, 50895, 384471191, 0, 0, 0, 0)
[03:22:01.768725] {Default Queue} wp_presentation_feedback#109.sync_output(wl_output#56)
[03:22:01.768726] {Default Queue} wp_presentation_feedback#109.sync_output(wl_output#31)
[03:22:01.768726] {Default Queue} wp_presentation_feedback#109.presented(0, 50895, 384473471, 0, 0, 0, 0)
[03:22:01.770595] {Default Queue}  -> wl_compositor#4.create_surface(new id wl_surface#109)
[03:22:01.770601] {Default Queue}  -> wp_fractional_scale_manager_v1#11.get_fractional_scale(new id wp_fractional_scale_v1#105, wl_surface#109)
[03:22:01.770603] {Default Queue}  -> wp_viewporter#10.get_viewport(new id wp_viewport#80, wl_surface#109)
[03:22:01.770633] {Default Queue}  -> xdg_toplevel_icon_manager_v1#9.create_icon(new id xdg_toplevel_icon_v1#115)
[03:22:01.770648] {Default Queue}  -> zwlr_layer_shell_v1#46.get_layer_surface(new id zwlr_layer_surface_v1#121, wl_surface#109, wl_output#28, 3, "pearl:popup")
[03:22:01.770651] {Default Queue}  -> zwlr_layer_surface_v1#121.set_keyboard_interactivity(1)
[03:22:01.770652] {Default Queue}  -> zwlr_layer_surface_v1#121.set_exclusive_zone(0)
[03:22:01.770652] {Default Queue}  -> zwlr_layer_surface_v1#121.set_anchor(15)
[03:22:01.770653] {Default Queue}  -> zwlr_layer_surface_v1#121.set_margin(0, 0, 0, 0)
[03:22:01.770654] {Default Queue}  -> zwlr_layer_surface_v1#121.set_size(0, 0)
[03:22:01.770660]  -> wl_surface#109.commit()
[03:22:01.770777] {Default Queue}  -> zwp_text_input_v3#108.set_surrounding_text("", 0, 0)
[03:22:01.770779] {Default Queue}  -> zwp_text_input_v3#108.set_text_change_cause(1)
[03:22:01.770784] {Default Queue}  -> zwp_text_input_v3#108.set_content_type(0, 0)
[03:22:01.770798] {Default Queue}  -> zwp_text_input_v3#108.set_cursor_rectangle(0, 0, 0, 0)
[03:22:01.770799] {Default Queue}  -> zwp_text_input_v3#108.commit()
[03:22:01.770802] {Default Queue}  -> xdg_activation_v1#15.get_activation_token(new id xdg_activation_token_v1#110)
[03:22:01.770804]  -> xdg_activation_token_v1#110.set_serial(65, wl_seat#3)
[03:22:01.770806]  -> xdg_activation_token_v1#110.commit()
[03:22:01.770877] xdg_activation_token_v1#110.done("d286819c92bc597f2069ae8beca5ff01")
[03:22:01.770879]  -> xdg_activation_token_v1#110.destroy()
[03:22:01.770880] {Default Queue}  -> xdg_activation_v1#15.activate("d286819c92bc597f2069ae8beca5ff01", wl_surface#109)
info: event=popup-opened output=1
[03:22:01.770903] {Default Queue} zwlr_layer_surface_v1#67.configure(71, 1280, 64)
[03:22:01.770908] {Default Queue}  -> zwlr_layer_surface_v1#67.ack_configure(71)
[03:22:01.770909] {Default Queue} zwlr_layer_surface_v1#78.configure(72, 1280, 8)
[03:22:01.770912] {Default Queue}  -> zwlr_layer_surface_v1#78.ack_configure(72)
[03:22:01.770913] {Default Queue} zwlr_layer_surface_v1#61.configure(73, 1280, 720)
[03:22:01.770915] {Default Queue}  -> zwlr_layer_surface_v1#61.ack_configure(73)
[03:22:01.770915] {Default Queue} zwlr_layer_surface_v1#121.configure(74, 1280, 648)
[03:22:01.770920] {Default Queue}  -> zwlr_layer_surface_v1#121.ack_configure(74)
[03:22:01.770948]  -> wl_surface#95.commit()
[03:22:01.770956]  -> wl_surface#57.commit()
[03:22:01.771528] {Default Queue}  -> wl_shm#5.create_pool(new id wl_shm_pool#83, fd 16, 3317760)
[03:22:01.771534] {Default Queue}  -> wl_shm_pool#83.create_buffer(new id wl_buffer#85, 0, 1280, 648, 5120, 0)
[03:22:01.772319] {Default Queue}  -> wl_compositor#4.create_region(new id wl_region#113)
[03:22:01.772321] {Default Queue}  -> wl_region#113.add(344, 24, 592, 600)
[03:22:01.772322]  -> wl_surface#109.set_opaque_region(wl_region#113)
[03:22:01.772323] {Default Queue}  -> wl_region#113.destroy()
[03:22:01.772325] {Default Queue}  -> wp_viewport#80.set_destination(1280, 648)
[03:22:01.772326]  -> wl_surface#109.attach(wl_buffer#85, 0, 0)
[03:22:01.772327]  -> wl_surface#109.damage_buffer(0, 0, 1280, 648)
[03:22:01.772328]  -> wl_surface#109.frame(new id wl_callback#112)
[03:22:01.772329] {Default Queue}  -> wp_presentation#20.feedback(wl_surface#109, new id wp_presentation_feedback#114)
[03:22:01.772330]  -> wl_surface#109.commit()
info: event=launcher-results count=111 shown=111 publish_us=3895
[03:22:01.774836] {Display Queue} wl_display#1.delete_id(110)
[03:22:01.774840] {Display Queue} wl_display#1.delete_id(113)
[03:22:01.774841] {Default Queue} zwlr_layer_surface_v1#67.configure(75, 1280, 64)
[03:22:01.774846] {Default Queue}  -> zwlr_layer_surface_v1#67.ack_configure(75)
[03:22:01.774847] {Default Queue} zwlr_layer_surface_v1#78.configure(76, 1280, 8)
[03:22:01.774850] {Default Queue}  -> zwlr_layer_surface_v1#78.ack_configure(76)
[03:22:01.774851] {Default Queue} zwlr_layer_surface_v1#61.configure(77, 1280, 720)
[03:22:01.774853] {Default Queue}  -> zwlr_layer_surface_v1#61.ack_configure(77)
[03:22:01.774853] {Default Queue} zwlr_layer_surface_v1#121.configure(78, 1280, 648)
[03:22:01.774854] {Default Queue}  -> zwlr_layer_surface_v1#121.ack_configure(78)
[03:22:01.774855] {Default Queue} wp_fractional_scale_v1#105.preferred_scale(120)
[03:22:01.774856] {Default Queue} wl_data_device#35.selection(nil)
[03:22:01.774860] {Default Queue} zwp_primary_selection_device_v1#34.selection(nil)
[03:22:01.774862] {Default Queue} wl_pointer#116.enter(81, wl_surface#109, 100.00000000, 92.00000000)
[03:22:01.774865] {Default Queue}  -> wp_cursor_shape_device_v1#120.set_shape(81, 1)
[03:22:01.774867] {Default Queue} wl_pointer#116.frame()
[03:22:01.774870] wl_surface#109.enter(wl_output#55)
[03:22:01.774890] wl_surface#109.enter(wl_output#28)
[03:22:01.774901] wl_surface#109.preferred_buffer_scale(1)
[03:22:01.775126] {Default Queue}  -> zwlr_layer_surface_v1#121.destroy()
[03:22:01.775128]  -> wl_surface#109.attach(nil, 0, 0)
[03:22:01.775130]  -> wl_surface#109.commit()
[03:22:01.775236] {Default Queue}  -> wp_viewport#80.destroy()
[03:22:01.775237] {Default Queue}  -> wp_fractional_scale_v1#105.destroy()
[03:22:01.775238]  -> wl_surface#109.destroy()
info: event=popup-closed
[03:22:01.776908] {Default Queue}  -> wl_compositor#4.create_surface(new id wl_surface#113)
[03:22:01.776911] {Default Queue}  -> wp_fractional_scale_manager_v1#11.get_fractional_scale(new id wp_fractional_scale_v1#110, wl_surface#113)
[03:22:01.776913] {Default Queue}  -> wp_viewporter#10.get_viewport(new id wp_viewport#90, wl_surface#113)
[03:22:01.776929] {Default Queue}  -> xdg_toplevel_icon_manager_v1#9.create_icon(new id xdg_toplevel_icon_v1#111)
[03:22:01.776937] {Default Queue}  -> zwlr_layer_shell_v1#46.get_layer_surface(new id zwlr_layer_surface_v1#106, wl_surface#113, wl_output#31, 3, "pearl:popup")
[03:22:01.776939] {Default Queue}  -> zwlr_layer_surface_v1#106.set_keyboard_interactivity(1)
[03:22:01.776940] {Default Queue}  -> zwlr_layer_surface_v1#106.set_exclusive_zone(0)
[03:22:01.776941] {Default Queue}  -> zwlr_layer_surface_v1#106.set_anchor(15)
[03:22:01.776942] {Default Queue}  -> zwlr_layer_surface_v1#106.set_margin(0, 0, 0, 0)
[03:22:01.776943] {Default Queue}  -> zwlr_layer_surface_v1#106.set_size(0, 0)
[03:22:01.776946]  -> wl_surface#113.commit()
[03:22:01.777018] {Default Queue}  -> zwp_text_input_v3#108.set_surrounding_text("", 0, 0)
[03:22:01.777020] {Default Queue}  -> zwp_text_input_v3#108.set_text_change_cause(1)
[03:22:01.777022] {Default Queue}  -> zwp_text_input_v3#108.set_content_type(0, 0)
[03:22:01.777031] {Default Queue}  -> zwp_text_input_v3#108.set_cursor_rectangle(0, 0, 0, 0)
[03:22:01.777032] {Default Queue}  -> zwp_text_input_v3#108.commit()
[03:22:01.777034] {Default Queue}  -> xdg_activation_v1#15.get_activation_token(new id xdg_activation_token_v1#123)
[03:22:01.777035]  -> xdg_activation_token_v1#123.set_serial(65, wl_seat#3)
[03:22:01.777036]  -> xdg_activation_token_v1#123.commit()
[03:22:01.777110] discarded [unknown]#114.[event 2](0 fd, 8 byte)
[03:22:01.777113] {Display Queue} wl_display#1.delete_id(121)
[03:22:01.777114] {Display Queue} wl_display#1.delete_id(114)
[03:22:01.777115] {Display Queue} wl_display#1.delete_id(80)
[03:22:01.777115] {Display Queue} wl_display#1.delete_id(105)
[03:22:01.777116] {Display Queue} wl_display#1.delete_id(112)
[03:22:01.777116] {Display Queue} wl_display#1.delete_id(109)
[03:22:01.777118] xdg_activation_token_v1#123.done("2dcaadcaa499d59bec78de5bfc10e7ca")
[03:22:01.777119]  -> xdg_activation_token_v1#123.destroy()
[03:22:01.777120] {Default Queue}  -> xdg_activation_v1#15.activate("2dcaadcaa499d59bec78de5bfc10e7ca", wl_surface#113)
info: event=popup-opened output=2
[03:22:01.777134] {Default Queue} zwlr_layer_surface_v1#67.configure(83, 1280, 64)
[03:22:01.777137] {Default Queue}  -> zwlr_layer_surface_v1#67.ack_configure(83)
[03:22:01.777138] {Default Queue} zwlr_layer_surface_v1#78.configure(84, 1280, 8)
[03:22:01.777139] {Default Queue}  -> zwlr_layer_surface_v1#78.ack_configure(84)
[03:22:01.777139] {Default Queue} zwlr_layer_surface_v1#61.configure(85, 1280, 720)
[03:22:01.777140] {Default Queue}  -> zwlr_layer_surface_v1#61.ack_configure(85)
[03:22:01.777141] {Default Queue} wl_buffer#85.release()
[03:22:01.777142] {Default Queue}  -> wl_buffer#85.destroy()
[03:22:01.777143] {Default Queue}  -> wl_shm_pool#83.destroy()
[03:22:01.777187] {Default Queue} wl_pointer#116.leave(86, nil)
[03:22:01.777190] {Default Queue} wl_pointer#116.frame()
[03:22:01.777192] {Default Queue} zwlr_layer_surface_v1#77.configure(87, 853, 48)
[03:22:01.777195] {Default Queue}  -> zwlr_layer_surface_v1#77.ack_configure(87)
[03:22:01.777195] {Default Queue} zwlr_layer_surface_v1#72.configure(88, 853, 480)
[03:22:01.777198] {Default Queue}  -> zwlr_layer_surface_v1#72.ack_configure(88)
[03:22:01.777198] {Default Queue} zwlr_layer_surface_v1#106.configure(89, 853, 432)
[03:22:01.777201] {Default Queue}  -> zwlr_layer_surface_v1#106.ack_configure(89)
[03:22:01.777204] {Default Queue}  -> xdg_toplevel_icon_v1#115.destroy()
[03:22:01.777240]  -> wl_surface#62.commit()
[03:22:01.777728] {Default Queue}  -> wl_shm#5.create_pool(new id wl_shm_pool#109, fd 16, 1473984)
[03:22:01.777733] {Default Queue}  -> wl_shm_pool#109.create_buffer(new id wl_buffer#112, 0, 853, 432, 3412, 0)
[03:22:01.778136] {Default Queue}  -> wl_compositor#4.create_region(new id wl_region#105)
[03:22:01.778138] {Default Queue}  -> wl_region#105.add(130, 0, 592, 432)
[03:22:01.778139]  -> wl_surface#113.set_opaque_region(wl_region#105)
[03:22:01.778140] {Default Queue}  -> wl_region#105.destroy()
[03:22:01.778141] {Default Queue}  -> wp_viewport#90.set_destination(853, 432)
[03:22:01.778142]  -> wl_surface#113.attach(wl_buffer#112, 0, 0)
[03:22:01.778143]  -> wl_surface#113.damage_buffer(0, 0, 853, 432)
[03:22:01.778144]  -> wl_surface#113.frame(new id wl_callback#80)
[03:22:01.778146] {Default Queue}  -> wp_presentation#20.feedback(wl_surface#113, new id wp_presentation_feedback#114)
[03:22:01.778147]  -> wl_surface#113.commit()
info: event=launcher-results count=111 shown=111 publish_us=3219
[03:22:01.780449] {Display Queue} wl_display#1.delete_id(123)
[03:22:01.780451] {Display Queue} wl_display#1.delete_id(85)
[03:22:01.780452] {Display Queue} wl_display#1.delete_id(83)
[03:22:01.780453] {Display Queue} wl_display#1.delete_id(115)
[03:22:01.780453] {Display Queue} wl_display#1.delete_id(105)
[03:22:01.780454] {Default Queue} zwlr_layer_surface_v1#77.configure(90, 853, 48)
[03:22:01.780456] {Default Queue}  -> zwlr_layer_surface_v1#77.ack_configure(90)
[03:22:01.780457] {Default Queue} zwlr_layer_surface_v1#72.configure(91, 853, 480)
[03:22:01.780459] {Default Queue}  -> zwlr_layer_surface_v1#72.ack_configure(91)
[03:22:01.780460] {Default Queue} zwlr_layer_surface_v1#106.configure(92, 853, 432)
[03:22:01.780461] {Default Queue}  -> zwlr_layer_surface_v1#106.ack_configure(92)
[03:22:01.780462] {Default Queue} wp_fractional_scale_v1#110.preferred_scale(180)
[03:22:01.780771] {Default Queue} wl_data_device#35.selection(nil)
[03:22:01.780776] {Default Queue} zwp_primary_selection_device_v1#34.selection(nil)
[03:22:01.780778] wl_surface#113.enter(wl_output#56)
[03:22:01.780792] wl_surface#113.enter(wl_output#31)
[03:22:01.780803] wl_surface#113.preferred_buffer_scale(2)
info: event=launcher-results count=111 shown=111 publish_us=3391
[03:22:01.784470] {Default Queue}  -> zwlr_layer_surface_v1#106.destroy()
[03:22:01.784474]  -> wl_surface#113.attach(nil, 0, 0)
[03:22:01.784475]  -> wl_surface#113.commit()
[03:22:01.784585] {Default Queue}  -> wp_viewport#90.destroy()
[03:22:01.784586] {Default Queue}  -> wp_fractional_scale_v1#110.destroy()
[03:22:01.784587]  -> wl_surface#113.destroy()
[03:22:01.784592] {Default Queue}  -> xdg_toplevel_icon_v1#111.destroy()
info: event=popup-closed
[03:22:01.785712] discarded [unknown]#80.[event 0](0 fd, 12 byte)
[03:22:01.785714] discarded [unknown]#114.[event 0](0 fd, 12 byte)
[03:22:01.785714] discarded [unknown]#114.[event 0](0 fd, 12 byte)
[03:22:01.785714] discarded [unknown]#114.[event 1](0 fd, 36 byte)
[03:22:01.785719] {Display Queue} wl_display#1.delete_id(80)
[03:22:01.785721] {Display Queue} wl_display#1.delete_id(114)
[03:22:01.785747]  -> wl_surface#63.commit()
[03:22:01.785754]  -> wl_surface#68.commit()
[03:22:01.785791] {Display Queue} wl_display#1.delete_id(106)
[03:22:01.785792] {Display Queue} wl_display#1.delete_id(90)
[03:22:01.785793] {Display Queue} wl_display#1.delete_id(110)
[03:22:01.785793] {Display Queue} wl_display#1.delete_id(113)
[03:22:01.785794] {Display Queue} wl_display#1.delete_id(111)
[03:22:01.785794] {Default Queue} zwlr_layer_surface_v1#77.configure(96, 853, 48)
[03:22:01.785797] {Default Queue}  -> zwlr_layer_surface_v1#77.ack_configure(96)
[03:22:01.785798] {Default Queue} zwlr_layer_surface_v1#72.configure(97, 853, 480)
[03:22:01.785799] {Default Queue}  -> zwlr_layer_surface_v1#72.ack_configure(97)
[03:22:01.785799] {Default Queue} wl_buffer#112.release()
[03:22:01.785801] {Default Queue}  -> wl_buffer#112.destroy()
[03:22:01.785801] {Default Queue}  -> wl_shm_pool#109.destroy()
[03:22:01.786520]  -> wl_surface#62.commit()
[03:22:01.786915]  -> wl_surface#95.commit()
[03:22:01.786925]  -> wl_surface#57.commit()
[03:22:01.801239]  -> wl_surface#63.attach(wl_buffer#102, 0, 0)
[03:22:01.801245]  -> wl_surface#63.damage_buffer(0, 0, 1280, 64)
[03:22:01.801247]  -> wl_surface#63.frame(new id wl_callback#111)
[03:22:01.801250] {Default Queue}  -> wp_presentation#20.feedback(wl_surface#63, new id wp_presentation_feedback#113)
[03:22:01.801252]  -> wl_surface#63.commit()
[03:22:01.801304] {Display Queue} wl_display#1.delete_id(112)
[03:22:01.801306] {Display Queue} wl_display#1.delete_id(109)
[03:22:01.801307] {Default Queue} wl_buffer#86.release()
[03:22:01.801857]  -> wl_surface#68.commit()
[03:22:01.817172] {Display Queue} wl_display#1.delete_id(111)
[03:22:01.817179] {Display Queue} wl_display#1.delete_id(113)
[03:22:01.817181] {Default Queue} wl_callback#111.done(50895432)
[03:22:01.817188] {Default Queue} wp_presentation_feedback#113.sync_output(wl_output#55)
[03:22:01.817189] {Default Queue} wp_presentation_feedback#113.sync_output(wl_output#28)
[03:22:01.817190] {Default Queue} wp_presentation_feedback#113.presented(0, 50895, 432946147, 0, 0, 0, 0)
[03:22:01.817601]  -> wl_surface#63.attach(wl_buffer#86, 0, 0)
[03:22:01.817605]  -> wl_surface#63.damage_buffer(0, 0, 1280, 64)
[03:22:01.817607]  -> wl_surface#63.frame(new id wl_callback#113)
[03:22:01.817609] {Default Queue}  -> wp_presentation#20.feedback(wl_surface#63, new id wp_presentation_feedback#111)
[03:22:01.817611]  -> wl_surface#63.commit()
[03:22:01.817722] {Default Queue} wl_buffer#102.release()
[03:22:01.833686] {Display Queue} wl_display#1.delete_id(113)
[03:22:01.833691] {Display Queue} wl_display#1.delete_id(111)
[03:22:01.833692] {Default Queue} wl_callback#113.done(50895449)
[03:22:01.833696] {Default Queue} wp_presentation_feedback#111.sync_output(wl_output#55)
[03:22:01.833698] {Default Queue} wp_presentation_feedback#111.sync_output(wl_output#28)
[03:22:01.833699] {Default Queue} wp_presentation_feedback#111.presented(0, 50895, 449458999, 0, 0, 0, 0)
[03:22:02.119609] {Default Queue}  -> wl_compositor#4.create_surface(new id wl_surface#111)
[03:22:02.119614] {Default Queue}  -> wp_fractional_scale_manager_v1#11.get_fractional_scale(new id wp_fractional_scale_v1#113, wl_surface#111)
[03:22:02.119616] {Default Queue}  -> wp_viewporter#10.get_viewport(new id wp_viewport#109, wl_surface#111)
[03:22:02.119636] {Default Queue}  -> xdg_toplevel_icon_manager_v1#9.create_icon(new id xdg_toplevel_icon_v1#112)
[03:22:02.119648] {Default Queue}  -> zwlr_layer_shell_v1#46.get_layer_surface(new id zwlr_layer_surface_v1#110, wl_surface#111, wl_output#28, 3, "pearl:osd")
[03:22:02.119650] {Default Queue}  -> zwlr_layer_surface_v1#110.set_keyboard_interactivity(0)
[03:22:02.119651] {Default Queue}  -> zwlr_layer_surface_v1#110.set_exclusive_zone(0)
[03:22:02.119652] {Default Queue}  -> zwlr_layer_surface_v1#110.set_anchor(2)
[03:22:02.119653] {Default Queue}  -> zwlr_layer_surface_v1#110.set_margin(0, 0, 24, 0)
[03:22:02.119654] {Default Queue}  -> zwlr_layer_surface_v1#110.set_size(200, 200)
[03:22:02.119658]  -> wl_surface#111.commit()
[03:22:02.119681] {Default Queue}  -> xdg_activation_v1#15.get_activation_token(new id xdg_activation_token_v1#90)
[03:22:02.119684]  -> xdg_activation_token_v1#90.set_serial(65, wl_seat#3)
[03:22:02.119685]  -> xdg_activation_token_v1#90.commit()
[03:22:02.119830] xdg_activation_token_v1#90.done("aa8b8205aa33133b17309044928f989e")
[03:22:02.119832]  -> xdg_activation_token_v1#90.destroy()
[03:22:02.119834] {Default Queue}  -> xdg_activation_v1#15.activate("aa8b8205aa33133b17309044928f989e", wl_surface#111)
[03:22:02.119846] {Default Queue} zwlr_layer_surface_v1#67.configure(103, 1280, 64)
[03:22:02.119850] {Default Queue}  -> zwlr_layer_surface_v1#67.ack_configure(103)
[03:22:02.119851] {Default Queue} zwlr_layer_surface_v1#78.configure(104, 1280, 8)
[03:22:02.119853] {Default Queue}  -> zwlr_layer_surface_v1#78.ack_configure(104)
[03:22:02.119854] {Default Queue} zwlr_layer_surface_v1#61.configure(105, 1280, 720)
[03:22:02.119856] {Default Queue}  -> zwlr_layer_surface_v1#61.ack_configure(105)
[03:22:02.119856] {Default Queue} zwlr_layer_surface_v1#110.configure(106, 200, 200)
[03:22:02.120005] {Default Queue}  -> zwlr_layer_surface_v1#110.ack_configure(106)
[03:22:02.120023]  -> wl_surface#63.commit()
[03:22:02.120029]  -> wl_surface#95.commit()
[03:22:02.120034]  -> wl_surface#57.commit()
[03:22:02.120194] {Default Queue}  -> wl_shm#5.create_pool(new id wl_shm_pool#106, fd 16, 92160)
[03:22:02.120198] {Default Queue}  -> wl_shm_pool#106.create_buffer(new id wl_buffer#114, 0, 320, 72, 1280, 0)
[03:22:02.120281] {Default Queue}  -> zwlr_layer_surface_v1#110.set_size(320, 72)
[03:22:02.120283] {Default Queue}  -> wl_compositor#4.create_region(new id wl_region#80)
[03:22:02.120285] {Default Queue}  -> wl_region#80.add(14, 0, 292, 72)
[03:22:02.120286]  -> wl_surface#111.set_opaque_region(wl_region#80)
[03:22:02.120287] {Default Queue}  -> wl_region#80.destroy()
[03:22:02.120287] {Default Queue}  -> wl_compositor#4.create_region(new id wl_region#105)
[03:22:02.120288]  -> wl_surface#111.set_input_region(wl_region#105)
[03:22:02.120289] {Default Queue}  -> wl_region#105.destroy()
[03:22:02.120290] {Default Queue}  -> wp_viewport#109.set_destination(320, 72)
[03:22:02.120291]  -> wl_surface#111.attach(wl_buffer#114, 0, 0)
[03:22:02.120292]  -> wl_surface#111.damage_buffer(0, 0, 320, 72)
[03:22:02.120293]  -> wl_surface#111.frame(new id wl_callback#115)
[03:22:02.120294] {Default Queue}  -> wp_presentation#20.feedback(wl_surface#111, new id wp_presentation_feedback#83)
[03:22:02.120295]  -> wl_surface#111.commit()
[03:22:02.120414] {Display Queue} wl_display#1.delete_id(90)
[03:22:02.120416] {Display Queue} wl_display#1.delete_id(80)
[03:22:02.120417] {Display Queue} wl_display#1.delete_id(105)
[03:22:02.120417] {Default Queue} zwlr_layer_surface_v1#67.configure(107, 1280, 64)
[03:22:02.120420] {Default Queue}  -> zwlr_layer_surface_v1#67.ack_configure(107)
[03:22:02.120421] {Default Queue} zwlr_layer_surface_v1#78.configure(108, 1280, 8)
[03:22:02.120422] {Default Queue}  -> zwlr_layer_surface_v1#78.ack_configure(108)
[03:22:02.120422] {Default Queue} zwlr_layer_surface_v1#61.configure(109, 1280, 720)
[03:22:02.120423] {Default Queue}  -> zwlr_layer_surface_v1#61.ack_configure(109)
[03:22:02.120424] {Default Queue} zwlr_layer_surface_v1#110.configure(110, 320, 72)
[03:22:02.120425] {Default Queue}  -> zwlr_layer_surface_v1#110.ack_configure(110)
[03:22:02.120426] {Default Queue} wp_fractional_scale_v1#113.preferred_scale(120)
[03:22:02.120426] {Default Queue} zwlr_layer_surface_v1#67.configure(111, 1280, 64)
[03:22:02.120427] {Default Queue}  -> zwlr_layer_surface_v1#67.ack_configure(111)
[03:22:02.120428] {Default Queue} zwlr_layer_surface_v1#78.configure(112, 1280, 8)
[03:22:02.120429] {Default Queue}  -> zwlr_layer_surface_v1#78.ack_configure(112)
[03:22:02.120429] {Default Queue} zwlr_layer_surface_v1#61.configure(113, 1280, 720)
[03:22:02.120430] {Default Queue}  -> zwlr_layer_surface_v1#61.ack_configure(113)
[03:22:02.120431] {Default Queue} zwlr_layer_surface_v1#110.configure(114, 320, 72)
[03:22:02.120431] {Default Queue}  -> zwlr_layer_surface_v1#110.ack_configure(114)
[03:22:02.120432] wl_surface#111.enter(wl_output#55)
[03:22:02.120436] wl_surface#111.enter(wl_output#28)
[03:22:02.120437] wl_surface#111.preferred_buffer_scale(1)
[03:22:02.126411] {Display Queue} wl_display#1.delete_id(115)
[03:22:02.126412] {Display Queue} wl_display#1.delete_id(83)
[03:22:02.126413] {Default Queue} wl_callback#115.done(50895742)
[03:22:02.126415] {Default Queue} wp_presentation_feedback#83.sync_output(wl_output#55)
[03:22:02.126416] {Default Queue} wp_presentation_feedback#83.sync_output(wl_output#28)
[03:22:02.126416] {Default Queue} wp_presentation_feedback#83.presented(0, 50895, 742197620, 0, 0, 0, 0)
[03:22:02.126433] {Default Queue}  -> wl_shm#5.create_pool(new id wl_shm_pool#83, fd 16, 92160)
[03:22:02.126435] {Default Queue}  -> wl_shm_pool#83.create_buffer(new id wl_buffer#115, 0, 320, 72, 1280, 0)
[03:22:02.126475]  -> wl_surface#111.attach(wl_buffer#115, 0, 0)
[03:22:02.126476]  -> wl_surface#111.damage_buffer(0, 0, 320, 72)
[03:22:02.126477]  -> wl_surface#111.frame(new id wl_callback#105)
[03:22:02.126478] {Default Queue}  -> wp_presentation#20.feedback(wl_surface#111, new id wp_presentation_feedback#80)
[03:22:02.126479]  -> wl_surface#111.commit()
[03:22:02.126531] {Default Queue} wl_buffer#114.release()
[03:22:02.134476]  -> wl_surface#63.commit()
[03:22:02.136479]  -> wl_surface#57.commit()
[03:22:02.137477]  -> wl_surface#95.commit()
[03:22:02.142526] {Display Queue} wl_display#1.delete_id(105)
[03:22:02.142527] {Display Queue} wl_display#1.delete_id(80)
[03:22:02.142528] {Default Queue} wl_callback#105.done(50895758)
[03:22:02.142529] {Default Queue} wp_presentation_feedback#80.sync_output(wl_output#55)
[03:22:02.142530] {Default Queue} wp_presentation_feedback#80.sync_output(wl_output#28)
[03:22:02.142531] {Default Queue} wp_presentation_feedback#80.presented(0, 50895, 758311068, 0, 0, 0, 0)
[03:22:03.619934] {Default Queue}  -> zwlr_layer_surface_v1#110.destroy()
[03:22:03.619943]  -> wl_surface#111.attach(nil, 0, 0)
[03:22:03.619945]  -> wl_surface#111.commit()
[03:22:03.619983] {Default Queue}  -> wl_buffer#114.destroy()
[03:22:03.619985] {Default Queue}  -> wl_shm_pool#106.destroy()
[03:22:03.620023] {Default Queue}  -> wp_viewport#109.destroy()
[03:22:03.620024] {Default Queue}  -> wp_fractional_scale_v1#113.destroy()
[03:22:03.620025]  -> wl_surface#111.destroy()
[03:22:03.620037] {Default Queue}  -> xdg_toplevel_icon_v1#112.destroy()
[03:22:03.620372] {Display Queue} wl_display#1.delete_id(110)
[03:22:03.620375] {Display Queue} wl_display#1.delete_id(114)
[03:22:03.620375] {Display Queue} wl_display#1.delete_id(106)
[03:22:03.620376] {Display Queue} wl_display#1.delete_id(109)
[03:22:03.620376] {Display Queue} wl_display#1.delete_id(113)
[03:22:03.620377] {Display Queue} wl_display#1.delete_id(111)
[03:22:03.620377] {Display Queue} wl_display#1.delete_id(112)
[03:22:03.620378] {Default Queue} zwlr_layer_surface_v1#67.configure(119, 1280, 64)
[03:22:03.620384] {Default Queue}  -> zwlr_layer_surface_v1#67.ack_configure(119)
[03:22:03.620385] {Default Queue} zwlr_layer_surface_v1#78.configure(120, 1280, 8)
[03:22:03.620388] {Default Queue}  -> zwlr_layer_surface_v1#78.ack_configure(120)
[03:22:03.620389] {Default Queue} zwlr_layer_surface_v1#61.configure(121, 1280, 720)
[03:22:03.620390] {Default Queue}  -> zwlr_layer_surface_v1#61.ack_configure(121)
[03:22:03.620391] {Default Queue} wl_buffer#115.release()
[03:22:03.620393] {Default Queue}  -> wl_buffer#115.destroy()
[03:22:03.620394] {Default Queue}  -> wl_shm_pool#83.destroy()
[03:22:03.620413]  -> wl_surface#63.commit()
[03:22:03.620424]  -> wl_surface#95.commit()
[03:22:03.620430]  -> wl_surface#57.commit()
[03:22:03.643339] {Default Queue}  -> wl_compositor#4.create_surface(new id wl_surface#112)
[03:22:03.643347] {Default Queue}  -> wp_fractional_scale_manager_v1#11.get_fractional_scale(new id wp_fractional_scale_v1#111, wl_surface#112)
[03:22:03.643351] {Default Queue}  -> wp_viewporter#10.get_viewport(new id wp_viewport#113, wl_surface#112)
[03:22:03.643377] {Default Queue}  -> xdg_toplevel_icon_manager_v1#9.create_icon(new id xdg_toplevel_icon_v1#109)
[03:22:03.643390] {Default Queue}  -> zwlr_layer_shell_v1#46.get_layer_surface(new id zwlr_layer_surface_v1#106, wl_surface#112, wl_output#28, 3, "pearl:popup")
[03:22:03.643393] {Default Queue}  -> zwlr_layer_surface_v1#106.set_keyboard_interactivity(1)
[03:22:03.643394] {Default Queue}  -> zwlr_layer_surface_v1#106.set_exclusive_zone(0)
[03:22:03.643395] {Default Queue}  -> zwlr_layer_surface_v1#106.set_anchor(15)
[03:22:03.643395] {Default Queue}  -> zwlr_layer_surface_v1#106.set_margin(0, 0, 0, 0)
[03:22:03.643397] {Default Queue}  -> zwlr_layer_surface_v1#106.set_size(0, 0)
[03:22:03.643401]  -> wl_surface#112.commit()
[03:22:03.643512] {Default Queue}  -> zwp_text_input_v3#108.set_surrounding_text("", 0, 0)
[03:22:03.643514] {Default Queue}  -> zwp_text_input_v3#108.set_text_change_cause(1)
[03:22:03.643516] {Default Queue}  -> zwp_text_input_v3#108.set_content_type(0, 0)
[03:22:03.643529] {Default Queue}  -> zwp_text_input_v3#108.set_cursor_rectangle(0, 0, 0, 0)
[03:22:03.643530] {Default Queue}  -> zwp_text_input_v3#108.commit()
[03:22:03.643532] {Default Queue}  -> xdg_activation_v1#15.get_activation_token(new id xdg_activation_token_v1#114)
[03:22:03.643533]  -> xdg_activation_token_v1#114.set_serial(65, wl_seat#3)
[03:22:03.643535]  -> xdg_activation_token_v1#114.commit()
[03:22:03.643690] {Display Queue} wl_display#1.delete_id(115)
[03:22:03.643695] {Display Queue} wl_display#1.delete_id(83)
[03:22:03.643698] xdg_activation_token_v1#114.done("a001a0426d27e736fff95ead0d24fd90")
[03:22:03.643701]  -> xdg_activation_token_v1#114.destroy()
[03:22:03.643702] {Default Queue}  -> xdg_activation_v1#15.activate("a001a0426d27e736fff95ead0d24fd90", wl_surface#112)
info: event=popup-opened output=1
[03:22:03.643726] {Default Queue} zwlr_layer_surface_v1#67.configure(122, 1280, 64)
[03:22:03.643732] {Default Queue}  -> zwlr_layer_surface_v1#67.ack_configure(122)
[03:22:03.643734] {Default Queue} zwlr_layer_surface_v1#78.configure(123, 1280, 8)
[03:22:03.643736] {Default Queue}  -> zwlr_layer_surface_v1#78.ack_configure(123)
[03:22:03.643736] {Default Queue} zwlr_layer_surface_v1#61.configure(124, 1280, 720)
[03:22:03.643738] {Default Queue}  -> zwlr_layer_surface_v1#61.ack_configure(124)
[03:22:03.643739] {Default Queue} zwlr_layer_surface_v1#106.configure(125, 1280, 648)
[03:22:03.643745] {Default Queue}  -> zwlr_layer_surface_v1#106.ack_configure(125)
[03:22:03.643776]  -> wl_surface#63.commit()
[03:22:03.643785]  -> wl_surface#95.commit()
[03:22:03.643790]  -> wl_surface#57.commit()
[03:22:03.644400] {Default Queue}  -> wl_shm#5.create_pool(new id wl_shm_pool#83, fd 16, 3317760)
[03:22:03.644406] {Default Queue}  -> wl_shm_pool#83.create_buffer(new id wl_buffer#115, 0, 1280, 648, 5120, 0)
[03:22:03.645129] {Default Queue}  -> wl_compositor#4.create_region(new id wl_region#110)
[03:22:03.645132] {Default Queue}  -> wl_region#110.add(344, 24, 592, 600)
[03:22:03.645133]  -> wl_surface#112.set_opaque_region(wl_region#110)
[03:22:03.645134] {Default Queue}  -> wl_region#110.destroy()
[03:22:03.645135] {Default Queue}  -> wp_viewport#113.set_destination(1280, 648)
[03:22:03.645136]  -> wl_surface#112.attach(wl_buffer#115, 0, 0)
[03:22:03.645138]  -> wl_surface#112.damage_buffer(0, 0, 1280, 648)
[03:22:03.645139]  -> wl_surface#112.frame(new id wl_callback#80)
[03:22:03.645140] {Default Queue}  -> wp_presentation#20.feedback(wl_surface#112, new id wp_presentation_feedback#105)
[03:22:03.645142]  -> wl_surface#112.commit()
info: event=launcher-results count=112 shown=112 publish_us=3839
[03:22:03.647603] {Display Queue} wl_display#1.delete_id(114)
[03:22:03.647606] {Display Queue} wl_display#1.delete_id(110)
[03:22:03.647607] {Default Queue} zwlr_layer_surface_v1#67.configure(126, 1280, 64)
[03:22:03.647612] {Default Queue}  -> zwlr_layer_surface_v1#67.ack_configure(126)
[03:22:03.647613] {Default Queue} zwlr_layer_surface_v1#78.configure(127, 1280, 8)
[03:22:03.647615] {Default Queue}  -> zwlr_layer_surface_v1#78.ack_configure(127)
[03:22:03.647616] {Default Queue} zwlr_layer_surface_v1#61.configure(128, 1280, 720)
[03:22:03.647617] {Default Queue}  -> zwlr_layer_surface_v1#61.ack_configure(128)
[03:22:03.647618] {Default Queue} zwlr_layer_surface_v1#106.configure(129, 1280, 648)
[03:22:03.647619] {Default Queue}  -> zwlr_layer_surface_v1#106.ack_configure(129)
[03:22:03.647619] {Default Queue} wp_fractional_scale_v1#111.preferred_scale(120)
[03:22:03.647620] {Default Queue} wl_data_device#35.selection(nil)
[03:22:03.647624] {Default Queue} zwp_primary_selection_device_v1#34.selection(nil)
[03:22:03.647626] {Default Queue} wl_pointer#116.enter(135, wl_surface#112, 640.00000000, 588.00000000)
[03:22:03.647630] {Default Queue}  -> wp_cursor_shape_device_v1#120.set_shape(135, 1)
[03:22:03.647631] {Default Queue} wl_pointer#116.frame()
[03:22:03.647635] wl_surface#112.enter(wl_output#55)
[03:22:03.647672] wl_surface#112.enter(wl_output#28)
[03:22:03.647683] wl_surface#112.preferred_buffer_scale(1)
info: event=launcher-results count=112 shown=112 publish_us=3674
[03:22:03.652756] {Display Queue} wl_display#1.delete_id(80)
[03:22:03.652762] {Display Queue} wl_display#1.delete_id(105)
[03:22:03.652763] {Default Queue} wl_callback#80.done(50897268)
[03:22:03.652767] {Default Queue} wp_presentation_feedback#105.sync_output(wl_output#55)
[03:22:03.652769] {Default Queue} wp_presentation_feedback#105.sync_output(wl_output#28)
[03:22:03.652769] {Default Queue} wp_presentation_feedback#105.presented(0, 50897, 268521513, 0, 0, 0, 0)
[03:22:03.663461] {Default Queue}  -> wl_shm#5.create_pool(new id wl_shm_pool#105, fd 16, 3317760)
[03:22:03.663469] {Default Queue}  -> wl_shm_pool#105.create_buffer(new id wl_buffer#80, 0, 1280, 648, 5120, 0)
[03:22:03.664483]  -> wl_surface#112.attach(wl_buffer#80, 0, 0)
[03:22:03.664487]  -> wl_surface#112.damage_buffer(0, 0, 1280, 648)
[03:22:03.664489]  -> wl_surface#112.frame(new id wl_callback#110)
[03:22:03.664491] {Default Queue}  -> wp_presentation#20.feedback(wl_surface#112, new id wp_presentation_feedback#114)
[03:22:03.664494]  -> wl_surface#112.commit()
info: event=launcher-painted latency_us=16692
[03:22:03.664608] {Default Queue} wl_buffer#115.release()
[03:22:03.664621]  -> wl_surface#95.commit()
[03:22:03.664627]  -> wl_surface#57.commit()
[03:22:03.667921]  -> wl_surface#63.attach(wl_buffer#102, 0, 0)
[03:22:03.667924]  -> wl_surface#63.damage_buffer(0, 0, 1280, 64)
[03:22:03.667925]  -> wl_surface#63.frame(new id wl_callback#90)
[03:22:03.667927] {Default Queue}  -> wp_presentation#20.feedback(wl_surface#63, new id wp_presentation_feedback#85)
[03:22:03.667928]  -> wl_surface#63.commit()
[03:22:03.667961] {Default Queue} wl_buffer#86.release()
[03:22:03.669147] {Display Queue} wl_display#1.delete_id(90)
[03:22:03.669149] {Display Queue} wl_display#1.delete_id(110)
[03:22:03.669150] {Display Queue} wl_display#1.delete_id(85)
[03:22:03.669151] {Display Queue} wl_display#1.delete_id(114)
[03:22:03.669151] {Default Queue} wl_callback#90.done(50897284)
[03:22:03.669155] {Default Queue} wl_callback#110.done(50897284)
[03:22:03.669158] {Default Queue} wp_presentation_feedback#85.sync_output(wl_output#55)
[03:22:03.669159] {Default Queue} wp_presentation_feedback#85.sync_output(wl_output#28)
[03:22:03.669160] {Default Queue} wp_presentation_feedback#85.presented(0, 50897, 284923643, 0, 0, 0, 0)
[03:22:03.669163] {Default Queue} wp_presentation_feedback#114.sync_output(wl_output#55)
[03:22:03.669163] {Default Queue} wp_presentation_feedback#114.sync_output(wl_output#28)
[03:22:03.669164] {Default Queue} wp_presentation_feedback#114.presented(0, 50897, 284923643, 0, 0, 0, 0)
[03:22:03.670010]  -> wl_surface#112.attach(wl_buffer#115, 0, 0)
[03:22:03.670012]  -> wl_surface#112.damage_buffer(0, 0, 1280, 648)
[03:22:03.670014]  -> wl_surface#112.frame(new id wl_callback#114)
[03:22:03.670015] {Default Queue}  -> wp_presentation#20.feedback(wl_surface#112, new id wp_presentation_feedback#85)
[03:22:03.670016]  -> wl_surface#112.commit()
[03:22:03.670043] {Default Queue} wl_buffer#80.release()
[03:22:03.685478] {Display Queue} wl_display#1.delete_id(114)
[03:22:03.685485] {Display Queue} wl_display#1.delete_id(85)
[03:22:03.685486] {Default Queue} wl_callback#114.done(50897301)
[03:22:03.685495] {Default Queue} wp_presentation_feedback#85.sync_output(wl_output#55)
[03:22:03.685496] {Default Queue} wp_presentation_feedback#85.sync_output(wl_output#28)
[03:22:03.685496] {Default Queue} wp_presentation_feedback#85.presented(0, 50897, 301244093, 0, 0, 0, 0)
[03:22:03.686307]  -> wl_surface#112.attach(wl_buffer#80, 0, 0)
[03:22:03.686311]  -> wl_surface#112.damage_buffer(0, 0, 1280, 648)
[03:22:03.686313]  -> wl_surface#112.frame(new id wl_callback#85)
[03:22:03.686315] {Default Queue}  -> wp_presentation#20.feedback(wl_surface#112, new id wp_presentation_feedback#114)
[03:22:03.686317]  -> wl_surface#112.commit()
[03:22:03.686368] {Default Queue} wl_buffer#115.release()
[03:22:03.701793] {Display Queue} wl_display#1.delete_id(85)
[03:22:03.701798] {Display Queue} wl_display#1.delete_id(114)
[03:22:03.701800] {Default Queue} wl_callback#85.done(50897317)
[03:22:03.701807] {Default Queue} wp_presentation_feedback#114.sync_output(wl_output#55)
[03:22:03.701808] {Default Queue} wp_presentation_feedback#114.sync_output(wl_output#28)
[03:22:03.701809] {Default Queue} wp_presentation_feedback#114.presented(0, 50897, 317564453, 0, 0, 0, 0)
[03:22:03.702588]  -> wl_surface#112.attach(wl_buffer#115, 0, 0)
[03:22:03.702592]  -> wl_surface#112.damage_buffer(0, 0, 1280, 648)
[03:22:03.702593]  -> wl_surface#112.frame(new id wl_callback#114)
[03:22:03.702595] {Default Queue}  -> wp_presentation#20.feedback(wl_surface#112, new id wp_presentation_feedback#85)
[03:22:03.702597]  -> wl_surface#112.commit()
[03:22:03.702648] {Default Queue} wl_buffer#80.release()
[03:22:03.718078] {Display Queue} wl_display#1.delete_id(114)
[03:22:03.718083] {Display Queue} wl_display#1.delete_id(85)
[03:22:03.718085] {Default Queue} wl_callback#114.done(50897333)
[03:22:03.718091] {Default Queue} wp_presentation_feedback#85.sync_output(wl_output#55)
[03:22:03.718093] {Default Queue} wp_presentation_feedback#85.sync_output(wl_output#28)
[03:22:03.718094] {Default Queue} wp_presentation_feedback#85.presented(0, 50897, 333853263, 0, 0, 0, 0)
[03:22:03.718879]  -> wl_surface#112.attach(wl_buffer#80, 0, 0)
[03:22:03.718882]  -> wl_surface#112.damage_buffer(0, 0, 1280, 648)
[03:22:03.718883]  -> wl_surface#112.frame(new id wl_callback#85)
[03:22:03.718885] {Default Queue}  -> wp_presentation#20.feedback(wl_surface#112, new id wp_presentation_feedback#114)
[03:22:03.718887]  -> wl_surface#112.commit()
[03:22:03.718942] {Default Queue} wl_buffer#115.release()
[03:22:03.734456] {Display Queue} wl_display#1.delete_id(85)
[03:22:03.734462] {Display Queue} wl_display#1.delete_id(114)
[03:22:03.734463] {Default Queue} wl_callback#85.done(50897350)
[03:22:03.734472] {Default Queue} wp_presentation_feedback#114.sync_output(wl_output#55)
[03:22:03.734474] {Default Queue} wp_presentation_feedback#114.sync_output(wl_output#28)
[03:22:03.734474] {Default Queue} wp_presentation_feedback#114.presented(0, 50897, 350220414, 0, 0, 0, 0)
[03:22:03.735307]  -> wl_surface#112.attach(wl_buffer#115, 0, 0)
[03:22:03.735311]  -> wl_surface#112.damage_buffer(0, 0, 1280, 648)
[03:22:03.735313]  -> wl_surface#112.frame(new id wl_callback#114)
[03:22:03.735315] {Default Queue}  -> wp_presentation#20.feedback(wl_surface#112, new id wp_presentation_feedback#85)
[03:22:03.735317]  -> wl_surface#112.commit()
[03:22:03.735373] {Default Queue} wl_buffer#80.release()
[03:22:03.750739] {Display Queue} wl_display#1.delete_id(114)
[03:22:03.750745] {Display Queue} wl_display#1.delete_id(85)
[03:22:03.750746] {Default Queue} wl_callback#114.done(50897366)
[03:22:03.750755] {Default Queue} wp_presentation_feedback#85.sync_output(wl_output#55)
[03:22:03.750756] {Default Queue} wp_presentation_feedback#85.sync_output(wl_output#28)
[03:22:03.750757] {Default Queue} wp_presentation_feedback#85.presented(0, 50897, 366509143, 0, 0, 0, 0)
[03:22:03.751571]  -> wl_surface#112.attach(wl_buffer#80, 0, 0)
[03:22:03.751576]  -> wl_surface#112.damage_buffer(0, 0, 1280, 648)
[03:22:03.751577]  -> wl_surface#112.frame(new id wl_callback#85)
[03:22:03.751579] {Default Queue}  -> wp_presentation#20.feedback(wl_surface#112, new id wp_presentation_feedback#114)
[03:22:03.751581]  -> wl_surface#112.commit()
[03:22:03.751631] {Default Queue} wl_buffer#115.release()
[03:22:03.767132] {Display Queue} wl_display#1.delete_id(85)
[03:22:03.767139] {Display Queue} wl_display#1.delete_id(114)
[03:22:03.767140] {Default Queue} wl_callback#85.done(50897382)
[03:22:03.767148] {Default Queue} wp_presentation_feedback#114.sync_output(wl_output#55)
[03:22:03.767149] {Default Queue} wp_presentation_feedback#114.sync_output(wl_output#28)
[03:22:03.767150] {Default Queue} wp_presentation_feedback#114.presented(0, 50897, 382893004, 0, 0, 0, 0)
[03:22:03.768018]  -> wl_surface#112.attach(wl_buffer#115, 0, 0)
[03:22:03.768025]  -> wl_surface#112.damage_buffer(0, 0, 1280, 648)
[03:22:03.768028]  -> wl_surface#112.frame(new id wl_callback#114)
[03:22:03.768031] {Default Queue}  -> wp_presentation#20.feedback(wl_surface#112, new id wp_presentation_feedback#85)
[03:22:03.768033]  -> wl_surface#112.commit()
[03:22:03.768094] {Default Queue} wl_buffer#80.release()
[03:22:03.783442] {Display Queue} wl_display#1.delete_id(114)
[03:22:03.783448] {Display Queue} wl_display#1.delete_id(85)
[03:22:03.783449] {Default Queue} wl_callback#114.done(50897399)
[03:22:03.783458] {Default Queue} wp_presentation_feedback#85.sync_output(wl_output#55)
[03:22:03.783460] {Default Queue} wp_presentation_feedback#85.sync_output(wl_output#28)
[03:22:03.783461] {Default Queue} wp_presentation_feedback#85.presented(0, 50897, 399211094, 0, 0, 0, 0)
[03:22:03.784441]  -> wl_surface#112.attach(wl_buffer#80, 0, 0)
[03:22:03.784448]  -> wl_surface#112.damage_buffer(0, 0, 1280, 648)
[03:22:03.784449]  -> wl_surface#112.frame(new id wl_callback#85)
[03:22:03.784452] {Default Queue}  -> wp_presentation#20.feedback(wl_surface#112, new id wp_presentation_feedback#114)
[03:22:03.784454]  -> wl_surface#112.commit()
[03:22:03.784514] {Default Queue} wl_buffer#115.release()
[03:22:03.794861] {Default Queue} wl_pointer#116.leave(136, wl_surface#112)
[03:22:03.794870] {Default Queue} wl_pointer#116.frame()
[03:22:03.795401] {Default Queue} wl_pointer#116.enter(137, wl_surface#112, 25.00000000, 85.00000000)
[03:22:03.795405] {Default Queue}  -> wp_cursor_shape_device_v1#120.set_shape(137, 1)
[03:22:03.795406] {Default Queue} wl_pointer#116.frame()
[03:22:03.795408] {Default Queue} wl_pointer#116.frame()
[03:22:03.799743] {Display Queue} wl_display#1.delete_id(85)
[03:22:03.799746] {Display Queue} wl_display#1.delete_id(114)
[03:22:03.799747] {Default Queue} wl_callback#85.done(50897415)
[03:22:03.799754] {Default Queue} wp_presentation_feedback#114.sync_output(wl_output#55)
[03:22:03.799755] {Default Queue} wp_presentation_feedback#114.sync_output(wl_output#28)
[03:22:03.799756] {Default Queue} wp_presentation_feedback#114.presented(0, 50897, 415521394, 0, 0, 0, 0)
[03:22:03.800678]  -> wl_surface#112.attach(wl_buffer#115, 0, 0)
[03:22:03.800682]  -> wl_surface#112.damage_buffer(0, 0, 1280, 648)
[03:22:03.800684]  -> wl_surface#112.frame(new id wl_callback#114)
[03:22:03.800685] {Default Queue}  -> wp_presentation#20.feedback(wl_surface#112, new id wp_presentation_feedback#85)
[03:22:03.800687]  -> wl_surface#112.commit()
[03:22:03.800739] {Default Queue} wl_buffer#80.release()
[03:22:03.816109] {Display Queue} wl_display#1.delete_id(114)
[03:22:03.816118] {Display Queue} wl_display#1.delete_id(85)
[03:22:03.816119] {Default Queue} wl_callback#114.done(50897431)
[03:22:03.816128] {Default Queue} wp_presentation_feedback#85.sync_output(wl_output#55)
[03:22:03.816130] {Default Queue} wp_presentation_feedback#85.sync_output(wl_output#28)
[03:22:03.816131] {Default Queue} wp_presentation_feedback#85.presented(0, 50897, 431870144, 0, 0, 0, 0)
[03:22:03.816983]  -> wl_surface#112.attach(wl_buffer#80, 0, 0)
[03:22:03.816988]  -> wl_surface#112.damage_buffer(0, 0, 1280, 648)
[03:22:03.816990]  -> wl_surface#112.frame(new id wl_callback#85)
[03:22:03.816993] {Default Queue}  -> wp_presentation#20.feedback(wl_surface#112, new id wp_presentation_feedback#114)
[03:22:03.816995]  -> wl_surface#112.commit()
[03:22:03.817057] {Default Queue} wl_buffer#115.release()
[03:22:03.832420] {Display Queue} wl_display#1.delete_id(85)
[03:22:03.832426] {Display Queue} wl_display#1.delete_id(114)
[03:22:03.832428] {Default Queue} wl_callback#85.done(50897448)
[03:22:03.832434] {Default Queue} wp_presentation_feedback#114.sync_output(wl_output#55)
[03:22:03.832435] {Default Queue} wp_presentation_feedback#114.sync_output(wl_output#28)
[03:22:03.832436] {Default Queue} wp_presentation_feedback#114.presented(0, 50897, 448189694, 0, 0, 0, 0)
[03:22:03.833234]  -> wl_surface#112.attach(wl_buffer#115, 0, 0)
[03:22:03.833241]  -> wl_surface#112.damage_buffer(0, 0, 1280, 648)
[03:22:03.833243]  -> wl_surface#112.frame(new id wl_callback#114)
[03:22:03.833245] {Default Queue}  -> wp_presentation#20.feedback(wl_surface#112, new id wp_presentation_feedback#85)
[03:22:03.833247]  -> wl_surface#112.commit()
[03:22:03.833310] {Default Queue} wl_buffer#80.release()
[03:22:03.848754] {Display Queue} wl_display#1.delete_id(114)
[03:22:03.848761] {Display Queue} wl_display#1.delete_id(85)
[03:22:03.848762] {Default Queue} wl_callback#114.done(50897464)
[03:22:03.848771] {Default Queue} wp_presentation_feedback#85.sync_output(wl_output#55)
[03:22:03.848772] {Default Queue} wp_presentation_feedback#85.sync_output(wl_output#28)
[03:22:03.848773] {Default Queue} wp_presentation_feedback#85.presented(0, 50897, 464518304, 0, 0, 0, 0)
[03:22:03.849547]  -> wl_surface#112.attach(wl_buffer#80, 0, 0)
[03:22:03.849551]  -> wl_surface#112.damage_buffer(0, 0, 1280, 648)
[03:22:03.849552]  -> wl_surface#112.frame(new id wl_callback#85)
[03:22:03.849554] {Default Queue}  -> wp_presentation#20.feedback(wl_surface#112, new id wp_presentation_feedback#114)
[03:22:03.849556]  -> wl_surface#112.commit()
[03:22:03.849592] {Default Queue} wl_buffer#115.release()
[03:22:03.865095] {Display Queue} wl_display#1.delete_id(85)
[03:22:03.865102] {Display Queue} wl_display#1.delete_id(114)
[03:22:03.865103] {Default Queue} wl_callback#85.done(50897480)
[03:22:03.865112] {Default Queue} wp_presentation_feedback#114.sync_output(wl_output#55)
[03:22:03.865113] {Default Queue} wp_presentation_feedback#114.sync_output(wl_output#28)
[03:22:03.865114] {Default Queue} wp_presentation_feedback#114.presented(0, 50897, 480859605, 0, 0, 0, 0)
[03:22:03.865856]  -> wl_surface#112.attach(wl_buffer#115, 0, 0)
[03:22:03.865860]  -> wl_surface#112.damage_buffer(0, 0, 1280, 648)
[03:22:03.865862]  -> wl_surface#112.frame(new id wl_callback#114)
[03:22:03.865864] {Default Queue}  -> wp_presentation#20.feedback(wl_surface#112, new id wp_presentation_feedback#85)
[03:22:03.865865]  -> wl_surface#112.commit()
[03:22:03.865920] {Default Queue} wl_buffer#80.release()
[03:22:03.881517] {Display Queue} wl_display#1.delete_id(114)
[03:22:03.881524] {Display Queue} wl_display#1.delete_id(85)
[03:22:03.881526] {Default Queue} wl_callback#114.done(50897497)
[03:22:03.881536] {Default Queue} wp_presentation_feedback#85.sync_output(wl_output#55)
[03:22:03.881538] {Default Queue} wp_presentation_feedback#85.sync_output(wl_output#28)
[03:22:03.881539] {Default Queue} wp_presentation_feedback#85.presented(0, 50897, 497282036, 0, 0, 0, 0)
[03:22:03.882338]  -> wl_surface#112.attach(wl_buffer#80, 0, 0)
[03:22:03.882343]  -> wl_surface#112.damage_buffer(0, 0, 1280, 648)
[03:22:03.882345]  -> wl_surface#112.frame(new id wl_callback#85)
[03:22:03.882348] {Default Queue}  -> wp_presentation#20.feedback(wl_surface#112, new id wp_presentation_feedback#114)
[03:22:03.882350]  -> wl_surface#112.commit()
[03:22:03.882407] {Default Queue} wl_buffer#115.release()
[03:22:03.896145] {Default Queue} wl_pointer#116.button(138, 50897511, 272, 1)
[03:22:03.896156] {Default Queue} wl_pointer#116.frame()
[03:22:03.896162] {Default Queue} wl_pointer#116.button(139, 50897511, 272, 0)
[03:22:03.896164] {Default Queue} wl_pointer#116.frame()
[03:22:03.896551] {Default Queue}  -> zwlr_layer_surface_v1#106.destroy()
[03:22:03.896559]  -> wl_surface#112.attach(nil, 0, 0)
[03:22:03.896561]  -> wl_surface#112.commit()
[03:22:03.896599] {Default Queue}  -> wl_buffer#115.destroy()
[03:22:03.896600] {Default Queue}  -> wl_shm_pool#83.destroy()
[03:22:03.896915] {Default Queue}  -> wp_viewport#113.destroy()
[03:22:03.896916] {Default Queue}  -> wp_fractional_scale_v1#111.destroy()
[03:22:03.896918]  -> wl_surface#112.destroy()
info: event=popup-closed
[03:22:03.899030] discarded [unknown]#85.[event 0](0 fd, 12 byte)
[03:22:03.899033] discarded [unknown]#114.[event 0](0 fd, 12 byte)
[03:22:03.899033] discarded [unknown]#114.[event 0](0 fd, 12 byte)
[03:22:03.899033] discarded [unknown]#114.[event 1](0 fd, 36 byte)
[03:22:03.899041] {Display Queue} wl_display#1.delete_id(85)
[03:22:03.899044] {Display Queue} wl_display#1.delete_id(114)
[03:22:03.899417] {Display Queue} wl_display#1.delete_id(106)
[03:22:03.899421] {Display Queue} wl_display#1.delete_id(115)
[03:22:03.899423] {Display Queue} wl_display#1.delete_id(83)
[03:22:03.899423] {Display Queue} wl_display#1.delete_id(113)
[03:22:03.899424] {Display Queue} wl_display#1.delete_id(111)
[03:22:03.899425] {Display Queue} wl_display#1.delete_id(112)
[03:22:03.899425] {Default Queue} zwlr_layer_surface_v1#67.configure(141, 1280, 64)
[03:22:03.899433] {Default Queue}  -> zwlr_layer_surface_v1#67.ack_configure(141)
[03:22:03.899435] {Default Queue} zwlr_layer_surface_v1#78.configure(142, 1280, 8)
[03:22:03.899438] {Default Queue}  -> zwlr_layer_surface_v1#78.ack_configure(142)
[03:22:03.899438] {Default Queue} zwlr_layer_surface_v1#61.configure(143, 1280, 720)
[03:22:03.899440] {Default Queue}  -> zwlr_layer_surface_v1#61.ack_configure(143)
[03:22:03.899441] {Default Queue} wl_buffer#80.release()
[03:22:03.899443] {Default Queue}  -> wl_buffer#80.destroy()
[03:22:03.899444] {Default Queue}  -> wl_shm_pool#105.destroy()
[03:22:03.899505] {Default Queue} wl_pointer#116.leave(144, nil)
[03:22:03.899508] {Default Queue} wl_pointer#116.frame()
[03:22:03.899514] {Default Queue}  -> xdg_toplevel_icon_v1#109.destroy()
[03:22:03.899619]  -> wl_surface#63.commit()
[03:22:03.899627]  -> wl_surface#95.commit()
[03:22:03.899632]  -> wl_surface#57.commit()
[03:22:03.918162]  -> wl_surface#63.attach(wl_buffer#86, 0, 0)
[03:22:03.918168]  -> wl_surface#63.damage_buffer(0, 0, 1280, 64)
[03:22:03.918170]  -> wl_surface#63.frame(new id wl_callback#112)
[03:22:03.918172] {Default Queue}  -> wp_presentation#20.feedback(wl_surface#63, new id wp_presentation_feedback#111)
[03:22:03.918174]  -> wl_surface#63.commit()
[03:22:03.918225] {Display Queue} wl_display#1.delete_id(80)
[03:22:03.918229] {Display Queue} wl_display#1.delete_id(105)
[03:22:03.918230] {Display Queue} wl_display#1.delete_id(109)
[03:22:03.918231] {Default Queue} wl_buffer#102.release()
[03:22:03.930101] {Display Queue} wl_display#1.delete_id(112)
[03:22:03.930107] {Display Queue} wl_display#1.delete_id(111)
[03:22:03.930109] {Default Queue} wl_callback#112.done(50897545)
[03:22:03.930116] {Default Queue} wp_presentation_feedback#111.sync_output(wl_output#55)
[03:22:03.930117] {Default Queue} wp_presentation_feedback#111.sync_output(wl_output#28)
[03:22:03.930118] {Default Queue} wp_presentation_feedback#111.presented(0, 50897, 545870532, 0, 0, 0, 0)
[03:22:04.304194]  -> wl_surface#63.attach(wl_buffer#102, 0, 0)
[03:22:04.304202]  -> wl_surface#63.damage_buffer(0, 0, 1280, 64)
[03:22:04.304204]  -> wl_surface#63.frame(new id wl_callback#111)
[03:22:04.304213] {Default Queue}  -> wp_presentation#20.feedback(wl_surface#63, new id wp_presentation_feedback#112)
[03:22:04.304215]  -> wl_surface#63.commit()
[03:22:04.304265] {Default Queue} wl_buffer#86.release()
[03:22:04.306561] {Default Queue}  -> wl_compositor#4.create_surface(new id wl_surface#109)
[03:22:04.306566] {Default Queue}  -> wp_fractional_scale_manager_v1#11.get_fractional_scale(new id wp_fractional_scale_v1#105, wl_surface#109)
[03:22:04.306568] {Default Queue}  -> wp_viewporter#10.get_viewport(new id wp_viewport#80, wl_surface#109)
[03:22:04.306595] {Default Queue}  -> xdg_toplevel_icon_manager_v1#9.create_icon(new id xdg_toplevel_icon_v1#113)
[03:22:04.306608] {Default Queue}  -> zwlr_layer_shell_v1#46.get_layer_surface(new id zwlr_layer_surface_v1#83, wl_surface#109, wl_output#31, 3, "pearl:popup")
[03:22:04.306611] {Default Queue}  -> zwlr_layer_surface_v1#83.set_keyboard_interactivity(1)
[03:22:04.306612] {Default Queue}  -> zwlr_layer_surface_v1#83.set_exclusive_zone(0)
[03:22:04.306612] {Default Queue}  -> zwlr_layer_surface_v1#83.set_anchor(15)
[03:22:04.306613] {Default Queue}  -> zwlr_layer_surface_v1#83.set_margin(0, 0, 0, 0)
[03:22:04.306615] {Default Queue}  -> zwlr_layer_surface_v1#83.set_size(0, 0)
[03:22:04.306619]  -> wl_surface#109.commit()
[03:22:04.306725] {Default Queue}  -> zwp_text_input_v3#108.set_surrounding_text("", 0, 0)
[03:22:04.306727] {Default Queue}  -> zwp_text_input_v3#108.set_text_change_cause(1)
[03:22:04.306729] {Default Queue}  -> zwp_text_input_v3#108.set_content_type(0, 0)
[03:22:04.306741] {Default Queue}  -> zwp_text_input_v3#108.set_cursor_rectangle(0, 0, 0, 0)
[03:22:04.306742] {Default Queue}  -> zwp_text_input_v3#108.commit()
[03:22:04.306744] {Default Queue}  -> xdg_activation_v1#15.get_activation_token(new id xdg_activation_token_v1#115)
[03:22:04.306746]  -> xdg_activation_token_v1#115.set_serial(138, wl_seat#3)
[03:22:04.306748]  -> xdg_activation_token_v1#115.commit()
[03:22:04.306818] xdg_activation_token_v1#115.done("04e24ec95c745915760a31add072b57c")
[03:22:04.306821]  -> xdg_activation_token_v1#115.destroy()
[03:22:04.306821] {Default Queue}  -> xdg_activation_v1#15.activate("04e24ec95c745915760a31add072b57c", wl_surface#109)
info: event=popup-opened output=2
[03:22:04.306840] {Default Queue} zwlr_layer_surface_v1#77.configure(153, 853, 48)
[03:22:04.306845] {Default Queue}  -> zwlr_layer_surface_v1#77.ack_configure(153)
[03:22:04.306846] {Default Queue} zwlr_layer_surface_v1#72.configure(154, 853, 480)
[03:22:04.306848] {Default Queue}  -> zwlr_layer_surface_v1#72.ack_configure(154)
[03:22:04.306849] {Default Queue} zwlr_layer_surface_v1#83.configure(155, 853, 432)
[03:22:04.306853] {Default Queue}  -> zwlr_layer_surface_v1#83.ack_configure(155)
[03:22:04.306879]  -> wl_surface#68.commit()
[03:22:04.306886]  -> wl_surface#62.commit()
[03:22:04.307449] {Default Queue}  -> wl_shm#5.create_pool(new id wl_shm_pool#106, fd 16, 1473984)
[03:22:04.307454] {Default Queue}  -> wl_shm_pool#106.create_buffer(new id wl_buffer#114, 0, 853, 432, 3412, 0)
[03:22:04.307900] {Default Queue}  -> wl_compositor#4.create_region(new id wl_region#85)
[03:22:04.307902] {Default Queue}  -> wl_region#85.add(130, 0, 592, 432)
[03:22:04.307903]  -> wl_surface#109.set_opaque_region(wl_region#85)
[03:22:04.307904] {Default Queue}  -> wl_region#85.destroy()
[03:22:04.307905] {Default Queue}  -> wp_viewport#80.set_destination(853, 432)
[03:22:04.307906]  -> wl_surface#109.attach(wl_buffer#114, 0, 0)
[03:22:04.307908]  -> wl_surface#109.damage_buffer(0, 0, 853, 432)
[03:22:04.307909]  -> wl_surface#109.frame(new id wl_callback#110)
[03:22:04.307910] {Default Queue}  -> wp_presentation#20.feedback(wl_surface#109, new id wp_presentation_feedback#90)
[03:22:04.307912]  -> wl_surface#109.commit()
info: event=launcher-results count=111 shown=111 publish_us=3483
[03:22:04.310352] discarded [unknown]#42.[event 1](0 fd, 12 byte)
[03:22:04.310354] discarded [unknown]#33.[event 1](0 fd, 12 byte)
[03:22:04.310361] {Display Queue} wl_display#1.delete_id(115)
[03:22:04.310363] {Display Queue} wl_display#1.delete_id(112)
[03:22:04.310364] {Display Queue} wl_display#1.delete_id(85)
[03:22:04.310365] {Default Queue} wl_registry#88.global_remove(69)
[03:22:04.310366] {Default Queue} wl_registry#49.global_remove(69)
[03:22:04.310368] {Default Queue}  -> wl_output#56.release()
[03:22:04.310371] {Default Queue} wl_registry#48.global_remove(69)
[03:22:04.310372] {Default Queue} wl_registry#43.global_remove(69)
[03:22:04.310373] {Default Queue} wl_registry#41.global_remove(69)
[03:22:04.310373] {Default Queue} wl_registry#30.global_remove(69)
[03:22:04.310374] {Default Queue} wl_registry#2.global_remove(69)
[03:22:04.310392] {Default Queue}  -> zwlr_layer_surface_v1#72.destroy()
[03:22:04.310394]  -> wl_surface#62.attach(nil, 0, 0)
[03:22:04.310396]  -> wl_surface#62.commit()
[03:22:04.310409] {Default Queue}  -> wp_viewport#70.destroy()
[03:22:04.310410] {Default Queue}  -> wp_fractional_scale_v1#69.destroy()
[03:22:04.310410]  -> wl_surface#62.destroy()
[03:22:04.310417] {Default Queue}  -> xdg_toplevel_icon_v1#71.destroy()
[03:22:04.310426] {Default Queue}  -> wl_compositor#4.create_surface(new id wl_surface#85)
[03:22:04.310428] {Default Queue}  -> wp_fractional_scale_manager_v1#11.get_fractional_scale(new id wp_fractional_scale_v1#115, wl_surface#85)
[03:22:04.310429] {Default Queue}  -> wp_viewporter#10.get_viewport(new id wp_viewport#123, wl_surface#85)
[03:22:04.310444] {Default Queue}  -> xdg_toplevel_icon_manager_v1#9.create_icon(new id xdg_toplevel_icon_v1#121)
[03:22:04.310454] {Default Queue}  -> zwlr_layer_shell_v1#46.get_layer_surface(new id zwlr_layer_surface_v1#122, wl_surface#85, nil, 0, "pearl:wallpaper")
[03:22:04.310456] {Default Queue}  -> zwlr_layer_surface_v1#122.set_keyboard_interactivity(0)
[03:22:04.310457] {Default Queue}  -> zwlr_layer_surface_v1#122.set_exclusive_zone(-1)
[03:22:04.310457] {Default Queue}  -> zwlr_layer_surface_v1#122.set_anchor(15)
[03:22:04.310458] {Default Queue}  -> zwlr_layer_surface_v1#122.set_margin(0, 0, 0, 0)
[03:22:04.310459] {Default Queue}  -> zwlr_layer_surface_v1#122.set_size(0, 0)
[03:22:04.310462]  -> wl_surface#85.commit()
[03:22:04.310542] {Default Queue}  -> zwlr_layer_surface_v1#77.destroy()
[03:22:04.310543]  -> wl_surface#68.attach(nil, 0, 0)
[03:22:04.310544]  -> wl_surface#68.commit()
[03:22:04.310549] {Default Queue}  -> wl_buffer#101.destroy()
[03:22:04.310550] {Default Queue}  -> wl_shm_pool#100.destroy()
[03:22:04.310605] {Default Queue}  -> wp_viewport#75.destroy()
[03:22:04.310606] {Default Queue}  -> wp_fractional_scale_v1#74.destroy()
[03:22:04.310607]  -> wl_surface#68.destroy()
[03:22:04.310610] {Default Queue}  -> xdg_toplevel_icon_v1#76.destroy()
[03:22:04.310615] {Default Queue}  -> wl_compositor#4.create_surface(new id wl_surface#124)
[03:22:04.310616] {Default Queue}  -> wp_fractional_scale_manager_v1#11.get_fractional_scale(new id wp_fractional_scale_v1#125, wl_surface#124)
[03:22:04.310617] {Default Queue}  -> wp_viewporter#10.get_viewport(new id wp_viewport#126, wl_surface#124)
[03:22:04.310627] {Default Queue}  -> xdg_toplevel_icon_manager_v1#9.create_icon(new id xdg_toplevel_icon_v1#127)
[03:22:04.310666] {Default Queue}  -> zwlr_layer_shell_v1#46.get_layer_surface(new id zwlr_layer_surface_v1#128, wl_surface#124, nil, 2, "pearl:bar")
[03:22:04.310668] {Default Queue}  -> zwlr_layer_surface_v1#128.set_keyboard_interactivity(0)
[03:22:04.310668] {Default Queue}  -> zwlr_layer_surface_v1#128.set_exclusive_zone(48)
[03:22:04.310669] {Default Queue}  -> zwlr_layer_surface_v1#128.set_anchor(13)
[03:22:04.310670] {Default Queue}  -> zwlr_layer_surface_v1#128.set_margin(0, 0, 0, 0)
[03:22:04.310670] {Default Queue}  -> zwlr_layer_surface_v1#128.set_size(0, 200)
[03:22:04.310672]  -> wl_surface#124.commit()
[03:22:04.310884] {Default Queue}  -> zwlr_layer_surface_v1#83.destroy()
[03:22:04.310886]  -> wl_surface#109.attach(nil, 0, 0)
[03:22:04.310886]  -> wl_surface#109.commit()
[03:22:04.310988] {Default Queue}  -> wp_viewport#80.destroy()
[03:22:04.310989] {Default Queue}  -> wp_fractional_scale_v1#105.destroy()
[03:22:04.310990]  -> wl_surface#109.destroy()
[03:22:04.310993] {Default Queue}  -> xdg_toplevel_icon_v1#113.destroy()
[03:22:04.310996] {Default Queue}  -> wl_compositor#4.create_surface(new id wl_surface#129)
[03:22:04.310997] {Default Queue}  -> wp_fractional_scale_manager_v1#11.get_fractional_scale(new id wp_fractional_scale_v1#130, wl_surface#129)
[03:22:04.310998] {Default Queue}  -> wp_viewporter#10.get_viewport(new id wp_viewport#131, wl_surface#129)
[03:22:04.311005] {Default Queue}  -> xdg_toplevel_icon_manager_v1#9.create_icon(new id xdg_toplevel_icon_v1#132)
[03:22:04.311249] {Default Queue}  -> zwlr_layer_shell_v1#46.get_layer_surface(new id zwlr_layer_surface_v1#133, wl_surface#129, nil, 3, "pearl:popup")
[03:22:04.311251] {Default Queue}  -> zwlr_layer_surface_v1#133.set_keyboard_interactivity(1)
[03:22:04.311251] {Default Queue}  -> zwlr_layer_surface_v1#133.set_exclusive_zone(0)
[03:22:04.311252] {Default Queue}  -> zwlr_layer_surface_v1#133.set_anchor(15)
[03:22:04.311253] {Default Queue}  -> zwlr_layer_surface_v1#133.set_margin(0, 0, 0, 0)
[03:22:04.311253] {Default Queue}  -> zwlr_layer_surface_v1#133.set_size(0, 0)
[03:22:04.311255]  -> wl_surface#129.commit()
[03:22:04.311261] {Default Queue} wl_output#55.geometry(0, 0, 0, 0, 0, "Unknown", "Unknown", 0)
[03:22:04.311263] {Default Queue} wl_output#55.scale(1)
[03:22:04.311264] {Default Queue} wl_output#28.geometry(0, 0, 0, 0, 0, "Unknown", "Unknown", 0)
[03:22:04.311267] {Default Queue} wl_output#28.scale(1)
[03:22:04.311268] {Default Queue} wp_presentation_feedback#112.sync_output(wl_output#55)
[03:22:04.311269] {Default Queue} wp_presentation_feedback#112.sync_output(wl_output#28)
[03:22:04.311270] {Default Queue} wp_presentation_feedback#112.presented(0, 50897, 923966439, 0, 0, 0, 0)
[03:22:04.311273] {Default Queue} wl_output#55.done()
[03:22:04.311274] {Default Queue} wl_output#28.done()
[03:22:04.311275] {Default Queue} discarded zwlr_layer_surface_v1#77.configure(157, 853, 48)
[03:22:04.311276] {Default Queue} discarded zwlr_layer_surface_v1#72.configure(158, 853, 480)
[03:22:04.311277] {Default Queue} discarded zwlr_layer_surface_v1#83.configure(159, 853, 432)
[03:22:04.311277] {Default Queue} wl_data_device#35.selection(nil)
[03:22:04.311281] {Default Queue} zwp_primary_selection_device_v1#34.selection(nil)
[03:22:04.311365] discarded [unknown]#77.[event 0](0 fd, 20 byte)
[03:22:04.311367] discarded [unknown]#83.[event 0](0 fd, 20 byte)
[03:22:04.311368] discarded [unknown]#83.[event 0](0 fd, 20 byte)
[03:22:04.311369] discarded [unknown]#90.[event 2](0 fd, 8 byte)
[03:22:04.311372] {Display Queue} wl_display#1.delete_id(56)
[03:22:04.311373] {Display Queue} wl_display#1.delete_id(72)
[03:22:04.311374] {Display Queue} wl_display#1.delete_id(70)
[03:22:04.311375] {Display Queue} wl_display#1.delete_id(69)
[03:22:04.311375] {Display Queue} wl_display#1.delete_id(62)
[03:22:04.311376] {Display Queue} wl_display#1.delete_id(71)
[03:22:04.311376] {Display Queue} wl_display#1.delete_id(77)
[03:22:04.311377] {Display Queue} wl_display#1.delete_id(101)
[03:22:04.311377] {Display Queue} wl_display#1.delete_id(100)
[03:22:04.311378] {Display Queue} wl_display#1.delete_id(75)
[03:22:04.311378] {Display Queue} wl_display#1.delete_id(74)
[03:22:04.311379] {Display Queue} wl_display#1.delete_id(68)
[03:22:04.311379] {Display Queue} wl_display#1.delete_id(76)
[03:22:04.311380] {Display Queue} wl_display#1.delete_id(83)
[03:22:04.311380] {Display Queue} wl_display#1.delete_id(90)
[03:22:04.311381] {Display Queue} wl_display#1.delete_id(80)
[03:22:04.311381] {Display Queue} wl_display#1.delete_id(105)
[03:22:04.311381] {Display Queue} wl_display#1.delete_id(110)
[03:22:04.311382] {Display Queue} wl_display#1.delete_id(109)
[03:22:04.311382] {Display Queue} wl_display#1.delete_id(113)
[03:22:04.311383] {Default Queue} wl_buffer#92.release()
[03:22:04.311385] {Default Queue}  -> wl_buffer#92.destroy()
[03:22:04.311385] {Default Queue}  -> wl_shm_pool#97.destroy()
[03:22:04.311457] {Default Queue} zwlr_layer_surface_v1#67.configure(164, 1280, 64)
[03:22:04.311461] {Default Queue}  -> zwlr_layer_surface_v1#67.ack_configure(164)
[03:22:04.311462] {Default Queue} zwlr_layer_surface_v1#78.configure(165, 1280, 8)
[03:22:04.311465] {Default Queue}  -> zwlr_layer_surface_v1#78.ack_configure(165)
[03:22:04.311466] {Default Queue} zwlr_layer_surface_v1#61.configure(166, 1280, 720)
[03:22:04.311467] {Default Queue}  -> zwlr_layer_surface_v1#61.ack_configure(166)
[03:22:04.311468] {Default Queue} zwlr_layer_surface_v1#122.configure(167, 1280, 720)
[03:22:04.311476] {Default Queue}  -> zwlr_layer_surface_v1#122.ack_configure(167)
[03:22:04.311477] {Default Queue} wl_buffer#91.release()
[03:22:04.311477] {Default Queue}  -> wl_buffer#91.destroy()
[03:22:04.311478] {Default Queue}  -> wl_shm_pool#103.destroy()
[03:22:04.311486] {Default Queue} zwlr_layer_surface_v1#67.configure(169, 1280, 64)
[03:22:04.311488] {Default Queue}  -> zwlr_layer_surface_v1#67.ack_configure(169)
[03:22:04.311488] {Default Queue} zwlr_layer_surface_v1#78.configure(170, 1280, 8)
[03:22:04.311489] {Default Queue}  -> zwlr_layer_surface_v1#78.ack_configure(170)
[03:22:04.311490] {Default Queue} zwlr_layer_surface_v1#128.configure(171, 1280, 200)
[03:22:04.311527] {Default Queue}  -> zwlr_layer_surface_v1#128.ack_configure(171)
[03:22:04.311528] {Default Queue} zwlr_layer_surface_v1#61.configure(172, 1280, 720)
[03:22:04.311529] {Default Queue}  -> zwlr_layer_surface_v1#61.ack_configure(172)
[03:22:04.311530] {Default Queue} zwlr_layer_surface_v1#122.configure(173, 1280, 720)
[03:22:04.311530] {Default Queue}  -> zwlr_layer_surface_v1#122.ack_configure(173)
[03:22:04.311531] {Default Queue} wl_buffer#114.release()
[03:22:04.311532] {Default Queue}  -> wl_buffer#114.destroy()
[03:22:04.311532] {Default Queue}  -> wl_shm_pool#106.destroy()
[03:22:04.311555] {Default Queue} zwlr_layer_surface_v1#67.configure(175, 1280, 64)
[03:22:04.311557] {Default Queue}  -> zwlr_layer_surface_v1#67.ack_configure(175)
[03:22:04.311557] {Default Queue} zwlr_layer_surface_v1#78.configure(176, 1280, 8)
[03:22:04.311558] {Default Queue}  -> zwlr_layer_surface_v1#78.ack_configure(176)
[03:22:04.311558] {Default Queue} zwlr_layer_surface_v1#128.configure(177, 1280, 200)
[03:22:04.311575] {Default Queue}  -> zwlr_layer_surface_v1#128.ack_configure(177)
[03:22:04.311576] {Default Queue} zwlr_layer_surface_v1#61.configure(178, 1280, 720)
[03:22:04.311576] {Default Queue}  -> zwlr_layer_surface_v1#61.ack_configure(178)
[03:22:04.311577] {Default Queue} zwlr_layer_surface_v1#122.configure(179, 1280, 720)
[03:22:04.311578] {Default Queue}  -> zwlr_layer_surface_v1#122.ack_configure(179)
[03:22:04.311578] {Default Queue} zwlr_layer_surface_v1#133.configure(180, 1280, 648)
[03:22:04.311708] {Default Queue}  -> zwlr_layer_surface_v1#133.ack_configure(180)
[03:22:04.311755]  -> wl_surface#95.commit()
[03:22:04.311760]  -> wl_surface#57.commit()
[03:22:04.311816] {Default Queue}  -> wl_shm#5.create_pool(new id wl_shm_pool#113, fd 16, 3686400)
[03:22:04.311819] {Default Queue}  -> wl_shm_pool#113.create_buffer(new id wl_buffer#109, 0, 1280, 720, 5120, 0)
[03:22:04.314272] {Default Queue}  -> wl_compositor#4.create_region(new id wl_region#110)
[03:22:04.314274] {Default Queue}  -> wl_region#110.add(0, 0, 1280, 720)
[03:22:04.314275]  -> wl_surface#85.set_opaque_region(wl_region#110)
[03:22:04.314276] {Default Queue}  -> wl_region#110.destroy()
[03:22:04.314277] {Default Queue}  -> wl_compositor#4.create_region(new id wl_region#105)
[03:22:04.314277]  -> wl_surface#85.set_input_region(wl_region#105)
[03:22:04.314278] {Default Queue}  -> wl_region#105.destroy()
[03:22:04.314279] {Default Queue}  -> wp_viewport#123.set_destination(1280, 720)
[03:22:04.314280]  -> wl_surface#85.attach(wl_buffer#109, 0, 0)
[03:22:04.314281]  -> wl_surface#85.damage_buffer(0, 0, 1280, 720)
[03:22:04.314282]  -> wl_surface#85.frame(new id wl_callback#80)
[03:22:04.314283] {Default Queue}  -> wp_presentation#20.feedback(wl_surface#85, new id wp_presentation_feedback#90)
[03:22:04.314284]  -> wl_surface#85.commit()
[03:22:04.314904] {Default Queue}  -> wl_shm#5.create_pool(new id wl_shm_pool#83, fd 16, 245760)
[03:22:04.314908] {Default Queue}  -> wl_shm_pool#83.create_buffer(new id wl_buffer#76, 0, 1280, 48, 5120, 0)
[03:22:04.315132] {Default Queue}  -> zwlr_layer_surface_v1#128.set_size(0, 48)
[03:22:04.315134] {Default Queue}  -> wl_compositor#4.create_region(new id wl_region#68)
[03:22:04.315135] {Default Queue}  -> wl_region#68.add(18, 4, 1244, 40)
[03:22:04.315136]  -> wl_surface#124.set_opaque_region(wl_region#68)
[03:22:04.315137] {Default Queue}  -> wl_region#68.destroy()
[03:22:04.315138] {Default Queue}  -> wl_compositor#4.create_region(new id wl_region#74)
[03:22:04.315139] {Default Queue}  -> wl_region#74.add(13, 4, 827, 1)
[03:22:04.315140] {Default Queue}  -> wl_region#74.add(11, 5, 831, 1)
[03:22:04.315140] {Default Queue}  -> wl_region#74.add(10, 6, 833, 1)
[03:22:04.315141] {Default Queue}  -> wl_region#74.add(9, 7, 835, 1)
[03:22:04.315142] {Default Queue}  -> wl_region#74.add(8, 8, 837, 1)
[03:22:04.315142] {Default Queue}  -> wl_region#74.add(7, 9, 839, 1)
[03:22:04.315143] {Default Queue}  -> wl_region#74.add(6, 10, 841, 2)
[03:22:04.315144] {Default Queue}  -> wl_region#74.add(5, 12, 843, 5)
[03:22:04.315144] {Default Queue}  -> wl_region#74.add(4, 17, 845, 14)
[03:22:04.315145] {Default Queue}  -> wl_region#74.add(5, 31, 843, 5)
[03:22:04.315146] {Default Queue}  -> wl_region#74.add(6, 36, 841, 2)
[03:22:04.315146] {Default Queue}  -> wl_region#74.add(7, 38, 839, 1)
[03:22:04.315147] {Default Queue}  -> wl_region#74.add(8, 39, 837, 1)
[03:22:04.315148] {Default Queue}  -> wl_region#74.add(9, 40, 835, 1)
[03:22:04.315148] {Default Queue}  -> wl_region#74.add(10, 41, 833, 1)
[03:22:04.315149] {Default Queue}  -> wl_region#74.add(11, 42, 831, 1)
[03:22:04.315149] {Default Queue}  -> wl_region#74.add(13, 43, 827, 1)
[03:22:04.315150]  -> wl_surface#124.set_input_region(wl_region#74)
[03:22:04.315151] {Default Queue}  -> wl_region#74.destroy()
[03:22:04.315151] {Default Queue}  -> wp_viewport#126.set_destination(1280, 48)
[03:22:04.315152]  -> wl_surface#124.attach(wl_buffer#76, 0, 0)
[03:22:04.315153]  -> wl_surface#124.damage_buffer(0, 0, 1280, 48)
[03:22:04.315154]  -> wl_surface#124.frame(new id wl_callback#75)
[03:22:04.315155] {Default Queue}  -> wp_presentation#20.feedback(wl_surface#124, new id wp_presentation_feedback#100)
[03:22:04.315156]  -> wl_surface#124.commit()
[03:22:04.324399] {Default Queue}  -> wl_shm#5.create_pool(new id wl_shm_pool#101, fd 16, 3317760)
[03:22:04.324406] {Default Queue}  -> wl_shm_pool#101.create_buffer(new id wl_buffer#77, 0, 1280, 648, 5120, 0)
[03:22:04.325240] {Default Queue}  -> wl_compositor#4.create_region(new id wl_region#71)
[03:22:04.325243] {Default Queue}  -> wl_region#71.add(130, 0, 592, 432)
[03:22:04.325245]  -> wl_surface#129.set_opaque_region(wl_region#71)
[03:22:04.325246] {Default Queue}  -> wl_region#71.destroy()
[03:22:04.325247] {Default Queue}  -> wp_viewport#131.set_destination(1280, 648)
[03:22:04.325249]  -> wl_surface#129.attach(wl_buffer#77, 0, 0)
[03:22:04.325250]  -> wl_surface#129.damage_buffer(0, 0, 1280, 648)
[03:22:04.325251]  -> wl_surface#129.frame(new id wl_callback#62)
[03:22:04.325253] {Default Queue}  -> wp_presentation#20.feedback(wl_surface#129, new id wp_presentation_feedback#69)
[03:22:04.325255]  -> wl_surface#129.commit()
[03:22:04.325298] {Display Queue} wl_display#1.delete_id(92)
[03:22:04.325300] {Display Queue} wl_display#1.delete_id(97)
[03:22:04.325301] {Display Queue} wl_display#1.delete_id(91)
[03:22:04.325302] {Display Queue} wl_display#1.delete_id(103)
[03:22:04.325302] {Display Queue} wl_display#1.delete_id(114)
[03:22:04.325303] {Display Queue} wl_display#1.delete_id(106)
[03:22:04.325303] {Display Queue} wl_display#1.delete_id(110)
[03:22:04.325304] {Display Queue} wl_display#1.delete_id(105)
[03:22:04.325304] {Display Queue} wl_display#1.delete_id(68)
[03:22:04.325305] {Display Queue} wl_display#1.delete_id(74)
[03:22:04.325305] {Display Queue} wl_display#1.delete_id(80)
[03:22:04.325306] {Display Queue} wl_display#1.delete_id(111)
[03:22:04.325306] {Display Queue} wl_display#1.delete_id(75)
[03:22:04.325307] {Display Queue} wl_display#1.delete_id(90)
[03:22:04.325307] {Display Queue} wl_display#1.delete_id(100)
[03:22:04.325308] {Default Queue} zwlr_layer_surface_v1#67.configure(181, 1280, 64)
[03:22:04.325312] {Default Queue}  -> zwlr_layer_surface_v1#67.ack_configure(181)
[03:22:04.325313] {Default Queue} zwlr_layer_surface_v1#78.configure(182, 1280, 8)
[03:22:04.325317] {Default Queue}  -> zwlr_layer_surface_v1#78.ack_configure(182)
[03:22:04.325318] {Default Queue} zwlr_layer_surface_v1#128.configure(183, 1280, 200)
[03:22:04.325320] {Default Queue}  -> zwlr_layer_surface_v1#128.ack_configure(183)
[03:22:04.325320] {Default Queue} zwlr_layer_surface_v1#61.configure(184, 1280, 720)
[03:22:04.325322] {Default Queue}  -> zwlr_layer_surface_v1#61.ack_configure(184)
[03:22:04.325322] {Default Queue} zwlr_layer_surface_v1#122.configure(185, 1280, 720)
[03:22:04.325324] {Default Queue}  -> zwlr_layer_surface_v1#122.ack_configure(185)
[03:22:04.325324] {Default Queue} zwlr_layer_surface_v1#133.configure(186, 1280, 648)
[03:22:04.325325] {Default Queue}  -> zwlr_layer_surface_v1#133.ack_configure(186)
[03:22:04.325326] {Default Queue} wp_fractional_scale_v1#115.preferred_scale(120)
[03:22:04.325326] {Default Queue} zwlr_layer_surface_v1#67.configure(187, 1280, 64)
[03:22:04.325327] {Default Queue}  -> zwlr_layer_surface_v1#67.ack_configure(187)
[03:22:04.325328] {Default Queue} zwlr_layer_surface_v1#78.configure(188, 1280, 8)
[03:22:04.325329] {Default Queue}  -> zwlr_layer_surface_v1#78.ack_configure(188)
[03:22:04.325329] {Default Queue} zwlr_layer_surface_v1#128.configure(189, 1280, 48)
[03:22:04.325330] {Default Queue}  -> zwlr_layer_surface_v1#128.ack_configure(189)
[03:22:04.325331] {Default Queue} zwlr_layer_surface_v1#61.configure(190, 1280, 720)
[03:22:04.325332] {Default Queue}  -> zwlr_layer_surface_v1#61.ack_configure(190)
[03:22:04.325332] {Default Queue} zwlr_layer_surface_v1#122.configure(191, 1280, 720)
[03:22:04.325333] {Default Queue}  -> zwlr_layer_surface_v1#122.ack_configure(191)
[03:22:04.325334] {Default Queue} zwlr_layer_surface_v1#133.configure(192, 1280, 600)
[03:22:04.325334] {Default Queue}  -> zwlr_layer_surface_v1#133.ack_configure(192)
[03:22:04.325335] {Default Queue} wp_fractional_scale_v1#125.preferred_scale(120)
[03:22:04.325335] {Default Queue} zwlr_layer_surface_v1#67.configure(193, 1280, 64)
[03:22:04.325336] {Default Queue}  -> zwlr_layer_surface_v1#67.ack_configure(193)
[03:22:04.325337] {Default Queue} zwlr_layer_surface_v1#78.configure(194, 1280, 8)
[03:22:04.325337] {Default Queue}  -> zwlr_layer_surface_v1#78.ack_configure(194)
[03:22:04.325338] {Default Queue} zwlr_layer_surface_v1#128.configure(195, 1280, 48)
[03:22:04.325339] {Default Queue}  -> zwlr_layer_surface_v1#128.ack_configure(195)
[03:22:04.325339] {Default Queue} zwlr_layer_surface_v1#61.configure(196, 1280, 720)
[03:22:04.325340] {Default Queue}  -> zwlr_layer_surface_v1#61.ack_configure(196)
[03:22:04.325341] {Default Queue} zwlr_layer_surface_v1#122.configure(197, 1280, 720)
[03:22:04.325341] {Default Queue}  -> zwlr_layer_surface_v1#122.ack_configure(197)
[03:22:04.325342] {Default Queue} zwlr_layer_surface_v1#133.configure(198, 1280, 600)
[03:22:04.325343] {Default Queue}  -> zwlr_layer_surface_v1#133.ack_configure(198)
[03:22:04.325343] {Default Queue} wl_callback#80.done(50897940)
[03:22:04.325346] {Default Queue} wl_callback#111.done(50897940)
[03:22:04.325348] {Default Queue} wl_callback#75.done(50897940)
[03:22:04.325349] {Default Queue} wp_presentation_feedback#90.sync_output(wl_output#55)
[03:22:04.325350] {Default Queue} wp_presentation_feedback#90.sync_output(wl_output#28)
[03:22:04.325351] {Default Queue} wp_presentation_feedback#90.presented(0, 50897, 940875814, 0, 0, 0, 0)
[03:22:04.325353] {Default Queue} wp_presentation_feedback#100.sync_output(wl_output#55)
[03:22:04.325353] {Default Queue} wp_presentation_feedback#100.sync_output(wl_output#28)
[03:22:04.325354] {Default Queue} wp_presentation_feedback#100.presented(0, 50897, 940875814, 0, 0, 0, 0)
[03:22:04.325355] wl_surface#124.enter(wl_output#55)
[03:22:04.325391] wl_surface#124.enter(wl_output#28)
[03:22:04.325399] wl_surface#124.preferred_buffer_scale(1)
[03:22:04.325400] wl_surface#85.enter(wl_output#55)
[03:22:04.325402] wl_surface#85.enter(wl_output#28)
[03:22:04.325403] wl_surface#85.preferred_buffer_scale(1)
[03:22:04.325529] {Display Queue} wl_display#1.delete_id(71)
[03:22:04.325531] {Default Queue} zwlr_layer_surface_v1#67.configure(199, 1280, 64)
[03:22:04.325532] {Default Queue}  -> zwlr_layer_surface_v1#67.ack_configure(199)
[03:22:04.325533] {Default Queue} zwlr_layer_surface_v1#78.configure(200, 1280, 8)
[03:22:04.325533] {Default Queue}  -> zwlr_layer_surface_v1#78.ack_configure(200)
[03:22:04.325534] {Default Queue} zwlr_layer_surface_v1#128.configure(201, 1280, 48)
[03:22:04.325535] {Default Queue}  -> zwlr_layer_surface_v1#128.ack_configure(201)
[03:22:04.325535] {Default Queue} zwlr_layer_surface_v1#61.configure(202, 1280, 720)
[03:22:04.325536] {Default Queue}  -> zwlr_layer_surface_v1#61.ack_configure(202)
[03:22:04.325537] {Default Queue} zwlr_layer_surface_v1#122.configure(203, 1280, 720)
[03:22:04.325537] {Default Queue}  -> zwlr_layer_surface_v1#122.ack_configure(203)
[03:22:04.325538] {Default Queue} zwlr_layer_surface_v1#133.configure(204, 1280, 600)
[03:22:04.325539] {Default Queue}  -> zwlr_layer_surface_v1#133.ack_configure(204)
[03:22:04.325539] {Default Queue} wp_fractional_scale_v1#130.preferred_scale(120)
[03:22:04.325540] {Default Queue} wl_data_device#35.selection(nil)
[03:22:04.325543] {Default Queue} zwp_primary_selection_device_v1#34.selection(nil)
[03:22:04.325545] {Default Queue} wl_pointer#116.enter(207, wl_surface#129, 25.00000000, 37.00000000)
[03:22:04.325549] {Default Queue}  -> wp_cursor_shape_device_v1#120.set_shape(207, 1)
[03:22:04.325550] {Default Queue} wl_pointer#116.frame()
[03:22:04.325554] wl_surface#129.enter(wl_output#55)
[03:22:04.325671] wl_surface#129.enter(wl_output#28)
[03:22:04.325778] wl_surface#129.preferred_buffer_scale(1)
[03:22:04.325834]  -> wl_surface#95.commit()
[03:22:04.325857] {Default Queue}  -> wl_shm#5.create_pool(new id wl_shm_pool#71, fd 16, 3686400)
[03:22:04.325859] {Default Queue}  -> wl_shm_pool#71.create_buffer(new id wl_buffer#100, 0, 1280, 720, 5120, 0)
[03:22:04.328320]  -> wl_surface#85.attach(wl_buffer#100, 0, 0)
[03:22:04.328322]  -> wl_surface#85.damage_buffer(0, 0, 1280, 720)
[03:22:04.328323]  -> wl_surface#85.frame(new id wl_callback#90)
[03:22:04.328324] {Default Queue}  -> wp_presentation#20.feedback(wl_surface#85, new id wp_presentation_feedback#75)
[03:22:04.328325]  -> wl_surface#85.commit()
[03:22:04.328332]  -> wl_surface#63.commit()
[03:22:04.328345] {Default Queue}  -> wl_shm#5.create_pool(new id wl_shm_pool#111, fd 17, 245760)
[03:22:04.328347] {Default Queue}  -> wl_shm_pool#111.create_buffer(new id wl_buffer#80, 0, 1280, 48, 5120, 0)
[03:22:04.328547] {Default Queue}  -> wl_compositor#4.create_region(new id wl_region#74)
[03:22:04.328549] {Default Queue}  -> wl_region#74.add(13, 4, 1254, 1)
[03:22:04.328550] {Default Queue}  -> wl_region#74.add(11, 5, 1258, 1)
[03:22:04.328550] {Default Queue}  -> wl_region#74.add(10, 6, 1260, 1)
[03:22:04.328551] {Default Queue}  -> wl_region#74.add(9, 7, 1262, 1)
[03:22:04.328552] {Default Queue}  -> wl_region#74.add(8, 8, 1264, 1)
[03:22:04.328552] {Default Queue}  -> wl_region#74.add(7, 9, 1266, 1)
[03:22:04.328553] {Default Queue}  -> wl_region#74.add(6, 10, 1268, 2)
[03:22:04.328554] {Default Queue}  -> wl_region#74.add(5, 12, 1270, 5)
[03:22:04.328554] {Default Queue}  -> wl_region#74.add(4, 17, 1272, 14)
[03:22:04.328555] {Default Queue}  -> wl_region#74.add(5, 31, 1270, 5)
[03:22:04.328556] {Default Queue}  -> wl_region#74.add(6, 36, 1268, 2)
[03:22:04.328556] {Default Queue}  -> wl_region#74.add(7, 38, 1266, 1)
[03:22:04.328557] {Default Queue}  -> wl_region#74.add(8, 39, 1264, 1)
[03:22:04.328558] {Default Queue}  -> wl_region#74.add(9, 40, 1262, 1)
[03:22:04.328558] {Default Queue}  -> wl_region#74.add(10, 41, 1260, 1)
[03:22:04.328559] {Default Queue}  -> wl_region#74.add(11, 42, 1258, 1)
[03:22:04.328560] {Default Queue}  -> wl_region#74.add(13, 43, 1254, 1)
[03:22:04.328560]  -> wl_surface#124.set_input_region(wl_region#74)
[03:22:04.328561] {Default Queue}  -> wl_region#74.destroy()
[03:22:04.328562]  -> wl_surface#124.attach(wl_buffer#80, 0, 0)
[03:22:04.328563]  -> wl_surface#124.damage_buffer(0, 0, 1280, 48)
[03:22:04.328564]  -> wl_surface#124.frame(new id wl_callback#68)
[03:22:04.328564] {Default Queue}  -> wp_presentation#20.feedback(wl_surface#124, new id wp_presentation_feedback#105)
[03:22:04.328565]  -> wl_surface#124.commit()
[03:22:04.328631] {Display Queue} wl_display#1.delete_id(74)
[03:22:04.328633] {Default Queue} wl_buffer#109.release()
[03:22:04.328634] {Default Queue} wl_buffer#76.release()
[03:22:04.328701] {Default Queue}  -> zwlr_layer_surface_v1#133.destroy()
[03:22:04.328703]  -> wl_surface#129.attach(nil, 0, 0)
[03:22:04.328704]  -> wl_surface#129.commit()
[03:22:04.328825] {Default Queue}  -> wp_viewport#131.destroy()
[03:22:04.328826] {Default Queue}  -> wp_fractional_scale_v1#130.destroy()
[03:22:04.328827]  -> wl_surface#129.destroy()
info: event=popup-closed
[03:22:04.330650] {Default Queue}  -> zwlr_layer_surface_v1#122.destroy()
[03:22:04.330652]  -> wl_surface#85.attach(nil, 0, 0)
[03:22:04.330653]  -> wl_surface#85.commit()
[03:22:04.330662] {Default Queue}  -> wl_buffer#109.destroy()
[03:22:04.330663] {Default Queue}  -> wl_shm_pool#113.destroy()
[03:22:04.330736] {Default Queue}  -> wp_viewport#123.destroy()
[03:22:04.330737] {Default Queue}  -> wp_fractional_scale_v1#115.destroy()
[03:22:04.330737]  -> wl_surface#85.destroy()
[03:22:04.330743] {Default Queue}  -> xdg_toplevel_icon_v1#121.destroy()
[03:22:04.330856] {Default Queue}  -> zwlr_layer_surface_v1#128.destroy()
[03:22:04.330857]  -> wl_surface#124.attach(nil, 0, 0)
[03:22:04.330858]  -> wl_surface#124.commit()
[03:22:04.330864] {Default Queue}  -> wl_buffer#76.destroy()
[03:22:04.330865] {Default Queue}  -> wl_shm_pool#83.destroy()
[03:22:04.330881] {Default Queue}  -> wp_viewport#126.destroy()
[03:22:04.330882] {Default Queue}  -> wp_fractional_scale_v1#125.destroy()
[03:22:04.330882]  -> wl_surface#124.destroy()
[03:22:04.330885] {Default Queue}  -> xdg_toplevel_icon_v1#127.destroy()
[03:22:04.331294] {Default Queue}  -> zxdg_output_v1#32.destroy()
[03:22:04.331296] {Default Queue}  -> wl_output#31.release()
[03:22:04.331566] discarded [unknown]#128.[event 0](0 fd, 20 byte)
[03:22:04.331567] discarded [unknown]#122.[event 0](0 fd, 20 byte)
[03:22:04.331568] discarded [unknown]#69.[event 2](0 fd, 8 byte)
[03:22:04.331569] discarded [unknown]#128.[event 0](0 fd, 20 byte)
[03:22:04.331570] discarded [unknown]#75.[event 2](0 fd, 8 byte)
[03:22:04.331571] discarded [unknown]#105.[event 2](0 fd, 8 byte)
[03:22:04.331573] {Display Queue} wl_display#1.delete_id(133)
[03:22:04.331574] {Display Queue} wl_display#1.delete_id(69)
[03:22:04.331575] {Display Queue} wl_display#1.delete_id(131)
[03:22:04.331575] {Display Queue} wl_display#1.delete_id(130)
[03:22:04.331576] {Display Queue} wl_display#1.delete_id(62)
[03:22:04.331576] {Display Queue} wl_display#1.delete_id(129)
[03:22:04.331577] {Display Queue} wl_display#1.delete_id(122)
[03:22:04.331577] {Display Queue} wl_display#1.delete_id(75)
[03:22:04.331578] {Display Queue} wl_display#1.delete_id(109)
[03:22:04.331578] {Display Queue} wl_display#1.delete_id(113)
[03:22:04.331579] {Display Queue} wl_display#1.delete_id(123)
[03:22:04.331579] {Display Queue} wl_display#1.delete_id(115)
[03:22:04.331580] {Display Queue} wl_display#1.delete_id(90)
[03:22:04.331580] {Display Queue} wl_display#1.delete_id(85)
[03:22:04.331581] {Display Queue} wl_display#1.delete_id(121)
[03:22:04.331581] {Display Queue} wl_display#1.delete_id(128)
[03:22:04.331582] {Display Queue} wl_display#1.delete_id(105)
[03:22:04.331582] {Display Queue} wl_display#1.delete_id(76)
[03:22:04.331583] {Display Queue} wl_display#1.delete_id(83)
[03:22:04.331584] {Display Queue} wl_display#1.delete_id(126)
[03:22:04.331584] {Display Queue} wl_display#1.delete_id(125)
[03:22:04.331585] {Display Queue} wl_display#1.delete_id(68)
[03:22:04.331585] {Display Queue} wl_display#1.delete_id(124)
[03:22:04.331586] {Display Queue} wl_display#1.delete_id(127)
[03:22:04.331586] {Display Queue} wl_display#1.delete_id(32)
[03:22:04.331587] {Display Queue} wl_display#1.delete_id(31)
[03:22:04.331587] {Default Queue} zwlr_layer_surface_v1#67.configure(209, 1280, 64)
[03:22:04.331633] {Default Queue}  -> zwlr_layer_surface_v1#67.ack_configure(209)
[03:22:04.331635] {Default Queue} zwlr_layer_surface_v1#78.configure(210, 1280, 8)
[03:22:04.331637] {Default Queue}  -> zwlr_layer_surface_v1#78.ack_configure(210)
[03:22:04.331638] {Default Queue} zwlr_layer_surface_v1#61.configure(212, 1280, 720)
[03:22:04.331639] {Default Queue}  -> zwlr_layer_surface_v1#61.ack_configure(212)
[03:22:04.331639] {Default Queue} wl_buffer#77.release()
[03:22:04.331641] {Default Queue}  -> wl_buffer#77.destroy()
[03:22:04.331641] {Default Queue}  -> wl_shm_pool#101.destroy()
[03:22:04.331674] {Default Queue} wl_pointer#116.leave(214, nil)
[03:22:04.331677] {Default Queue} wl_pointer#116.frame()
[03:22:04.331679] {Default Queue} zwlr_layer_surface_v1#67.configure(215, 1280, 64)
[03:22:04.331680] {Default Queue}  -> zwlr_layer_surface_v1#67.ack_configure(215)
[03:22:04.331681] {Default Queue} zwlr_layer_surface_v1#78.configure(216, 1280, 8)
[03:22:04.331681] {Default Queue}  -> zwlr_layer_surface_v1#78.ack_configure(216)
[03:22:04.331682] {Default Queue} zwlr_layer_surface_v1#61.configure(218, 1280, 720)
[03:22:04.331683] {Default Queue}  -> zwlr_layer_surface_v1#61.ack_configure(218)
[03:22:04.331684] {Default Queue} wl_buffer#100.release()
[03:22:04.331684] {Default Queue}  -> wl_buffer#100.destroy()
[03:22:04.331685] {Default Queue}  -> wl_shm_pool#71.destroy()
[03:22:04.331713] {Default Queue} zwlr_layer_surface_v1#67.configure(219, 1280, 64)
[03:22:04.331715] {Default Queue}  -> zwlr_layer_surface_v1#67.ack_configure(219)
[03:22:04.331715] {Default Queue} zwlr_layer_surface_v1#78.configure(220, 1280, 8)
[03:22:04.331716] {Default Queue}  -> zwlr_layer_surface_v1#78.ack_configure(220)
[03:22:04.331717] {Default Queue} zwlr_layer_surface_v1#61.configure(221, 1280, 720)
[03:22:04.331718] {Default Queue}  -> zwlr_layer_surface_v1#61.ack_configure(221)
[03:22:04.331718] {Default Queue} wl_buffer#80.release()
[03:22:04.331719] {Default Queue}  -> wl_buffer#80.destroy()
[03:22:04.331719] {Default Queue}  -> wl_shm_pool#111.destroy()
[03:22:04.331725] {Default Queue}  -> xdg_toplevel_icon_v1#132.destroy()
[03:22:04.336385]  -> wl_surface#57.commit()
[03:22:04.336691]  -> wl_surface#95.commit()
[03:22:04.340671] discarded [unknown]#42.[event 0](0 fd, 32 byte)
[03:22:04.340677] discarded [unknown]#33.[event 0](0 fd, 32 byte)
[03:22:04.340689] {Display Queue} wl_display#1.delete_id(77)
[03:22:04.340693] {Display Queue} wl_display#1.delete_id(101)
[03:22:04.340694] {Display Queue} wl_display#1.delete_id(100)
[03:22:04.340695] {Display Queue} wl_display#1.delete_id(71)
[03:22:04.340695] {Display Queue} wl_display#1.delete_id(80)
[03:22:04.340696] {Display Queue} wl_display#1.delete_id(111)
[03:22:04.340696] {Display Queue} wl_display#1.delete_id(132)
[03:22:04.340697] {Default Queue} wl_registry#88.global(70, "wl_output", 4)
[03:22:04.340700] {Default Queue} wl_registry#49.global(70, "wl_output", 4)
[03:22:04.340703] {Default Queue}  -> wl_registry#49.bind(70, "wl_output", 4, new id [unknown]#132)
[03:22:04.340708] {Default Queue} wl_registry#48.global(70, "wl_output", 4)
[03:22:04.340709] {Default Queue} wl_registry#43.global(70, "wl_output", 4)
[03:22:04.340712] {Default Queue} wl_registry#41.global(70, "wl_output", 4)
[03:22:04.340713] {Default Queue} wl_registry#30.global(70, "wl_output", 4)
[03:22:04.340714] {Default Queue} wl_registry#2.global(70, "wl_output", 4)
[03:22:04.340717] {Default Queue}  -> wl_registry#2.bind(70, "wl_output", 4, new id [unknown]#111)
[03:22:04.340724] {Default Queue}  -> zxdg_output_manager_v1#21.get_xdg_output(new id zxdg_output_v1#80, wl_output#111)
[03:22:04.340743] {Default Queue}  -> wl_display#1.sync(new id wl_callback#71)
[03:22:04.340745] {Default Queue} wl_output#55.geometry(0, 0, 0, 0, 0, "Unknown", "Unknown", 0)
[03:22:04.340747] {Default Queue} wl_output#55.scale(1)
[03:22:04.340748] {Default Queue} wl_output#28.geometry(0, 0, 0, 0, 0, "Unknown", "Unknown", 0)
[03:22:04.340755] {Default Queue} wl_output#28.scale(1)
[03:22:04.340756] {Default Queue} wl_output#55.done()
[03:22:04.340757] {Default Queue} wl_output#28.done()
[03:22:04.340835] {Default Queue} wl_output#132.geometry(0, 0, 0, 0, 0, "Unknown", "Unknown", 0)
[03:22:04.340836] {Default Queue} wl_output#132.mode(1, 1280, 720, 0)
[03:22:04.340837] {Default Queue} wl_output#132.scale(2)
[03:22:04.340838] {Default Queue} wl_output#132.name("HEADLESS-1")
[03:22:04.340839] {Default Queue} wl_output#132.description("Headless output 1")
[03:22:04.340840] {Default Queue} wl_output#132.done()
[03:22:04.340867] {Display Queue} wl_display#1.delete_id(71)
[03:22:04.340869] {Default Queue} wl_output#111.geometry(0, 0, 0, 0, 0, "Unknown", "Unknown", 0)
[03:22:04.340871] {Default Queue} wl_output#111.mode(1, 1280, 720, 0)
[03:22:04.340872] {Default Queue} wl_output#111.scale(2)
[03:22:04.340874] {Default Queue} wl_output#111.name("HEADLESS-1")
[03:22:04.340876] {Default Queue} wl_output#111.description("Headless output 1")
[03:22:04.340877] {Default Queue} wl_output#111.done()
[03:22:04.340878] {Default Queue} zxdg_output_v1#80.name("HEADLESS-1")
[03:22:04.340879] {Default Queue} zxdg_output_v1#80.description("Headless output 1")
[03:22:04.340880] {Default Queue} zxdg_output_v1#80.logical_position(-854, 0)
[03:22:04.340881] {Default Queue} zxdg_output_v1#80.logical_size(853, 480)
[03:22:04.340881] {Default Queue} wl_output#111.done()
[03:22:04.340883] {Default Queue} wl_callback#71.done(222)
[03:22:04.341096] {Default Queue}  -> wl_compositor#4.create_surface(new id wl_surface#71)
[03:22:04.341099] {Default Queue}  -> wp_fractional_scale_manager_v1#11.get_fractional_scale(new id wp_fractional_scale_v1#100, wl_surface#71)
[03:22:04.341101] {Default Queue}  -> wp_viewporter#10.get_viewport(new id wp_viewport#101, wl_surface#71)
[03:22:04.341125] {Default Queue}  -> xdg_toplevel_icon_manager_v1#9.create_icon(new id xdg_toplevel_icon_v1#77)
[03:22:04.341138] {Default Queue}  -> zwlr_layer_shell_v1#46.get_layer_surface(new id zwlr_layer_surface_v1#31, wl_surface#71, wl_output#111, 0, "pearl:wallpaper")
[03:22:04.341140] {Default Queue}  -> zwlr_layer_surface_v1#31.set_keyboard_interactivity(0)
[03:22:04.341141] {Default Queue}  -> zwlr_layer_surface_v1#31.set_exclusive_zone(-1)
[03:22:04.341142] {Default Queue}  -> zwlr_layer_surface_v1#31.set_anchor(15)
[03:22:04.341142] {Default Queue}  -> zwlr_layer_surface_v1#31.set_margin(0, 0, 0, 0)
[03:22:04.341144] {Default Queue}  -> zwlr_layer_surface_v1#31.set_size(0, 0)
[03:22:04.341148]  -> wl_surface#71.commit()
[03:22:04.341171] {Default Queue}  -> xdg_activation_v1#15.get_activation_token(new id xdg_activation_token_v1#32)
[03:22:04.341173]  -> xdg_activation_token_v1#32.set_serial(138, wl_seat#3)
[03:22:04.341174]  -> xdg_activation_token_v1#32.commit()
[03:22:04.341265] xdg_activation_token_v1#32.done("a4d92e09d6e9d1fd73b589f311b6a8e5")
[03:22:04.341267]  -> xdg_activation_token_v1#32.destroy()
[03:22:04.341268] {Default Queue}  -> xdg_activation_v1#15.activate("a4d92e09d6e9d1fd73b589f311b6a8e5", wl_surface#71)
[03:22:04.342442] {Default Queue}  -> wl_compositor#4.create_surface(new id wl_surface#127)
[03:22:04.342446] {Default Queue}  -> wp_fractional_scale_manager_v1#11.get_fractional_scale(new id wp_fractional_scale_v1#124, wl_surface#127)
[03:22:04.342448] {Default Queue}  -> wp_viewporter#10.get_viewport(new id wp_viewport#68, wl_surface#127)
[03:22:04.342466] {Default Queue}  -> xdg_toplevel_icon_manager_v1#9.create_icon(new id xdg_toplevel_icon_v1#125)
[03:22:04.342475] {Default Queue}  -> zwlr_layer_shell_v1#46.get_layer_surface(new id zwlr_layer_surface_v1#126, wl_surface#127, wl_output#111, 2, "pearl:bar")
[03:22:04.342477] {Default Queue}  -> zwlr_layer_surface_v1#126.set_keyboard_interactivity(0)
[03:22:04.342478] {Default Queue}  -> zwlr_layer_surface_v1#126.set_exclusive_zone(48)
[03:22:04.342479] {Default Queue}  -> zwlr_layer_surface_v1#126.set_anchor(13)
[03:22:04.342480] {Default Queue}  -> zwlr_layer_surface_v1#126.set_margin(0, 0, 0, 0)
[03:22:04.342481] {Default Queue}  -> zwlr_layer_surface_v1#126.set_size(0, 200)
[03:22:04.342485]  -> wl_surface#127.commit()
[03:22:04.342554] {Default Queue}  -> xdg_activation_v1#15.get_activation_token(new id xdg_activation_token_v1#83)
[03:22:04.342555]  -> xdg_activation_token_v1#83.set_serial(138, wl_seat#3)
[03:22:04.342556]  -> xdg_activation_token_v1#83.commit()
[03:22:04.342653] {Display Queue} wl_display#1.delete_id(32)
[03:22:04.342654] xdg_activation_token_v1#83.done("7a6d97358444ba74d953827896525a4c")
[03:22:04.342655]  -> xdg_activation_token_v1#83.destroy()
[03:22:04.342656] {Default Queue}  -> xdg_activation_v1#15.activate("7a6d97358444ba74d953827896525a4c", wl_surface#127)
info: event=output-mapped id=2 connector=HEADLESS-1 scale=1.5
[03:22:04.343308] {Default Queue} zwlr_layer_surface_v1#31.configure(223, 853, 480)
[03:22:04.343317] {Default Queue}  -> zwlr_layer_surface_v1#31.ack_configure(223)
[03:22:04.343319] {Default Queue} zwlr_layer_surface_v1#126.configure(224, 853, 200)
[03:22:04.343921] {Default Queue}  -> zwlr_layer_surface_v1#126.ack_configure(224)
[03:22:04.343924] {Default Queue} zwlr_layer_surface_v1#31.configure(225, 853, 480)
[03:22:04.343926] {Default Queue}  -> zwlr_layer_surface_v1#31.ack_configure(225)
[03:22:04.344073] {Default Queue}  -> wl_shm#5.create_pool(new id wl_shm_pool#32, fd 16, 1637760)
[03:22:04.344078] {Default Queue}  -> wl_shm_pool#32.create_buffer(new id wl_buffer#76, 0, 853, 480, 3412, 0)
[03:22:04.345228] {Default Queue}  -> wl_compositor#4.create_region(new id wl_region#105)
[03:22:04.345230] {Default Queue}  -> wl_region#105.add(0, 0, 853, 480)
[03:22:04.345231]  -> wl_surface#71.set_opaque_region(wl_region#105)
[03:22:04.345232] {Default Queue}  -> wl_region#105.destroy()
[03:22:04.345234] {Default Queue}  -> wp_viewport#101.set_destination(853, 480)
[03:22:04.345235]  -> wl_surface#71.attach(wl_buffer#76, 0, 0)
[03:22:04.345236]  -> wl_surface#71.damage_buffer(0, 0, 853, 480)
[03:22:04.345237]  -> wl_surface#71.frame(new id wl_callback#128)
[03:22:04.345239] {Default Queue}  -> wp_presentation#20.feedback(wl_surface#71, new id wp_presentation_feedback#121)
[03:22:04.345241]  -> wl_surface#71.commit()
[03:22:04.345862] {Default Queue}  -> wl_shm#5.create_pool(new id wl_shm_pool#85, fd 16, 163776)
[03:22:04.345866] {Default Queue}  -> wl_shm_pool#85.create_buffer(new id wl_buffer#90, 0, 853, 48, 3412, 0)
[03:22:04.346093] {Default Queue}  -> zwlr_layer_surface_v1#126.set_size(0, 48)
[03:22:04.346095] {Default Queue}  -> wl_compositor#4.create_region(new id wl_region#115)
[03:22:04.346096] {Default Queue}  -> wl_region#115.add(18, 4, 817, 40)
[03:22:04.346098]  -> wl_surface#127.set_opaque_region(wl_region#115)
[03:22:04.346099] {Default Queue}  -> wl_region#115.destroy()
[03:22:04.346099] {Default Queue}  -> wp_viewport#68.set_destination(853, 48)
[03:22:04.346100]  -> wl_surface#127.attach(wl_buffer#90, 0, 0)
[03:22:04.346101]  -> wl_surface#127.damage_buffer(0, 0, 853, 48)
[03:22:04.346102]  -> wl_surface#127.frame(new id wl_callback#123)
[03:22:04.346103] {Default Queue}  -> wp_presentation#20.feedback(wl_surface#127, new id wp_presentation_feedback#113)
[03:22:04.346105]  -> wl_surface#127.commit()
[03:22:04.346601] {Display Queue} wl_display#1.delete_id(83)
[03:22:04.346603] {Display Queue} wl_display#1.delete_id(105)
[03:22:04.346604] {Default Queue} zwlr_layer_surface_v1#126.configure(226, 480, 200)
[03:22:04.346608] {Default Queue}  -> zwlr_layer_surface_v1#126.ack_configure(226)
[03:22:04.346609] {Default Queue} zwlr_layer_surface_v1#31.configure(227, 480, 853)
[03:22:04.346610] {Default Queue}  -> zwlr_layer_surface_v1#31.ack_configure(227)
[03:22:04.346610] {Default Queue} wl_output#111.geometry(0, 0, 0, 0, 0, "Unknown", "Unknown", 1)
[03:22:04.346615] {Default Queue} wl_output#132.geometry(0, 0, 0, 0, 0, "Unknown", "Unknown", 1)
[03:22:04.346616] {Default Queue} zxdg_output_v1#80.logical_position(-854, 0)
[03:22:04.346618] {Default Queue} zxdg_output_v1#80.logical_size(480, 853)
[03:22:04.346619] {Default Queue} wl_output#55.geometry(0, 0, 0, 0, 0, "Unknown", "Unknown", 0)
[03:22:04.346620] {Default Queue} wl_output#55.scale(1)
[03:22:04.346621] {Default Queue} wl_output#28.geometry(0, 0, 0, 0, 0, "Unknown", "Unknown", 0)
[03:22:04.346623] {Default Queue} wl_output#28.scale(1)
[03:22:04.346624] {Default Queue} wl_output#111.geometry(0, 0, 0, 0, 0, "Unknown", "Unknown", 1)
[03:22:04.346626] {Default Queue} wl_output#111.scale(2)
[03:22:04.346626] {Default Queue} wl_output#132.geometry(0, 0, 0, 0, 0, "Unknown", "Unknown", 1)
[03:22:04.346627] {Default Queue} wl_output#132.scale(2)
[03:22:04.346628] {Default Queue} wl_output#111.done()
[03:22:04.346630] {Default Queue} wl_output#132.done()
[03:22:04.346631] {Default Queue} wl_output#55.done()
[03:22:04.346631] {Default Queue} wl_output#28.done()
[03:22:04.346632] {Default Queue} zwlr_layer_surface_v1#126.configure(229, 480, 200)
[03:22:04.346633] {Default Queue}  -> zwlr_layer_surface_v1#126.ack_configure(229)
[03:22:04.346634] {Default Queue} zwlr_layer_surface_v1#31.configure(230, 480, 853)
[03:22:04.346634] {Default Queue}  -> zwlr_layer_surface_v1#31.ack_configure(230)
[03:22:04.346635] {Default Queue} wp_fractional_scale_v1#100.preferred_scale(180)
[03:22:04.346643] wl_surface#71.enter(wl_output#111)
[03:22:04.346645] wl_surface#71.enter(wl_output#132)
[03:22:04.346646] wl_surface#71.preferred_buffer_scale(2)
[03:22:04.346726] {Display Queue} wl_display#1.delete_id(115)
[03:22:04.346727] {Default Queue} zwlr_layer_surface_v1#126.configure(231, 480, 48)
[03:22:04.346728] {Default Queue}  -> zwlr_layer_surface_v1#126.ack_configure(231)
[03:22:04.346729] {Default Queue} zwlr_layer_surface_v1#31.configure(232, 480, 853)
[03:22:04.346730] {Default Queue}  -> zwlr_layer_surface_v1#31.ack_configure(232)
[03:22:04.346730] {Default Queue} wp_fractional_scale_v1#124.preferred_scale(180)
[03:22:04.347164] {Default Queue} zwlr_layer_surface_v1#126.configure(233, 480, 48)
[03:22:04.347166] {Default Queue}  -> zwlr_layer_surface_v1#126.ack_configure(233)
[03:22:04.347167] {Default Queue} zwlr_layer_surface_v1#31.configure(234, 480, 853)
[03:22:04.347167] {Default Queue}  -> zwlr_layer_surface_v1#31.ack_configure(234)
[03:22:04.347168] wl_surface#127.enter(wl_output#111)
[03:22:04.347178] wl_surface#127.enter(wl_output#132)
[03:22:04.347187] wl_surface#127.preferred_buffer_scale(2)
[03:22:04.349030]  -> wl_surface#63.attach(wl_buffer#86, 0, 0)
[03:22:04.349035]  -> wl_surface#63.damage_buffer(0, 0, 1280, 64)
[03:22:04.349036]  -> wl_surface#63.frame(new id wl_callback#115)
[03:22:04.349038] {Default Queue}  -> wp_presentation#20.feedback(wl_surface#63, new id wp_presentation_feedback#105)
[03:22:04.349040]  -> wl_surface#63.commit()
[03:22:04.349084] {Default Queue} wl_buffer#102.release()
[03:22:04.364109] {Display Queue} wl_display#1.delete_id(115)
[03:22:04.364115] {Display Queue} wl_display#1.delete_id(128)
[03:22:04.364116] {Display Queue} wl_display#1.delete_id(123)
[03:22:04.364117] {Display Queue} wl_display#1.delete_id(105)
[03:22:04.364118] {Display Queue} wl_display#1.delete_id(121)
[03:22:04.364118] {Display Queue} wl_display#1.delete_id(113)
[03:22:04.364119] {Default Queue} wl_callback#115.done(50897977)
[03:22:04.364124] {Default Queue} wl_callback#128.done(50897979)
[03:22:04.364129] {Default Queue} wl_callback#123.done(50897979)
[03:22:04.364131] {Default Queue} wp_presentation_feedback#105.sync_output(wl_output#55)
[03:22:04.364132] {Default Queue} wp_presentation_feedback#105.sync_output(wl_output#28)
[03:22:04.364133] {Default Queue} wp_presentation_feedback#105.presented(0, 50897, 979875313, 0, 0, 0, 0)
[03:22:04.364136] {Default Queue} wp_presentation_feedback#121.sync_output(wl_output#111)
[03:22:04.364136] {Default Queue} wp_presentation_feedback#121.sync_output(wl_output#132)
[03:22:04.364137] {Default Queue} wp_presentation_feedback#121.presented(0, 50897, 979878663, 0, 0, 0, 0)
[03:22:04.364139] {Default Queue} wp_presentation_feedback#113.sync_output(wl_output#111)
[03:22:04.364140] {Default Queue} wp_presentation_feedback#113.sync_output(wl_output#132)
[03:22:04.364141] {Default Queue} wp_presentation_feedback#113.presented(0, 50897, 979878663, 0, 0, 0, 0)
[03:22:04.364291] {Default Queue}  -> wl_shm#5.create_pool(new id wl_shm_pool#113, fd 16, 3686400)
[03:22:04.364298] {Default Queue}  -> wl_shm_pool#113.create_buffer(new id wl_buffer#121, 0, 720, 1280, 2880, 0)
[03:22:04.366852] {Default Queue}  -> wl_compositor#4.create_region(new id wl_region#105)
[03:22:04.366854] {Default Queue}  -> wl_region#105.add(0, 0, 480, 853)
[03:22:04.366856]  -> wl_surface#71.set_opaque_region(wl_region#105)
[03:22:04.366857] {Default Queue}  -> wl_region#105.destroy()
[03:22:04.366858] {Default Queue}  -> wl_compositor#4.create_region(new id wl_region#123)
[03:22:04.366859]  -> wl_surface#71.set_input_region(wl_region#123)
[03:22:04.366860] {Default Queue}  -> wl_region#123.destroy()
[03:22:04.366861] {Default Queue}  -> wp_viewport#101.set_destination(480, 853)
[03:22:04.366863]  -> wl_surface#71.attach(wl_buffer#121, 0, 0)
[03:22:04.366864]  -> wl_surface#71.damage_buffer(0, 0, 720, 1280)
[03:22:04.366865]  -> wl_surface#71.frame(new id wl_callback#128)
[03:22:04.366866] {Default Queue}  -> wp_presentation#20.feedback(wl_surface#71, new id wp_presentation_feedback#115)
[03:22:04.366868]  -> wl_surface#71.commit()
[03:22:04.367313] {Default Queue}  -> wl_shm#5.create_pool(new id wl_shm_pool#83, fd 16, 246816)
[03:22:04.367317] {Default Queue}  -> wl_shm_pool#83.create_buffer(new id wl_buffer#109, 0, 857, 72, 3428, 0)
[03:22:04.367569] {Default Queue}  -> wl_compositor#4.create_region(new id wl_region#75)
[03:22:04.367571] {Default Queue}  -> wl_region#75.add(18, 4, 535, 40)
[03:22:04.367572]  -> wl_surface#127.set_opaque_region(wl_region#75)
[03:22:04.367573] {Default Queue}  -> wl_region#75.destroy()
[03:22:04.367574] {Default Queue}  -> wl_compositor#4.create_region(new id wl_region#122)
[03:22:04.367575] {Default Queue}  -> wl_region#122.add(13, 4, 827, 1)
[03:22:04.367576] {Default Queue}  -> wl_region#122.add(11, 5, 831, 1)
[03:22:04.367577] {Default Queue}  -> wl_region#122.add(10, 6, 833, 1)
[03:22:04.367577] {Default Queue}  -> wl_region#122.add(9, 7, 835, 1)
[03:22:04.367578] {Default Queue}  -> wl_region#122.add(8, 8, 837, 1)
[03:22:04.367579] {Default Queue}  -> wl_region#122.add(7, 9, 839, 1)
[03:22:04.367580] {Default Queue}  -> wl_region#122.add(6, 10, 841, 2)
[03:22:04.367580] {Default Queue}  -> wl_region#122.add(5, 12, 843, 5)
[03:22:04.367581] {Default Queue}  -> wl_region#122.add(4, 17, 845, 14)
[03:22:04.367582] {Default Queue}  -> wl_region#122.add(5, 31, 843, 5)
[03:22:04.367582] {Default Queue}  -> wl_region#122.add(6, 36, 841, 2)
[03:22:04.367583] {Default Queue}  -> wl_region#122.add(7, 38, 839, 1)
[03:22:04.367583] {Default Queue}  -> wl_region#122.add(8, 39, 837, 1)
[03:22:04.367584] {Default Queue}  -> wl_region#122.add(9, 40, 835, 1)
[03:22:04.367585] {Default Queue}  -> wl_region#122.add(10, 41, 833, 1)
[03:22:04.367585] {Default Queue}  -> wl_region#122.add(11, 42, 831, 1)
[03:22:04.367586] {Default Queue}  -> wl_region#122.add(13, 43, 827, 1)
[03:22:04.367587]  -> wl_surface#127.set_input_region(wl_region#122)
[03:22:04.367587] {Default Queue}  -> wl_region#122.destroy()
[03:22:04.367588] {Default Queue}  -> wp_viewport#68.set_destination(571, 48)
[03:22:04.367589]  -> wl_surface#127.attach(wl_buffer#109, 0, 0)
[03:22:04.367590]  -> wl_surface#127.damage_buffer(0, 0, 857, 72)
[03:22:04.367591]  -> wl_surface#127.frame(new id wl_callback#129)
[03:22:04.367595] {Default Queue}  -> wp_presentation#20.feedback(wl_surface#127, new id wp_presentation_feedback#62)
[03:22:04.367596]  -> wl_surface#127.commit()
[03:22:04.367626] {Display Queue} wl_display#1.delete_id(105)
[03:22:04.367627] {Display Queue} wl_display#1.delete_id(123)
[03:22:04.367628] {Default Queue} wl_buffer#76.release()
[03:22:04.367629] {Default Queue}  -> wl_buffer#76.destroy()
[03:22:04.367630] {Default Queue}  -> wl_shm_pool#32.destroy()
[03:22:04.367673] {Display Queue} wl_display#1.delete_id(75)
[03:22:04.367674] {Display Queue} wl_display#1.delete_id(122)
[03:22:04.367675] {Default Queue} wl_buffer#90.release()
[03:22:04.367676] {Default Queue}  -> wl_buffer#90.destroy()
[03:22:04.367677] {Default Queue}  -> wl_shm_pool#85.destroy()
[03:22:04.376115] {Default Queue}  -> wl_compositor#4.create_surface(new id wl_surface#122)
[03:22:04.376120] {Default Queue}  -> wp_fractional_scale_manager_v1#11.get_fractional_scale(new id wp_fractional_scale_v1#75, wl_surface#122)
[03:22:04.376123] {Default Queue}  -> wp_viewporter#10.get_viewport(new id wp_viewport#123, wl_surface#122)
[03:22:04.376147] {Default Queue}  -> xdg_toplevel_icon_manager_v1#9.create_icon(new id xdg_toplevel_icon_v1#105)
[03:22:04.376160] {Default Queue}  -> zwlr_layer_shell_v1#46.get_layer_surface(new id zwlr_layer_surface_v1#130, wl_surface#122, wl_output#111, 3, "pearl:popup")
[03:22:04.376162] {Default Queue}  -> zwlr_layer_surface_v1#130.set_keyboard_interactivity(1)
[03:22:04.376163] {Default Queue}  -> zwlr_layer_surface_v1#130.set_exclusive_zone(0)
[03:22:04.376164] {Default Queue}  -> zwlr_layer_surface_v1#130.set_anchor(15)
[03:22:04.376165] {Default Queue}  -> zwlr_layer_surface_v1#130.set_margin(0, 0, 0, 0)
[03:22:04.376166] {Default Queue}  -> zwlr_layer_surface_v1#130.set_size(0, 0)
[03:22:04.376170]  -> wl_surface#122.commit()
[03:22:04.376285] {Default Queue}  -> zwp_text_input_v3#108.set_surrounding_text("", 0, 0)
[03:22:04.376288] {Default Queue}  -> zwp_text_input_v3#108.set_text_change_cause(1)
[03:22:04.376289] {Default Queue}  -> zwp_text_input_v3#108.set_content_type(0, 0)
[03:22:04.376301] {Default Queue}  -> zwp_text_input_v3#108.set_cursor_rectangle(0, 0, 0, 0)
[03:22:04.376303] {Default Queue}  -> zwp_text_input_v3#108.commit()
[03:22:04.376305] {Default Queue}  -> xdg_activation_v1#15.get_activation_token(new id xdg_activation_token_v1#131)
[03:22:04.376307]  -> xdg_activation_token_v1#131.set_serial(138, wl_seat#3)
[03:22:04.376308]  -> xdg_activation_token_v1#131.commit()
[03:22:04.376380] {Display Queue} wl_display#1.delete_id(76)
[03:22:04.376386] {Display Queue} wl_display#1.delete_id(32)
[03:22:04.376387] {Display Queue} wl_display#1.delete_id(90)
[03:22:04.376388] {Display Queue} wl_display#1.delete_id(85)
[03:22:04.376391] xdg_activation_token_v1#131.done("affc86bf7e4e37954bc41e52081c2da8")
[03:22:04.376393]  -> xdg_activation_token_v1#131.destroy()
[03:22:04.376395] {Default Queue}  -> xdg_activation_v1#15.activate("affc86bf7e4e37954bc41e52081c2da8", wl_surface#122)
info: event=popup-opened output=2
[03:22:04.376421] {Default Queue} zwlr_layer_surface_v1#126.configure(235, 480, 48)
[03:22:04.376426] {Default Queue}  -> zwlr_layer_surface_v1#126.ack_configure(235)
[03:22:04.376427] {Default Queue} zwlr_layer_surface_v1#31.configure(236, 480, 853)
[03:22:04.376428] {Default Queue}  -> zwlr_layer_surface_v1#31.ack_configure(236)
[03:22:04.376428] {Default Queue} zwlr_layer_surface_v1#130.configure(237, 480, 805)
[03:22:04.376435] {Default Queue}  -> zwlr_layer_surface_v1#130.ack_configure(237)
[03:22:04.377061] {Default Queue}  -> wl_shm#5.create_pool(new id wl_shm_pool#85, fd 16, 1545600)
[03:22:04.377067] {Default Queue}  -> wl_shm_pool#85.create_buffer(new id wl_buffer#90, 0, 480, 805, 1920, 0)
[03:22:04.377492] {Default Queue}  -> wl_compositor#4.create_region(new id wl_region#32)
[03:22:04.377495] {Default Queue}  -> wl_region#32.add(0, 116, 480, 572)
[03:22:04.377496]  -> wl_surface#122.set_opaque_region(wl_region#32)
[03:22:04.377497] {Default Queue}  -> wl_region#32.destroy()
[03:22:04.377498] {Default Queue}  -> wp_viewport#123.set_destination(480, 805)
[03:22:04.377499]  -> wl_surface#122.attach(wl_buffer#90, 0, 0)
[03:22:04.377500]  -> wl_surface#122.damage_buffer(0, 0, 480, 805)
[03:22:04.377501]  -> wl_surface#122.frame(new id wl_callback#76)
[03:22:04.377503] {Default Queue}  -> wp_presentation#20.feedback(wl_surface#122, new id wp_presentation_feedback#69)
[03:22:04.377505]  -> wl_surface#122.commit()
info: event=launcher-results count=111 shown=111 publish_us=3551
[03:22:04.380005] {Display Queue} wl_display#1.delete_id(131)
[03:22:04.380009] {Display Queue} wl_display#1.delete_id(32)
[03:22:04.380011] {Default Queue} zwlr_layer_surface_v1#126.configure(238, 480, 48)
[03:22:04.380014] {Default Queue}  -> zwlr_layer_surface_v1#126.ack_configure(238)
[03:22:04.380016] {Default Queue} zwlr_layer_surface_v1#31.configure(239, 480, 853)
[03:22:04.380017] {Default Queue}  -> zwlr_layer_surface_v1#31.ack_configure(239)
[03:22:04.380017] {Default Queue} zwlr_layer_surface_v1#130.configure(240, 480, 805)
[03:22:04.380018] {Default Queue}  -> zwlr_layer_surface_v1#130.ack_configure(240)
[03:22:04.380019] {Default Queue} wp_fractional_scale_v1#75.preferred_scale(180)
[03:22:04.380407] {Default Queue} wl_data_device#35.selection(nil)
[03:22:04.380412] {Default Queue} zwp_primary_selection_device_v1#34.selection(nil)
[03:22:04.380414] wl_surface#122.enter(wl_output#111)
[03:22:04.380428] wl_surface#122.enter(wl_output#132)
[03:22:04.380439] wl_surface#122.preferred_buffer_scale(2)
[03:22:04.380896]  -> wl_surface#63.attach(wl_buffer#102, 0, 0)
[03:22:04.380899]  -> wl_surface#63.damage_buffer(0, 0, 1280, 64)
[03:22:04.380901]  -> wl_surface#63.frame(new id wl_callback#32)
[03:22:04.380902] {Default Queue}  -> wp_presentation#20.feedback(wl_surface#63, new id wp_presentation_feedback#131)
[03:22:04.380904]  -> wl_surface#63.commit()
info: event=launcher-results count=111 shown=111 publish_us=4364
[03:22:04.384960] {Display Queue} wl_display#1.delete_id(128)
[03:22:04.384964] {Display Queue} wl_display#1.delete_id(129)
[03:22:04.384965] {Display Queue} wl_display#1.delete_id(76)
[03:22:04.384966] {Display Queue} wl_display#1.delete_id(115)
[03:22:04.384967] {Display Queue} wl_display#1.delete_id(62)
[03:22:04.384968] {Display Queue} wl_display#1.delete_id(69)
[03:22:04.384968] {Default Queue} wl_callback#128.done(50897999)
[03:22:04.384973] {Default Queue} wl_callback#129.done(50897999)
[03:22:04.384975] {Default Queue} wl_callback#76.done(50897999)
[03:22:04.384977] {Default Queue} wp_presentation_feedback#115.sync_output(wl_output#111)
[03:22:04.384978] {Default Queue} wp_presentation_feedback#115.sync_output(wl_output#132)
[03:22:04.384979] {Default Queue} wp_presentation_feedback#115.presented(0, 50897, 999164960, 0, 0, 0, 0)
[03:22:04.384981] {Default Queue} wp_presentation_feedback#62.sync_output(wl_output#111)
[03:22:04.384982] {Default Queue} wp_presentation_feedback#62.sync_output(wl_output#132)
[03:22:04.384983] {Default Queue} wp_presentation_feedback#62.presented(0, 50897, 999164960, 0, 0, 0, 0)
[03:22:04.384984] {Default Queue} wp_presentation_feedback#69.sync_output(wl_output#111)
[03:22:04.384985] {Default Queue} wp_presentation_feedback#69.sync_output(wl_output#132)
[03:22:04.384985] {Default Queue} wp_presentation_feedback#69.presented(0, 50897, 999164960, 0, 0, 0, 0)
[03:22:04.384987] {Default Queue} wl_buffer#86.release()
[03:22:04.385035] {Default Queue}  -> wl_shm#5.create_pool(new id wl_shm_pool#69, fd 16, 3686400)
[03:22:04.385038] {Default Queue}  -> wl_shm_pool#69.create_buffer(new id wl_buffer#62, 0, 720, 1280, 2880, 0)
[03:22:04.387378]  -> wl_surface#71.attach(wl_buffer#62, 0, 0)
[03:22:04.387381]  -> wl_surface#71.damage_buffer(0, 0, 720, 1280)
[03:22:04.387382]  -> wl_surface#71.frame(new id wl_callback#115)
[03:22:04.387383] {Default Queue}  -> wp_presentation#20.feedback(wl_surface#71, new id wp_presentation_feedback#76)
[03:22:04.387385]  -> wl_surface#71.commit()
[03:22:04.387402] {Default Queue}  -> wl_shm#5.create_pool(new id wl_shm_pool#129, fd 17, 246816)
[03:22:04.387404] {Default Queue}  -> wl_shm_pool#129.create_buffer(new id wl_buffer#128, 0, 857, 72, 3428, 0)
[03:22:04.387624] {Default Queue}  -> wl_compositor#4.create_region(new id wl_region#133)
[03:22:04.387626] {Default Queue}  -> wl_region#133.add(13, 4, 545, 1)
[03:22:04.387627] {Default Queue}  -> wl_region#133.add(11, 5, 549, 1)
[03:22:04.387628] {Default Queue}  -> wl_region#133.add(10, 6, 551, 1)
[03:22:04.387629] {Default Queue}  -> wl_region#133.add(9, 7, 553, 1)
[03:22:04.387629] {Default Queue}  -> wl_region#133.add(8, 8, 555, 1)
[03:22:04.387630] {Default Queue}  -> wl_region#133.add(7, 9, 557, 1)
[03:22:04.387631] {Default Queue}  -> wl_region#133.add(6, 10, 559, 2)
[03:22:04.387631] {Default Queue}  -> wl_region#133.add(5, 12, 561, 5)
[03:22:04.387632] {Default Queue}  -> wl_region#133.add(4, 17, 563, 14)
[03:22:04.387633] {Default Queue}  -> wl_region#133.add(5, 31, 561, 5)
[03:22:04.387633] {Default Queue}  -> wl_region#133.add(6, 36, 559, 2)
[03:22:04.387634] {Default Queue}  -> wl_region#133.add(7, 38, 557, 1)
[03:22:04.387635] {Default Queue}  -> wl_region#133.add(8, 39, 555, 1)
[03:22:04.387635] {Default Queue}  -> wl_region#133.add(9, 40, 553, 1)
[03:22:04.387636] {Default Queue}  -> wl_region#133.add(10, 41, 551, 1)
[03:22:04.387637] {Default Queue}  -> wl_region#133.add(11, 42, 549, 1)
[03:22:04.387637] {Default Queue}  -> wl_region#133.add(13, 43, 545, 1)
[03:22:04.387638]  -> wl_surface#127.set_input_region(wl_region#133)
[03:22:04.387639] {Default Queue}  -> wl_region#133.destroy()
[03:22:04.387640]  -> wl_surface#127.attach(wl_buffer#128, 0, 0)
[03:22:04.387641]  -> wl_surface#127.damage_buffer(0, 0, 857, 72)
[03:22:04.387642]  -> wl_surface#127.frame(new id wl_callback#74)
[03:22:04.387643] {Default Queue}  -> wp_presentation#20.feedback(wl_surface#127, new id wp_presentation_feedback#110)
[03:22:04.387644]  -> wl_surface#127.commit()
[03:22:04.396923] {Default Queue}  -> wl_shm#5.create_pool(new id wl_shm_pool#106, fd 18, 3479040)
[03:22:04.396929] {Default Queue}  -> wl_shm_pool#106.create_buffer(new id wl_buffer#114, 0, 720, 1208, 2880, 0)
[03:22:04.399148] {Default Queue}  -> wp_viewport#123.set_destination(480, 805)
[03:22:04.399151]  -> wl_surface#122.attach(wl_buffer#114, 0, 0)
[03:22:04.399153]  -> wl_surface#122.damage_buffer(0, 0, 720, 1208)
[03:22:04.399154]  -> wl_surface#122.frame(new id wl_callback#103)
[03:22:04.399156] {Default Queue}  -> wp_presentation#20.feedback(wl_surface#122, new id wp_presentation_feedback#91)
[03:22:04.399157]  -> wl_surface#122.commit()
info: event=launcher-painted latency_us=18597
[03:22:04.399192] {Display Queue} wl_display#1.delete_id(32)
[03:22:04.399195] {Display Queue} wl_display#1.delete_id(131)
[03:22:04.399195] {Default Queue} wl_callback#32.done(50898009)
[03:22:04.399198] {Default Queue} wp_presentation_feedback#131.sync_output(wl_output#55)
[03:22:04.399199] {Default Queue} wp_presentation_feedback#131.sync_output(wl_output#28)
[03:22:04.399199] {Default Queue} wp_presentation_feedback#131.presented(0, 50898, 9989499, 0, 0, 0, 0)
[03:22:04.399254] {Display Queue} wl_display#1.delete_id(133)
[03:22:04.399256] {Default Queue} wl_buffer#121.release()
[03:22:04.399256] {Default Queue} wl_buffer#109.release()
[03:22:04.399257] {Default Queue} wl_buffer#90.release()
[03:22:04.399258] {Default Queue}  -> wl_buffer#90.destroy()
[03:22:04.399259] {Default Queue}  -> wl_shm_pool#85.destroy()
[03:22:04.401645] {Display Queue} wl_display#1.delete_id(90)
[03:22:04.401651] {Display Queue} wl_display#1.delete_id(85)
[03:22:04.401653] {Display Queue} wl_display#1.delete_id(115)
[03:22:04.401654] {Display Queue} wl_display#1.delete_id(74)
[03:22:04.401655] {Display Queue} wl_display#1.delete_id(103)
[03:22:04.401655] {Display Queue} wl_display#1.delete_id(76)
[03:22:04.401656] {Display Queue} wl_display#1.delete_id(110)
[03:22:04.401657] {Display Queue} wl_display#1.delete_id(91)
[03:22:04.401657] {Default Queue} wl_callback#115.done(50898017)
[03:22:04.401665] {Default Queue} wl_callback#74.done(50898017)
[03:22:04.401667] {Default Queue} wl_callback#103.done(50898017)
[03:22:04.401671] {Default Queue} wp_presentation_feedback#76.sync_output(wl_output#111)
[03:22:04.401672] {Default Queue} wp_presentation_feedback#76.sync_output(wl_output#132)
[03:22:04.401673] {Default Queue} wp_presentation_feedback#76.presented(0, 50898, 17406678, 0, 0, 0, 0)
[03:22:04.401676] {Default Queue} wp_presentation_feedback#110.sync_output(wl_output#111)
[03:22:04.401677] {Default Queue} wp_presentation_feedback#110.sync_output(wl_output#132)
[03:22:04.401677] {Default Queue} wp_presentation_feedback#110.presented(0, 50898, 17406678, 0, 0, 0, 0)
[03:22:04.401679] {Default Queue} wp_presentation_feedback#91.sync_output(wl_output#111)
[03:22:04.401680] {Default Queue} wp_presentation_feedback#91.sync_output(wl_output#132)
[03:22:04.401681] {Default Queue} wp_presentation_feedback#91.presented(0, 50898, 17406678, 0, 0, 0, 0)
[03:22:04.402105] {Default Queue}  -> wl_shm#5.create_pool(new id wl_shm_pool#91, fd 16, 3479040)
[03:22:04.402111] {Default Queue}  -> wl_shm_pool#91.create_buffer(new id wl_buffer#110, 0, 720, 1208, 2880, 0)
[03:22:04.403330]  -> wl_surface#122.attach(wl_buffer#110, 0, 0)
[03:22:04.403333]  -> wl_surface#122.damage_buffer(0, 0, 720, 1208)
[03:22:04.403335]  -> wl_surface#122.frame(new id wl_callback#76)
[03:22:04.403337] {Default Queue}  -> wp_presentation#20.feedback(wl_surface#122, new id wp_presentation_feedback#103)
[03:22:04.403339]  -> wl_surface#122.commit()
[03:22:04.403412] {Default Queue} wl_buffer#114.release()
[03:22:04.418599] {Display Queue} wl_display#1.delete_id(76)
[03:22:04.418605] {Display Queue} wl_display#1.delete_id(103)
[03:22:04.418606] {Default Queue} wl_callback#76.done(50898034)
[03:22:04.418612] {Default Queue} wp_presentation_feedback#103.sync_output(wl_output#111)
[03:22:04.418614] {Default Queue} wp_presentation_feedback#103.sync_output(wl_output#132)
[03:22:04.418615] {Default Queue} wp_presentation_feedback#103.presented(0, 50898, 34373304, 0, 0, 0, 0)
[03:22:04.419473]  -> wl_surface#122.attach(wl_buffer#114, 0, 0)
[03:22:04.419476]  -> wl_surface#122.damage_buffer(0, 0, 720, 1208)
[03:22:04.419478]  -> wl_surface#122.frame(new id wl_callback#103)
[03:22:04.419479] {Default Queue}  -> wp_presentation#20.feedback(wl_surface#122, new id wp_presentation_feedback#76)
[03:22:04.419481]  -> wl_surface#122.commit()
[03:22:04.419522] {Default Queue} wl_buffer#110.release()
[03:22:04.435937] {Display Queue} wl_display#1.delete_id(103)
[03:22:04.435945] {Display Queue} wl_display#1.delete_id(76)
[03:22:04.435947] {Default Queue} wl_callback#103.done(50898051)
[03:22:04.435957] {Default Queue} wp_presentation_feedback#76.sync_output(wl_output#111)
[03:22:04.435958] {Default Queue} wp_presentation_feedback#76.sync_output(wl_output#132)
[03:22:04.435959] {Default Queue} wp_presentation_feedback#76.presented(0, 50898, 51696863, 0, 0, 0, 0)
[03:22:04.437132]  -> wl_surface#122.attach(wl_buffer#110, 0, 0)
[03:22:04.437137]  -> wl_surface#122.damage_buffer(0, 0, 720, 1208)
[03:22:04.437139]  -> wl_surface#122.frame(new id wl_callback#76)
[03:22:04.437142] {Default Queue}  -> wp_presentation#20.feedback(wl_surface#122, new id wp_presentation_feedback#103)
[03:22:04.437144]  -> wl_surface#122.commit()
[03:22:04.437209] {Default Queue} wl_buffer#114.release()
[03:22:04.453449] {Display Queue} wl_display#1.delete_id(76)
[03:22:04.453457] {Display Queue} wl_display#1.delete_id(103)
[03:22:04.453458] {Default Queue} wl_callback#76.done(50898069)
[03:22:04.453471] {Default Queue} wp_presentation_feedback#103.sync_output(wl_output#111)
[03:22:04.453472] {Default Queue} wp_presentation_feedback#103.sync_output(wl_output#132)
[03:22:04.453473] {Default Queue} wp_presentation_feedback#103.presented(0, 50898, 69207664, 0, 0, 0, 0)
[03:22:04.454552]  -> wl_surface#122.attach(wl_buffer#114, 0, 0)
[03:22:04.454556]  -> wl_surface#122.damage_buffer(0, 0, 720, 1208)
[03:22:04.454558]  -> wl_surface#122.frame(new id wl_callback#103)
[03:22:04.454560] {Default Queue}  -> wp_presentation#20.feedback(wl_surface#122, new id wp_presentation_feedback#76)
[03:22:04.454562]  -> wl_surface#122.commit()
[03:22:04.454635] {Default Queue} wl_buffer#110.release()
[03:22:04.470779] {Display Queue} wl_display#1.delete_id(103)
[03:22:04.470784] {Display Queue} wl_display#1.delete_id(76)
[03:22:04.470785] {Default Queue} wl_callback#103.done(50898086)
[03:22:04.470796] {Default Queue} wp_presentation_feedback#76.sync_output(wl_output#111)
[03:22:04.470798] {Default Queue} wp_presentation_feedback#76.sync_output(wl_output#132)
[03:22:04.470798] {Default Queue} wp_presentation_feedback#76.presented(0, 50898, 86552673, 0, 0, 0, 0)
[03:22:04.471902]  -> wl_surface#122.attach(wl_buffer#110, 0, 0)
[03:22:04.471908]  -> wl_surface#122.damage_buffer(0, 0, 720, 1208)
[03:22:04.471910]  -> wl_surface#122.frame(new id wl_callback#76)
[03:22:04.471912] {Default Queue}  -> wp_presentation#20.feedback(wl_surface#122, new id wp_presentation_feedback#103)
[03:22:04.471915]  -> wl_surface#122.commit()
[03:22:04.471967] {Default Queue} wl_buffer#114.release()
[03:22:04.488343] {Display Queue} wl_display#1.delete_id(76)
[03:22:04.488350] {Display Queue} wl_display#1.delete_id(103)
[03:22:04.488351] {Default Queue} wl_callback#76.done(50898104)
[03:22:04.488363] {Default Queue} wp_presentation_feedback#103.sync_output(wl_output#111)
[03:22:04.488364] {Default Queue} wp_presentation_feedback#103.sync_output(wl_output#132)
[03:22:04.488365] {Default Queue} wp_presentation_feedback#103.presented(0, 50898, 104108005, 0, 0, 0, 0)
[03:22:04.489386]  -> wl_surface#122.attach(wl_buffer#114, 0, 0)
[03:22:04.489390]  -> wl_surface#122.damage_buffer(0, 0, 720, 1208)
[03:22:04.489392]  -> wl_surface#122.frame(new id wl_callback#103)
[03:22:04.489394] {Default Queue}  -> wp_presentation#20.feedback(wl_surface#122, new id wp_presentation_feedback#76)
[03:22:04.489396]  -> wl_surface#122.commit()
[03:22:04.489461] {Default Queue} wl_buffer#110.release()
[03:22:04.506569] {Display Queue} wl_display#1.delete_id(103)
[03:22:04.506577] {Display Queue} wl_display#1.delete_id(76)
[03:22:04.506578] {Default Queue} wl_callback#103.done(50898122)
[03:22:04.506592] {Default Queue} wp_presentation_feedback#76.sync_output(wl_output#111)
[03:22:04.506593] {Default Queue} wp_presentation_feedback#76.sync_output(wl_output#132)
[03:22:04.506594] {Default Queue} wp_presentation_feedback#76.presented(0, 50898, 122331512, 0, 0, 0, 0)
[03:22:04.507752]  -> wl_surface#122.attach(wl_buffer#110, 0, 0)
[03:22:04.507756]  -> wl_surface#122.damage_buffer(0, 0, 720, 1208)
[03:22:04.507757]  -> wl_surface#122.frame(new id wl_callback#76)
[03:22:04.507759] {Default Queue}  -> wp_presentation#20.feedback(wl_surface#122, new id wp_presentation_feedback#103)
[03:22:04.507761]  -> wl_surface#122.commit()
[03:22:04.507817] {Default Queue} wl_buffer#114.release()
[03:22:04.523724] {Display Queue} wl_display#1.delete_id(76)
[03:22:04.523732] {Display Queue} wl_display#1.delete_id(103)
[03:22:04.523733] {Default Queue} wl_callback#76.done(50898139)
[03:22:04.523747] {Default Queue} wp_presentation_feedback#103.sync_output(wl_output#111)
[03:22:04.523748] {Default Queue} wp_presentation_feedback#103.sync_output(wl_output#132)
[03:22:04.523749] {Default Queue} wp_presentation_feedback#103.presented(0, 50898, 139485860, 0, 0, 0, 0)
[03:22:04.524875]  -> wl_surface#122.attach(wl_buffer#114, 0, 0)
[03:22:04.524879]  -> wl_surface#122.damage_buffer(0, 0, 720, 1208)
[03:22:04.524881]  -> wl_surface#122.frame(new id wl_callback#103)
[03:22:04.524884] {Default Queue}  -> wp_presentation#20.feedback(wl_surface#122, new id wp_presentation_feedback#76)
[03:22:04.524885]  -> wl_surface#122.commit()
[03:22:04.524941] {Default Queue} wl_buffer#110.release()
[03:22:04.541186] {Display Queue} wl_display#1.delete_id(103)
[03:22:04.541193] {Display Queue} wl_display#1.delete_id(76)
[03:22:04.541194] {Default Queue} wl_callback#103.done(50898156)
[03:22:04.541207] {Default Queue} wp_presentation_feedback#76.sync_output(wl_output#111)
[03:22:04.541208] {Default Queue} wp_presentation_feedback#76.sync_output(wl_output#132)
[03:22:04.541209] {Default Queue} wp_presentation_feedback#76.presented(0, 50898, 156949151, 0, 0, 0, 0)
[03:22:04.542466]  -> wl_surface#122.attach(wl_buffer#110, 0, 0)
[03:22:04.542471]  -> wl_surface#122.damage_buffer(0, 0, 720, 1208)
[03:22:04.542473]  -> wl_surface#122.frame(new id wl_callback#76)
[03:22:04.542476] {Default Queue}  -> wp_presentation#20.feedback(wl_surface#122, new id wp_presentation_feedback#103)
[03:22:04.542478]  -> wl_surface#122.commit()
[03:22:04.542544] {Default Queue} wl_buffer#114.release()
[03:22:04.558584] {Display Queue} wl_display#1.delete_id(76)
[03:22:04.558589] {Display Queue} wl_display#1.delete_id(103)
[03:22:04.558591] {Default Queue} wl_callback#76.done(50898174)
[03:22:04.558601] {Default Queue} wp_presentation_feedback#103.sync_output(wl_output#111)
[03:22:04.558603] {Default Queue} wp_presentation_feedback#103.sync_output(wl_output#132)
[03:22:04.558603] {Default Queue} wp_presentation_feedback#103.presented(0, 50898, 174358161, 0, 0, 0, 0)
[03:22:04.559590]  -> wl_surface#122.attach(wl_buffer#114, 0, 0)
[03:22:04.559596]  -> wl_surface#122.damage_buffer(0, 0, 720, 1208)
[03:22:04.559598]  -> wl_surface#122.frame(new id wl_callback#103)
[03:22:04.559600] {Default Queue}  -> wp_presentation#20.feedback(wl_surface#122, new id wp_presentation_feedback#76)
[03:22:04.559602]  -> wl_surface#122.commit()
[03:22:04.559683] {Default Queue} wl_buffer#110.release()
[03:22:04.575965] {Display Queue} wl_display#1.delete_id(103)
[03:22:04.575969] {Display Queue} wl_display#1.delete_id(76)
[03:22:04.575971] {Default Queue} wl_callback#103.done(50898191)
[03:22:04.575976] {Default Queue} wp_presentation_feedback#76.sync_output(wl_output#111)
[03:22:04.575977] {Default Queue} wp_presentation_feedback#76.sync_output(wl_output#132)
[03:22:04.575978] {Default Queue} wp_presentation_feedback#76.presented(0, 50898, 191715960, 0, 0, 0, 0)
[03:22:04.576741]  -> wl_surface#122.attach(wl_buffer#110, 0, 0)
[03:22:04.576745]  -> wl_surface#122.damage_buffer(0, 0, 720, 1208)
[03:22:04.576746]  -> wl_surface#122.frame(new id wl_callback#76)
[03:22:04.576748] {Default Queue}  -> wp_presentation#20.feedback(wl_surface#122, new id wp_presentation_feedback#103)
[03:22:04.576749]  -> wl_surface#122.commit()
[03:22:04.576784] {Default Queue} wl_buffer#114.release()
[03:22:04.593436] {Display Queue} wl_display#1.delete_id(76)
[03:22:04.593441] {Display Queue} wl_display#1.delete_id(103)
[03:22:04.593442] {Default Queue} wl_callback#76.done(50898209)
[03:22:04.593446] {Default Queue} wp_presentation_feedback#103.sync_output(wl_output#111)
[03:22:04.593447] {Default Queue} wp_presentation_feedback#103.sync_output(wl_output#132)
[03:22:04.593448] {Default Queue} wp_presentation_feedback#103.presented(0, 50898, 209218781, 0, 0, 0, 0)
[03:22:04.594621]  -> wl_surface#122.attach(wl_buffer#114, 0, 0)
[03:22:04.594628]  -> wl_surface#122.damage_buffer(0, 0, 720, 1208)
[03:22:04.594631]  -> wl_surface#122.frame(new id wl_callback#103)
[03:22:04.594634] {Default Queue}  -> wp_presentation#20.feedback(wl_surface#122, new id wp_presentation_feedback#76)
[03:22:04.594636]  -> wl_surface#122.commit()
[03:22:04.594716] {Default Queue} wl_buffer#110.release()
[03:22:04.611636] {Display Queue} wl_display#1.delete_id(103)
[03:22:04.611643] {Display Queue} wl_display#1.delete_id(76)
[03:22:04.611644] {Default Queue} wl_callback#103.done(50898227)
[03:22:04.611654] {Default Queue} wp_presentation_feedback#76.sync_output(wl_output#111)
[03:22:04.611655] {Default Queue} wp_presentation_feedback#76.sync_output(wl_output#132)
[03:22:04.611656] {Default Queue} wp_presentation_feedback#76.presented(0, 50898, 227401668, 0, 0, 0, 0)
[03:22:04.612916]  -> wl_surface#122.attach(wl_buffer#110, 0, 0)
[03:22:04.612921]  -> wl_surface#122.damage_buffer(0, 0, 720, 1208)
[03:22:04.612923]  -> wl_surface#122.frame(new id wl_callback#76)
[03:22:04.612925] {Default Queue}  -> wp_presentation#20.feedback(wl_surface#122, new id wp_presentation_feedback#103)
[03:22:04.612927]  -> wl_surface#122.commit()
[03:22:04.613010] {Default Queue} wl_buffer#114.release()
[03:22:04.628450] {Display Queue} wl_display#1.delete_id(76)
[03:22:04.628457] {Display Queue} wl_display#1.delete_id(103)
[03:22:04.628458] {Default Queue} wl_callback#76.done(50898244)
[03:22:04.628469] {Default Queue} wp_presentation_feedback#103.sync_output(wl_output#111)
[03:22:04.628470] {Default Queue} wp_presentation_feedback#103.sync_output(wl_output#132)
[03:22:04.628471] {Default Queue} wp_presentation_feedback#103.presented(0, 50898, 244213273, 0, 0, 0, 0)
[03:22:04.629482]  -> wl_surface#122.attach(wl_buffer#114, 0, 0)
[03:22:04.629488]  -> wl_surface#122.damage_buffer(0, 0, 720, 1208)
[03:22:04.629490]  -> wl_surface#122.frame(new id wl_callback#103)
[03:22:04.629493] {Default Queue}  -> wp_presentation#20.feedback(wl_surface#122, new id wp_presentation_feedback#76)
[03:22:04.629495]  -> wl_surface#122.commit()
[03:22:04.629566] {Default Queue} wl_buffer#110.release()
[03:22:04.645907] {Display Queue} wl_display#1.delete_id(103)
[03:22:04.645915] {Display Queue} wl_display#1.delete_id(76)
[03:22:04.645917] {Default Queue} wl_callback#103.done(50898261)
[03:22:04.645928] {Default Queue} wp_presentation_feedback#76.sync_output(wl_output#111)
[03:22:04.645929] {Default Queue} wp_presentation_feedback#76.sync_output(wl_output#132)
[03:22:04.645930] {Default Queue} wp_presentation_feedback#76.presented(0, 50898, 261673883, 0, 0, 0, 0)
[03:22:04.646962]  -> wl_surface#122.attach(wl_buffer#110, 0, 0)
[03:22:04.646965]  -> wl_surface#122.damage_buffer(0, 0, 720, 1208)
[03:22:04.646967]  -> wl_surface#122.frame(new id wl_callback#76)
[03:22:04.646969] {Default Queue}  -> wp_presentation#20.feedback(wl_surface#122, new id wp_presentation_feedback#103)
[03:22:04.646971]  -> wl_surface#122.commit()
[03:22:04.647031] {Default Queue} wl_buffer#114.release()
[03:22:04.663347] {Display Queue} wl_display#1.delete_id(76)
[03:22:04.663353] {Display Queue} wl_display#1.delete_id(103)
[03:22:04.663354] {Default Queue} wl_callback#76.done(50898279)
[03:22:04.663365] {Default Queue} wp_presentation_feedback#103.sync_output(wl_output#111)
[03:22:04.663366] {Default Queue} wp_presentation_feedback#103.sync_output(wl_output#132)
[03:22:04.663367] {Default Queue} wp_presentation_feedback#103.presented(0, 50898, 279108984, 0, 0, 0, 0)
[03:22:04.664413]  -> wl_surface#122.attach(wl_buffer#114, 0, 0)
[03:22:04.664417]  -> wl_surface#122.damage_buffer(0, 0, 720, 1208)
[03:22:04.664418]  -> wl_surface#122.frame(new id wl_callback#103)
[03:22:04.664421] {Default Queue}  -> wp_presentation#20.feedback(wl_surface#122, new id wp_presentation_feedback#76)
[03:22:04.664423]  -> wl_surface#122.commit()
[03:22:04.664482] {Default Queue} wl_buffer#110.release()
[03:22:04.680809] {Display Queue} wl_display#1.delete_id(103)
[03:22:04.680815] {Display Queue} wl_display#1.delete_id(76)
[03:22:04.680817] {Default Queue} wl_callback#103.done(50898296)
[03:22:04.680828] {Default Queue} wp_presentation_feedback#76.sync_output(wl_output#111)
[03:22:04.680830] {Default Queue} wp_presentation_feedback#76.sync_output(wl_output#132)
[03:22:04.680831] {Default Queue} wp_presentation_feedback#76.presented(0, 50898, 296578624, 0, 0, 0, 0)
[03:22:04.681819]  -> wl_surface#122.attach(wl_buffer#110, 0, 0)
[03:22:04.681824]  -> wl_surface#122.damage_buffer(0, 0, 720, 1208)
[03:22:04.681826]  -> wl_surface#122.frame(new id wl_callback#76)
[03:22:04.681828] {Default Queue}  -> wp_presentation#20.feedback(wl_surface#122, new id wp_presentation_feedback#103)
[03:22:04.681830]  -> wl_surface#122.commit()
[03:22:04.681893] {Default Queue} wl_buffer#114.release()
[03:22:04.698678] {Display Queue} wl_display#1.delete_id(76)
[03:22:04.698684] {Display Queue} wl_display#1.delete_id(103)
[03:22:04.698685] {Default Queue} wl_callback#76.done(50898314)
[03:22:04.698696] {Default Queue} wp_presentation_feedback#103.sync_output(wl_output#111)
[03:22:04.698697] {Default Queue} wp_presentation_feedback#103.sync_output(wl_output#132)
[03:22:04.698698] {Default Queue} wp_presentation_feedback#103.presented(0, 50898, 314448998, 0, 0, 0, 0)
[03:22:04.717909] {Default Queue}  -> zwlr_layer_surface_v1#130.destroy()
[03:22:04.717916]  -> wl_surface#122.attach(nil, 0, 0)
[03:22:04.717918]  -> wl_surface#122.commit()
[03:22:04.717950] {Default Queue}  -> wl_buffer#114.destroy()
[03:22:04.717952] {Default Queue}  -> wl_shm_pool#106.destroy()
[03:22:04.718340] {Default Queue}  -> wp_viewport#123.destroy()
[03:22:04.718345] {Default Queue}  -> wp_fractional_scale_v1#75.destroy()
[03:22:04.718347]  -> wl_surface#122.destroy()
[03:22:04.718359] {Default Queue}  -> xdg_toplevel_icon_v1#105.destroy()
info: event=popup-closed
[03:22:04.721460] {Display Queue} wl_display#1.delete_id(130)
[03:22:04.721467] {Display Queue} wl_display#1.delete_id(114)
[03:22:04.721469] {Display Queue} wl_display#1.delete_id(106)
[03:22:04.721469] {Display Queue} wl_display#1.delete_id(123)
[03:22:04.721470] {Display Queue} wl_display#1.delete_id(75)
[03:22:04.721471] {Display Queue} wl_display#1.delete_id(122)
[03:22:04.721471] {Display Queue} wl_display#1.delete_id(105)
[03:22:04.721472] {Default Queue} zwlr_layer_surface_v1#126.configure(244, 480, 48)
[03:22:04.721486] {Default Queue}  -> zwlr_layer_surface_v1#126.ack_configure(244)
[03:22:04.721488] {Default Queue} zwlr_layer_surface_v1#31.configure(245, 480, 853)
[03:22:04.721490] {Default Queue}  -> zwlr_layer_surface_v1#31.ack_configure(245)
[03:22:04.721491] {Default Queue} wl_buffer#110.release()
[03:22:04.721494] {Default Queue}  -> wl_buffer#110.destroy()
[03:22:04.721496] {Default Queue}  -> wl_shm_pool#91.destroy()
[03:22:04.721664]  -> wl_surface#127.commit()
[03:22:04.721679]  -> wl_surface#71.commit()
[03:22:04.722144]  -> wl_surface#63.attach(wl_buffer#86, 0, 0)
[03:22:04.722148]  -> wl_surface#63.damage_buffer(0, 0, 1280, 64)
[03:22:04.722149]  -> wl_surface#63.frame(new id wl_callback#105)
[03:22:04.722152] {Default Queue}  -> wp_presentation#20.feedback(wl_surface#63, new id wp_presentation_feedback#122)
[03:22:04.722154]  -> wl_surface#63.commit()
[03:22:04.722194] {Display Queue} wl_display#1.delete_id(110)
[03:22:04.722196] {Display Queue} wl_display#1.delete_id(91)
[03:22:04.722197] {Default Queue} wl_buffer#102.release()
[03:22:04.737430] {Display Queue} wl_display#1.delete_id(105)
[03:22:04.737437] {Display Queue} wl_display#1.delete_id(122)
[03:22:04.737439] {Default Queue} wl_callback#105.done(50898353)
[03:22:04.737446] {Default Queue} wp_presentation_feedback#122.sync_output(wl_output#55)
[03:22:04.737448] {Default Queue} wp_presentation_feedback#122.sync_output(wl_output#28)
[03:22:04.737449] {Default Queue} wp_presentation_feedback#122.presented(0, 50898, 353196055, 0, 0, 0, 0)
