[18:58:13.912861] {Default Queue}  -> wl_display#1.get_registry(new id wl_registry#2)
[18:58:13.912867] {Default Queue}  -> wl_display#1.sync(new id wl_callback#3)
[18:58:13.912919] {Display Queue} wl_display#1.delete_id(3)
[18:58:13.912921] {Default Queue} wl_registry#2.global(1, "wl_compositor", 6)
[18:58:13.912924] {Default Queue}  -> wl_registry#2.bind(1, "wl_compositor", 6, new id [unknown]#4)
[18:58:13.912925] {Default Queue} wl_registry#2.global(2, "wl_fixes", 1)
[18:58:13.912928] {Default Queue} wl_registry#2.global(3, "wp_security_context_manager_v1", 1)
[18:58:13.912929] {Default Queue} wl_registry#2.global(4, "wl_shm", 2)
[18:58:13.912930] {Default Queue}  -> wl_registry#2.bind(4, "wl_shm", 1, new id [unknown]#5)
[18:58:13.912931] {Default Queue} wl_registry#2.global(5, "wp_single_pixel_buffer_manager_v1", 1)
[18:58:13.912932] {Default Queue}  -> wl_registry#2.bind(5, "wp_single_pixel_buffer_manager_v1", 1, new id [unknown]#6)
[18:58:13.912933] {Default Queue} wl_registry#2.global(6, "wp_alpha_modifier_v1", 1)
[18:58:13.912934] {Default Queue} wl_registry#2.global(7, "wp_color_representation_manager_v1", 1)
[18:58:13.912934] {Default Queue}  -> wl_registry#2.bind(7, "wp_color_representation_manager_v1", 1, new id [unknown]#7)
[18:58:13.912938] {Default Queue} wl_registry#2.global(8, "wp_content_type_manager_v1", 1)
[18:58:13.912939] {Default Queue} wl_registry#2.global(9, "wp_fifo_manager_v1", 1)
[18:58:13.912940] {Default Queue} wl_registry#2.global(10, "wp_commit_timing_manager_v1", 1)
[18:58:13.912941] {Default Queue} wl_registry#2.global(11, "xdg_wm_dialog_v1", 1)
[18:58:13.912941] {Default Queue}  -> wl_registry#2.bind(11, "xdg_wm_dialog_v1", 1, new id [unknown]#8)
[18:58:13.912942] {Default Queue} wl_registry#2.global(12, "xdg_toplevel_drag_manager_v1", 1)
[18:58:13.912943] {Default Queue} wl_registry#2.global(13, "xdg_toplevel_icon_manager_v1", 1)
[18:58:13.912944] {Default Queue}  -> wl_registry#2.bind(13, "xdg_toplevel_icon_manager_v1", 1, new id [unknown]#9)
[18:58:13.912945] {Default Queue} wl_registry#2.global(14, "xdg_toplevel_tag_manager_v1", 1)
[18:58:13.912945] {Default Queue} wl_registry#2.global(15, "wp_viewporter", 1)
[18:58:13.912946] {Default Queue}  -> wl_registry#2.bind(15, "wp_viewporter", 1, new id [unknown]#10)
[18:58:13.912947] {Default Queue} wl_registry#2.global(16, "wp_fractional_scale_manager_v1", 1)
[18:58:13.912948] {Default Queue}  -> wl_registry#2.bind(16, "wp_fractional_scale_manager_v1", 1, new id [unknown]#11)
[18:58:13.912949] {Default Queue} wl_registry#2.global(17, "wl_subcompositor", 1)
[18:58:13.912949] {Default Queue}  -> wl_registry#2.bind(17, "wl_subcompositor", 1, new id [unknown]#12)
[18:58:13.912951] {Default Queue} wl_registry#2.global(18, "wp_cursor_shape_manager_v1", 2)
[18:58:13.912951] {Default Queue}  -> wl_registry#2.bind(18, "wp_cursor_shape_manager_v1", 1, new id [unknown]#13)
[18:58:13.912952] {Default Queue} wl_registry#2.global(19, "xdg_wm_base", 7)
[18:58:13.912953] {Default Queue} wl_registry#2.global(20, "zxdg_decoration_manager_v1", 1)
[18:58:13.912954] {Default Queue} wl_registry#2.global(21, "org_kde_kwin_server_decoration_manager", 1)
[18:58:13.912954] {Default Queue}  -> wl_registry#2.bind(21, "org_kde_kwin_server_decoration_manager", 1, new id [unknown]#14)
[18:58:13.912955] {Default Queue} wl_registry#2.global(22, "xdg_activation_v1", 1)
[18:58:13.912956] {Default Queue}  -> wl_registry#2.bind(22, "xdg_activation_v1", 1, new id [unknown]#15)
[18:58:13.912957] {Default Queue} wl_registry#2.global(23, "zxdg_exporter_v2", 1)
[18:58:13.912957] {Default Queue}  -> wl_registry#2.bind(23, "zxdg_exporter_v2", 1, new id [unknown]#16)
[18:58:13.912958] {Default Queue} wl_registry#2.global(24, "zxdg_importer_v2", 1)
[18:58:13.912959] {Default Queue}  -> wl_registry#2.bind(24, "zxdg_importer_v2", 1, new id [unknown]#17)
[18:58:13.912960] {Default Queue} wl_registry#2.global(25, "wl_data_device_manager", 3)
[18:58:13.912961] {Default Queue}  -> wl_registry#2.bind(25, "wl_data_device_manager", 3, new id [unknown]#18)
[18:58:13.912961] {Default Queue} wl_registry#2.global(26, "zwp_primary_selection_device_manager_v1", 1)
[18:58:13.912962] {Default Queue}  -> wl_registry#2.bind(26, "zwp_primary_selection_device_manager_v1", 1, new id [unknown]#19)
[18:58:13.912963] {Default Queue} wl_registry#2.global(27, "ext_data_control_manager_v1", 1)
[18:58:13.912963] {Default Queue} wl_registry#2.global(28, "zwlr_data_control_manager_v1", 2)
[18:58:13.912964] {Default Queue} wl_registry#2.global(29, "zwlr_export_dmabuf_manager_v1", 1)
[18:58:13.912965] {Default Queue} wl_registry#2.global(30, "zwlr_screencopy_manager_v1", 3)
[18:58:13.912966] {Default Queue} wl_registry#2.global(31, "ext_image_copy_capture_manager_v1", 1)
[18:58:13.912967] {Default Queue} wl_registry#2.global(32, "aqueous_capture_color_manager_v1", 1)
[18:58:13.912968] {Default Queue} wl_registry#2.global(33, "ext_output_image_capture_source_manager_v1", 1)
[18:58:13.912968] {Default Queue} wl_registry#2.global(34, "zwlr_foreign_toplevel_manager_v1", 3)
[18:58:13.912969] {Default Queue} wl_registry#2.global(35, "ext_foreign_toplevel_list_v1", 1)
[18:58:13.912971] {Default Queue} wl_registry#2.global(36, "ext_foreign_toplevel_image_capture_source_manager_v1", 1)
[18:58:13.912971] {Default Queue} wl_registry#2.global(37, "wp_tearing_control_manager_v1", 1)
[18:58:13.912972] {Default Queue} wl_registry#2.global(38, "aqueous_window_manager_v1", 10)
[18:58:13.912973] {Default Queue} wl_registry#2.global(39, "ext_workspace_manager_v1", 1)
[18:58:13.912974] {Default Queue} wl_registry#2.global(40, "aqueous_window_info_manager_v1", 8)
[18:58:13.912974] {Default Queue} wl_registry#2.global(41, "aqueous_xkb_bindings_v1", 3)
[18:58:13.912975] {Default Queue} wl_registry#2.global(42, "aqueous_layer_shell_v1", 1)
[18:58:13.912976] {Default Queue} wl_registry#2.global(43, "zwlr_layer_shell_v1", 4)
[18:58:13.912977] {Default Queue} wl_registry#2.global(44, "zwlr_gamma_control_manager_v1", 1)
[18:58:13.912977] {Default Queue} wl_registry#2.global(45, "wp_presentation", 2)
[18:58:13.912978] {Default Queue}  -> wl_registry#2.bind(45, "wp_presentation", 1, new id [unknown]#20)
[18:58:13.912979] {Default Queue} wl_registry#2.global(46, "zxdg_output_manager_v1", 3)
[18:58:13.912980] {Default Queue}  -> wl_registry#2.bind(46, "zxdg_output_manager_v1", 3, new id [unknown]#21)
[18:58:13.912981] {Default Queue}  -> wl_display#1.sync(new id wl_callback#22)
[18:58:13.912982] {Default Queue} wl_registry#2.global(47, "zwlr_output_manager_v1", 4)
[18:58:13.912982] {Default Queue} wl_registry#2.global(48, "zwlr_output_power_manager_v1", 1)
[18:58:13.912983] {Default Queue} wl_registry#2.global(49, "aqueous_input_manager_v1", 2)
[18:58:13.912984] {Default Queue} wl_registry#2.global(50, "ext_idle_notifier_v1", 2)
[18:58:13.912985] {Default Queue} wl_registry#2.global(51, "zwp_relative_pointer_manager_v1", 1)
[18:58:13.912985] {Default Queue} wl_registry#2.global(52, "zwp_pointer_gestures_v1", 3)
[18:58:13.912986] {Default Queue}  -> wl_registry#2.bind(52, "zwp_pointer_gestures_v1", 3, new id [unknown]#23)
[18:58:13.912987] {Default Queue} wl_registry#2.global(53, "zwlr_virtual_pointer_manager_v1", 2)
[18:58:13.912988] {Default Queue} wl_registry#2.global(54, "zwp_virtual_keyboard_manager_v1", 1)
[18:58:13.912989] {Default Queue} wl_registry#2.global(55, "zwp_pointer_constraints_v1", 1)
[18:58:13.912989] {Default Queue} wl_registry#2.global(56, "zwp_input_method_manager_v2", 1)
[18:58:13.912990] {Default Queue} wl_registry#2.global(57, "zwp_text_input_manager_v3", 1)
[18:58:13.912991] {Default Queue} wl_registry#2.global(58, "zwp_tablet_manager_v2", 1)
[18:58:13.912991] {Default Queue}  -> wl_registry#2.bind(58, "zwp_tablet_manager_v2", 1, new id [unknown]#24)
[18:58:13.912992] {Default Queue} wl_registry#2.global(59, "wp_pointer_warp_v1", 1)
[18:58:13.912993] {Default Queue} wl_registry#2.global(60, "wl_seat", 9)
[18:58:13.912994] {Default Queue} wl_registry#2.global(61, "aqueous_libinput_config_v1", 2)
[18:58:13.912996] {Default Queue} wl_registry#2.global(62, "aqueous_xkb_config_v1", 2)
[18:58:13.912997] {Default Queue} wl_registry#2.global(63, "zwp_idle_inhibit_manager_v1", 1)
[18:58:13.912998] {Default Queue}  -> wl_registry#2.bind(63, "zwp_idle_inhibit_manager_v1", 1, new id [unknown]#25)
[18:58:13.912998] {Default Queue} wl_registry#2.global(64, "ext_session_lock_manager_v1", 1)
[18:58:13.912999] {Default Queue} wl_registry#2.global(65, "aqueous_shell_manager_v1", 2)
[18:58:13.913000] {Default Queue} wl_registry#2.global(66, "zwp_keyboard_shortcuts_inhibit_manager_v1", 1)
[18:58:13.913001] {Default Queue}  -> wl_registry#2.bind(66, "zwp_keyboard_shortcuts_inhibit_manager_v1", 1, new id [unknown]#26)
[18:58:13.913001] {Default Queue} wl_registry#2.global(67, "xdg_system_bell_v1", 1)
[18:58:13.913002] {Default Queue}  -> wl_registry#2.bind(67, "xdg_system_bell_v1", 1, new id [unknown]#27)
[18:58:13.913003] {Default Queue} wl_registry#2.global(68, "wl_output", 4)
[18:58:13.913004] {Default Queue}  -> wl_registry#2.bind(68, "wl_output", 4, new id [unknown]#28)
[18:58:13.913023] {Default Queue}  -> zxdg_output_manager_v1#21.get_xdg_output(new id zxdg_output_v1#29, wl_output#28)
[18:58:13.913027] {Default Queue}  -> wl_display#1.sync(new id wl_callback#30)
[18:58:13.913028] {Default Queue} wl_registry#2.global(69, "wl_output", 4)
[18:58:13.913029] {Default Queue}  -> wl_registry#2.bind(69, "wl_output", 4, new id [unknown]#31)
[18:58:13.913030] {Default Queue}  -> zxdg_output_manager_v1#21.get_xdg_output(new id zxdg_output_v1#32, wl_output#31)
[18:58:13.913031] {Default Queue}  -> wl_display#1.sync(new id wl_callback#33)
[18:58:13.913032] {Default Queue} wl_callback#3.done(1)
[18:58:13.913033] {Default Queue}  -> wl_registry#2.bind(60, "wl_seat", 9, new id [unknown]#3)
[18:58:13.914088] {Default Queue}  -> zwp_primary_selection_device_manager_v1#19.get_device(new id zwp_primary_selection_device_v1#34, wl_seat#3)
[18:58:13.914091] {Default Queue}  -> wl_data_device_manager#18.get_data_device(new id wl_data_device#35, wl_seat#3)
[18:58:13.914116] {Default Queue}  -> wl_compositor#4.create_surface(new id wl_surface#36)
[18:58:13.914118] {Default Queue}  -> wp_viewporter#10.get_viewport(new id wp_viewport#37, wl_surface#36)
[18:58:13.914119] {Default Queue}  -> wp_fractional_scale_manager_v1#11.get_fractional_scale(new id wp_fractional_scale_v1#38, wl_surface#36)
[18:58:13.914120] {Default Queue}  -> zwp_tablet_manager_v2#24.get_tablet_seat(new id zwp_tablet_seat_v2#39, wl_seat#3)
[18:58:13.914123] {Default Queue}  -> wl_display#1.sync(new id wl_callback#40)
[18:58:13.914197] {Display Queue} wl_display#1.delete_id(22)
[18:58:13.914198] {Display Queue} wl_display#1.delete_id(30)
[18:58:13.914199] {Display Queue} wl_display#1.delete_id(33)
[18:58:13.914199] {Display Queue} wl_display#1.delete_id(40)
[18:58:13.914200] {Default Queue} wl_shm#5.format(0)
[18:58:13.914200] {Default Queue} wl_shm#5.format(875709016)
[18:58:13.914201] {Default Queue} wl_shm#5.format(1)
[18:58:13.914201] {Default Queue} wl_shm#5.format(875708993)
[18:58:13.914202] {Default Queue} wl_shm#5.format(875708754)
[18:58:13.914202] {Default Queue} wl_shm#5.format(875714642)
[18:58:13.914203] {Default Queue} wl_shm#5.format(875708738)
[18:58:13.914203] {Default Queue} wl_shm#5.format(875714626)
[18:58:13.914204] {Default Queue} wl_shm#5.format(909199186)
[18:58:13.914204] {Default Queue} wl_shm#5.format(909199170)
[18:58:13.914205] {Default Queue} wl_shm#5.format(808669761)
[18:58:13.914206] {Default Queue} wl_shm#5.format(808669784)
[18:58:13.914207] {Default Queue} wl_shm#5.format(808665665)
[18:58:13.914208] {Default Queue} wl_shm#5.format(808665688)
[18:58:13.914209] {Default Queue} wl_shm#5.format(942948929)
[18:58:13.914209] {Default Queue} wp_color_representation_manager_v1#7.supported_alpha_mode(0)
[18:58:13.914210] {Default Queue} wp_color_representation_manager_v1#7.supported_coefficients_and_ranges(1, 1)
[18:58:13.914211] {Default Queue} wp_color_representation_manager_v1#7.done()
[18:58:13.914212] {Default Queue} discarded xdg_toplevel_icon_manager_v1#9.icon_size(32)
[18:58:13.914213] {Default Queue} discarded xdg_toplevel_icon_manager_v1#9.icon_size(64)
[18:58:13.914213] {Default Queue} discarded xdg_toplevel_icon_manager_v1#9.icon_size(128)
[18:58:13.914214] {Default Queue} discarded xdg_toplevel_icon_manager_v1#9.done()
[18:58:13.914214] {Default Queue} org_kde_kwin_server_decoration_manager#14.default_mode(1)
[18:58:13.914215] {Default Queue} discarded wp_presentation#20.clock_id(1)
[18:58:13.914215] {Default Queue} wl_callback#22.done(1)
[18:58:13.914219] {Default Queue} wl_output#28.geometry(0, 0, 0, 0, 0, "Unknown", "Unknown", 0)
[18:58:13.914222] {Default Queue} wl_output#28.mode(1, 1280, 720, 0)
[18:58:13.914223] {Default Queue} wl_output#28.scale(1)
[18:58:13.914224] {Default Queue} wl_output#28.name("HEADLESS-2")
[18:58:13.914225] {Default Queue} wl_output#28.description("Headless output 2")
[18:58:13.914225] {Default Queue} wl_output#28.done()
[18:58:13.914226] {Default Queue} zxdg_output_v1#29.name("HEADLESS-2")
[18:58:13.914227] {Default Queue} zxdg_output_v1#29.description("Headless output 2")
[18:58:13.914228] {Default Queue} zxdg_output_v1#29.logical_position(0, 0)
[18:58:13.914228] {Default Queue} zxdg_output_v1#29.logical_size(1280, 720)
[18:58:13.914229] {Default Queue} wl_output#28.done()
[18:58:13.914230] {Default Queue} wl_callback#30.done(1)
[18:58:13.914231] {Default Queue} wl_output#31.geometry(0, 0, 0, 0, 0, "Unknown", "Unknown", 0)
[18:58:13.914232] {Default Queue} wl_output#31.mode(1, 1280, 720, 0)
[18:58:13.914233] {Default Queue} wl_output#31.scale(1)
[18:58:13.914233] {Default Queue} wl_output#31.name("HEADLESS-1")
[18:58:13.914234] {Default Queue} wl_output#31.description("Headless output 1")
[18:58:13.914235] {Default Queue} wl_output#31.done()
[18:58:13.914235] {Default Queue} zxdg_output_v1#32.name("HEADLESS-1")
[18:58:13.914236] {Default Queue} zxdg_output_v1#32.description("Headless output 1")
[18:58:13.914236] {Default Queue} zxdg_output_v1#32.logical_position(1280, 0)
[18:58:13.914237] {Default Queue} zxdg_output_v1#32.logical_size(1280, 720)
[18:58:13.914237] {Default Queue} wl_output#31.done()
[18:58:13.914238] {Default Queue} wl_callback#33.done(1)
[18:58:13.914239] {Default Queue} wl_seat#3.name("default")
[18:58:13.914239] {Default Queue} wl_seat#3.capabilities(1)
[18:58:13.914240] {Default Queue}  -> wl_seat#3.get_pointer(new id wl_pointer#33)
[18:58:13.914242] {Default Queue}  -> zwp_pointer_gestures_v1#23.get_swipe_gesture(new id zwp_pointer_gesture_swipe_v1#30, wl_pointer#33)
[18:58:13.914244] {Default Queue}  -> zwp_pointer_gestures_v1#23.get_pinch_gesture(new id zwp_pointer_gesture_pinch_v1#22, wl_pointer#33)
[18:58:13.914245] {Default Queue}  -> zwp_pointer_gestures_v1#23.get_hold_gesture(new id zwp_pointer_gesture_hold_v1#41, wl_pointer#33)
[18:58:13.914246] {Default Queue}  -> wp_cursor_shape_manager_v1#13.get_pointer(new id wp_cursor_shape_device_v1#42, wl_pointer#33)
[18:58:13.914247] {Default Queue} wl_callback#40.done(1)
[18:58:13.914248] {Default Queue}  -> wl_registry#2.bind(19, "xdg_wm_base", 7, new id [unknown]#40)
[18:58:13.922822] {Default Queue}  -> wl_display#1.get_registry(new id wl_registry#43)
[18:58:13.922827] {Default Queue}  -> wl_display#1.sync(new id wl_callback#44)
[18:58:13.922891] {Display Queue} wl_display#1.delete_id(44)
[18:58:13.922893] {Default Queue} wl_registry#43.global(1, "wl_compositor", 6)
[18:58:13.922894] {Default Queue} wl_registry#43.global(2, "wl_fixes", 1)
[18:58:13.922895] {Default Queue} wl_registry#43.global(3, "wp_security_context_manager_v1", 1)
[18:58:13.922896] {Default Queue} wl_registry#43.global(4, "wl_shm", 2)
[18:58:13.922897] {Default Queue} wl_registry#43.global(5, "wp_single_pixel_buffer_manager_v1", 1)
[18:58:13.922898] {Default Queue} wl_registry#43.global(6, "wp_alpha_modifier_v1", 1)
[18:58:13.922898] {Default Queue} wl_registry#43.global(7, "wp_color_representation_manager_v1", 1)
[18:58:13.922899] {Default Queue} wl_registry#43.global(8, "wp_content_type_manager_v1", 1)
[18:58:13.922900] {Default Queue} wl_registry#43.global(9, "wp_fifo_manager_v1", 1)
[18:58:13.922900] {Default Queue} wl_registry#43.global(10, "wp_commit_timing_manager_v1", 1)
[18:58:13.922901] {Default Queue} wl_registry#43.global(11, "xdg_wm_dialog_v1", 1)
[18:58:13.922902] {Default Queue} wl_registry#43.global(12, "xdg_toplevel_drag_manager_v1", 1)
[18:58:13.922902] {Default Queue} wl_registry#43.global(13, "xdg_toplevel_icon_manager_v1", 1)
[18:58:13.922903] {Default Queue} wl_registry#43.global(14, "xdg_toplevel_tag_manager_v1", 1)
[18:58:13.922903] {Default Queue} wl_registry#43.global(15, "wp_viewporter", 1)
[18:58:13.922904] {Default Queue} wl_registry#43.global(16, "wp_fractional_scale_manager_v1", 1)
[18:58:13.922906] {Default Queue} wl_registry#43.global(17, "wl_subcompositor", 1)
[18:58:13.922907] {Default Queue} wl_registry#43.global(18, "wp_cursor_shape_manager_v1", 2)
[18:58:13.922908] {Default Queue} wl_registry#43.global(19, "xdg_wm_base", 7)
[18:58:13.922908] {Default Queue} wl_registry#43.global(20, "zxdg_decoration_manager_v1", 1)
[18:58:13.922909] {Default Queue} wl_registry#43.global(21, "org_kde_kwin_server_decoration_manager", 1)
[18:58:13.922909] {Default Queue} wl_registry#43.global(22, "xdg_activation_v1", 1)
[18:58:13.922910] {Default Queue} wl_registry#43.global(23, "zxdg_exporter_v2", 1)
[18:58:13.922911] {Default Queue} wl_registry#43.global(24, "zxdg_importer_v2", 1)
[18:58:13.922911] {Default Queue} wl_registry#43.global(25, "wl_data_device_manager", 3)
[18:58:13.922912] {Default Queue} wl_registry#43.global(26, "zwp_primary_selection_device_manager_v1", 1)
[18:58:13.922912] {Default Queue} wl_registry#43.global(27, "ext_data_control_manager_v1", 1)
[18:58:13.922913] {Default Queue} wl_registry#43.global(28, "zwlr_data_control_manager_v1", 2)
[18:58:13.922914] {Default Queue} wl_registry#43.global(29, "zwlr_export_dmabuf_manager_v1", 1)
[18:58:13.922914] {Default Queue} wl_registry#43.global(30, "zwlr_screencopy_manager_v1", 3)
[18:58:13.922915] {Default Queue} wl_registry#43.global(31, "ext_image_copy_capture_manager_v1", 1)
[18:58:13.922915] {Default Queue} wl_registry#43.global(32, "aqueous_capture_color_manager_v1", 1)
[18:58:13.922916] {Default Queue} wl_registry#43.global(33, "ext_output_image_capture_source_manager_v1", 1)
[18:58:13.922917] {Default Queue} wl_registry#43.global(34, "zwlr_foreign_toplevel_manager_v1", 3)
[18:58:13.922917] {Default Queue} wl_registry#43.global(35, "ext_foreign_toplevel_list_v1", 1)
[18:58:13.922918] {Default Queue} wl_registry#43.global(36, "ext_foreign_toplevel_image_capture_source_manager_v1", 1)
[18:58:13.922918] {Default Queue} wl_registry#43.global(37, "wp_tearing_control_manager_v1", 1)
[18:58:13.922919] {Default Queue} wl_registry#43.global(38, "aqueous_window_manager_v1", 10)
[18:58:13.922920] {Default Queue} wl_registry#43.global(39, "ext_workspace_manager_v1", 1)
[18:58:13.922920] {Default Queue} wl_registry#43.global(40, "aqueous_window_info_manager_v1", 8)
[18:58:13.922921] {Default Queue} wl_registry#43.global(41, "aqueous_xkb_bindings_v1", 3)
[18:58:13.922922] {Default Queue} wl_registry#43.global(42, "aqueous_layer_shell_v1", 1)
[18:58:13.922922] {Default Queue} wl_registry#43.global(43, "zwlr_layer_shell_v1", 4)
[18:58:13.922923] {Default Queue}  -> wl_registry#43.bind(43, "zwlr_layer_shell_v1", 4, new id [unknown]#45)
[18:58:13.922924] {Default Queue} wl_registry#43.global(44, "zwlr_gamma_control_manager_v1", 1)
[18:58:13.922925] {Default Queue} wl_registry#43.global(45, "wp_presentation", 2)
[18:58:13.922926] {Default Queue} wl_registry#43.global(46, "zxdg_output_manager_v1", 3)
[18:58:13.922926] {Default Queue} wl_registry#43.global(47, "zwlr_output_manager_v1", 4)
[18:58:13.922927] {Default Queue} wl_registry#43.global(48, "zwlr_output_power_manager_v1", 1)
[18:58:13.922927] {Default Queue} wl_registry#43.global(49, "aqueous_input_manager_v1", 2)
[18:58:13.922928] {Default Queue} wl_registry#43.global(50, "ext_idle_notifier_v1", 2)
[18:58:13.922929] {Default Queue} wl_registry#43.global(51, "zwp_relative_pointer_manager_v1", 1)
[18:58:13.922929] {Default Queue} wl_registry#43.global(52, "zwp_pointer_gestures_v1", 3)
[18:58:13.922930] {Default Queue} wl_registry#43.global(53, "zwlr_virtual_pointer_manager_v1", 2)
[18:58:13.922930] {Default Queue} wl_registry#43.global(54, "zwp_virtual_keyboard_manager_v1", 1)
[18:58:13.922931] {Default Queue} wl_registry#43.global(55, "zwp_pointer_constraints_v1", 1)
[18:58:13.922932] {Default Queue} wl_registry#43.global(56, "zwp_input_method_manager_v2", 1)
[18:58:13.922932] {Default Queue} wl_registry#43.global(57, "zwp_text_input_manager_v3", 1)
[18:58:13.922933] {Default Queue} wl_registry#43.global(58, "zwp_tablet_manager_v2", 1)
[18:58:13.922933] {Default Queue} wl_registry#43.global(59, "wp_pointer_warp_v1", 1)
[18:58:13.922934] {Default Queue} wl_registry#43.global(60, "wl_seat", 9)
[18:58:13.922935] {Default Queue} wl_registry#43.global(61, "aqueous_libinput_config_v1", 2)
[18:58:13.922935] {Default Queue} wl_registry#43.global(62, "aqueous_xkb_config_v1", 2)
[18:58:13.922936] {Default Queue} wl_registry#43.global(63, "zwp_idle_inhibit_manager_v1", 1)
[18:58:13.922936] {Default Queue} wl_registry#43.global(64, "ext_session_lock_manager_v1", 1)
[18:58:13.922937] {Default Queue} wl_registry#43.global(65, "aqueous_shell_manager_v1", 2)
[18:58:13.922938] {Default Queue} wl_registry#43.global(66, "zwp_keyboard_shortcuts_inhibit_manager_v1", 1)
[18:58:13.922938] {Default Queue} wl_registry#43.global(67, "xdg_system_bell_v1", 1)
[18:58:13.922939] {Default Queue} wl_registry#43.global(68, "wl_output", 4)
[18:58:13.922940] {Default Queue} wl_registry#43.global(69, "wl_output", 4)
[18:58:13.922940] {Default Queue} wl_callback#44.done(1)
[18:58:13.922942] {Default Queue}  -> wl_display#1.get_registry(new id wl_registry#44)
[18:58:13.922945] {Default Queue}  -> wl_display#1.get_registry(new id wl_registry#46)
info(pearl): event=aqueous-availability state=connecting
info(pearl): event=ready mode=session
[18:58:13.924033] {Default Queue} wl_registry#44.global(1, "wl_compositor", 6)
[18:58:13.924038] {Default Queue}  -> wl_registry#44.bind(1, "wl_compositor", 6, new id [unknown]#47)
[18:58:13.924042] {Default Queue} wl_registry#44.global(2, "wl_fixes", 1)
[18:58:13.924043] {Default Queue} wl_registry#44.global(3, "wp_security_context_manager_v1", 1)
[18:58:13.924044] {Default Queue} wl_registry#44.global(4, "wl_shm", 2)
[18:58:13.924044] {Default Queue} wl_registry#44.global(5, "wp_single_pixel_buffer_manager_v1", 1)
[18:58:13.924045] {Default Queue} wl_registry#44.global(6, "wp_alpha_modifier_v1", 1)
[18:58:13.924046] {Default Queue} wl_registry#44.global(7, "wp_color_representation_manager_v1", 1)
[18:58:13.924047] {Default Queue} wl_registry#44.global(8, "wp_content_type_manager_v1", 1)
[18:58:13.924047] {Default Queue} wl_registry#44.global(9, "wp_fifo_manager_v1", 1)
[18:58:13.924048] {Default Queue} wl_registry#44.global(10, "wp_commit_timing_manager_v1", 1)
[18:58:13.924048] {Default Queue} wl_registry#44.global(11, "xdg_wm_dialog_v1", 1)
[18:58:13.924049] {Default Queue} wl_registry#44.global(12, "xdg_toplevel_drag_manager_v1", 1)
[18:58:13.924050] {Default Queue} wl_registry#44.global(13, "xdg_toplevel_icon_manager_v1", 1)
[18:58:13.924050] {Default Queue} wl_registry#44.global(14, "xdg_toplevel_tag_manager_v1", 1)
[18:58:13.924051] {Default Queue} wl_registry#44.global(15, "wp_viewporter", 1)
[18:58:13.924051] {Default Queue} wl_registry#44.global(16, "wp_fractional_scale_manager_v1", 1)
[18:58:13.924052] {Default Queue} wl_registry#44.global(17, "wl_subcompositor", 1)
[18:58:13.924052] {Default Queue} wl_registry#44.global(18, "wp_cursor_shape_manager_v1", 2)
[18:58:13.924053] {Default Queue} wl_registry#44.global(19, "xdg_wm_base", 7)
[18:58:13.924054] {Default Queue} wl_registry#44.global(20, "zxdg_decoration_manager_v1", 1)
[18:58:13.924054] {Default Queue} wl_registry#44.global(21, "org_kde_kwin_server_decoration_manager", 1)
[18:58:13.924055] {Default Queue} wl_registry#44.global(22, "xdg_activation_v1", 1)
[18:58:13.924055] {Default Queue} wl_registry#44.global(23, "zxdg_exporter_v2", 1)
[18:58:13.924056] {Default Queue} wl_registry#44.global(24, "zxdg_importer_v2", 1)
[18:58:13.924056] {Default Queue} wl_registry#44.global(25, "wl_data_device_manager", 3)
[18:58:13.924057] {Default Queue} wl_registry#44.global(26, "zwp_primary_selection_device_manager_v1", 1)
[18:58:13.924057] {Default Queue} wl_registry#44.global(27, "ext_data_control_manager_v1", 1)
[18:58:13.924058] {Default Queue} wl_registry#44.global(28, "zwlr_data_control_manager_v1", 2)
[18:58:13.924058] {Default Queue} wl_registry#44.global(29, "zwlr_export_dmabuf_manager_v1", 1)
[18:58:13.924059] {Default Queue} wl_registry#44.global(30, "zwlr_screencopy_manager_v1", 3)
[18:58:13.924060] {Default Queue} wl_registry#44.global(31, "ext_image_copy_capture_manager_v1", 1)
[18:58:13.924060] {Default Queue} wl_registry#44.global(32, "aqueous_capture_color_manager_v1", 1)
[18:58:13.924061] {Default Queue} wl_registry#44.global(33, "ext_output_image_capture_source_manager_v1", 1)
[18:58:13.924062] {Default Queue} wl_registry#44.global(34, "zwlr_foreign_toplevel_manager_v1", 3)
[18:58:13.924062] {Default Queue} wl_registry#44.global(35, "ext_foreign_toplevel_list_v1", 1)
[18:58:13.924063] {Default Queue} wl_registry#44.global(36, "ext_foreign_toplevel_image_capture_source_manager_v1", 1)
[18:58:13.924063] {Default Queue} wl_registry#44.global(37, "wp_tearing_control_manager_v1", 1)
[18:58:13.924064] {Default Queue} wl_registry#44.global(38, "aqueous_window_manager_v1", 10)
[18:58:13.924065] {Default Queue} wl_registry#44.global(39, "ext_workspace_manager_v1", 1)
[18:58:13.924065] {Default Queue} wl_registry#44.global(40, "aqueous_window_info_manager_v1", 8)
[18:58:13.924066] {Default Queue} wl_registry#44.global(41, "aqueous_xkb_bindings_v1", 3)
[18:58:13.924066] {Default Queue} wl_registry#44.global(42, "aqueous_layer_shell_v1", 1)
[18:58:13.924067] {Default Queue} wl_registry#44.global(43, "zwlr_layer_shell_v1", 4)
[18:58:13.924067] {Default Queue} wl_registry#44.global(44, "zwlr_gamma_control_manager_v1", 1)
[18:58:13.924068] {Default Queue} wl_registry#44.global(45, "wp_presentation", 2)
[18:58:13.924069] {Default Queue} wl_registry#44.global(46, "zxdg_output_manager_v1", 3)
[18:58:13.924069] {Default Queue} wl_registry#44.global(47, "zwlr_output_manager_v1", 4)
[18:58:13.924070] {Default Queue} wl_registry#44.global(48, "zwlr_output_power_manager_v1", 1)
[18:58:13.924070] {Default Queue} wl_registry#44.global(49, "aqueous_input_manager_v1", 2)
[18:58:13.924071] {Default Queue} wl_registry#44.global(50, "ext_idle_notifier_v1", 2)
[18:58:13.924071] {Default Queue} wl_registry#44.global(51, "zwp_relative_pointer_manager_v1", 1)
[18:58:13.924072] {Default Queue} wl_registry#44.global(52, "zwp_pointer_gestures_v1", 3)
[18:58:13.924073] {Default Queue} wl_registry#44.global(53, "zwlr_virtual_pointer_manager_v1", 2)
[18:58:13.924073] {Default Queue} wl_registry#44.global(54, "zwp_virtual_keyboard_manager_v1", 1)
[18:58:13.924074] {Default Queue} wl_registry#44.global(55, "zwp_pointer_constraints_v1", 1)
[18:58:13.924074] {Default Queue} wl_registry#44.global(56, "zwp_input_method_manager_v2", 1)
[18:58:13.924075] {Default Queue} wl_registry#44.global(57, "zwp_text_input_manager_v3", 1)
[18:58:13.924075] {Default Queue} wl_registry#44.global(58, "zwp_tablet_manager_v2", 1)
[18:58:13.924076] {Default Queue} wl_registry#44.global(59, "wp_pointer_warp_v1", 1)
[18:58:13.924077] {Default Queue} wl_registry#44.global(60, "wl_seat", 9)
[18:58:13.924077] {Default Queue} wl_registry#44.global(61, "aqueous_libinput_config_v1", 2)
[18:58:13.924078] {Default Queue} wl_registry#44.global(62, "aqueous_xkb_config_v1", 2)
[18:58:13.924078] {Default Queue} wl_registry#44.global(63, "zwp_idle_inhibit_manager_v1", 1)
[18:58:13.924079] {Default Queue} wl_registry#44.global(64, "ext_session_lock_manager_v1", 1)
[18:58:13.924079] {Default Queue} wl_registry#44.global(65, "aqueous_shell_manager_v1", 2)
[18:58:13.924080] {Default Queue}  -> wl_registry#44.bind(65, "aqueous_shell_manager_v1", 2, new id [unknown]#48)
[18:58:13.924082] {Default Queue} wl_registry#44.global(66, "zwp_keyboard_shortcuts_inhibit_manager_v1", 1)
[18:58:13.924082] {Default Queue} wl_registry#44.global(67, "xdg_system_bell_v1", 1)
[18:58:13.924083] {Default Queue} wl_registry#44.global(68, "wl_output", 4)
[18:58:13.924083] {Default Queue} wl_registry#44.global(69, "wl_output", 4)
[18:58:13.924084] {Default Queue} wl_registry#46.global(1, "wl_compositor", 6)
[18:58:13.924085] {Default Queue} wl_registry#46.global(2, "wl_fixes", 1)
[18:58:13.924085] {Default Queue} wl_registry#46.global(3, "wp_security_context_manager_v1", 1)
[18:58:13.924086] {Default Queue} wl_registry#46.global(4, "wl_shm", 2)
[18:58:13.924086] {Default Queue} wl_registry#46.global(5, "wp_single_pixel_buffer_manager_v1", 1)
[18:58:13.924087] {Default Queue} wl_registry#46.global(6, "wp_alpha_modifier_v1", 1)
[18:58:13.924087] {Default Queue} wl_registry#46.global(7, "wp_color_representation_manager_v1", 1)
[18:58:13.924088] {Default Queue} wl_registry#46.global(8, "wp_content_type_manager_v1", 1)
[18:58:13.924088] {Default Queue} wl_registry#46.global(9, "wp_fifo_manager_v1", 1)
[18:58:13.924089] {Default Queue} wl_registry#46.global(10, "wp_commit_timing_manager_v1", 1)
[18:58:13.924090] {Default Queue} wl_registry#46.global(11, "xdg_wm_dialog_v1", 1)
[18:58:13.924090] {Default Queue} wl_registry#46.global(12, "xdg_toplevel_drag_manager_v1", 1)
[18:58:13.924091] {Default Queue} wl_registry#46.global(13, "xdg_toplevel_icon_manager_v1", 1)
[18:58:13.924091] {Default Queue} wl_registry#46.global(14, "xdg_toplevel_tag_manager_v1", 1)
[18:58:13.924092] {Default Queue} wl_registry#46.global(15, "wp_viewporter", 1)
[18:58:13.924092] {Default Queue} wl_registry#46.global(16, "wp_fractional_scale_manager_v1", 1)
[18:58:13.924093] {Default Queue} wl_registry#46.global(17, "wl_subcompositor", 1)
[18:58:13.924093] {Default Queue} wl_registry#46.global(18, "wp_cursor_shape_manager_v1", 2)
[18:58:13.924094] {Default Queue} wl_registry#46.global(19, "xdg_wm_base", 7)
[18:58:13.924094] {Default Queue} wl_registry#46.global(20, "zxdg_decoration_manager_v1", 1)
[18:58:13.924095] {Default Queue} wl_registry#46.global(21, "org_kde_kwin_server_decoration_manager", 1)
[18:58:13.924095] {Default Queue} wl_registry#46.global(22, "xdg_activation_v1", 1)
[18:58:13.924096] {Default Queue} wl_registry#46.global(23, "zxdg_exporter_v2", 1)
[18:58:13.924096] {Default Queue} wl_registry#46.global(24, "zxdg_importer_v2", 1)
[18:58:13.924097] {Default Queue} wl_registry#46.global(25, "wl_data_device_manager", 3)
[18:58:13.924097] {Default Queue} wl_registry#46.global(26, "zwp_primary_selection_device_manager_v1", 1)
[18:58:13.924098] {Default Queue} wl_registry#46.global(27, "ext_data_control_manager_v1", 1)
[18:58:13.924099] {Default Queue} wl_registry#46.global(28, "zwlr_data_control_manager_v1", 2)
[18:58:13.924099] {Default Queue} wl_registry#46.global(29, "zwlr_export_dmabuf_manager_v1", 1)
[18:58:13.924100] {Default Queue} wl_registry#46.global(30, "zwlr_screencopy_manager_v1", 3)
[18:58:13.924100] {Default Queue} wl_registry#46.global(31, "ext_image_copy_capture_manager_v1", 1)
[18:58:13.924101] {Default Queue} wl_registry#46.global(32, "aqueous_capture_color_manager_v1", 1)
[18:58:13.924101] {Default Queue} wl_registry#46.global(33, "ext_output_image_capture_source_manager_v1", 1)
[18:58:13.924102] {Default Queue} wl_registry#46.global(34, "zwlr_foreign_toplevel_manager_v1", 3)
[18:58:13.924102] {Default Queue} wl_registry#46.global(35, "ext_foreign_toplevel_list_v1", 1)
[18:58:13.924103] {Default Queue} wl_registry#46.global(36, "ext_foreign_toplevel_image_capture_source_manager_v1", 1)
[18:58:13.924103] {Default Queue} wl_registry#46.global(37, "wp_tearing_control_manager_v1", 1)
[18:58:13.924104] {Default Queue} wl_registry#46.global(38, "aqueous_window_manager_v1", 10)
[18:58:13.924104] {Default Queue} wl_registry#46.global(39, "ext_workspace_manager_v1", 1)
[18:58:13.924105] {Default Queue} wl_registry#46.global(40, "aqueous_window_info_manager_v1", 8)
[18:58:13.924105] {Default Queue} wl_registry#46.global(41, "aqueous_xkb_bindings_v1", 3)
[18:58:13.924106] {Default Queue} wl_registry#46.global(42, "aqueous_layer_shell_v1", 1)
[18:58:13.924107] {Default Queue} wl_registry#46.global(43, "zwlr_layer_shell_v1", 4)
[18:58:13.924107] {Default Queue} wl_registry#46.global(44, "zwlr_gamma_control_manager_v1", 1)
[18:58:13.924108] {Default Queue} wl_registry#46.global(45, "wp_presentation", 2)
[18:58:13.924108] {Default Queue} wl_registry#46.global(46, "zxdg_output_manager_v1", 3)
[18:58:13.924109] {Default Queue} wl_registry#46.global(47, "zwlr_output_manager_v1", 4)
[18:58:13.924109] {Default Queue} wl_registry#46.global(48, "zwlr_output_power_manager_v1", 1)
[18:58:13.924110] {Default Queue} wl_registry#46.global(49, "aqueous_input_manager_v1", 2)
[18:58:13.924111] {Default Queue} wl_registry#46.global(50, "ext_idle_notifier_v1", 2)
[18:58:13.924111] {Default Queue} wl_registry#46.global(51, "zwp_relative_pointer_manager_v1", 1)
[18:58:13.924112] {Default Queue} wl_registry#46.global(52, "zwp_pointer_gestures_v1", 3)
[18:58:13.924112] {Default Queue} wl_registry#46.global(53, "zwlr_virtual_pointer_manager_v1", 2)
[18:58:13.924113] {Default Queue} wl_registry#46.global(54, "zwp_virtual_keyboard_manager_v1", 1)
[18:58:13.924113] {Default Queue} wl_registry#46.global(55, "zwp_pointer_constraints_v1", 1)
[18:58:13.924114] {Default Queue} wl_registry#46.global(56, "zwp_input_method_manager_v2", 1)
[18:58:13.924114] {Default Queue} wl_registry#46.global(57, "zwp_text_input_manager_v3", 1)
[18:58:13.924115] {Default Queue} wl_registry#46.global(58, "zwp_tablet_manager_v2", 1)
[18:58:13.924115] {Default Queue} wl_registry#46.global(59, "wp_pointer_warp_v1", 1)
[18:58:13.924116] {Default Queue} wl_registry#46.global(60, "wl_seat", 9)
[18:58:13.924117] {Default Queue} wl_registry#46.global(61, "aqueous_libinput_config_v1", 2)
[18:58:13.924117] {Default Queue} wl_registry#46.global(62, "aqueous_xkb_config_v1", 2)
[18:58:13.924118] {Default Queue} wl_registry#46.global(63, "zwp_idle_inhibit_manager_v1", 1)
[18:58:13.924118] {Default Queue} wl_registry#46.global(64, "ext_session_lock_manager_v1", 1)
[18:58:13.924119] {Default Queue} wl_registry#46.global(65, "aqueous_shell_manager_v1", 2)
[18:58:13.924119] {Default Queue} wl_registry#46.global(66, "zwp_keyboard_shortcuts_inhibit_manager_v1", 1)
[18:58:13.924120] {Default Queue} wl_registry#46.global(67, "xdg_system_bell_v1", 1)
[18:58:13.924120] {Default Queue} wl_registry#46.global(68, "wl_output", 4)
[18:58:13.924121] {Default Queue} wl_registry#46.global(69, "wl_output", 4)
[18:58:13.924375] {Default Queue} aqueous_shell_manager_v1#48.capabilities("{"schema":1,"session":"8c94b60dfc1608122f62c7938f699cb3","max_batch_bytes":4194304,"state":true,"commands":true,"keyboard":true,"overview":true,"config_reload":true,"shortcut_inhibition":true,"icon_metadata":true,"geometry":"committed-content-global-logical"}")
[18:58:13.924392] {Default Queue}  -> aqueous_shell_manager_v1#48.destroy()
info(pearl): event=aqueous-availability state=subscribing
info(pearl): event=aqueous-availability state=ready
[18:58:13.925113] {Default Queue}  -> wl_compositor#4.create_surface(new id wl_surface#49)
[18:58:13.925127] {Default Queue}  -> wp_fractional_scale_manager_v1#11.get_fractional_scale(new id wp_fractional_scale_v1#50, wl_surface#49)
[18:58:13.925129] {Default Queue}  -> wp_viewporter#10.get_viewport(new id wp_viewport#51, wl_surface#49)
[18:58:13.925185] {Default Queue}  -> xdg_toplevel_icon_manager_v1#9.create_icon(new id xdg_toplevel_icon_v1#52)
[18:58:13.925208] {Default Queue}  -> zwlr_layer_shell_v1#45.get_layer_surface(new id zwlr_layer_surface_v1#53, wl_surface#49, wl_output#28, 0, "pearl:wallpaper")
[18:58:13.925212] {Default Queue}  -> zwlr_layer_surface_v1#53.set_keyboard_interactivity(0)
[18:58:13.925214] {Default Queue}  -> zwlr_layer_surface_v1#53.set_exclusive_zone(-1)
[18:58:13.925215] {Default Queue}  -> zwlr_layer_surface_v1#53.set_anchor(15)
[18:58:13.925221] {Default Queue}  -> zwlr_layer_surface_v1#53.set_margin(0, 0, 0, 0)
[18:58:13.925222] {Default Queue}  -> zwlr_layer_surface_v1#53.set_size(0, 0)
[18:58:13.925227]  -> wl_surface#49.commit()
[18:58:13.925255] {Default Queue}  -> xdg_activation_v1#15.get_activation_token(new id xdg_activation_token_v1#54)
[18:58:13.925257]  -> xdg_activation_token_v1#54.set_serial(0, wl_seat#3)
[18:58:13.925259]  -> xdg_activation_token_v1#54.commit()
[18:58:13.925434] {Display Queue} wl_display#1.delete_id(48)
[18:58:13.925436] xdg_activation_token_v1#54.done("7069c32cdb0991d8ea34c5f0b2da4af8")
[18:58:13.925438]  -> xdg_activation_token_v1#54.destroy()
[18:58:13.925439] {Default Queue}  -> xdg_activation_v1#15.activate("7069c32cdb0991d8ea34c5f0b2da4af8", wl_surface#49)
[18:58:13.928927] {Default Queue}  -> wl_compositor#4.create_surface(new id wl_surface#48)
[18:58:13.928931] {Default Queue}  -> wp_fractional_scale_manager_v1#11.get_fractional_scale(new id wp_fractional_scale_v1#55, wl_surface#48)
[18:58:13.928933] {Default Queue}  -> wp_viewporter#10.get_viewport(new id wp_viewport#56, wl_surface#48)
[18:58:13.928952] {Default Queue}  -> xdg_toplevel_icon_manager_v1#9.create_icon(new id xdg_toplevel_icon_v1#57)
[18:58:13.928963] {Default Queue}  -> zwlr_layer_shell_v1#45.get_layer_surface(new id zwlr_layer_surface_v1#58, wl_surface#48, wl_output#28, 2, "pearl:bar")
[18:58:13.928965] {Default Queue}  -> zwlr_layer_surface_v1#58.set_keyboard_interactivity(0)
[18:58:13.928967] {Default Queue}  -> zwlr_layer_surface_v1#58.set_exclusive_zone(48)
[18:58:13.928968] {Default Queue}  -> zwlr_layer_surface_v1#58.set_anchor(13)
[18:58:13.928968] {Default Queue}  -> zwlr_layer_surface_v1#58.set_margin(0, 0, 0, 0)
[18:58:13.928970] {Default Queue}  -> zwlr_layer_surface_v1#58.set_size(0, 200)
[18:58:13.928974]  -> wl_surface#48.commit()
[18:58:13.929041] {Default Queue}  -> xdg_activation_v1#15.get_activation_token(new id xdg_activation_token_v1#59)
[18:58:13.929043]  -> xdg_activation_token_v1#59.set_serial(0, wl_seat#3)
[18:58:13.929044]  -> xdg_activation_token_v1#59.commit()
[18:58:13.929170] {Display Queue} wl_display#1.delete_id(54)
[18:58:13.929172] xdg_activation_token_v1#59.done("59f546fd5f56898ff86de0e6dc05886d")
[18:58:13.929173]  -> xdg_activation_token_v1#59.destroy()
[18:58:13.929174] {Default Queue}  -> xdg_activation_v1#15.activate("59f546fd5f56898ff86de0e6dc05886d", wl_surface#48)
info: event=output-mapped id=1 connector=HEADLESS-2 scale=1
[18:58:13.929266] {Default Queue}  -> wl_compositor#4.create_surface(new id wl_surface#54)
[18:58:13.929268] {Default Queue}  -> wp_fractional_scale_manager_v1#11.get_fractional_scale(new id wp_fractional_scale_v1#60, wl_surface#54)
[18:58:13.929269] {Default Queue}  -> wp_viewporter#10.get_viewport(new id wp_viewport#61, wl_surface#54)
[18:58:13.929282] {Default Queue}  -> xdg_toplevel_icon_manager_v1#9.create_icon(new id xdg_toplevel_icon_v1#62)
[18:58:13.929287] {Default Queue}  -> zwlr_layer_shell_v1#45.get_layer_surface(new id zwlr_layer_surface_v1#63, wl_surface#54, wl_output#31, 0, "pearl:wallpaper")
[18:58:13.929288] {Default Queue}  -> zwlr_layer_surface_v1#63.set_keyboard_interactivity(0)
[18:58:13.929289] {Default Queue}  -> zwlr_layer_surface_v1#63.set_exclusive_zone(-1)
[18:58:13.929289] {Default Queue}  -> zwlr_layer_surface_v1#63.set_anchor(15)
[18:58:13.929290] {Default Queue}  -> zwlr_layer_surface_v1#63.set_margin(0, 0, 0, 0)
[18:58:13.929291] {Default Queue}  -> zwlr_layer_surface_v1#63.set_size(0, 0)
[18:58:13.929293]  -> wl_surface#54.commit()
[18:58:13.929300] {Default Queue}  -> xdg_activation_v1#15.get_activation_token(new id xdg_activation_token_v1#64)
[18:58:13.929301]  -> xdg_activation_token_v1#64.set_serial(0, wl_seat#3)
[18:58:13.929302]  -> xdg_activation_token_v1#64.commit()
[18:58:13.929344] {Display Queue} wl_display#1.delete_id(59)
[18:58:13.929346] xdg_activation_token_v1#64.done("e0e11224734554d76e9a3bea12180a6f")
[18:58:13.929346]  -> xdg_activation_token_v1#64.destroy()
[18:58:13.929347] {Default Queue}  -> xdg_activation_v1#15.activate("e0e11224734554d76e9a3bea12180a6f", wl_surface#54)
[18:58:13.929868] {Default Queue}  -> wl_compositor#4.create_surface(new id wl_surface#59)
[18:58:13.929870] {Default Queue}  -> wp_fractional_scale_manager_v1#11.get_fractional_scale(new id wp_fractional_scale_v1#65, wl_surface#59)
[18:58:13.929871] {Default Queue}  -> wp_viewporter#10.get_viewport(new id wp_viewport#66, wl_surface#59)
[18:58:13.929882] {Default Queue}  -> xdg_toplevel_icon_manager_v1#9.create_icon(new id xdg_toplevel_icon_v1#67)
[18:58:13.929887] {Default Queue}  -> zwlr_layer_shell_v1#45.get_layer_surface(new id zwlr_layer_surface_v1#68, wl_surface#59, wl_output#31, 2, "pearl:bar")
[18:58:13.929888] {Default Queue}  -> zwlr_layer_surface_v1#68.set_keyboard_interactivity(0)
[18:58:13.929889] {Default Queue}  -> zwlr_layer_surface_v1#68.set_exclusive_zone(48)
[18:58:13.929890] {Default Queue}  -> zwlr_layer_surface_v1#68.set_anchor(13)
[18:58:13.929890] {Default Queue}  -> zwlr_layer_surface_v1#68.set_margin(0, 0, 0, 0)
[18:58:13.929892] {Default Queue}  -> zwlr_layer_surface_v1#68.set_size(0, 200)
[18:58:13.929894]  -> wl_surface#59.commit()
[18:58:13.929936] {Default Queue}  -> xdg_activation_v1#15.get_activation_token(new id xdg_activation_token_v1#69)
[18:58:13.929938]  -> xdg_activation_token_v1#69.set_serial(0, wl_seat#3)
[18:58:13.929938]  -> xdg_activation_token_v1#69.commit()
[18:58:13.929974] {Display Queue} wl_display#1.delete_id(64)
[18:58:13.929975] xdg_activation_token_v1#69.done("6c1a153e091e4d916e58004b285e6316")
[18:58:13.929976]  -> xdg_activation_token_v1#69.destroy()
[18:58:13.929976] {Default Queue}  -> xdg_activation_v1#15.activate("6c1a153e091e4d916e58004b285e6316", wl_surface#59)
info: event=output-mapped id=2 connector=HEADLESS-1 scale=1
info(pearl): event=control-ready session=8c94b60dfc1608122f62c7938f699cb3
[18:58:13.930056] {Default Queue} zwlr_layer_surface_v1#53.configure(2, 1280, 720)
[18:58:13.930068] {Default Queue}  -> zwlr_layer_surface_v1#53.ack_configure(2)
[18:58:13.930069] {Default Queue} zwlr_layer_surface_v1#58.configure(3, 1280, 200)
[18:58:13.933493] {Default Queue}  -> zwlr_layer_surface_v1#58.ack_configure(3)
[18:58:13.933499] {Default Queue} zwlr_layer_surface_v1#53.configure(4, 1280, 720)
[18:58:13.933502] {Default Queue}  -> zwlr_layer_surface_v1#53.ack_configure(4)
[18:58:13.933503] {Default Queue} zwlr_layer_surface_v1#63.configure(5, 1280, 720)
[18:58:13.933506] {Default Queue}  -> zwlr_layer_surface_v1#63.ack_configure(5)
[18:58:13.933506] {Default Queue} zwlr_layer_surface_v1#68.configure(6, 1280, 200)
[18:58:13.933667] {Default Queue}  -> zwlr_layer_surface_v1#68.ack_configure(6)
[18:58:13.933668] {Default Queue} zwlr_layer_surface_v1#63.configure(7, 1280, 720)
[18:58:13.933669] {Default Queue}  -> zwlr_layer_surface_v1#63.ack_configure(7)
info: event=app-index-ready entries=158 truncated=false
[18:58:13.933968] {Default Queue}  -> wl_shm#5.create_pool(new id wl_shm_pool#64, fd 17, 3686400)
[18:58:13.933980] {Default Queue}  -> wl_shm_pool#64.create_buffer(new id wl_buffer#70, 0, 1280, 720, 5120, 0)
[18:58:13.936407] {Default Queue}  -> wl_compositor#4.create_region(new id wl_region#71)
[18:58:13.936410] {Default Queue}  -> wl_region#71.add(0, 0, 1280, 720)
[18:58:13.936411]  -> wl_surface#49.set_opaque_region(wl_region#71)
[18:58:13.936412] {Default Queue}  -> wl_region#71.destroy()
[18:58:13.936414] {Default Queue}  -> wp_viewport#51.set_destination(1280, 720)
[18:58:13.936415]  -> wl_surface#49.attach(wl_buffer#70, 0, 0)
[18:58:13.936416]  -> wl_surface#49.damage_buffer(0, 0, 1280, 720)
[18:58:13.936417]  -> wl_surface#49.frame(new id wl_callback#72)
[18:58:13.936420] {Default Queue}  -> wp_presentation#20.feedback(wl_surface#49, new id wp_presentation_feedback#73)
[18:58:13.936422]  -> wl_surface#49.commit()
[18:58:13.936987] {Default Queue}  -> wl_shm#5.create_pool(new id wl_shm_pool#74, fd 17, 245760)
[18:58:13.936992] {Default Queue}  -> wl_shm_pool#74.create_buffer(new id wl_buffer#75, 0, 1280, 48, 5120, 0)
[18:58:13.937481] {Default Queue}  -> zwlr_layer_surface_v1#58.set_size(0, 48)
[18:58:13.937484] {Default Queue}  -> wl_compositor#4.create_region(new id wl_region#76)
[18:58:13.937485] {Default Queue}  -> wl_region#76.add(18, 4, 1244, 40)
[18:58:13.937486]  -> wl_surface#48.set_opaque_region(wl_region#76)
[18:58:13.937487] {Default Queue}  -> wl_region#76.destroy()
[18:58:13.937488] {Default Queue}  -> wp_viewport#56.set_destination(1280, 48)
[18:58:13.937489]  -> wl_surface#48.attach(wl_buffer#75, 0, 0)
[18:58:13.937490]  -> wl_surface#48.damage_buffer(0, 0, 1280, 48)
[18:58:13.937491]  -> wl_surface#48.frame(new id wl_callback#77)
[18:58:13.937493] {Default Queue}  -> wp_presentation#20.feedback(wl_surface#48, new id wp_presentation_feedback#78)
[18:58:13.937494]  -> wl_surface#48.commit()
[18:58:13.937575] {Default Queue}  -> wl_shm#5.create_pool(new id wl_shm_pool#79, fd 17, 3686400)
[18:58:13.937577] {Default Queue}  -> wl_shm_pool#79.create_buffer(new id wl_buffer#80, 0, 1280, 720, 5120, 0)
[18:58:13.940117] {Default Queue}  -> wl_compositor#4.create_region(new id wl_region#81)
[18:58:13.940120] {Default Queue}  -> wl_region#81.add(0, 0, 1280, 720)
[18:58:13.940121]  -> wl_surface#54.set_opaque_region(wl_region#81)
[18:58:13.940122] {Default Queue}  -> wl_region#81.destroy()
[18:58:13.940122] {Default Queue}  -> wp_viewport#61.set_destination(1280, 720)
[18:58:13.940123]  -> wl_surface#54.attach(wl_buffer#80, 0, 0)
[18:58:13.940124]  -> wl_surface#54.damage_buffer(0, 0, 1280, 720)
[18:58:13.940125]  -> wl_surface#54.frame(new id wl_callback#82)
[18:58:13.940127] {Default Queue}  -> wp_presentation#20.feedback(wl_surface#54, new id wp_presentation_feedback#83)
[18:58:13.940128]  -> wl_surface#54.commit()
[18:58:13.940568] {Default Queue}  -> wl_shm#5.create_pool(new id wl_shm_pool#84, fd 17, 245760)
[18:58:13.940571] {Default Queue}  -> wl_shm_pool#84.create_buffer(new id wl_buffer#85, 0, 1280, 48, 5120, 0)
[18:58:13.940762] {Default Queue}  -> zwlr_layer_surface_v1#68.set_size(0, 48)
[18:58:13.940764] {Default Queue}  -> wl_compositor#4.create_region(new id wl_region#86)
[18:58:13.940765] {Default Queue}  -> wl_region#86.add(18, 4, 1244, 40)
[18:58:13.940766]  -> wl_surface#59.set_opaque_region(wl_region#86)
[18:58:13.940767] {Default Queue}  -> wl_region#86.destroy()
[18:58:13.940768] {Default Queue}  -> wp_viewport#66.set_destination(1280, 48)
[18:58:13.940769]  -> wl_surface#59.attach(wl_buffer#85, 0, 0)
[18:58:13.940769]  -> wl_surface#59.damage_buffer(0, 0, 1280, 48)
[18:58:13.940770]  -> wl_surface#59.frame(new id wl_callback#87)
[18:58:13.940771] {Default Queue}  -> wp_presentation#20.feedback(wl_surface#59, new id wp_presentation_feedback#88)
[18:58:13.940772]  -> wl_surface#59.commit()
[18:58:13.940806] {Display Queue} wl_display#1.delete_id(69)
[18:58:13.940809] {Display Queue} wl_display#1.delete_id(71)
[18:58:13.940809] {Display Queue} wl_display#1.delete_id(76)
[18:58:13.940810] {Display Queue} wl_display#1.delete_id(81)
[18:58:13.940810] {Default Queue} zwlr_layer_surface_v1#58.configure(8, 1280, 200)
[18:58:13.940814] {Default Queue}  -> zwlr_layer_surface_v1#58.ack_configure(8)
[18:58:13.940815] {Default Queue} zwlr_layer_surface_v1#53.configure(9, 1280, 720)
[18:58:13.940816] {Default Queue}  -> zwlr_layer_surface_v1#53.ack_configure(9)
[18:58:13.940817] {Default Queue} wp_fractional_scale_v1#50.preferred_scale(120)
[18:58:13.940818] {Default Queue} wl_pointer#33.enter(10, wl_surface#49, 100.00000000, 100.00000000)
[18:58:13.940822] {Default Queue} wl_pointer#33.frame()
[18:58:13.940833] {Default Queue}  -> wp_cursor_shape_device_v1#42.set_shape(10, 1)
[18:58:13.940834] {Default Queue} zwlr_layer_surface_v1#58.configure(11, 1280, 48)
[18:58:13.940835] {Default Queue}  -> zwlr_layer_surface_v1#58.ack_configure(11)
[18:58:13.940836] {Default Queue} zwlr_layer_surface_v1#53.configure(12, 1280, 720)
[18:58:13.940837] {Default Queue}  -> zwlr_layer_surface_v1#53.ack_configure(12)
[18:58:13.940837] {Default Queue} wp_fractional_scale_v1#55.preferred_scale(120)
[18:58:13.940838] {Default Queue} zwlr_layer_surface_v1#58.configure(13, 1280, 48)
[18:58:13.940839] {Default Queue}  -> zwlr_layer_surface_v1#58.ack_configure(13)
[18:58:13.940839] {Default Queue} zwlr_layer_surface_v1#53.configure(14, 1280, 720)
[18:58:13.940840] {Default Queue}  -> zwlr_layer_surface_v1#53.ack_configure(14)
[18:58:13.940841] {Default Queue} zwlr_layer_surface_v1#68.configure(15, 1280, 200)
[18:58:13.940841] {Default Queue}  -> zwlr_layer_surface_v1#68.ack_configure(15)
[18:58:13.940842] {Default Queue} zwlr_layer_surface_v1#63.configure(16, 1280, 720)
[18:58:13.940843] {Default Queue}  -> zwlr_layer_surface_v1#63.ack_configure(16)
[18:58:13.940843] {Default Queue} wp_fractional_scale_v1#60.preferred_scale(120)
[18:58:13.940844] wl_surface#54.enter(wl_output#31)
[18:58:13.940847] wl_surface#54.preferred_buffer_scale(1)
[18:58:13.940848] wl_surface#48.enter(wl_output#28)
[18:58:13.940869] wl_surface#48.preferred_buffer_scale(1)
[18:58:13.940869] wl_surface#49.enter(wl_output#28)
[18:58:13.940871] wl_surface#49.preferred_buffer_scale(1)
[18:58:13.941162] {Display Queue} wl_display#1.delete_id(86)
[18:58:13.941165] {Default Queue} zwlr_layer_surface_v1#68.configure(17, 1280, 48)
[18:58:13.941167] {Default Queue}  -> zwlr_layer_surface_v1#68.ack_configure(17)
[18:58:13.941168] {Default Queue} zwlr_layer_surface_v1#63.configure(18, 1280, 720)
[18:58:13.941169] {Default Queue}  -> zwlr_layer_surface_v1#63.ack_configure(18)
[18:58:13.941170] {Default Queue} wp_fractional_scale_v1#65.preferred_scale(120)
[18:58:13.941170] {Default Queue} zwlr_layer_surface_v1#68.configure(19, 1280, 48)
[18:58:13.941171] {Default Queue}  -> zwlr_layer_surface_v1#68.ack_configure(19)
[18:58:13.941172] {Default Queue} zwlr_layer_surface_v1#63.configure(20, 1280, 720)
[18:58:13.941172] {Default Queue}  -> zwlr_layer_surface_v1#63.ack_configure(20)
[18:58:13.941173] wl_surface#59.enter(wl_output#31)
[18:58:13.941188] wl_surface#59.preferred_buffer_scale(1)
[18:58:13.942048] {Display Queue} wl_display#1.delete_id(72)
[18:58:13.942053] {Display Queue} wl_display#1.delete_id(77)
[18:58:13.942054] {Display Queue} wl_display#1.delete_id(82)
[18:58:13.942054] {Display Queue} wl_display#1.delete_id(87)
[18:58:13.942055] {Display Queue} wl_display#1.delete_id(73)
[18:58:13.942055] {Display Queue} wl_display#1.delete_id(78)
[18:58:13.942056] {Display Queue} wl_display#1.delete_id(83)
[18:58:13.942056] {Display Queue} wl_display#1.delete_id(88)
[18:58:13.942057] {Default Queue} wl_callback#72.done(20667557)
[18:58:13.942061] {Default Queue} wl_callback#77.done(20667557)
[18:58:13.942063] {Default Queue} wl_callback#82.done(20667557)
[18:58:13.942064] {Default Queue} wl_callback#87.done(20667557)
[18:58:13.942065] {Default Queue} wp_presentation_feedback#73.sync_output(wl_output#28)
[18:58:13.942067] {Default Queue} wp_presentation_feedback#73.presented(0, 20667, 557825297, 0, 0, 0, 0)
[18:58:13.942069] {Default Queue} wp_presentation_feedback#78.sync_output(wl_output#28)
[18:58:13.942070] {Default Queue} wp_presentation_feedback#78.presented(0, 20667, 557825297, 0, 0, 0, 0)
[18:58:13.942071] {Default Queue} wp_presentation_feedback#83.sync_output(wl_output#31)
[18:58:13.942072] {Default Queue} wp_presentation_feedback#83.presented(0, 20667, 557830157, 0, 0, 0, 0)
[18:58:13.942073] {Default Queue} wp_presentation_feedback#88.sync_output(wl_output#31)
[18:58:13.942074] {Default Queue} wp_presentation_feedback#88.presented(0, 20667, 557830157, 0, 0, 0, 0)
[18:58:13.942117] {Default Queue}  -> wl_shm#5.create_pool(new id wl_shm_pool#88, fd 17, 3686400)
[18:58:13.942121] {Default Queue}  -> wl_shm_pool#88.create_buffer(new id wl_buffer#83, 0, 1280, 720, 5120, 0)
[18:58:13.944588] {Default Queue}  -> wl_compositor#4.create_region(new id wl_region#78)
[18:58:13.944590]  -> wl_surface#49.set_input_region(wl_region#78)
[18:58:13.944591] {Default Queue}  -> wl_region#78.destroy()
[18:58:13.944592]  -> wl_surface#49.attach(wl_buffer#83, 0, 0)
[18:58:13.944593]  -> wl_surface#49.damage_buffer(0, 0, 1280, 720)
[18:58:13.944594]  -> wl_surface#49.frame(new id wl_callback#73)
[18:58:13.944595] {Default Queue}  -> wp_presentation#20.feedback(wl_surface#49, new id wp_presentation_feedback#87)
[18:58:13.944597]  -> wl_surface#49.commit()
[18:58:13.944851] {Default Queue}  -> wl_shm#5.create_pool(new id wl_shm_pool#82, fd 17, 245760)
[18:58:13.944855] {Default Queue}  -> wl_shm_pool#82.create_buffer(new id wl_buffer#77, 0, 1280, 48, 5120, 0)
[18:58:13.945096] {Default Queue}  -> wl_compositor#4.create_region(new id wl_region#72)
[18:58:13.945098] {Default Queue}  -> wl_region#72.add(13, 4, 1254, 1)
[18:58:13.945100] {Default Queue}  -> wl_region#72.add(11, 5, 1258, 1)
[18:58:13.945100] {Default Queue}  -> wl_region#72.add(10, 6, 1260, 1)
[18:58:13.945101] {Default Queue}  -> wl_region#72.add(9, 7, 1262, 1)
[18:58:13.945102] {Default Queue}  -> wl_region#72.add(8, 8, 1264, 1)
[18:58:13.945102] {Default Queue}  -> wl_region#72.add(7, 9, 1266, 1)
[18:58:13.945103] {Default Queue}  -> wl_region#72.add(6, 10, 1268, 2)
[18:58:13.945104] {Default Queue}  -> wl_region#72.add(5, 12, 1270, 5)
[18:58:13.945104] {Default Queue}  -> wl_region#72.add(4, 17, 1272, 14)
[18:58:13.945105] {Default Queue}  -> wl_region#72.add(5, 31, 1270, 5)
[18:58:13.945106] {Default Queue}  -> wl_region#72.add(6, 36, 1268, 2)
[18:58:13.945106] {Default Queue}  -> wl_region#72.add(7, 38, 1266, 1)
[18:58:13.945107] {Default Queue}  -> wl_region#72.add(8, 39, 1264, 1)
[18:58:13.945108] {Default Queue}  -> wl_region#72.add(9, 40, 1262, 1)
[18:58:13.945108] {Default Queue}  -> wl_region#72.add(10, 41, 1260, 1)
[18:58:13.945109] {Default Queue}  -> wl_region#72.add(11, 42, 1258, 1)
[18:58:13.945109] {Default Queue}  -> wl_region#72.add(13, 43, 1254, 1)
[18:58:13.945110]  -> wl_surface#48.set_input_region(wl_region#72)
[18:58:13.945111] {Default Queue}  -> wl_region#72.destroy()
[18:58:13.945112]  -> wl_surface#48.attach(wl_buffer#77, 0, 0)
[18:58:13.945113]  -> wl_surface#48.damage_buffer(0, 0, 1280, 48)
[18:58:13.945114]  -> wl_surface#48.frame(new id wl_callback#86)
[18:58:13.945115] {Default Queue}  -> wp_presentation#20.feedback(wl_surface#48, new id wp_presentation_feedback#81)
[18:58:13.945116]  -> wl_surface#48.commit()
[18:58:13.945143] {Default Queue}  -> wl_shm#5.create_pool(new id wl_shm_pool#76, fd 18, 3686400)
[18:58:13.945144] {Default Queue}  -> wl_shm_pool#76.create_buffer(new id wl_buffer#71, 0, 1280, 720, 5120, 0)
[18:58:13.947594] {Default Queue}  -> wl_compositor#4.create_region(new id wl_region#69)
[18:58:13.947596]  -> wl_surface#54.set_input_region(wl_region#69)
[18:58:13.947597] {Default Queue}  -> wl_region#69.destroy()
[18:58:13.947597]  -> wl_surface#54.attach(wl_buffer#71, 0, 0)
[18:58:13.947598]  -> wl_surface#54.damage_buffer(0, 0, 1280, 720)
[18:58:13.947599]  -> wl_surface#54.frame(new id wl_callback#89)
[18:58:13.947600] {Default Queue}  -> wp_presentation#20.feedback(wl_surface#54, new id wp_presentation_feedback#90)
[18:58:13.947601]  -> wl_surface#54.commit()
[18:58:13.947754] {Default Queue}  -> wl_shm#5.create_pool(new id wl_shm_pool#91, fd 19, 245760)
[18:58:13.947757] {Default Queue}  -> wl_shm_pool#91.create_buffer(new id wl_buffer#92, 0, 1280, 48, 5120, 0)
[18:58:13.947929] {Default Queue}  -> wl_compositor#4.create_region(new id wl_region#93)
[18:58:13.947931] {Default Queue}  -> wl_region#93.add(13, 4, 1254, 1)
[18:58:13.947932] {Default Queue}  -> wl_region#93.add(11, 5, 1258, 1)
[18:58:13.947933] {Default Queue}  -> wl_region#93.add(10, 6, 1260, 1)
[18:58:13.947933] {Default Queue}  -> wl_region#93.add(9, 7, 1262, 1)
[18:58:13.947934] {Default Queue}  -> wl_region#93.add(8, 8, 1264, 1)
[18:58:13.947935] {Default Queue}  -> wl_region#93.add(7, 9, 1266, 1)
[18:58:13.947935] {Default Queue}  -> wl_region#93.add(6, 10, 1268, 2)
[18:58:13.947936] {Default Queue}  -> wl_region#93.add(5, 12, 1270, 5)
[18:58:13.947937] {Default Queue}  -> wl_region#93.add(4, 17, 1272, 14)
[18:58:13.947937] {Default Queue}  -> wl_region#93.add(5, 31, 1270, 5)
[18:58:13.947938] {Default Queue}  -> wl_region#93.add(6, 36, 1268, 2)
[18:58:13.947939] {Default Queue}  -> wl_region#93.add(7, 38, 1266, 1)
[18:58:13.947939] {Default Queue}  -> wl_region#93.add(8, 39, 1264, 1)
[18:58:13.947940] {Default Queue}  -> wl_region#93.add(9, 40, 1262, 1)
[18:58:13.947941] {Default Queue}  -> wl_region#93.add(10, 41, 1260, 1)
[18:58:13.947941] {Default Queue}  -> wl_region#93.add(11, 42, 1258, 1)
[18:58:13.947942] {Default Queue}  -> wl_region#93.add(13, 43, 1254, 1)
[18:58:13.947942]  -> wl_surface#59.set_input_region(wl_region#93)
[18:58:13.947943] {Default Queue}  -> wl_region#93.destroy()
[18:58:13.947944]  -> wl_surface#59.attach(wl_buffer#92, 0, 0)
[18:58:13.947944]  -> wl_surface#59.damage_buffer(0, 0, 1280, 48)
[18:58:13.947945]  -> wl_surface#59.frame(new id wl_callback#94)
[18:58:13.947946] {Default Queue}  -> wp_presentation#20.feedback(wl_surface#59, new id wp_presentation_feedback#95)
[18:58:13.947947]  -> wl_surface#59.commit()
[18:58:13.947963] {Display Queue} wl_display#1.delete_id(78)
[18:58:13.947964] {Default Queue} wl_buffer#70.release()
[18:58:13.948025] {Display Queue} wl_display#1.delete_id(72)
[18:58:13.948029] {Display Queue} wl_display#1.delete_id(69)
[18:58:13.948031] {Display Queue} wl_display#1.delete_id(93)
[18:58:13.948031] {Default Queue} wl_buffer#75.release()
[18:58:13.948033] {Default Queue} wl_buffer#80.release()
[18:58:13.948033] {Default Queue} wl_buffer#85.release()
[18:58:13.958142] {Display Queue} wl_display#1.delete_id(73)
[18:58:13.958150] {Display Queue} wl_display#1.delete_id(86)
[18:58:13.958151] {Display Queue} wl_display#1.delete_id(87)
[18:58:13.958151] {Display Queue} wl_display#1.delete_id(81)
[18:58:13.958152] {Default Queue} wl_callback#73.done(20667573)
[18:58:13.958166] {Default Queue} wl_callback#86.done(20667573)
[18:58:13.958168] {Default Queue} wp_presentation_feedback#87.sync_output(wl_output#28)
[18:58:13.958170] {Default Queue} wp_presentation_feedback#87.presented(0, 20667, 573909792, 0, 0, 0, 0)
[18:58:13.958172] {Default Queue} wp_presentation_feedback#81.sync_output(wl_output#28)
[18:58:13.958173] {Default Queue} wp_presentation_feedback#81.presented(0, 20667, 573909792, 0, 0, 0, 0)
[18:58:13.958475] {Display Queue} wl_display#1.delete_id(89)
[18:58:13.958480] {Display Queue} wl_display#1.delete_id(94)
[18:58:13.958481] {Display Queue} wl_display#1.delete_id(90)
[18:58:13.958482] {Display Queue} wl_display#1.delete_id(95)
[18:58:13.958482] {Default Queue} wl_callback#89.done(20667574)
[18:58:13.958486] {Default Queue} wl_callback#94.done(20667574)
[18:58:13.958490] {Default Queue} wp_presentation_feedback#90.sync_output(wl_output#31)
[18:58:13.958491] {Default Queue} wp_presentation_feedback#90.presented(0, 20667, 574251935, 0, 0, 0, 0)
[18:58:13.958493] {Default Queue} wp_presentation_feedback#95.sync_output(wl_output#31)
[18:58:13.958494] {Default Queue} wp_presentation_feedback#95.presented(0, 20667, 574251935, 0, 0, 0, 0)
[18:58:14.110128]  -> wl_surface#48.attach(wl_buffer#75, 0, 0)
[18:58:14.110135]  -> wl_surface#48.damage_buffer(0, 0, 1280, 48)
[18:58:14.110137]  -> wl_surface#48.frame(new id wl_callback#95)
[18:58:14.110139] {Default Queue}  -> wp_presentation#20.feedback(wl_surface#48, new id wp_presentation_feedback#90)
[18:58:14.110141]  -> wl_surface#48.commit()
[18:58:14.110315]  -> wl_surface#59.attach(wl_buffer#85, 0, 0)
[18:58:14.110317]  -> wl_surface#59.damage_buffer(0, 0, 1280, 48)
[18:58:14.110319]  -> wl_surface#59.frame(new id wl_callback#94)
[18:58:14.110321] {Default Queue}  -> wp_presentation#20.feedback(wl_surface#59, new id wp_presentation_feedback#89)
[18:58:14.110322]  -> wl_surface#59.commit()
[18:58:14.110499] {Display Queue} wl_display#1.delete_id(95)
[18:58:14.110504] {Display Queue} wl_display#1.delete_id(94)
[18:58:14.110505] {Display Queue} wl_display#1.delete_id(90)
[18:58:14.110506] {Display Queue} wl_display#1.delete_id(89)
[18:58:14.110506] {Default Queue} wl_buffer#77.release()
[18:58:14.110507] {Default Queue} wl_buffer#92.release()
[18:58:14.110508] {Default Queue} wl_callback#95.done(20667726)
[18:58:14.110511] {Default Queue} wl_callback#94.done(20667726)
[18:58:14.110513] {Default Queue} wp_presentation_feedback#90.sync_output(wl_output#28)
[18:58:14.110514] {Default Queue} wp_presentation_feedback#90.presented(0, 20667, 726272992, 0, 0, 0, 0)
[18:58:14.110517] {Default Queue} wp_presentation_feedback#89.sync_output(wl_output#31)
[18:58:14.110518] {Default Queue} wp_presentation_feedback#89.presented(0, 20667, 726275622, 0, 0, 0, 0)
[18:58:14.125033] {Default Queue}  -> wl_compositor#4.create_surface(new id wl_surface#89)
[18:58:14.125039] {Default Queue}  -> wp_fractional_scale_manager_v1#11.get_fractional_scale(new id wp_fractional_scale_v1#90, wl_surface#89)
[18:58:14.125042] {Default Queue}  -> wp_viewporter#10.get_viewport(new id wp_viewport#94, wl_surface#89)
[18:58:14.125067] {Default Queue}  -> xdg_toplevel_icon_manager_v1#9.create_icon(new id xdg_toplevel_icon_v1#95)
[18:58:14.125080] {Default Queue}  -> zwlr_layer_shell_v1#45.get_layer_surface(new id zwlr_layer_surface_v1#81, wl_surface#89, wl_output#28, 3, "pearl:popup")
[18:58:14.125082] {Default Queue}  -> zwlr_layer_surface_v1#81.set_keyboard_interactivity(1)
[18:58:14.125083] {Default Queue}  -> zwlr_layer_surface_v1#81.set_exclusive_zone(0)
[18:58:14.125083] {Default Queue}  -> zwlr_layer_surface_v1#81.set_anchor(15)
[18:58:14.125084] {Default Queue}  -> zwlr_layer_surface_v1#81.set_margin(0, 0, 0, 0)
[18:58:14.125085] {Default Queue}  -> zwlr_layer_surface_v1#81.set_size(0, 0)
[18:58:14.125090]  -> wl_surface#89.commit()
[18:58:14.125289] {Default Queue}  -> xdg_activation_v1#15.get_activation_token(new id xdg_activation_token_v1#87)
[18:58:14.125301]  -> xdg_activation_token_v1#87.set_serial(0, wl_seat#3)
[18:58:14.125304]  -> xdg_activation_token_v1#87.commit()
[18:58:14.125365] xdg_activation_token_v1#87.done("c22c7f35baa7439f5d2d77f5262218dc")
[18:58:14.125369]  -> xdg_activation_token_v1#87.destroy()
[18:58:14.125370] {Default Queue}  -> xdg_activation_v1#15.activate("c22c7f35baa7439f5d2d77f5262218dc", wl_surface#89)
[18:58:14.125377] {Default Queue}  -> wl_registry#46.bind(40, "aqueous_window_info_manager_v1", 3, new id [unknown]#86)
[18:58:14.125379] {Default Queue}  -> aqueous_window_info_manager_v1#86.get_active_workspace_layout("HEADLESS-2")
info: event=popup-opened output=1
[18:58:14.125422] {Default Queue} zwlr_layer_surface_v1#58.configure(21, 1280, 48)
[18:58:14.125429] {Default Queue}  -> zwlr_layer_surface_v1#58.ack_configure(21)
[18:58:14.125431] {Default Queue} zwlr_layer_surface_v1#53.configure(22, 1280, 720)
[18:58:14.125432] {Default Queue}  -> zwlr_layer_surface_v1#53.ack_configure(22)
[18:58:14.125433] {Default Queue} zwlr_layer_surface_v1#81.configure(23, 1280, 672)
[18:58:14.125438] {Default Queue}  -> zwlr_layer_surface_v1#81.ack_configure(23)
[18:58:14.125438] {Default Queue} wl_pointer#33.leave(24, wl_surface#49)
[18:58:14.125442] {Default Queue} wl_pointer#33.frame()
[18:58:14.125497] {Display Queue} wl_display#1.delete_id(87)
[18:58:14.125498] {Default Queue} aqueous_window_info_manager_v1#86.active_workspace_layout(0, "HEADLESS-2", 1, "float")
[18:58:14.125499] {Default Queue}  -> aqueous_window_info_manager_v1#86.destroy()
[18:58:14.125523]  -> wl_surface#49.commit()
[18:58:14.125531]  -> wl_surface#48.commit()
[18:58:14.130111] {Default Queue}  -> wl_shm#5.create_pool(new id wl_shm_pool#87, fd 17, 3440640)
[18:58:14.130119] {Default Queue}  -> wl_shm_pool#87.create_buffer(new id wl_buffer#73, 0, 1280, 672, 5120, 0)
[18:58:14.131895] {Default Queue}  -> wl_compositor#4.create_region(new id wl_region#93)
[18:58:14.131899] {Default Queue}  -> wl_region#93.add(690, 4, 572, 560)
[18:58:14.131901]  -> wl_surface#89.set_opaque_region(wl_region#93)
[18:58:14.131902] {Default Queue}  -> wl_region#93.destroy()
[18:58:14.131903] {Default Queue}  -> wp_viewport#94.set_destination(1280, 672)
[18:58:14.131905]  -> wl_surface#89.attach(wl_buffer#73, 0, 0)
[18:58:14.131906]  -> wl_surface#89.damage_buffer(0, 0, 1280, 672)
[18:58:14.131907]  -> wl_surface#89.frame(new id wl_callback#69)
[18:58:14.131910] {Default Queue}  -> wp_presentation#20.feedback(wl_surface#89, new id wp_presentation_feedback#72)
[18:58:14.131911]  -> wl_surface#89.commit()
info: event=services-focus target=other
[18:58:14.132159] {Display Queue} wl_display#1.delete_id(93)
[18:58:14.132162] {Default Queue} zwlr_layer_surface_v1#58.configure(25, 1280, 48)
[18:58:14.132171] {Default Queue}  -> zwlr_layer_surface_v1#58.ack_configure(25)
[18:58:14.132172] {Default Queue} zwlr_layer_surface_v1#53.configure(26, 1280, 720)
[18:58:14.132174] {Default Queue}  -> zwlr_layer_surface_v1#53.ack_configure(26)
[18:58:14.132175] {Default Queue} zwlr_layer_surface_v1#81.configure(27, 1280, 672)
[18:58:14.132176] {Default Queue}  -> zwlr_layer_surface_v1#81.ack_configure(27)
[18:58:14.132177] {Default Queue} wp_fractional_scale_v1#90.preferred_scale(120)
[18:58:14.132178] {Default Queue} wl_data_device#35.selection(nil)
[18:58:14.132184] {Default Queue} zwp_primary_selection_device_v1#34.selection(nil)
[18:58:14.132186] {Default Queue} wl_pointer#33.enter(30, wl_surface#89, 100.00000000, 52.00000000)
[18:58:14.132191] {Default Queue}  -> wp_cursor_shape_device_v1#42.set_shape(30, 1)
[18:58:14.132193] {Default Queue} wl_pointer#33.frame()
[18:58:14.132197] wl_surface#89.enter(wl_output#28)
[18:58:14.132235] wl_surface#89.preferred_buffer_scale(1)
[18:58:14.132666]  -> wl_surface#59.attach(wl_buffer#92, 0, 0)
[18:58:14.132669]  -> wl_surface#59.damage_buffer(0, 0, 1280, 48)
[18:58:14.132671]  -> wl_surface#59.frame(new id wl_callback#93)
[18:58:14.132672] {Default Queue}  -> wp_presentation#20.feedback(wl_surface#59, new id wp_presentation_feedback#78)
[18:58:14.132674]  -> wl_surface#59.commit()
[18:58:14.132705] {Default Queue} wl_buffer#85.release()
[18:58:14.144577]  -> wl_surface#49.attach(wl_buffer#70, 0, 0)
[18:58:14.144586]  -> wl_surface#49.damage_buffer(0, 0, 1280, 720)
[18:58:14.144589]  -> wl_surface#49.frame(new id wl_callback#96)
[18:58:14.144593] {Default Queue}  -> wp_presentation#20.feedback(wl_surface#49, new id wp_presentation_feedback#97)
[18:58:14.144596]  -> wl_surface#49.commit()
[18:58:14.144634] {Display Queue} wl_display#1.delete_id(69)
[18:58:14.144637] {Display Queue} wl_display#1.delete_id(72)
[18:58:14.144637] {Display Queue} wl_display#1.delete_id(93)
[18:58:14.144638] {Display Queue} wl_display#1.delete_id(78)
[18:58:14.144638] {Default Queue} wl_callback#69.done(20667758)
[18:58:14.144647] {Default Queue} wp_presentation_feedback#72.sync_output(wl_output#28)
[18:58:14.144648] {Default Queue} wp_presentation_feedback#72.presented(0, 20667, 758848547, 0, 0, 0, 0)
[18:58:14.144650] {Default Queue} wl_callback#93.done(20667758)
[18:58:14.144652] {Default Queue} wp_presentation_feedback#78.sync_output(wl_output#31)
[18:58:14.144652] {Default Queue} wp_presentation_feedback#78.presented(0, 20667, 758892697, 0, 0, 0, 0)
[18:58:14.144898] {Default Queue}  -> wl_shm#5.create_pool(new id wl_shm_pool#78, fd 17, 3440640)
[18:58:14.144904] {Default Queue}  -> wl_shm_pool#78.create_buffer(new id wl_buffer#93, 0, 1280, 672, 5120, 0)
[18:58:14.146241]  -> wl_surface#89.attach(wl_buffer#93, 0, 0)
[18:58:14.146246]  -> wl_surface#89.damage_buffer(0, 0, 1280, 672)
[18:58:14.146247]  -> wl_surface#89.frame(new id wl_callback#72)
[18:58:14.146249] {Default Queue}  -> wp_presentation#20.feedback(wl_surface#89, new id wp_presentation_feedback#69)
[18:58:14.146251]  -> wl_surface#89.commit()
[18:58:14.146283] {Default Queue} wl_buffer#83.release()
[18:58:14.146605]  -> wl_surface#48.attach(wl_buffer#77, 0, 0)
[18:58:14.146607]  -> wl_surface#48.damage_buffer(0, 0, 1280, 48)
[18:58:14.146609]  -> wl_surface#48.frame(new id wl_callback#98)
[18:58:14.146610] {Default Queue}  -> wp_presentation#20.feedback(wl_surface#48, new id wp_presentation_feedback#99)
[18:58:14.146611]  -> wl_surface#48.commit()
[18:58:14.146627] {Default Queue} wl_buffer#73.release()
[18:58:14.146644] {Default Queue} wl_buffer#75.release()
[18:58:14.159595] {Display Queue} wl_display#1.delete_id(96)
[18:58:14.159603] {Display Queue} wl_display#1.delete_id(98)
[18:58:14.159605] {Display Queue} wl_display#1.delete_id(72)
[18:58:14.159606] {Display Queue} wl_display#1.delete_id(97)
[18:58:14.159606] {Display Queue} wl_display#1.delete_id(99)
[18:58:14.159607] {Display Queue} wl_display#1.delete_id(69)
[18:58:14.159609] {Default Queue} wl_callback#96.done(20667775)
[18:58:14.159619] {Default Queue} wl_callback#98.done(20667775)
[18:58:14.159621] {Default Queue} wl_callback#72.done(20667775)
[18:58:14.159627] {Default Queue} wp_presentation_feedback#97.sync_output(wl_output#28)
[18:58:14.159629] {Default Queue} wp_presentation_feedback#97.presented(0, 20667, 775338516, 0, 0, 0, 0)
[18:58:14.159632] {Default Queue} wp_presentation_feedback#99.sync_output(wl_output#28)
[18:58:14.159633] {Default Queue} wp_presentation_feedback#99.presented(0, 20667, 775338516, 0, 0, 0, 0)
[18:58:14.159636] {Default Queue} wp_presentation_feedback#69.sync_output(wl_output#28)
[18:58:14.159636] {Default Queue} wp_presentation_feedback#69.presented(0, 20667, 775338516, 0, 0, 0, 0)
[18:58:14.589541] {Default Queue} wl_seat#3.capabilities(3)
[18:58:14.589551] {Default Queue}  -> wl_seat#3.get_keyboard(new id wl_keyboard#69)
[18:58:14.589638] {Default Queue} wl_keyboard#69.keymap(1, fd 16, 1436)
[18:58:14.589768] {Default Queue} wl_keyboard#69.repeat_info(40, 400)
[18:58:14.589770] {Default Queue} wl_keyboard#69.enter(32, wl_surface#89, array[0])
[18:58:14.589778] {Default Queue} wl_keyboard#69.modifiers(33, 0, 0, 0, 0)
[18:58:14.590203]  -> wl_surface#48.attach(wl_buffer#75, 0, 0)
[18:58:14.590207]  -> wl_surface#48.damage_buffer(0, 0, 1280, 48)
[18:58:14.590208]  -> wl_surface#48.frame(new id wl_callback#99)
[18:58:14.590211] {Default Queue}  -> wp_presentation#20.feedback(wl_surface#48, new id wp_presentation_feedback#97)
[18:58:14.590212]  -> wl_surface#48.commit()
[18:58:14.590353]  -> wl_surface#59.attach(wl_buffer#85, 0, 0)
[18:58:14.590355]  -> wl_surface#59.damage_buffer(0, 0, 1280, 48)
[18:58:14.590356]  -> wl_surface#59.frame(new id wl_callback#72)
[18:58:14.590357] {Default Queue}  -> wp_presentation#20.feedback(wl_surface#59, new id wp_presentation_feedback#98)
[18:58:14.590358]  -> wl_surface#59.commit()
[18:58:14.590473] {Display Queue} wl_display#1.delete_id(99)
[18:58:14.590475] {Display Queue} wl_display#1.delete_id(72)
[18:58:14.590475] {Display Queue} wl_display#1.delete_id(97)
[18:58:14.590476] {Display Queue} wl_display#1.delete_id(98)
[18:58:14.590476] {Default Queue} wl_buffer#77.release()
[18:58:14.590477] {Default Queue} wl_buffer#92.release()
[18:58:14.590478] {Default Queue} wl_callback#99.done(20668206)
[18:58:14.590481] {Default Queue} wl_callback#72.done(20668206)
[18:58:14.590482] {Default Queue} wp_presentation_feedback#97.sync_output(wl_output#28)
[18:58:14.590483] {Default Queue} wp_presentation_feedback#97.presented(0, 20668, 206254268, 0, 0, 0, 0)
[18:58:14.590485] {Default Queue} wp_presentation_feedback#98.sync_output(wl_output#31)
[18:58:14.590486] {Default Queue} wp_presentation_feedback#98.presented(0, 20668, 206256158, 0, 0, 0, 0)
[18:58:14.689661] {Default Queue} wl_keyboard#69.key(34, 0, 1, 1)
info: event=services-focus target=other
[18:58:14.691726] {Default Queue} wl_keyboard#69.key(35, 0, 1, 0)
[18:58:14.725837]  -> wl_surface#89.attach(wl_buffer#73, 0, 0)
[18:58:14.725842]  -> wl_surface#89.damage_buffer(0, 0, 1280, 672)
[18:58:14.725844]  -> wl_surface#89.frame(new id wl_callback#98)
[18:58:14.725846] {Default Queue}  -> wp_presentation#20.feedback(wl_surface#89, new id wp_presentation_feedback#97)
[18:58:14.725848]  -> wl_surface#89.commit()
[18:58:14.726281] {Display Queue} wl_display#1.delete_id(98)
[18:58:14.726284] {Display Queue} wl_display#1.delete_id(97)
[18:58:14.726284] {Default Queue} wl_buffer#93.release()
[18:58:14.726285] {Default Queue} wl_callback#98.done(20668342)
[18:58:14.726290] {Default Queue} wp_presentation_feedback#97.sync_output(wl_output#28)
[18:58:14.726291] {Default Queue} wp_presentation_feedback#97.presented(0, 20668, 342060467, 0, 0, 0, 0)
[18:58:14.726970]  -> wl_surface#89.attach(wl_buffer#93, 0, 0)
[18:58:14.726973]  -> wl_surface#89.damage_buffer(0, 0, 1280, 672)
[18:58:14.726974]  -> wl_surface#89.frame(new id wl_callback#97)
[18:58:14.726975] {Default Queue}  -> wp_presentation#20.feedback(wl_surface#89, new id wp_presentation_feedback#98)
[18:58:14.726977]  -> wl_surface#89.commit()
[18:58:14.727021] {Default Queue} wl_buffer#73.release()
[18:58:14.728928] {Default Queue} wl_keyboard#69.leave(36, wl_surface#89)
[18:58:14.728932] {Default Queue} wl_keyboard#69.leave(37, wl_surface#89)
[18:58:14.728933] {Default Queue} wl_seat#3.capabilities(1)
[18:58:14.728934] {Default Queue}  -> wl_keyboard#69.release()
[18:58:14.729373]  -> wl_surface#48.attach(wl_buffer#77, 0, 0)
[18:58:14.729377]  -> wl_surface#48.damage_buffer(0, 0, 1280, 48)
[18:58:14.729378]  -> wl_surface#48.frame(new id wl_callback#72)
[18:58:14.729379] {Default Queue}  -> wp_presentation#20.feedback(wl_surface#48, new id wp_presentation_feedback#99)
[18:58:14.729381]  -> wl_surface#48.commit()
[18:58:14.729536]  -> wl_surface#59.attach(wl_buffer#92, 0, 0)
[18:58:14.729538]  -> wl_surface#59.damage_buffer(0, 0, 1280, 48)
[18:58:14.729539]  -> wl_surface#59.frame(new id wl_callback#96)
[18:58:14.729540] {Default Queue}  -> wp_presentation#20.feedback(wl_surface#59, new id wp_presentation_feedback#100)
[18:58:14.729541]  -> wl_surface#59.commit()
[18:58:14.729606] {Display Queue} wl_display#1.delete_id(69)
[18:58:14.729609] {Display Queue} wl_display#1.delete_id(96)
[18:58:14.729610] {Display Queue} wl_display#1.delete_id(100)
[18:58:14.729610] {Default Queue} wl_buffer#75.release()
[18:58:14.729611] {Default Queue} wl_buffer#85.release()
[18:58:14.729612] {Default Queue} wl_callback#96.done(20668345)
[18:58:14.729616] {Default Queue} wp_presentation_feedback#100.sync_output(wl_output#31)
[18:58:14.729618] {Default Queue} wp_presentation_feedback#100.presented(0, 20668, 345391008, 0, 0, 0, 0)
[18:58:14.730420] {Default Queue} wl_seat#3.capabilities(3)
[18:58:14.730428] {Default Queue}  -> wl_seat#3.get_keyboard(new id wl_keyboard#100)
[18:58:14.730610] {Default Queue} wl_keyboard#100.keymap(1, fd 16, 1436)
[18:58:14.730698] {Default Queue} wl_keyboard#100.repeat_info(40, 400)
[18:58:14.730703] {Default Queue} wl_keyboard#100.enter(39, wl_surface#89, array[0])
[18:58:14.730709] {Default Queue} wl_keyboard#100.modifiers(40, 0, 0, 0, 0)
[18:58:14.742731] {Display Queue} wl_display#1.delete_id(72)
[18:58:14.742740] {Display Queue} wl_display#1.delete_id(97)
[18:58:14.742742] {Display Queue} wl_display#1.delete_id(99)
[18:58:14.742743] {Display Queue} wl_display#1.delete_id(98)
[18:58:14.742744] {Default Queue} wl_callback#72.done(20668358)
[18:58:14.742759] {Default Queue} wl_callback#97.done(20668358)
[18:58:14.742800] {Default Queue} wp_presentation_feedback#99.sync_output(wl_output#28)
[18:58:14.742811] {Default Queue} wp_presentation_feedback#99.presented(0, 20668, 358489246, 0, 0, 0, 0)
[18:58:14.742815] {Default Queue} wp_presentation_feedback#98.sync_output(wl_output#28)
[18:58:14.742817] {Default Queue} wp_presentation_feedback#98.presented(0, 20668, 358489246, 0, 0, 0, 0)
[18:58:14.743562]  -> wl_surface#89.attach(wl_buffer#73, 0, 0)
[18:58:14.743567]  -> wl_surface#89.damage_buffer(0, 0, 1280, 672)
[18:58:14.743568]  -> wl_surface#89.frame(new id wl_callback#98)
[18:58:14.743570] {Default Queue}  -> wp_presentation#20.feedback(wl_surface#89, new id wp_presentation_feedback#99)
[18:58:14.743571]  -> wl_surface#89.commit()
[18:58:14.743729]  -> wl_surface#48.attach(wl_buffer#75, 0, 0)
[18:58:14.743731]  -> wl_surface#48.damage_buffer(0, 0, 1280, 48)
[18:58:14.743732]  -> wl_surface#48.frame(new id wl_callback#97)
[18:58:14.743733] {Default Queue}  -> wp_presentation#20.feedback(wl_surface#48, new id wp_presentation_feedback#72)
[18:58:14.743734]  -> wl_surface#48.commit()
[18:58:14.743744] {Default Queue} wl_buffer#93.release()
[18:58:14.743763] {Default Queue} wl_buffer#77.release()
[18:58:14.745797]  -> wl_surface#59.attach(wl_buffer#85, 0, 0)
[18:58:14.745801]  -> wl_surface#59.damage_buffer(0, 0, 1280, 48)
[18:58:14.745803]  -> wl_surface#59.frame(new id wl_callback#96)
[18:58:14.745804] {Default Queue}  -> wp_presentation#20.feedback(wl_surface#59, new id wp_presentation_feedback#69)
[18:58:14.745805]  -> wl_surface#59.commit()
[18:58:14.745866] {Display Queue} wl_display#1.delete_id(96)
[18:58:14.745868] {Display Queue} wl_display#1.delete_id(69)
[18:58:14.745869] {Default Queue} wl_buffer#92.release()
[18:58:14.745870] {Default Queue} wl_callback#96.done(20668361)
[18:58:14.745873] {Default Queue} wp_presentation_feedback#69.sync_output(wl_output#31)
[18:58:14.745874] {Default Queue} wp_presentation_feedback#69.presented(0, 20668, 361649635, 0, 0, 0, 0)
[18:58:14.759157] {Display Queue} wl_display#1.delete_id(97)
[18:58:14.759165] {Display Queue} wl_display#1.delete_id(98)
[18:58:14.759167] {Display Queue} wl_display#1.delete_id(72)
[18:58:14.759168] {Display Queue} wl_display#1.delete_id(99)
[18:58:14.759169] {Default Queue} wl_callback#97.done(20668374)
[18:58:14.759183] {Default Queue} wl_callback#98.done(20668374)
[18:58:14.759185] {Default Queue} wp_presentation_feedback#72.sync_output(wl_output#28)
[18:58:14.759186] {Default Queue} wp_presentation_feedback#72.presented(0, 20668, 374912505, 0, 0, 0, 0)
[18:58:14.759189] {Default Queue} wp_presentation_feedback#99.sync_output(wl_output#28)
[18:58:14.759190] {Default Queue} wp_presentation_feedback#99.presented(0, 20668, 374912505, 0, 0, 0, 0)
[18:58:14.760129]  -> wl_surface#89.attach(wl_buffer#93, 0, 0)
[18:58:14.760133]  -> wl_surface#89.damage_buffer(0, 0, 1280, 672)
[18:58:14.760135]  -> wl_surface#89.frame(new id wl_callback#99)
[18:58:14.760137] {Default Queue}  -> wp_presentation#20.feedback(wl_surface#89, new id wp_presentation_feedback#72)
[18:58:14.760139]  -> wl_surface#89.commit()
[18:58:14.760193] {Default Queue} wl_buffer#73.release()
[18:58:14.775417] {Display Queue} wl_display#1.delete_id(99)
[18:58:14.775423] {Display Queue} wl_display#1.delete_id(72)
[18:58:14.775424] {Default Queue} wl_callback#99.done(20668391)
[18:58:14.775429] {Default Queue} wp_presentation_feedback#72.sync_output(wl_output#28)
[18:58:14.775430] {Default Queue} wp_presentation_feedback#72.presented(0, 20668, 391192012, 0, 0, 0, 0)
[18:58:14.776280]  -> wl_surface#89.attach(wl_buffer#73, 0, 0)
[18:58:14.776283]  -> wl_surface#89.damage_buffer(0, 0, 1280, 672)
[18:58:14.776285]  -> wl_surface#89.frame(new id wl_callback#72)
[18:58:14.776286] {Default Queue}  -> wp_presentation#20.feedback(wl_surface#89, new id wp_presentation_feedback#99)
[18:58:14.776288]  -> wl_surface#89.commit()
[18:58:14.776322] {Default Queue} wl_buffer#93.release()
[18:58:14.791665] {Display Queue} wl_display#1.delete_id(72)
[18:58:14.791669] {Display Queue} wl_display#1.delete_id(99)
[18:58:14.791670] {Default Queue} wl_callback#72.done(20668407)
[18:58:14.791675] {Default Queue} wp_presentation_feedback#99.sync_output(wl_output#28)
[18:58:14.791676] {Default Queue} wp_presentation_feedback#99.presented(0, 20668, 407445939, 0, 0, 0, 0)
[18:58:14.792415]  -> wl_surface#89.attach(wl_buffer#93, 0, 0)
[18:58:14.792419]  -> wl_surface#89.damage_buffer(0, 0, 1280, 672)
[18:58:14.792420]  -> wl_surface#89.frame(new id wl_callback#99)
[18:58:14.792422] {Default Queue}  -> wp_presentation#20.feedback(wl_surface#89, new id wp_presentation_feedback#72)
[18:58:14.792423]  -> wl_surface#89.commit()
[18:58:14.792460] {Default Queue} wl_buffer#73.release()
[18:58:14.807870] {Display Queue} wl_display#1.delete_id(99)
[18:58:14.807875] {Display Queue} wl_display#1.delete_id(72)
[18:58:14.807876] {Default Queue} wl_callback#99.done(20668423)
[18:58:14.807880] {Default Queue} wp_presentation_feedback#72.sync_output(wl_output#28)
[18:58:14.807882] {Default Queue} wp_presentation_feedback#72.presented(0, 20668, 423649996, 0, 0, 0, 0)
[18:58:14.808529]  -> wl_surface#89.attach(wl_buffer#73, 0, 0)
[18:58:14.808532]  -> wl_surface#89.damage_buffer(0, 0, 1280, 672)
[18:58:14.808533]  -> wl_surface#89.frame(new id wl_callback#72)
[18:58:14.808535] {Default Queue}  -> wp_presentation#20.feedback(wl_surface#89, new id wp_presentation_feedback#99)
[18:58:14.808536]  -> wl_surface#89.commit()
[18:58:14.808569] {Default Queue} wl_buffer#93.release()
[18:58:14.824074] {Display Queue} wl_display#1.delete_id(72)
[18:58:14.824078] {Display Queue} wl_display#1.delete_id(99)
[18:58:14.824079] {Default Queue} wl_callback#72.done(20668439)
[18:58:14.824084] {Default Queue} wp_presentation_feedback#99.sync_output(wl_output#28)
[18:58:14.824085] {Default Queue} wp_presentation_feedback#99.presented(0, 20668, 439855503, 0, 0, 0, 0)
[18:58:14.824692]  -> wl_surface#89.attach(wl_buffer#93, 0, 0)
[18:58:14.824695]  -> wl_surface#89.damage_buffer(0, 0, 1280, 672)
[18:58:14.824696]  -> wl_surface#89.frame(new id wl_callback#99)
[18:58:14.824698] {Default Queue}  -> wp_presentation#20.feedback(wl_surface#89, new id wp_presentation_feedback#72)
[18:58:14.824699]  -> wl_surface#89.commit()
[18:58:14.824777] {Default Queue} wl_buffer#73.release()
[18:58:14.830540] {Default Queue} wl_keyboard#100.key(41, 0, 1, 1)
[18:58:14.832605] {Default Queue} wl_keyboard#100.key(42, 0, 1, 0)
[18:58:14.840482] {Display Queue} wl_display#1.delete_id(99)
[18:58:14.840490] {Display Queue} wl_display#1.delete_id(72)
[18:58:14.840491] {Default Queue} wl_callback#99.done(20668456)
[18:58:14.840506] {Default Queue} wp_presentation_feedback#72.sync_output(wl_output#28)
[18:58:14.840507] {Default Queue} wp_presentation_feedback#72.presented(0, 20668, 456248811, 0, 0, 0, 0)
[18:58:14.841673]  -> wl_surface#89.attach(wl_buffer#73, 0, 0)
[18:58:14.841680]  -> wl_surface#89.damage_buffer(0, 0, 1280, 672)
[18:58:14.841682]  -> wl_surface#89.frame(new id wl_callback#72)
[18:58:14.841685] {Default Queue}  -> wp_presentation#20.feedback(wl_surface#89, new id wp_presentation_feedback#99)
[18:58:14.841687]  -> wl_surface#89.commit()
info: event=services-focus target=other
[18:58:14.841776] {Default Queue} wl_buffer#93.release()
[18:58:14.856826] {Display Queue} wl_display#1.delete_id(72)
[18:58:14.856833] {Display Queue} wl_display#1.delete_id(99)
[18:58:14.856835] {Default Queue} wl_callback#72.done(20668472)
[18:58:14.856849] {Default Queue} wp_presentation_feedback#99.sync_output(wl_output#28)
[18:58:14.856851] {Default Queue} wp_presentation_feedback#99.presented(0, 20668, 472587189, 0, 0, 0, 0)
[18:58:14.857988]  -> wl_surface#89.attach(wl_buffer#93, 0, 0)
[18:58:14.857995]  -> wl_surface#89.damage_buffer(0, 0, 1280, 672)
[18:58:14.857997]  -> wl_surface#89.frame(new id wl_callback#99)
[18:58:14.857999] {Default Queue}  -> wp_presentation#20.feedback(wl_surface#89, new id wp_presentation_feedback#72)
[18:58:14.858002]  -> wl_surface#89.commit()
[18:58:14.858080] {Default Queue} wl_buffer#73.release()
[18:58:14.869886] {Default Queue} wl_keyboard#100.leave(43, wl_surface#89)
[18:58:14.869904] {Default Queue} wl_keyboard#100.leave(44, wl_surface#89)
[18:58:14.869906] {Default Queue} wl_seat#3.capabilities(1)
[18:58:14.869908] {Default Queue}  -> wl_keyboard#100.release()
[18:58:14.870956]  -> wl_surface#48.attach(wl_buffer#77, 0, 0)
[18:58:14.870962]  -> wl_surface#48.damage_buffer(0, 0, 1280, 48)
[18:58:14.870964]  -> wl_surface#48.frame(new id wl_callback#98)
[18:58:14.870968] {Default Queue}  -> wp_presentation#20.feedback(wl_surface#48, new id wp_presentation_feedback#97)
[18:58:14.870971]  -> wl_surface#48.commit()
[18:58:14.871343]  -> wl_surface#59.attach(wl_buffer#92, 0, 0)
[18:58:14.871347]  -> wl_surface#59.damage_buffer(0, 0, 1280, 48)
[18:58:14.871348]  -> wl_surface#59.frame(new id wl_callback#69)
[18:58:14.871349] {Default Queue}  -> wp_presentation#20.feedback(wl_surface#59, new id wp_presentation_feedback#96)
[18:58:14.871351]  -> wl_surface#59.commit()
[18:58:14.871635] {Display Queue} wl_display#1.delete_id(100)
[18:58:14.871640] {Default Queue} wl_seat#3.capabilities(3)
[18:58:14.871643] {Default Queue}  -> wl_seat#3.get_keyboard(new id wl_keyboard#100)
[18:58:14.871770] {Display Queue} wl_display#1.delete_id(69)
[18:58:14.871775] {Display Queue} wl_display#1.delete_id(96)
[18:58:14.871776] {Default Queue} wl_buffer#75.release()
[18:58:14.871778] {Default Queue} wl_buffer#85.release()
[18:58:14.871778] {Default Queue} wl_callback#69.done(20668487)
[18:58:14.871783] {Default Queue} wp_presentation_feedback#96.sync_output(wl_output#31)
[18:58:14.871785] {Default Queue} wp_presentation_feedback#96.presented(0, 20668, 487473704, 0, 0, 0, 0)
[18:58:14.871787] {Default Queue} wl_keyboard#100.keymap(1, fd 16, 1436)
[18:58:14.871872] {Default Queue} wl_keyboard#100.repeat_info(40, 400)
[18:58:14.871879] {Default Queue} wl_keyboard#100.enter(46, wl_surface#89, array[0])
[18:58:14.871887] {Default Queue} wl_keyboard#100.modifiers(47, 0, 0, 0, 0)
[18:58:14.873180] {Display Queue} wl_display#1.delete_id(98)
[18:58:14.873183] {Display Queue} wl_display#1.delete_id(99)
[18:58:14.873184] {Display Queue} wl_display#1.delete_id(97)
[18:58:14.873185] {Display Queue} wl_display#1.delete_id(72)
[18:58:14.873185] {Default Queue} wl_callback#98.done(20668488)
[18:58:14.873190] {Default Queue} wl_callback#99.done(20668488)
[18:58:14.873193] {Default Queue} wp_presentation_feedback#97.sync_output(wl_output#28)
[18:58:14.873194] {Default Queue} wp_presentation_feedback#97.presented(0, 20668, 488957087, 0, 0, 0, 0)
[18:58:14.873196] {Default Queue} wp_presentation_feedback#72.sync_output(wl_output#28)
[18:58:14.873197] {Default Queue} wp_presentation_feedback#72.presented(0, 20668, 488957087, 0, 0, 0, 0)
[18:58:14.874243]  -> wl_surface#89.attach(wl_buffer#73, 0, 0)
[18:58:14.874246]  -> wl_surface#89.damage_buffer(0, 0, 1280, 672)
[18:58:14.874248]  -> wl_surface#89.frame(new id wl_callback#72)
[18:58:14.874249] {Default Queue}  -> wp_presentation#20.feedback(wl_surface#89, new id wp_presentation_feedback#97)
[18:58:14.874251]  -> wl_surface#89.commit()
[18:58:14.874458]  -> wl_surface#48.attach(wl_buffer#75, 0, 0)
[18:58:14.874460]  -> wl_surface#48.damage_buffer(0, 0, 1280, 48)
[18:58:14.874461]  -> wl_surface#48.frame(new id wl_callback#99)
[18:58:14.874462] {Default Queue}  -> wp_presentation#20.feedback(wl_surface#48, new id wp_presentation_feedback#98)
[18:58:14.874463]  -> wl_surface#48.commit()
[18:58:14.874475] {Default Queue} wl_buffer#93.release()
[18:58:14.874856] {Default Queue} wl_buffer#77.release()
[18:58:14.888434]  -> wl_surface#59.attach(wl_buffer#85, 0, 0)
[18:58:14.888443]  -> wl_surface#59.damage_buffer(0, 0, 1280, 48)
[18:58:14.888445]  -> wl_surface#59.frame(new id wl_callback#96)
[18:58:14.888447] {Default Queue}  -> wp_presentation#20.feedback(wl_surface#59, new id wp_presentation_feedback#69)
[18:58:14.888450]  -> wl_surface#59.commit()
[18:58:14.888575] {Display Queue} wl_display#1.delete_id(96)
[18:58:14.888580] {Display Queue} wl_display#1.delete_id(69)
[18:58:14.888581] {Default Queue} wl_buffer#92.release()
[18:58:14.888582] {Default Queue} wl_callback#96.done(20668504)
[18:58:14.888590] {Default Queue} wp_presentation_feedback#69.sync_output(wl_output#31)
[18:58:14.888591] {Default Queue} wp_presentation_feedback#69.presented(0, 20668, 504350517, 0, 0, 0, 0)
[18:58:14.889592] {Display Queue} wl_display#1.delete_id(99)
[18:58:14.889595] {Display Queue} wl_display#1.delete_id(72)
[18:58:14.889596] {Display Queue} wl_display#1.delete_id(98)
[18:58:14.889596] {Display Queue} wl_display#1.delete_id(97)
[18:58:14.889597] {Default Queue} wl_callback#99.done(20668505)
[18:58:14.889602] {Default Queue} wl_callback#72.done(20668505)
[18:58:14.889605] {Default Queue} wp_presentation_feedback#98.sync_output(wl_output#28)
[18:58:14.889605] {Default Queue} wp_presentation_feedback#98.presented(0, 20668, 505367586, 0, 0, 0, 0)
[18:58:14.889608] {Default Queue} wp_presentation_feedback#97.sync_output(wl_output#28)
[18:58:14.889608] {Default Queue} wp_presentation_feedback#97.presented(0, 20668, 505367586, 0, 0, 0, 0)
[18:58:14.890912]  -> wl_surface#89.attach(wl_buffer#93, 0, 0)
[18:58:14.890917]  -> wl_surface#89.damage_buffer(0, 0, 1280, 672)
[18:58:14.890919]  -> wl_surface#89.frame(new id wl_callback#97)
[18:58:14.890921] {Default Queue}  -> wp_presentation#20.feedback(wl_surface#89, new id wp_presentation_feedback#98)
[18:58:14.890923]  -> wl_surface#89.commit()
[18:58:14.890990] {Default Queue} wl_buffer#73.release()
[18:58:14.906015] {Display Queue} wl_display#1.delete_id(97)
[18:58:14.906023] {Display Queue} wl_display#1.delete_id(98)
[18:58:14.906025] {Default Queue} wl_callback#97.done(20668521)
[18:58:14.906040] {Default Queue} wp_presentation_feedback#98.sync_output(wl_output#28)
[18:58:14.906042] {Default Queue} wp_presentation_feedback#98.presented(0, 20668, 521774395, 0, 0, 0, 0)
[18:58:14.907078]  -> wl_surface#89.attach(wl_buffer#73, 0, 0)
[18:58:14.907083]  -> wl_surface#89.damage_buffer(0, 0, 1280, 672)
[18:58:14.907085]  -> wl_surface#89.frame(new id wl_callback#98)
[18:58:14.907087] {Default Queue}  -> wp_presentation#20.feedback(wl_surface#89, new id wp_presentation_feedback#97)
[18:58:14.907089]  -> wl_surface#89.commit()
[18:58:14.907157] {Default Queue} wl_buffer#93.release()
[18:58:14.922427] {Display Queue} wl_display#1.delete_id(98)
[18:58:14.922434] {Display Queue} wl_display#1.delete_id(97)
[18:58:14.922435] {Default Queue} wl_callback#98.done(20668538)
[18:58:14.922450] {Default Queue} wp_presentation_feedback#97.sync_output(wl_output#28)
[18:58:14.922452] {Default Queue} wp_presentation_feedback#97.presented(0, 20668, 538185023, 0, 0, 0, 0)
[18:58:14.923437]  -> wl_surface#89.attach(wl_buffer#93, 0, 0)
[18:58:14.923441]  -> wl_surface#89.damage_buffer(0, 0, 1280, 672)
[18:58:14.923443]  -> wl_surface#89.frame(new id wl_callback#97)
[18:58:14.923445] {Default Queue}  -> wp_presentation#20.feedback(wl_surface#89, new id wp_presentation_feedback#98)
[18:58:14.923447]  -> wl_surface#89.commit()
[18:58:14.923529] {Default Queue} wl_buffer#73.release()
[18:58:14.938762] {Display Queue} wl_display#1.delete_id(97)
[18:58:14.938770] {Display Queue} wl_display#1.delete_id(98)
[18:58:14.938771] {Default Queue} wl_callback#97.done(20668554)
[18:58:14.938786] {Default Queue} wp_presentation_feedback#98.sync_output(wl_output#28)
[18:58:14.938787] {Default Queue} wp_presentation_feedback#98.presented(0, 20668, 554526501, 0, 0, 0, 0)
[18:58:14.939854]  -> wl_surface#89.attach(wl_buffer#73, 0, 0)
[18:58:14.939859]  -> wl_surface#89.damage_buffer(0, 0, 1280, 672)
[18:58:14.939860]  -> wl_surface#89.frame(new id wl_callback#98)
[18:58:14.939863] {Default Queue}  -> wp_presentation#20.feedback(wl_surface#89, new id wp_presentation_feedback#97)
[18:58:14.939865]  -> wl_surface#89.commit()
[18:58:14.939924] {Default Queue} wl_buffer#93.release()
[18:58:14.955149] {Display Queue} wl_display#1.delete_id(98)
[18:58:14.955157] {Display Queue} wl_display#1.delete_id(97)
[18:58:14.955159] {Default Queue} wl_callback#98.done(20668570)
[18:58:14.955172] {Default Queue} wp_presentation_feedback#97.sync_output(wl_output#28)
[18:58:14.955174] {Default Queue} wp_presentation_feedback#97.presented(0, 20668, 570911229, 0, 0, 0, 0)
[18:58:14.956297]  -> wl_surface#89.attach(wl_buffer#93, 0, 0)
[18:58:14.956304]  -> wl_surface#89.damage_buffer(0, 0, 1280, 672)
[18:58:14.956307]  -> wl_surface#89.frame(new id wl_callback#97)
[18:58:14.956309] {Default Queue}  -> wp_presentation#20.feedback(wl_surface#89, new id wp_presentation_feedback#98)
[18:58:14.956312]  -> wl_surface#89.commit()
[18:58:14.956407] {Default Queue} wl_buffer#73.release()
[18:58:14.971523] {Display Queue} wl_display#1.delete_id(97)
[18:58:14.971531] {Display Queue} wl_display#1.delete_id(98)
[18:58:14.971532] {Default Queue} wl_callback#97.done(20668587)
[18:58:14.971547] {Default Queue} wp_presentation_feedback#98.sync_output(wl_output#28)
[18:58:14.971549] {Default Queue} wp_presentation_feedback#98.presented(0, 20668, 587281028, 0, 0, 0, 0)
[18:58:14.972677]  -> wl_surface#89.attach(wl_buffer#73, 0, 0)
[18:58:14.972684]  -> wl_surface#89.damage_buffer(0, 0, 1280, 672)
[18:58:14.972686]  -> wl_surface#89.frame(new id wl_callback#98)
[18:58:14.972688] {Default Queue}  -> wp_presentation#20.feedback(wl_surface#89, new id wp_presentation_feedback#97)
[18:58:14.972690]  -> wl_surface#89.commit()
[18:58:14.972733] {Default Queue} wl_keyboard#100.key(48, 0, 1, 1)
[18:58:14.972958] {Default Queue} wl_buffer#93.release()
[18:58:14.973832] {Default Queue} wl_keyboard#100.key(49, 0, 1, 0)
[18:58:14.987891] {Display Queue} wl_display#1.delete_id(98)
[18:58:14.987900] {Display Queue} wl_display#1.delete_id(97)
[18:58:14.987901] {Default Queue} wl_callback#98.done(20668603)
[18:58:14.987916] {Default Queue} wp_presentation_feedback#97.sync_output(wl_output#28)
[18:58:14.987917] {Default Queue} wp_presentation_feedback#97.presented(0, 20668, 603651156, 0, 0, 0, 0)
[18:58:14.989115]  -> wl_surface#89.attach(wl_buffer#93, 0, 0)
[18:58:14.989121]  -> wl_surface#89.damage_buffer(0, 0, 1280, 672)
[18:58:14.989122]  -> wl_surface#89.frame(new id wl_callback#97)
[18:58:14.989125] {Default Queue}  -> wp_presentation#20.feedback(wl_surface#89, new id wp_presentation_feedback#98)
[18:58:14.989127]  -> wl_surface#89.commit()
info: event=services-focus target=other
[18:58:14.989203] {Default Queue} wl_buffer#73.release()
[18:58:15.004308] {Display Queue} wl_display#1.delete_id(97)
[18:58:15.004319] {Display Queue} wl_display#1.delete_id(98)
[18:58:15.004320] {Default Queue} wl_callback#97.done(20668620)
[18:58:15.004338] {Default Queue} wp_presentation_feedback#98.sync_output(wl_output#28)
[18:58:15.004340] {Default Queue} wp_presentation_feedback#98.presented(0, 20668, 620058854, 0, 0, 0, 0)
[18:58:15.005640]  -> wl_surface#89.attach(wl_buffer#73, 0, 0)
[18:58:15.005645]  -> wl_surface#89.damage_buffer(0, 0, 1280, 672)
[18:58:15.005647]  -> wl_surface#89.frame(new id wl_callback#98)
[18:58:15.005650] {Default Queue}  -> wp_presentation#20.feedback(wl_surface#89, new id wp_presentation_feedback#97)
[18:58:15.005652]  -> wl_surface#89.commit()
[18:58:15.005731] {Default Queue} wl_buffer#93.release()
[18:58:15.011053] {Default Queue} wl_keyboard#100.leave(50, wl_surface#89)
[18:58:15.011064] {Default Queue} wl_keyboard#100.leave(51, wl_surface#89)
[18:58:15.011065] {Default Queue} wl_seat#3.capabilities(1)
[18:58:15.011068] {Default Queue}  -> wl_keyboard#100.release()
[18:58:15.011768]  -> wl_surface#48.attach(wl_buffer#77, 0, 0)
[18:58:15.011775]  -> wl_surface#48.damage_buffer(0, 0, 1280, 48)
[18:58:15.011777]  -> wl_surface#48.frame(new id wl_callback#72)
[18:58:15.011780] {Default Queue}  -> wp_presentation#20.feedback(wl_surface#48, new id wp_presentation_feedback#99)
[18:58:15.011784]  -> wl_surface#48.commit()
[18:58:15.012163]  -> wl_surface#59.attach(wl_buffer#92, 0, 0)
[18:58:15.012166]  -> wl_surface#59.damage_buffer(0, 0, 1280, 48)
[18:58:15.012167]  -> wl_surface#59.frame(new id wl_callback#69)
[18:58:15.012169] {Default Queue}  -> wp_presentation#20.feedback(wl_surface#59, new id wp_presentation_feedback#96)
[18:58:15.012170]  -> wl_surface#59.commit()
[18:58:15.012255] {Display Queue} wl_display#1.delete_id(100)
[18:58:15.012261] {Default Queue} wl_seat#3.capabilities(3)
[18:58:15.012264] {Default Queue}  -> wl_seat#3.get_keyboard(new id wl_keyboard#100)
[18:58:15.012345] {Display Queue} wl_display#1.delete_id(69)
[18:58:15.012346] {Display Queue} wl_display#1.delete_id(96)
[18:58:15.012347] {Default Queue} wl_buffer#75.release()
[18:58:15.012348] {Default Queue} wl_buffer#85.release()
[18:58:15.012349] {Default Queue} wl_callback#69.done(20668628)
[18:58:15.012353] {Default Queue} wp_presentation_feedback#96.sync_output(wl_output#31)
[18:58:15.012355] {Default Queue} wp_presentation_feedback#96.presented(0, 20668, 628117957, 0, 0, 0, 0)
[18:58:15.012357] {Default Queue} wl_keyboard#100.keymap(1, fd 16, 1436)
[18:58:15.012427] {Default Queue} wl_keyboard#100.repeat_info(40, 400)
[18:58:15.012429] {Default Queue} wl_keyboard#100.enter(53, wl_surface#89, array[0])
[18:58:15.012432] {Default Queue} wl_keyboard#100.modifiers(54, 0, 0, 0, 0)
[18:58:15.020609] {Display Queue} wl_display#1.delete_id(72)
[18:58:15.020614] {Display Queue} wl_display#1.delete_id(98)
[18:58:15.020615] {Display Queue} wl_display#1.delete_id(99)
[18:58:15.020616] {Display Queue} wl_display#1.delete_id(97)
[18:58:15.020616] {Default Queue} wl_callback#72.done(20668636)
[18:58:15.020621] {Default Queue} wl_callback#98.done(20668636)
[18:58:15.020623] {Default Queue} wp_presentation_feedback#99.sync_output(wl_output#28)
[18:58:15.020624] {Default Queue} wp_presentation_feedback#99.presented(0, 20668, 636388322, 0, 0, 0, 0)
[18:58:15.020627] {Default Queue} wp_presentation_feedback#97.sync_output(wl_output#28)
[18:58:15.020628] {Default Queue} wp_presentation_feedback#97.presented(0, 20668, 636388322, 0, 0, 0, 0)
[18:58:15.021890]  -> wl_surface#89.attach(wl_buffer#93, 0, 0)
[18:58:15.021898]  -> wl_surface#89.damage_buffer(0, 0, 1280, 672)
[18:58:15.021900]  -> wl_surface#89.frame(new id wl_callback#97)
[18:58:15.021903] {Default Queue}  -> wp_presentation#20.feedback(wl_surface#89, new id wp_presentation_feedback#99)
[18:58:15.021906]  -> wl_surface#89.commit()
[18:58:15.022223]  -> wl_surface#48.attach(wl_buffer#75, 0, 0)
[18:58:15.022226]  -> wl_surface#48.damage_buffer(0, 0, 1280, 48)
[18:58:15.022227]  -> wl_surface#48.frame(new id wl_callback#98)
[18:58:15.022229] {Default Queue}  -> wp_presentation#20.feedback(wl_surface#48, new id wp_presentation_feedback#72)
[18:58:15.022230]  -> wl_surface#48.commit()
[18:58:15.022246] {Default Queue} wl_buffer#73.release()
[18:58:15.022251] {Default Queue} wl_buffer#77.release()
[18:58:15.028888]  -> wl_surface#59.attach(wl_buffer#85, 0, 0)
[18:58:15.028895]  -> wl_surface#59.damage_buffer(0, 0, 1280, 48)
[18:58:15.028897]  -> wl_surface#59.frame(new id wl_callback#96)
[18:58:15.028899] {Default Queue}  -> wp_presentation#20.feedback(wl_surface#59, new id wp_presentation_feedback#69)
[18:58:15.028901]  -> wl_surface#59.commit()
[18:58:15.029033] {Display Queue} wl_display#1.delete_id(96)
[18:58:15.029036] {Display Queue} wl_display#1.delete_id(69)
[18:58:15.029036] {Default Queue} wl_buffer#92.release()
[18:58:15.029037] {Default Queue} wl_callback#96.done(20668644)
[18:58:15.029044] {Default Queue} wp_presentation_feedback#69.sync_output(wl_output#31)
[18:58:15.029046] {Default Queue} wp_presentation_feedback#69.presented(0, 20668, 644814559, 0, 0, 0, 0)
[18:58:15.037180] {Display Queue} wl_display#1.delete_id(98)
[18:58:15.037186] {Display Queue} wl_display#1.delete_id(97)
[18:58:15.037187] {Display Queue} wl_display#1.delete_id(72)
[18:58:15.037188] {Display Queue} wl_display#1.delete_id(99)
[18:58:15.037188] {Default Queue} wl_callback#98.done(20668652)
[18:58:15.037201] {Default Queue} wl_callback#97.done(20668652)
[18:58:15.037204] {Default Queue} wp_presentation_feedback#72.sync_output(wl_output#28)
[18:58:15.037215] {Default Queue} wp_presentation_feedback#72.presented(0, 20668, 652941232, 0, 0, 0, 0)
[18:58:15.037217] {Default Queue} wp_presentation_feedback#99.sync_output(wl_output#28)
[18:58:15.037218] {Default Queue} wp_presentation_feedback#99.presented(0, 20668, 652941232, 0, 0, 0, 0)
[18:58:15.038575]  -> wl_surface#89.attach(wl_buffer#73, 0, 0)
[18:58:15.038580]  -> wl_surface#89.damage_buffer(0, 0, 1280, 672)
[18:58:15.038582]  -> wl_surface#89.frame(new id wl_callback#99)
[18:58:15.038585] {Default Queue}  -> wp_presentation#20.feedback(wl_surface#89, new id wp_presentation_feedback#72)
[18:58:15.038586]  -> wl_surface#89.commit()
[18:58:15.038652] {Default Queue} wl_buffer#93.release()
[18:58:15.053525] {Display Queue} wl_display#1.delete_id(99)
[18:58:15.053534] {Display Queue} wl_display#1.delete_id(72)
[18:58:15.053535] {Default Queue} wl_callback#99.done(20668669)
[18:58:15.053550] {Default Queue} wp_presentation_feedback#72.sync_output(wl_output#28)
[18:58:15.053552] {Default Queue} wp_presentation_feedback#72.presented(0, 20668, 669284860, 0, 0, 0, 0)
[18:58:15.054701]  -> wl_surface#89.attach(wl_buffer#93, 0, 0)
[18:58:15.054706]  -> wl_surface#89.damage_buffer(0, 0, 1280, 672)
[18:58:15.054708]  -> wl_surface#89.frame(new id wl_callback#72)
[18:58:15.054710] {Default Queue}  -> wp_presentation#20.feedback(wl_surface#89, new id wp_presentation_feedback#99)
[18:58:15.054712]  -> wl_surface#89.commit()
[18:58:15.054794] {Default Queue} wl_buffer#73.release()
[18:58:15.069874] {Display Queue} wl_display#1.delete_id(72)
[18:58:15.069883] {Display Queue} wl_display#1.delete_id(99)
[18:58:15.069884] {Default Queue} wl_callback#72.done(20668685)
[18:58:15.069899] {Default Queue} wp_presentation_feedback#99.sync_output(wl_output#28)
[18:58:15.069900] {Default Queue} wp_presentation_feedback#99.presented(0, 20668, 685633388, 0, 0, 0, 0)
[18:58:15.071041]  -> wl_surface#89.attach(wl_buffer#73, 0, 0)
[18:58:15.071046]  -> wl_surface#89.damage_buffer(0, 0, 1280, 672)
[18:58:15.071048]  -> wl_surface#89.frame(new id wl_callback#99)
[18:58:15.071050] {Default Queue}  -> wp_presentation#20.feedback(wl_surface#89, new id wp_presentation_feedback#72)
[18:58:15.071052]  -> wl_surface#89.commit()
[18:58:15.071122] {Default Queue} wl_buffer#93.release()
[18:58:15.086238] {Display Queue} wl_display#1.delete_id(99)
[18:58:15.086246] {Display Queue} wl_display#1.delete_id(72)
[18:58:15.086248] {Default Queue} wl_callback#99.done(20668701)
[18:58:15.086264] {Default Queue} wp_presentation_feedback#72.sync_output(wl_output#28)
[18:58:15.086265] {Default Queue} wp_presentation_feedback#72.presented(0, 20668, 701992186, 0, 0, 0, 0)
[18:58:15.087458]  -> wl_surface#89.attach(wl_buffer#93, 0, 0)
[18:58:15.087463]  -> wl_surface#89.damage_buffer(0, 0, 1280, 672)
[18:58:15.087465]  -> wl_surface#89.frame(new id wl_callback#72)
[18:58:15.087467] {Default Queue}  -> wp_presentation#20.feedback(wl_surface#89, new id wp_presentation_feedback#99)
[18:58:15.087469]  -> wl_surface#89.commit()
[18:58:15.087544] {Default Queue} wl_buffer#73.release()
[18:58:15.102611] {Display Queue} wl_display#1.delete_id(72)
[18:58:15.102619] {Display Queue} wl_display#1.delete_id(99)
[18:58:15.102621] {Default Queue} wl_callback#72.done(20668718)
[18:58:15.102636] {Default Queue} wp_presentation_feedback#99.sync_output(wl_output#28)
[18:58:15.102637] {Default Queue} wp_presentation_feedback#99.presented(0, 20668, 718372385, 0, 0, 0, 0)
[18:58:15.103795]  -> wl_surface#89.attach(wl_buffer#73, 0, 0)
[18:58:15.103801]  -> wl_surface#89.damage_buffer(0, 0, 1280, 672)
[18:58:15.103802]  -> wl_surface#89.frame(new id wl_callback#99)
[18:58:15.103804] {Default Queue}  -> wp_presentation#20.feedback(wl_surface#89, new id wp_presentation_feedback#72)
[18:58:15.103806]  -> wl_surface#89.commit()
[18:58:15.103881] {Default Queue} wl_buffer#93.release()
[18:58:15.112359] {Default Queue} wl_keyboard#100.key(55, 0, 1, 1)
[18:58:15.114424] {Default Queue} wl_keyboard#100.key(56, 0, 1, 0)
[18:58:15.118918] {Display Queue} wl_display#1.delete_id(99)
[18:58:15.118922] {Display Queue} wl_display#1.delete_id(72)
[18:58:15.118923] {Default Queue} wl_callback#99.done(20668734)
[18:58:15.118931] {Default Queue} wp_presentation_feedback#72.sync_output(wl_output#28)
[18:58:15.118932] {Default Queue} wp_presentation_feedback#72.presented(0, 20668, 734695253, 0, 0, 0, 0)
[18:58:15.120169]  -> wl_surface#89.attach(wl_buffer#93, 0, 0)
[18:58:15.120176]  -> wl_surface#89.damage_buffer(0, 0, 1280, 672)
[18:58:15.120179]  -> wl_surface#89.frame(new id wl_callback#72)
[18:58:15.120181] {Default Queue}  -> wp_presentation#20.feedback(wl_surface#89, new id wp_presentation_feedback#99)
[18:58:15.120183]  -> wl_surface#89.commit()
info: event=services-focus target=other
[18:58:15.120280] {Default Queue} wl_buffer#73.release()
[18:58:15.135326] {Display Queue} wl_display#1.delete_id(72)
[18:58:15.135334] {Display Queue} wl_display#1.delete_id(99)
[18:58:15.135336] {Default Queue} wl_callback#72.done(20668751)
[18:58:15.135351] {Default Queue} wp_presentation_feedback#99.sync_output(wl_output#28)
[18:58:15.135352] {Default Queue} wp_presentation_feedback#99.presented(0, 20668, 751085171, 0, 0, 0, 0)
[18:58:15.136628]  -> wl_surface#89.attach(wl_buffer#73, 0, 0)
[18:58:15.136633]  -> wl_surface#89.damage_buffer(0, 0, 1280, 672)
[18:58:15.136634]  -> wl_surface#89.frame(new id wl_callback#99)
[18:58:15.136636] {Default Queue}  -> wp_presentation#20.feedback(wl_surface#89, new id wp_presentation_feedback#72)
[18:58:15.136638]  -> wl_surface#89.commit()
[18:58:15.136704] {Default Queue} wl_buffer#93.release()
[18:58:15.151669] {Display Queue} wl_display#1.delete_id(99)
[18:58:15.151677] {Display Queue} wl_display#1.delete_id(72)
[18:58:15.151678] {Default Queue} wl_callback#99.done(20668767)
[18:58:15.151694] {Default Queue} wp_presentation_feedback#72.sync_output(wl_output#28)
[18:58:15.151695] {Default Queue} wp_presentation_feedback#72.presented(0, 20668, 767429559, 0, 0, 0, 0)
[18:58:15.152852]  -> wl_surface#89.attach(wl_buffer#93, 0, 0)
[18:58:15.152856]  -> wl_surface#89.damage_buffer(0, 0, 1280, 672)
[18:58:15.152858]  -> wl_surface#89.frame(new id wl_callback#72)
[18:58:15.152860] {Default Queue}  -> wp_presentation#20.feedback(wl_surface#89, new id wp_presentation_feedback#99)
[18:58:15.152862]  -> wl_surface#89.commit()
[18:58:15.152894] {Default Queue} wl_keyboard#100.leave(57, wl_surface#89)
[18:58:15.152899] {Default Queue} wl_keyboard#100.leave(58, wl_surface#89)
[18:58:15.152900] {Default Queue} wl_seat#3.capabilities(1)
[18:58:15.152901] {Default Queue}  -> wl_keyboard#100.release()
[18:58:15.153470]  -> wl_surface#48.attach(wl_buffer#77, 0, 0)
[18:58:15.153475]  -> wl_surface#48.damage_buffer(0, 0, 1280, 48)
[18:58:15.153477]  -> wl_surface#48.frame(new id wl_callback#97)
[18:58:15.153479] {Default Queue}  -> wp_presentation#20.feedback(wl_surface#48, new id wp_presentation_feedback#98)
[18:58:15.153481]  -> wl_surface#48.commit()
[18:58:15.153816]  -> wl_surface#59.attach(wl_buffer#92, 0, 0)
[18:58:15.153819]  -> wl_surface#59.damage_buffer(0, 0, 1280, 48)
[18:58:15.153821]  -> wl_surface#59.frame(new id wl_callback#69)
[18:58:15.153822] {Default Queue}  -> wp_presentation#20.feedback(wl_surface#59, new id wp_presentation_feedback#96)
[18:58:15.153823]  -> wl_surface#59.commit()
[18:58:15.153843] {Display Queue} wl_display#1.delete_id(100)
[18:58:15.153844] {Default Queue} wl_seat#3.capabilities(3)
[18:58:15.153846] {Default Queue}  -> wl_seat#3.get_keyboard(new id wl_keyboard#100)
[18:58:15.153857] {Default Queue} wl_buffer#73.release()
[18:58:15.153942] {Display Queue} wl_display#1.delete_id(69)
[18:58:15.153943] {Display Queue} wl_display#1.delete_id(96)
[18:58:15.153944] {Default Queue} wl_buffer#75.release()
[18:58:15.153944] {Default Queue} wl_buffer#85.release()
[18:58:15.153945] {Default Queue} wl_callback#69.done(20668769)
[18:58:15.153949] {Default Queue} wp_presentation_feedback#96.sync_output(wl_output#31)
[18:58:15.153950] {Default Queue} wp_presentation_feedback#96.presented(0, 20668, 769694139, 0, 0, 0, 0)
[18:58:15.153958] {Default Queue} wl_keyboard#100.keymap(1, fd 16, 1436)
[18:58:15.154032] {Default Queue} wl_keyboard#100.repeat_info(40, 400)
[18:58:15.154034] {Default Queue} wl_keyboard#100.enter(60, wl_surface#89, array[0])
[18:58:15.154037] {Default Queue} wl_keyboard#100.modifiers(61, 0, 0, 0, 0)
[18:58:15.168055] {Display Queue} wl_display#1.delete_id(97)
[18:58:15.168063] {Display Queue} wl_display#1.delete_id(72)
[18:58:15.168064] {Display Queue} wl_display#1.delete_id(98)
[18:58:15.168065] {Display Queue} wl_display#1.delete_id(99)
[18:58:15.168066] {Default Queue} wl_callback#97.done(20668783)
[18:58:15.168079] {Default Queue} wl_callback#72.done(20668783)
[18:58:15.168082] {Default Queue} wp_presentation_feedback#98.sync_output(wl_output#28)
[18:58:15.168084] {Default Queue} wp_presentation_feedback#98.presented(0, 20668, 783814217, 0, 0, 0, 0)
[18:58:15.168087] {Default Queue} wp_presentation_feedback#99.sync_output(wl_output#28)
[18:58:15.168088] {Default Queue} wp_presentation_feedback#99.presented(0, 20668, 783814217, 0, 0, 0, 0)
[18:58:15.169580]  -> wl_surface#89.attach(wl_buffer#73, 0, 0)
[18:58:15.169588]  -> wl_surface#89.damage_buffer(0, 0, 1280, 672)
[18:58:15.169590]  -> wl_surface#89.frame(new id wl_callback#99)
[18:58:15.169594] {Default Queue}  -> wp_presentation#20.feedback(wl_surface#89, new id wp_presentation_feedback#98)
[18:58:15.169597]  -> wl_surface#89.commit()
[18:58:15.169859]  -> wl_surface#48.attach(wl_buffer#75, 0, 0)
[18:58:15.169862]  -> wl_surface#48.damage_buffer(0, 0, 1280, 48)
[18:58:15.169863]  -> wl_surface#48.frame(new id wl_callback#72)
[18:58:15.169865] {Default Queue}  -> wp_presentation#20.feedback(wl_surface#48, new id wp_presentation_feedback#97)
[18:58:15.169866]  -> wl_surface#48.commit()
[18:58:15.169880] {Default Queue} wl_buffer#93.release()
[18:58:15.169888] {Default Queue} wl_buffer#77.release()
[18:58:15.170475]  -> wl_surface#59.attach(wl_buffer#85, 0, 0)
[18:58:15.170480]  -> wl_surface#59.damage_buffer(0, 0, 1280, 48)
[18:58:15.170482]  -> wl_surface#59.frame(new id wl_callback#96)
[18:58:15.170484] {Default Queue}  -> wp_presentation#20.feedback(wl_surface#59, new id wp_presentation_feedback#69)
[18:58:15.170485]  -> wl_surface#59.commit()
[18:58:15.170645] {Display Queue} wl_display#1.delete_id(96)
[18:58:15.170649] {Display Queue} wl_display#1.delete_id(69)
[18:58:15.170650] {Default Queue} wl_buffer#92.release()
[18:58:15.170651] {Default Queue} wl_callback#96.done(20668786)
[18:58:15.170659] {Default Queue} wp_presentation_feedback#69.sync_output(wl_output#31)
[18:58:15.170660] {Default Queue} wp_presentation_feedback#69.presented(0, 20668, 786375500, 0, 0, 0, 0)
[18:58:15.184460] {Display Queue} wl_display#1.delete_id(72)
[18:58:15.184468] {Display Queue} wl_display#1.delete_id(99)
[18:58:15.184469] {Display Queue} wl_display#1.delete_id(97)
[18:58:15.184470] {Display Queue} wl_display#1.delete_id(98)
[18:58:15.184471] {Default Queue} wl_callback#72.done(20668800)
[18:58:15.184485] {Default Queue} wl_callback#99.done(20668800)
[18:58:15.184488] {Default Queue} wp_presentation_feedback#97.sync_output(wl_output#28)
[18:58:15.184489] {Default Queue} wp_presentation_feedback#97.presented(0, 20668, 800221736, 0, 0, 0, 0)
[18:58:15.184493] {Default Queue} wp_presentation_feedback#98.sync_output(wl_output#28)
[18:58:15.184494] {Default Queue} wp_presentation_feedback#98.presented(0, 20668, 800221736, 0, 0, 0, 0)
[18:58:15.185731]  -> wl_surface#89.attach(wl_buffer#93, 0, 0)
[18:58:15.185736]  -> wl_surface#89.damage_buffer(0, 0, 1280, 672)
[18:58:15.185738]  -> wl_surface#89.frame(new id wl_callback#98)
[18:58:15.185740] {Default Queue}  -> wp_presentation#20.feedback(wl_surface#89, new id wp_presentation_feedback#97)
[18:58:15.185742]  -> wl_surface#89.commit()
[18:58:15.185817] {Default Queue} wl_buffer#73.release()
[18:58:15.200816] {Display Queue} wl_display#1.delete_id(98)
[18:58:15.200824] {Display Queue} wl_display#1.delete_id(97)
[18:58:15.200825] {Default Queue} wl_callback#98.done(20668816)
[18:58:15.200840] {Default Queue} wp_presentation_feedback#97.sync_output(wl_output#28)
[18:58:15.200842] {Default Queue} wp_presentation_feedback#97.presented(0, 20668, 816574394, 0, 0, 0, 0)
[18:58:15.201996]  -> wl_surface#89.attach(wl_buffer#73, 0, 0)
[18:58:15.202002]  -> wl_surface#89.damage_buffer(0, 0, 1280, 672)
[18:58:15.202005]  -> wl_surface#89.frame(new id wl_callback#97)
[18:58:15.202007] {Default Queue}  -> wp_presentation#20.feedback(wl_surface#89, new id wp_presentation_feedback#98)
[18:58:15.202009]  -> wl_surface#89.commit()
[18:58:15.202079] {Default Queue} wl_buffer#93.release()
[18:58:15.217302] {Display Queue} wl_display#1.delete_id(97)
[18:58:15.217308] {Display Queue} wl_display#1.delete_id(98)
[18:58:15.217309] {Default Queue} wl_callback#97.done(20668833)
[18:58:15.217319] {Default Queue} wp_presentation_feedback#98.sync_output(wl_output#28)
[18:58:15.217321] {Default Queue} wp_presentation_feedback#98.presented(0, 20668, 833069263, 0, 0, 0, 0)
[18:58:15.218585]  -> wl_surface#89.attach(wl_buffer#93, 0, 0)
[18:58:15.218594]  -> wl_surface#89.damage_buffer(0, 0, 1280, 672)
[18:58:15.218596]  -> wl_surface#89.frame(new id wl_callback#98)
[18:58:15.218600] {Default Queue}  -> wp_presentation#20.feedback(wl_surface#89, new id wp_presentation_feedback#97)
[18:58:15.218603]  -> wl_surface#89.commit()
[18:58:15.218698] {Default Queue} wl_buffer#73.release()
[18:58:15.233746] {Display Queue} wl_display#1.delete_id(98)
[18:58:15.233756] {Display Queue} wl_display#1.delete_id(97)
[18:58:15.233759] {Default Queue} wl_callback#98.done(20668849)
[18:58:15.233775] {Default Queue} wp_presentation_feedback#97.sync_output(wl_output#28)
[18:58:15.233777] {Default Queue} wp_presentation_feedback#97.presented(0, 20668, 849501882, 0, 0, 0, 0)
[18:58:15.235346]  -> wl_surface#89.attach(wl_buffer#73, 0, 0)
[18:58:15.235351]  -> wl_surface#89.damage_buffer(0, 0, 1280, 672)
[18:58:15.235353]  -> wl_surface#89.frame(new id wl_callback#97)
[18:58:15.235356] {Default Queue}  -> wp_presentation#20.feedback(wl_surface#89, new id wp_presentation_feedback#98)
[18:58:15.235358]  -> wl_surface#89.commit()
[18:58:15.235428] {Default Queue} wl_buffer#93.release()
[18:58:15.250042] {Display Queue} wl_display#1.delete_id(97)
[18:58:15.250047] {Display Queue} wl_display#1.delete_id(98)
[18:58:15.250048] {Default Queue} wl_callback#97.done(20668865)
[18:58:15.250054] {Default Queue} wp_presentation_feedback#98.sync_output(wl_output#28)
[18:58:15.250055] {Default Queue} wp_presentation_feedback#98.presented(0, 20668, 865820990, 0, 0, 0, 0)
[18:58:15.250980]  -> wl_surface#89.attach(wl_buffer#93, 0, 0)
[18:58:15.250986]  -> wl_surface#89.damage_buffer(0, 0, 1280, 672)
[18:58:15.250987]  -> wl_surface#89.frame(new id wl_callback#98)
[18:58:15.250989] {Default Queue}  -> wp_presentation#20.feedback(wl_surface#89, new id wp_presentation_feedback#97)
[18:58:15.250991]  -> wl_surface#89.commit()
[18:58:15.251037] {Default Queue} wl_buffer#73.release()
[18:58:15.253356] {Default Queue} wl_keyboard#100.key(62, 0, 1, 1)
[18:58:15.255470] {Default Queue} wl_keyboard#100.key(63, 0, 1, 0)
[18:58:15.266471] {Display Queue} wl_display#1.delete_id(98)
[18:58:15.266479] {Display Queue} wl_display#1.delete_id(97)
[18:58:15.266480] {Default Queue} wl_callback#98.done(20668882)
[18:58:15.266495] {Default Queue} wp_presentation_feedback#97.sync_output(wl_output#28)
[18:58:15.266498] {Default Queue} wp_presentation_feedback#97.presented(0, 20668, 882228648, 0, 0, 0, 0)
[18:58:15.268031]  -> wl_surface#89.attach(wl_buffer#73, 0, 0)
[18:58:15.268051]  -> wl_surface#89.damage_buffer(0, 0, 1280, 672)
[18:58:15.268053]  -> wl_surface#89.frame(new id wl_callback#97)
[18:58:15.268056] {Default Queue}  -> wp_presentation#20.feedback(wl_surface#89, new id wp_presentation_feedback#98)
[18:58:15.268059]  -> wl_surface#89.commit()
info: event=services-focus target=other
[18:58:15.268173] {Default Queue} wl_buffer#93.release()
[18:58:15.282880] {Display Queue} wl_display#1.delete_id(97)
[18:58:15.282889] {Display Queue} wl_display#1.delete_id(98)
[18:58:15.282890] {Default Queue} wl_callback#97.done(20668898)
[18:58:15.282910] {Default Queue} wp_presentation_feedback#98.sync_output(wl_output#28)
[18:58:15.282914] {Default Queue} wp_presentation_feedback#98.presented(0, 20668, 898614357, 0, 0, 0, 0)
[18:58:15.283931]  -> wl_surface#89.attach(wl_buffer#93, 0, 0)
[18:58:15.283936]  -> wl_surface#89.damage_buffer(0, 0, 1280, 672)
[18:58:15.283938]  -> wl_surface#89.frame(new id wl_callback#98)
[18:58:15.283939] {Default Queue}  -> wp_presentation#20.feedback(wl_surface#89, new id wp_presentation_feedback#97)
[18:58:15.283941]  -> wl_surface#89.commit()
[18:58:15.283993] {Default Queue} wl_buffer#73.release()
[18:58:15.292681] {Default Queue} wl_keyboard#100.leave(64, wl_surface#89)
[18:58:15.292688] {Default Queue} wl_keyboard#100.leave(65, wl_surface#89)
[18:58:15.292689] {Default Queue} wl_seat#3.capabilities(1)
[18:58:15.292691] {Default Queue}  -> wl_keyboard#100.release()
[18:58:15.293158]  -> wl_surface#48.attach(wl_buffer#77, 0, 0)
[18:58:15.293162]  -> wl_surface#48.damage_buffer(0, 0, 1280, 48)
[18:58:15.293163]  -> wl_surface#48.frame(new id wl_callback#99)
[18:58:15.293165] {Default Queue}  -> wp_presentation#20.feedback(wl_surface#48, new id wp_presentation_feedback#72)
[18:58:15.293167]  -> wl_surface#48.commit()
[18:58:15.293338]  -> wl_surface#59.attach(wl_buffer#92, 0, 0)
[18:58:15.293340]  -> wl_surface#59.damage_buffer(0, 0, 1280, 48)
[18:58:15.293341]  -> wl_surface#59.frame(new id wl_callback#69)
[18:58:15.293342] {Default Queue}  -> wp_presentation#20.feedback(wl_surface#59, new id wp_presentation_feedback#96)
[18:58:15.293343]  -> wl_surface#59.commit()
[18:58:15.293514] {Display Queue} wl_display#1.delete_id(100)
[18:58:15.293523] {Display Queue} wl_display#1.delete_id(69)
[18:58:15.293525] {Display Queue} wl_display#1.delete_id(96)
[18:58:15.293526] {Default Queue} wl_buffer#75.release()
[18:58:15.293528] {Default Queue} wl_buffer#85.release()
[18:58:15.293529] {Default Queue} wl_callback#69.done(20668909)
[18:58:15.293545] {Default Queue} wp_presentation_feedback#96.sync_output(wl_output#31)
[18:58:15.293546] {Default Queue} wp_presentation_feedback#96.presented(0, 20668, 909274643, 0, 0, 0, 0)
[18:58:15.294232] {Default Queue} wl_seat#3.capabilities(3)
[18:58:15.294240] {Default Queue}  -> wl_seat#3.get_keyboard(new id wl_keyboard#96)
[18:58:15.294424] {Default Queue} wl_keyboard#96.keymap(1, fd 16, 1436)
[18:58:15.294497] {Default Queue} wl_keyboard#96.repeat_info(40, 400)
[18:58:15.294499] {Default Queue} wl_keyboard#96.enter(67, wl_surface#89, array[0])
[18:58:15.294504] {Default Queue} wl_keyboard#96.modifiers(68, 0, 0, 0, 0)
[18:58:15.299312] {Display Queue} wl_display#1.delete_id(99)
[18:58:15.299317] {Display Queue} wl_display#1.delete_id(98)
[18:58:15.299318] {Display Queue} wl_display#1.delete_id(72)
[18:58:15.299319] {Display Queue} wl_display#1.delete_id(97)
[18:58:15.299320] {Default Queue} wl_callback#99.done(20668915)
[18:58:15.299324] {Default Queue} wl_callback#98.done(20668915)
[18:58:15.299327] {Default Queue} wp_presentation_feedback#72.sync_output(wl_output#28)
[18:58:15.299328] {Default Queue} wp_presentation_feedback#72.presented(0, 20668, 915066766, 0, 0, 0, 0)
[18:58:15.299330] {Default Queue} wp_presentation_feedback#97.sync_output(wl_output#28)
[18:58:15.299331] {Default Queue} wp_presentation_feedback#97.presented(0, 20668, 915066766, 0, 0, 0, 0)
[18:58:15.300268]  -> wl_surface#89.attach(wl_buffer#73, 0, 0)
[18:58:15.300272]  -> wl_surface#89.damage_buffer(0, 0, 1280, 672)
[18:58:15.300273]  -> wl_surface#89.frame(new id wl_callback#97)
[18:58:15.300275] {Default Queue}  -> wp_presentation#20.feedback(wl_surface#89, new id wp_presentation_feedback#72)
[18:58:15.300276]  -> wl_surface#89.commit()
[18:58:15.300435]  -> wl_surface#48.attach(wl_buffer#75, 0, 0)
[18:58:15.300437]  -> wl_surface#48.damage_buffer(0, 0, 1280, 48)
[18:58:15.300438]  -> wl_surface#48.frame(new id wl_callback#98)
[18:58:15.300439] {Default Queue}  -> wp_presentation#20.feedback(wl_surface#48, new id wp_presentation_feedback#99)
[18:58:15.300440]  -> wl_surface#48.commit()
[18:58:15.300450] {Default Queue} wl_buffer#93.release()
[18:58:15.300473] {Default Queue} wl_buffer#77.release()
[18:58:15.309625]  -> wl_surface#59.attach(wl_buffer#85, 0, 0)
[18:58:15.309630]  -> wl_surface#59.damage_buffer(0, 0, 1280, 48)
[18:58:15.309631]  -> wl_surface#59.frame(new id wl_callback#69)
[18:58:15.309633] {Default Queue}  -> wp_presentation#20.feedback(wl_surface#59, new id wp_presentation_feedback#100)
[18:58:15.309634]  -> wl_surface#59.commit()
[18:58:15.309704] {Display Queue} wl_display#1.delete_id(69)
[18:58:15.309706] {Display Queue} wl_display#1.delete_id(100)
[18:58:15.309707] {Default Queue} wl_buffer#92.release()
[18:58:15.309708] {Default Queue} wl_callback#69.done(20668925)
[18:58:15.309711] {Default Queue} wp_presentation_feedback#100.sync_output(wl_output#31)
[18:58:15.309712] {Default Queue} wp_presentation_feedback#100.presented(0, 20668, 925487600, 0, 0, 0, 0)
[18:58:15.315570] {Display Queue} wl_display#1.delete_id(98)
[18:58:15.315574] {Display Queue} wl_display#1.delete_id(97)
[18:58:15.315575] {Display Queue} wl_display#1.delete_id(99)
[18:58:15.315576] {Display Queue} wl_display#1.delete_id(72)
[18:58:15.315576] {Default Queue} wl_callback#98.done(20668931)
[18:58:15.315580] {Default Queue} wl_callback#97.done(20668931)
[18:58:15.315582] {Default Queue} wp_presentation_feedback#99.sync_output(wl_output#28)
[18:58:15.315583] {Default Queue} wp_presentation_feedback#99.presented(0, 20668, 931350273, 0, 0, 0, 0)
[18:58:15.315584] {Default Queue} wp_presentation_feedback#72.sync_output(wl_output#28)
[18:58:15.315585] {Default Queue} wp_presentation_feedback#72.presented(0, 20668, 931350273, 0, 0, 0, 0)
[18:58:15.316413]  -> wl_surface#89.attach(wl_buffer#93, 0, 0)
[18:58:15.316417]  -> wl_surface#89.damage_buffer(0, 0, 1280, 672)
[18:58:15.316418]  -> wl_surface#89.frame(new id wl_callback#72)
[18:58:15.316420] {Default Queue}  -> wp_presentation#20.feedback(wl_surface#89, new id wp_presentation_feedback#99)
[18:58:15.316421]  -> wl_surface#89.commit()
[18:58:15.316455] {Default Queue} wl_buffer#73.release()
[18:58:15.331837] {Display Queue} wl_display#1.delete_id(72)
[18:58:15.331842] {Display Queue} wl_display#1.delete_id(99)
[18:58:15.331843] {Default Queue} wl_callback#72.done(20668947)
[18:58:15.331848] {Default Queue} wp_presentation_feedback#99.sync_output(wl_output#28)
[18:58:15.331849] {Default Queue} wp_presentation_feedback#99.presented(0, 20668, 947616970, 0, 0, 0, 0)
[18:58:15.332612]  -> wl_surface#89.attach(wl_buffer#73, 0, 0)
[18:58:15.332615]  -> wl_surface#89.damage_buffer(0, 0, 1280, 672)
[18:58:15.332617]  -> wl_surface#89.frame(new id wl_callback#99)
[18:58:15.332618] {Default Queue}  -> wp_presentation#20.feedback(wl_surface#89, new id wp_presentation_feedback#72)
[18:58:15.332620]  -> wl_surface#89.commit()
[18:58:15.332660] {Default Queue} wl_buffer#93.release()
[18:58:15.348070] {Display Queue} wl_display#1.delete_id(99)
[18:58:15.348074] {Display Queue} wl_display#1.delete_id(72)
[18:58:15.348076] {Default Queue} wl_callback#99.done(20668963)
[18:58:15.348081] {Default Queue} wp_presentation_feedback#72.sync_output(wl_output#28)
[18:58:15.348082] {Default Queue} wp_presentation_feedback#72.presented(0, 20668, 963849687, 0, 0, 0, 0)
[18:58:15.348807]  -> wl_surface#89.attach(wl_buffer#93, 0, 0)
[18:58:15.348810]  -> wl_surface#89.damage_buffer(0, 0, 1280, 672)
[18:58:15.348812]  -> wl_surface#89.frame(new id wl_callback#72)
[18:58:15.348813] {Default Queue}  -> wp_presentation#20.feedback(wl_surface#89, new id wp_presentation_feedback#99)
[18:58:15.348815]  -> wl_surface#89.commit()
[18:58:15.348847] {Default Queue} wl_buffer#73.release()
[18:58:15.364300] {Display Queue} wl_display#1.delete_id(72)
[18:58:15.364304] {Display Queue} wl_display#1.delete_id(99)
[18:58:15.364305] {Default Queue} wl_callback#72.done(20668980)
[18:58:15.364310] {Default Queue} wp_presentation_feedback#99.sync_output(wl_output#28)
[18:58:15.364311] {Default Queue} wp_presentation_feedback#99.presented(0, 20668, 980080514, 0, 0, 0, 0)
[18:58:15.365028]  -> wl_surface#89.attach(wl_buffer#73, 0, 0)
[18:58:15.365031]  -> wl_surface#89.damage_buffer(0, 0, 1280, 672)
[18:58:15.365033]  -> wl_surface#89.frame(new id wl_callback#99)
[18:58:15.365034] {Default Queue}  -> wp_presentation#20.feedback(wl_surface#89, new id wp_presentation_feedback#72)
[18:58:15.365036]  -> wl_surface#89.commit()
[18:58:15.365068] {Default Queue} wl_buffer#93.release()
[18:58:15.380491] {Display Queue} wl_display#1.delete_id(99)
[18:58:15.380495] {Display Queue} wl_display#1.delete_id(72)
[18:58:15.380496] {Default Queue} wl_callback#99.done(20668996)
[18:58:15.380500] {Default Queue} wp_presentation_feedback#72.sync_output(wl_output#28)
[18:58:15.380501] {Default Queue} wp_presentation_feedback#72.presented(0, 20668, 996270491, 0, 0, 0, 0)
[18:58:15.381184]  -> wl_surface#89.attach(wl_buffer#93, 0, 0)
[18:58:15.381188]  -> wl_surface#89.damage_buffer(0, 0, 1280, 672)
[18:58:15.381189]  -> wl_surface#89.frame(new id wl_callback#72)
[18:58:15.381190] {Default Queue}  -> wp_presentation#20.feedback(wl_surface#89, new id wp_presentation_feedback#99)
[18:58:15.381192]  -> wl_surface#89.commit()
[18:58:15.381227] {Default Queue} wl_buffer#73.release()
[18:58:15.394368] {Default Queue} wl_keyboard#96.key(69, 0, 1, 1)
[18:58:15.396441] {Default Queue} wl_keyboard#96.key(70, 0, 1, 0)
[18:58:15.396694] {Display Queue} wl_display#1.delete_id(72)
[18:58:15.396698] {Display Queue} wl_display#1.delete_id(99)
[18:58:15.396700] {Default Queue} wl_callback#72.done(20669012)
[18:58:15.396704] {Default Queue} wp_presentation_feedback#99.sync_output(wl_output#28)
[18:58:15.396705] {Default Queue} wp_presentation_feedback#99.presented(0, 20669, 12474958, 0, 0, 0, 0)
[18:58:15.397604]  -> wl_surface#89.attach(wl_buffer#73, 0, 0)
[18:58:15.397609]  -> wl_surface#89.damage_buffer(0, 0, 1280, 672)
[18:58:15.397611]  -> wl_surface#89.frame(new id wl_callback#99)
[18:58:15.397612] {Default Queue}  -> wp_presentation#20.feedback(wl_surface#89, new id wp_presentation_feedback#72)
[18:58:15.397614]  -> wl_surface#89.commit()
info: event=services-focus target=other
[18:58:15.397697] {Default Queue} wl_buffer#93.release()
[18:58:15.413153] {Display Queue} wl_display#1.delete_id(99)
[18:58:15.413161] {Display Queue} wl_display#1.delete_id(72)
[18:58:15.413163] {Default Queue} wl_callback#99.done(20669028)
[18:58:15.413178] {Default Queue} wp_presentation_feedback#72.sync_output(wl_output#28)
[18:58:15.413179] {Default Queue} wp_presentation_feedback#72.presented(0, 20669, 28914637, 0, 0, 0, 0)
[18:58:15.414478]  -> wl_surface#89.attach(wl_buffer#93, 0, 0)
[18:58:15.414483]  -> wl_surface#89.damage_buffer(0, 0, 1280, 672)
[18:58:15.414485]  -> wl_surface#89.frame(new id wl_callback#72)
[18:58:15.414487] {Default Queue}  -> wp_presentation#20.feedback(wl_surface#89, new id wp_presentation_feedback#99)
[18:58:15.414489]  -> wl_surface#89.commit()
[18:58:15.414563] {Default Queue} wl_buffer#73.release()
[18:58:15.429573] {Display Queue} wl_display#1.delete_id(72)
[18:58:15.429581] {Display Queue} wl_display#1.delete_id(99)
[18:58:15.429583] {Default Queue} wl_callback#72.done(20669045)
[18:58:15.429597] {Default Queue} wp_presentation_feedback#99.sync_output(wl_output#28)
[18:58:15.429599] {Default Queue} wp_presentation_feedback#99.presented(0, 20669, 45330425, 0, 0, 0, 0)
[18:58:15.430773]  -> wl_surface#89.attach(wl_buffer#73, 0, 0)
[18:58:15.430779]  -> wl_surface#89.damage_buffer(0, 0, 1280, 672)
[18:58:15.430781]  -> wl_surface#89.frame(new id wl_callback#99)
[18:58:15.430783] {Default Queue}  -> wp_presentation#20.feedback(wl_surface#89, new id wp_presentation_feedback#72)
[18:58:15.430785]  -> wl_surface#89.commit()
[18:58:15.430858] {Default Queue} wl_buffer#93.release()
[18:58:15.433716] {Default Queue} wl_keyboard#96.leave(71, wl_surface#89)
[18:58:15.433729] {Default Queue} wl_keyboard#96.leave(72, wl_surface#89)
[18:58:15.433730] {Default Queue} wl_seat#3.capabilities(1)
[18:58:15.433733] {Default Queue}  -> wl_keyboard#96.release()
[18:58:15.434292]  -> wl_surface#48.attach(wl_buffer#77, 0, 0)
[18:58:15.434297]  -> wl_surface#48.damage_buffer(0, 0, 1280, 48)
[18:58:15.434299]  -> wl_surface#48.frame(new id wl_callback#97)
[18:58:15.434301] {Default Queue}  -> wp_presentation#20.feedback(wl_surface#48, new id wp_presentation_feedback#98)
[18:58:15.434302]  -> wl_surface#48.commit()
[18:58:15.434478]  -> wl_surface#59.attach(wl_buffer#92, 0, 0)
[18:58:15.434481]  -> wl_surface#59.damage_buffer(0, 0, 1280, 48)
[18:58:15.434482]  -> wl_surface#59.frame(new id wl_callback#100)
[18:58:15.434483] {Default Queue}  -> wp_presentation#20.feedback(wl_surface#59, new id wp_presentation_feedback#69)
[18:58:15.434484]  -> wl_surface#59.commit()
[18:58:15.434579] {Display Queue} wl_display#1.delete_id(96)
[18:58:15.434581] {Display Queue} wl_display#1.delete_id(100)
[18:58:15.434582] {Display Queue} wl_display#1.delete_id(69)
[18:58:15.434582] {Default Queue} wl_buffer#75.release()
[18:58:15.434583] {Default Queue} wl_buffer#85.release()
[18:58:15.434584] {Default Queue} wl_callback#100.done(20669050)
[18:58:15.434586] {Default Queue} wp_presentation_feedback#69.sync_output(wl_output#31)
[18:58:15.434587] {Default Queue} wp_presentation_feedback#69.presented(0, 20669, 50363861, 0, 0, 0, 0)
[18:58:15.435324] {Default Queue} wl_seat#3.capabilities(3)
[18:58:15.435331] {Default Queue}  -> wl_seat#3.get_keyboard(new id wl_keyboard#69)
[18:58:15.435506] {Default Queue} wl_keyboard#69.keymap(1, fd 16, 1436)
[18:58:15.435582] {Default Queue} wl_keyboard#69.repeat_info(40, 400)
[18:58:15.435583] {Default Queue} wl_keyboard#69.enter(74, wl_surface#89, array[0])
[18:58:15.435588] {Default Queue} wl_keyboard#69.modifiers(75, 0, 0, 0, 0)
[18:58:15.445943] {Display Queue} wl_display#1.delete_id(97)
[18:58:15.445950] {Display Queue} wl_display#1.delete_id(99)
[18:58:15.445951] {Display Queue} wl_display#1.delete_id(98)
[18:58:15.445952] {Display Queue} wl_display#1.delete_id(72)
[18:58:15.445953] {Default Queue} wl_callback#97.done(20669061)
[18:58:15.445968] {Default Queue} wl_callback#99.done(20669061)
[18:58:15.445971] {Default Queue} wp_presentation_feedback#98.sync_output(wl_output#28)
[18:58:15.445973] {Default Queue} wp_presentation_feedback#98.presented(0, 20669, 61705163, 0, 0, 0, 0)
[18:58:15.445976] {Default Queue} wp_presentation_feedback#72.sync_output(wl_output#28)
[18:58:15.445977] {Default Queue} wp_presentation_feedback#72.presented(0, 20669, 61705163, 0, 0, 0, 0)
[18:58:15.447171]  -> wl_surface#89.attach(wl_buffer#93, 0, 0)
[18:58:15.447175]  -> wl_surface#89.damage_buffer(0, 0, 1280, 672)
[18:58:15.447177]  -> wl_surface#89.frame(new id wl_callback#72)
[18:58:15.447179] {Default Queue}  -> wp_presentation#20.feedback(wl_surface#89, new id wp_presentation_feedback#98)
[18:58:15.447181]  -> wl_surface#89.commit()
[18:58:15.447423]  -> wl_surface#48.attach(wl_buffer#75, 0, 0)
[18:58:15.447425]  -> wl_surface#48.damage_buffer(0, 0, 1280, 48)
[18:58:15.447426]  -> wl_surface#48.frame(new id wl_callback#99)
[18:58:15.447427] {Default Queue}  -> wp_presentation#20.feedback(wl_surface#48, new id wp_presentation_feedback#97)
[18:58:15.447429]  -> wl_surface#48.commit()
[18:58:15.447441] {Default Queue} wl_buffer#73.release()
[18:58:15.447463] {Default Queue} wl_buffer#77.release()
[18:58:15.451801]  -> wl_surface#59.attach(wl_buffer#85, 0, 0)
[18:58:15.451806]  -> wl_surface#59.damage_buffer(0, 0, 1280, 48)
[18:58:15.451807]  -> wl_surface#59.frame(new id wl_callback#100)
[18:58:15.451809] {Default Queue}  -> wp_presentation#20.feedback(wl_surface#59, new id wp_presentation_feedback#96)
[18:58:15.451810]  -> wl_surface#59.commit()
[18:58:15.451896] {Display Queue} wl_display#1.delete_id(100)
[18:58:15.451900] {Display Queue} wl_display#1.delete_id(96)
[18:58:15.451902] {Default Queue} wl_buffer#92.release()
[18:58:15.451903] {Default Queue} wl_callback#100.done(20669067)
[18:58:15.451910] {Default Queue} wp_presentation_feedback#96.sync_output(wl_output#31)
[18:58:15.451911] {Default Queue} wp_presentation_feedback#96.presented(0, 20669, 67675727, 0, 0, 0, 0)
[18:58:15.462322] {Display Queue} wl_display#1.delete_id(99)
[18:58:15.462331] {Display Queue} wl_display#1.delete_id(72)
[18:58:15.462333] {Display Queue} wl_display#1.delete_id(97)
[18:58:15.462333] {Display Queue} wl_display#1.delete_id(98)
[18:58:15.462334] {Default Queue} wl_callback#99.done(20669078)
[18:58:15.462347] {Default Queue} wl_callback#72.done(20669078)
[18:58:15.462349] {Default Queue} wp_presentation_feedback#97.sync_output(wl_output#28)
[18:58:15.462350] {Default Queue} wp_presentation_feedback#97.presented(0, 20669, 78084762, 0, 0, 0, 0)
[18:58:15.462353] {Default Queue} wp_presentation_feedback#98.sync_output(wl_output#28)
[18:58:15.462354] {Default Queue} wp_presentation_feedback#98.presented(0, 20669, 78084762, 0, 0, 0, 0)
[18:58:15.463493]  -> wl_surface#89.attach(wl_buffer#73, 0, 0)
[18:58:15.463499]  -> wl_surface#89.damage_buffer(0, 0, 1280, 672)
[18:58:15.463501]  -> wl_surface#89.frame(new id wl_callback#98)
[18:58:15.463504] {Default Queue}  -> wp_presentation#20.feedback(wl_surface#89, new id wp_presentation_feedback#97)
[18:58:15.463505]  -> wl_surface#89.commit()
[18:58:15.463566] {Default Queue} wl_buffer#93.release()
[18:58:15.478675] {Display Queue} wl_display#1.delete_id(98)
[18:58:15.478683] {Display Queue} wl_display#1.delete_id(97)
[18:58:15.478685] {Default Queue} wl_callback#98.done(20669094)
[18:58:15.478699] {Default Queue} wp_presentation_feedback#97.sync_output(wl_output#28)
[18:58:15.478701] {Default Queue} wp_presentation_feedback#97.presented(0, 20669, 94439180, 0, 0, 0, 0)
[18:58:15.479754]  -> wl_surface#89.attach(wl_buffer#93, 0, 0)
[18:58:15.479758]  -> wl_surface#89.damage_buffer(0, 0, 1280, 672)
[18:58:15.479760]  -> wl_surface#89.frame(new id wl_callback#97)
[18:58:15.479763] {Default Queue}  -> wp_presentation#20.feedback(wl_surface#89, new id wp_presentation_feedback#98)
[18:58:15.479765]  -> wl_surface#89.commit()
[18:58:15.479824] {Default Queue} wl_buffer#73.release()
[18:58:15.495055] {Display Queue} wl_display#1.delete_id(97)
[18:58:15.495064] {Display Queue} wl_display#1.delete_id(98)
[18:58:15.495065] {Default Queue} wl_callback#97.done(20669110)
[18:58:15.495079] {Default Queue} wp_presentation_feedback#98.sync_output(wl_output#28)
[18:58:15.495081] {Default Queue} wp_presentation_feedback#98.presented(0, 20669, 110814918, 0, 0, 0, 0)
[18:58:15.496203]  -> wl_surface#89.attach(wl_buffer#73, 0, 0)
[18:58:15.496214]  -> wl_surface#89.damage_buffer(0, 0, 1280, 672)
[18:58:15.496216]  -> wl_surface#89.frame(new id wl_callback#98)
[18:58:15.496218] {Default Queue}  -> wp_presentation#20.feedback(wl_surface#89, new id wp_presentation_feedback#97)
[18:58:15.496221]  -> wl_surface#89.commit()
[18:58:15.496301] {Default Queue} wl_buffer#93.release()
[18:58:15.511394] {Display Queue} wl_display#1.delete_id(98)
[18:58:15.511403] {Display Queue} wl_display#1.delete_id(97)
[18:58:15.511404] {Default Queue} wl_callback#98.done(20669127)
[18:58:15.511417] {Default Queue} wp_presentation_feedback#97.sync_output(wl_output#28)
[18:58:15.511419] {Default Queue} wp_presentation_feedback#97.presented(0, 20669, 127157306, 0, 0, 0, 0)
[18:58:15.512525]  -> wl_surface#89.attach(wl_buffer#93, 0, 0)
[18:58:15.512530]  -> wl_surface#89.damage_buffer(0, 0, 1280, 672)
[18:58:15.512532]  -> wl_surface#89.frame(new id wl_callback#97)
[18:58:15.512534] {Default Queue}  -> wp_presentation#20.feedback(wl_surface#89, new id wp_presentation_feedback#98)
[18:58:15.512536]  -> wl_surface#89.commit()
[18:58:15.512612] {Default Queue} wl_buffer#73.release()
[18:58:15.527764] {Display Queue} wl_display#1.delete_id(97)
[18:58:15.527773] {Display Queue} wl_display#1.delete_id(98)
[18:58:15.527774] {Default Queue} wl_callback#97.done(20669143)
[18:58:15.527788] {Default Queue} wp_presentation_feedback#98.sync_output(wl_output#28)
[18:58:15.527789] {Default Queue} wp_presentation_feedback#98.presented(0, 20669, 143524004, 0, 0, 0, 0)
[18:58:15.528934]  -> wl_surface#89.attach(wl_buffer#73, 0, 0)
[18:58:15.528941]  -> wl_surface#89.damage_buffer(0, 0, 1280, 672)
[18:58:15.528943]  -> wl_surface#89.frame(new id wl_callback#98)
[18:58:15.528945] {Default Queue}  -> wp_presentation#20.feedback(wl_surface#89, new id wp_presentation_feedback#97)
[18:58:15.528948]  -> wl_surface#89.commit()
[18:58:15.529046] {Default Queue} wl_buffer#93.release()
[18:58:15.535454] {Default Queue} wl_keyboard#69.key(76, 0, 1, 1)
[18:58:15.537538] {Default Queue} wl_keyboard#69.key(77, 0, 1, 0)
[18:58:15.544149] {Display Queue} wl_display#1.delete_id(98)
[18:58:15.544157] {Display Queue} wl_display#1.delete_id(97)
[18:58:15.544158] {Default Queue} wl_callback#98.done(20669159)
[18:58:15.544174] {Default Queue} wp_presentation_feedback#97.sync_output(wl_output#28)
[18:58:15.544176] {Default Queue} wp_presentation_feedback#97.presented(0, 20669, 159907463, 0, 0, 0, 0)
[18:58:15.545351]  -> wl_surface#89.attach(wl_buffer#93, 0, 0)
[18:58:15.545356]  -> wl_surface#89.damage_buffer(0, 0, 1280, 672)
[18:58:15.545358]  -> wl_surface#89.frame(new id wl_callback#97)
[18:58:15.545360] {Default Queue}  -> wp_presentation#20.feedback(wl_surface#89, new id wp_presentation_feedback#98)
[18:58:15.545362]  -> wl_surface#89.commit()
info: event=services-focus target=other
[18:58:15.545431] {Default Queue} wl_buffer#73.release()
[18:58:15.560540] {Display Queue} wl_display#1.delete_id(97)
[18:58:15.560549] {Display Queue} wl_display#1.delete_id(98)
[18:58:15.560550] {Default Queue} wl_callback#97.done(20669176)
[18:58:15.560564] {Default Queue} wp_presentation_feedback#98.sync_output(wl_output#28)
[18:58:15.560565] {Default Queue} wp_presentation_feedback#98.presented(0, 20669, 176298711, 0, 0, 0, 0)
[18:58:15.561625]  -> wl_surface#89.attach(wl_buffer#73, 0, 0)
[18:58:15.561630]  -> wl_surface#89.damage_buffer(0, 0, 1280, 672)
[18:58:15.561632]  -> wl_surface#89.frame(new id wl_callback#98)
[18:58:15.561634] {Default Queue}  -> wp_presentation#20.feedback(wl_surface#89, new id wp_presentation_feedback#97)
[18:58:15.561636]  -> wl_surface#89.commit()
[18:58:15.561708] {Default Queue} wl_buffer#93.release()
[18:58:15.574787] {Default Queue} wl_keyboard#69.leave(78, wl_surface#89)
[18:58:15.574801] {Default Queue} wl_keyboard#69.leave(79, wl_surface#89)
[18:58:15.574802] {Default Queue} wl_seat#3.capabilities(1)
[18:58:15.574805] {Default Queue}  -> wl_keyboard#69.release()
[18:58:15.575486]  -> wl_surface#48.attach(wl_buffer#77, 0, 0)
[18:58:15.575490]  -> wl_surface#48.damage_buffer(0, 0, 1280, 48)
[18:58:15.575492]  -> wl_surface#48.frame(new id wl_callback#72)
[18:58:15.575494] {Default Queue}  -> wp_presentation#20.feedback(wl_surface#48, new id wp_presentation_feedback#99)
[18:58:15.575496]  -> wl_surface#48.commit()
[18:58:15.575732]  -> wl_surface#59.attach(wl_buffer#92, 0, 0)
[18:58:15.575734]  -> wl_surface#59.damage_buffer(0, 0, 1280, 48)
[18:58:15.575735]  -> wl_surface#59.frame(new id wl_callback#96)
[18:58:15.575736] {Default Queue}  -> wp_presentation#20.feedback(wl_surface#59, new id wp_presentation_feedback#100)
[18:58:15.575738]  -> wl_surface#59.commit()
[18:58:15.576295] {Display Queue} wl_display#1.delete_id(69)
[18:58:15.576301] {Default Queue} wl_seat#3.capabilities(3)
[18:58:15.576305] {Default Queue}  -> wl_seat#3.get_keyboard(new id wl_keyboard#69)
[18:58:15.576457] {Display Queue} wl_display#1.delete_id(96)
[18:58:15.576463] {Display Queue} wl_display#1.delete_id(100)
[18:58:15.576465] {Default Queue} wl_buffer#75.release()
[18:58:15.576467] {Default Queue} wl_buffer#85.release()
[18:58:15.576467] {Default Queue} wl_callback#96.done(20669192)
[18:58:15.576474] {Default Queue} wp_presentation_feedback#100.sync_output(wl_output#31)
[18:58:15.576476] {Default Queue} wp_presentation_feedback#100.presented(0, 20669, 192161875, 0, 0, 0, 0)
[18:58:15.576479] {Default Queue} wl_keyboard#69.keymap(1, fd 16, 1436)
[18:58:15.576584] {Default Queue} wl_keyboard#69.repeat_info(40, 400)
[18:58:15.576586] {Default Queue} wl_keyboard#69.enter(81, wl_surface#89, array[0])
[18:58:15.576593] {Default Queue} wl_keyboard#69.modifiers(82, 0, 0, 0, 0)
[18:58:15.576880] {Display Queue} wl_display#1.delete_id(72)
[18:58:15.576886] {Display Queue} wl_display#1.delete_id(98)
[18:58:15.576887] {Display Queue} wl_display#1.delete_id(99)
[18:58:15.576887] {Display Queue} wl_display#1.delete_id(97)
[18:58:15.576888] {Default Queue} wl_callback#72.done(20669192)
[18:58:15.576896] {Default Queue} wl_callback#98.done(20669192)
[18:58:15.576899] {Default Queue} wp_presentation_feedback#99.sync_output(wl_output#28)
[18:58:15.576900] {Default Queue} wp_presentation_feedback#99.presented(0, 20669, 192654089, 0, 0, 0, 0)
[18:58:15.576903] {Default Queue} wp_presentation_feedback#97.sync_output(wl_output#28)
[18:58:15.576904] {Default Queue} wp_presentation_feedback#97.presented(0, 20669, 192654089, 0, 0, 0, 0)
[18:58:15.578095]  -> wl_surface#89.attach(wl_buffer#93, 0, 0)
[18:58:15.578101]  -> wl_surface#89.damage_buffer(0, 0, 1280, 672)
[18:58:15.578103]  -> wl_surface#89.frame(new id wl_callback#97)
[18:58:15.578104] {Default Queue}  -> wp_presentation#20.feedback(wl_surface#89, new id wp_presentation_feedback#99)
[18:58:15.578106]  -> wl_surface#89.commit()
[18:58:15.578348]  -> wl_surface#48.attach(wl_buffer#75, 0, 0)
[18:58:15.578350]  -> wl_surface#48.damage_buffer(0, 0, 1280, 48)
[18:58:15.578351]  -> wl_surface#48.frame(new id wl_callback#98)
[18:58:15.578353] {Default Queue}  -> wp_presentation#20.feedback(wl_surface#48, new id wp_presentation_feedback#72)
[18:58:15.578354]  -> wl_surface#48.commit()
[18:58:15.578365] {Default Queue} wl_buffer#73.release()
[18:58:15.578374] {Default Queue} wl_buffer#77.release()
[18:58:15.593164]  -> wl_surface#59.attach(wl_buffer#85, 0, 0)
[18:58:15.593173]  -> wl_surface#59.damage_buffer(0, 0, 1280, 48)
[18:58:15.593175]  -> wl_surface#59.frame(new id wl_callback#100)
[18:58:15.593178] {Default Queue}  -> wp_presentation#20.feedback(wl_surface#59, new id wp_presentation_feedback#96)
[18:58:15.593180]  -> wl_surface#59.commit()
[18:58:15.593268] {Display Queue} wl_display#1.delete_id(98)
[18:58:15.593270] {Display Queue} wl_display#1.delete_id(97)
[18:58:15.593271] {Display Queue} wl_display#1.delete_id(72)
[18:58:15.593271] {Display Queue} wl_display#1.delete_id(99)
[18:58:15.593272] {Default Queue} wl_callback#98.done(20669209)
[18:58:15.593279] {Default Queue} wl_callback#97.done(20669209)
[18:58:15.593282] {Default Queue} wp_presentation_feedback#72.sync_output(wl_output#28)
[18:58:15.593283] {Default Queue} wp_presentation_feedback#72.presented(0, 20669, 209047088, 0, 0, 0, 0)
[18:58:15.593286] {Default Queue} wp_presentation_feedback#99.sync_output(wl_output#28)
[18:58:15.593286] {Default Queue} wp_presentation_feedback#99.presented(0, 20669, 209047088, 0, 0, 0, 0)
[18:58:15.594366]  -> wl_surface#89.attach(wl_buffer#73, 0, 0)
[18:58:15.594370]  -> wl_surface#89.damage_buffer(0, 0, 1280, 672)
[18:58:15.594372]  -> wl_surface#89.frame(new id wl_callback#99)
[18:58:15.594373] {Default Queue}  -> wp_presentation#20.feedback(wl_surface#89, new id wp_presentation_feedback#72)
[18:58:15.594375]  -> wl_surface#89.commit()
[18:58:15.594399] {Display Queue} wl_display#1.delete_id(100)
[18:58:15.594400] {Display Queue} wl_display#1.delete_id(96)
[18:58:15.594401] {Default Queue} wl_buffer#92.release()
[18:58:15.594402] {Default Queue} wl_callback#100.done(20669209)
[18:58:15.594407] {Default Queue} wp_presentation_feedback#96.sync_output(wl_output#31)
[18:58:15.594408] {Default Queue} wp_presentation_feedback#96.presented(0, 20669, 209104218, 0, 0, 0, 0)
[18:58:15.594420] {Default Queue} wl_buffer#93.release()
[18:58:15.609641] {Display Queue} wl_display#1.delete_id(99)
[18:58:15.609648] {Display Queue} wl_display#1.delete_id(72)
[18:58:15.609650] {Default Queue} wl_callback#99.done(20669225)
[18:58:15.609663] {Default Queue} wp_presentation_feedback#72.sync_output(wl_output#28)
[18:58:15.609664] {Default Queue} wp_presentation_feedback#72.presented(0, 20669, 225401906, 0, 0, 0, 0)
[18:58:15.610667]  -> wl_surface#89.attach(wl_buffer#93, 0, 0)
[18:58:15.610672]  -> wl_surface#89.damage_buffer(0, 0, 1280, 672)
[18:58:15.610673]  -> wl_surface#89.frame(new id wl_callback#72)
[18:58:15.610676] {Default Queue}  -> wp_presentation#20.feedback(wl_surface#89, new id wp_presentation_feedback#99)
[18:58:15.610678]  -> wl_surface#89.commit()
[18:58:15.610737] {Default Queue} wl_buffer#73.release()
[18:58:15.626026] {Display Queue} wl_display#1.delete_id(72)
[18:58:15.626033] {Display Queue} wl_display#1.delete_id(99)
[18:58:15.626035] {Default Queue} wl_callback#72.done(20669241)
[18:58:15.626050] {Default Queue} wp_presentation_feedback#99.sync_output(wl_output#28)
[18:58:15.626051] {Default Queue} wp_presentation_feedback#99.presented(0, 20669, 241787084, 0, 0, 0, 0)
[18:58:15.627140]  -> wl_surface#89.attach(wl_buffer#73, 0, 0)
[18:58:15.627145]  -> wl_surface#89.damage_buffer(0, 0, 1280, 672)
[18:58:15.627147]  -> wl_surface#89.frame(new id wl_callback#99)
[18:58:15.627149] {Default Queue}  -> wp_presentation#20.feedback(wl_surface#89, new id wp_presentation_feedback#72)
[18:58:15.627151]  -> wl_surface#89.commit()
[18:58:15.627221] {Default Queue} wl_buffer#93.release()
[18:58:15.642433] {Display Queue} wl_display#1.delete_id(99)
[18:58:15.642439] {Display Queue} wl_display#1.delete_id(72)
[18:58:15.642440] {Default Queue} wl_callback#99.done(20669258)
[18:58:15.642449] {Default Queue} wp_presentation_feedback#72.sync_output(wl_output#28)
[18:58:15.642451] {Default Queue} wp_presentation_feedback#72.presented(0, 20669, 258203383, 0, 0, 0, 0)
[18:58:15.643730]  -> wl_surface#89.attach(wl_buffer#93, 0, 0)
[18:58:15.643739]  -> wl_surface#89.damage_buffer(0, 0, 1280, 672)
[18:58:15.643741]  -> wl_surface#89.frame(new id wl_callback#72)
[18:58:15.643743] {Default Queue}  -> wp_presentation#20.feedback(wl_surface#89, new id wp_presentation_feedback#99)
[18:58:15.643747]  -> wl_surface#89.commit()
[18:58:15.643848] {Default Queue} wl_buffer#73.release()
[18:58:15.658909] {Display Queue} wl_display#1.delete_id(72)
[18:58:15.658920] {Display Queue} wl_display#1.delete_id(99)
[18:58:15.658922] {Default Queue} wl_callback#72.done(20669274)
[18:58:15.658939] {Default Queue} wp_presentation_feedback#99.sync_output(wl_output#28)
[18:58:15.658941] {Default Queue} wp_presentation_feedback#99.presented(0, 20669, 274657252, 0, 0, 0, 0)
[18:58:15.660167]  -> wl_surface#89.attach(wl_buffer#73, 0, 0)
[18:58:15.660172]  -> wl_surface#89.damage_buffer(0, 0, 1280, 672)
[18:58:15.660174]  -> wl_surface#89.frame(new id wl_callback#99)
[18:58:15.660177] {Default Queue}  -> wp_presentation#20.feedback(wl_surface#89, new id wp_presentation_feedback#72)
[18:58:15.660179]  -> wl_surface#89.commit()
[18:58:15.660267] {Default Queue} wl_buffer#93.release()
[18:58:15.675314] {Display Queue} wl_display#1.delete_id(99)
[18:58:15.675322] {Display Queue} wl_display#1.delete_id(72)
[18:58:15.675324] {Default Queue} wl_callback#99.done(20669291)
[18:58:15.675339] {Default Queue} wp_presentation_feedback#72.sync_output(wl_output#28)
[18:58:15.675341] {Default Queue} wp_presentation_feedback#72.presented(0, 20669, 291073070, 0, 0, 0, 0)
[18:58:15.676472]  -> wl_surface#89.attach(wl_buffer#93, 0, 0)
[18:58:15.676478]  -> wl_surface#89.damage_buffer(0, 0, 1280, 672)
[18:58:15.676480]  -> wl_surface#89.frame(new id wl_callback#72)
[18:58:15.676482] {Default Queue}  -> wp_presentation#20.feedback(wl_surface#89, new id wp_presentation_feedback#99)
[18:58:15.676484]  -> wl_surface#89.commit()
[18:58:15.676522] {Default Queue} wl_keyboard#69.key(83, 0, 1, 1)
[18:58:15.676804] {Default Queue} wl_buffer#73.release()
[18:58:15.678478] {Default Queue} wl_keyboard#69.key(84, 0, 1, 0)
[18:58:15.691591] {Display Queue} wl_display#1.delete_id(72)
[18:58:15.691596] {Display Queue} wl_display#1.delete_id(99)
[18:58:15.691597] {Default Queue} wl_callback#72.done(20669307)
[18:58:15.691605] {Default Queue} wp_presentation_feedback#99.sync_output(wl_output#28)
[18:58:15.691607] {Default Queue} wp_presentation_feedback#99.presented(0, 20669, 307368208, 0, 0, 0, 0)
[18:58:15.692937]  -> wl_surface#89.attach(wl_buffer#73, 0, 0)
[18:58:15.692946]  -> wl_surface#89.damage_buffer(0, 0, 1280, 672)
[18:58:15.692948]  -> wl_surface#89.frame(new id wl_callback#99)
[18:58:15.692951] {Default Queue}  -> wp_presentation#20.feedback(wl_surface#89, new id wp_presentation_feedback#72)
[18:58:15.692954]  -> wl_surface#89.commit()
info: event=services-focus target=other
[18:58:15.693063] {Default Queue} wl_buffer#93.release()
[18:58:15.708000] {Display Queue} wl_display#1.delete_id(99)
[18:58:15.708011] {Display Queue} wl_display#1.delete_id(72)
[18:58:15.708012] {Default Queue} wl_callback#99.done(20669323)
[18:58:15.708027] {Default Queue} wp_presentation_feedback#72.sync_output(wl_output#28)
[18:58:15.708028] {Default Queue} wp_presentation_feedback#72.presented(0, 20669, 323747926, 0, 0, 0, 0)
[18:58:15.709249]  -> wl_surface#89.attach(wl_buffer#93, 0, 0)
[18:58:15.709254]  -> wl_surface#89.damage_buffer(0, 0, 1280, 672)
[18:58:15.709255]  -> wl_surface#89.frame(new id wl_callback#72)
[18:58:15.709257] {Default Queue}  -> wp_presentation#20.feedback(wl_surface#89, new id wp_presentation_feedback#99)
[18:58:15.709259]  -> wl_surface#89.commit()
[18:58:15.709335] {Default Queue} wl_buffer#73.release()
[18:58:15.715716] {Default Queue} wl_keyboard#69.leave(85, wl_surface#89)
[18:58:15.715727] {Default Queue} wl_keyboard#69.leave(86, wl_surface#89)
[18:58:15.715728] {Default Queue} wl_seat#3.capabilities(1)
[18:58:15.715730] {Default Queue}  -> wl_keyboard#69.release()
[18:58:15.716340]  -> wl_surface#48.attach(wl_buffer#77, 0, 0)
[18:58:15.716345]  -> wl_surface#48.damage_buffer(0, 0, 1280, 48)
[18:58:15.716347]  -> wl_surface#48.frame(new id wl_callback#96)
[18:58:15.716349] {Default Queue}  -> wp_presentation#20.feedback(wl_surface#48, new id wp_presentation_feedback#100)
[18:58:15.716351]  -> wl_surface#48.commit()
[18:58:15.716551]  -> wl_surface#59.attach(wl_buffer#92, 0, 0)
[18:58:15.716553]  -> wl_surface#59.damage_buffer(0, 0, 1280, 48)
[18:58:15.716554]  -> wl_surface#59.frame(new id wl_callback#97)
[18:58:15.716555] {Default Queue}  -> wp_presentation#20.feedback(wl_surface#59, new id wp_presentation_feedback#98)
[18:58:15.716557]  -> wl_surface#59.commit()
[18:58:15.716946] {Display Queue} wl_display#1.delete_id(69)
[18:58:15.716951] {Default Queue} wl_seat#3.capabilities(3)
[18:58:15.716955] {Default Queue}  -> wl_seat#3.get_keyboard(new id wl_keyboard#69)
[18:58:15.717069] {Display Queue} wl_display#1.delete_id(97)
[18:58:15.717074] {Display Queue} wl_display#1.delete_id(98)
[18:58:15.717075] {Default Queue} wl_buffer#75.release()
[18:58:15.717076] {Default Queue} wl_buffer#85.release()
[18:58:15.717077] {Default Queue} wl_callback#97.done(20669332)
[18:58:15.717082] {Default Queue} wp_presentation_feedback#98.sync_output(wl_output#31)
[18:58:15.717083] {Default Queue} wp_presentation_feedback#98.presented(0, 20669, 332795148, 0, 0, 0, 0)
[18:58:15.717085] {Default Queue} wl_keyboard#69.keymap(1, fd 16, 1436)
[18:58:15.717186] {Default Queue} wl_keyboard#69.repeat_info(40, 400)
[18:58:15.717190] {Default Queue} wl_keyboard#69.enter(88, wl_surface#89, array[0])
[18:58:15.717194] {Default Queue} wl_keyboard#69.modifiers(89, 0, 0, 0, 0)
[18:58:15.724346] {Display Queue} wl_display#1.delete_id(96)
[18:58:15.724353] {Display Queue} wl_display#1.delete_id(72)
[18:58:15.724354] {Display Queue} wl_display#1.delete_id(100)
[18:58:15.724354] {Display Queue} wl_display#1.delete_id(99)
[18:58:15.724355] {Default Queue} wl_callback#96.done(20669340)
[18:58:15.724366] {Default Queue} wl_callback#72.done(20669340)
[18:58:15.724370] {Default Queue} wp_presentation_feedback#100.sync_output(wl_output#28)
[18:58:15.724371] {Default Queue} wp_presentation_feedback#100.presented(0, 20669, 340111064, 0, 0, 0, 0)
[18:58:15.724374] {Default Queue} wp_presentation_feedback#99.sync_output(wl_output#28)
[18:58:15.724375] {Default Queue} wp_presentation_feedback#99.presented(0, 20669, 340111064, 0, 0, 0, 0)
[18:58:15.725546]  -> wl_surface#89.attach(wl_buffer#73, 0, 0)
[18:58:15.725551]  -> wl_surface#89.damage_buffer(0, 0, 1280, 672)
[18:58:15.725553]  -> wl_surface#89.frame(new id wl_callback#99)
[18:58:15.725555] {Default Queue}  -> wp_presentation#20.feedback(wl_surface#89, new id wp_presentation_feedback#100)
[18:58:15.725556]  -> wl_surface#89.commit()
[18:58:15.725793]  -> wl_surface#48.attach(wl_buffer#75, 0, 0)
[18:58:15.725795]  -> wl_surface#48.damage_buffer(0, 0, 1280, 48)
[18:58:15.725796]  -> wl_surface#48.frame(new id wl_callback#72)
[18:58:15.725797] {Default Queue}  -> wp_presentation#20.feedback(wl_surface#48, new id wp_presentation_feedback#96)
[18:58:15.725798]  -> wl_surface#48.commit()
[18:58:15.725811] {Default Queue} wl_buffer#93.release()
[18:58:15.725821] {Default Queue} wl_buffer#77.release()
[18:58:15.733715]  -> wl_surface#59.attach(wl_buffer#85, 0, 0)
[18:58:15.733722]  -> wl_surface#59.damage_buffer(0, 0, 1280, 48)
[18:58:15.733724]  -> wl_surface#59.frame(new id wl_callback#98)
[18:58:15.733727] {Default Queue}  -> wp_presentation#20.feedback(wl_surface#59, new id wp_presentation_feedback#97)
[18:58:15.733728]  -> wl_surface#59.commit()
[18:58:15.733854] {Display Queue} wl_display#1.delete_id(98)
[18:58:15.733857] {Display Queue} wl_display#1.delete_id(97)
[18:58:15.733857] {Default Queue} wl_buffer#92.release()
[18:58:15.733858] {Default Queue} wl_callback#98.done(20669349)
[18:58:15.733865] {Default Queue} wp_presentation_feedback#97.sync_output(wl_output#31)
[18:58:15.733866] {Default Queue} wp_presentation_feedback#97.presented(0, 20669, 349635681, 0, 0, 0, 0)
[18:58:15.740776] {Display Queue} wl_display#1.delete_id(72)
[18:58:15.740783] {Display Queue} wl_display#1.delete_id(99)
[18:58:15.740784] {Display Queue} wl_display#1.delete_id(96)
[18:58:15.740785] {Display Queue} wl_display#1.delete_id(100)
[18:58:15.740786] {Default Queue} wl_callback#72.done(20669356)
[18:58:15.740797] {Default Queue} wl_callback#99.done(20669356)
[18:58:15.740799] {Default Queue} wp_presentation_feedback#96.sync_output(wl_output#28)
[18:58:15.740800] {Default Queue} wp_presentation_feedback#96.presented(0, 20669, 356537823, 0, 0, 0, 0)
[18:58:15.740803] {Default Queue} wp_presentation_feedback#100.sync_output(wl_output#28)
[18:58:15.740803] {Default Queue} wp_presentation_feedback#100.presented(0, 20669, 356537823, 0, 0, 0, 0)
[18:58:15.741843]  -> wl_surface#89.attach(wl_buffer#93, 0, 0)
[18:58:15.741847]  -> wl_surface#89.damage_buffer(0, 0, 1280, 672)
[18:58:15.741849]  -> wl_surface#89.frame(new id wl_callback#100)
[18:58:15.741851] {Default Queue}  -> wp_presentation#20.feedback(wl_surface#89, new id wp_presentation_feedback#96)
[18:58:15.741852]  -> wl_surface#89.commit()
[18:58:15.741907] {Default Queue} wl_buffer#73.release()
[18:58:15.757120] {Display Queue} wl_display#1.delete_id(100)
[18:58:15.757128] {Display Queue} wl_display#1.delete_id(96)
[18:58:15.757129] {Default Queue} wl_callback#100.done(20669372)
[18:58:15.757142] {Default Queue} wp_presentation_feedback#96.sync_output(wl_output#28)
[18:58:15.757144] {Default Queue} wp_presentation_feedback#96.presented(0, 20669, 372876171, 0, 0, 0, 0)
[18:58:15.758391]  -> wl_surface#89.attach(wl_buffer#73, 0, 0)
[18:58:15.758401]  -> wl_surface#89.damage_buffer(0, 0, 1280, 672)
[18:58:15.758403]  -> wl_surface#89.frame(new id wl_callback#96)
[18:58:15.758406] {Default Queue}  -> wp_presentation#20.feedback(wl_surface#89, new id wp_presentation_feedback#100)
[18:58:15.758408]  -> wl_surface#89.commit()
[18:58:15.758609] {Default Queue} wl_buffer#93.release()
[18:58:15.773477] {Display Queue} wl_display#1.delete_id(96)
[18:58:15.773486] {Display Queue} wl_display#1.delete_id(100)
[18:58:15.773487] {Default Queue} wl_callback#96.done(20669389)
[18:58:15.773501] {Default Queue} wp_presentation_feedback#100.sync_output(wl_output#28)
[18:58:15.773504] {Default Queue} wp_presentation_feedback#100.presented(0, 20669, 389240119, 0, 0, 0, 0)
[18:58:15.774566]  -> wl_surface#89.attach(wl_buffer#93, 0, 0)
[18:58:15.774571]  -> wl_surface#89.damage_buffer(0, 0, 1280, 672)
[18:58:15.774572]  -> wl_surface#89.frame(new id wl_callback#100)
[18:58:15.774575] {Default Queue}  -> wp_presentation#20.feedback(wl_surface#89, new id wp_presentation_feedback#96)
[18:58:15.774577]  -> wl_surface#89.commit()
[18:58:15.774654] {Default Queue} wl_buffer#73.release()
[18:58:15.789863] {Display Queue} wl_display#1.delete_id(100)
[18:58:15.789872] {Display Queue} wl_display#1.delete_id(96)
[18:58:15.789873] {Default Queue} wl_callback#100.done(20669405)
[18:58:15.789886] {Default Queue} wp_presentation_feedback#96.sync_output(wl_output#28)
[18:58:15.789888] {Default Queue} wp_presentation_feedback#96.presented(0, 20669, 405614127, 0, 0, 0, 0)
[18:58:15.790995]  -> wl_surface#89.attach(wl_buffer#73, 0, 0)
[18:58:15.791000]  -> wl_surface#89.damage_buffer(0, 0, 1280, 672)
[18:58:15.791002]  -> wl_surface#89.frame(new id wl_callback#96)
[18:58:15.791006] {Default Queue}  -> wp_presentation#20.feedback(wl_surface#89, new id wp_presentation_feedback#100)
[18:58:15.791008]  -> wl_surface#89.commit()
[18:58:15.791090] {Default Queue} wl_buffer#93.release()
[18:58:15.806201] {Display Queue} wl_display#1.delete_id(96)
[18:58:15.806216] {Display Queue} wl_display#1.delete_id(100)
[18:58:15.806217] {Default Queue} wl_callback#96.done(20669421)
[18:58:15.806241] {Default Queue} wp_presentation_feedback#100.sync_output(wl_output#28)
[18:58:15.806243] {Default Queue} wp_presentation_feedback#100.presented(0, 20669, 421961966, 0, 0, 0, 0)
[18:58:15.807460]  -> wl_surface#89.attach(wl_buffer#93, 0, 0)
[18:58:15.807467]  -> wl_surface#89.damage_buffer(0, 0, 1280, 672)
[18:58:15.807469]  -> wl_surface#89.frame(new id wl_callback#100)
[18:58:15.807471] {Default Queue}  -> wp_presentation#20.feedback(wl_surface#89, new id wp_presentation_feedback#96)
[18:58:15.807474]  -> wl_surface#89.commit()
[18:58:15.807556] {Default Queue} wl_buffer#73.release()
[18:58:15.817063] {Default Queue} wl_keyboard#69.key(90, 0, 1, 1)
[18:58:15.819146] {Default Queue} wl_keyboard#69.key(91, 0, 1, 0)
[18:58:15.822630] {Display Queue} wl_display#1.delete_id(100)
[18:58:15.822637] {Display Queue} wl_display#1.delete_id(96)
[18:58:15.822638] {Default Queue} wl_callback#100.done(20669438)
[18:58:15.822648] {Default Queue} wp_presentation_feedback#96.sync_output(wl_output#28)
[18:58:15.822650] {Default Queue} wp_presentation_feedback#96.presented(0, 20669, 438397204, 0, 0, 0, 0)
[18:58:15.823903]  -> wl_surface#89.attach(wl_buffer#73, 0, 0)
[18:58:15.823911]  -> wl_surface#89.damage_buffer(0, 0, 1280, 672)
[18:58:15.823914]  -> wl_surface#89.frame(new id wl_callback#96)
[18:58:15.823917] {Default Queue}  -> wp_presentation#20.feedback(wl_surface#89, new id wp_presentation_feedback#100)
[18:58:15.823919]  -> wl_surface#89.commit()
info: event=services-focus target=other
[18:58:15.824024] {Default Queue} wl_buffer#93.release()
[18:58:15.839071] {Display Queue} wl_display#1.delete_id(96)
[18:58:15.839080] {Display Queue} wl_display#1.delete_id(100)
[18:58:15.839081] {Default Queue} wl_callback#96.done(20669454)
[18:58:15.839095] {Default Queue} wp_presentation_feedback#100.sync_output(wl_output#28)
[18:58:15.839096] {Default Queue} wp_presentation_feedback#100.presented(0, 20669, 454831123, 0, 0, 0, 0)
[18:58:15.840556]  -> wl_surface#89.attach(wl_buffer#93, 0, 0)
[18:58:15.840562]  -> wl_surface#89.damage_buffer(0, 0, 1280, 672)
[18:58:15.840565]  -> wl_surface#89.frame(new id wl_callback#100)
[18:58:15.840568] {Default Queue}  -> wp_presentation#20.feedback(wl_surface#89, new id wp_presentation_feedback#96)
[18:58:15.840570]  -> wl_surface#89.commit()
[18:58:15.840651] {Default Queue} wl_buffer#73.release()
[18:58:15.855459] {Display Queue} wl_display#1.delete_id(100)
[18:58:15.855468] {Display Queue} wl_display#1.delete_id(96)
[18:58:15.855469] {Default Queue} wl_callback#100.done(20669471)
[18:58:15.855482] {Default Queue} wp_presentation_feedback#96.sync_output(wl_output#28)
[18:58:15.855484] {Default Queue} wp_presentation_feedback#96.presented(0, 20669, 471220752, 0, 0, 0, 0)
[18:58:15.856534]  -> wl_surface#89.attach(wl_buffer#73, 0, 0)
[18:58:15.856538]  -> wl_surface#89.damage_buffer(0, 0, 1280, 672)
[18:58:15.856540]  -> wl_surface#89.frame(new id wl_callback#96)
[18:58:15.856542] {Default Queue}  -> wp_presentation#20.feedback(wl_surface#89, new id wp_presentation_feedback#100)
[18:58:15.856544]  -> wl_surface#89.commit()
[18:58:15.856573] {Default Queue} wl_keyboard#69.leave(92, wl_surface#89)
[18:58:15.856579] {Default Queue} wl_keyboard#69.leave(93, wl_surface#89)
[18:58:15.856579] {Default Queue} wl_seat#3.capabilities(1)
[18:58:15.856580] {Default Queue}  -> wl_keyboard#69.release()
[18:58:15.856708] {Default Queue} wl_buffer#93.release()
[18:58:15.857108]  -> wl_surface#48.attach(wl_buffer#77, 0, 0)
[18:58:15.857112]  -> wl_surface#48.damage_buffer(0, 0, 1280, 48)
[18:58:15.857113]  -> wl_surface#48.frame(new id wl_callback#99)
[18:58:15.857114] {Default Queue}  -> wp_presentation#20.feedback(wl_surface#48, new id wp_presentation_feedback#72)
[18:58:15.857116]  -> wl_surface#48.commit()
[18:58:15.857324]  -> wl_surface#59.attach(wl_buffer#92, 0, 0)
[18:58:15.857327]  -> wl_surface#59.damage_buffer(0, 0, 1280, 48)
[18:58:15.857328]  -> wl_surface#59.frame(new id wl_callback#97)
[18:58:15.857329] {Default Queue}  -> wp_presentation#20.feedback(wl_surface#59, new id wp_presentation_feedback#98)
[18:58:15.857330]  -> wl_surface#59.commit()
[18:58:15.857780] {Display Queue} wl_display#1.delete_id(69)
[18:58:15.857786] {Default Queue} wl_seat#3.capabilities(3)
[18:58:15.857788] {Default Queue}  -> wl_seat#3.get_keyboard(new id wl_keyboard#69)
[18:58:15.857881] {Display Queue} wl_display#1.delete_id(97)
[18:58:15.857882] {Display Queue} wl_display#1.delete_id(98)
[18:58:15.857883] {Default Queue} wl_buffer#75.release()
[18:58:15.857884] {Default Queue} wl_buffer#85.release()
[18:58:15.857885] {Default Queue} wl_callback#97.done(20669473)
[18:58:15.857889] {Default Queue} wp_presentation_feedback#98.sync_output(wl_output#31)
[18:58:15.857890] {Default Queue} wp_presentation_feedback#98.presented(0, 20669, 473636543, 0, 0, 0, 0)
[18:58:15.857893] {Default Queue} wl_keyboard#69.keymap(1, fd 16, 1436)
[18:58:15.857961] {Default Queue} wl_keyboard#69.repeat_info(40, 400)
[18:58:15.857962] {Default Queue} wl_keyboard#69.enter(95, wl_surface#89, array[0])
[18:58:15.857966] {Default Queue} wl_keyboard#69.modifiers(96, 0, 0, 0, 0)
[18:58:15.872094] {Display Queue} wl_display#1.delete_id(99)
[18:58:15.872103] {Display Queue} wl_display#1.delete_id(96)
[18:58:15.872104] {Display Queue} wl_display#1.delete_id(72)
[18:58:15.872105] {Display Queue} wl_display#1.delete_id(100)
[18:58:15.872106] {Default Queue} wl_callback#99.done(20669487)
[18:58:15.872120] {Default Queue} wl_callback#96.done(20669487)
[18:58:15.872123] {Default Queue} wp_presentation_feedback#72.sync_output(wl_output#28)
[18:58:15.872124] {Default Queue} wp_presentation_feedback#72.presented(0, 20669, 487847932, 0, 0, 0, 0)
[18:58:15.872127] {Default Queue} wp_presentation_feedback#100.sync_output(wl_output#28)
[18:58:15.872128] {Default Queue} wp_presentation_feedback#100.presented(0, 20669, 487847932, 0, 0, 0, 0)
[18:58:15.873346]  -> wl_surface#89.attach(wl_buffer#93, 0, 0)
[18:58:15.873351]  -> wl_surface#89.damage_buffer(0, 0, 1280, 672)
[18:58:15.873353]  -> wl_surface#89.frame(new id wl_callback#100)
[18:58:15.873355] {Default Queue}  -> wp_presentation#20.feedback(wl_surface#89, new id wp_presentation_feedback#72)
[18:58:15.873358]  -> wl_surface#89.commit()
[18:58:15.873614]  -> wl_surface#48.attach(wl_buffer#75, 0, 0)
[18:58:15.873616]  -> wl_surface#48.damage_buffer(0, 0, 1280, 48)
[18:58:15.873617]  -> wl_surface#48.frame(new id wl_callback#96)
[18:58:15.873618] {Default Queue}  -> wp_presentation#20.feedback(wl_surface#48, new id wp_presentation_feedback#99)
[18:58:15.873619]  -> wl_surface#48.commit()
[18:58:15.873634] {Default Queue} wl_buffer#73.release()
[18:58:15.873639] {Default Queue} wl_buffer#77.release()
[18:58:15.874258]  -> wl_surface#59.attach(wl_buffer#85, 0, 0)
[18:58:15.874264]  -> wl_surface#59.damage_buffer(0, 0, 1280, 48)
[18:58:15.874265]  -> wl_surface#59.frame(new id wl_callback#98)
[18:58:15.874267] {Default Queue}  -> wp_presentation#20.feedback(wl_surface#59, new id wp_presentation_feedback#97)
[18:58:15.874269]  -> wl_surface#59.commit()
[18:58:15.874354] {Display Queue} wl_display#1.delete_id(98)
[18:58:15.874356] {Display Queue} wl_display#1.delete_id(97)
[18:58:15.874357] {Default Queue} wl_buffer#92.release()
[18:58:15.874358] {Default Queue} wl_callback#98.done(20669490)
[18:58:15.874363] {Default Queue} wp_presentation_feedback#97.sync_output(wl_output#31)
[18:58:15.874363] {Default Queue} wp_presentation_feedback#97.presented(0, 20669, 490137673, 0, 0, 0, 0)
[18:58:15.888678] {Display Queue} wl_display#1.delete_id(96)
[18:58:15.888687] {Display Queue} wl_display#1.delete_id(100)
[18:58:15.888689] {Display Queue} wl_display#1.delete_id(99)
[18:58:15.888690] {Display Queue} wl_display#1.delete_id(72)
[18:58:15.888690] {Default Queue} wl_callback#96.done(20669504)
[18:58:15.888705] {Default Queue} wl_callback#100.done(20669504)
[18:58:15.888707] {Default Queue} wp_presentation_feedback#99.sync_output(wl_output#28)
[18:58:15.888708] {Default Queue} wp_presentation_feedback#99.presented(0, 20669, 504434572, 0, 0, 0, 0)
[18:58:15.888711] {Default Queue} wp_presentation_feedback#72.sync_output(wl_output#28)
[18:58:15.888712] {Default Queue} wp_presentation_feedback#72.presented(0, 20669, 504434572, 0, 0, 0, 0)
[18:58:15.889821]  -> wl_surface#89.attach(wl_buffer#73, 0, 0)
[18:58:15.889826]  -> wl_surface#89.damage_buffer(0, 0, 1280, 672)
[18:58:15.889827]  -> wl_surface#89.frame(new id wl_callback#72)
[18:58:15.889829] {Default Queue}  -> wp_presentation#20.feedback(wl_surface#89, new id wp_presentation_feedback#99)
[18:58:15.889832]  -> wl_surface#89.commit()
[18:58:15.889900] {Default Queue} wl_buffer#93.release()
[18:58:15.905178] {Display Queue} wl_display#1.delete_id(72)
[18:58:15.905186] {Display Queue} wl_display#1.delete_id(99)
[18:58:15.905188] {Default Queue} wl_callback#72.done(20669520)
[18:58:15.905201] {Default Queue} wp_presentation_feedback#99.sync_output(wl_output#28)
[18:58:15.905202] {Default Queue} wp_presentation_feedback#99.presented(0, 20669, 520940302, 0, 0, 0, 0)
[18:58:15.906303]  -> wl_surface#89.attach(wl_buffer#93, 0, 0)
[18:58:15.906309]  -> wl_surface#89.damage_buffer(0, 0, 1280, 672)
[18:58:15.906310]  -> wl_surface#89.frame(new id wl_callback#99)
[18:58:15.906313] {Default Queue}  -> wp_presentation#20.feedback(wl_surface#89, new id wp_presentation_feedback#72)
[18:58:15.906315]  -> wl_surface#89.commit()
[18:58:15.906390] {Default Queue} wl_buffer#73.release()
[18:58:15.921581] {Display Queue} wl_display#1.delete_id(99)
[18:58:15.921590] {Display Queue} wl_display#1.delete_id(72)
[18:58:15.921591] {Default Queue} wl_callback#99.done(20669537)
[18:58:15.921605] {Default Queue} wp_presentation_feedback#72.sync_output(wl_output#28)
[18:58:15.921606] {Default Queue} wp_presentation_feedback#72.presented(0, 20669, 537339670, 0, 0, 0, 0)
[18:58:15.922624]  -> wl_surface#89.attach(wl_buffer#73, 0, 0)
[18:58:15.922629]  -> wl_surface#89.damage_buffer(0, 0, 1280, 672)
[18:58:15.922631]  -> wl_surface#89.frame(new id wl_callback#72)
[18:58:15.922633] {Default Queue}  -> wp_presentation#20.feedback(wl_surface#89, new id wp_presentation_feedback#99)
[18:58:15.922635]  -> wl_surface#89.commit()
[18:58:15.922717] {Default Queue} wl_buffer#93.release()
[18:58:15.937934] {Display Queue} wl_display#1.delete_id(72)
[18:58:15.937943] {Display Queue} wl_display#1.delete_id(99)
[18:58:15.937944] {Default Queue} wl_callback#72.done(20669553)
[18:58:15.937966] {Default Queue} wp_presentation_feedback#99.sync_output(wl_output#28)
[18:58:15.937968] {Default Queue} wp_presentation_feedback#99.presented(0, 20669, 553694288, 0, 0, 0, 0)
[18:58:15.939057]  -> wl_surface#89.attach(wl_buffer#93, 0, 0)
[18:58:15.939062]  -> wl_surface#89.damage_buffer(0, 0, 1280, 672)
[18:58:15.939064]  -> wl_surface#89.frame(new id wl_callback#99)
[18:58:15.939066] {Default Queue}  -> wp_presentation#20.feedback(wl_surface#89, new id wp_presentation_feedback#72)
[18:58:15.939068]  -> wl_surface#89.commit()
[18:58:15.939137] {Default Queue} wl_buffer#73.release()
[18:58:15.954344] {Display Queue} wl_display#1.delete_id(99)
[18:58:15.954353] {Display Queue} wl_display#1.delete_id(72)
[18:58:15.954354] {Default Queue} wl_callback#99.done(20669570)
[18:58:15.954368] {Default Queue} wp_presentation_feedback#72.sync_output(wl_output#28)
[18:58:15.954370] {Default Queue} wp_presentation_feedback#72.presented(0, 20669, 570103037, 0, 0, 0, 0)
[18:58:15.955543]  -> wl_surface#89.attach(wl_buffer#73, 0, 0)
[18:58:15.955549]  -> wl_surface#89.damage_buffer(0, 0, 1280, 672)
[18:58:15.955551]  -> wl_surface#89.frame(new id wl_callback#72)
[18:58:15.955554] {Default Queue}  -> wp_presentation#20.feedback(wl_surface#89, new id wp_presentation_feedback#99)
[18:58:15.955556]  -> wl_surface#89.commit()
[18:58:15.955630] {Default Queue} wl_buffer#93.release()
[18:58:15.957890] {Default Queue} wl_keyboard#69.key(97, 0, 1, 1)
[18:58:15.960060] {Default Queue} wl_keyboard#69.key(98, 0, 1, 0)
[18:58:15.970697] {Display Queue} wl_display#1.delete_id(72)
[18:58:15.970704] {Display Queue} wl_display#1.delete_id(99)
[18:58:15.970705] {Default Queue} wl_callback#72.done(20669586)
[18:58:15.970720] {Default Queue} wp_presentation_feedback#99.sync_output(wl_output#28)
[18:58:15.970722] {Default Queue} wp_presentation_feedback#99.presented(0, 20669, 586462495, 0, 0, 0, 0)
[18:58:15.971891]  -> wl_surface#89.attach(wl_buffer#93, 0, 0)
[18:58:15.971896]  -> wl_surface#89.damage_buffer(0, 0, 1280, 672)
[18:58:15.971897]  -> wl_surface#89.frame(new id wl_callback#99)
[18:58:15.971900] {Default Queue}  -> wp_presentation#20.feedback(wl_surface#89, new id wp_presentation_feedback#72)
[18:58:15.971902]  -> wl_surface#89.commit()
info: event=services-focus target=other
[18:58:15.971975] {Default Queue} wl_buffer#73.release()
[18:58:15.987079] {Display Queue} wl_display#1.delete_id(99)
[18:58:15.987097] {Display Queue} wl_display#1.delete_id(72)
[18:58:15.987099] {Default Queue} wl_callback#99.done(20669602)
[18:58:15.987114] {Default Queue} wp_presentation_feedback#72.sync_output(wl_output#28)
[18:58:15.987116] {Default Queue} wp_presentation_feedback#72.presented(0, 20669, 602830533, 0, 0, 0, 0)
[18:58:15.988257]  -> wl_surface#89.attach(wl_buffer#73, 0, 0)
[18:58:15.988262]  -> wl_surface#89.damage_buffer(0, 0, 1280, 672)
[18:58:15.988265]  -> wl_surface#89.frame(new id wl_callback#72)
[18:58:15.988267] {Default Queue}  -> wp_presentation#20.feedback(wl_surface#89, new id wp_presentation_feedback#99)
[18:58:15.988270]  -> wl_surface#89.commit()
[18:58:15.988359] {Default Queue} wl_buffer#93.release()
[18:58:15.997326] {Default Queue} wl_keyboard#69.leave(99, wl_surface#89)
[18:58:15.997342] {Default Queue} wl_keyboard#69.leave(100, wl_surface#89)
[18:58:15.997343] {Default Queue} wl_seat#3.capabilities(1)
[18:58:15.997346] {Default Queue}  -> wl_keyboard#69.release()
[18:58:15.998188]  -> wl_surface#48.attach(wl_buffer#77, 0, 0)
[18:58:15.998195]  -> wl_surface#48.damage_buffer(0, 0, 1280, 48)
[18:58:15.998198]  -> wl_surface#48.frame(new id wl_callback#100)
[18:58:15.998202] {Default Queue}  -> wp_presentation#20.feedback(wl_surface#48, new id wp_presentation_feedback#96)
[18:58:15.998205]  -> wl_surface#48.commit()
[18:58:15.998580]  -> wl_surface#59.attach(wl_buffer#92, 0, 0)
[18:58:15.998583]  -> wl_surface#59.damage_buffer(0, 0, 1280, 48)
[18:58:15.998585]  -> wl_surface#59.frame(new id wl_callback#97)
[18:58:15.998586] {Default Queue}  -> wp_presentation#20.feedback(wl_surface#59, new id wp_presentation_feedback#98)
[18:58:15.998587]  -> wl_surface#59.commit()
[18:58:15.998931] {Display Queue} wl_display#1.delete_id(69)
[18:58:15.998936] {Default Queue} wl_seat#3.capabilities(3)
[18:58:15.998938] {Default Queue}  -> wl_seat#3.get_keyboard(new id wl_keyboard#69)
[18:58:15.999058] {Display Queue} wl_display#1.delete_id(97)
[18:58:15.999063] {Display Queue} wl_display#1.delete_id(98)
[18:58:15.999064] {Default Queue} wl_buffer#75.release()
[18:58:15.999065] {Default Queue} wl_buffer#85.release()
[18:58:15.999066] {Default Queue} wl_callback#97.done(20669614)
[18:58:15.999071] {Default Queue} wp_presentation_feedback#98.sync_output(wl_output#31)
[18:58:15.999072] {Default Queue} wp_presentation_feedback#98.presented(0, 20669, 614818892, 0, 0, 0, 0)
[18:58:15.999074] {Default Queue} wl_keyboard#69.keymap(1, fd 16, 1436)
[18:58:15.999150] {Default Queue} wl_keyboard#69.repeat_info(40, 400)
[18:58:15.999152] {Default Queue} wl_keyboard#69.enter(102, wl_surface#89, array[0])
[18:58:15.999156] {Default Queue} wl_keyboard#69.modifiers(103, 0, 0, 0, 0)
[18:58:16.003563] {Display Queue} wl_display#1.delete_id(100)
[18:58:16.003571] {Display Queue} wl_display#1.delete_id(72)
[18:58:16.003572] {Display Queue} wl_display#1.delete_id(96)
[18:58:16.003573] {Display Queue} wl_display#1.delete_id(99)
[18:58:16.003574] {Default Queue} wl_callback#100.done(20669619)
[18:58:16.003585] {Default Queue} wl_callback#72.done(20669619)
[18:58:16.003588] {Default Queue} wp_presentation_feedback#96.sync_output(wl_output#28)
[18:58:16.003589] {Default Queue} wp_presentation_feedback#96.presented(0, 20669, 619327993, 0, 0, 0, 0)
[18:58:16.003592] {Default Queue} wp_presentation_feedback#99.sync_output(wl_output#28)
[18:58:16.003593] {Default Queue} wp_presentation_feedback#99.presented(0, 20669, 619327993, 0, 0, 0, 0)
[18:58:16.005008]  -> wl_surface#89.attach(wl_buffer#93, 0, 0)
[18:58:16.005014]  -> wl_surface#89.damage_buffer(0, 0, 1280, 672)
[18:58:16.005016]  -> wl_surface#89.frame(new id wl_callback#99)
[18:58:16.005018] {Default Queue}  -> wp_presentation#20.feedback(wl_surface#89, new id wp_presentation_feedback#96)
[18:58:16.005020]  -> wl_surface#89.commit()
[18:58:16.005273]  -> wl_surface#48.attach(wl_buffer#75, 0, 0)
[18:58:16.005276]  -> wl_surface#48.damage_buffer(0, 0, 1280, 48)
[18:58:16.005277]  -> wl_surface#48.frame(new id wl_callback#72)
[18:58:16.005278] {Default Queue}  -> wp_presentation#20.feedback(wl_surface#48, new id wp_presentation_feedback#100)
[18:58:16.005279]  -> wl_surface#48.commit()
[18:58:16.005293] {Default Queue} wl_buffer#73.release()
[18:58:16.005313] {Default Queue} wl_buffer#77.release()
[18:58:16.015661]  -> wl_surface#59.attach(wl_buffer#85, 0, 0)
[18:58:16.015669]  -> wl_surface#59.damage_buffer(0, 0, 1280, 48)
[18:58:16.015671]  -> wl_surface#59.frame(new id wl_callback#98)
[18:58:16.015673] {Default Queue}  -> wp_presentation#20.feedback(wl_surface#59, new id wp_presentation_feedback#97)
[18:58:16.015675]  -> wl_surface#59.commit()
[18:58:16.015807] {Display Queue} wl_display#1.delete_id(98)
[18:58:16.015811] {Display Queue} wl_display#1.delete_id(97)
[18:58:16.015812] {Default Queue} wl_buffer#92.release()
[18:58:16.015813] {Default Queue} wl_callback#98.done(20669631)
[18:58:16.015820] {Default Queue} wp_presentation_feedback#97.sync_output(wl_output#31)
[18:58:16.015821] {Default Queue} wp_presentation_feedback#97.presented(0, 20669, 631583753, 0, 0, 0, 0)
[18:58:16.019942] {Display Queue} wl_display#1.delete_id(72)
[18:58:16.019950] {Display Queue} wl_display#1.delete_id(99)
[18:58:16.019951] {Display Queue} wl_display#1.delete_id(100)
[18:58:16.019952] {Display Queue} wl_display#1.delete_id(96)
[18:58:16.019953] {Default Queue} wl_callback#72.done(20669635)
[18:58:16.019973] {Default Queue} wl_callback#99.done(20669635)
[18:58:16.019977] {Default Queue} wp_presentation_feedback#100.sync_output(wl_output#28)
[18:58:16.019978] {Default Queue} wp_presentation_feedback#100.presented(0, 20669, 635707941, 0, 0, 0, 0)
[18:58:16.019981] {Default Queue} wp_presentation_feedback#96.sync_output(wl_output#28)
[18:58:16.019982] {Default Queue} wp_presentation_feedback#96.presented(0, 20669, 635707941, 0, 0, 0, 0)
[18:58:16.021172]  -> wl_surface#89.attach(wl_buffer#73, 0, 0)
[18:58:16.021178]  -> wl_surface#89.damage_buffer(0, 0, 1280, 672)
[18:58:16.021179]  -> wl_surface#89.frame(new id wl_callback#96)
[18:58:16.021182] {Default Queue}  -> wp_presentation#20.feedback(wl_surface#89, new id wp_presentation_feedback#100)
[18:58:16.021184]  -> wl_surface#89.commit()
[18:58:16.021265] {Default Queue} wl_buffer#93.release()
[18:58:16.036758] {Display Queue} wl_display#1.delete_id(96)
[18:58:16.036769] {Display Queue} wl_display#1.delete_id(100)
[18:58:16.036771] {Default Queue} wl_callback#96.done(20669652)
[18:58:16.036789] {Default Queue} wp_presentation_feedback#100.sync_output(wl_output#28)
[18:58:16.036791] {Default Queue} wp_presentation_feedback#100.presented(0, 20669, 652510743, 0, 0, 0, 0)
[18:58:16.037969]  -> wl_surface#89.attach(wl_buffer#93, 0, 0)
[18:58:16.037974]  -> wl_surface#89.damage_buffer(0, 0, 1280, 672)
[18:58:16.037977]  -> wl_surface#89.frame(new id wl_callback#100)
[18:58:16.037979] {Default Queue}  -> wp_presentation#20.feedback(wl_surface#89, new id wp_presentation_feedback#96)
[18:58:16.037981]  -> wl_surface#89.commit()
[18:58:16.038057] {Default Queue} wl_buffer#73.release()
[18:58:16.053190] {Display Queue} wl_display#1.delete_id(100)
[18:58:16.053201] {Display Queue} wl_display#1.delete_id(96)
[18:58:16.053203] {Default Queue} wl_callback#100.done(20669668)
[18:58:16.053227] {Default Queue} wp_presentation_feedback#96.sync_output(wl_output#28)
[18:58:16.053229] {Default Queue} wp_presentation_feedback#96.presented(0, 20669, 668941252, 0, 0, 0, 0)
[18:58:16.054343]  -> wl_surface#89.attach(wl_buffer#73, 0, 0)
[18:58:16.054348]  -> wl_surface#89.damage_buffer(0, 0, 1280, 672)
[18:58:16.054350]  -> wl_surface#89.frame(new id wl_callback#96)
[18:58:16.054353] {Default Queue}  -> wp_presentation#20.feedback(wl_surface#89, new id wp_presentation_feedback#100)
[18:58:16.054354]  -> wl_surface#89.commit()
[18:58:16.054423] {Default Queue} wl_buffer#93.release()
[18:58:16.069576] {Display Queue} wl_display#1.delete_id(96)
[18:58:16.069584] {Display Queue} wl_display#1.delete_id(100)
[18:58:16.069586] {Default Queue} wl_callback#96.done(20669685)
[18:58:16.069601] {Default Queue} wp_presentation_feedback#100.sync_output(wl_output#28)
[18:58:16.069603] {Default Queue} wp_presentation_feedback#100.presented(0, 20669, 685334780, 0, 0, 0, 0)
[18:58:16.070838]  -> wl_surface#89.attach(wl_buffer#93, 0, 0)
[18:58:16.070844]  -> wl_surface#89.damage_buffer(0, 0, 1280, 672)
[18:58:16.070846]  -> wl_surface#89.frame(new id wl_callback#100)
[18:58:16.070849] {Default Queue}  -> wp_presentation#20.feedback(wl_surface#89, new id wp_presentation_feedback#96)
[18:58:16.070851]  -> wl_surface#89.commit()
[18:58:16.070926] {Default Queue} wl_buffer#73.release()
[18:58:16.085968] {Display Queue} wl_display#1.delete_id(100)
[18:58:16.085978] {Display Queue} wl_display#1.delete_id(96)
[18:58:16.085979] {Default Queue} wl_callback#100.done(20669701)
[18:58:16.085997] {Default Queue} wp_presentation_feedback#96.sync_output(wl_output#28)
[18:58:16.085998] {Default Queue} wp_presentation_feedback#96.presented(0, 20669, 701724069, 0, 0, 0, 0)
[18:58:16.087102]  -> wl_surface#89.attach(wl_buffer#73, 0, 0)
[18:58:16.087108]  -> wl_surface#89.damage_buffer(0, 0, 1280, 672)
[18:58:16.087109]  -> wl_surface#89.frame(new id wl_callback#96)
[18:58:16.087111] {Default Queue}  -> wp_presentation#20.feedback(wl_surface#89, new id wp_presentation_feedback#100)
[18:58:16.087114]  -> wl_surface#89.commit()
[18:58:16.087186] {Default Queue} wl_buffer#93.release()
[18:58:16.099071] {Default Queue} wl_keyboard#69.key(104, 0, 1, 1)
[18:58:16.101142] {Default Queue} wl_keyboard#69.key(105, 0, 1, 0)
[18:58:16.102318] {Display Queue} wl_display#1.delete_id(96)
[18:58:16.102324] {Display Queue} wl_display#1.delete_id(100)
[18:58:16.102325] {Default Queue} wl_callback#96.done(20669718)
[18:58:16.102336] {Default Queue} wp_presentation_feedback#100.sync_output(wl_output#28)
[18:58:16.102337] {Default Queue} wp_presentation_feedback#100.presented(0, 20669, 718095387, 0, 0, 0, 0)
[18:58:16.103416]  -> wl_surface#89.attach(wl_buffer#93, 0, 0)
[18:58:16.103421]  -> wl_surface#89.damage_buffer(0, 0, 1280, 672)
[18:58:16.103423]  -> wl_surface#89.frame(new id wl_callback#100)
[18:58:16.103426] {Default Queue}  -> wp_presentation#20.feedback(wl_surface#89, new id wp_presentation_feedback#96)
[18:58:16.103428]  -> wl_surface#89.commit()
info: event=services-focus target=other
[18:58:16.103490] {Default Queue} wl_buffer#73.release()
[18:58:16.118781] {Display Queue} wl_display#1.delete_id(100)
[18:58:16.118792] {Display Queue} wl_display#1.delete_id(96)
[18:58:16.118793] {Default Queue} wl_callback#100.done(20669734)
[18:58:16.118809] {Default Queue} wp_presentation_feedback#96.sync_output(wl_output#28)
[18:58:16.118811] {Default Queue} wp_presentation_feedback#96.presented(0, 20669, 734537216, 0, 0, 0, 0)
[18:58:16.120210]  -> wl_surface#89.attach(wl_buffer#73, 0, 0)
[18:58:16.120220]  -> wl_surface#89.damage_buffer(0, 0, 1280, 672)
[18:58:16.120223]  -> wl_surface#89.frame(new id wl_callback#96)
[18:58:16.120225] {Default Queue}  -> wp_presentation#20.feedback(wl_surface#89, new id wp_presentation_feedback#100)
[18:58:16.120228]  -> wl_surface#89.commit()
[18:58:16.120315] {Default Queue} wl_buffer#93.release()
[18:58:16.135113] {Display Queue} wl_display#1.delete_id(96)
[18:58:16.135121] {Display Queue} wl_display#1.delete_id(100)
[18:58:16.135123] {Default Queue} wl_callback#96.done(20669750)
[18:58:16.135136] {Default Queue} wp_presentation_feedback#100.sync_output(wl_output#28)
[18:58:16.135138] {Default Queue} wp_presentation_feedback#100.presented(0, 20669, 750876684, 0, 0, 0, 0)
[18:58:16.136232]  -> wl_surface#89.attach(wl_buffer#93, 0, 0)
[18:58:16.136236]  -> wl_surface#89.damage_buffer(0, 0, 1280, 672)
[18:58:16.136238]  -> wl_surface#89.frame(new id wl_callback#100)
[18:58:16.136240] {Default Queue}  -> wp_presentation#20.feedback(wl_surface#89, new id wp_presentation_feedback#96)
[18:58:16.136242]  -> wl_surface#89.commit()
[18:58:16.136312] {Default Queue} wl_buffer#73.release()
[18:58:16.138398] {Default Queue} wl_keyboard#69.leave(106, wl_surface#89)
[18:58:16.138410] {Default Queue} wl_keyboard#69.leave(107, wl_surface#89)
[18:58:16.138411] {Default Queue} wl_seat#3.capabilities(1)
[18:58:16.138414] {Default Queue}  -> wl_keyboard#69.release()
[18:58:16.139026]  -> wl_surface#48.attach(wl_buffer#77, 0, 0)
[18:58:16.139030]  -> wl_surface#48.damage_buffer(0, 0, 1280, 48)
[18:58:16.139032]  -> wl_surface#48.frame(new id wl_callback#99)
[18:58:16.139034] {Default Queue}  -> wp_presentation#20.feedback(wl_surface#48, new id wp_presentation_feedback#72)
[18:58:16.139036]  -> wl_surface#48.commit()
[18:58:16.139236]  -> wl_surface#59.attach(wl_buffer#92, 0, 0)
[18:58:16.139238]  -> wl_surface#59.damage_buffer(0, 0, 1280, 48)
[18:58:16.139239]  -> wl_surface#59.frame(new id wl_callback#97)
[18:58:16.139240] {Default Queue}  -> wp_presentation#20.feedback(wl_surface#59, new id wp_presentation_feedback#98)
[18:58:16.139241]  -> wl_surface#59.commit()
[18:58:16.139766] {Display Queue} wl_display#1.delete_id(69)
[18:58:16.139770] {Default Queue} wl_seat#3.capabilities(3)
[18:58:16.139773] {Default Queue}  -> wl_seat#3.get_keyboard(new id wl_keyboard#69)
[18:58:16.139867] {Display Queue} wl_display#1.delete_id(97)
[18:58:16.139869] {Display Queue} wl_display#1.delete_id(98)
[18:58:16.139869] {Default Queue} wl_buffer#75.release()
[18:58:16.139870] {Default Queue} wl_buffer#85.release()
[18:58:16.139871] {Default Queue} wl_callback#97.done(20669755)
[18:58:16.139875] {Default Queue} wp_presentation_feedback#98.sync_output(wl_output#31)
[18:58:16.139876] {Default Queue} wp_presentation_feedback#98.presented(0, 20669, 755610447, 0, 0, 0, 0)
[18:58:16.139878] {Default Queue} wl_keyboard#69.keymap(1, fd 16, 1436)
[18:58:16.139954] {Default Queue} wl_keyboard#69.repeat_info(40, 400)
[18:58:16.139956] {Default Queue} wl_keyboard#69.enter(109, wl_surface#89, array[0])
[18:58:16.139960] {Default Queue} wl_keyboard#69.modifiers(110, 0, 0, 0, 0)
[18:58:16.151525] {Display Queue} wl_display#1.delete_id(99)
[18:58:16.151535] {Display Queue} wl_display#1.delete_id(100)
[18:58:16.151536] {Display Queue} wl_display#1.delete_id(72)
[18:58:16.151537] {Display Queue} wl_display#1.delete_id(96)
[18:58:16.151538] {Default Queue} wl_callback#99.done(20669767)
[18:58:16.151553] {Default Queue} wl_callback#100.done(20669767)
[18:58:16.151558] {Default Queue} wp_presentation_feedback#72.sync_output(wl_output#28)
[18:58:16.151559] {Default Queue} wp_presentation_feedback#72.presented(0, 20669, 767272882, 0, 0, 0, 0)
[18:58:16.151563] {Default Queue} wp_presentation_feedback#96.sync_output(wl_output#28)
[18:58:16.151564] {Default Queue} wp_presentation_feedback#96.presented(0, 20669, 767272882, 0, 0, 0, 0)
[18:58:16.152777]  -> wl_surface#89.attach(wl_buffer#73, 0, 0)
[18:58:16.152783]  -> wl_surface#89.damage_buffer(0, 0, 1280, 672)
[18:58:16.152785]  -> wl_surface#89.frame(new id wl_callback#96)
[18:58:16.152787] {Default Queue}  -> wp_presentation#20.feedback(wl_surface#89, new id wp_presentation_feedback#72)
[18:58:16.152789]  -> wl_surface#89.commit()
[18:58:16.153046]  -> wl_surface#48.attach(wl_buffer#75, 0, 0)
[18:58:16.153048]  -> wl_surface#48.damage_buffer(0, 0, 1280, 48)
[18:58:16.153049]  -> wl_surface#48.frame(new id wl_callback#100)
[18:58:16.153051] {Default Queue}  -> wp_presentation#20.feedback(wl_surface#48, new id wp_presentation_feedback#99)
[18:58:16.153052]  -> wl_surface#48.commit()
[18:58:16.153065] {Default Queue} wl_buffer#93.release()
[18:58:16.153097] {Default Queue} wl_buffer#77.release()
[18:58:16.156367]  -> wl_surface#59.attach(wl_buffer#85, 0, 0)
[18:58:16.156372]  -> wl_surface#59.damage_buffer(0, 0, 1280, 48)
[18:58:16.156374]  -> wl_surface#59.frame(new id wl_callback#98)
[18:58:16.156375] {Default Queue}  -> wp_presentation#20.feedback(wl_surface#59, new id wp_presentation_feedback#97)
[18:58:16.156377]  -> wl_surface#59.commit()
[18:58:16.156462] {Display Queue} wl_display#1.delete_id(98)
[18:58:16.156464] {Display Queue} wl_display#1.delete_id(97)
[18:58:16.156465] {Default Queue} wl_buffer#92.release()
[18:58:16.156465] {Default Queue} wl_callback#98.done(20669772)
[18:58:16.156471] {Default Queue} wp_presentation_feedback#97.sync_output(wl_output#31)
[18:58:16.156472] {Default Queue} wp_presentation_feedback#97.presented(0, 20669, 772245417, 0, 0, 0, 0)
[18:58:16.167979] {Display Queue} wl_display#1.delete_id(100)
[18:58:16.167987] {Display Queue} wl_display#1.delete_id(96)
[18:58:16.167989] {Display Queue} wl_display#1.delete_id(99)
[18:58:16.167990] {Display Queue} wl_display#1.delete_id(72)
[18:58:16.167990] {Default Queue} wl_callback#100.done(20669783)
[18:58:16.168005] {Default Queue} wl_callback#96.done(20669783)
[18:58:16.168010] {Default Queue} wp_presentation_feedback#99.sync_output(wl_output#28)
[18:58:16.168011] {Default Queue} wp_presentation_feedback#99.presented(0, 20669, 783734741, 0, 0, 0, 0)
[18:58:16.168014] {Default Queue} wp_presentation_feedback#72.sync_output(wl_output#28)
[18:58:16.168015] {Default Queue} wp_presentation_feedback#72.presented(0, 20669, 783734741, 0, 0, 0, 0)
[18:58:16.169197]  -> wl_surface#89.attach(wl_buffer#93, 0, 0)
[18:58:16.169203]  -> wl_surface#89.damage_buffer(0, 0, 1280, 672)
[18:58:16.169210]  -> wl_surface#89.frame(new id wl_callback#72)
[18:58:16.169213] {Default Queue}  -> wp_presentation#20.feedback(wl_surface#89, new id wp_presentation_feedback#99)
[18:58:16.169214]  -> wl_surface#89.commit()
[18:58:16.169291] {Default Queue} wl_buffer#73.release()
[18:58:16.184403] {Display Queue} wl_display#1.delete_id(72)
[18:58:16.184413] {Display Queue} wl_display#1.delete_id(99)
[18:58:16.184415] {Default Queue} wl_callback#72.done(20669800)
[18:58:16.184434] {Default Queue} wp_presentation_feedback#99.sync_output(wl_output#28)
[18:58:16.184436] {Default Queue} wp_presentation_feedback#99.presented(0, 20669, 800149870, 0, 0, 0, 0)
[18:58:16.185498]  -> wl_surface#89.attach(wl_buffer#73, 0, 0)
[18:58:16.185503]  -> wl_surface#89.damage_buffer(0, 0, 1280, 672)
[18:58:16.185505]  -> wl_surface#89.frame(new id wl_callback#99)
[18:58:16.185507] {Default Queue}  -> wp_presentation#20.feedback(wl_surface#89, new id wp_presentation_feedback#72)
[18:58:16.185509]  -> wl_surface#89.commit()
[18:58:16.185574] {Default Queue} wl_buffer#93.release()
[18:58:16.200769] {Display Queue} wl_display#1.delete_id(99)
[18:58:16.200778] {Display Queue} wl_display#1.delete_id(72)
[18:58:16.200780] {Default Queue} wl_callback#99.done(20669816)
[18:58:16.200795] {Default Queue} wp_presentation_feedback#72.sync_output(wl_output#28)
[18:58:16.200797] {Default Queue} wp_presentation_feedback#72.presented(0, 20669, 816528108, 0, 0, 0, 0)
[18:58:16.201993]  -> wl_surface#89.attach(wl_buffer#93, 0, 0)
[18:58:16.202000]  -> wl_surface#89.damage_buffer(0, 0, 1280, 672)
[18:58:16.202002]  -> wl_surface#89.frame(new id wl_callback#72)
[18:58:16.202004] {Default Queue}  -> wp_presentation#20.feedback(wl_surface#89, new id wp_presentation_feedback#99)
[18:58:16.202007]  -> wl_surface#89.commit()
[18:58:16.202086] {Default Queue} wl_buffer#73.release()
[18:58:16.217109] {Display Queue} wl_display#1.delete_id(72)
[18:58:16.217117] {Display Queue} wl_display#1.delete_id(99)
[18:58:16.217118] {Default Queue} wl_callback#72.done(20669832)
[18:58:16.217132] {Default Queue} wp_presentation_feedback#99.sync_output(wl_output#28)
[18:58:16.217133] {Default Queue} wp_presentation_feedback#99.presented(0, 20669, 832871296, 0, 0, 0, 0)
[18:58:16.218154]  -> wl_surface#89.attach(wl_buffer#73, 0, 0)
[18:58:16.218158]  -> wl_surface#89.damage_buffer(0, 0, 1280, 672)
[18:58:16.218160]  -> wl_surface#89.frame(new id wl_callback#99)
[18:58:16.218162] {Default Queue}  -> wp_presentation#20.feedback(wl_surface#89, new id wp_presentation_feedback#72)
[18:58:16.218164]  -> wl_surface#89.commit()
[18:58:16.218241] {Default Queue} wl_buffer#93.release()
[18:58:16.233478] {Display Queue} wl_display#1.delete_id(99)
[18:58:16.233487] {Display Queue} wl_display#1.delete_id(72)
[18:58:16.233488] {Default Queue} wl_callback#99.done(20669849)
[18:58:16.233505] {Default Queue} wp_presentation_feedback#72.sync_output(wl_output#28)
[18:58:16.233507] {Default Queue} wp_presentation_feedback#72.presented(0, 20669, 849238664, 0, 0, 0, 0)
[18:58:16.234538]  -> wl_surface#89.attach(wl_buffer#93, 0, 0)
[18:58:16.234544]  -> wl_surface#89.damage_buffer(0, 0, 1280, 672)
[18:58:16.234545]  -> wl_surface#89.frame(new id wl_callback#72)
[18:58:16.234547] {Default Queue}  -> wp_presentation#20.feedback(wl_surface#89, new id wp_presentation_feedback#99)
[18:58:16.234549]  -> wl_surface#89.commit()
[18:58:16.234619] {Default Queue} wl_buffer#73.release()
[18:58:16.239861] {Default Queue} wl_keyboard#69.key(111, 0, 1, 1)
[18:58:16.241935] {Default Queue} wl_keyboard#69.key(112, 0, 1, 0)
[18:58:16.249840] {Display Queue} wl_display#1.delete_id(72)
[18:58:16.249848] {Display Queue} wl_display#1.delete_id(99)
[18:58:16.249849] {Default Queue} wl_callback#72.done(20669865)
[18:58:16.249862] {Default Queue} wp_presentation_feedback#99.sync_output(wl_output#28)
[18:58:16.249863] {Default Queue} wp_presentation_feedback#99.presented(0, 20669, 865603583, 0, 0, 0, 0)
[18:58:16.251027]  -> wl_surface#89.attach(wl_buffer#73, 0, 0)
[18:58:16.251031]  -> wl_surface#89.damage_buffer(0, 0, 1280, 672)
[18:58:16.251033]  -> wl_surface#89.frame(new id wl_callback#99)
[18:58:16.251036] {Default Queue}  -> wp_presentation#20.feedback(wl_surface#89, new id wp_presentation_feedback#72)
[18:58:16.251038]  -> wl_surface#89.commit()
info: event=services-focus target=other
[18:58:16.251124] {Default Queue} wl_buffer#93.release()
[18:58:16.266189] {Display Queue} wl_display#1.delete_id(99)
[18:58:16.266197] {Display Queue} wl_display#1.delete_id(72)
[18:58:16.266198] {Default Queue} wl_callback#99.done(20669881)
[18:58:16.266217] {Default Queue} wp_presentation_feedback#72.sync_output(wl_output#28)
[18:58:16.266219] {Default Queue} wp_presentation_feedback#72.presented(0, 20669, 881948150, 0, 0, 0, 0)
[18:58:16.267270]  -> wl_surface#89.attach(wl_buffer#93, 0, 0)
[18:58:16.267274]  -> wl_surface#89.damage_buffer(0, 0, 1280, 672)
[18:58:16.267276]  -> wl_surface#89.frame(new id wl_callback#72)
[18:58:16.267279] {Default Queue}  -> wp_presentation#20.feedback(wl_surface#89, new id wp_presentation_feedback#99)
[18:58:16.267281]  -> wl_surface#89.commit()
[18:58:16.267352] {Default Queue} wl_buffer#73.release()
[18:58:16.279192] {Default Queue} wl_keyboard#69.leave(113, wl_surface#89)
[18:58:16.279209] {Default Queue} wl_keyboard#69.leave(114, wl_surface#89)
[18:58:16.279211] {Default Queue} wl_seat#3.capabilities(1)
[18:58:16.279214] {Default Queue}  -> wl_keyboard#69.release()
[18:58:16.279884]  -> wl_surface#48.attach(wl_buffer#77, 0, 0)
[18:58:16.279888]  -> wl_surface#48.damage_buffer(0, 0, 1280, 48)
[18:58:16.279890]  -> wl_surface#48.frame(new id wl_callback#96)
[18:58:16.279892] {Default Queue}  -> wp_presentation#20.feedback(wl_surface#48, new id wp_presentation_feedback#100)
[18:58:16.279895]  -> wl_surface#48.commit()
[18:58:16.280126]  -> wl_surface#59.attach(wl_buffer#92, 0, 0)
[18:58:16.280128]  -> wl_surface#59.damage_buffer(0, 0, 1280, 48)
[18:58:16.280130]  -> wl_surface#59.frame(new id wl_callback#97)
[18:58:16.280131] {Default Queue}  -> wp_presentation#20.feedback(wl_surface#59, new id wp_presentation_feedback#98)
[18:58:16.280132]  -> wl_surface#59.commit()
[18:58:16.280561] {Display Queue} wl_display#1.delete_id(69)
[18:58:16.280566] {Default Queue} wl_seat#3.capabilities(3)
[18:58:16.280568] {Default Queue}  -> wl_seat#3.get_keyboard(new id wl_keyboard#69)
[18:58:16.280662] {Display Queue} wl_display#1.delete_id(97)
[18:58:16.280664] {Display Queue} wl_display#1.delete_id(98)
[18:58:16.280665] {Default Queue} wl_buffer#75.release()
[18:58:16.280666] {Default Queue} wl_buffer#85.release()
[18:58:16.280666] {Default Queue} wl_callback#97.done(20669896)
[18:58:16.280670] {Default Queue} wp_presentation_feedback#98.sync_output(wl_output#31)
[18:58:16.280672] {Default Queue} wp_presentation_feedback#98.presented(0, 20669, 896424222, 0, 0, 0, 0)
[18:58:16.280674] {Default Queue} wl_keyboard#69.keymap(1, fd 16, 1436)
[18:58:16.280742] {Default Queue} wl_keyboard#69.repeat_info(40, 400)
[18:58:16.280743] {Default Queue} wl_keyboard#69.enter(116, wl_surface#89, array[0])
[18:58:16.280747] {Default Queue} wl_keyboard#69.modifiers(117, 0, 0, 0, 0)
[18:58:16.282490] {Display Queue} wl_display#1.delete_id(96)
[18:58:16.282493] {Display Queue} wl_display#1.delete_id(72)
[18:58:16.282493] {Display Queue} wl_display#1.delete_id(100)
[18:58:16.282494] {Display Queue} wl_display#1.delete_id(99)
[18:58:16.282495] {Default Queue} wl_callback#96.done(20669898)
[18:58:16.282501] {Default Queue} wl_callback#72.done(20669898)
[18:58:16.282502] {Default Queue} wp_presentation_feedback#100.sync_output(wl_output#28)
[18:58:16.282503] {Default Queue} wp_presentation_feedback#100.presented(0, 20669, 898272348, 0, 0, 0, 0)
[18:58:16.282505] {Default Queue} wp_presentation_feedback#99.sync_output(wl_output#28)
[18:58:16.282506] {Default Queue} wp_presentation_feedback#99.presented(0, 20669, 898272348, 0, 0, 0, 0)
[18:58:16.283621]  -> wl_surface#89.attach(wl_buffer#73, 0, 0)
[18:58:16.283624]  -> wl_surface#89.damage_buffer(0, 0, 1280, 672)
[18:58:16.283626]  -> wl_surface#89.frame(new id wl_callback#99)
[18:58:16.283627] {Default Queue}  -> wp_presentation#20.feedback(wl_surface#89, new id wp_presentation_feedback#100)
[18:58:16.283629]  -> wl_surface#89.commit()
[18:58:16.283820]  -> wl_surface#48.attach(wl_buffer#75, 0, 0)
[18:58:16.283822]  -> wl_surface#48.damage_buffer(0, 0, 1280, 48)
[18:58:16.283823]  -> wl_surface#48.frame(new id wl_callback#72)
[18:58:16.283824] {Default Queue}  -> wp_presentation#20.feedback(wl_surface#48, new id wp_presentation_feedback#96)
[18:58:16.283825]  -> wl_surface#48.commit()
[18:58:16.283835] {Default Queue} wl_buffer#93.release()
[18:58:16.283839] {Default Queue} wl_buffer#77.release()
[18:58:16.297254]  -> wl_surface#59.attach(wl_buffer#85, 0, 0)
[18:58:16.297262]  -> wl_surface#59.damage_buffer(0, 0, 1280, 48)
[18:58:16.297264]  -> wl_surface#59.frame(new id wl_callback#98)
[18:58:16.297267] {Default Queue}  -> wp_presentation#20.feedback(wl_surface#59, new id wp_presentation_feedback#97)
[18:58:16.297269]  -> wl_surface#59.commit()
[18:58:16.297416] {Display Queue} wl_display#1.delete_id(98)
[18:58:16.297421] {Display Queue} wl_display#1.delete_id(97)
[18:58:16.297422] {Default Queue} wl_buffer#92.release()
[18:58:16.297423] {Default Queue} wl_callback#98.done(20669913)
[18:58:16.297433] {Default Queue} wp_presentation_feedback#97.sync_output(wl_output#31)
[18:58:16.297434] {Default Queue} wp_presentation_feedback#97.presented(0, 20669, 913192683, 0, 0, 0, 0)
[18:58:16.298860] {Display Queue} wl_display#1.delete_id(72)
[18:58:16.298865] {Display Queue} wl_display#1.delete_id(99)
[18:58:16.298866] {Display Queue} wl_display#1.delete_id(96)
[18:58:16.298867] {Display Queue} wl_display#1.delete_id(100)
[18:58:16.298868] {Default Queue} wl_callback#72.done(20669914)
[18:58:16.298875] {Default Queue} wl_callback#99.done(20669914)
[18:58:16.298877] {Default Queue} wp_presentation_feedback#96.sync_output(wl_output#28)
[18:58:16.298878] {Default Queue} wp_presentation_feedback#96.presented(0, 20669, 914635046, 0, 0, 0, 0)
[18:58:16.298881] {Default Queue} wp_presentation_feedback#100.sync_output(wl_output#28)
[18:58:16.298882] {Default Queue} wp_presentation_feedback#100.presented(0, 20669, 914635046, 0, 0, 0, 0)
[18:58:16.299934]  -> wl_surface#89.attach(wl_buffer#93, 0, 0)
[18:58:16.299938]  -> wl_surface#89.damage_buffer(0, 0, 1280, 672)
[18:58:16.299939]  -> wl_surface#89.frame(new id wl_callback#100)
[18:58:16.299941] {Default Queue}  -> wp_presentation#20.feedback(wl_surface#89, new id wp_presentation_feedback#96)
[18:58:16.299943]  -> wl_surface#89.commit()
[18:58:16.300028] {Default Queue} wl_buffer#73.release()
[18:58:16.315370] {Display Queue} wl_display#1.delete_id(100)
[18:58:16.315378] {Display Queue} wl_display#1.delete_id(96)
[18:58:16.315379] {Default Queue} wl_callback#100.done(20669931)
[18:58:16.315393] {Default Queue} wp_presentation_feedback#96.sync_output(wl_output#28)
[18:58:16.315394] {Default Queue} wp_presentation_feedback#96.presented(0, 20669, 931129366, 0, 0, 0, 0)
[18:58:16.316625]  -> wl_surface#89.attach(wl_buffer#73, 0, 0)
[18:58:16.316630]  -> wl_surface#89.damage_buffer(0, 0, 1280, 672)
[18:58:16.316632]  -> wl_surface#89.frame(new id wl_callback#96)
[18:58:16.316635] {Default Queue}  -> wp_presentation#20.feedback(wl_surface#89, new id wp_presentation_feedback#100)
[18:58:16.316637]  -> wl_surface#89.commit()
[18:58:16.316709] {Default Queue} wl_buffer#93.release()
[18:58:16.331824] {Display Queue} wl_display#1.delete_id(96)
[18:58:16.331833] {Display Queue} wl_display#1.delete_id(100)
[18:58:16.331834] {Default Queue} wl_callback#96.done(20669947)
[18:58:16.331846] {Default Queue} wp_presentation_feedback#100.sync_output(wl_output#28)
[18:58:16.331847] {Default Queue} wp_presentation_feedback#100.presented(0, 20669, 947584175, 0, 0, 0, 0)
[18:58:16.332962]  -> wl_surface#89.attach(wl_buffer#93, 0, 0)
[18:58:16.332969]  -> wl_surface#89.damage_buffer(0, 0, 1280, 672)
[18:58:16.332971]  -> wl_surface#89.frame(new id wl_callback#100)
[18:58:16.332974] {Default Queue}  -> wp_presentation#20.feedback(wl_surface#89, new id wp_presentation_feedback#96)
[18:58:16.332976]  -> wl_surface#89.commit()
[18:58:16.333051] {Default Queue} wl_buffer#73.release()
[18:58:16.348171] {Display Queue} wl_display#1.delete_id(100)
[18:58:16.348181] {Display Queue} wl_display#1.delete_id(96)
[18:58:16.348182] {Default Queue} wl_callback#100.done(20669963)
[18:58:16.348196] {Default Queue} wp_presentation_feedback#96.sync_output(wl_output#28)
[18:58:16.348198] {Default Queue} wp_presentation_feedback#96.presented(0, 20669, 963931293, 0, 0, 0, 0)
[18:58:16.349266]  -> wl_surface#89.attach(wl_buffer#73, 0, 0)
[18:58:16.349272]  -> wl_surface#89.damage_buffer(0, 0, 1280, 672)
[18:58:16.349274]  -> wl_surface#89.frame(new id wl_callback#96)
[18:58:16.349277] {Default Queue}  -> wp_presentation#20.feedback(wl_surface#89, new id wp_presentation_feedback#100)
[18:58:16.349279]  -> wl_surface#89.commit()
[18:58:16.349349] {Default Queue} wl_buffer#93.release()
[18:58:16.364611] {Display Queue} wl_display#1.delete_id(96)
[18:58:16.364620] {Display Queue} wl_display#1.delete_id(100)
[18:58:16.364621] {Default Queue} wl_callback#96.done(20669980)
[18:58:16.364636] {Default Queue} wp_presentation_feedback#100.sync_output(wl_output#28)
[18:58:16.364637] {Default Queue} wp_presentation_feedback#100.presented(0, 20669, 980370792, 0, 0, 0, 0)
[18:58:16.365691]  -> wl_surface#89.attach(wl_buffer#93, 0, 0)
[18:58:16.365697]  -> wl_surface#89.damage_buffer(0, 0, 1280, 672)
[18:58:16.365700]  -> wl_surface#89.frame(new id wl_callback#100)
[18:58:16.365702] {Default Queue}  -> wp_presentation#20.feedback(wl_surface#89, new id wp_presentation_feedback#96)
[18:58:16.365705]  -> wl_surface#89.commit()
[18:58:16.365821] {Default Queue} wl_buffer#73.release()
[18:58:16.380893] {Display Queue} wl_display#1.delete_id(100)
[18:58:16.380898] {Display Queue} wl_display#1.delete_id(96)
[18:58:16.380899] {Default Queue} wl_callback#100.done(20669996)
[18:58:16.380913] {Default Queue} wp_presentation_feedback#96.sync_output(wl_output#28)
[18:58:16.380915] {Default Queue} wp_presentation_feedback#96.presented(0, 20669, 996668139, 0, 0, 0, 0)
[18:58:16.380924] {Default Queue} wl_keyboard#69.key(118, 0, 1, 1)
[18:58:16.382392]  -> wl_surface#89.attach(wl_buffer#73, 0, 0)
[18:58:16.382401]  -> wl_surface#89.damage_buffer(0, 0, 1280, 672)
[18:58:16.382404]  -> wl_surface#89.frame(new id wl_callback#96)
[18:58:16.382406] {Default Queue}  -> wp_presentation#20.feedback(wl_surface#89, new id wp_presentation_feedback#100)
[18:58:16.382410]  -> wl_surface#89.commit()
info: event=services-focus target=brightness
[18:58:16.382518] {Default Queue} wl_buffer#93.release()
[18:58:16.382993] {Default Queue} wl_keyboard#69.key(119, 0, 1, 0)
[18:58:16.397312] {Display Queue} wl_display#1.delete_id(96)
[18:58:16.397321] {Display Queue} wl_display#1.delete_id(100)
[18:58:16.397322] {Default Queue} wl_callback#96.done(20670013)
[18:58:16.397337] {Default Queue} wp_presentation_feedback#100.sync_output(wl_output#28)
[18:58:16.397338] {Default Queue} wp_presentation_feedback#100.presented(0, 20670, 13070868, 0, 0, 0, 0)
[18:58:16.398776]  -> wl_surface#89.attach(wl_buffer#93, 0, 0)
[18:58:16.398780]  -> wl_surface#89.damage_buffer(0, 0, 1280, 672)
[18:58:16.398782]  -> wl_surface#89.frame(new id wl_callback#100)
[18:58:16.398784] {Default Queue}  -> wp_presentation#20.feedback(wl_surface#89, new id wp_presentation_feedback#96)
[18:58:16.398787]  -> wl_surface#89.commit()
[18:58:16.398868] {Default Queue} wl_buffer#73.release()
[18:58:16.413637] {Display Queue} wl_display#1.delete_id(100)
[18:58:16.413645] {Display Queue} wl_display#1.delete_id(96)
[18:58:16.413647] {Default Queue} wl_callback#100.done(20670029)
[18:58:16.413662] {Default Queue} wp_presentation_feedback#96.sync_output(wl_output#28)
[18:58:16.413663] {Default Queue} wp_presentation_feedback#96.presented(0, 20670, 29398706, 0, 0, 0, 0)
[18:58:16.414769]  -> wl_surface#89.attach(wl_buffer#73, 0, 0)
[18:58:16.414773]  -> wl_surface#89.damage_buffer(0, 0, 1280, 672)
[18:58:16.414775]  -> wl_surface#89.frame(new id wl_callback#96)
[18:58:16.414778] {Default Queue}  -> wp_presentation#20.feedback(wl_surface#89, new id wp_presentation_feedback#100)
[18:58:16.414780]  -> wl_surface#89.commit()
[18:58:16.414838] {Default Queue} wl_buffer#93.release()
[18:58:16.420205] {Default Queue} wl_keyboard#69.leave(120, wl_surface#89)
[18:58:16.420215] {Default Queue} wl_keyboard#69.leave(121, wl_surface#89)
[18:58:16.420218] {Default Queue} wl_seat#3.capabilities(1)
[18:58:16.420221] {Default Queue}  -> wl_keyboard#69.release()
[18:58:16.420797]  -> wl_surface#48.attach(wl_buffer#77, 0, 0)
[18:58:16.420801]  -> wl_surface#48.damage_buffer(0, 0, 1280, 48)
[18:58:16.420803]  -> wl_surface#48.frame(new id wl_callback#99)
[18:58:16.420805] {Default Queue}  -> wp_presentation#20.feedback(wl_surface#48, new id wp_presentation_feedback#72)
[18:58:16.420807]  -> wl_surface#48.commit()
[18:58:16.420986]  -> wl_surface#59.attach(wl_buffer#92, 0, 0)
[18:58:16.420988]  -> wl_surface#59.damage_buffer(0, 0, 1280, 48)
[18:58:16.420989]  -> wl_surface#59.frame(new id wl_callback#97)
[18:58:16.420990] {Default Queue}  -> wp_presentation#20.feedback(wl_surface#59, new id wp_presentation_feedback#98)
[18:58:16.420992]  -> wl_surface#59.commit()
[18:58:16.421892] {Display Queue} wl_display#1.delete_id(69)
[18:58:16.421899] {Display Queue} wl_display#1.delete_id(97)
[18:58:16.421901] {Display Queue} wl_display#1.delete_id(98)
[18:58:16.421902] {Default Queue} wl_seat#3.capabilities(3)
[18:58:16.421905] {Default Queue}  -> wl_seat#3.get_keyboard(new id wl_keyboard#69)
[18:58:16.421923] {Default Queue} wl_buffer#75.release()
[18:58:16.421924] {Default Queue} wl_buffer#85.release()
[18:58:16.421925] {Default Queue} wl_callback#97.done(20670037)
[18:58:16.421935] {Default Queue} wp_presentation_feedback#98.sync_output(wl_output#31)
[18:58:16.421936] {Default Queue} wp_presentation_feedback#98.presented(0, 20670, 37651930, 0, 0, 0, 0)
[18:58:16.422060] {Default Queue} wl_keyboard#69.keymap(1, fd 16, 1436)
[18:58:16.422152] {Default Queue} wl_keyboard#69.repeat_info(40, 400)
[18:58:16.422155] {Default Queue} wl_keyboard#69.enter(123, wl_surface#89, array[0])
[18:58:16.422159] {Default Queue} wl_keyboard#69.modifiers(124, 0, 0, 0, 0)
[18:58:16.430049] {Display Queue} wl_display#1.delete_id(99)
[18:58:16.430058] {Display Queue} wl_display#1.delete_id(96)
[18:58:16.430060] {Display Queue} wl_display#1.delete_id(72)
[18:58:16.430060] {Display Queue} wl_display#1.delete_id(100)
[18:58:16.430061] {Default Queue} wl_callback#99.done(20670045)
[18:58:16.430076] {Default Queue} wl_callback#96.done(20670045)
[18:58:16.430080] {Default Queue} wp_presentation_feedback#72.sync_output(wl_output#28)
[18:58:16.430082] {Default Queue} wp_presentation_feedback#72.presented(0, 20670, 45806334, 0, 0, 0, 0)
[18:58:16.430085] {Default Queue} wp_presentation_feedback#100.sync_output(wl_output#28)
[18:58:16.430086] {Default Queue} wp_presentation_feedback#100.presented(0, 20670, 45806334, 0, 0, 0, 0)
[18:58:16.431373]  -> wl_surface#89.attach(wl_buffer#93, 0, 0)
[18:58:16.431378]  -> wl_surface#89.damage_buffer(0, 0, 1280, 672)
[18:58:16.431380]  -> wl_surface#89.frame(new id wl_callback#100)
[18:58:16.431382] {Default Queue}  -> wp_presentation#20.feedback(wl_surface#89, new id wp_presentation_feedback#72)
[18:58:16.431384]  -> wl_surface#89.commit()
[18:58:16.431635]  -> wl_surface#48.attach(wl_buffer#75, 0, 0)
[18:58:16.431638]  -> wl_surface#48.damage_buffer(0, 0, 1280, 48)
[18:58:16.431639]  -> wl_surface#48.frame(new id wl_callback#96)
[18:58:16.431640] {Default Queue}  -> wp_presentation#20.feedback(wl_surface#48, new id wp_presentation_feedback#99)
[18:58:16.431641]  -> wl_surface#48.commit()
[18:58:16.431656] {Default Queue} wl_buffer#73.release()
[18:58:16.431660] {Default Queue} wl_buffer#77.release()
[18:58:16.437623]  -> wl_surface#59.attach(wl_buffer#85, 0, 0)
[18:58:16.437629]  -> wl_surface#59.damage_buffer(0, 0, 1280, 48)
[18:58:16.437631]  -> wl_surface#59.frame(new id wl_callback#98)
[18:58:16.437632] {Default Queue}  -> wp_presentation#20.feedback(wl_surface#59, new id wp_presentation_feedback#97)
[18:58:16.437634]  -> wl_surface#59.commit()
[18:58:16.437698] {Default Queue} wl_buffer#92.release()
[18:58:16.437934] {Display Queue} wl_display#1.delete_id(98)
[18:58:16.437939] {Display Queue} wl_display#1.delete_id(97)
[18:58:16.437940] {Default Queue} wl_callback#98.done(20670053)
[18:58:16.437948] {Default Queue} wp_presentation_feedback#97.sync_output(wl_output#31)
[18:58:16.437950] {Default Queue} wp_presentation_feedback#97.presented(0, 20670, 53711246, 0, 0, 0, 0)
[18:58:16.446410] {Display Queue} wl_display#1.delete_id(96)
[18:58:16.446416] {Display Queue} wl_display#1.delete_id(100)
[18:58:16.446417] {Display Queue} wl_display#1.delete_id(99)
[18:58:16.446418] {Display Queue} wl_display#1.delete_id(72)
[18:58:16.446418] {Default Queue} wl_callback#96.done(20670062)
[18:58:16.446430] {Default Queue} wl_callback#100.done(20670062)
[18:58:16.446433] {Default Queue} wp_presentation_feedback#99.sync_output(wl_output#28)
[18:58:16.446434] {Default Queue} wp_presentation_feedback#99.presented(0, 20670, 62176642, 0, 0, 0, 0)
[18:58:16.446437] {Default Queue} wp_presentation_feedback#72.sync_output(wl_output#28)
[18:58:16.446438] {Default Queue} wp_presentation_feedback#72.presented(0, 20670, 62176642, 0, 0, 0, 0)
[18:58:16.447455]  -> wl_surface#89.attach(wl_buffer#73, 0, 0)
[18:58:16.447460]  -> wl_surface#89.damage_buffer(0, 0, 1280, 672)
[18:58:16.447462]  -> wl_surface#89.frame(new id wl_callback#72)
[18:58:16.447465] {Default Queue}  -> wp_presentation#20.feedback(wl_surface#89, new id wp_presentation_feedback#99)
[18:58:16.447467]  -> wl_surface#89.commit()
[18:58:16.447541] {Default Queue} wl_buffer#93.release()
[18:58:16.462794] {Display Queue} wl_display#1.delete_id(72)
[18:58:16.462806] {Display Queue} wl_display#1.delete_id(99)
[18:58:16.462807] {Default Queue} wl_callback#72.done(20670078)
[18:58:16.462826] {Default Queue} wp_presentation_feedback#99.sync_output(wl_output#28)
[18:58:16.462828] {Default Queue} wp_presentation_feedback#99.presented(0, 20670, 78551671, 0, 0, 0, 0)
[18:58:16.463907]  -> wl_surface#89.attach(wl_buffer#93, 0, 0)
[18:58:16.463912]  -> wl_surface#89.damage_buffer(0, 0, 1280, 672)
[18:58:16.463914]  -> wl_surface#89.frame(new id wl_callback#99)
[18:58:16.463916] {Default Queue}  -> wp_presentation#20.feedback(wl_surface#89, new id wp_presentation_feedback#72)
[18:58:16.463918]  -> wl_surface#89.commit()
[18:58:16.463985] {Default Queue} wl_buffer#73.release()
[18:58:16.479163] {Display Queue} wl_display#1.delete_id(99)
[18:58:16.479171] {Display Queue} wl_display#1.delete_id(72)
[18:58:16.479172] {Default Queue} wl_callback#99.done(20670094)
[18:58:16.479187] {Default Queue} wp_presentation_feedback#72.sync_output(wl_output#28)
[18:58:16.479188] {Default Queue} wp_presentation_feedback#72.presented(0, 20670, 94921229, 0, 0, 0, 0)
[18:58:16.480231]  -> wl_surface#89.attach(wl_buffer#73, 0, 0)
[18:58:16.480235]  -> wl_surface#89.damage_buffer(0, 0, 1280, 672)
[18:58:16.480237]  -> wl_surface#89.frame(new id wl_callback#72)
[18:58:16.480240] {Default Queue}  -> wp_presentation#20.feedback(wl_surface#89, new id wp_presentation_feedback#99)
[18:58:16.480241]  -> wl_surface#89.commit()
[18:58:16.480306] {Default Queue} wl_buffer#93.release()
[18:58:16.495542] {Display Queue} wl_display#1.delete_id(72)
[18:58:16.495550] {Display Queue} wl_display#1.delete_id(99)
[18:58:16.495551] {Default Queue} wl_callback#72.done(20670111)
[18:58:16.495567] {Default Queue} wp_presentation_feedback#99.sync_output(wl_output#28)
[18:58:16.495569] {Default Queue} wp_presentation_feedback#99.presented(0, 20670, 111300917, 0, 0, 0, 0)
[18:58:16.496764]  -> wl_surface#89.attach(wl_buffer#93, 0, 0)
[18:58:16.496769]  -> wl_surface#89.damage_buffer(0, 0, 1280, 672)
[18:58:16.496771]  -> wl_surface#89.frame(new id wl_callback#99)
[18:58:16.496773] {Default Queue}  -> wp_presentation#20.feedback(wl_surface#89, new id wp_presentation_feedback#72)
[18:58:16.496776]  -> wl_surface#89.commit()
[18:58:16.496860] {Default Queue} wl_buffer#73.release()
[18:58:16.511928] {Display Queue} wl_display#1.delete_id(99)
[18:58:16.511937] {Display Queue} wl_display#1.delete_id(72)
[18:58:16.511938] {Default Queue} wl_callback#99.done(20670127)
[18:58:16.511953] {Default Queue} wp_presentation_feedback#72.sync_output(wl_output#28)
[18:58:16.511955] {Default Queue} wp_presentation_feedback#72.presented(0, 20670, 127687926, 0, 0, 0, 0)
[18:58:16.513105]  -> wl_surface#89.attach(wl_buffer#73, 0, 0)
[18:58:16.513110]  -> wl_surface#89.damage_buffer(0, 0, 1280, 672)
[18:58:16.513112]  -> wl_surface#89.frame(new id wl_callback#72)
[18:58:16.513114] {Default Queue}  -> wp_presentation#20.feedback(wl_surface#89, new id wp_presentation_feedback#99)
[18:58:16.513116]  -> wl_surface#89.commit()
[18:58:16.513191] {Default Queue} wl_buffer#93.release()
[18:58:16.522014] {Default Queue} wl_keyboard#69.key(125, 0, 1, 1)
[18:58:16.524086] {Default Queue} wl_keyboard#69.key(126, 0, 1, 0)
[18:58:16.528303] {Display Queue} wl_display#1.delete_id(72)
[18:58:16.528310] {Display Queue} wl_display#1.delete_id(99)
[18:58:16.528311] {Default Queue} wl_callback#72.done(20670144)
[18:58:16.528324] {Default Queue} wp_presentation_feedback#99.sync_output(wl_output#28)
[18:58:16.528326] {Default Queue} wp_presentation_feedback#99.presented(0, 20670, 144075374, 0, 0, 0, 0)
[18:58:16.529432]  -> wl_surface#89.attach(wl_buffer#93, 0, 0)
[18:58:16.529437]  -> wl_surface#89.damage_buffer(0, 0, 1280, 672)
[18:58:16.529438]  -> wl_surface#89.frame(new id wl_callback#99)
[18:58:16.529441] {Default Queue}  -> wp_presentation#20.feedback(wl_surface#89, new id wp_presentation_feedback#72)
[18:58:16.529442]  -> wl_surface#89.commit()
info: event=services-focus target=other
[18:58:16.529516] {Default Queue} wl_buffer#73.release()
[18:58:16.544687] {Display Queue} wl_display#1.delete_id(99)
[18:58:16.544696] {Display Queue} wl_display#1.delete_id(72)
[18:58:16.544697] {Default Queue} wl_callback#99.done(20670160)
[18:58:16.544712] {Default Queue} wp_presentation_feedback#72.sync_output(wl_output#28)
[18:58:16.544714] {Default Queue} wp_presentation_feedback#72.presented(0, 20670, 160448692, 0, 0, 0, 0)
[18:58:16.545774]  -> wl_surface#89.attach(wl_buffer#73, 0, 0)
[18:58:16.545779]  -> wl_surface#89.damage_buffer(0, 0, 1280, 672)
[18:58:16.545781]  -> wl_surface#89.frame(new id wl_callback#72)
[18:58:16.545783] {Default Queue}  -> wp_presentation#20.feedback(wl_surface#89, new id wp_presentation_feedback#99)
[18:58:16.545785]  -> wl_surface#89.commit()
[18:58:16.545873] {Default Queue} wl_buffer#93.release()
[18:58:16.561097] {Display Queue} wl_display#1.delete_id(72)
[18:58:16.561106] {Display Queue} wl_display#1.delete_id(99)
[18:58:16.561107] {Default Queue} wl_callback#72.done(20670176)
[18:58:16.561123] {Default Queue} wp_presentation_feedback#99.sync_output(wl_output#28)
[18:58:16.561126] {Default Queue} wp_presentation_feedback#99.presented(0, 20670, 176843591, 0, 0, 0, 0)
[18:58:16.562281]  -> wl_surface#89.attach(wl_buffer#93, 0, 0)
[18:58:16.562286]  -> wl_surface#89.damage_buffer(0, 0, 1280, 672)
[18:58:16.562288]  -> wl_surface#89.frame(new id wl_callback#99)
[18:58:16.562290] {Default Queue}  -> wp_presentation#20.feedback(wl_surface#89, new id wp_presentation_feedback#72)
[18:58:16.562293]  -> wl_surface#89.commit()
[18:58:16.562330] {Default Queue} wl_keyboard#69.leave(127, wl_surface#89)
[18:58:16.562337] {Default Queue} wl_keyboard#69.leave(128, wl_surface#89)
[18:58:16.562338] {Default Queue} wl_seat#3.capabilities(1)
[18:58:16.562340] {Default Queue}  -> wl_keyboard#69.release()
[18:58:16.562506] {Default Queue} wl_buffer#73.release()
[18:58:16.563021]  -> wl_surface#48.attach(wl_buffer#77, 0, 0)
[18:58:16.563026]  -> wl_surface#48.damage_buffer(0, 0, 1280, 48)
[18:58:16.563028]  -> wl_surface#48.frame(new id wl_callback#100)
[18:58:16.563030] {Default Queue}  -> wp_presentation#20.feedback(wl_surface#48, new id wp_presentation_feedback#96)
[18:58:16.563032]  -> wl_surface#48.commit()
[18:58:16.563439]  -> wl_surface#59.attach(wl_buffer#92, 0, 0)
[18:58:16.563443]  -> wl_surface#59.damage_buffer(0, 0, 1280, 48)
[18:58:16.563445]  -> wl_surface#59.frame(new id wl_callback#97)
[18:58:16.563447] {Default Queue}  -> wp_presentation#20.feedback(wl_surface#59, new id wp_presentation_feedback#98)
[18:58:16.563449]  -> wl_surface#59.commit()
[18:58:16.563467] {Default Queue} wl_seat#3.capabilities(3)
[18:58:16.563470] {Default Queue}  -> wl_seat#3.get_keyboard(new id wl_keyboard#101)
[18:58:16.563572] {Display Queue} wl_display#1.delete_id(69)
[18:58:16.563573] {Display Queue} wl_display#1.delete_id(97)
[18:58:16.563574] {Display Queue} wl_display#1.delete_id(98)
[18:58:16.563575] {Default Queue} wl_buffer#75.release()
[18:58:16.563575] {Default Queue} wl_buffer#85.release()
[18:58:16.563576] {Default Queue} wl_callback#97.done(20670179)
[18:58:16.563580] {Default Queue} wp_presentation_feedback#98.sync_output(wl_output#31)
[18:58:16.563581] {Default Queue} wp_presentation_feedback#98.presented(0, 20670, 179349233, 0, 0, 0, 0)
[18:58:16.563590] {Default Queue} wl_keyboard#101.keymap(1, fd 16, 1436)
[18:58:16.563665] {Default Queue} wl_keyboard#101.repeat_info(40, 400)
[18:58:16.563667] {Default Queue} wl_keyboard#101.enter(130, wl_surface#89, array[0])
[18:58:16.563671] {Default Queue} wl_keyboard#101.modifiers(131, 0, 0, 0, 0)
[18:58:16.577525] {Display Queue} wl_display#1.delete_id(100)
[18:58:16.577533] {Display Queue} wl_display#1.delete_id(99)
[18:58:16.577535] {Display Queue} wl_display#1.delete_id(96)
[18:58:16.577536] {Display Queue} wl_display#1.delete_id(72)
[18:58:16.577536] {Default Queue} wl_callback#100.done(20670193)
[18:58:16.577565] {Default Queue} wl_callback#99.done(20670193)
[18:58:16.577569] {Default Queue} wp_presentation_feedback#96.sync_output(wl_output#28)
[18:58:16.577570] {Default Queue} wp_presentation_feedback#96.presented(0, 20670, 193280690, 0, 0, 0, 0)
[18:58:16.577574] {Default Queue} wp_presentation_feedback#72.sync_output(wl_output#28)
[18:58:16.577574] {Default Queue} wp_presentation_feedback#72.presented(0, 20670, 193280690, 0, 0, 0, 0)
[18:58:16.578686]  -> wl_surface#89.attach(wl_buffer#73, 0, 0)
[18:58:16.578691]  -> wl_surface#89.damage_buffer(0, 0, 1280, 672)
[18:58:16.578693]  -> wl_surface#89.frame(new id wl_callback#72)
[18:58:16.578695] {Default Queue}  -> wp_presentation#20.feedback(wl_surface#89, new id wp_presentation_feedback#96)
[18:58:16.578697]  -> wl_surface#89.commit()
[18:58:16.578942]  -> wl_surface#48.attach(wl_buffer#75, 0, 0)
[18:58:16.578944]  -> wl_surface#48.damage_buffer(0, 0, 1280, 48)
[18:58:16.578945]  -> wl_surface#48.frame(new id wl_callback#99)
[18:58:16.578946] {Default Queue}  -> wp_presentation#20.feedback(wl_surface#48, new id wp_presentation_feedback#100)
[18:58:16.578947]  -> wl_surface#48.commit()
[18:58:16.578961] {Default Queue} wl_buffer#93.release()
[18:58:16.578998] {Default Queue} wl_buffer#77.release()
[18:58:16.579986]  -> wl_surface#59.attach(wl_buffer#85, 0, 0)
[18:58:16.579988]  -> wl_surface#59.damage_buffer(0, 0, 1280, 48)
[18:58:16.579989]  -> wl_surface#59.frame(new id wl_callback#98)
[18:58:16.579990] {Default Queue}  -> wp_presentation#20.feedback(wl_surface#59, new id wp_presentation_feedback#97)
[18:58:16.579991]  -> wl_surface#59.commit()
[18:58:16.580063] {Display Queue} wl_display#1.delete_id(98)
[18:58:16.580065] {Display Queue} wl_display#1.delete_id(97)
[18:58:16.580065] {Default Queue} wl_buffer#92.release()
[18:58:16.580066] {Default Queue} wl_callback#98.done(20670195)
[18:58:16.580071] {Default Queue} wp_presentation_feedback#97.sync_output(wl_output#31)
[18:58:16.580072] {Default Queue} wp_presentation_feedback#97.presented(0, 20670, 195848463, 0, 0, 0, 0)
[18:58:16.593935] {Display Queue} wl_display#1.delete_id(99)
[18:58:16.593943] {Display Queue} wl_display#1.delete_id(72)
[18:58:16.593944] {Display Queue} wl_display#1.delete_id(100)
[18:58:16.593946] {Display Queue} wl_display#1.delete_id(96)
[18:58:16.593946] {Default Queue} wl_callback#99.done(20670209)
[18:58:16.593960] {Default Queue} wl_callback#72.done(20670209)
[18:58:16.593964] {Default Queue} wp_presentation_feedback#100.sync_output(wl_output#28)
[18:58:16.593966] {Default Queue} wp_presentation_feedback#100.presented(0, 20670, 209693278, 0, 0, 0, 0)
[18:58:16.593968] {Default Queue} wp_presentation_feedback#96.sync_output(wl_output#28)
[18:58:16.593969] {Default Queue} wp_presentation_feedback#96.presented(0, 20670, 209693278, 0, 0, 0, 0)
[18:58:16.595089]  -> wl_surface#89.attach(wl_buffer#93, 0, 0)
[18:58:16.595095]  -> wl_surface#89.damage_buffer(0, 0, 1280, 672)
[18:58:16.595096]  -> wl_surface#89.frame(new id wl_callback#96)
[18:58:16.595099] {Default Queue}  -> wp_presentation#20.feedback(wl_surface#89, new id wp_presentation_feedback#100)
[18:58:16.595101]  -> wl_surface#89.commit()
[18:58:16.595182] {Default Queue} wl_buffer#73.release()
[18:58:16.610328] {Display Queue} wl_display#1.delete_id(96)
[18:58:16.610336] {Display Queue} wl_display#1.delete_id(100)
[18:58:16.610338] {Default Queue} wl_callback#96.done(20670226)
[18:58:16.610353] {Default Queue} wp_presentation_feedback#100.sync_output(wl_output#28)
[18:58:16.610355] {Default Queue} wp_presentation_feedback#100.presented(0, 20670, 226086927, 0, 0, 0, 0)
[18:58:16.611430]  -> wl_surface#89.attach(wl_buffer#73, 0, 0)
[18:58:16.611434]  -> wl_surface#89.damage_buffer(0, 0, 1280, 672)
[18:58:16.611436]  -> wl_surface#89.frame(new id wl_callback#100)
[18:58:16.611438] {Default Queue}  -> wp_presentation#20.feedback(wl_surface#89, new id wp_presentation_feedback#96)
[18:58:16.611440]  -> wl_surface#89.commit()
[18:58:16.611513] {Default Queue} wl_buffer#93.release()
[18:58:16.626661] {Display Queue} wl_display#1.delete_id(100)
[18:58:16.626668] {Display Queue} wl_display#1.delete_id(96)
[18:58:16.626669] {Default Queue} wl_callback#100.done(20670242)
[18:58:16.626685] {Default Queue} wp_presentation_feedback#96.sync_output(wl_output#28)
[18:58:16.626687] {Default Queue} wp_presentation_feedback#96.presented(0, 20670, 242422594, 0, 0, 0, 0)
[18:58:16.627698]  -> wl_surface#89.attach(wl_buffer#93, 0, 0)
[18:58:16.627703]  -> wl_surface#89.damage_buffer(0, 0, 1280, 672)
[18:58:16.627705]  -> wl_surface#89.frame(new id wl_callback#96)
[18:58:16.627707] {Default Queue}  -> wp_presentation#20.feedback(wl_surface#89, new id wp_presentation_feedback#100)
[18:58:16.627709]  -> wl_surface#89.commit()
[18:58:16.627804] {Default Queue} wl_buffer#73.release()
[18:58:16.643048] {Display Queue} wl_display#1.delete_id(96)
[18:58:16.643057] {Display Queue} wl_display#1.delete_id(100)
[18:58:16.643059] {Default Queue} wl_callback#96.done(20670258)
[18:58:16.643075] {Default Queue} wp_presentation_feedback#100.sync_output(wl_output#28)
[18:58:16.643077] {Default Queue} wp_presentation_feedback#100.presented(0, 20670, 258804943, 0, 0, 0, 0)
[18:58:16.644154]  -> wl_surface#89.attach(wl_buffer#73, 0, 0)
[18:58:16.644160]  -> wl_surface#89.damage_buffer(0, 0, 1280, 672)
[18:58:16.644163]  -> wl_surface#89.frame(new id wl_callback#100)
[18:58:16.644166] {Default Queue}  -> wp_presentation#20.feedback(wl_surface#89, new id wp_presentation_feedback#96)
[18:58:16.644169]  -> wl_surface#89.commit()
[18:58:16.644248] {Default Queue} wl_buffer#93.release()
[18:58:16.659435] {Display Queue} wl_display#1.delete_id(100)
[18:58:16.659444] {Display Queue} wl_display#1.delete_id(96)
[18:58:16.659446] {Default Queue} wl_callback#100.done(20670275)
[18:58:16.659461] {Default Queue} wp_presentation_feedback#96.sync_output(wl_output#28)
[18:58:16.659463] {Default Queue} wp_presentation_feedback#96.presented(0, 20670, 275188731, 0, 0, 0, 0)
[18:58:16.660520]  -> wl_surface#89.attach(wl_buffer#93, 0, 0)
[18:58:16.660525]  -> wl_surface#89.damage_buffer(0, 0, 1280, 672)
[18:58:16.660527]  -> wl_surface#89.frame(new id wl_callback#96)
[18:58:16.660529] {Default Queue}  -> wp_presentation#20.feedback(wl_surface#89, new id wp_presentation_feedback#100)
[18:58:16.660531]  -> wl_surface#89.commit()
[18:58:16.660604] {Default Queue} wl_buffer#73.release()
[18:58:16.663154] {Default Queue} wl_keyboard#101.key(132, 0, 1, 1)
[18:58:16.665289] {Default Queue} wl_keyboard#101.key(133, 0, 1, 0)
[18:58:16.675778] {Display Queue} wl_display#1.delete_id(96)
[18:58:16.675786] {Display Queue} wl_display#1.delete_id(100)
[18:58:16.675787] {Default Queue} wl_callback#96.done(20670291)
[18:58:16.675802] {Default Queue} wp_presentation_feedback#100.sync_output(wl_output#28)
[18:58:16.675803] {Default Queue} wp_presentation_feedback#100.presented(0, 20670, 291541239, 0, 0, 0, 0)
[18:58:16.676933]  -> wl_surface#89.attach(wl_buffer#73, 0, 0)
[18:58:16.676939]  -> wl_surface#89.damage_buffer(0, 0, 1280, 672)
[18:58:16.676941]  -> wl_surface#89.frame(new id wl_callback#100)
[18:58:16.676943] {Default Queue}  -> wp_presentation#20.feedback(wl_surface#89, new id wp_presentation_feedback#96)
[18:58:16.676945]  -> wl_surface#89.commit()
info: event=services-focus target=other
[18:58:16.677019] {Default Queue} wl_buffer#93.release()
[18:58:16.692258] {Display Queue} wl_display#1.delete_id(100)
[18:58:16.692265] {Display Queue} wl_display#1.delete_id(96)
[18:58:16.692266] {Default Queue} wl_callback#100.done(20670308)
[18:58:16.692281] {Default Queue} wp_presentation_feedback#96.sync_output(wl_output#28)
[18:58:16.692282] {Default Queue} wp_presentation_feedback#96.presented(0, 20670, 308021229, 0, 0, 0, 0)
[18:58:16.693419]  -> wl_surface#89.attach(wl_buffer#93, 0, 0)
[18:58:16.693427]  -> wl_surface#89.damage_buffer(0, 0, 1280, 672)
[18:58:16.693429]  -> wl_surface#89.frame(new id wl_callback#96)
[18:58:16.693432] {Default Queue}  -> wp_presentation#20.feedback(wl_surface#89, new id wp_presentation_feedback#100)
[18:58:16.693435]  -> wl_surface#89.commit()
[18:58:16.693523] {Default Queue} wl_buffer#73.release()
[18:58:16.702512] {Default Queue} wl_keyboard#101.leave(134, wl_surface#89)
[18:58:16.702527] {Default Queue} wl_keyboard#101.leave(135, wl_surface#89)
[18:58:16.702528] {Default Queue} wl_seat#3.capabilities(1)
[18:58:16.702530] {Default Queue}  -> wl_keyboard#101.release()
[18:58:16.703159]  -> wl_surface#48.attach(wl_buffer#77, 0, 0)
[18:58:16.703163]  -> wl_surface#48.damage_buffer(0, 0, 1280, 48)
[18:58:16.703165]  -> wl_surface#48.frame(new id wl_callback#72)
[18:58:16.703167] {Default Queue}  -> wp_presentation#20.feedback(wl_surface#48, new id wp_presentation_feedback#99)
[18:58:16.703169]  -> wl_surface#48.commit()
[18:58:16.703376]  -> wl_surface#59.attach(wl_buffer#92, 0, 0)
[18:58:16.703378]  -> wl_surface#59.damage_buffer(0, 0, 1280, 48)
[18:58:16.703379]  -> wl_surface#59.frame(new id wl_callback#97)
[18:58:16.703380] {Default Queue}  -> wp_presentation#20.feedback(wl_surface#59, new id wp_presentation_feedback#98)
[18:58:16.703381]  -> wl_surface#59.commit()
[18:58:16.703986] {Display Queue} wl_display#1.delete_id(101)
[18:58:16.703991] {Default Queue} wl_seat#3.capabilities(3)
[18:58:16.703994] {Default Queue}  -> wl_seat#3.get_keyboard(new id wl_keyboard#101)
[18:58:16.704125] {Display Queue} wl_display#1.delete_id(97)
[18:58:16.704130] {Display Queue} wl_display#1.delete_id(98)
[18:58:16.704131] {Default Queue} wl_buffer#75.release()
[18:58:16.704133] {Default Queue} wl_buffer#85.release()
[18:58:16.704134] {Default Queue} wl_callback#97.done(20670319)
[18:58:16.704140] {Default Queue} wp_presentation_feedback#98.sync_output(wl_output#31)
[18:58:16.704141] {Default Queue} wp_presentation_feedback#98.presented(0, 20670, 319876816, 0, 0, 0, 0)
[18:58:16.704145] {Default Queue} wl_keyboard#101.keymap(1, fd 16, 1436)
[18:58:16.704233] {Default Queue} wl_keyboard#101.repeat_info(40, 400)
[18:58:16.704235] {Default Queue} wl_keyboard#101.enter(137, wl_surface#89, array[0])
[18:58:16.704241] {Default Queue} wl_keyboard#101.modifiers(138, 0, 0, 0, 0)
[18:58:16.708719] {Display Queue} wl_display#1.delete_id(72)
[18:58:16.708726] {Display Queue} wl_display#1.delete_id(96)
[18:58:16.708728] {Display Queue} wl_display#1.delete_id(99)
[18:58:16.708728] {Display Queue} wl_display#1.delete_id(100)
[18:58:16.708729] {Default Queue} wl_callback#72.done(20670324)
[18:58:16.708741] {Default Queue} wl_callback#96.done(20670324)
[18:58:16.708746] {Default Queue} wp_presentation_feedback#99.sync_output(wl_output#28)
[18:58:16.708747] {Default Queue} wp_presentation_feedback#99.presented(0, 20670, 324483458, 0, 0, 0, 0)
[18:58:16.708751] {Default Queue} wp_presentation_feedback#100.sync_output(wl_output#28)
[18:58:16.708752] {Default Queue} wp_presentation_feedback#100.presented(0, 20670, 324483458, 0, 0, 0, 0)
[18:58:16.710183]  -> wl_surface#89.attach(wl_buffer#73, 0, 0)
[18:58:16.710189]  -> wl_surface#89.damage_buffer(0, 0, 1280, 672)
[18:58:16.710191]  -> wl_surface#89.frame(new id wl_callback#100)
[18:58:16.710193] {Default Queue}  -> wp_presentation#20.feedback(wl_surface#89, new id wp_presentation_feedback#99)
[18:58:16.710195]  -> wl_surface#89.commit()
[18:58:16.710534]  -> wl_surface#48.attach(wl_buffer#75, 0, 0)
[18:58:16.710538]  -> wl_surface#48.damage_buffer(0, 0, 1280, 48)
[18:58:16.710540]  -> wl_surface#48.frame(new id wl_callback#96)
[18:58:16.710542] {Default Queue}  -> wp_presentation#20.feedback(wl_surface#48, new id wp_presentation_feedback#72)
[18:58:16.710544]  -> wl_surface#48.commit()
[18:58:16.710563] {Default Queue} wl_buffer#93.release()
[18:58:16.710589] {Default Queue} wl_buffer#77.release()
[18:58:16.720790]  -> wl_surface#59.attach(wl_buffer#85, 0, 0)
[18:58:16.720798]  -> wl_surface#59.damage_buffer(0, 0, 1280, 48)
[18:58:16.720800]  -> wl_surface#59.frame(new id wl_callback#98)
[18:58:16.720803] {Default Queue}  -> wp_presentation#20.feedback(wl_surface#59, new id wp_presentation_feedback#97)
[18:58:16.720805]  -> wl_surface#59.commit()
[18:58:16.720947] {Display Queue} wl_display#1.delete_id(98)
[18:58:16.720951] {Display Queue} wl_display#1.delete_id(97)
[18:58:16.720952] {Default Queue} wl_buffer#92.release()
[18:58:16.720954] {Default Queue} wl_callback#98.done(20670336)
[18:58:16.720964] {Default Queue} wp_presentation_feedback#97.sync_output(wl_output#31)
[18:58:16.720966] {Default Queue} wp_presentation_feedback#97.presented(0, 20670, 336724628, 0, 0, 0, 0)
[18:58:16.725091] {Display Queue} wl_display#1.delete_id(96)
[18:58:16.725097] {Display Queue} wl_display#1.delete_id(100)
[18:58:16.725098] {Display Queue} wl_display#1.delete_id(72)
[18:58:16.725099] {Display Queue} wl_display#1.delete_id(99)
[18:58:16.725099] {Default Queue} wl_callback#96.done(20670340)
[18:58:16.725110] {Default Queue} wl_callback#100.done(20670340)
[18:58:16.725113] {Default Queue} wp_presentation_feedback#72.sync_output(wl_output#28)
[18:58:16.725114] {Default Queue} wp_presentation_feedback#72.presented(0, 20670, 340858516, 0, 0, 0, 0)
[18:58:16.725117] {Default Queue} wp_presentation_feedback#99.sync_output(wl_output#28)
[18:58:16.725117] {Default Queue} wp_presentation_feedback#99.presented(0, 20670, 340858516, 0, 0, 0, 0)
[18:58:16.726282]  -> wl_surface#89.attach(wl_buffer#93, 0, 0)
[18:58:16.726287]  -> wl_surface#89.damage_buffer(0, 0, 1280, 672)
[18:58:16.726289]  -> wl_surface#89.frame(new id wl_callback#99)
[18:58:16.726292] {Default Queue}  -> wp_presentation#20.feedback(wl_surface#89, new id wp_presentation_feedback#72)
[18:58:16.726294]  -> wl_surface#89.commit()
[18:58:16.726377] {Default Queue} wl_buffer#73.release()
[18:58:16.741508] {Display Queue} wl_display#1.delete_id(99)
[18:58:16.741518] {Display Queue} wl_display#1.delete_id(72)
[18:58:16.741520] {Default Queue} wl_callback#99.done(20670357)
[18:58:16.741539] {Default Queue} wp_presentation_feedback#72.sync_output(wl_output#28)
[18:58:16.741541] {Default Queue} wp_presentation_feedback#72.presented(0, 20670, 357261454, 0, 0, 0, 0)
[18:58:16.742642]  -> wl_surface#89.attach(wl_buffer#73, 0, 0)
[18:58:16.742647]  -> wl_surface#89.damage_buffer(0, 0, 1280, 672)
[18:58:16.742650]  -> wl_surface#89.frame(new id wl_callback#72)
[18:58:16.742653] {Default Queue}  -> wp_presentation#20.feedback(wl_surface#89, new id wp_presentation_feedback#99)
[18:58:16.742655]  -> wl_surface#89.commit()
[18:58:16.742732] {Default Queue} wl_buffer#93.release()
[18:58:16.757871] {Display Queue} wl_display#1.delete_id(72)
[18:58:16.757879] {Display Queue} wl_display#1.delete_id(99)
[18:58:16.757881] {Default Queue} wl_callback#72.done(20670373)
[18:58:16.757896] {Default Queue} wp_presentation_feedback#99.sync_output(wl_output#28)
[18:58:16.757898] {Default Queue} wp_presentation_feedback#99.presented(0, 20670, 373626603, 0, 0, 0, 0)
[18:58:16.758953]  -> wl_surface#89.attach(wl_buffer#93, 0, 0)
[18:58:16.758960]  -> wl_surface#89.damage_buffer(0, 0, 1280, 672)
[18:58:16.758962]  -> wl_surface#89.frame(new id wl_callback#99)
[18:58:16.758965] {Default Queue}  -> wp_presentation#20.feedback(wl_surface#89, new id wp_presentation_feedback#72)
[18:58:16.758967]  -> wl_surface#89.commit()
[18:58:16.759046] {Default Queue} wl_buffer#73.release()
[18:58:16.774284] {Display Queue} wl_display#1.delete_id(99)
[18:58:16.774293] {Display Queue} wl_display#1.delete_id(72)
[18:58:16.774295] {Default Queue} wl_callback#99.done(20670390)
[18:58:16.774311] {Default Queue} wp_presentation_feedback#72.sync_output(wl_output#28)
[18:58:16.774312] {Default Queue} wp_presentation_feedback#72.presented(0, 20670, 390038391, 0, 0, 0, 0)
[18:58:16.775465]  -> wl_surface#89.attach(wl_buffer#73, 0, 0)
[18:58:16.775473]  -> wl_surface#89.damage_buffer(0, 0, 1280, 672)
[18:58:16.775475]  -> wl_surface#89.frame(new id wl_callback#72)
[18:58:16.775478] {Default Queue}  -> wp_presentation#20.feedback(wl_surface#89, new id wp_presentation_feedback#99)
[18:58:16.775481]  -> wl_surface#89.commit()
[18:58:16.775587] {Default Queue} wl_buffer#93.release()
[18:58:16.790619] {Display Queue} wl_display#1.delete_id(72)
[18:58:16.790627] {Display Queue} wl_display#1.delete_id(99)
[18:58:16.790629] {Default Queue} wl_callback#72.done(20670406)
[18:58:16.790643] {Default Queue} wp_presentation_feedback#99.sync_output(wl_output#28)
[18:58:16.790644] {Default Queue} wp_presentation_feedback#99.presented(0, 20670, 406377189, 0, 0, 0, 0)
[18:58:16.791738]  -> wl_surface#89.attach(wl_buffer#93, 0, 0)
[18:58:16.791746]  -> wl_surface#89.damage_buffer(0, 0, 1280, 672)
[18:58:16.791748]  -> wl_surface#89.frame(new id wl_callback#99)
[18:58:16.791751] {Default Queue}  -> wp_presentation#20.feedback(wl_surface#89, new id wp_presentation_feedback#72)
[18:58:16.791753]  -> wl_surface#89.commit()
[18:58:16.791837] {Default Queue} wl_buffer#73.release()
[18:58:16.804136] {Default Queue} wl_keyboard#101.key(139, 0, 1, 1)
[18:58:16.806225] {Default Queue} wl_keyboard#101.key(140, 0, 1, 0)
[18:58:16.806965] {Display Queue} wl_display#1.delete_id(99)
[18:58:16.806970] {Display Queue} wl_display#1.delete_id(72)
[18:58:16.806971] {Default Queue} wl_callback#99.done(20670422)
[18:58:16.806982] {Default Queue} wp_presentation_feedback#72.sync_output(wl_output#28)
[18:58:16.806983] {Default Queue} wp_presentation_feedback#72.presented(0, 20670, 422741057, 0, 0, 0, 0)
[18:58:16.808062]  -> wl_surface#89.attach(wl_buffer#73, 0, 0)
[18:58:16.808066]  -> wl_surface#89.damage_buffer(0, 0, 1280, 672)
[18:58:16.808068]  -> wl_surface#89.frame(new id wl_callback#72)
[18:58:16.808070] {Default Queue}  -> wp_presentation#20.feedback(wl_surface#89, new id wp_presentation_feedback#99)
[18:58:16.808072]  -> wl_surface#89.commit()
info: event=services-focus target=other
[18:58:16.808142] {Default Queue} wl_buffer#93.release()
[18:58:16.823442] {Display Queue} wl_display#1.delete_id(72)
[18:58:16.823452] {Display Queue} wl_display#1.delete_id(99)
[18:58:16.823454] {Default Queue} wl_callback#72.done(20670439)
[18:58:16.823468] {Default Queue} wp_presentation_feedback#99.sync_output(wl_output#28)
[18:58:16.823469] {Default Queue} wp_presentation_feedback#99.presented(0, 20670, 439199096, 0, 0, 0, 0)
[18:58:16.824644]  -> wl_surface#89.attach(wl_buffer#93, 0, 0)
[18:58:16.824652]  -> wl_surface#89.damage_buffer(0, 0, 1280, 672)
[18:58:16.824654]  -> wl_surface#89.frame(new id wl_callback#99)
[18:58:16.824656] {Default Queue}  -> wp_presentation#20.feedback(wl_surface#89, new id wp_presentation_feedback#72)
[18:58:16.824659]  -> wl_surface#89.commit()
[18:58:16.824742] {Default Queue} wl_buffer#73.release()
[18:58:16.839775] {Display Queue} wl_display#1.delete_id(99)
[18:58:16.839784] {Display Queue} wl_display#1.delete_id(72)
[18:58:16.839786] {Default Queue} wl_callback#99.done(20670455)
[18:58:16.839799] {Default Queue} wp_presentation_feedback#72.sync_output(wl_output#28)
[18:58:16.839801] {Default Queue} wp_presentation_feedback#72.presented(0, 20670, 455534224, 0, 0, 0, 0)
[18:58:16.843491] {Default Queue} wl_keyboard#101.leave(141, wl_surface#89)
[18:58:16.843510] {Default Queue} wl_keyboard#101.leave(142, wl_surface#89)
[18:58:16.843512] {Default Queue} wl_seat#3.capabilities(1)
[18:58:16.843514] {Default Queue}  -> wl_keyboard#101.release()
[18:58:16.844200]  -> wl_surface#48.attach(wl_buffer#77, 0, 0)
[18:58:16.844204]  -> wl_surface#48.damage_buffer(0, 0, 1280, 48)
[18:58:16.844208]  -> wl_surface#48.frame(new id wl_callback#72)
[18:58:16.844211] {Default Queue}  -> wp_presentation#20.feedback(wl_surface#48, new id wp_presentation_feedback#99)
[18:58:16.844213]  -> wl_surface#48.commit()
[18:58:16.844459]  -> wl_surface#59.attach(wl_buffer#92, 0, 0)
[18:58:16.844461]  -> wl_surface#59.damage_buffer(0, 0, 1280, 48)
[18:58:16.844462]  -> wl_surface#59.frame(new id wl_callback#100)
[18:58:16.844463] {Default Queue}  -> wp_presentation#20.feedback(wl_surface#59, new id wp_presentation_feedback#96)
[18:58:16.844464]  -> wl_surface#59.commit()
[18:58:16.844861] {Display Queue} wl_display#1.delete_id(101)
[18:58:16.844866] {Default Queue} wl_seat#3.capabilities(3)
[18:58:16.844868] {Default Queue}  -> wl_seat#3.get_keyboard(new id wl_keyboard#101)
[18:58:16.844983] {Display Queue} wl_display#1.delete_id(100)
[18:58:16.844988] {Display Queue} wl_display#1.delete_id(96)
[18:58:16.844990] {Default Queue} wl_buffer#75.release()
[18:58:16.844992] {Default Queue} wl_buffer#85.release()
[18:58:16.844993] {Default Queue} wl_callback#100.done(20670460)
[18:58:16.844999] {Default Queue} wp_presentation_feedback#96.sync_output(wl_output#31)
[18:58:16.845000] {Default Queue} wp_presentation_feedback#96.presented(0, 20670, 460729561, 0, 0, 0, 0)
[18:58:16.845003] {Default Queue} wl_keyboard#101.keymap(1, fd 16, 1436)
[18:58:16.845081] {Default Queue} wl_keyboard#101.repeat_info(40, 400)
[18:58:16.845083] {Default Queue} wl_keyboard#101.enter(144, wl_surface#89, array[0])
[18:58:16.845088] {Default Queue} wl_keyboard#101.modifiers(145, 0, 0, 0, 0)
[18:58:16.855836] {Display Queue} wl_display#1.delete_id(72)
[18:58:16.855844] {Display Queue} wl_display#1.delete_id(99)
[18:58:16.855845] {Default Queue} wl_callback#72.done(20670471)
[18:58:16.855858] {Default Queue} wp_presentation_feedback#99.sync_output(wl_output#28)
[18:58:16.855860] {Default Queue} wp_presentation_feedback#99.presented(0, 20670, 471602010, 0, 0, 0, 0)
[18:58:16.856246]  -> wl_surface#48.attach(wl_buffer#75, 0, 0)
[18:58:16.856250]  -> wl_surface#48.damage_buffer(0, 0, 1280, 48)
[18:58:16.856252]  -> wl_surface#48.frame(new id wl_callback#99)
[18:58:16.856254] {Default Queue}  -> wp_presentation#20.feedback(wl_surface#48, new id wp_presentation_feedback#72)
[18:58:16.856256]  -> wl_surface#48.commit()
[18:58:16.856334] {Default Queue} wl_buffer#77.release()
[18:58:16.861563]  -> wl_surface#59.attach(wl_buffer#85, 0, 0)
[18:58:16.861571]  -> wl_surface#59.damage_buffer(0, 0, 1280, 48)
[18:58:16.861573]  -> wl_surface#59.frame(new id wl_callback#96)
[18:58:16.861575] {Default Queue}  -> wp_presentation#20.feedback(wl_surface#59, new id wp_presentation_feedback#100)
[18:58:16.861577]  -> wl_surface#59.commit()
[18:58:16.861696] {Display Queue} wl_display#1.delete_id(96)
[18:58:16.861698] {Display Queue} wl_display#1.delete_id(100)
[18:58:16.861699] {Default Queue} wl_buffer#92.release()
[18:58:16.861699] {Default Queue} wl_callback#96.done(20670477)
[18:58:16.861704] {Default Queue} wp_presentation_feedback#100.sync_output(wl_output#31)
[18:58:16.861706] {Default Queue} wp_presentation_feedback#100.presented(0, 20670, 477476193, 0, 0, 0, 0)
[18:58:16.871909] {Display Queue} wl_display#1.delete_id(99)
[18:58:16.871917] {Display Queue} wl_display#1.delete_id(72)
[18:58:16.871918] {Default Queue} wl_callback#99.done(20670487)
[18:58:16.871931] {Default Queue} wp_presentation_feedback#72.sync_output(wl_output#28)
[18:58:16.871933] {Default Queue} wp_presentation_feedback#72.presented(0, 20670, 487672175, 0, 0, 0, 0)
[18:58:16.944988] {Default Queue} wl_keyboard#101.key(146, 0, 1, 1)
[18:58:16.947072] {Default Queue} wl_keyboard#101.key(147, 0, 1, 0)
[18:58:16.959099]  -> wl_surface#89.attach(wl_buffer#73, 0, 0)
[18:58:16.959107]  -> wl_surface#89.damage_buffer(0, 0, 1280, 672)
[18:58:16.959109]  -> wl_surface#89.frame(new id wl_callback#72)
[18:58:16.959111] {Default Queue}  -> wp_presentation#20.feedback(wl_surface#89, new id wp_presentation_feedback#99)
[18:58:16.959114]  -> wl_surface#89.commit()
info: event=services-focus target=power-off
[18:58:16.959533] {Display Queue} wl_display#1.delete_id(72)
[18:58:16.959539] {Display Queue} wl_display#1.delete_id(99)
[18:58:16.959540] {Default Queue} wl_buffer#93.release()
[18:58:16.959541] {Default Queue} wl_callback#72.done(20670575)
[18:58:16.959550] {Default Queue} wp_presentation_feedback#99.sync_output(wl_output#28)
[18:58:16.959552] {Default Queue} wp_presentation_feedback#99.presented(0, 20670, 575308359, 0, 0, 0, 0)
[18:58:16.960295]  -> wl_surface#89.attach(wl_buffer#93, 0, 0)
[18:58:16.960298]  -> wl_surface#89.damage_buffer(0, 0, 1280, 672)
[18:58:16.960300]  -> wl_surface#89.frame(new id wl_callback#99)
[18:58:16.960301] {Default Queue}  -> wp_presentation#20.feedback(wl_surface#89, new id wp_presentation_feedback#72)
[18:58:16.960303]  -> wl_surface#89.commit()
[18:58:16.960341] {Default Queue} wl_buffer#73.release()
[18:58:16.976165] {Display Queue} wl_display#1.delete_id(99)
[18:58:16.976175] {Display Queue} wl_display#1.delete_id(72)
[18:58:16.976177] {Default Queue} wl_callback#99.done(20670591)
[18:58:16.976194] {Default Queue} wp_presentation_feedback#72.sync_output(wl_output#28)
[18:58:16.976195] {Default Queue} wp_presentation_feedback#72.presented(0, 20670, 591918979, 0, 0, 0, 0)
[18:58:16.977131]  -> wl_surface#89.attach(wl_buffer#73, 0, 0)
[18:58:16.977137]  -> wl_surface#89.damage_buffer(0, 0, 1280, 672)
[18:58:16.977139]  -> wl_surface#89.frame(new id wl_callback#72)
[18:58:16.977142] {Default Queue}  -> wp_presentation#20.feedback(wl_surface#89, new id wp_presentation_feedback#99)
[18:58:16.977145]  -> wl_surface#89.commit()
[18:58:16.977223] {Default Queue} wl_buffer#93.release()
[18:58:16.984343] {Default Queue} wl_keyboard#101.leave(148, wl_surface#89)
[18:58:16.984359] {Default Queue} wl_keyboard#101.leave(149, wl_surface#89)
[18:58:16.984360] {Default Queue} wl_seat#3.capabilities(1)
[18:58:16.984363] {Default Queue}  -> wl_keyboard#101.release()
[18:58:16.985006]  -> wl_surface#48.attach(wl_buffer#77, 0, 0)
[18:58:16.985010]  -> wl_surface#48.damage_buffer(0, 0, 1280, 48)
[18:58:16.985012]  -> wl_surface#48.frame(new id wl_callback#100)
[18:58:16.985014] {Default Queue}  -> wp_presentation#20.feedback(wl_surface#48, new id wp_presentation_feedback#96)
[18:58:16.985016]  -> wl_surface#48.commit()
[18:58:16.985220]  -> wl_surface#59.attach(wl_buffer#92, 0, 0)
[18:58:16.985222]  -> wl_surface#59.damage_buffer(0, 0, 1280, 48)
[18:58:16.985224]  -> wl_surface#59.frame(new id wl_callback#97)
[18:58:16.985225] {Default Queue}  -> wp_presentation#20.feedback(wl_surface#59, new id wp_presentation_feedback#98)
[18:58:16.985226]  -> wl_surface#59.commit()
[18:58:16.985639] {Display Queue} wl_display#1.delete_id(101)
[18:58:16.985646] {Default Queue} wl_seat#3.capabilities(3)
[18:58:16.985649] {Default Queue}  -> wl_seat#3.get_keyboard(new id wl_keyboard#101)
[18:58:16.985767] {Display Queue} wl_display#1.delete_id(97)
[18:58:16.985768] {Display Queue} wl_display#1.delete_id(98)
[18:58:16.985769] {Default Queue} wl_buffer#75.release()
[18:58:16.985771] {Default Queue} wl_buffer#85.release()
[18:58:16.985772] {Default Queue} wl_callback#97.done(20670601)
[18:58:16.985780] {Default Queue} wp_presentation_feedback#98.sync_output(wl_output#31)
[18:58:16.985782] {Default Queue} wp_presentation_feedback#98.presented(0, 20670, 601495506, 0, 0, 0, 0)
[18:58:16.985785] {Default Queue} wl_keyboard#101.keymap(1, fd 16, 1436)
[18:58:16.985858] {Default Queue} wl_keyboard#101.repeat_info(40, 400)
[18:58:16.985860] {Default Queue} wl_keyboard#101.enter(151, wl_surface#89, array[0])
[18:58:16.985865] {Default Queue} wl_keyboard#101.modifiers(152, 0, 0, 0, 0)
[18:58:16.992586] {Display Queue} wl_display#1.delete_id(100)
[18:58:16.992595] {Display Queue} wl_display#1.delete_id(72)
[18:58:16.992596] {Display Queue} wl_display#1.delete_id(96)
[18:58:16.992597] {Display Queue} wl_display#1.delete_id(99)
[18:58:16.992598] {Default Queue} wl_callback#100.done(20670608)
[18:58:16.992610] {Default Queue} wl_callback#72.done(20670608)
[18:58:16.992614] {Default Queue} wp_presentation_feedback#96.sync_output(wl_output#28)
[18:58:16.992616] {Default Queue} wp_presentation_feedback#96.presented(0, 20670, 608346418, 0, 0, 0, 0)
[18:58:16.992619] {Default Queue} wp_presentation_feedback#99.sync_output(wl_output#28)
[18:58:16.992620] {Default Queue} wp_presentation_feedback#99.presented(0, 20670, 608346418, 0, 0, 0, 0)
[18:58:16.993822]  -> wl_surface#89.attach(wl_buffer#93, 0, 0)
[18:58:16.993828]  -> wl_surface#89.damage_buffer(0, 0, 1280, 672)
[18:58:16.993830]  -> wl_surface#89.frame(new id wl_callback#99)
[18:58:16.993832] {Default Queue}  -> wp_presentation#20.feedback(wl_surface#89, new id wp_presentation_feedback#96)
[18:58:16.993834]  -> wl_surface#89.commit()
[18:58:16.994075]  -> wl_surface#48.attach(wl_buffer#75, 0, 0)
[18:58:16.994077]  -> wl_surface#48.damage_buffer(0, 0, 1280, 48)
[18:58:16.994078]  -> wl_surface#48.frame(new id wl_callback#72)
[18:58:16.994079] {Default Queue}  -> wp_presentation#20.feedback(wl_surface#48, new id wp_presentation_feedback#100)
[18:58:16.994080]  -> wl_surface#48.commit()
[18:58:16.994093] {Default Queue} wl_buffer#73.release()
[18:58:16.994100] {Default Queue} wl_buffer#77.release()
[18:58:17.002367]  -> wl_surface#59.attach(wl_buffer#85, 0, 0)
[18:58:17.002374]  -> wl_surface#59.damage_buffer(0, 0, 1280, 48)
[18:58:17.002376]  -> wl_surface#59.frame(new id wl_callback#98)
[18:58:17.002379] {Default Queue}  -> wp_presentation#20.feedback(wl_surface#59, new id wp_presentation_feedback#97)
[18:58:17.002381]  -> wl_surface#59.commit()
[18:58:17.002488] {Display Queue} wl_display#1.delete_id(98)
[18:58:17.002491] {Display Queue} wl_display#1.delete_id(97)
[18:58:17.002492] {Default Queue} wl_buffer#92.release()
[18:58:17.002493] {Default Queue} wl_callback#98.done(20670618)
[18:58:17.002499] {Default Queue} wp_presentation_feedback#97.sync_output(wl_output#31)
[18:58:17.002500] {Default Queue} wp_presentation_feedback#97.presented(0, 20670, 618270208, 0, 0, 0, 0)
[18:58:17.009009] {Display Queue} wl_display#1.delete_id(72)
[18:58:17.009016] {Display Queue} wl_display#1.delete_id(99)
[18:58:17.009018] {Display Queue} wl_display#1.delete_id(100)
[18:58:17.009019] {Display Queue} wl_display#1.delete_id(96)
[18:58:17.009019] {Default Queue} wl_callback#72.done(20670624)
[18:58:17.009032] {Default Queue} wl_callback#99.done(20670624)
[18:58:17.009037] {Default Queue} wp_presentation_feedback#100.sync_output(wl_output#28)
[18:58:17.009039] {Default Queue} wp_presentation_feedback#100.presented(0, 20670, 624765726, 0, 0, 0, 0)
[18:58:17.009042] {Default Queue} wp_presentation_feedback#96.sync_output(wl_output#28)
[18:58:17.009043] {Default Queue} wp_presentation_feedback#96.presented(0, 20670, 624765726, 0, 0, 0, 0)
[18:58:17.009992]  -> wl_surface#89.attach(wl_buffer#73, 0, 0)
[18:58:17.009998]  -> wl_surface#89.damage_buffer(0, 0, 1280, 672)
[18:58:17.010000]  -> wl_surface#89.frame(new id wl_callback#96)
[18:58:17.010003] {Default Queue}  -> wp_presentation#20.feedback(wl_surface#89, new id wp_presentation_feedback#100)
[18:58:17.010005]  -> wl_surface#89.commit()
[18:58:17.010078] {Default Queue} wl_buffer#93.release()
[18:58:17.025362] {Display Queue} wl_display#1.delete_id(96)
[18:58:17.025371] {Display Queue} wl_display#1.delete_id(100)
[18:58:17.025372] {Default Queue} wl_callback#96.done(20670641)
[18:58:17.025388] {Default Queue} wp_presentation_feedback#100.sync_output(wl_output#28)
[18:58:17.025390] {Default Queue} wp_presentation_feedback#100.presented(0, 20670, 641122705, 0, 0, 0, 0)
[18:58:17.026267]  -> wl_surface#89.attach(wl_buffer#93, 0, 0)
[18:58:17.026272]  -> wl_surface#89.damage_buffer(0, 0, 1280, 672)
[18:58:17.026273]  -> wl_surface#89.frame(new id wl_callback#100)
[18:58:17.026275] {Default Queue}  -> wp_presentation#20.feedback(wl_surface#89, new id wp_presentation_feedback#96)
[18:58:17.026277]  -> wl_surface#89.commit()
[18:58:17.026336] {Default Queue} wl_buffer#73.release()
[18:58:17.041755] {Display Queue} wl_display#1.delete_id(100)
[18:58:17.041763] {Display Queue} wl_display#1.delete_id(96)
[18:58:17.041765] {Default Queue} wl_callback#100.done(20670657)
[18:58:17.041781] {Default Queue} wp_presentation_feedback#96.sync_output(wl_output#28)
[18:58:17.041783] {Default Queue} wp_presentation_feedback#96.presented(0, 20670, 657510363, 0, 0, 0, 0)
[18:58:17.042701]  -> wl_surface#89.attach(wl_buffer#73, 0, 0)
[18:58:17.042705]  -> wl_surface#89.damage_buffer(0, 0, 1280, 672)
[18:58:17.042707]  -> wl_surface#89.frame(new id wl_callback#96)
[18:58:17.042709] {Default Queue}  -> wp_presentation#20.feedback(wl_surface#89, new id wp_presentation_feedback#100)
[18:58:17.042711]  -> wl_surface#89.commit()
[18:58:17.042774] {Default Queue} wl_buffer#93.release()
[18:58:17.058095] {Display Queue} wl_display#1.delete_id(96)
[18:58:17.058102] {Display Queue} wl_display#1.delete_id(100)
[18:58:17.058104] {Default Queue} wl_callback#96.done(20670673)
[18:58:17.058118] {Default Queue} wp_presentation_feedback#100.sync_output(wl_output#28)
[18:58:17.058120] {Default Queue} wp_presentation_feedback#100.presented(0, 20670, 673855531, 0, 0, 0, 0)
[18:58:17.059060]  -> wl_surface#89.attach(wl_buffer#93, 0, 0)
[18:58:17.059065]  -> wl_surface#89.damage_buffer(0, 0, 1280, 672)
[18:58:17.059066]  -> wl_surface#89.frame(new id wl_callback#100)
[18:58:17.059069] {Default Queue}  -> wp_presentation#20.feedback(wl_surface#89, new id wp_presentation_feedback#96)
[18:58:17.059072]  -> wl_surface#89.commit()
[18:58:17.059143] {Default Queue} wl_buffer#73.release()
[18:58:17.074472] {Display Queue} wl_display#1.delete_id(100)
[18:58:17.074480] {Display Queue} wl_display#1.delete_id(96)
[18:58:17.074481] {Default Queue} wl_callback#100.done(20670690)
[18:58:17.074496] {Default Queue} wp_presentation_feedback#96.sync_output(wl_output#28)
[18:58:17.074498] {Default Queue} wp_presentation_feedback#96.presented(0, 20670, 690230739, 0, 0, 0, 0)
[18:58:17.075422]  -> wl_surface#89.attach(wl_buffer#73, 0, 0)
[18:58:17.075427]  -> wl_surface#89.damage_buffer(0, 0, 1280, 672)
[18:58:17.075428]  -> wl_surface#89.frame(new id wl_callback#96)
[18:58:17.075431] {Default Queue}  -> wp_presentation#20.feedback(wl_surface#89, new id wp_presentation_feedback#100)
[18:58:17.075434]  -> wl_surface#89.commit()
[18:58:17.075508] {Default Queue} wl_buffer#93.release()
[18:58:17.085734] {Default Queue} wl_keyboard#101.key(153, 0, 1, 1)
[18:58:17.087979] {Default Queue} wl_keyboard#101.key(154, 0, 1, 0)
[18:58:17.090886] {Display Queue} wl_display#1.delete_id(96)
[18:58:17.090893] {Display Queue} wl_display#1.delete_id(100)
[18:58:17.090894] {Default Queue} wl_callback#96.done(20670706)
[18:58:17.090907] {Default Queue} wp_presentation_feedback#100.sync_output(wl_output#28)
[18:58:17.090908] {Default Queue} wp_presentation_feedback#100.presented(0, 20670, 706654358, 0, 0, 0, 0)
[18:58:17.091961]  -> wl_surface#89.attach(wl_buffer#93, 0, 0)
[18:58:17.091966]  -> wl_surface#89.damage_buffer(0, 0, 1280, 672)
[18:58:17.091967]  -> wl_surface#89.frame(new id wl_callback#100)
[18:58:17.091970] {Default Queue}  -> wp_presentation#20.feedback(wl_surface#89, new id wp_presentation_feedback#96)
[18:58:17.091973]  -> wl_surface#89.commit()
info: event=services-focus target=reboot
[18:58:17.092056] {Default Queue} wl_buffer#73.release()
[18:58:17.107296] {Display Queue} wl_display#1.delete_id(100)
[18:58:17.107307] {Display Queue} wl_display#1.delete_id(96)
[18:58:17.107308] {Default Queue} wl_callback#100.done(20670723)
[18:58:17.107326] {Default Queue} wp_presentation_feedback#96.sync_output(wl_output#28)
[18:58:17.107327] {Default Queue} wp_presentation_feedback#96.presented(0, 20670, 723049086, 0, 0, 0, 0)
[18:58:17.108163]  -> wl_surface#89.attach(wl_buffer#73, 0, 0)
[18:58:17.108168]  -> wl_surface#89.damage_buffer(0, 0, 1280, 672)
[18:58:17.108170]  -> wl_surface#89.frame(new id wl_callback#96)
[18:58:17.108172] {Default Queue}  -> wp_presentation#20.feedback(wl_surface#89, new id wp_presentation_feedback#100)
[18:58:17.108174]  -> wl_surface#89.commit()
[18:58:17.108255] {Default Queue} wl_buffer#93.release()
[18:58:17.123691] {Display Queue} wl_display#1.delete_id(96)
[18:58:17.123699] {Display Queue} wl_display#1.delete_id(100)
[18:58:17.123700] {Default Queue} wl_callback#96.done(20670739)
[18:58:17.123716] {Default Queue} wp_presentation_feedback#100.sync_output(wl_output#28)
[18:58:17.123717] {Default Queue} wp_presentation_feedback#100.presented(0, 20670, 739451835, 0, 0, 0, 0)
[18:58:17.124646]  -> wl_surface#89.attach(wl_buffer#93, 0, 0)
[18:58:17.124649]  -> wl_surface#89.damage_buffer(0, 0, 1280, 672)
[18:58:17.124651]  -> wl_surface#89.frame(new id wl_callback#100)
[18:58:17.124653] {Default Queue}  -> wp_presentation#20.feedback(wl_surface#89, new id wp_presentation_feedback#96)
[18:58:17.124655]  -> wl_surface#89.commit()
[18:58:17.124720] {Default Queue} wl_buffer#73.release()
[18:58:17.125208] {Default Queue} wl_keyboard#101.leave(155, wl_surface#89)
[18:58:17.125217] {Default Queue} wl_keyboard#101.leave(156, wl_surface#89)
[18:58:17.125218] {Default Queue} wl_seat#3.capabilities(1)
[18:58:17.125219] {Default Queue}  -> wl_keyboard#101.release()
[18:58:17.125802]  -> wl_surface#48.attach(wl_buffer#77, 0, 0)
[18:58:17.125805]  -> wl_surface#48.damage_buffer(0, 0, 1280, 48)
[18:58:17.125807]  -> wl_surface#48.frame(new id wl_callback#99)
[18:58:17.125808] {Default Queue}  -> wp_presentation#20.feedback(wl_surface#48, new id wp_presentation_feedback#72)
[18:58:17.125810]  -> wl_surface#48.commit()
[18:58:17.125997]  -> wl_surface#59.attach(wl_buffer#92, 0, 0)
[18:58:17.125999]  -> wl_surface#59.damage_buffer(0, 0, 1280, 48)
[18:58:17.126000]  -> wl_surface#59.frame(new id wl_callback#97)
[18:58:17.126001] {Default Queue}  -> wp_presentation#20.feedback(wl_surface#59, new id wp_presentation_feedback#98)
[18:58:17.126002]  -> wl_surface#59.commit()
[18:58:17.126089] {Display Queue} wl_display#1.delete_id(101)
[18:58:17.126091] {Display Queue} wl_display#1.delete_id(97)
[18:58:17.126092] {Display Queue} wl_display#1.delete_id(98)
[18:58:17.126092] {Default Queue} wl_buffer#75.release()
[18:58:17.126093] {Default Queue} wl_buffer#85.release()
[18:58:17.126093] {Default Queue} wl_callback#97.done(20670741)
[18:58:17.126097] {Default Queue} wp_presentation_feedback#98.sync_output(wl_output#31)
[18:58:17.126098] {Default Queue} wp_presentation_feedback#98.presented(0, 20670, 741871727, 0, 0, 0, 0)
[18:58:17.140084] {Display Queue} wl_display#1.delete_id(99)
[18:58:17.140093] {Display Queue} wl_display#1.delete_id(100)
[18:58:17.140095] {Display Queue} wl_display#1.delete_id(72)
[18:58:17.140096] {Display Queue} wl_display#1.delete_id(96)
[18:58:17.140096] {Default Queue} wl_callback#99.done(20670755)
[18:58:17.140113] {Default Queue} wl_callback#100.done(20670755)
[18:58:17.140118] {Default Queue} wp_presentation_feedback#72.sync_output(wl_output#28)
[18:58:17.140120] {Default Queue} wp_presentation_feedback#72.presented(0, 20670, 755836493, 0, 0, 0, 0)
[18:58:17.140124] {Default Queue} wp_presentation_feedback#96.sync_output(wl_output#28)
[18:58:17.140125] {Default Queue} wp_presentation_feedback#96.presented(0, 20670, 755836493, 0, 0, 0, 0)
[18:58:17.141265]  -> wl_surface#89.attach(wl_buffer#73, 0, 0)
[18:58:17.141270]  -> wl_surface#89.damage_buffer(0, 0, 1280, 672)
[18:58:17.141272]  -> wl_surface#89.frame(new id wl_callback#96)
[18:58:17.141274] {Default Queue}  -> wp_presentation#20.feedback(wl_surface#89, new id wp_presentation_feedback#72)
[18:58:17.141276]  -> wl_surface#89.commit()
[18:58:17.141358] {Default Queue} wl_buffer#93.release()
[18:58:17.156490] {Display Queue} wl_display#1.delete_id(96)
[18:58:17.156499] {Display Queue} wl_display#1.delete_id(72)
[18:58:17.156500] {Default Queue} wl_callback#96.done(20670772)
[18:58:17.156516] {Default Queue} wp_presentation_feedback#72.sync_output(wl_output#28)
[18:58:17.156517] {Default Queue} wp_presentation_feedback#72.presented(0, 20670, 772246262, 0, 0, 0, 0)
[18:58:17.157465]  -> wl_surface#89.attach(wl_buffer#93, 0, 0)
[18:58:17.157471]  -> wl_surface#89.damage_buffer(0, 0, 1280, 672)
[18:58:17.157473]  -> wl_surface#89.frame(new id wl_callback#72)
[18:58:17.157476] {Default Queue}  -> wp_presentation#20.feedback(wl_surface#89, new id wp_presentation_feedback#96)
[18:58:17.157478]  -> wl_surface#89.commit()
[18:58:17.157548] {Default Queue} wl_buffer#73.release()
[18:58:17.172854] {Display Queue} wl_display#1.delete_id(72)
[18:58:17.172862] {Display Queue} wl_display#1.delete_id(96)
[18:58:17.172863] {Default Queue} wl_callback#72.done(20670788)
[18:58:17.172878] {Default Queue} wp_presentation_feedback#96.sync_output(wl_output#28)
[18:58:17.172879] {Default Queue} wp_presentation_feedback#96.presented(0, 20670, 788613920, 0, 0, 0, 0)
[18:58:17.483126] {Default Queue}  -> zwlr_layer_surface_v1#81.destroy()
[18:58:17.483136]  -> wl_surface#89.attach(nil, 0, 0)
[18:58:17.483138]  -> wl_surface#89.commit()
[18:58:17.483175] {Default Queue}  -> wl_buffer#73.destroy()
[18:58:17.483177] {Default Queue}  -> wl_shm_pool#87.destroy()
[18:58:17.483364] {Default Queue}  -> wp_viewport#94.destroy()
[18:58:17.483366] {Default Queue}  -> wp_fractional_scale_v1#90.destroy()
[18:58:17.483368]  -> wl_surface#89.destroy()
info: event=popup-closed
[18:58:17.484612] {Display Queue} wl_display#1.delete_id(81)
[18:58:17.484616] {Display Queue} wl_display#1.delete_id(73)
[18:58:17.484617] {Display Queue} wl_display#1.delete_id(87)
[18:58:17.484618] {Display Queue} wl_display#1.delete_id(94)
[18:58:17.484618] {Display Queue} wl_display#1.delete_id(90)
[18:58:17.484619] {Display Queue} wl_display#1.delete_id(89)
[18:58:17.484619] {Default Queue} zwlr_layer_surface_v1#58.configure(158, 1280, 48)
[18:58:17.484628] {Default Queue}  -> zwlr_layer_surface_v1#58.ack_configure(158)
[18:58:17.484630] {Default Queue} zwlr_layer_surface_v1#53.configure(159, 1280, 720)
[18:58:17.484632] {Default Queue}  -> zwlr_layer_surface_v1#53.ack_configure(159)
[18:58:17.484632] {Default Queue} wl_buffer#93.release()
[18:58:17.484634] {Default Queue}  -> wl_buffer#93.destroy()
[18:58:17.484635] {Default Queue}  -> wl_shm_pool#78.destroy()
[18:58:17.484703] {Default Queue} wl_pointer#33.leave(160, nil)
[18:58:17.484707] {Default Queue} wl_pointer#33.frame()
[18:58:17.484714] {Default Queue}  -> xdg_toplevel_icon_v1#95.destroy()
[18:58:17.484796]  -> wl_surface#48.commit()
[18:58:17.484806]  -> wl_surface#49.commit()
[18:58:17.485187]  -> wl_surface#59.attach(wl_buffer#85, 0, 0)
[18:58:17.485190]  -> wl_surface#59.damage_buffer(0, 0, 1280, 48)
[18:58:17.485191]  -> wl_surface#59.frame(new id wl_callback#89)
[18:58:17.485193] {Default Queue}  -> wp_presentation#20.feedback(wl_surface#59, new id wp_presentation_feedback#90)
[18:58:17.485195]  -> wl_surface#59.commit()
[18:58:17.485232] {Display Queue} wl_display#1.delete_id(93)
[18:58:17.485234] {Display Queue} wl_display#1.delete_id(78)
[18:58:17.485234] {Display Queue} wl_display#1.delete_id(95)
[18:58:17.485235] {Default Queue} wl_buffer#92.release()
[18:58:17.487676] {Default Queue}  -> wl_compositor#4.create_surface(new id wl_surface#95)
[18:58:17.487682] {Default Queue}  -> wp_fractional_scale_manager_v1#11.get_fractional_scale(new id wp_fractional_scale_v1#78, wl_surface#95)
[18:58:17.487685] {Default Queue}  -> wp_viewporter#10.get_viewport(new id wp_viewport#93, wl_surface#95)
[18:58:17.487717] {Default Queue}  -> xdg_toplevel_icon_manager_v1#9.create_icon(new id xdg_toplevel_icon_v1#94)
[18:58:17.487732] {Default Queue}  -> zwlr_layer_shell_v1#45.get_layer_surface(new id zwlr_layer_surface_v1#87, wl_surface#95, wl_output#28, 3, "pearl:popup")
[18:58:17.487736] {Default Queue}  -> zwlr_layer_surface_v1#87.set_keyboard_interactivity(1)
[18:58:17.487737] {Default Queue}  -> zwlr_layer_surface_v1#87.set_exclusive_zone(0)
[18:58:17.487737] {Default Queue}  -> zwlr_layer_surface_v1#87.set_anchor(15)
[18:58:17.487738] {Default Queue}  -> zwlr_layer_surface_v1#87.set_margin(0, 0, 0, 0)
[18:58:17.487740] {Default Queue}  -> zwlr_layer_surface_v1#87.set_size(0, 0)
[18:58:17.487746]  -> wl_surface#95.commit()
[18:58:17.487935] {Default Queue}  -> xdg_activation_v1#15.get_activation_token(new id xdg_activation_token_v1#73)
[18:58:17.487938]  -> xdg_activation_token_v1#73.set_serial(154, wl_seat#3)
[18:58:17.487941]  -> xdg_activation_token_v1#73.commit()
[18:58:17.487981] xdg_activation_token_v1#73.done("7836890e74363e1425b0caa92fd37d98")
[18:58:17.487986]  -> xdg_activation_token_v1#73.destroy()
[18:58:17.487989] {Default Queue}  -> xdg_activation_v1#15.activate("7836890e74363e1425b0caa92fd37d98", wl_surface#95)
[18:58:17.487997] {Default Queue}  -> wl_registry#46.bind(40, "aqueous_window_info_manager_v1", 3, new id [unknown]#81)
[18:58:17.487999] {Default Queue}  -> aqueous_window_info_manager_v1#81.get_active_workspace_layout("HEADLESS-2")
info: event=popup-opened output=1
[18:58:17.488051] {Default Queue} zwlr_layer_surface_v1#58.configure(161, 1280, 48)
[18:58:17.488128] {Default Queue}  -> zwlr_layer_surface_v1#58.ack_configure(161)
[18:58:17.488130] {Default Queue} zwlr_layer_surface_v1#53.configure(162, 1280, 720)
[18:58:17.488131] {Default Queue}  -> zwlr_layer_surface_v1#53.ack_configure(162)
[18:58:17.488132] {Default Queue} zwlr_layer_surface_v1#87.configure(163, 1280, 672)
[18:58:17.488138] {Default Queue}  -> zwlr_layer_surface_v1#87.ack_configure(163)
[18:58:17.488171] {Display Queue} wl_display#1.delete_id(73)
[18:58:17.488172] {Default Queue} aqueous_window_info_manager_v1#81.active_workspace_layout(0, "HEADLESS-2", 1, "float")
[18:58:17.488173] {Default Queue}  -> aqueous_window_info_manager_v1#81.destroy()
[18:58:17.490686] {Default Queue}  -> wl_shm#5.create_pool(new id wl_shm_pool#73, fd 17, 3440640)
[18:58:17.490692] {Default Queue}  -> wl_shm_pool#73.create_buffer(new id wl_buffer#96, 0, 1280, 672, 5120, 0)
[18:58:17.491931] {Default Queue}  -> wl_compositor#4.create_region(new id wl_region#72)
[18:58:17.491934] {Default Queue}  -> wl_region#72.add(690, 4, 572, 560)
[18:58:17.491935]  -> wl_surface#95.set_opaque_region(wl_region#72)
[18:58:17.491936] {Default Queue}  -> wl_region#72.destroy()
[18:58:17.491937] {Default Queue}  -> wp_viewport#93.set_destination(1280, 672)
[18:58:17.491938]  -> wl_surface#95.attach(wl_buffer#96, 0, 0)
[18:58:17.491940]  -> wl_surface#95.damage_buffer(0, 0, 1280, 672)
[18:58:17.491941]  -> wl_surface#95.frame(new id wl_callback#100)
[18:58:17.491942] {Default Queue}  -> wp_presentation#20.feedback(wl_surface#95, new id wp_presentation_feedback#99)
[18:58:17.491944]  -> wl_surface#95.commit()
info: event=services-focus target=other
[18:58:17.492131] {Display Queue} wl_display#1.delete_id(72)
[18:58:17.492136] {Default Queue} zwlr_layer_surface_v1#58.configure(164, 1280, 48)
[18:58:17.492140] {Default Queue}  -> zwlr_layer_surface_v1#58.ack_configure(164)
[18:58:17.492142] {Default Queue} zwlr_layer_surface_v1#53.configure(165, 1280, 720)
[18:58:17.492143] {Default Queue}  -> zwlr_layer_surface_v1#53.ack_configure(165)
[18:58:17.492144] {Default Queue} zwlr_layer_surface_v1#87.configure(166, 1280, 672)
[18:58:17.492145] {Default Queue}  -> zwlr_layer_surface_v1#87.ack_configure(166)
[18:58:17.492145] {Default Queue} wp_fractional_scale_v1#78.preferred_scale(120)
[18:58:17.492146] {Default Queue} wl_data_device#35.selection(nil)
[18:58:17.492151] {Default Queue} zwp_primary_selection_device_v1#34.selection(nil)
[18:58:17.492153] {Default Queue} wl_pointer#33.enter(169, wl_surface#95, 100.00000000, 52.00000000)
[18:58:17.492157] {Default Queue}  -> wp_cursor_shape_device_v1#42.set_shape(169, 1)
[18:58:17.492158] {Default Queue} wl_pointer#33.frame()
[18:58:17.492161] wl_surface#95.enter(wl_output#28)
[18:58:17.492194] wl_surface#95.preferred_buffer_scale(1)
[18:58:17.501071] {Display Queue} wl_display#1.delete_id(100)
[18:58:17.501078] {Display Queue} wl_display#1.delete_id(99)
[18:58:17.501079] {Default Queue} wl_callback#100.done(20671116)
[18:58:17.501091] {Default Queue} wp_presentation_feedback#99.sync_output(wl_output#28)
[18:58:17.501093] {Default Queue} wp_presentation_feedback#99.presented(0, 20671, 116841862, 0, 0, 0, 0)
[18:58:17.501100] {Display Queue} wl_display#1.delete_id(89)
[18:58:17.501101] {Display Queue} wl_display#1.delete_id(90)
[18:58:17.501102] {Default Queue} wl_callback#89.done(20671116)
[18:58:17.501104] {Default Queue} wp_presentation_feedback#90.sync_output(wl_output#31)
[18:58:17.501105] {Default Queue} wp_presentation_feedback#90.presented(0, 20671, 116890293, 0, 0, 0, 0)
[18:58:17.501743] {Default Queue}  -> wl_shm#5.create_pool(new id wl_shm_pool#90, fd 17, 3440640)
[18:58:17.501749] {Default Queue}  -> wl_shm_pool#90.create_buffer(new id wl_buffer#89, 0, 1280, 672, 5120, 0)
[18:58:17.503048]  -> wl_surface#95.attach(wl_buffer#89, 0, 0)
[18:58:17.503052]  -> wl_surface#95.damage_buffer(0, 0, 1280, 672)
[18:58:17.503054]  -> wl_surface#95.frame(new id wl_callback#99)
[18:58:17.503057] {Default Queue}  -> wp_presentation#20.feedback(wl_surface#95, new id wp_presentation_feedback#100)
[18:58:17.503059]  -> wl_surface#95.commit()
[18:58:17.503453]  -> wl_surface#59.attach(wl_buffer#92, 0, 0)
[18:58:17.503456]  -> wl_surface#59.damage_buffer(0, 0, 1280, 48)
[18:58:17.503458]  -> wl_surface#59.frame(new id wl_callback#72)
[18:58:17.503459] {Default Queue}  -> wp_presentation#20.feedback(wl_surface#59, new id wp_presentation_feedback#98)
[18:58:17.503461]  -> wl_surface#59.commit()
[18:58:17.503478] {Default Queue} wl_buffer#96.release()
[18:58:17.503508] {Default Queue} wl_buffer#85.release()
[18:58:17.509321]  -> wl_surface#48.attach(wl_buffer#75, 0, 0)
[18:58:17.509329]  -> wl_surface#48.damage_buffer(0, 0, 1280, 48)
[18:58:17.509331]  -> wl_surface#48.frame(new id wl_callback#97)
[18:58:17.509333] {Default Queue}  -> wp_presentation#20.feedback(wl_surface#48, new id wp_presentation_feedback#101)
[18:58:17.509336]  -> wl_surface#48.commit()
[18:58:17.509372]  -> wl_surface#49.commit()
[18:58:17.509410] {Default Queue} wl_buffer#77.release()
[18:58:17.517600] {Display Queue} wl_display#1.delete_id(97)
[18:58:17.517608] {Display Queue} wl_display#1.delete_id(99)
[18:58:17.517609] {Display Queue} wl_display#1.delete_id(101)
[18:58:17.517610] {Display Queue} wl_display#1.delete_id(100)
[18:58:17.517611] {Default Queue} wl_callback#97.done(20671133)
[18:58:17.517618] {Default Queue} wl_callback#99.done(20671133)
[18:58:17.517625] {Default Queue} wp_presentation_feedback#101.sync_output(wl_output#28)
[18:58:17.517626] {Default Queue} wp_presentation_feedback#101.presented(0, 20671, 133361882, 0, 0, 0, 0)
[18:58:17.517629] {Default Queue} wp_presentation_feedback#100.sync_output(wl_output#28)
[18:58:17.517630] {Default Queue} wp_presentation_feedback#100.presented(0, 20671, 133361882, 0, 0, 0, 0)
[18:58:17.517639] {Display Queue} wl_display#1.delete_id(72)
[18:58:17.517639] {Display Queue} wl_display#1.delete_id(98)
[18:58:17.517640] {Default Queue} wl_callback#72.done(20671133)
[18:58:17.517641] {Default Queue} wp_presentation_feedback#98.sync_output(wl_output#31)
[18:58:17.517642] {Default Queue} wp_presentation_feedback#98.presented(0, 20671, 133400692, 0, 0, 0, 0)
[18:58:17.703922]  -> wl_surface#48.attach(wl_buffer#77, 0, 0)
[18:58:17.703930]  -> wl_surface#48.damage_buffer(0, 0, 1280, 48)
[18:58:17.703932]  -> wl_surface#48.frame(new id wl_callback#98)
[18:58:17.703935] {Default Queue}  -> wp_presentation#20.feedback(wl_surface#48, new id wp_presentation_feedback#72)
[18:58:17.703937]  -> wl_surface#48.commit()
[18:58:17.704160]  -> wl_surface#59.attach(wl_buffer#85, 0, 0)
[18:58:17.704163]  -> wl_surface#59.damage_buffer(0, 0, 1280, 48)
[18:58:17.704164]  -> wl_surface#59.frame(new id wl_callback#100)
[18:58:17.704167] {Default Queue}  -> wp_presentation#20.feedback(wl_surface#59, new id wp_presentation_feedback#101)
[18:58:17.704168]  -> wl_surface#59.commit()
[18:58:17.705777]  -> wl_surface#95.attach(wl_buffer#96, 0, 0)
[18:58:17.705783]  -> wl_surface#95.damage_buffer(0, 0, 1280, 672)
[18:58:17.705785]  -> wl_surface#95.frame(new id wl_callback#99)
[18:58:17.705787] {Default Queue}  -> wp_presentation#20.feedback(wl_surface#95, new id wp_presentation_feedback#97)
[18:58:17.705789]  -> wl_surface#95.commit()
[18:58:17.706371] {Display Queue} wl_display#1.delete_id(98)
[18:58:17.706377] {Display Queue} wl_display#1.delete_id(99)
[18:58:17.706378] {Display Queue} wl_display#1.delete_id(100)
[18:58:17.706379] {Display Queue} wl_display#1.delete_id(72)
[18:58:17.706379] {Display Queue} wl_display#1.delete_id(97)
[18:58:17.706380] {Display Queue} wl_display#1.delete_id(101)
[18:58:17.706380] {Default Queue} wl_buffer#75.release()
[18:58:17.706382] {Default Queue} wl_buffer#92.release()
[18:58:17.706382] {Default Queue} wl_buffer#89.release()
[18:58:17.706383] {Default Queue} wl_callback#98.done(20671322)
[18:58:17.706388] {Default Queue} wl_callback#99.done(20671322)
[18:58:17.706392] {Default Queue} wl_callback#100.done(20671322)
[18:58:17.706394] {Default Queue} wp_presentation_feedback#72.sync_output(wl_output#28)
[18:58:17.706395] {Default Queue} wp_presentation_feedback#72.presented(0, 20671, 322141691, 0, 0, 0, 0)
[18:58:17.706398] {Default Queue} wp_presentation_feedback#97.sync_output(wl_output#28)
[18:58:17.706398] {Default Queue} wp_presentation_feedback#97.presented(0, 20671, 322141691, 0, 0, 0, 0)
[18:58:17.706400] {Default Queue} wp_presentation_feedback#101.sync_output(wl_output#31)
[18:58:17.706401] {Default Queue} wp_presentation_feedback#101.presented(0, 20671, 322145131, 0, 0, 0, 0)
[18:58:17.729526]  -> wl_surface#95.attach(wl_buffer#89, 0, 0)
[18:58:17.729533]  -> wl_surface#95.damage_buffer(0, 0, 1280, 672)
[18:58:17.729536]  -> wl_surface#95.frame(new id wl_callback#101)
[18:58:17.729539] {Default Queue}  -> wp_presentation#20.feedback(wl_surface#95, new id wp_presentation_feedback#97)
[18:58:17.729541]  -> wl_surface#95.commit()
[18:58:17.729969] {Display Queue} wl_display#1.delete_id(101)
[18:58:17.729973] {Display Queue} wl_display#1.delete_id(97)
[18:58:17.729974] {Default Queue} wl_buffer#96.release()
[18:58:17.729975] {Default Queue} wl_callback#101.done(20671345)
[18:58:17.729982] {Default Queue} wp_presentation_feedback#97.sync_output(wl_output#28)
[18:58:17.729983] {Default Queue} wp_presentation_feedback#97.presented(0, 20671, 345749175, 0, 0, 0, 0)
[18:58:17.783673] {Default Queue}  -> wl_compositor#4.create_surface(new id wl_surface#97)
[18:58:17.783680] {Default Queue}  -> wp_fractional_scale_manager_v1#11.get_fractional_scale(new id wp_fractional_scale_v1#101, wl_surface#97)
[18:58:17.783682] {Default Queue}  -> wp_viewporter#10.get_viewport(new id wp_viewport#72, wl_surface#97)
[18:58:17.783707] {Default Queue}  -> xdg_toplevel_icon_manager_v1#9.create_icon(new id xdg_toplevel_icon_v1#100)
[18:58:17.783722] {Default Queue}  -> zwlr_layer_shell_v1#45.get_layer_surface(new id zwlr_layer_surface_v1#99, wl_surface#97, wl_output#28, 3, "pearl:osd")
[18:58:17.783726] {Default Queue}  -> zwlr_layer_surface_v1#99.set_keyboard_interactivity(0)
[18:58:17.783727] {Default Queue}  -> zwlr_layer_surface_v1#99.set_exclusive_zone(0)
[18:58:17.783727] {Default Queue}  -> zwlr_layer_surface_v1#99.set_anchor(2)
[18:58:17.783728] {Default Queue}  -> zwlr_layer_surface_v1#99.set_margin(0, 0, 24, 0)
[18:58:17.783729] {Default Queue}  -> zwlr_layer_surface_v1#99.set_size(200, 200)
[18:58:17.783734]  -> wl_surface#97.commit()
[18:58:17.783761] {Default Queue}  -> xdg_activation_v1#15.get_activation_token(new id xdg_activation_token_v1#98)
[18:58:17.783763]  -> xdg_activation_token_v1#98.set_serial(154, wl_seat#3)
[18:58:17.783765]  -> xdg_activation_token_v1#98.commit()
[18:58:17.784285] xdg_activation_token_v1#98.done("f73feedb017fe5c1144f141aeb17309b")
[18:58:17.784295]  -> xdg_activation_token_v1#98.destroy()
[18:58:17.784298] {Default Queue}  -> xdg_activation_v1#15.activate("f73feedb017fe5c1144f141aeb17309b", wl_surface#97)
[18:58:17.784334] {Default Queue} zwlr_layer_surface_v1#58.configure(170, 1280, 48)
[18:58:17.784343] {Default Queue}  -> zwlr_layer_surface_v1#58.ack_configure(170)
[18:58:17.784345] {Default Queue} zwlr_layer_surface_v1#53.configure(171, 1280, 720)
[18:58:17.784347] {Default Queue}  -> zwlr_layer_surface_v1#53.ack_configure(171)
[18:58:17.784348] {Default Queue} zwlr_layer_surface_v1#87.configure(172, 1280, 672)
[18:58:17.784350] {Default Queue}  -> zwlr_layer_surface_v1#87.ack_configure(172)
[18:58:17.784350] {Default Queue} zwlr_layer_surface_v1#99.configure(173, 200, 200)
[18:58:17.784572] {Default Queue}  -> zwlr_layer_surface_v1#99.ack_configure(173)
[18:58:17.784590]  -> wl_surface#48.commit()
[18:58:17.784600]  -> wl_surface#49.commit()
[18:58:17.784605]  -> wl_surface#95.commit()
[18:58:17.784885] {Default Queue}  -> wl_shm#5.create_pool(new id wl_shm_pool#69, fd 17, 92160)
[18:58:17.784891] {Default Queue}  -> wl_shm_pool#69.create_buffer(new id wl_buffer#102, 0, 320, 72, 1280, 0)
[18:58:17.785046] {Default Queue}  -> zwlr_layer_surface_v1#99.set_size(320, 72)
[18:58:17.785048] {Default Queue}  -> wl_compositor#4.create_region(new id wl_region#103)
[18:58:17.785049] {Default Queue}  -> wl_region#103.add(14, 0, 292, 72)
[18:58:17.785050]  -> wl_surface#97.set_opaque_region(wl_region#103)
[18:58:17.785051] {Default Queue}  -> wl_region#103.destroy()
[18:58:17.785052] {Default Queue}  -> wl_compositor#4.create_region(new id wl_region#104)
[18:58:17.785053]  -> wl_surface#97.set_input_region(wl_region#104)
[18:58:17.785054] {Default Queue}  -> wl_region#104.destroy()
[18:58:17.785055] {Default Queue}  -> wp_viewport#72.set_destination(320, 72)
[18:58:17.785056]  -> wl_surface#97.attach(wl_buffer#102, 0, 0)
[18:58:17.785057]  -> wl_surface#97.damage_buffer(0, 0, 320, 72)
[18:58:17.785058]  -> wl_surface#97.frame(new id wl_callback#105)
[18:58:17.785060] {Default Queue}  -> wp_presentation#20.feedback(wl_surface#97, new id wp_presentation_feedback#106)
[18:58:17.785062]  -> wl_surface#97.commit()
[18:58:17.785217] {Display Queue} wl_display#1.delete_id(98)
[18:58:17.785219] {Display Queue} wl_display#1.delete_id(103)
[18:58:17.785220] {Display Queue} wl_display#1.delete_id(104)
[18:58:17.785220] {Default Queue} zwlr_layer_surface_v1#58.configure(174, 1280, 48)
[18:58:17.785226] {Default Queue}  -> zwlr_layer_surface_v1#58.ack_configure(174)
[18:58:17.785226] {Default Queue} zwlr_layer_surface_v1#53.configure(175, 1280, 720)
[18:58:17.785227] {Default Queue}  -> zwlr_layer_surface_v1#53.ack_configure(175)
[18:58:17.785228] {Default Queue} zwlr_layer_surface_v1#87.configure(176, 1280, 672)
[18:58:17.785229] {Default Queue}  -> zwlr_layer_surface_v1#87.ack_configure(176)
[18:58:17.785230] {Default Queue} zwlr_layer_surface_v1#99.configure(177, 320, 72)
[18:58:17.785232] {Default Queue}  -> zwlr_layer_surface_v1#99.ack_configure(177)
[18:58:17.785233] {Default Queue} wp_fractional_scale_v1#101.preferred_scale(120)
[18:58:17.785233] {Default Queue} zwlr_layer_surface_v1#58.configure(178, 1280, 48)
[18:58:17.785234] {Default Queue}  -> zwlr_layer_surface_v1#58.ack_configure(178)
[18:58:17.785235] {Default Queue} zwlr_layer_surface_v1#53.configure(179, 1280, 720)
[18:58:17.785236] {Default Queue}  -> zwlr_layer_surface_v1#53.ack_configure(179)
[18:58:17.785236] {Default Queue} zwlr_layer_surface_v1#87.configure(180, 1280, 672)
[18:58:17.785237] {Default Queue}  -> zwlr_layer_surface_v1#87.ack_configure(180)
[18:58:17.785237] {Default Queue} zwlr_layer_surface_v1#99.configure(181, 320, 72)
[18:58:17.785238] {Default Queue}  -> zwlr_layer_surface_v1#99.ack_configure(181)
[18:58:17.785239] wl_surface#97.enter(wl_output#28)
[18:58:17.785246] wl_surface#97.preferred_buffer_scale(1)
[18:58:17.800378] {Display Queue} wl_display#1.delete_id(105)
[18:58:17.800386] {Display Queue} wl_display#1.delete_id(106)
[18:58:17.800387] {Default Queue} wl_callback#105.done(20671416)
[18:58:17.800402] {Default Queue} wp_presentation_feedback#106.sync_output(wl_output#28)
[18:58:17.800403] {Default Queue} wp_presentation_feedback#106.presented(0, 20671, 416134912, 0, 0, 0, 0)
[18:58:17.800504] {Default Queue}  -> wl_shm#5.create_pool(new id wl_shm_pool#106, fd 17, 92160)
[18:58:17.800510] {Default Queue}  -> wl_shm_pool#106.create_buffer(new id wl_buffer#105, 0, 320, 72, 1280, 0)
[18:58:17.800625]  -> wl_surface#97.attach(wl_buffer#105, 0, 0)
[18:58:17.800628]  -> wl_surface#97.damage_buffer(0, 0, 320, 72)
[18:58:17.800630]  -> wl_surface#97.frame(new id wl_callback#104)
[18:58:17.800632] {Default Queue}  -> wp_presentation#20.feedback(wl_surface#97, new id wp_presentation_feedback#103)
[18:58:17.800635]  -> wl_surface#97.commit()
[18:58:17.800706] {Default Queue} wl_buffer#102.release()
[18:58:17.801296]  -> wl_surface#95.commit()
[18:58:17.809299]  -> wl_surface#48.commit()
[18:58:17.809315]  -> wl_surface#49.commit()
[18:58:17.816472] {Display Queue} wl_display#1.delete_id(104)
[18:58:17.816478] {Display Queue} wl_display#1.delete_id(103)
[18:58:17.816480] {Default Queue} wl_callback#104.done(20671432)
[18:58:17.816488] {Default Queue} wp_presentation_feedback#103.sync_output(wl_output#28)
[18:58:17.816489] {Default Queue} wp_presentation_feedback#103.presented(0, 20671, 432238668, 0, 0, 0, 0)
[18:58:17.914722]  -> wl_surface#48.attach(wl_buffer#75, 0, 0)
[18:58:17.914729]  -> wl_surface#48.damage_buffer(0, 0, 1280, 48)
[18:58:17.914731]  -> wl_surface#48.frame(new id wl_callback#103)
[18:58:17.914734] {Default Queue}  -> wp_presentation#20.feedback(wl_surface#48, new id wp_presentation_feedback#104)
[18:58:17.914736]  -> wl_surface#48.commit()
[18:58:17.914914]  -> wl_surface#59.attach(wl_buffer#92, 0, 0)
[18:58:17.914916]  -> wl_surface#59.damage_buffer(0, 0, 1280, 48)
[18:58:17.914917]  -> wl_surface#59.frame(new id wl_callback#98)
[18:58:17.914918] {Default Queue}  -> wp_presentation#20.feedback(wl_surface#59, new id wp_presentation_feedback#107)
[18:58:17.914919]  -> wl_surface#59.commit()
[18:58:17.915951]  -> wl_surface#95.attach(wl_buffer#96, 0, 0)
[18:58:17.915954]  -> wl_surface#95.damage_buffer(0, 0, 1280, 672)
[18:58:17.915955]  -> wl_surface#95.frame(new id wl_callback#108)
[18:58:17.915956] {Default Queue}  -> wp_presentation#20.feedback(wl_surface#95, new id wp_presentation_feedback#109)
[18:58:17.915958]  -> wl_surface#95.commit()
[18:58:17.916422] {Display Queue} wl_display#1.delete_id(103)
[18:58:17.916425] {Display Queue} wl_display#1.delete_id(108)
[18:58:17.916425] {Display Queue} wl_display#1.delete_id(98)
[18:58:17.916426] {Display Queue} wl_display#1.delete_id(104)
[18:58:17.916426] {Display Queue} wl_display#1.delete_id(109)
[18:58:17.916427] {Display Queue} wl_display#1.delete_id(107)
[18:58:17.916427] {Default Queue} wl_buffer#77.release()
[18:58:17.916428] {Default Queue} wl_buffer#85.release()
[18:58:17.916429] {Default Queue} wl_buffer#89.release()
[18:58:17.916430] {Default Queue} wl_callback#103.done(20671532)
[18:58:17.916433] {Default Queue} wl_callback#108.done(20671532)
[18:58:17.916436] {Default Queue} wl_callback#98.done(20671532)
[18:58:17.916437] {Default Queue} wp_presentation_feedback#104.sync_output(wl_output#28)
[18:58:17.916438] {Default Queue} wp_presentation_feedback#104.presented(0, 20671, 532200253, 0, 0, 0, 0)
[18:58:17.916441] {Default Queue} wp_presentation_feedback#109.sync_output(wl_output#28)
[18:58:17.916441] {Default Queue} wp_presentation_feedback#109.presented(0, 20671, 532200253, 0, 0, 0, 0)
[18:58:17.916442] {Default Queue} wp_presentation_feedback#107.sync_output(wl_output#31)
[18:58:17.916443] {Default Queue} wp_presentation_feedback#107.presented(0, 20671, 532203483, 0, 0, 0, 0)
[18:58:17.936215]  -> wl_surface#95.attach(wl_buffer#89, 0, 0)
[18:58:17.936223]  -> wl_surface#95.damage_buffer(0, 0, 1280, 672)
[18:58:17.936226]  -> wl_surface#95.frame(new id wl_callback#107)
[18:58:17.936229] {Default Queue}  -> wp_presentation#20.feedback(wl_surface#95, new id wp_presentation_feedback#109)
[18:58:17.936233]  -> wl_surface#95.commit()
[18:58:17.936732] {Display Queue} wl_display#1.delete_id(107)
[18:58:17.936748] {Display Queue} wl_display#1.delete_id(109)
[18:58:17.936752] {Default Queue} wl_buffer#96.release()
[18:58:17.936763] {Default Queue} wl_callback#107.done(20671552)
[18:58:17.936772] {Default Queue} wp_presentation_feedback#109.sync_output(wl_output#28)
[18:58:17.936775] {Default Queue} wp_presentation_feedback#109.presented(0, 20671, 552501577, 0, 0, 0, 0)
[18:58:17.994372] {Default Queue}  -> xdg_activation_v1#15.get_activation_token(new id xdg_activation_token_v1#109)
[18:58:17.994381]  -> xdg_activation_token_v1#109.set_serial(154, wl_seat#3)
[18:58:17.994383]  -> xdg_activation_token_v1#109.commit()
[18:58:17.994408] xdg_activation_token_v1#109.done("eba6ee6831289fa593db658a15fa73b0")
[18:58:17.994411]  -> xdg_activation_token_v1#109.destroy()
[18:58:17.994412] {Default Queue}  -> xdg_activation_v1#15.activate("eba6ee6831289fa593db658a15fa73b0", wl_surface#97)
[18:58:17.994965]  -> wl_surface#97.attach(wl_buffer#102, 0, 0)
[18:58:17.994969]  -> wl_surface#97.damage_buffer(0, 0, 320, 72)
[18:58:17.994970]  -> wl_surface#97.frame(new id wl_callback#107)
[18:58:17.994972] {Default Queue}  -> wp_presentation#20.feedback(wl_surface#97, new id wp_presentation_feedback#104)
[18:58:17.994974]  -> wl_surface#97.commit()
[18:58:17.995076] {Display Queue} wl_display#1.delete_id(109)
[18:58:17.995078] {Display Queue} wl_display#1.delete_id(107)
[18:58:17.995078] {Display Queue} wl_display#1.delete_id(104)
[18:58:17.995079] {Default Queue} wl_buffer#105.release()
[18:58:17.995080] {Default Queue} wl_callback#107.done(20671610)
[18:58:17.995084] {Default Queue} wp_presentation_feedback#104.sync_output(wl_output#28)
[18:58:17.995085] {Default Queue} wp_presentation_feedback#104.presented(0, 20671, 610859546, 0, 0, 0, 0)
[18:58:18.125860]  -> wl_surface#48.attach(wl_buffer#77, 0, 0)
[18:58:18.125867]  -> wl_surface#48.damage_buffer(0, 0, 1280, 48)
[18:58:18.125869]  -> wl_surface#48.frame(new id wl_callback#104)
[18:58:18.125872] {Default Queue}  -> wp_presentation#20.feedback(wl_surface#48, new id wp_presentation_feedback#107)
[18:58:18.125874]  -> wl_surface#48.commit()
[18:58:18.126027]  -> wl_surface#59.attach(wl_buffer#85, 0, 0)
[18:58:18.126029]  -> wl_surface#59.damage_buffer(0, 0, 1280, 48)
[18:58:18.126030]  -> wl_surface#59.frame(new id wl_callback#109)
[18:58:18.126031] {Default Queue}  -> wp_presentation#20.feedback(wl_surface#59, new id wp_presentation_feedback#98)
[18:58:18.126032]  -> wl_surface#59.commit()
[18:58:18.127209]  -> wl_surface#95.attach(wl_buffer#96, 0, 0)
[18:58:18.127218]  -> wl_surface#95.damage_buffer(0, 0, 1280, 672)
[18:58:18.127221]  -> wl_surface#95.frame(new id wl_callback#108)
[18:58:18.127224] {Default Queue}  -> wp_presentation#20.feedback(wl_surface#95, new id wp_presentation_feedback#103)
[18:58:18.127227]  -> wl_surface#95.commit()
[18:58:18.127846] {Display Queue} wl_display#1.delete_id(104)
[18:58:18.127854] {Display Queue} wl_display#1.delete_id(108)
[18:58:18.127855] {Display Queue} wl_display#1.delete_id(109)
[18:58:18.127856] {Display Queue} wl_display#1.delete_id(107)
[18:58:18.127857] {Display Queue} wl_display#1.delete_id(103)
[18:58:18.127857] {Display Queue} wl_display#1.delete_id(98)
[18:58:18.127858] {Default Queue} wl_buffer#75.release()
[18:58:18.127859] {Default Queue} wl_buffer#92.release()
[18:58:18.127860] {Default Queue} wl_buffer#89.release()
[18:58:18.127861] {Default Queue} wl_callback#104.done(20671743)
[18:58:18.127869] {Default Queue} wl_callback#108.done(20671743)
[18:58:18.127877] {Default Queue} wl_callback#109.done(20671743)
[18:58:18.127878] {Default Queue} wp_presentation_feedback#107.sync_output(wl_output#28)
[18:58:18.127879] {Default Queue} wp_presentation_feedback#107.presented(0, 20671, 743611318, 0, 0, 0, 0)
[18:58:18.127882] {Default Queue} wp_presentation_feedback#103.sync_output(wl_output#28)
[18:58:18.127883] {Default Queue} wp_presentation_feedback#103.presented(0, 20671, 743611318, 0, 0, 0, 0)
[18:58:18.127885] {Default Queue} wp_presentation_feedback#98.sync_output(wl_output#31)
[18:58:18.127886] {Default Queue} wp_presentation_feedback#98.presented(0, 20671, 743614828, 0, 0, 0, 0)
[18:58:18.128977]  -> wl_surface#95.attach(wl_buffer#89, 0, 0)
[18:58:18.128983]  -> wl_surface#95.damage_buffer(0, 0, 1280, 672)
[18:58:18.128985]  -> wl_surface#95.frame(new id wl_callback#98)
[18:58:18.128986] {Default Queue}  -> wp_presentation#20.feedback(wl_surface#95, new id wp_presentation_feedback#103)
[18:58:18.128988]  -> wl_surface#95.commit()
[18:58:18.129070] {Default Queue} wl_buffer#96.release()
[18:58:18.144180] {Display Queue} wl_display#1.delete_id(98)
[18:58:18.144189] {Display Queue} wl_display#1.delete_id(103)
[18:58:18.144191] {Default Queue} wl_callback#98.done(20671759)
[18:58:18.144205] {Default Queue} wp_presentation_feedback#103.sync_output(wl_output#28)
[18:58:18.144211] {Default Queue} wp_presentation_feedback#103.presented(0, 20671, 759946866, 0, 0, 0, 0)
[18:58:18.145570]  -> wl_surface#95.attach(wl_buffer#96, 0, 0)
[18:58:18.145576]  -> wl_surface#95.damage_buffer(0, 0, 1280, 672)
[18:58:18.145578]  -> wl_surface#95.frame(new id wl_callback#103)
[18:58:18.145580] {Default Queue}  -> wp_presentation#20.feedback(wl_surface#95, new id wp_presentation_feedback#98)
[18:58:18.145583]  -> wl_surface#95.commit()
[18:58:18.145652] {Default Queue} wl_buffer#89.release()
[18:58:18.160576] {Display Queue} wl_display#1.delete_id(103)
[18:58:18.160586] {Display Queue} wl_display#1.delete_id(98)
[18:58:18.160588] {Default Queue} wl_callback#103.done(20671776)
[18:58:18.160602] {Default Queue} wp_presentation_feedback#98.sync_output(wl_output#28)
[18:58:18.160604] {Default Queue} wp_presentation_feedback#98.presented(0, 20671, 776349644, 0, 0, 0, 0)
[18:58:18.161834]  -> wl_surface#95.attach(wl_buffer#89, 0, 0)
[18:58:18.161840]  -> wl_surface#95.damage_buffer(0, 0, 1280, 672)
[18:58:18.161842]  -> wl_surface#95.frame(new id wl_callback#98)
[18:58:18.161845] {Default Queue}  -> wp_presentation#20.feedback(wl_surface#95, new id wp_presentation_feedback#103)
[18:58:18.161847]  -> wl_surface#95.commit()
[18:58:18.161934] {Default Queue} wl_buffer#96.release()
[18:58:18.177026] {Display Queue} wl_display#1.delete_id(98)
[18:58:18.177033] {Display Queue} wl_display#1.delete_id(103)
[18:58:18.177034] {Default Queue} wl_callback#98.done(20671792)
[18:58:18.177041] {Default Queue} wp_presentation_feedback#103.sync_output(wl_output#28)
[18:58:18.177042] {Default Queue} wp_presentation_feedback#103.presented(0, 20671, 792799193, 0, 0, 0, 0)
[18:58:18.178135]  -> wl_surface#95.attach(wl_buffer#96, 0, 0)
[18:58:18.178143]  -> wl_surface#95.damage_buffer(0, 0, 1280, 672)
[18:58:18.178145]  -> wl_surface#95.frame(new id wl_callback#103)
[18:58:18.178148] {Default Queue}  -> wp_presentation#20.feedback(wl_surface#95, new id wp_presentation_feedback#98)
[18:58:18.178150]  -> wl_surface#95.commit()
[18:58:18.178238] {Default Queue} wl_buffer#89.release()
[18:58:18.193438] {Display Queue} wl_display#1.delete_id(103)
[18:58:18.193446] {Display Queue} wl_display#1.delete_id(98)
[18:58:18.193447] {Default Queue} wl_callback#103.done(20671809)
[18:58:18.193460] {Default Queue} wp_presentation_feedback#98.sync_output(wl_output#28)
[18:58:18.193462] {Default Queue} wp_presentation_feedback#98.presented(0, 20671, 809197882, 0, 0, 0, 0)
[18:58:18.194613]  -> wl_surface#95.attach(wl_buffer#89, 0, 0)
[18:58:18.194617]  -> wl_surface#95.damage_buffer(0, 0, 1280, 672)
[18:58:18.194618]  -> wl_surface#95.frame(new id wl_callback#98)
[18:58:18.194621] {Default Queue}  -> wp_presentation#20.feedback(wl_surface#95, new id wp_presentation_feedback#103)
[18:58:18.194623]  -> wl_surface#95.commit()
[18:58:18.194688] {Default Queue} wl_buffer#96.release()
[18:58:18.205499] {Default Queue}  -> xdg_activation_v1#15.get_activation_token(new id xdg_activation_token_v1#107)
[18:58:18.205506]  -> xdg_activation_token_v1#107.set_serial(154, wl_seat#3)
[18:58:18.205509]  -> xdg_activation_token_v1#107.commit()
[18:58:18.205543] xdg_activation_token_v1#107.done("aafc8fbea3126f40c46f378dabe56de8")
[18:58:18.205548]  -> xdg_activation_token_v1#107.destroy()
[18:58:18.205550] {Default Queue}  -> xdg_activation_v1#15.activate("aafc8fbea3126f40c46f378dabe56de8", wl_surface#97)
[18:58:18.206118]  -> wl_surface#97.attach(wl_buffer#105, 0, 0)
[18:58:18.206121]  -> wl_surface#97.damage_buffer(0, 0, 320, 72)
[18:58:18.206123]  -> wl_surface#97.frame(new id wl_callback#109)
[18:58:18.206125] {Default Queue}  -> wp_presentation#20.feedback(wl_surface#97, new id wp_presentation_feedback#108)
[18:58:18.206126]  -> wl_surface#97.commit()
[18:58:18.206184] {Display Queue} wl_display#1.delete_id(107)
[18:58:18.206186] {Default Queue} wl_buffer#102.release()
[18:58:18.209857] {Display Queue} wl_display#1.delete_id(98)
[18:58:18.209863] {Display Queue} wl_display#1.delete_id(109)
[18:58:18.209864] {Display Queue} wl_display#1.delete_id(103)
[18:58:18.209864] {Display Queue} wl_display#1.delete_id(108)
[18:58:18.209865] {Default Queue} wl_callback#98.done(20671825)
[18:58:18.209875] {Default Queue} wl_callback#109.done(20671825)
[18:58:18.209876] {Default Queue} wp_presentation_feedback#103.sync_output(wl_output#28)
[18:58:18.209877] {Default Queue} wp_presentation_feedback#103.presented(0, 20671, 825631740, 0, 0, 0, 0)
[18:58:18.209879] {Default Queue} wp_presentation_feedback#108.sync_output(wl_output#28)
[18:58:18.209880] {Default Queue} wp_presentation_feedback#108.presented(0, 20671, 825631740, 0, 0, 0, 0)
[18:58:18.210816]  -> wl_surface#95.attach(wl_buffer#96, 0, 0)
[18:58:18.210820]  -> wl_surface#95.damage_buffer(0, 0, 1280, 672)
[18:58:18.210821]  -> wl_surface#95.frame(new id wl_callback#108)
[18:58:18.210823] {Default Queue}  -> wp_presentation#20.feedback(wl_surface#95, new id wp_presentation_feedback#103)
[18:58:18.210825]  -> wl_surface#95.commit()
[18:58:18.210882] {Default Queue} wl_buffer#89.release()
[18:58:18.226259] {Display Queue} wl_display#1.delete_id(108)
[18:58:18.226267] {Display Queue} wl_display#1.delete_id(103)
[18:58:18.226268] {Default Queue} wl_callback#108.done(20671842)
[18:58:18.226279] {Default Queue} wp_presentation_feedback#103.sync_output(wl_output#28)
[18:58:18.226281] {Default Queue} wp_presentation_feedback#103.presented(0, 20671, 842028319, 0, 0, 0, 0)
[18:58:18.227244]  -> wl_surface#95.attach(wl_buffer#89, 0, 0)
[18:58:18.227248]  -> wl_surface#95.damage_buffer(0, 0, 1280, 672)
[18:58:18.227250]  -> wl_surface#95.frame(new id wl_callback#103)
[18:58:18.227252] {Default Queue}  -> wp_presentation#20.feedback(wl_surface#95, new id wp_presentation_feedback#108)
[18:58:18.227254]  -> wl_surface#95.commit()
[18:58:18.227326] {Default Queue} wl_buffer#96.release()
[18:58:18.242780] {Display Queue} wl_display#1.delete_id(103)
[18:58:18.242788] {Display Queue} wl_display#1.delete_id(108)
[18:58:18.242790] {Default Queue} wl_callback#103.done(20671858)
[18:58:18.242804] {Default Queue} wp_presentation_feedback#108.sync_output(wl_output#28)
[18:58:18.242806] {Default Queue} wp_presentation_feedback#108.presented(0, 20671, 858540098, 0, 0, 0, 0)
[18:58:18.243888]  -> wl_surface#95.attach(wl_buffer#96, 0, 0)
[18:58:18.243893]  -> wl_surface#95.damage_buffer(0, 0, 1280, 672)
[18:58:18.243895]  -> wl_surface#95.frame(new id wl_callback#108)
[18:58:18.243898] {Default Queue}  -> wp_presentation#20.feedback(wl_surface#95, new id wp_presentation_feedback#103)
[18:58:18.243900]  -> wl_surface#95.commit()
[18:58:18.243976] {Default Queue} wl_buffer#89.release()
[18:58:18.259205] {Display Queue} wl_display#1.delete_id(108)
[18:58:18.259221] {Display Queue} wl_display#1.delete_id(103)
[18:58:18.259223] {Default Queue} wl_callback#108.done(20671874)
[18:58:18.259236] {Default Queue} wp_presentation_feedback#103.sync_output(wl_output#28)
[18:58:18.259238] {Default Queue} wp_presentation_feedback#103.presented(0, 20671, 874970247, 0, 0, 0, 0)
[18:58:18.260167]  -> wl_surface#95.attach(wl_buffer#89, 0, 0)
[18:58:18.260172]  -> wl_surface#95.damage_buffer(0, 0, 1280, 672)
[18:58:18.260173]  -> wl_surface#95.frame(new id wl_callback#103)
[18:58:18.260176] {Default Queue}  -> wp_presentation#20.feedback(wl_surface#95, new id wp_presentation_feedback#108)
[18:58:18.260178]  -> wl_surface#95.commit()
[18:58:18.260250] {Default Queue} wl_buffer#96.release()
[18:58:18.275627] {Display Queue} wl_display#1.delete_id(103)
[18:58:18.275638] {Display Queue} wl_display#1.delete_id(108)
[18:58:18.275640] {Default Queue} wl_callback#103.done(20671891)
[18:58:18.275654] {Default Queue} wp_presentation_feedback#108.sync_output(wl_output#28)
[18:58:18.275656] {Default Queue} wp_presentation_feedback#108.presented(0, 20671, 891381026, 0, 0, 0, 0)
[18:58:18.276641]  -> wl_surface#95.attach(wl_buffer#96, 0, 0)
[18:58:18.276646]  -> wl_surface#95.damage_buffer(0, 0, 1280, 672)
[18:58:18.276647]  -> wl_surface#95.frame(new id wl_callback#108)
[18:58:18.276650] {Default Queue}  -> wp_presentation#20.feedback(wl_surface#95, new id wp_presentation_feedback#103)
[18:58:18.276652]  -> wl_surface#95.commit()
[18:58:18.276712] {Default Queue} wl_buffer#89.release()
[18:58:18.292043] {Display Queue} wl_display#1.delete_id(108)
[18:58:18.292049] {Display Queue} wl_display#1.delete_id(103)
[18:58:18.292050] {Default Queue} wl_callback#108.done(20671907)
[18:58:18.292058] {Default Queue} wp_presentation_feedback#103.sync_output(wl_output#28)
[18:58:18.292083] {Default Queue} wp_presentation_feedback#103.presented(0, 20671, 907813615, 0, 0, 0, 0)
[18:58:18.293080]  -> wl_surface#95.attach(wl_buffer#89, 0, 0)
[18:58:18.293085]  -> wl_surface#95.damage_buffer(0, 0, 1280, 672)
[18:58:18.293087]  -> wl_surface#95.frame(new id wl_callback#103)
[18:58:18.293090] {Default Queue}  -> wp_presentation#20.feedback(wl_surface#95, new id wp_presentation_feedback#108)
[18:58:18.293092]  -> wl_surface#95.commit()
[18:58:18.293188] {Default Queue} wl_buffer#96.release()
[18:58:18.308516] {Display Queue} wl_display#1.delete_id(103)
[18:58:18.308525] {Display Queue} wl_display#1.delete_id(108)
[18:58:18.308527] {Default Queue} wl_callback#103.done(20671924)
[18:58:18.308541] {Default Queue} wp_presentation_feedback#108.sync_output(wl_output#28)
[18:58:18.308542] {Default Queue} wp_presentation_feedback#108.presented(0, 20671, 924280964, 0, 0, 0, 0)
[18:58:18.338100]  -> wl_surface#48.attach(wl_buffer#75, 0, 0)
[18:58:18.338105]  -> wl_surface#48.damage_buffer(0, 0, 1280, 48)
[18:58:18.338107]  -> wl_surface#48.frame(new id wl_callback#108)
[18:58:18.338109] {Default Queue}  -> wp_presentation#20.feedback(wl_surface#48, new id wp_presentation_feedback#103)
[18:58:18.338110]  -> wl_surface#48.commit()
[18:58:18.338271]  -> wl_surface#59.attach(wl_buffer#92, 0, 0)
[18:58:18.338273]  -> wl_surface#59.damage_buffer(0, 0, 1280, 48)
[18:58:18.338274]  -> wl_surface#59.frame(new id wl_callback#109)
[18:58:18.338275] {Default Queue}  -> wp_presentation#20.feedback(wl_surface#59, new id wp_presentation_feedback#98)
[18:58:18.338277]  -> wl_surface#59.commit()
[18:58:18.339371]  -> wl_surface#95.attach(wl_buffer#96, 0, 0)
[18:58:18.339382]  -> wl_surface#95.damage_buffer(0, 0, 1280, 672)
[18:58:18.339384]  -> wl_surface#95.frame(new id wl_callback#107)
[18:58:18.339387] {Default Queue}  -> wp_presentation#20.feedback(wl_surface#95, new id wp_presentation_feedback#104)
[18:58:18.339391]  -> wl_surface#95.commit()
[18:58:18.339957] {Display Queue} wl_display#1.delete_id(108)
[18:58:18.339961] {Display Queue} wl_display#1.delete_id(107)
[18:58:18.339962] {Display Queue} wl_display#1.delete_id(109)
[18:58:18.339962] {Display Queue} wl_display#1.delete_id(103)
[18:58:18.339963] {Display Queue} wl_display#1.delete_id(104)
[18:58:18.339964] {Display Queue} wl_display#1.delete_id(98)
[18:58:18.339964] {Default Queue} wl_buffer#77.release()
[18:58:18.339966] {Default Queue} wl_buffer#85.release()
[18:58:18.339967] {Default Queue} wl_buffer#89.release()
[18:58:18.339967] {Default Queue} wl_callback#108.done(20671955)
[18:58:18.339974] {Default Queue} wl_callback#107.done(20671955)
[18:58:18.339977] {Default Queue} wl_callback#109.done(20671955)
[18:58:18.339979] {Default Queue} wp_presentation_feedback#103.sync_output(wl_output#28)
[18:58:18.339980] {Default Queue} wp_presentation_feedback#103.presented(0, 20671, 955731898, 0, 0, 0, 0)
[18:58:18.339983] {Default Queue} wp_presentation_feedback#104.sync_output(wl_output#28)
[18:58:18.339984] {Default Queue} wp_presentation_feedback#104.presented(0, 20671, 955731898, 0, 0, 0, 0)
[18:58:18.339986] {Default Queue} wp_presentation_feedback#98.sync_output(wl_output#31)
[18:58:18.339986] {Default Queue} wp_presentation_feedback#98.presented(0, 20671, 955735698, 0, 0, 0, 0)
[18:58:18.417725] {Default Queue}  -> xdg_activation_v1#15.get_activation_token(new id xdg_activation_token_v1#98)
[18:58:18.417732]  -> xdg_activation_token_v1#98.set_serial(154, wl_seat#3)
[18:58:18.417735]  -> xdg_activation_token_v1#98.commit()
[18:58:18.417784] xdg_activation_token_v1#98.done("185b99fb421c6f9f592acc6407b42293")
[18:58:18.417796]  -> xdg_activation_token_v1#98.destroy()
[18:58:18.417799] {Default Queue}  -> xdg_activation_v1#15.activate("185b99fb421c6f9f592acc6407b42293", wl_surface#97)
[18:58:18.418368]  -> wl_surface#97.attach(wl_buffer#102, 0, 0)
[18:58:18.418372]  -> wl_surface#97.damage_buffer(0, 0, 320, 72)
[18:58:18.418374]  -> wl_surface#97.frame(new id wl_callback#104)
[18:58:18.418376] {Default Queue}  -> wp_presentation#20.feedback(wl_surface#97, new id wp_presentation_feedback#103)
[18:58:18.418378]  -> wl_surface#97.commit()
[18:58:18.418485] {Display Queue} wl_display#1.delete_id(98)
[18:58:18.418487] {Display Queue} wl_display#1.delete_id(104)
[18:58:18.418488] {Display Queue} wl_display#1.delete_id(103)
[18:58:18.418489] {Default Queue} wl_buffer#105.release()
[18:58:18.418489] {Default Queue} wl_callback#104.done(20672034)
[18:58:18.418492] {Default Queue} wp_presentation_feedback#103.sync_output(wl_output#28)
[18:58:18.418493] {Default Queue} wp_presentation_feedback#103.presented(0, 20672, 34268490, 0, 0, 0, 0)
[18:58:18.514625]  -> wl_surface#95.attach(wl_buffer#89, 0, 0)
[18:58:18.514631]  -> wl_surface#95.damage_buffer(0, 0, 1280, 672)
[18:58:18.514633]  -> wl_surface#95.frame(new id wl_callback#103)
[18:58:18.514636] {Default Queue}  -> wp_presentation#20.feedback(wl_surface#95, new id wp_presentation_feedback#104)
[18:58:18.514638]  -> wl_surface#95.commit()
[18:58:18.515038] {Display Queue} wl_display#1.delete_id(103)
[18:58:18.515040] {Display Queue} wl_display#1.delete_id(104)
[18:58:18.515041] {Default Queue} wl_buffer#96.release()
[18:58:18.515042] {Default Queue} wl_callback#103.done(20672130)
[18:58:18.515046] {Default Queue} wp_presentation_feedback#104.sync_output(wl_output#28)
[18:58:18.515047] {Default Queue} wp_presentation_feedback#104.presented(0, 20672, 130819234, 0, 0, 0, 0)
[18:58:18.526674]  -> wl_surface#95.attach(wl_buffer#96, 0, 0)
[18:58:18.526682]  -> wl_surface#95.damage_buffer(0, 0, 1280, 672)
[18:58:18.526684]  -> wl_surface#95.frame(new id wl_callback#104)
[18:58:18.526686] {Default Queue}  -> wp_presentation#20.feedback(wl_surface#95, new id wp_presentation_feedback#103)
[18:58:18.526688]  -> wl_surface#95.commit()
[18:58:18.526770] {Default Queue} wl_buffer#89.release()
[18:58:18.531426] {Display Queue} wl_display#1.delete_id(104)
[18:58:18.531433] {Display Queue} wl_display#1.delete_id(103)
[18:58:18.531434] {Default Queue} wl_callback#104.done(20672147)
[18:58:18.531443] {Default Queue} wp_presentation_feedback#103.sync_output(wl_output#28)
[18:58:18.531444] {Default Queue} wp_presentation_feedback#103.presented(0, 20672, 147200902, 0, 0, 0, 0)
[18:58:18.725937]  -> wl_surface#95.attach(wl_buffer#89, 0, 0)
[18:58:18.725944]  -> wl_surface#95.damage_buffer(0, 0, 1280, 672)
[18:58:18.725946]  -> wl_surface#95.frame(new id wl_callback#103)
[18:58:18.725949] {Default Queue}  -> wp_presentation#20.feedback(wl_surface#95, new id wp_presentation_feedback#104)
[18:58:18.725951]  -> wl_surface#95.commit()
[18:58:18.726358] {Display Queue} wl_display#1.delete_id(103)
[18:58:18.726360] {Display Queue} wl_display#1.delete_id(104)
[18:58:18.726361] {Default Queue} wl_buffer#96.release()
[18:58:18.726362] {Default Queue} wl_callback#103.done(20672342)
[18:58:18.726366] {Default Queue} wp_presentation_feedback#104.sync_output(wl_output#28)
[18:58:18.726368] {Default Queue} wp_presentation_feedback#104.presented(0, 20672, 342138587, 0, 0, 0, 0)
[18:58:18.750901]  -> wl_surface#95.attach(wl_buffer#96, 0, 0)
[18:58:18.750907]  -> wl_surface#95.damage_buffer(0, 0, 1280, 672)
[18:58:18.750909]  -> wl_surface#95.frame(new id wl_callback#104)
[18:58:18.750911] {Default Queue}  -> wp_presentation#20.feedback(wl_surface#95, new id wp_presentation_feedback#103)
[18:58:18.750913]  -> wl_surface#95.commit()
[18:58:18.751401] {Display Queue} wl_display#1.delete_id(104)
[18:58:18.751405] {Display Queue} wl_display#1.delete_id(103)
[18:58:18.751406] {Default Queue} wl_buffer#89.release()
[18:58:18.751407] {Default Queue} wl_callback#104.done(20672367)
[18:58:18.751412] {Default Queue} wp_presentation_feedback#103.sync_output(wl_output#28)
[18:58:18.751414] {Default Queue} wp_presentation_feedback#103.presented(0, 20672, 367180684, 0, 0, 0, 0)
[18:58:18.804621] {Default Queue}  -> xdg_activation_v1#15.get_activation_token(new id xdg_activation_token_v1#103)
[18:58:18.804627]  -> xdg_activation_token_v1#103.set_serial(154, wl_seat#3)
[18:58:18.804629]  -> xdg_activation_token_v1#103.commit()
[18:58:18.804654] xdg_activation_token_v1#103.done("a989a6799e7ff167af5578ac7f0790e2")
[18:58:18.804656]  -> xdg_activation_token_v1#103.destroy()
[18:58:18.804657] {Default Queue}  -> xdg_activation_v1#15.activate("a989a6799e7ff167af5578ac7f0790e2", wl_surface#97)
[18:58:18.805154]  -> wl_surface#97.attach(wl_buffer#105, 0, 0)
[18:58:18.805157]  -> wl_surface#97.damage_buffer(0, 0, 320, 72)
[18:58:18.805158]  -> wl_surface#97.frame(new id wl_callback#104)
[18:58:18.805160] {Default Queue}  -> wp_presentation#20.feedback(wl_surface#97, new id wp_presentation_feedback#98)
[18:58:18.805162]  -> wl_surface#97.commit()
[18:58:18.805244] {Display Queue} wl_display#1.delete_id(103)
[18:58:18.805245] {Display Queue} wl_display#1.delete_id(104)
[18:58:18.805246] {Display Queue} wl_display#1.delete_id(98)
[18:58:18.805247] {Default Queue} wl_buffer#102.release()
[18:58:18.805247] {Default Queue} wl_callback#104.done(20672421)
[18:58:18.805250] {Default Queue} wp_presentation_feedback#98.sync_output(wl_output#28)
[18:58:18.805251] {Default Queue} wp_presentation_feedback#98.presented(0, 20672, 421029672, 0, 0, 0, 0)
[18:58:18.935856]  -> wl_surface#48.attach(wl_buffer#77, 0, 0)
[18:58:18.935865]  -> wl_surface#48.damage_buffer(0, 0, 1280, 48)
[18:58:18.935867]  -> wl_surface#48.frame(new id wl_callback#98)
[18:58:18.935870] {Default Queue}  -> wp_presentation#20.feedback(wl_surface#48, new id wp_presentation_feedback#104)
[18:58:18.935872]  -> wl_surface#48.commit()
[18:58:18.936043]  -> wl_surface#59.attach(wl_buffer#85, 0, 0)
[18:58:18.936045]  -> wl_surface#59.damage_buffer(0, 0, 1280, 48)
[18:58:18.936046]  -> wl_surface#59.frame(new id wl_callback#103)
[18:58:18.936047] {Default Queue}  -> wp_presentation#20.feedback(wl_surface#59, new id wp_presentation_feedback#109)
[18:58:18.936048]  -> wl_surface#59.commit()
[18:58:18.937133]  -> wl_surface#95.attach(wl_buffer#89, 0, 0)
[18:58:18.937137]  -> wl_surface#95.damage_buffer(0, 0, 1280, 672)
[18:58:18.937139]  -> wl_surface#95.frame(new id wl_callback#107)
[18:58:18.937140] {Default Queue}  -> wp_presentation#20.feedback(wl_surface#95, new id wp_presentation_feedback#108)
[18:58:18.937142]  -> wl_surface#95.commit()
[18:58:18.937678] {Display Queue} wl_display#1.delete_id(98)
[18:58:18.937684] {Display Queue} wl_display#1.delete_id(107)
[18:58:18.937685] {Display Queue} wl_display#1.delete_id(103)
[18:58:18.937685] {Display Queue} wl_display#1.delete_id(104)
[18:58:18.937686] {Display Queue} wl_display#1.delete_id(108)
[18:58:18.937686] {Display Queue} wl_display#1.delete_id(109)
[18:58:18.937687] {Default Queue} wl_buffer#75.release()
[18:58:18.937688] {Default Queue} wl_buffer#92.release()
[18:58:18.937689] {Default Queue} wl_buffer#96.release()
[18:58:18.937689] {Default Queue} wl_callback#98.done(20672553)
[18:58:18.937694] {Default Queue} wl_callback#107.done(20672553)
[18:58:18.937699] {Default Queue} wl_callback#103.done(20672553)
[18:58:18.937700] {Default Queue} wp_presentation_feedback#104.sync_output(wl_output#28)
[18:58:18.937702] {Default Queue} wp_presentation_feedback#104.presented(0, 20672, 553448781, 0, 0, 0, 0)
[18:58:18.937704] {Default Queue} wp_presentation_feedback#108.sync_output(wl_output#28)
[18:58:18.937705] {Default Queue} wp_presentation_feedback#108.presented(0, 20672, 553448781, 0, 0, 0, 0)
[18:58:18.937706] {Default Queue} wp_presentation_feedback#109.sync_output(wl_output#31)
[18:58:18.937707] {Default Queue} wp_presentation_feedback#109.presented(0, 20672, 553452331, 0, 0, 0, 0)
[18:58:18.938573]  -> wl_surface#95.attach(wl_buffer#96, 0, 0)
[18:58:18.938577]  -> wl_surface#95.damage_buffer(0, 0, 1280, 672)
[18:58:18.938578]  -> wl_surface#95.frame(new id wl_callback#109)
[18:58:18.938580] {Default Queue}  -> wp_presentation#20.feedback(wl_surface#95, new id wp_presentation_feedback#108)
[18:58:18.938581]  -> wl_surface#95.commit()
[18:58:18.938645] {Default Queue} wl_buffer#89.release()
[18:58:18.954020] {Display Queue} wl_display#1.delete_id(109)
[18:58:18.954028] {Display Queue} wl_display#1.delete_id(108)
[18:58:18.954029] {Default Queue} wl_callback#109.done(20672569)
[18:58:18.954037] {Default Queue} wp_presentation_feedback#108.sync_output(wl_output#28)
[18:58:18.954039] {Default Queue} wp_presentation_feedback#108.presented(0, 20672, 569796979, 0, 0, 0, 0)
[18:58:18.955316]  -> wl_surface#95.attach(wl_buffer#89, 0, 0)
[18:58:18.955321]  -> wl_surface#95.damage_buffer(0, 0, 1280, 672)
[18:58:18.955323]  -> wl_surface#95.frame(new id wl_callback#108)
[18:58:18.955325] {Default Queue}  -> wp_presentation#20.feedback(wl_surface#95, new id wp_presentation_feedback#109)
[18:58:18.955327]  -> wl_surface#95.commit()
[18:58:18.955387] {Default Queue} wl_buffer#96.release()
[18:58:18.970376] {Display Queue} wl_display#1.delete_id(108)
[18:58:18.970380] {Display Queue} wl_display#1.delete_id(109)
[18:58:18.970381] {Default Queue} wl_callback#108.done(20672586)
[18:58:18.970388] {Default Queue} wp_presentation_feedback#109.sync_output(wl_output#28)
[18:58:18.970389] {Default Queue} wp_presentation_feedback#109.presented(0, 20672, 586153987, 0, 0, 0, 0)
[18:58:18.971572]  -> wl_surface#95.attach(wl_buffer#96, 0, 0)
[18:58:18.971580]  -> wl_surface#95.damage_buffer(0, 0, 1280, 672)
[18:58:18.971583]  -> wl_surface#95.frame(new id wl_callback#109)
[18:58:18.971585] {Default Queue}  -> wp_presentation#20.feedback(wl_surface#95, new id wp_presentation_feedback#108)
[18:58:18.971588]  -> wl_surface#95.commit()
[18:58:18.971675] {Default Queue} wl_buffer#89.release()
[18:58:18.986654] {Display Queue} wl_display#1.delete_id(109)
[18:58:18.986659] {Display Queue} wl_display#1.delete_id(108)
[18:58:18.986661] {Default Queue} wl_callback#109.done(20672602)
[18:58:18.986666] {Default Queue} wp_presentation_feedback#108.sync_output(wl_output#28)
[18:58:18.986667] {Default Queue} wp_presentation_feedback#108.presented(0, 20672, 602434454, 0, 0, 0, 0)
[18:58:18.987645]  -> wl_surface#95.attach(wl_buffer#89, 0, 0)
[18:58:18.987652]  -> wl_surface#95.damage_buffer(0, 0, 1280, 672)
[18:58:18.987655]  -> wl_surface#95.frame(new id wl_callback#108)
[18:58:18.987658] {Default Queue}  -> wp_presentation#20.feedback(wl_surface#95, new id wp_presentation_feedback#109)
[18:58:18.987662]  -> wl_surface#95.commit()
[18:58:18.987761] {Default Queue} wl_buffer#96.release()
[18:58:19.002912] {Display Queue} wl_display#1.delete_id(108)
[18:58:19.002918] {Display Queue} wl_display#1.delete_id(109)
[18:58:19.002919] {Default Queue} wl_callback#108.done(20672618)
[18:58:19.002924] {Default Queue} wp_presentation_feedback#109.sync_output(wl_output#28)
[18:58:19.002926] {Default Queue} wp_presentation_feedback#109.presented(0, 20672, 618688762, 0, 0, 0, 0)
[18:58:19.003808]  -> wl_surface#95.attach(wl_buffer#96, 0, 0)
[18:58:19.003816]  -> wl_surface#95.damage_buffer(0, 0, 1280, 672)
[18:58:19.003818]  -> wl_surface#95.frame(new id wl_callback#109)
[18:58:19.003821] {Default Queue}  -> wp_presentation#20.feedback(wl_surface#95, new id wp_presentation_feedback#108)
[18:58:19.003825]  -> wl_surface#95.commit()
[18:58:19.003929] {Default Queue} wl_buffer#89.release()
[18:58:19.015471] {Default Queue}  -> xdg_activation_v1#15.get_activation_token(new id xdg_activation_token_v1#104)
[18:58:19.015480]  -> xdg_activation_token_v1#104.set_serial(154, wl_seat#3)
[18:58:19.015483]  -> xdg_activation_token_v1#104.commit()
[18:58:19.015513] xdg_activation_token_v1#104.done("7286fcb407a52d775abb4da8a7f17326")
[18:58:19.015518]  -> xdg_activation_token_v1#104.destroy()
[18:58:19.015521] {Default Queue}  -> xdg_activation_v1#15.activate("7286fcb407a52d775abb4da8a7f17326", wl_surface#97)
[18:58:19.019300] {Display Queue} wl_display#1.delete_id(104)
[18:58:19.019306] {Display Queue} wl_display#1.delete_id(109)
[18:58:19.019307] {Display Queue} wl_display#1.delete_id(108)
[18:58:19.019308] {Default Queue} wl_callback#109.done(20672635)
[18:58:19.019317] {Default Queue} wp_presentation_feedback#108.sync_output(wl_output#28)
[18:58:19.019318] {Default Queue} wp_presentation_feedback#108.presented(0, 20672, 635079490, 0, 0, 0, 0)
[18:58:19.020442]  -> wl_surface#95.attach(wl_buffer#89, 0, 0)
[18:58:19.020446]  -> wl_surface#95.damage_buffer(0, 0, 1280, 672)
[18:58:19.020447]  -> wl_surface#95.frame(new id wl_callback#108)
[18:58:19.020450] {Default Queue}  -> wp_presentation#20.feedback(wl_surface#95, new id wp_presentation_feedback#109)
[18:58:19.020452]  -> wl_surface#95.commit()
[18:58:19.020516] {Default Queue} wl_buffer#96.release()
[18:58:19.035676] {Display Queue} wl_display#1.delete_id(108)
[18:58:19.035684] {Display Queue} wl_display#1.delete_id(109)
[18:58:19.035685] {Default Queue} wl_callback#108.done(20672651)
[18:58:19.035699] {Default Queue} wp_presentation_feedback#109.sync_output(wl_output#28)
[18:58:19.035701] {Default Queue} wp_presentation_feedback#109.presented(0, 20672, 651438428, 0, 0, 0, 0)
[18:58:19.036713]  -> wl_surface#95.attach(wl_buffer#96, 0, 0)
[18:58:19.036718]  -> wl_surface#95.damage_buffer(0, 0, 1280, 672)
[18:58:19.036720]  -> wl_surface#95.frame(new id wl_callback#109)
[18:58:19.036722] {Default Queue}  -> wp_presentation#20.feedback(wl_surface#95, new id wp_presentation_feedback#108)
[18:58:19.036724]  -> wl_surface#95.commit()
[18:58:19.036790] {Default Queue} wl_buffer#89.release()
[18:58:19.052110] {Display Queue} wl_display#1.delete_id(109)
[18:58:19.052121] {Display Queue} wl_display#1.delete_id(108)
[18:58:19.052122] {Default Queue} wl_callback#109.done(20672667)
[18:58:19.052140] {Default Queue} wp_presentation_feedback#108.sync_output(wl_output#28)
[18:58:19.052142] {Default Queue} wp_presentation_feedback#108.presented(0, 20672, 667861877, 0, 0, 0, 0)
[18:58:19.053274]  -> wl_surface#95.attach(wl_buffer#89, 0, 0)
[18:58:19.053281]  -> wl_surface#95.damage_buffer(0, 0, 1280, 672)
[18:58:19.053283]  -> wl_surface#95.frame(new id wl_callback#108)
[18:58:19.053286] {Default Queue}  -> wp_presentation#20.feedback(wl_surface#95, new id wp_presentation_feedback#109)
[18:58:19.053289]  -> wl_surface#95.commit()
[18:58:19.053373] {Default Queue} wl_buffer#96.release()
[18:58:19.068474] {Display Queue} wl_display#1.delete_id(108)
[18:58:19.068481] {Display Queue} wl_display#1.delete_id(109)
[18:58:19.068483] {Default Queue} wl_callback#108.done(20672684)
[18:58:19.068494] {Default Queue} wp_presentation_feedback#109.sync_output(wl_output#28)
[18:58:19.068496] {Default Queue} wp_presentation_feedback#109.presented(0, 20672, 684246065, 0, 0, 0, 0)
[18:58:19.069526]  -> wl_surface#95.attach(wl_buffer#96, 0, 0)
[18:58:19.069531]  -> wl_surface#95.damage_buffer(0, 0, 1280, 672)
[18:58:19.069533]  -> wl_surface#95.frame(new id wl_callback#109)
[18:58:19.069535] {Default Queue}  -> wp_presentation#20.feedback(wl_surface#95, new id wp_presentation_feedback#108)
[18:58:19.069537]  -> wl_surface#95.commit()
[18:58:19.069625] {Default Queue} wl_buffer#89.release()
[18:58:19.084866] {Display Queue} wl_display#1.delete_id(109)
[18:58:19.084874] {Display Queue} wl_display#1.delete_id(108)
[18:58:19.084876] {Default Queue} wl_callback#109.done(20672700)
[18:58:19.084888] {Default Queue} wp_presentation_feedback#108.sync_output(wl_output#28)
[18:58:19.084890] {Default Queue} wp_presentation_feedback#108.presented(0, 20672, 700624524, 0, 0, 0, 0)
[18:58:19.086234]  -> wl_surface#95.attach(wl_buffer#89, 0, 0)
[18:58:19.086240]  -> wl_surface#95.damage_buffer(0, 0, 1280, 672)
[18:58:19.086242]  -> wl_surface#95.frame(new id wl_callback#108)
[18:58:19.086245] {Default Queue}  -> wp_presentation#20.feedback(wl_surface#95, new id wp_presentation_feedback#109)
[18:58:19.086247]  -> wl_surface#95.commit()
[18:58:19.086316] {Default Queue} wl_buffer#96.release()
[18:58:19.101267] {Display Queue} wl_display#1.delete_id(108)
[18:58:19.101275] {Display Queue} wl_display#1.delete_id(109)
[18:58:19.101276] {Default Queue} wl_callback#108.done(20672717)
[18:58:19.101287] {Default Queue} wp_presentation_feedback#109.sync_output(wl_output#28)
[18:58:19.101288] {Default Queue} wp_presentation_feedback#109.presented(0, 20672, 717036522, 0, 0, 0, 0)
[18:58:19.102293]  -> wl_surface#95.attach(wl_buffer#96, 0, 0)
[18:58:19.102299]  -> wl_surface#95.damage_buffer(0, 0, 1280, 672)
[18:58:19.102301]  -> wl_surface#95.frame(new id wl_callback#109)
[18:58:19.102304] {Default Queue}  -> wp_presentation#20.feedback(wl_surface#95, new id wp_presentation_feedback#108)
[18:58:19.102306]  -> wl_surface#95.commit()
[18:58:19.102375] {Default Queue} wl_buffer#89.release()
[18:58:19.117707] {Display Queue} wl_display#1.delete_id(109)
[18:58:19.117715] {Display Queue} wl_display#1.delete_id(108)
[18:58:19.117716] {Default Queue} wl_callback#109.done(20672733)
[18:58:19.117730] {Default Queue} wp_presentation_feedback#108.sync_output(wl_output#28)
[18:58:19.117732] {Default Queue} wp_presentation_feedback#108.presented(0, 20672, 733470851, 0, 0, 0, 0)
[18:58:19.195405]  -> wl_surface#95.attach(wl_buffer#89, 0, 0)
[18:58:19.195414]  -> wl_surface#95.damage_buffer(0, 0, 1280, 672)
[18:58:19.195417]  -> wl_surface#95.frame(new id wl_callback#108)
[18:58:19.195420] {Default Queue}  -> wp_presentation#20.feedback(wl_surface#95, new id wp_presentation_feedback#109)
[18:58:19.195423]  -> wl_surface#95.commit()
[18:58:19.195906] {Display Queue} wl_display#1.delete_id(108)
[18:58:19.195912] {Display Queue} wl_display#1.delete_id(109)
[18:58:19.195913] {Default Queue} wl_buffer#96.release()
[18:58:19.195915] {Default Queue} wl_callback#108.done(20672811)
[18:58:19.195926] {Default Queue} wp_presentation_feedback#109.sync_output(wl_output#28)
[18:58:19.195927] {Default Queue} wp_presentation_feedback#109.presented(0, 20672, 811678979, 0, 0, 0, 0)
[18:58:19.274121] {Default Queue}  -> xdg_activation_v1#15.get_activation_token(new id xdg_activation_token_v1#109)
[18:58:19.274131]  -> xdg_activation_token_v1#109.set_serial(154, wl_seat#3)
[18:58:19.274135]  -> xdg_activation_token_v1#109.commit()
[18:58:19.274171] xdg_activation_token_v1#109.done("2608ee6d9e4aff14a7ee2a6c71061efa")
[18:58:19.274174]  -> xdg_activation_token_v1#109.destroy()
[18:58:19.274175] {Default Queue}  -> xdg_activation_v1#15.activate("2608ee6d9e4aff14a7ee2a6c71061efa", wl_surface#97)
[18:58:19.274723]  -> wl_surface#97.attach(wl_buffer#102, 0, 0)
[18:58:19.274727]  -> wl_surface#97.damage_buffer(0, 0, 320, 72)
[18:58:19.274729]  -> wl_surface#97.frame(new id wl_callback#108)
[18:58:19.274731] {Default Queue}  -> wp_presentation#20.feedback(wl_surface#97, new id wp_presentation_feedback#104)
[18:58:19.274733]  -> wl_surface#97.commit()
[18:58:19.274842] {Display Queue} wl_display#1.delete_id(109)
[18:58:19.274846] {Display Queue} wl_display#1.delete_id(108)
[18:58:19.274847] {Display Queue} wl_display#1.delete_id(104)
[18:58:19.274848] {Default Queue} wl_buffer#105.release()
[18:58:19.274849] {Default Queue} wl_callback#108.done(20672890)
[18:58:19.274854] {Default Queue} wp_presentation_feedback#104.sync_output(wl_output#28)
[18:58:19.274855] {Default Queue} wp_presentation_feedback#104.presented(0, 20672, 890621234, 0, 0, 0, 0)
[18:58:19.372838]  -> wl_surface#95.attach(wl_buffer#96, 0, 0)
[18:58:19.372845]  -> wl_surface#95.damage_buffer(0, 0, 1280, 672)
[18:58:19.372848]  -> wl_surface#95.frame(new id wl_callback#104)
[18:58:19.372850] {Default Queue}  -> wp_presentation#20.feedback(wl_surface#95, new id wp_presentation_feedback#108)
[18:58:19.372853]  -> wl_surface#95.commit()
[18:58:19.373363] {Display Queue} wl_display#1.delete_id(104)
[18:58:19.373368] {Display Queue} wl_display#1.delete_id(108)
[18:58:19.373370] {Default Queue} wl_buffer#89.release()
[18:58:19.373371] {Default Queue} wl_callback#104.done(20672989)
[18:58:19.373377] {Default Queue} wp_presentation_feedback#108.sync_output(wl_output#28)
[18:58:19.373378] {Default Queue} wp_presentation_feedback#108.presented(0, 20672, 989142406, 0, 0, 0, 0)
[18:58:19.389283]  -> wl_surface#95.attach(wl_buffer#89, 0, 0)
[18:58:19.389289]  -> wl_surface#95.damage_buffer(0, 0, 1280, 672)
[18:58:19.389291]  -> wl_surface#95.frame(new id wl_callback#108)
[18:58:19.389293] {Default Queue}  -> wp_presentation#20.feedback(wl_surface#95, new id wp_presentation_feedback#104)
[18:58:19.389295]  -> wl_surface#95.commit()
[18:58:19.389359] {Default Queue} wl_buffer#96.release()
[18:58:19.389670] {Display Queue} wl_display#1.delete_id(108)
[18:58:19.389673] {Display Queue} wl_display#1.delete_id(104)
[18:58:19.389673] {Default Queue} wl_callback#108.done(20673005)
[18:58:19.389678] {Default Queue} wp_presentation_feedback#104.sync_output(wl_output#28)
[18:58:19.389679] {Default Queue} wp_presentation_feedback#104.presented(0, 20673, 5456494, 0, 0, 0, 0)
[18:58:19.653030]  -> wl_surface#95.attach(wl_buffer#96, 0, 0)
[18:58:19.653038]  -> wl_surface#95.damage_buffer(0, 0, 1280, 672)
[18:58:19.653040]  -> wl_surface#95.frame(new id wl_callback#104)
[18:58:19.653043] {Default Queue}  -> wp_presentation#20.feedback(wl_surface#95, new id wp_presentation_feedback#108)
[18:58:19.653046]  -> wl_surface#95.commit()
[18:58:19.653611] {Display Queue} wl_display#1.delete_id(104)
[18:58:19.653617] {Display Queue} wl_display#1.delete_id(108)
[18:58:19.653618] {Default Queue} wl_buffer#89.release()
[18:58:19.653620] {Default Queue} wl_callback#104.done(20673269)
[18:58:19.653629] {Default Queue} wp_presentation_feedback#108.sync_output(wl_output#28)
[18:58:19.653630] {Default Queue} wp_presentation_feedback#108.presented(0, 20673, 269383604, 0, 0, 0, 0)
[18:58:19.672499]  -> wl_surface#95.attach(wl_buffer#89, 0, 0)
[18:58:19.672506]  -> wl_surface#95.damage_buffer(0, 0, 1280, 672)
[18:58:19.672508]  -> wl_surface#95.frame(new id wl_callback#108)
[18:58:19.672511] {Default Queue}  -> wp_presentation#20.feedback(wl_surface#95, new id wp_presentation_feedback#104)
[18:58:19.672514]  -> wl_surface#95.commit()
[18:58:19.673043] {Display Queue} wl_display#1.delete_id(108)
[18:58:19.673049] {Display Queue} wl_display#1.delete_id(104)
[18:58:19.673051] {Default Queue} wl_buffer#96.release()
[18:58:19.673052] {Default Queue} wl_callback#108.done(20673288)
[18:58:19.673061] {Default Queue} wp_presentation_feedback#104.sync_output(wl_output#28)
[18:58:19.673063] {Default Queue} wp_presentation_feedback#104.presented(0, 20673, 288817700, 0, 0, 0, 0)
[18:58:19.731678] {Default Queue}  -> xdg_activation_v1#15.get_activation_token(new id xdg_activation_token_v1#104)
[18:58:19.731689]  -> xdg_activation_token_v1#104.set_serial(154, wl_seat#3)
[18:58:19.731693]  -> xdg_activation_token_v1#104.commit()
[18:58:19.731729] xdg_activation_token_v1#104.done("7e02469fa1a79d1f3612dcd6ba4ebe53")
[18:58:19.731731]  -> xdg_activation_token_v1#104.destroy()
[18:58:19.731732] {Default Queue}  -> xdg_activation_v1#15.activate("7e02469fa1a79d1f3612dcd6ba4ebe53", wl_surface#97)
[18:58:19.732262]  -> wl_surface#97.attach(wl_buffer#105, 0, 0)
[18:58:19.732267]  -> wl_surface#97.damage_buffer(0, 0, 320, 72)
[18:58:19.732268]  -> wl_surface#97.frame(new id wl_callback#108)
[18:58:19.732270] {Default Queue}  -> wp_presentation#20.feedback(wl_surface#97, new id wp_presentation_feedback#109)
[18:58:19.732272]  -> wl_surface#97.commit()
[18:58:19.732396] {Display Queue} wl_display#1.delete_id(104)
[18:58:19.732401] {Display Queue} wl_display#1.delete_id(108)
[18:58:19.732402] {Display Queue} wl_display#1.delete_id(109)
[18:58:19.732403] {Default Queue} wl_buffer#102.release()
[18:58:19.732404] {Default Queue} wl_callback#108.done(20673348)
[18:58:19.732409] {Default Queue} wp_presentation_feedback#109.sync_output(wl_output#28)
[18:58:19.732410] {Default Queue} wp_presentation_feedback#109.presented(0, 20673, 348172307, 0, 0, 0, 0)
[18:58:19.899592]  -> wl_surface#95.attach(wl_buffer#96, 0, 0)
[18:58:19.899599]  -> wl_surface#95.damage_buffer(0, 0, 1280, 672)
[18:58:19.899601]  -> wl_surface#95.frame(new id wl_callback#109)
[18:58:19.899604] {Default Queue}  -> wp_presentation#20.feedback(wl_surface#95, new id wp_presentation_feedback#108)
[18:58:19.899607]  -> wl_surface#95.commit()
[18:58:19.900316] {Display Queue} wl_display#1.delete_id(109)
[18:58:19.900323] {Display Queue} wl_display#1.delete_id(108)
[18:58:19.900324] {Default Queue} wl_buffer#89.release()
[18:58:19.900326] {Default Queue} wl_callback#109.done(20673516)
[18:58:19.900336] {Default Queue} wp_presentation_feedback#108.sync_output(wl_output#28)
[18:58:19.900337] {Default Queue} wp_presentation_feedback#108.presented(0, 20673, 516085028, 0, 0, 0, 0)
[18:58:19.930780]  -> wl_surface#95.attach(wl_buffer#89, 0, 0)
[18:58:19.930788]  -> wl_surface#95.damage_buffer(0, 0, 1280, 672)
[18:58:19.930790]  -> wl_surface#95.frame(new id wl_callback#108)
[18:58:19.930793] {Default Queue}  -> wp_presentation#20.feedback(wl_surface#95, new id wp_presentation_feedback#109)
[18:58:19.930795]  -> wl_surface#95.commit()
[18:58:19.931235] {Display Queue} wl_display#1.delete_id(108)
[18:58:19.931240] {Display Queue} wl_display#1.delete_id(109)
[18:58:19.931241] {Default Queue} wl_buffer#96.release()
[18:58:19.931243] {Default Queue} wl_callback#108.done(20673547)
[18:58:19.931250] {Default Queue} wp_presentation_feedback#109.sync_output(wl_output#28)
[18:58:19.931252] {Default Queue} wp_presentation_feedback#109.presented(0, 20673, 547012558, 0, 0, 0, 0)
[18:58:19.978285] {Default Queue}  -> xdg_activation_v1#15.get_activation_token(new id xdg_activation_token_v1#109)
[18:58:19.978300]  -> xdg_activation_token_v1#109.set_serial(154, wl_seat#3)
[18:58:19.978303]  -> xdg_activation_token_v1#109.commit()
[18:58:19.978347] xdg_activation_token_v1#109.done("5c75f467caaefbcac1256e474025bc88")
[18:58:19.978354]  -> xdg_activation_token_v1#109.destroy()
[18:58:19.978356] {Default Queue}  -> xdg_activation_v1#15.activate("5c75f467caaefbcac1256e474025bc88", wl_surface#97)
[18:58:19.978832]  -> wl_surface#97.attach(wl_buffer#102, 0, 0)
[18:58:19.978835]  -> wl_surface#97.damage_buffer(0, 0, 320, 72)
[18:58:19.978836]  -> wl_surface#97.frame(new id wl_callback#108)
[18:58:19.978838] {Default Queue}  -> wp_presentation#20.feedback(wl_surface#97, new id wp_presentation_feedback#104)
[18:58:19.978840]  -> wl_surface#97.commit()
[18:58:19.978942] {Display Queue} wl_display#1.delete_id(109)
[18:58:19.978944] {Display Queue} wl_display#1.delete_id(108)
[18:58:19.978945] {Display Queue} wl_display#1.delete_id(104)
[18:58:19.978946] {Default Queue} wl_buffer#105.release()
[18:58:19.978947] {Default Queue} wl_callback#108.done(20673594)
[18:58:19.978951] {Default Queue} wp_presentation_feedback#104.sync_output(wl_output#28)
[18:58:19.978952] {Default Queue} wp_presentation_feedback#104.presented(0, 20673, 594724240, 0, 0, 0, 0)
[18:58:20.076541]  -> wl_surface#95.attach(wl_buffer#96, 0, 0)
[18:58:20.076549]  -> wl_surface#95.damage_buffer(0, 0, 1280, 672)
[18:58:20.076552]  -> wl_surface#95.frame(new id wl_callback#104)
[18:58:20.076554] {Default Queue}  -> wp_presentation#20.feedback(wl_surface#95, new id wp_presentation_feedback#108)
[18:58:20.076557]  -> wl_surface#95.commit()
[18:58:20.077094] {Display Queue} wl_display#1.delete_id(104)
[18:58:20.077100] {Display Queue} wl_display#1.delete_id(108)
[18:58:20.077101] {Default Queue} wl_buffer#89.release()
[18:58:20.077103] {Default Queue} wl_callback#104.done(20673692)
[18:58:20.077110] {Default Queue} wp_presentation_feedback#108.sync_output(wl_output#28)
[18:58:20.077111] {Default Queue} wp_presentation_feedback#108.presented(0, 20673, 692866949, 0, 0, 0, 0)
[18:58:20.300852] {Default Queue}  -> xdg_activation_v1#15.get_activation_token(new id xdg_activation_token_v1#108)
[18:58:20.300863]  -> xdg_activation_token_v1#108.set_serial(154, wl_seat#3)
[18:58:20.300866]  -> xdg_activation_token_v1#108.commit()
[18:58:20.300901] xdg_activation_token_v1#108.done("888870e2c3457c33d85aef224f76600e")
[18:58:20.300907]  -> xdg_activation_token_v1#108.destroy()
[18:58:20.300909] {Default Queue}  -> xdg_activation_v1#15.activate("888870e2c3457c33d85aef224f76600e", wl_surface#97)
[18:58:20.301396]  -> wl_surface#97.attach(wl_buffer#105, 0, 0)
[18:58:20.301399]  -> wl_surface#97.damage_buffer(0, 0, 320, 72)
[18:58:20.301401]  -> wl_surface#97.frame(new id wl_callback#104)
[18:58:20.301403] {Default Queue}  -> wp_presentation#20.feedback(wl_surface#97, new id wp_presentation_feedback#109)
[18:58:20.301405]  -> wl_surface#97.commit()
[18:58:20.301515] {Display Queue} wl_display#1.delete_id(108)
[18:58:20.301517] {Display Queue} wl_display#1.delete_id(104)
[18:58:20.301517] {Display Queue} wl_display#1.delete_id(109)
[18:58:20.301518] {Default Queue} wl_buffer#102.release()
[18:58:20.301519] {Default Queue} wl_callback#104.done(20673917)
[18:58:20.301522] {Default Queue} wp_presentation_feedback#109.sync_output(wl_output#28)
[18:58:20.301523] {Default Queue} wp_presentation_feedback#109.presented(0, 20673, 917298051, 0, 0, 0, 0)
[18:58:20.513725]  -> wl_surface#95.attach(wl_buffer#89, 0, 0)
[18:58:20.513732]  -> wl_surface#95.damage_buffer(0, 0, 1280, 672)
[18:58:20.513734]  -> wl_surface#95.frame(new id wl_callback#109)
[18:58:20.513737] {Default Queue}  -> wp_presentation#20.feedback(wl_surface#95, new id wp_presentation_feedback#104)
[18:58:20.513739]  -> wl_surface#95.commit()
[18:58:20.514243] {Display Queue} wl_display#1.delete_id(109)
[18:58:20.514252] {Display Queue} wl_display#1.delete_id(104)
[18:58:20.514254] {Default Queue} wl_buffer#96.release()
[18:58:20.514256] {Default Queue} wl_callback#109.done(20674129)
[18:58:20.514266] {Default Queue} wp_presentation_feedback#104.sync_output(wl_output#28)
[18:58:20.514268] {Default Queue} wp_presentation_feedback#104.presented(0, 20674, 130006217, 0, 0, 0, 0)
[18:58:20.515229]  -> wl_surface#95.attach(wl_buffer#96, 0, 0)
[18:58:20.515234]  -> wl_surface#95.damage_buffer(0, 0, 1280, 672)
[18:58:20.515236]  -> wl_surface#95.frame(new id wl_callback#104)
[18:58:20.515238] {Default Queue}  -> wp_presentation#20.feedback(wl_surface#95, new id wp_presentation_feedback#109)
[18:58:20.515240]  -> wl_surface#95.commit()
[18:58:20.515314] {Default Queue} wl_buffer#89.release()
[18:58:20.530607] {Display Queue} wl_display#1.delete_id(104)
[18:58:20.530613] {Display Queue} wl_display#1.delete_id(109)
[18:58:20.530614] {Default Queue} wl_callback#104.done(20674146)
[18:58:20.530622] {Default Queue} wp_presentation_feedback#109.sync_output(wl_output#28)
[18:58:20.530623] {Default Queue} wp_presentation_feedback#109.presented(0, 20674, 146382505, 0, 0, 0, 0)
[18:58:20.531636]  -> wl_surface#95.attach(wl_buffer#89, 0, 0)
[18:58:20.531640]  -> wl_surface#95.damage_buffer(0, 0, 1280, 672)
[18:58:20.531642]  -> wl_surface#95.frame(new id wl_callback#109)
[18:58:20.531644] {Default Queue}  -> wp_presentation#20.feedback(wl_surface#95, new id wp_presentation_feedback#104)
[18:58:20.531645]  -> wl_surface#95.commit()
[18:58:20.531688] {Default Queue} wl_buffer#96.release()
[18:58:20.546880] {Display Queue} wl_display#1.delete_id(109)
[18:58:20.546884] {Display Queue} wl_display#1.delete_id(104)
[18:58:20.546886] {Default Queue} wl_callback#109.done(20674162)
[18:58:20.546891] {Default Queue} wp_presentation_feedback#104.sync_output(wl_output#28)
[18:58:20.546893] {Default Queue} wp_presentation_feedback#104.presented(0, 20674, 162660633, 0, 0, 0, 0)
[18:58:20.592804] {Default Queue}  -> xdg_activation_v1#15.get_activation_token(new id xdg_activation_token_v1#104)
[18:58:20.592810]  -> xdg_activation_token_v1#104.set_serial(154, wl_seat#3)
[18:58:20.592813]  -> xdg_activation_token_v1#104.commit()
[18:58:20.592841] xdg_activation_token_v1#104.done("fbee0ce65d5f0b1e7aaef783c9c2f6d6")
[18:58:20.592844]  -> xdg_activation_token_v1#104.destroy()
[18:58:20.592845] {Default Queue}  -> xdg_activation_v1#15.activate("fbee0ce65d5f0b1e7aaef783c9c2f6d6", wl_surface#97)
[18:58:20.593199]  -> wl_surface#97.attach(wl_buffer#102, 0, 0)
[18:58:20.593202]  -> wl_surface#97.damage_buffer(0, 0, 320, 72)
[18:58:20.593203]  -> wl_surface#97.frame(new id wl_callback#109)
[18:58:20.593212] {Default Queue}  -> wp_presentation#20.feedback(wl_surface#97, new id wp_presentation_feedback#108)
[18:58:20.593215]  -> wl_surface#97.commit()
[18:58:20.593303] {Display Queue} wl_display#1.delete_id(104)
[18:58:20.593305] {Display Queue} wl_display#1.delete_id(109)
[18:58:20.593306] {Display Queue} wl_display#1.delete_id(108)
[18:58:20.593306] {Default Queue} wl_buffer#105.release()
[18:58:20.593307] {Default Queue} wl_callback#109.done(20674209)
[18:58:20.593310] {Default Queue} wp_presentation_feedback#108.sync_output(wl_output#28)
[18:58:20.593311] {Default Queue} wp_presentation_feedback#108.presented(0, 20674, 209086083, 0, 0, 0, 0)
[18:58:20.813991]  -> wl_surface#95.attach(wl_buffer#96, 0, 0)
[18:58:20.813999]  -> wl_surface#95.damage_buffer(0, 0, 1280, 672)
[18:58:20.814001]  -> wl_surface#95.frame(new id wl_callback#108)
[18:58:20.814004] {Default Queue}  -> wp_presentation#20.feedback(wl_surface#95, new id wp_presentation_feedback#109)
[18:58:20.814006]  -> wl_surface#95.commit()
[18:58:20.814435] {Display Queue} wl_display#1.delete_id(108)
[18:58:20.814437] {Display Queue} wl_display#1.delete_id(109)
[18:58:20.814438] {Default Queue} wl_buffer#89.release()
[18:58:20.814439] {Default Queue} wl_callback#108.done(20674430)
[18:58:20.814443] {Default Queue} wp_presentation_feedback#109.sync_output(wl_output#28)
[18:58:20.814444] {Default Queue} wp_presentation_feedback#109.presented(0, 20674, 430216286, 0, 0, 0, 0)
[18:58:20.815273]  -> wl_surface#95.attach(wl_buffer#89, 0, 0)
[18:58:20.815279]  -> wl_surface#95.damage_buffer(0, 0, 1280, 672)
[18:58:20.815281]  -> wl_surface#95.frame(new id wl_callback#109)
[18:58:20.815283] {Default Queue}  -> wp_presentation#20.feedback(wl_surface#95, new id wp_presentation_feedback#108)
[18:58:20.815284]  -> wl_surface#95.commit()
[18:58:20.815346] {Default Queue} wl_buffer#96.release()
[18:58:20.830855] {Display Queue} wl_display#1.delete_id(109)
[18:58:20.830864] {Display Queue} wl_display#1.delete_id(108)
[18:58:20.830866] {Default Queue} wl_callback#109.done(20674446)
[18:58:20.830880] {Default Queue} wp_presentation_feedback#108.sync_output(wl_output#28)
[18:58:20.830881] {Default Queue} wp_presentation_feedback#108.presented(0, 20674, 446614094, 0, 0, 0, 0)
[18:58:20.831902]  -> wl_surface#95.attach(wl_buffer#96, 0, 0)
[18:58:20.831909]  -> wl_surface#95.damage_buffer(0, 0, 1280, 672)
[18:58:20.831911]  -> wl_surface#95.frame(new id wl_callback#108)
[18:58:20.831913] {Default Queue}  -> wp_presentation#20.feedback(wl_surface#95, new id wp_presentation_feedback#109)
[18:58:20.831915]  -> wl_surface#95.commit()
[18:58:20.831984] {Default Queue} wl_buffer#89.release()
[18:58:20.847291] {Display Queue} wl_display#1.delete_id(108)
[18:58:20.847299] {Display Queue} wl_display#1.delete_id(109)
[18:58:20.847300] {Default Queue} wl_callback#108.done(20674463)
[18:58:20.847314] {Default Queue} wp_presentation_feedback#109.sync_output(wl_output#28)
[18:58:20.847316] {Default Queue} wp_presentation_feedback#109.presented(0, 20674, 463050173, 0, 0, 0, 0)
[18:58:20.848253]  -> wl_surface#95.attach(wl_buffer#89, 0, 0)
[18:58:20.848259]  -> wl_surface#95.damage_buffer(0, 0, 1280, 672)
[18:58:20.848261]  -> wl_surface#95.frame(new id wl_callback#109)
[18:58:20.848264] {Default Queue}  -> wp_presentation#20.feedback(wl_surface#95, new id wp_presentation_feedback#108)
[18:58:20.848266]  -> wl_surface#95.commit()
[18:58:20.848328] {Default Queue} wl_buffer#96.release()
[18:58:20.863677] {Display Queue} wl_display#1.delete_id(109)
[18:58:20.863685] {Display Queue} wl_display#1.delete_id(108)
[18:58:20.863686] {Default Queue} wl_callback#109.done(20674479)
[18:58:20.863700] {Default Queue} wp_presentation_feedback#108.sync_output(wl_output#28)
[18:58:20.863701] {Default Queue} wp_presentation_feedback#108.presented(0, 20674, 479442281, 0, 0, 0, 0)
[18:58:20.864688]  -> wl_surface#95.attach(wl_buffer#96, 0, 0)
[18:58:20.864692]  -> wl_surface#95.damage_buffer(0, 0, 1280, 672)
[18:58:20.864694]  -> wl_surface#95.frame(new id wl_callback#108)
[18:58:20.864696] {Default Queue}  -> wp_presentation#20.feedback(wl_surface#95, new id wp_presentation_feedback#109)
[18:58:20.864698]  -> wl_surface#95.commit()
[18:58:20.864764] {Default Queue} wl_buffer#89.release()
[18:58:20.880056] {Display Queue} wl_display#1.delete_id(108)
[18:58:20.880064] {Display Queue} wl_display#1.delete_id(109)
[18:58:20.880065] {Default Queue} wl_callback#108.done(20674495)
[18:58:20.880079] {Default Queue} wp_presentation_feedback#109.sync_output(wl_output#28)
[18:58:20.880080] {Default Queue} wp_presentation_feedback#109.presented(0, 20674, 495818880, 0, 0, 0, 0)
[18:58:20.881042]  -> wl_surface#95.attach(wl_buffer#89, 0, 0)
[18:58:20.881048]  -> wl_surface#95.damage_buffer(0, 0, 1280, 672)
[18:58:20.881050]  -> wl_surface#95.frame(new id wl_callback#109)
[18:58:20.881052] {Default Queue}  -> wp_presentation#20.feedback(wl_surface#95, new id wp_presentation_feedback#108)
[18:58:20.881054]  -> wl_surface#95.commit()
[18:58:20.881130] {Default Queue} wl_buffer#96.release()
[18:58:20.893071] {Default Queue}  -> xdg_activation_v1#15.get_activation_token(new id xdg_activation_token_v1#104)
[18:58:20.893080]  -> xdg_activation_token_v1#104.set_serial(154, wl_seat#3)
[18:58:20.893083]  -> xdg_activation_token_v1#104.commit()
[18:58:20.893112] xdg_activation_token_v1#104.done("b2ca2a8329e4dd85a9659f0fe08b0ef4")
[18:58:20.893117]  -> xdg_activation_token_v1#104.destroy()
[18:58:20.893119] {Default Queue}  -> xdg_activation_v1#15.activate("b2ca2a8329e4dd85a9659f0fe08b0ef4", wl_surface#97)
[18:58:20.893776]  -> wl_surface#97.attach(wl_buffer#105, 0, 0)
[18:58:20.893780]  -> wl_surface#97.damage_buffer(0, 0, 320, 72)
[18:58:20.893781]  -> wl_surface#97.frame(new id wl_callback#103)
[18:58:20.893783] {Default Queue}  -> wp_presentation#20.feedback(wl_surface#97, new id wp_presentation_feedback#107)
[18:58:20.893785]  -> wl_surface#97.commit()
[18:58:20.893843] {Display Queue} wl_display#1.delete_id(104)
[18:58:20.893846] {Default Queue} wl_buffer#102.release()
[18:58:20.896444] {Display Queue} wl_display#1.delete_id(109)
[18:58:20.896448] {Display Queue} wl_display#1.delete_id(103)
[18:58:20.896449] {Display Queue} wl_display#1.delete_id(108)
[18:58:20.896450] {Display Queue} wl_display#1.delete_id(107)
[18:58:20.896450] {Default Queue} wl_callback#109.done(20674512)
[18:58:20.896458] {Default Queue} wl_callback#103.done(20674512)
[18:58:20.896459] {Default Queue} wp_presentation_feedback#108.sync_output(wl_output#28)
[18:58:20.896460] {Default Queue} wp_presentation_feedback#108.presented(0, 20674, 512216398, 0, 0, 0, 0)
[18:58:20.896463] {Default Queue} wp_presentation_feedback#107.sync_output(wl_output#28)
[18:58:20.896464] {Default Queue} wp_presentation_feedback#107.presented(0, 20674, 512216398, 0, 0, 0, 0)
[18:58:20.897346]  -> wl_surface#95.attach(wl_buffer#96, 0, 0)
[18:58:20.897349]  -> wl_surface#95.damage_buffer(0, 0, 1280, 672)
[18:58:20.897351]  -> wl_surface#95.frame(new id wl_callback#107)
[18:58:20.897353] {Default Queue}  -> wp_presentation#20.feedback(wl_surface#95, new id wp_presentation_feedback#108)
[18:58:20.897355]  -> wl_surface#95.commit()
[18:58:20.897402] {Default Queue} wl_buffer#89.release()
[18:58:20.912945] {Display Queue} wl_display#1.delete_id(107)
[18:58:20.912954] {Display Queue} wl_display#1.delete_id(108)
[18:58:20.912956] {Default Queue} wl_callback#107.done(20674528)
[18:58:20.912971] {Default Queue} wp_presentation_feedback#108.sync_output(wl_output#28)
[18:58:20.912973] {Default Queue} wp_presentation_feedback#108.presented(0, 20674, 528704318, 0, 0, 0, 0)
[18:58:20.913987]  -> wl_surface#95.attach(wl_buffer#89, 0, 0)
[18:58:20.913992]  -> wl_surface#95.damage_buffer(0, 0, 1280, 672)
[18:58:20.913993]  -> wl_surface#95.frame(new id wl_callback#108)
[18:58:20.913996] {Default Queue}  -> wp_presentation#20.feedback(wl_surface#95, new id wp_presentation_feedback#107)
[18:58:20.913998]  -> wl_surface#95.commit()
[18:58:20.914064] {Default Queue} wl_buffer#96.release()
[18:58:20.929353] {Display Queue} wl_display#1.delete_id(108)
[18:58:20.929361] {Display Queue} wl_display#1.delete_id(107)
[18:58:20.929363] {Default Queue} wl_callback#108.done(20674545)
[18:58:20.929378] {Default Queue} wp_presentation_feedback#107.sync_output(wl_output#28)
[18:58:20.929379] {Default Queue} wp_presentation_feedback#107.presented(0, 20674, 545112086, 0, 0, 0, 0)
[18:58:20.930358]  -> wl_surface#95.attach(wl_buffer#96, 0, 0)
[18:58:20.930364]  -> wl_surface#95.damage_buffer(0, 0, 1280, 672)
[18:58:20.930366]  -> wl_surface#95.frame(new id wl_callback#107)
[18:58:20.930369] {Default Queue}  -> wp_presentation#20.feedback(wl_surface#95, new id wp_presentation_feedback#108)
[18:58:20.930372]  -> wl_surface#95.commit()
[18:58:20.930447] {Default Queue} wl_buffer#89.release()
[18:58:20.945794] {Display Queue} wl_display#1.delete_id(107)
[18:58:20.945803] {Display Queue} wl_display#1.delete_id(108)
[18:58:20.945805] {Default Queue} wl_callback#107.done(20674561)
[18:58:20.945819] {Default Queue} wp_presentation_feedback#108.sync_output(wl_output#28)
[18:58:20.945820] {Default Queue} wp_presentation_feedback#108.presented(0, 20674, 561548615, 0, 0, 0, 0)
[18:58:20.946831]  -> wl_surface#95.attach(wl_buffer#89, 0, 0)
[18:58:20.946835]  -> wl_surface#95.damage_buffer(0, 0, 1280, 672)
[18:58:20.946837]  -> wl_surface#95.frame(new id wl_callback#108)
[18:58:20.946840] {Default Queue}  -> wp_presentation#20.feedback(wl_surface#95, new id wp_presentation_feedback#107)
[18:58:20.946842]  -> wl_surface#95.commit()
[18:58:20.946918] {Default Queue} wl_buffer#96.release()
[18:58:20.962144] {Display Queue} wl_display#1.delete_id(108)
[18:58:20.962152] {Display Queue} wl_display#1.delete_id(107)
[18:58:20.962153] {Default Queue} wl_callback#108.done(20674577)
[18:58:20.962163] {Default Queue} wp_presentation_feedback#107.sync_output(wl_output#28)
[18:58:20.962164] {Default Queue} wp_presentation_feedback#107.presented(0, 20674, 577911723, 0, 0, 0, 0)
[18:58:20.963045]  -> wl_surface#95.attach(wl_buffer#96, 0, 0)
[18:58:20.963049]  -> wl_surface#95.damage_buffer(0, 0, 1280, 672)
[18:58:20.963051]  -> wl_surface#95.frame(new id wl_callback#107)
[18:58:20.963053] {Default Queue}  -> wp_presentation#20.feedback(wl_surface#95, new id wp_presentation_feedback#108)
[18:58:20.963054]  -> wl_surface#95.commit()
[18:58:20.963110] {Default Queue} wl_buffer#89.release()
[18:58:20.978448] {Display Queue} wl_display#1.delete_id(107)
[18:58:20.978453] {Display Queue} wl_display#1.delete_id(108)
[18:58:20.978455] {Default Queue} wl_callback#107.done(20674594)
[18:58:20.978462] {Default Queue} wp_presentation_feedback#108.sync_output(wl_output#28)
[18:58:20.978463] {Default Queue} wp_presentation_feedback#108.presented(0, 20674, 594222551, 0, 0, 0, 0)
[18:58:20.979298]  -> wl_surface#95.attach(wl_buffer#89, 0, 0)
[18:58:20.979305]  -> wl_surface#95.damage_buffer(0, 0, 1280, 672)
[18:58:20.979307]  -> wl_surface#95.frame(new id wl_callback#108)
[18:58:20.979310] {Default Queue}  -> wp_presentation#20.feedback(wl_surface#95, new id wp_presentation_feedback#107)
[18:58:20.979314]  -> wl_surface#95.commit()
[18:58:20.979414] {Default Queue} wl_buffer#96.release()
[18:58:20.994888] {Display Queue} wl_display#1.delete_id(108)
[18:58:20.994896] {Display Queue} wl_display#1.delete_id(107)
[18:58:20.994897] {Default Queue} wl_callback#108.done(20674610)
[18:58:20.994910] {Default Queue} wp_presentation_feedback#107.sync_output(wl_output#28)
[18:58:20.994911] {Default Queue} wp_presentation_feedback#107.presented(0, 20674, 610648890, 0, 0, 0, 0)
[18:58:21.105986]  -> wl_surface#95.attach(wl_buffer#96, 0, 0)
[18:58:21.105995]  -> wl_surface#95.damage_buffer(0, 0, 1280, 672)
[18:58:21.105997]  -> wl_surface#95.frame(new id wl_callback#107)
[18:58:21.106000] {Default Queue}  -> wp_presentation#20.feedback(wl_surface#95, new id wp_presentation_feedback#108)
[18:58:21.106003]  -> wl_surface#95.commit()
[18:58:21.106529] {Display Queue} wl_display#1.delete_id(107)
[18:58:21.106535] {Display Queue} wl_display#1.delete_id(108)
[18:58:21.106536] {Default Queue} wl_buffer#89.release()
[18:58:21.106538] {Default Queue} wl_callback#107.done(20674722)
[18:58:21.106544] {Default Queue} wp_presentation_feedback#108.sync_output(wl_output#28)
[18:58:21.106546] {Default Queue} wp_presentation_feedback#108.presented(0, 20674, 722305351, 0, 0, 0, 0)
[18:58:21.107354]  -> wl_surface#95.attach(wl_buffer#89, 0, 0)
[18:58:21.107358]  -> wl_surface#95.damage_buffer(0, 0, 1280, 672)
[18:58:21.107360]  -> wl_surface#95.frame(new id wl_callback#108)
[18:58:21.107361] {Default Queue}  -> wp_presentation#20.feedback(wl_surface#95, new id wp_presentation_feedback#107)
[18:58:21.107363]  -> wl_surface#95.commit()
[18:58:21.107417] {Default Queue} wl_buffer#96.release()
[18:58:21.122919] {Display Queue} wl_display#1.delete_id(108)
[18:58:21.122927] {Display Queue} wl_display#1.delete_id(107)
[18:58:21.122929] {Default Queue} wl_callback#108.done(20674738)
[18:58:21.122941] {Default Queue} wp_presentation_feedback#107.sync_output(wl_output#28)
[18:58:21.122942] {Default Queue} wp_presentation_feedback#107.presented(0, 20674, 738692569, 0, 0, 0, 0)
[18:58:21.123969]  -> wl_surface#95.attach(wl_buffer#96, 0, 0)
[18:58:21.123977]  -> wl_surface#95.damage_buffer(0, 0, 1280, 672)
[18:58:21.123980]  -> wl_surface#95.frame(new id wl_callback#107)
[18:58:21.123983] {Default Queue}  -> wp_presentation#20.feedback(wl_surface#95, new id wp_presentation_feedback#108)
[18:58:21.123987]  -> wl_surface#95.commit()
[18:58:21.124088] {Default Queue} wl_buffer#89.release()
[18:58:21.139394] {Display Queue} wl_display#1.delete_id(107)
[18:58:21.139402] {Display Queue} wl_display#1.delete_id(108)
[18:58:21.139404] {Default Queue} wl_callback#107.done(20674755)
[18:58:21.139419] {Default Queue} wp_presentation_feedback#108.sync_output(wl_output#28)
[18:58:21.139420] {Default Queue} wp_presentation_feedback#108.presented(0, 20674, 755154838, 0, 0, 0, 0)
[18:58:21.140605]  -> wl_surface#95.attach(wl_buffer#89, 0, 0)
[18:58:21.140612]  -> wl_surface#95.damage_buffer(0, 0, 1280, 672)
[18:58:21.140614]  -> wl_surface#95.frame(new id wl_callback#108)
[18:58:21.140617] {Default Queue}  -> wp_presentation#20.feedback(wl_surface#95, new id wp_presentation_feedback#107)
[18:58:21.140619]  -> wl_surface#95.commit()
[18:58:21.140696] {Default Queue} wl_buffer#96.release()
[18:58:21.155751] {Display Queue} wl_display#1.delete_id(108)
[18:58:21.155758] {Display Queue} wl_display#1.delete_id(107)
[18:58:21.155759] {Default Queue} wl_callback#108.done(20674771)
[18:58:21.155772] {Default Queue} wp_presentation_feedback#107.sync_output(wl_output#28)
[18:58:21.155773] {Default Queue} wp_presentation_feedback#107.presented(0, 20674, 771521686, 0, 0, 0, 0)
[18:58:21.156975]  -> wl_surface#95.attach(wl_buffer#96, 0, 0)
[18:58:21.156979]  -> wl_surface#95.damage_buffer(0, 0, 1280, 672)
[18:58:21.156981]  -> wl_surface#95.frame(new id wl_callback#107)
[18:58:21.156983] {Default Queue}  -> wp_presentation#20.feedback(wl_surface#95, new id wp_presentation_feedback#108)
[18:58:21.156985]  -> wl_surface#95.commit()
[18:58:21.157060] {Default Queue} wl_buffer#89.release()
[18:58:21.172154] {Display Queue} wl_display#1.delete_id(107)
[18:58:21.172162] {Display Queue} wl_display#1.delete_id(108)
[18:58:21.172164] {Default Queue} wl_callback#107.done(20674787)
[18:58:21.172178] {Default Queue} wp_presentation_feedback#108.sync_output(wl_output#28)
[18:58:21.172179] {Default Queue} wp_presentation_feedback#108.presented(0, 20674, 787917015, 0, 0, 0, 0)
[18:58:21.173176]  -> wl_surface#95.attach(wl_buffer#89, 0, 0)
[18:58:21.173182]  -> wl_surface#95.damage_buffer(0, 0, 1280, 672)
[18:58:21.173184]  -> wl_surface#95.frame(new id wl_callback#108)
[18:58:21.173187] {Default Queue}  -> wp_presentation#20.feedback(wl_surface#95, new id wp_presentation_feedback#107)
[18:58:21.173189]  -> wl_surface#95.commit()
[18:58:21.173280] {Default Queue} wl_buffer#96.release()
[18:58:21.184818] {Default Queue}  -> xdg_activation_v1#15.get_activation_token(new id xdg_activation_token_v1#103)
[18:58:21.184828]  -> xdg_activation_token_v1#103.set_serial(154, wl_seat#3)
[18:58:21.184831]  -> xdg_activation_token_v1#103.commit()
[18:58:21.184864] xdg_activation_token_v1#103.done("2e4993e29d5ad13363bd3c650341dcae")
[18:58:21.184866]  -> xdg_activation_token_v1#103.destroy()
[18:58:21.184868] {Default Queue}  -> xdg_activation_v1#15.activate("2e4993e29d5ad13363bd3c650341dcae", wl_surface#97)
[18:58:21.188589] {Display Queue} wl_display#1.delete_id(103)
[18:58:21.188596] {Display Queue} wl_display#1.delete_id(108)
[18:58:21.188597] {Display Queue} wl_display#1.delete_id(107)
[18:58:21.188597] {Default Queue} wl_callback#108.done(20674804)
[18:58:21.188607] {Default Queue} wp_presentation_feedback#107.sync_output(wl_output#28)
[18:58:21.188609] {Default Queue} wp_presentation_feedback#107.presented(0, 20674, 804340794, 0, 0, 0, 0)
[18:58:21.189589]  -> wl_surface#95.attach(wl_buffer#96, 0, 0)
[18:58:21.189594]  -> wl_surface#95.damage_buffer(0, 0, 1280, 672)
[18:58:21.189597]  -> wl_surface#95.frame(new id wl_callback#107)
[18:58:21.189599] {Default Queue}  -> wp_presentation#20.feedback(wl_surface#95, new id wp_presentation_feedback#108)
[18:58:21.189601]  -> wl_surface#95.commit()
[18:58:21.189679] {Default Queue} wl_buffer#89.release()
[18:58:21.205000] {Display Queue} wl_display#1.delete_id(107)
[18:58:21.205008] {Display Queue} wl_display#1.delete_id(108)
[18:58:21.205010] {Default Queue} wl_callback#107.done(20674820)
[18:58:21.205024] {Default Queue} wp_presentation_feedback#108.sync_output(wl_output#28)
[18:58:21.205025] {Default Queue} wp_presentation_feedback#108.presented(0, 20674, 820762112, 0, 0, 0, 0)
[18:58:21.205960]  -> wl_surface#95.attach(wl_buffer#89, 0, 0)
[18:58:21.205966]  -> wl_surface#95.damage_buffer(0, 0, 1280, 672)
[18:58:21.205969]  -> wl_surface#95.frame(new id wl_callback#108)
[18:58:21.205971] {Default Queue}  -> wp_presentation#20.feedback(wl_surface#95, new id wp_presentation_feedback#107)
[18:58:21.205974]  -> wl_surface#95.commit()
[18:58:21.206034] {Default Queue} wl_buffer#96.release()
[18:58:21.221427] {Display Queue} wl_display#1.delete_id(108)
[18:58:21.221437] {Display Queue} wl_display#1.delete_id(107)
[18:58:21.221438] {Default Queue} wl_callback#108.done(20674837)
[18:58:21.221453] {Default Queue} wp_presentation_feedback#107.sync_output(wl_output#28)
[18:58:21.221455] {Default Queue} wp_presentation_feedback#107.presented(0, 20674, 837182361, 0, 0, 0, 0)
[18:58:21.222407]  -> wl_surface#95.attach(wl_buffer#96, 0, 0)
[18:58:21.222412]  -> wl_surface#95.damage_buffer(0, 0, 1280, 672)
[18:58:21.222414]  -> wl_surface#95.frame(new id wl_callback#107)
[18:58:21.222416] {Default Queue}  -> wp_presentation#20.feedback(wl_surface#95, new id wp_presentation_feedback#108)
[18:58:21.222418]  -> wl_surface#95.commit()
[18:58:21.222479] {Default Queue} wl_buffer#89.release()
[18:58:21.237864] {Display Queue} wl_display#1.delete_id(107)
[18:58:21.237872] {Display Queue} wl_display#1.delete_id(108)
[18:58:21.237873] {Default Queue} wl_callback#107.done(20674853)
[18:58:21.237882] {Default Queue} wp_presentation_feedback#108.sync_output(wl_output#28)
[18:58:21.237884] {Default Queue} wp_presentation_feedback#108.presented(0, 20674, 853636080, 0, 0, 0, 0)
[18:58:21.239128]  -> wl_surface#95.attach(wl_buffer#89, 0, 0)
[18:58:21.239132]  -> wl_surface#95.damage_buffer(0, 0, 1280, 672)
[18:58:21.239134]  -> wl_surface#95.frame(new id wl_callback#108)
[18:58:21.239136] {Default Queue}  -> wp_presentation#20.feedback(wl_surface#95, new id wp_presentation_feedback#107)
[18:58:21.239139]  -> wl_surface#95.commit()
[18:58:21.239237] {Default Queue} wl_buffer#96.release()
[18:58:21.254214] {Display Queue} wl_display#1.delete_id(108)
[18:58:21.254221] {Display Queue} wl_display#1.delete_id(107)
[18:58:21.254222] {Default Queue} wl_callback#108.done(20674869)
[18:58:21.254235] {Default Queue} wp_presentation_feedback#107.sync_output(wl_output#28)
[18:58:21.254237] {Default Queue} wp_presentation_feedback#107.presented(0, 20674, 869968948, 0, 0, 0, 0)
[18:58:21.255258]  -> wl_surface#95.attach(wl_buffer#96, 0, 0)
[18:58:21.255263]  -> wl_surface#95.damage_buffer(0, 0, 1280, 672)
[18:58:21.255265]  -> wl_surface#95.frame(new id wl_callback#107)
[18:58:21.255267] {Default Queue}  -> wp_presentation#20.feedback(wl_surface#95, new id wp_presentation_feedback#108)
[18:58:21.255269]  -> wl_surface#95.commit()
[18:58:21.255353] {Default Queue} wl_buffer#89.release()
[18:58:21.270632] {Display Queue} wl_display#1.delete_id(107)
[18:58:21.270640] {Display Queue} wl_display#1.delete_id(108)
[18:58:21.270641] {Default Queue} wl_callback#107.done(20674886)
[18:58:21.270654] {Default Queue} wp_presentation_feedback#108.sync_output(wl_output#28)
[18:58:21.270655] {Default Queue} wp_presentation_feedback#108.presented(0, 20674, 886399207, 0, 0, 0, 0)
[18:58:21.271929]  -> wl_surface#95.attach(wl_buffer#89, 0, 0)
[18:58:21.271935]  -> wl_surface#95.damage_buffer(0, 0, 1280, 672)
[18:58:21.271937]  -> wl_surface#95.frame(new id wl_callback#108)
[18:58:21.271939] {Default Queue}  -> wp_presentation#20.feedback(wl_surface#95, new id wp_presentation_feedback#107)
[18:58:21.271941]  -> wl_surface#95.commit()
[18:58:21.271995] {Default Queue} wl_buffer#96.release()
[18:58:21.287065] {Display Queue} wl_display#1.delete_id(108)
[18:58:21.287075] {Display Queue} wl_display#1.delete_id(107)
[18:58:21.287077] {Default Queue} wl_callback#108.done(20674902)
[18:58:21.287092] {Default Queue} wp_presentation_feedback#107.sync_output(wl_output#28)
[18:58:21.287094] {Default Queue} wp_presentation_feedback#107.presented(0, 20674, 902821485, 0, 0, 0, 0)
[18:58:21.401985]  -> wl_surface#95.attach(wl_buffer#96, 0, 0)
[18:58:21.401993]  -> wl_surface#95.damage_buffer(0, 0, 1280, 672)
[18:58:21.401995]  -> wl_surface#95.frame(new id wl_callback#107)
[18:58:21.401998] {Default Queue}  -> wp_presentation#20.feedback(wl_surface#95, new id wp_presentation_feedback#108)
[18:58:21.402000]  -> wl_surface#95.commit()
[18:58:21.402465] {Display Queue} wl_display#1.delete_id(107)
[18:58:21.402477] {Display Queue} wl_display#1.delete_id(108)
[18:58:21.402478] {Default Queue} wl_buffer#89.release()
[18:58:21.402480] {Default Queue} wl_callback#107.done(20675018)
[18:58:21.402488] {Default Queue} wp_presentation_feedback#108.sync_output(wl_output#28)
[18:58:21.402489] {Default Queue} wp_presentation_feedback#108.presented(0, 20675, 18239901, 0, 0, 0, 0)
[18:58:21.480757] {Default Queue}  -> xdg_activation_v1#15.get_activation_token(new id xdg_activation_token_v1#108)
[18:58:21.480766]  -> xdg_activation_token_v1#108.set_serial(154, wl_seat#3)
[18:58:21.480769]  -> xdg_activation_token_v1#108.commit()
[18:58:21.480802] xdg_activation_token_v1#108.done("f2a9c9fd6cb46cdc5b614b22dec3b548")
[18:58:21.480805]  -> xdg_activation_token_v1#108.destroy()
[18:58:21.480806] {Default Queue}  -> xdg_activation_v1#15.activate("f2a9c9fd6cb46cdc5b614b22dec3b548", wl_surface#97)
[18:58:21.481563]  -> wl_surface#97.attach(wl_buffer#102, 0, 0)
[18:58:21.481567]  -> wl_surface#97.damage_buffer(0, 0, 320, 72)
[18:58:21.481568]  -> wl_surface#97.frame(new id wl_callback#107)
[18:58:21.481570] {Default Queue}  -> wp_presentation#20.feedback(wl_surface#97, new id wp_presentation_feedback#103)
[18:58:21.481572]  -> wl_surface#97.commit()
[18:58:21.481677] {Display Queue} wl_display#1.delete_id(108)
[18:58:21.481678] {Display Queue} wl_display#1.delete_id(107)
[18:58:21.481679] {Display Queue} wl_display#1.delete_id(103)
[18:58:21.481679] {Default Queue} wl_buffer#105.release()
[18:58:21.481680] {Default Queue} wl_callback#107.done(20675097)
[18:58:21.481684] {Default Queue} wp_presentation_feedback#103.sync_output(wl_output#28)
[18:58:21.481685] {Default Queue} wp_presentation_feedback#103.presented(0, 20675, 97459278, 0, 0, 0, 0)
[18:58:22.394879]  -> wl_surface#95.attach(wl_buffer#89, 0, 0)
[18:58:22.394888]  -> wl_surface#95.damage_buffer(0, 0, 1280, 672)
[18:58:22.394890]  -> wl_surface#95.frame(new id wl_callback#103)
[18:58:22.394893] {Default Queue}  -> wp_presentation#20.feedback(wl_surface#95, new id wp_presentation_feedback#107)
[18:58:22.394895]  -> wl_surface#95.commit()
[18:58:22.395314] {Display Queue} wl_display#1.delete_id(103)
[18:58:22.395319] {Display Queue} wl_display#1.delete_id(107)
[18:58:22.395321] {Default Queue} wl_buffer#96.release()
[18:58:22.395323] {Default Queue} wl_callback#103.done(20676011)
[18:58:22.395329] {Default Queue} wp_presentation_feedback#107.sync_output(wl_output#28)
[18:58:22.395330] {Default Queue} wp_presentation_feedback#107.presented(0, 20676, 11090282, 0, 0, 0, 0)
[18:58:22.396118]  -> wl_surface#95.attach(wl_buffer#96, 0, 0)
[18:58:22.396121]  -> wl_surface#95.damage_buffer(0, 0, 1280, 672)
[18:58:22.396123]  -> wl_surface#95.frame(new id wl_callback#107)
[18:58:22.396125] {Default Queue}  -> wp_presentation#20.feedback(wl_surface#95, new id wp_presentation_feedback#103)
[18:58:22.396126]  -> wl_surface#95.commit()
[18:58:22.396179] {Default Queue} wl_buffer#89.release()
[18:58:22.411739] {Display Queue} wl_display#1.delete_id(107)
[18:58:22.411748] {Display Queue} wl_display#1.delete_id(103)
[18:58:22.411749] {Default Queue} wl_callback#107.done(20676027)
[18:58:22.411764] {Default Queue} wp_presentation_feedback#103.sync_output(wl_output#28)
[18:58:22.411765] {Default Queue} wp_presentation_feedback#103.presented(0, 20676, 27497360, 0, 0, 0, 0)
[18:58:22.412734]  -> wl_surface#95.attach(wl_buffer#89, 0, 0)
[18:58:22.412738]  -> wl_surface#95.damage_buffer(0, 0, 1280, 672)
[18:58:22.412740]  -> wl_surface#95.frame(new id wl_callback#103)
[18:58:22.412742] {Default Queue}  -> wp_presentation#20.feedback(wl_surface#95, new id wp_presentation_feedback#107)
[18:58:22.412745]  -> wl_surface#95.commit()
[18:58:22.412799] {Default Queue} wl_buffer#96.release()
[18:58:22.428111] {Display Queue} wl_display#1.delete_id(103)
[18:58:22.428120] {Display Queue} wl_display#1.delete_id(107)
[18:58:22.428122] {Default Queue} wl_callback#103.done(20676043)
[18:58:22.428137] {Default Queue} wp_presentation_feedback#107.sync_output(wl_output#28)
[18:58:22.428139] {Default Queue} wp_presentation_feedback#107.presented(0, 20676, 43884189, 0, 0, 0, 0)
[18:58:22.429212]  -> wl_surface#95.attach(wl_buffer#96, 0, 0)
[18:58:22.429220]  -> wl_surface#95.damage_buffer(0, 0, 1280, 672)
[18:58:22.429223]  -> wl_surface#95.frame(new id wl_callback#107)
[18:58:22.429226] {Default Queue}  -> wp_presentation#20.feedback(wl_surface#95, new id wp_presentation_feedback#103)
[18:58:22.429229]  -> wl_surface#95.commit()
[18:58:22.429319] {Default Queue} wl_buffer#89.release()
[18:58:22.444561] {Display Queue} wl_display#1.delete_id(107)
[18:58:22.444570] {Display Queue} wl_display#1.delete_id(103)
[18:58:22.444571] {Default Queue} wl_callback#107.done(20676060)
[18:58:22.444586] {Default Queue} wp_presentation_feedback#103.sync_output(wl_output#28)
[18:58:22.444587] {Default Queue} wp_presentation_feedback#103.presented(0, 20676, 60321167, 0, 0, 0, 0)
[18:58:22.445735]  -> wl_surface#95.attach(wl_buffer#89, 0, 0)
[18:58:22.445740]  -> wl_surface#95.damage_buffer(0, 0, 1280, 672)
[18:58:22.445742]  -> wl_surface#95.frame(new id wl_callback#103)
[18:58:22.445744] {Default Queue}  -> wp_presentation#20.feedback(wl_surface#95, new id wp_presentation_feedback#107)
[18:58:22.445746]  -> wl_surface#95.commit()
[18:58:22.445810] {Default Queue} wl_buffer#96.release()
[18:58:22.460882] {Display Queue} wl_display#1.delete_id(103)
[18:58:22.460888] {Display Queue} wl_display#1.delete_id(107)
[18:58:22.460889] {Default Queue} wl_callback#103.done(20676076)
[18:58:22.460896] {Default Queue} wp_presentation_feedback#107.sync_output(wl_output#28)
[18:58:22.460898] {Default Queue} wp_presentation_feedback#107.presented(0, 20676, 76656445, 0, 0, 0, 0)
[18:58:22.461987]  -> wl_surface#95.attach(wl_buffer#96, 0, 0)
[18:58:22.461997]  -> wl_surface#95.damage_buffer(0, 0, 1280, 672)
[18:58:22.461999]  -> wl_surface#95.frame(new id wl_callback#107)
[18:58:22.462002] {Default Queue}  -> wp_presentation#20.feedback(wl_surface#95, new id wp_presentation_feedback#103)
[18:58:22.462005]  -> wl_surface#95.commit()
[18:58:22.462106] {Default Queue} wl_buffer#89.release()
[18:58:22.473741] {Default Queue}  -> xdg_activation_v1#15.get_activation_token(new id xdg_activation_token_v1#108)
[18:58:22.473749]  -> xdg_activation_token_v1#108.set_serial(154, wl_seat#3)
[18:58:22.473752]  -> xdg_activation_token_v1#108.commit()
[18:58:22.473787] xdg_activation_token_v1#108.done("d075cb29f7091d20159adafe8215a874")
[18:58:22.473789]  -> xdg_activation_token_v1#108.destroy()
[18:58:22.473790] {Default Queue}  -> xdg_activation_v1#15.activate("d075cb29f7091d20159adafe8215a874", wl_surface#97)
[18:58:22.474319]  -> wl_surface#97.attach(wl_buffer#105, 0, 0)
[18:58:22.474323]  -> wl_surface#97.damage_buffer(0, 0, 320, 72)
[18:58:22.474324]  -> wl_surface#97.frame(new id wl_callback#109)
[18:58:22.474326] {Default Queue}  -> wp_presentation#20.feedback(wl_surface#97, new id wp_presentation_feedback#104)
[18:58:22.474328]  -> wl_surface#97.commit()
[18:58:22.474387] {Display Queue} wl_display#1.delete_id(108)
[18:58:22.474388] {Default Queue} wl_buffer#102.release()
[18:58:22.477322] {Display Queue} wl_display#1.delete_id(107)
[18:58:22.477326] {Display Queue} wl_display#1.delete_id(109)
[18:58:22.477327] {Display Queue} wl_display#1.delete_id(103)
[18:58:22.477328] {Display Queue} wl_display#1.delete_id(104)
[18:58:22.477329] {Default Queue} wl_callback#107.done(20676093)
[18:58:22.477341] {Default Queue} wl_callback#109.done(20676093)
[18:58:22.477343] {Default Queue} wp_presentation_feedback#103.sync_output(wl_output#28)
[18:58:22.477344] {Default Queue} wp_presentation_feedback#103.presented(0, 20676, 93095024, 0, 0, 0, 0)
[18:58:22.477347] {Default Queue} wp_presentation_feedback#104.sync_output(wl_output#28)
[18:58:22.477348] {Default Queue} wp_presentation_feedback#104.presented(0, 20676, 93095024, 0, 0, 0, 0)
[18:58:22.478466]  -> wl_surface#95.attach(wl_buffer#89, 0, 0)
[18:58:22.478470]  -> wl_surface#95.damage_buffer(0, 0, 1280, 672)
[18:58:22.478472]  -> wl_surface#95.frame(new id wl_callback#104)
[18:58:22.478474] {Default Queue}  -> wp_presentation#20.feedback(wl_surface#95, new id wp_presentation_feedback#103)
[18:58:22.478475]  -> wl_surface#95.commit()
[18:58:22.478547] {Default Queue} wl_buffer#96.release()
[18:58:22.493769] {Display Queue} wl_display#1.delete_id(104)
[18:58:22.493776] {Display Queue} wl_display#1.delete_id(103)
[18:58:22.493777] {Default Queue} wl_callback#104.done(20676109)
[18:58:22.493785] {Default Queue} wp_presentation_feedback#103.sync_output(wl_output#28)
[18:58:22.493786] {Default Queue} wp_presentation_feedback#103.presented(0, 20676, 109542333, 0, 0, 0, 0)
[18:58:22.494656]  -> wl_surface#95.attach(wl_buffer#96, 0, 0)
[18:58:22.494660]  -> wl_surface#95.damage_buffer(0, 0, 1280, 672)
[18:58:22.494661]  -> wl_surface#95.frame(new id wl_callback#103)
[18:58:22.494664] {Default Queue}  -> wp_presentation#20.feedback(wl_surface#95, new id wp_presentation_feedback#104)
[18:58:22.494665]  -> wl_surface#95.commit()
[18:58:22.494714] {Default Queue} wl_buffer#89.release()
[18:58:22.510171] {Display Queue} wl_display#1.delete_id(103)
[18:58:22.510180] {Display Queue} wl_display#1.delete_id(104)
[18:58:22.510181] {Default Queue} wl_callback#103.done(20676125)
[18:58:22.510192] {Default Queue} wp_presentation_feedback#104.sync_output(wl_output#28)
[18:58:22.510194] {Default Queue} wp_presentation_feedback#104.presented(0, 20676, 125937942, 0, 0, 0, 0)
[18:58:22.511275]  -> wl_surface#95.attach(wl_buffer#89, 0, 0)
[18:58:22.511279]  -> wl_surface#95.damage_buffer(0, 0, 1280, 672)
[18:58:22.511281]  -> wl_surface#95.frame(new id wl_callback#104)
[18:58:22.511283] {Default Queue}  -> wp_presentation#20.feedback(wl_surface#95, new id wp_presentation_feedback#103)
[18:58:22.511285]  -> wl_surface#95.commit()
[18:58:22.511371] {Default Queue} wl_buffer#96.release()
[18:58:22.526658] {Display Queue} wl_display#1.delete_id(104)
[18:58:22.526666] {Display Queue} wl_display#1.delete_id(103)
[18:58:22.526667] {Default Queue} wl_callback#104.done(20676142)
[18:58:22.526681] {Default Queue} wp_presentation_feedback#103.sync_output(wl_output#28)
[18:58:22.526683] {Default Queue} wp_presentation_feedback#103.presented(0, 20676, 142415521, 0, 0, 0, 0)
[18:58:22.527637]  -> wl_surface#95.attach(wl_buffer#96, 0, 0)
[18:58:22.527642]  -> wl_surface#95.damage_buffer(0, 0, 1280, 672)
[18:58:22.527644]  -> wl_surface#95.frame(new id wl_callback#103)
[18:58:22.527646] {Default Queue}  -> wp_presentation#20.feedback(wl_surface#95, new id wp_presentation_feedback#104)
[18:58:22.527648]  -> wl_surface#95.commit()
[18:58:22.527713] {Default Queue} wl_buffer#89.release()
[18:58:22.543066] {Display Queue} wl_display#1.delete_id(103)
[18:58:22.543075] {Display Queue} wl_display#1.delete_id(104)
[18:58:22.543076] {Default Queue} wl_callback#103.done(20676158)
[18:58:22.543087] {Default Queue} wp_presentation_feedback#104.sync_output(wl_output#28)
[18:58:22.543088] {Default Queue} wp_presentation_feedback#104.presented(0, 20676, 158837120, 0, 0, 0, 0)
[18:58:22.544068]  -> wl_surface#95.attach(wl_buffer#89, 0, 0)
[18:58:22.544073]  -> wl_surface#95.damage_buffer(0, 0, 1280, 672)
[18:58:22.544075]  -> wl_surface#95.frame(new id wl_callback#104)
[18:58:22.544077] {Default Queue}  -> wp_presentation#20.feedback(wl_surface#95, new id wp_presentation_feedback#103)
[18:58:22.544079]  -> wl_surface#95.commit()
[18:58:22.544145] {Default Queue} wl_buffer#96.release()
[18:58:22.559482] {Display Queue} wl_display#1.delete_id(104)
[18:58:22.559491] {Display Queue} wl_display#1.delete_id(103)
[18:58:22.559493] {Default Queue} wl_callback#104.done(20676175)
[18:58:22.559507] {Default Queue} wp_presentation_feedback#103.sync_output(wl_output#28)
[18:58:22.559508] {Default Queue} wp_presentation_feedback#103.presented(0, 20676, 175244218, 0, 0, 0, 0)
[18:58:22.560423]  -> wl_surface#95.attach(wl_buffer#96, 0, 0)
[18:58:22.560427]  -> wl_surface#95.damage_buffer(0, 0, 1280, 672)
[18:58:22.560429]  -> wl_surface#95.frame(new id wl_callback#103)
[18:58:22.560431] {Default Queue}  -> wp_presentation#20.feedback(wl_surface#95, new id wp_presentation_feedback#104)
[18:58:22.560432]  -> wl_surface#95.commit()
[18:58:22.560485] {Default Queue} wl_buffer#89.release()
[18:58:22.575982] {Display Queue} wl_display#1.delete_id(103)
[18:58:22.575991] {Display Queue} wl_display#1.delete_id(104)
[18:58:22.575992] {Default Queue} wl_callback#103.done(20676191)
[18:58:22.576006] {Default Queue} wp_presentation_feedback#104.sync_output(wl_output#28)
[18:58:22.576008] {Default Queue} wp_presentation_feedback#104.presented(0, 20676, 191742148, 0, 0, 0, 0)
[18:58:22.593768]  -> wl_surface#95.attach(wl_buffer#89, 0, 0)
[18:58:22.593775]  -> wl_surface#95.damage_buffer(0, 0, 1280, 672)
[18:58:22.593777]  -> wl_surface#95.frame(new id wl_callback#104)
[18:58:22.593780] {Default Queue}  -> wp_presentation#20.feedback(wl_surface#95, new id wp_presentation_feedback#103)
[18:58:22.593782]  -> wl_surface#95.commit()
[18:58:22.594220] {Display Queue} wl_display#1.delete_id(104)
[18:58:22.594223] {Display Queue} wl_display#1.delete_id(103)
[18:58:22.594223] {Default Queue} wl_buffer#96.release()
[18:58:22.594224] {Default Queue} wl_callback#104.done(20676209)
[18:58:22.594232] {Default Queue} wp_presentation_feedback#103.sync_output(wl_output#28)
[18:58:22.594233] {Default Queue} wp_presentation_feedback#103.presented(0, 20676, 209995673, 0, 0, 0, 0)
[18:58:22.595097]  -> wl_surface#95.attach(wl_buffer#96, 0, 0)
[18:58:22.595103]  -> wl_surface#95.damage_buffer(0, 0, 1280, 672)
[18:58:22.595104]  -> wl_surface#95.frame(new id wl_callback#103)
[18:58:22.595106] {Default Queue}  -> wp_presentation#20.feedback(wl_surface#95, new id wp_presentation_feedback#104)
[18:58:22.595108]  -> wl_surface#95.commit()
[18:58:22.595174] {Default Queue} wl_buffer#89.release()
[18:58:22.610648] {Display Queue} wl_display#1.delete_id(103)
[18:58:22.610657] {Display Queue} wl_display#1.delete_id(104)
[18:58:22.610659] {Default Queue} wl_callback#103.done(20676226)
[18:58:22.610675] {Default Queue} wp_presentation_feedback#104.sync_output(wl_output#28)
[18:58:22.610677] {Default Queue} wp_presentation_feedback#104.presented(0, 20676, 226406962, 0, 0, 0, 0)
[18:58:22.611697]  -> wl_surface#95.attach(wl_buffer#89, 0, 0)
[18:58:22.611703]  -> wl_surface#95.damage_buffer(0, 0, 1280, 672)
[18:58:22.611705]  -> wl_surface#95.frame(new id wl_callback#104)
[18:58:22.611708] {Default Queue}  -> wp_presentation#20.feedback(wl_surface#95, new id wp_presentation_feedback#103)
[18:58:22.611710]  -> wl_surface#95.commit()
[18:58:22.611774] {Default Queue} wl_buffer#96.release()
[18:58:22.627101] {Display Queue} wl_display#1.delete_id(104)
[18:58:22.627109] {Display Queue} wl_display#1.delete_id(103)
[18:58:22.627110] {Default Queue} wl_callback#104.done(20676242)
[18:58:22.627122] {Default Queue} wp_presentation_feedback#103.sync_output(wl_output#28)
[18:58:22.627123] {Default Queue} wp_presentation_feedback#103.presented(0, 20676, 242873061, 0, 0, 0, 0)
[18:58:22.628425]  -> wl_surface#95.attach(wl_buffer#96, 0, 0)
[18:58:22.628432]  -> wl_surface#95.damage_buffer(0, 0, 1280, 672)
[18:58:22.628434]  -> wl_surface#95.frame(new id wl_callback#103)
[18:58:22.628436] {Default Queue}  -> wp_presentation#20.feedback(wl_surface#95, new id wp_presentation_feedback#104)
[18:58:22.628438]  -> wl_surface#95.commit()
[18:58:22.628533] {Default Queue} wl_buffer#89.release()
[18:58:22.643520] {Display Queue} wl_display#1.delete_id(103)
[18:58:22.643529] {Display Queue} wl_display#1.delete_id(104)
[18:58:22.643530] {Default Queue} wl_callback#103.done(20676259)
[18:58:22.643545] {Default Queue} wp_presentation_feedback#104.sync_output(wl_output#28)
[18:58:22.643547] {Default Queue} wp_presentation_feedback#104.presented(0, 20676, 259280479, 0, 0, 0, 0)
[18:58:22.644566]  -> wl_surface#95.attach(wl_buffer#89, 0, 0)
[18:58:22.644572]  -> wl_surface#95.damage_buffer(0, 0, 1280, 672)
[18:58:22.644575]  -> wl_surface#95.frame(new id wl_callback#104)
[18:58:22.644578] {Default Queue}  -> wp_presentation#20.feedback(wl_surface#95, new id wp_presentation_feedback#103)
[18:58:22.644581]  -> wl_surface#95.commit()
[18:58:22.644666] {Default Queue} wl_buffer#96.release()
[18:58:22.659945] {Display Queue} wl_display#1.delete_id(104)
[18:58:22.659979] {Display Queue} wl_display#1.delete_id(103)
[18:58:22.660079] {Default Queue} wl_callback#104.done(20676275)
[18:58:22.660097] {Default Queue} wp_presentation_feedback#103.sync_output(wl_output#28)
[18:58:22.660099] {Default Queue} wp_presentation_feedback#103.presented(0, 20676, 275711398, 0, 0, 0, 0)
[18:58:22.661163]  -> wl_surface#95.attach(wl_buffer#96, 0, 0)
[18:58:22.661167]  -> wl_surface#95.damage_buffer(0, 0, 1280, 672)
[18:58:22.661169]  -> wl_surface#95.frame(new id wl_callback#103)
[18:58:22.661172] {Default Queue}  -> wp_presentation#20.feedback(wl_surface#95, new id wp_presentation_feedback#104)
[18:58:22.661174]  -> wl_surface#95.commit()
[18:58:22.661268] {Default Queue} wl_buffer#89.release()
[18:58:22.664708] {Default Queue}  -> xdg_activation_v1#15.get_activation_token(new id xdg_activation_token_v1#109)
[18:58:22.664714]  -> xdg_activation_token_v1#109.set_serial(154, wl_seat#3)
[18:58:22.664719]  -> xdg_activation_token_v1#109.commit()
[18:58:22.664748] xdg_activation_token_v1#109.done("1406e96372f4b23ec3f6109acf1d2bea")
[18:58:22.664753]  -> xdg_activation_token_v1#109.destroy()
[18:58:22.664755] {Default Queue}  -> xdg_activation_v1#15.activate("1406e96372f4b23ec3f6109acf1d2bea", wl_surface#97)
[18:58:22.676353] {Display Queue} wl_display#1.delete_id(109)
[18:58:22.676361] {Display Queue} wl_display#1.delete_id(103)
[18:58:22.676363] {Display Queue} wl_display#1.delete_id(104)
[18:58:22.676364] {Default Queue} wl_callback#103.done(20676292)
[18:58:22.676372] {Default Queue} wp_presentation_feedback#104.sync_output(wl_output#28)
[18:58:22.676374] {Default Queue} wp_presentation_feedback#104.presented(0, 20676, 292122047, 0, 0, 0, 0)
[18:58:22.677532]  -> wl_surface#95.attach(wl_buffer#89, 0, 0)
[18:58:22.677542]  -> wl_surface#95.damage_buffer(0, 0, 1280, 672)
[18:58:22.677544]  -> wl_surface#95.frame(new id wl_callback#104)
[18:58:22.677547] {Default Queue}  -> wp_presentation#20.feedback(wl_surface#95, new id wp_presentation_feedback#103)
[18:58:22.677551]  -> wl_surface#95.commit()
[18:58:22.677656] {Default Queue} wl_buffer#96.release()
[18:58:22.692805] {Display Queue} wl_display#1.delete_id(104)
[18:58:22.692812] {Display Queue} wl_display#1.delete_id(103)
[18:58:22.692814] {Default Queue} wl_callback#104.done(20676308)
[18:58:22.692827] {Default Queue} wp_presentation_feedback#103.sync_output(wl_output#28)
[18:58:22.692829] {Default Queue} wp_presentation_feedback#103.presented(0, 20676, 308568486, 0, 0, 0, 0)
[18:58:22.693932]  -> wl_surface#95.attach(wl_buffer#96, 0, 0)
[18:58:22.693936]  -> wl_surface#95.damage_buffer(0, 0, 1280, 672)
[18:58:22.693938]  -> wl_surface#95.frame(new id wl_callback#103)
[18:58:22.693940] {Default Queue}  -> wp_presentation#20.feedback(wl_surface#95, new id wp_presentation_feedback#104)
[18:58:22.693942]  -> wl_surface#95.commit()
[18:58:22.694010] {Default Queue} wl_buffer#89.release()
[18:58:22.709239] {Display Queue} wl_display#1.delete_id(103)
[18:58:22.709249] {Display Queue} wl_display#1.delete_id(104)
[18:58:22.709250] {Default Queue} wl_callback#103.done(20676324)
[18:58:22.709266] {Default Queue} wp_presentation_feedback#104.sync_output(wl_output#28)
[18:58:22.709268] {Default Queue} wp_presentation_feedback#104.presented(0, 20676, 324985304, 0, 0, 0, 0)
[18:58:22.710242]  -> wl_surface#95.attach(wl_buffer#89, 0, 0)
[18:58:22.710246]  -> wl_surface#95.damage_buffer(0, 0, 1280, 672)
[18:58:22.710248]  -> wl_surface#95.frame(new id wl_callback#104)
[18:58:22.710250] {Default Queue}  -> wp_presentation#20.feedback(wl_surface#95, new id wp_presentation_feedback#103)
[18:58:22.710252]  -> wl_surface#95.commit()
[18:58:22.710319] {Default Queue} wl_buffer#96.release()
[18:58:22.725676] {Display Queue} wl_display#1.delete_id(104)
[18:58:22.725682] {Display Queue} wl_display#1.delete_id(103)
[18:58:22.725683] {Default Queue} wl_callback#104.done(20676341)
[18:58:22.725690] {Default Queue} wp_presentation_feedback#103.sync_output(wl_output#28)
[18:58:22.725691] {Default Queue} wp_presentation_feedback#103.presented(0, 20676, 341452173, 0, 0, 0, 0)
[18:58:22.726681]  -> wl_surface#95.attach(wl_buffer#96, 0, 0)
[18:58:22.726690]  -> wl_surface#95.damage_buffer(0, 0, 1280, 672)
[18:58:22.726692]  -> wl_surface#95.frame(new id wl_callback#103)
[18:58:22.726695] {Default Queue}  -> wp_presentation#20.feedback(wl_surface#95, new id wp_presentation_feedback#104)
[18:58:22.726700]  -> wl_surface#95.commit()
[18:58:22.726814] {Default Queue} wl_buffer#89.release()
[18:58:22.742151] {Display Queue} wl_display#1.delete_id(103)
[18:58:22.742159] {Display Queue} wl_display#1.delete_id(104)
[18:58:22.742160] {Default Queue} wl_callback#103.done(20676357)
[18:58:22.742171] {Default Queue} wp_presentation_feedback#104.sync_output(wl_output#28)
[18:58:22.742172] {Default Queue} wp_presentation_feedback#104.presented(0, 20676, 357926533, 0, 0, 0, 0)
[18:58:22.743276]  -> wl_surface#95.attach(wl_buffer#89, 0, 0)
[18:58:22.743283]  -> wl_surface#95.damage_buffer(0, 0, 1280, 672)
[18:58:22.743286]  -> wl_surface#95.frame(new id wl_callback#104)
[18:58:22.743296] {Default Queue}  -> wp_presentation#20.feedback(wl_surface#95, new id wp_presentation_feedback#103)
[18:58:22.743301]  -> wl_surface#95.commit()
[18:58:22.743367] {Default Queue} wl_buffer#96.release()
[18:58:22.758559] {Display Queue} wl_display#1.delete_id(104)
[18:58:22.758567] {Display Queue} wl_display#1.delete_id(103)
[18:58:22.758568] {Default Queue} wl_callback#104.done(20676374)
[18:58:22.758584] {Default Queue} wp_presentation_feedback#103.sync_output(wl_output#28)
[18:58:22.758589] {Default Queue} wp_presentation_feedback#103.presented(0, 20676, 374319171, 0, 0, 0, 0)
[18:58:22.759788]  -> wl_surface#95.attach(wl_buffer#96, 0, 0)
[18:58:22.759794]  -> wl_surface#95.damage_buffer(0, 0, 1280, 672)
[18:58:22.759796]  -> wl_surface#95.frame(new id wl_callback#103)
[18:58:22.759799] {Default Queue}  -> wp_presentation#20.feedback(wl_surface#95, new id wp_presentation_feedback#104)
[18:58:22.759801]  -> wl_surface#95.commit()
[18:58:22.759880] {Default Queue} wl_buffer#89.release()
[18:58:22.774982] {Display Queue} wl_display#1.delete_id(103)
[18:58:22.774990] {Display Queue} wl_display#1.delete_id(104)
[18:58:22.774992] {Default Queue} wl_callback#103.done(20676390)
[18:58:22.775003] {Default Queue} wp_presentation_feedback#104.sync_output(wl_output#28)
[18:58:22.775005] {Default Queue} wp_presentation_feedback#104.presented(0, 20676, 390752080, 0, 0, 0, 0)
[18:58:22.815791]  -> wl_surface#95.attach(wl_buffer#89, 0, 0)
[18:58:22.815798]  -> wl_surface#95.damage_buffer(0, 0, 1280, 672)
[18:58:22.815800]  -> wl_surface#95.frame(new id wl_callback#104)
[18:58:22.815803] {Default Queue}  -> wp_presentation#20.feedback(wl_surface#95, new id wp_presentation_feedback#103)
[18:58:22.815807]  -> wl_surface#95.commit()
[18:58:22.816247] {Display Queue} wl_display#1.delete_id(104)
[18:58:22.816250] {Display Queue} wl_display#1.delete_id(103)
[18:58:22.816250] {Default Queue} wl_buffer#96.release()
[18:58:22.816252] {Default Queue} wl_callback#104.done(20676432)
[18:58:22.816259] {Default Queue} wp_presentation_feedback#103.sync_output(wl_output#28)
[18:58:22.816260] {Default Queue} wp_presentation_feedback#103.presented(0, 20676, 432027994, 0, 0, 0, 0)
[18:58:22.828346]  -> wl_surface#48.attach(wl_buffer#75, 0, 0)
[18:58:22.828352]  -> wl_surface#48.damage_buffer(0, 0, 1280, 48)
[18:58:22.828354]  -> wl_surface#48.frame(new id wl_callback#103)
[18:58:22.828356] {Default Queue}  -> wp_presentation#20.feedback(wl_surface#48, new id wp_presentation_feedback#104)
[18:58:22.828358]  -> wl_surface#48.commit()
[18:58:22.828489]  -> wl_surface#59.attach(wl_buffer#92, 0, 0)
[18:58:22.828492]  -> wl_surface#59.damage_buffer(0, 0, 1280, 48)
[18:58:22.828493]  -> wl_surface#59.frame(new id wl_callback#109)
[18:58:22.828494] {Default Queue}  -> wp_presentation#20.feedback(wl_surface#59, new id wp_presentation_feedback#107)
[18:58:22.828495]  -> wl_surface#59.commit()
[18:58:22.829574]  -> wl_surface#95.attach(wl_buffer#96, 0, 0)
[18:58:22.829578]  -> wl_surface#95.damage_buffer(0, 0, 1280, 672)
[18:58:22.829579]  -> wl_surface#95.frame(new id wl_callback#108)
[18:58:22.829581] {Default Queue}  -> wp_presentation#20.feedback(wl_surface#95, new id wp_presentation_feedback#98)
[18:58:22.829582]  -> wl_surface#95.commit()
[18:58:22.829692] {Display Queue} wl_display#1.delete_id(109)
[18:58:22.829697] {Display Queue} wl_display#1.delete_id(107)
[18:58:22.829698] {Default Queue} wl_buffer#77.release()
[18:58:22.829699] {Default Queue} wl_buffer#85.release()
[18:58:22.829699] {Default Queue} wl_buffer#89.release()
[18:58:22.829700] {Default Queue} wl_callback#109.done(20676445)
[18:58:22.829704] {Default Queue} wp_presentation_feedback#107.sync_output(wl_output#31)
[18:58:22.829706] {Default Queue} wp_presentation_feedback#107.presented(0, 20676, 445472415, 0, 0, 0, 0)
[18:58:22.832610] {Display Queue} wl_display#1.delete_id(103)
[18:58:22.832614] {Display Queue} wl_display#1.delete_id(108)
[18:58:22.832615] {Display Queue} wl_display#1.delete_id(104)
[18:58:22.832616] {Display Queue} wl_display#1.delete_id(98)
[18:58:22.832616] {Default Queue} wl_callback#103.done(20676448)
[18:58:22.832621] {Default Queue} wl_callback#108.done(20676448)
[18:58:22.832622] {Default Queue} wp_presentation_feedback#104.sync_output(wl_output#28)
[18:58:22.832623] {Default Queue} wp_presentation_feedback#104.presented(0, 20676, 448388192, 0, 0, 0, 0)
[18:58:22.832625] {Default Queue} wp_presentation_feedback#98.sync_output(wl_output#28)
[18:58:22.832626] {Default Queue} wp_presentation_feedback#98.presented(0, 20676, 448388192, 0, 0, 0, 0)
[18:58:22.857570]  -> wl_surface#48.attach(wl_buffer#77, 0, 0)
[18:58:22.857575]  -> wl_surface#48.damage_buffer(0, 0, 1280, 48)
[18:58:22.857576]  -> wl_surface#48.frame(new id wl_callback#98)
[18:58:22.857578] {Default Queue}  -> wp_presentation#20.feedback(wl_surface#48, new id wp_presentation_feedback#104)
[18:58:22.857579]  -> wl_surface#48.commit()
[18:58:22.857726]  -> wl_surface#59.attach(wl_buffer#85, 0, 0)
[18:58:22.857728]  -> wl_surface#59.damage_buffer(0, 0, 1280, 48)
[18:58:22.857729]  -> wl_surface#59.frame(new id wl_callback#108)
[18:58:22.857730] {Default Queue}  -> wp_presentation#20.feedback(wl_surface#59, new id wp_presentation_feedback#103)
[18:58:22.857731]  -> wl_surface#59.commit()
[18:58:22.858638]  -> wl_surface#95.attach(wl_buffer#89, 0, 0)
[18:58:22.858644]  -> wl_surface#95.damage_buffer(0, 0, 1280, 672)
[18:58:22.858646]  -> wl_surface#95.frame(new id wl_callback#107)
[18:58:22.858647] {Default Queue}  -> wp_presentation#20.feedback(wl_surface#95, new id wp_presentation_feedback#109)
[18:58:22.858649]  -> wl_surface#95.commit()
[18:58:22.859191] {Display Queue} wl_display#1.delete_id(98)
[18:58:22.859194] {Display Queue} wl_display#1.delete_id(107)
[18:58:22.859195] {Display Queue} wl_display#1.delete_id(108)
[18:58:22.859196] {Display Queue} wl_display#1.delete_id(104)
[18:58:22.859196] {Display Queue} wl_display#1.delete_id(109)
[18:58:22.859197] {Display Queue} wl_display#1.delete_id(103)
[18:58:22.859197] {Default Queue} wl_buffer#75.release()
[18:58:22.859198] {Default Queue} wl_buffer#92.release()
[18:58:22.859199] {Default Queue} wl_buffer#96.release()
[18:58:22.859199] {Default Queue} wl_callback#98.done(20676474)
[18:58:22.859203] {Default Queue} wl_callback#107.done(20676474)
[18:58:22.859205] {Default Queue} wl_callback#108.done(20676474)
[18:58:22.859209] {Default Queue} wp_presentation_feedback#104.sync_output(wl_output#28)
[18:58:22.859210] {Default Queue} wp_presentation_feedback#104.presented(0, 20676, 474973142, 0, 0, 0, 0)
[18:58:22.859212] {Default Queue} wp_presentation_feedback#109.sync_output(wl_output#28)
[18:58:22.859213] {Default Queue} wp_presentation_feedback#109.presented(0, 20676, 474973142, 0, 0, 0, 0)
[18:58:22.859214] {Default Queue} wp_presentation_feedback#103.sync_output(wl_output#31)
[18:58:22.859215] {Default Queue} wp_presentation_feedback#103.presented(0, 20676, 474975702, 0, 0, 0, 0)
[18:58:22.887047]  -> wl_surface#95.attach(wl_buffer#96, 0, 0)
[18:58:22.887052]  -> wl_surface#95.damage_buffer(0, 0, 1280, 672)
[18:58:22.887054]  -> wl_surface#95.frame(new id wl_callback#103)
[18:58:22.887055] {Default Queue}  -> wp_presentation#20.feedback(wl_surface#95, new id wp_presentation_feedback#109)
[18:58:22.887057]  -> wl_surface#95.commit()
[18:58:22.887533] {Display Queue} wl_display#1.delete_id(103)
[18:58:22.887540] {Display Queue} wl_display#1.delete_id(109)
[18:58:22.887541] {Default Queue} wl_buffer#89.release()
[18:58:22.887543] {Default Queue} wl_callback#103.done(20676503)
[18:58:22.887554] {Default Queue} wp_presentation_feedback#109.sync_output(wl_output#28)
[18:58:22.887556] {Default Queue} wp_presentation_feedback#109.presented(0, 20676, 503299989, 0, 0, 0, 0)
[18:58:22.888765]  -> wl_surface#95.attach(wl_buffer#89, 0, 0)
[18:58:22.888771]  -> wl_surface#95.damage_buffer(0, 0, 1280, 672)
[18:58:22.888773]  -> wl_surface#95.frame(new id wl_callback#109)
[18:58:22.888776] {Default Queue}  -> wp_presentation#20.feedback(wl_surface#95, new id wp_presentation_feedback#103)
[18:58:22.888778]  -> wl_surface#95.commit()
[18:58:22.888845] {Default Queue} wl_buffer#96.release()
[18:58:22.894649] {Default Queue}  -> xdg_activation_v1#15.get_activation_token(new id xdg_activation_token_v1#104)
[18:58:22.894659]  -> xdg_activation_token_v1#104.set_serial(154, wl_seat#3)
[18:58:22.894663]  -> xdg_activation_token_v1#104.commit()
[18:58:22.894697] xdg_activation_token_v1#104.done("3292f319575db74ba1443c9cef27cc89")
[18:58:22.894700]  -> xdg_activation_token_v1#104.destroy()
[18:58:22.894702] {Default Queue}  -> xdg_activation_v1#15.activate("3292f319575db74ba1443c9cef27cc89", wl_surface#97)
[18:58:22.895400]  -> wl_surface#97.attach(wl_buffer#102, 0, 0)
[18:58:22.895405]  -> wl_surface#97.damage_buffer(0, 0, 320, 72)
[18:58:22.895407]  -> wl_surface#97.frame(new id wl_callback#108)
[18:58:22.895408] {Default Queue}  -> wp_presentation#20.feedback(wl_surface#97, new id wp_presentation_feedback#107)
[18:58:22.895410]  -> wl_surface#97.commit()
[18:58:22.895456] {Display Queue} wl_display#1.delete_id(104)
[18:58:22.895459] {Default Queue} wl_buffer#105.release()
[18:58:22.903777] {Display Queue} wl_display#1.delete_id(109)
[18:58:22.903782] {Display Queue} wl_display#1.delete_id(108)
[18:58:22.903783] {Display Queue} wl_display#1.delete_id(103)
[18:58:22.903783] {Display Queue} wl_display#1.delete_id(107)
[18:58:22.903784] {Default Queue} wl_callback#109.done(20676519)
[18:58:22.903790] {Default Queue} wl_callback#108.done(20676519)
[18:58:22.903791] {Default Queue} wp_presentation_feedback#103.sync_output(wl_output#28)
[18:58:22.903792] {Default Queue} wp_presentation_feedback#103.presented(0, 20676, 519555276, 0, 0, 0, 0)
[18:58:22.903794] {Default Queue} wp_presentation_feedback#107.sync_output(wl_output#28)
[18:58:22.903795] {Default Queue} wp_presentation_feedback#107.presented(0, 20676, 519555276, 0, 0, 0, 0)
[18:58:22.904568]  -> wl_surface#95.attach(wl_buffer#96, 0, 0)
[18:58:22.904571]  -> wl_surface#95.damage_buffer(0, 0, 1280, 672)
[18:58:22.904573]  -> wl_surface#95.frame(new id wl_callback#107)
[18:58:22.904574] {Default Queue}  -> wp_presentation#20.feedback(wl_surface#95, new id wp_presentation_feedback#103)
[18:58:22.904575]  -> wl_surface#95.commit()
[18:58:22.904615] {Default Queue} wl_buffer#89.release()
[18:58:22.920041] {Display Queue} wl_display#1.delete_id(107)
[18:58:22.920046] {Display Queue} wl_display#1.delete_id(103)
[18:58:22.920047] {Default Queue} wl_callback#107.done(20676535)
[18:58:22.920053] {Default Queue} wp_presentation_feedback#103.sync_output(wl_output#28)
[18:58:22.920054] {Default Queue} wp_presentation_feedback#103.presented(0, 20676, 535816883, 0, 0, 0, 0)
[18:58:22.920921]  -> wl_surface#95.attach(wl_buffer#89, 0, 0)
[18:58:22.920959]  -> wl_surface#95.damage_buffer(0, 0, 1280, 672)
[18:58:22.920961]  -> wl_surface#95.frame(new id wl_callback#103)
[18:58:22.920963] {Default Queue}  -> wp_presentation#20.feedback(wl_surface#95, new id wp_presentation_feedback#107)
[18:58:22.920964]  -> wl_surface#95.commit()
[18:58:22.921002] {Default Queue} wl_buffer#96.release()
[18:58:22.936276] {Display Queue} wl_display#1.delete_id(103)
[18:58:22.936281] {Display Queue} wl_display#1.delete_id(107)
[18:58:22.936282] {Default Queue} wl_callback#103.done(20676552)
[18:58:22.936288] {Default Queue} wp_presentation_feedback#107.sync_output(wl_output#28)
[18:58:22.936290] {Default Queue} wp_presentation_feedback#107.presented(0, 20676, 552056251, 0, 0, 0, 0)
[18:58:22.936934]  -> wl_surface#95.attach(wl_buffer#96, 0, 0)
[18:58:22.936937]  -> wl_surface#95.damage_buffer(0, 0, 1280, 672)
[18:58:22.936939]  -> wl_surface#95.frame(new id wl_callback#107)
[18:58:22.936940] {Default Queue}  -> wp_presentation#20.feedback(wl_surface#95, new id wp_presentation_feedback#103)
[18:58:22.936942]  -> wl_surface#95.commit()
[18:58:22.936978] {Default Queue} wl_buffer#89.release()
[18:58:22.953013] {Display Queue} wl_display#1.delete_id(107)
[18:58:22.953021] {Display Queue} wl_display#1.delete_id(103)
[18:58:22.953022] {Default Queue} wl_callback#107.done(20676568)
[18:58:22.953037] {Default Queue} wp_presentation_feedback#103.sync_output(wl_output#28)
[18:58:22.953039] {Default Queue} wp_presentation_feedback#103.presented(0, 20676, 568776292, 0, 0, 0, 0)
[18:58:22.954645]  -> wl_surface#95.attach(wl_buffer#89, 0, 0)
[18:58:22.954651]  -> wl_surface#95.damage_buffer(0, 0, 1280, 672)
[18:58:22.954653]  -> wl_surface#95.frame(new id wl_callback#103)
[18:58:22.954656] {Default Queue}  -> wp_presentation#20.feedback(wl_surface#95, new id wp_presentation_feedback#107)
[18:58:22.954658]  -> wl_surface#95.commit()
[18:58:22.954831] {Default Queue} wl_buffer#96.release()
[18:58:22.969390] {Display Queue} wl_display#1.delete_id(103)
[18:58:22.969397] {Display Queue} wl_display#1.delete_id(107)
[18:58:22.969399] {Default Queue} wl_callback#103.done(20676585)
[18:58:22.969407] {Default Queue} wp_presentation_feedback#107.sync_output(wl_output#28)
[18:58:22.969409] {Default Queue} wp_presentation_feedback#107.presented(0, 20676, 585165920, 0, 0, 0, 0)
[18:58:22.970610]  -> wl_surface#95.attach(wl_buffer#96, 0, 0)
[18:58:22.970614]  -> wl_surface#95.damage_buffer(0, 0, 1280, 672)
[18:58:22.970616]  -> wl_surface#95.frame(new id wl_callback#107)
[18:58:22.970618] {Default Queue}  -> wp_presentation#20.feedback(wl_surface#95, new id wp_presentation_feedback#103)
[18:58:22.970620]  -> wl_surface#95.commit()
[18:58:22.970683] {Default Queue} wl_buffer#89.release()
[18:58:22.985837] {Display Queue} wl_display#1.delete_id(107)
[18:58:22.985848] {Display Queue} wl_display#1.delete_id(103)
[18:58:22.985849] {Default Queue} wl_callback#107.done(20676601)
[18:58:22.985869] {Default Queue} wp_presentation_feedback#103.sync_output(wl_output#28)
[18:58:22.985871] {Default Queue} wp_presentation_feedback#103.presented(0, 20676, 601589699, 0, 0, 0, 0)
[18:58:22.986891]  -> wl_surface#95.attach(wl_buffer#89, 0, 0)
[18:58:22.986898]  -> wl_surface#95.damage_buffer(0, 0, 1280, 672)
[18:58:22.986901]  -> wl_surface#95.frame(new id wl_callback#103)
[18:58:22.986904] {Default Queue}  -> wp_presentation#20.feedback(wl_surface#95, new id wp_presentation_feedback#107)
[18:58:22.986907]  -> wl_surface#95.commit()
[18:58:22.986984] {Default Queue} wl_buffer#96.release()
[18:58:23.002228] {Display Queue} wl_display#1.delete_id(103)
[18:58:23.002236] {Display Queue} wl_display#1.delete_id(107)
[18:58:23.002237] {Default Queue} wl_callback#103.done(20676617)
[18:58:23.002254] {Default Queue} wp_presentation_feedback#107.sync_output(wl_output#28)
[18:58:23.002256] {Default Queue} wp_presentation_feedback#107.presented(0, 20676, 617981898, 0, 0, 0, 0)
[18:58:23.003250]  -> wl_surface#95.attach(wl_buffer#96, 0, 0)
[18:58:23.003256]  -> wl_surface#95.damage_buffer(0, 0, 1280, 672)
[18:58:23.003258]  -> wl_surface#95.frame(new id wl_callback#107)
[18:58:23.003261] {Default Queue}  -> wp_presentation#20.feedback(wl_surface#95, new id wp_presentation_feedback#103)
[18:58:23.003263]  -> wl_surface#95.commit()
[18:58:23.003331] {Default Queue} wl_buffer#89.release()
[18:58:23.018659] {Display Queue} wl_display#1.delete_id(107)
[18:58:23.018668] {Display Queue} wl_display#1.delete_id(103)
[18:58:23.018669] {Default Queue} wl_callback#107.done(20676634)
[18:58:23.018682] {Default Queue} wp_presentation_feedback#103.sync_output(wl_output#28)
[18:58:23.018683] {Default Queue} wp_presentation_feedback#103.presented(0, 20676, 634422646, 0, 0, 0, 0)
[18:58:23.019646]  -> wl_surface#95.attach(wl_buffer#89, 0, 0)
[18:58:23.019651]  -> wl_surface#95.damage_buffer(0, 0, 1280, 672)
[18:58:23.019653]  -> wl_surface#95.frame(new id wl_callback#103)
[18:58:23.019656] {Default Queue}  -> wp_presentation#20.feedback(wl_surface#95, new id wp_presentation_feedback#107)
[18:58:23.019658]  -> wl_surface#95.commit()
[18:58:23.019736] {Default Queue} wl_buffer#96.release()
[18:58:23.035175] {Display Queue} wl_display#1.delete_id(103)
[18:58:23.035184] {Display Queue} wl_display#1.delete_id(107)
[18:58:23.035185] {Default Queue} wl_callback#103.done(20676650)
[18:58:23.035200] {Default Queue} wp_presentation_feedback#107.sync_output(wl_output#28)
[18:58:23.035201] {Default Queue} wp_presentation_feedback#107.presented(0, 20676, 650935046, 0, 0, 0, 0)
[18:58:23.036150]  -> wl_surface#95.attach(wl_buffer#96, 0, 0)
[18:58:23.036155]  -> wl_surface#95.damage_buffer(0, 0, 1280, 672)
[18:58:23.036156]  -> wl_surface#95.frame(new id wl_callback#107)
[18:58:23.036158] {Default Queue}  -> wp_presentation#20.feedback(wl_surface#95, new id wp_presentation_feedback#103)
[18:58:23.036160]  -> wl_surface#95.commit()
[18:58:23.036256] {Default Queue} wl_buffer#89.release()
[18:58:23.051565] {Display Queue} wl_display#1.delete_id(107)
[18:58:23.051572] {Display Queue} wl_display#1.delete_id(103)
[18:58:23.051573] {Default Queue} wl_callback#107.done(20676667)
[18:58:23.051587] {Default Queue} wp_presentation_feedback#103.sync_output(wl_output#28)
[18:58:23.051588] {Default Queue} wp_presentation_feedback#103.presented(0, 20676, 667326584, 0, 0, 0, 0)
[18:58:23.052581]  -> wl_surface#95.attach(wl_buffer#89, 0, 0)
[18:58:23.052587]  -> wl_surface#95.damage_buffer(0, 0, 1280, 672)
[18:58:23.052589]  -> wl_surface#95.frame(new id wl_callback#103)
[18:58:23.052592] {Default Queue}  -> wp_presentation#20.feedback(wl_surface#95, new id wp_presentation_feedback#107)
[18:58:23.052595]  -> wl_surface#95.commit()
[18:58:23.052667] {Default Queue} wl_buffer#96.release()
[18:58:23.067996] {Display Queue} wl_display#1.delete_id(103)
[18:58:23.068005] {Display Queue} wl_display#1.delete_id(107)
[18:58:23.068007] {Default Queue} wl_callback#103.done(20676683)
[18:58:23.068021] {Default Queue} wp_presentation_feedback#107.sync_output(wl_output#28)
[18:58:23.068022] {Default Queue} wp_presentation_feedback#107.presented(0, 20676, 683754713, 0, 0, 0, 0)
[18:58:23.069024]  -> wl_surface#95.attach(wl_buffer#96, 0, 0)
[18:58:23.069028]  -> wl_surface#95.damage_buffer(0, 0, 1280, 672)
[18:58:23.069030]  -> wl_surface#95.frame(new id wl_callback#107)
[18:58:23.069032] {Default Queue}  -> wp_presentation#20.feedback(wl_surface#95, new id wp_presentation_feedback#103)
[18:58:23.069034]  -> wl_surface#95.commit()
[18:58:23.069112] {Default Queue} wl_buffer#89.release()
[18:58:23.072695]  -> wl_surface#48.attach(wl_buffer#75, 0, 0)
[18:58:23.072699]  -> wl_surface#48.damage_buffer(0, 0, 1280, 48)
[18:58:23.072701]  -> wl_surface#48.frame(new id wl_callback#108)
[18:58:23.072703] {Default Queue}  -> wp_presentation#20.feedback(wl_surface#48, new id wp_presentation_feedback#109)
[18:58:23.072705]  -> wl_surface#48.commit()
[18:58:23.072843]  -> wl_surface#59.attach(wl_buffer#92, 0, 0)
[18:58:23.072845]  -> wl_surface#59.damage_buffer(0, 0, 1280, 48)
[18:58:23.072846]  -> wl_surface#59.frame(new id wl_callback#104)
[18:58:23.072847] {Default Queue}  -> wp_presentation#20.feedback(wl_surface#59, new id wp_presentation_feedback#98)
[18:58:23.072848]  -> wl_surface#59.commit()
[18:58:23.072955] {Display Queue} wl_display#1.delete_id(104)
[18:58:23.072957] {Display Queue} wl_display#1.delete_id(98)
[18:58:23.072958] {Default Queue} wl_buffer#77.release()
[18:58:23.072959] {Default Queue} wl_buffer#85.release()
[18:58:23.072959] {Default Queue} wl_callback#104.done(20676688)
[18:58:23.072963] {Default Queue} wp_presentation_feedback#98.sync_output(wl_output#31)
[18:58:23.072964] {Default Queue} wp_presentation_feedback#98.presented(0, 20676, 688739148, 0, 0, 0, 0)
[18:58:23.084337] {Display Queue} wl_display#1.delete_id(108)
[18:58:23.084343] {Display Queue} wl_display#1.delete_id(107)
[18:58:23.084344] {Display Queue} wl_display#1.delete_id(109)
[18:58:23.084345] {Display Queue} wl_display#1.delete_id(103)
[18:58:23.084346] {Default Queue} wl_callback#108.done(20676700)
[18:58:23.084353] {Default Queue} wl_callback#107.done(20676700)
[18:58:23.084355] {Default Queue} wp_presentation_feedback#109.sync_output(wl_output#28)
[18:58:23.084356] {Default Queue} wp_presentation_feedback#109.presented(0, 20676, 700109961, 0, 0, 0, 0)
[18:58:23.084359] {Default Queue} wp_presentation_feedback#103.sync_output(wl_output#28)
[18:58:23.084360] {Default Queue} wp_presentation_feedback#103.presented(0, 20676, 700109961, 0, 0, 0, 0)
[18:58:23.086164]  -> wl_surface#95.attach(wl_buffer#89, 0, 0)
[18:58:23.086172]  -> wl_surface#95.damage_buffer(0, 0, 1280, 672)
[18:58:23.086174]  -> wl_surface#95.frame(new id wl_callback#103)
[18:58:23.086178] {Default Queue}  -> wp_presentation#20.feedback(wl_surface#95, new id wp_presentation_feedback#109)
[18:58:23.086181]  -> wl_surface#95.commit()
[18:58:23.086286] {Default Queue} wl_buffer#96.release()
[18:58:23.100784] {Display Queue} wl_display#1.delete_id(103)
[18:58:23.100793] {Display Queue} wl_display#1.delete_id(109)
[18:58:23.100794] {Default Queue} wl_callback#103.done(20676716)
[18:58:23.100810] {Default Queue} wp_presentation_feedback#109.sync_output(wl_output#28)
[18:58:23.100811] {Default Queue} wp_presentation_feedback#109.presented(0, 20676, 716542050, 0, 0, 0, 0)
[18:58:23.102001]  -> wl_surface#95.attach(wl_buffer#96, 0, 0)
[18:58:23.102006]  -> wl_surface#95.damage_buffer(0, 0, 1280, 672)
[18:58:23.102008]  -> wl_surface#95.frame(new id wl_callback#109)
[18:58:23.102011] {Default Queue}  -> wp_presentation#20.feedback(wl_surface#95, new id wp_presentation_feedback#103)
[18:58:23.102013]  -> wl_surface#95.commit()
[18:58:23.102083] {Default Queue} wl_buffer#89.release()
[18:58:23.117158] {Display Queue} wl_display#1.delete_id(109)
[18:58:23.117165] {Display Queue} wl_display#1.delete_id(103)
[18:58:23.117167] {Default Queue} wl_callback#109.done(20676732)
[18:58:23.117181] {Default Queue} wp_presentation_feedback#103.sync_output(wl_output#28)
[18:58:23.117182] {Default Queue} wp_presentation_feedback#103.presented(0, 20676, 732920988, 0, 0, 0, 0)
[18:58:23.118259]  -> wl_surface#95.attach(wl_buffer#89, 0, 0)
[18:58:23.118263]  -> wl_surface#95.damage_buffer(0, 0, 1280, 672)
[18:58:23.118265]  -> wl_surface#95.frame(new id wl_callback#103)
[18:58:23.118267] {Default Queue}  -> wp_presentation#20.feedback(wl_surface#95, new id wp_presentation_feedback#109)
[18:58:23.118270]  -> wl_surface#95.commit()
[18:58:23.118340] {Default Queue} wl_buffer#96.release()
[18:58:23.129070]  -> wl_surface#48.attach(wl_buffer#77, 0, 0)
[18:58:23.129077]  -> wl_surface#48.damage_buffer(0, 0, 1280, 48)
[18:58:23.129079]  -> wl_surface#48.frame(new id wl_callback#107)
[18:58:23.129082] {Default Queue}  -> wp_presentation#20.feedback(wl_surface#48, new id wp_presentation_feedback#108)
[18:58:23.129084]  -> wl_surface#48.commit()
[18:58:23.129311]  -> wl_surface#59.attach(wl_buffer#85, 0, 0)
[18:58:23.129314]  -> wl_surface#59.damage_buffer(0, 0, 1280, 48)
[18:58:23.129315]  -> wl_surface#59.frame(new id wl_callback#98)
[18:58:23.129316] {Default Queue}  -> wp_presentation#20.feedback(wl_surface#59, new id wp_presentation_feedback#104)
[18:58:23.129317]  -> wl_surface#59.commit()
[18:58:23.129476] {Display Queue} wl_display#1.delete_id(98)
[18:58:23.129478] {Display Queue} wl_display#1.delete_id(104)
[18:58:23.129479] {Default Queue} wl_buffer#75.release()
[18:58:23.129480] {Default Queue} wl_buffer#92.release()
[18:58:23.129481] {Default Queue} wl_callback#98.done(20676745)
[18:58:23.129484] {Default Queue} wp_presentation_feedback#104.sync_output(wl_output#31)
[18:58:23.129485] {Default Queue} wp_presentation_feedback#104.presented(0, 20676, 745247160, 0, 0, 0, 0)
[18:58:23.133596] {Display Queue} wl_display#1.delete_id(107)
[18:58:23.133602] {Display Queue} wl_display#1.delete_id(103)
[18:58:23.133603] {Display Queue} wl_display#1.delete_id(108)
[18:58:23.133604] {Display Queue} wl_display#1.delete_id(109)
[18:58:23.133605] {Default Queue} wl_callback#107.done(20676749)
[18:58:23.133613] {Default Queue} wl_callback#103.done(20676749)
[18:58:23.133616] {Default Queue} wp_presentation_feedback#108.sync_output(wl_output#28)
[18:58:23.133618] {Default Queue} wp_presentation_feedback#108.presented(0, 20676, 749368347, 0, 0, 0, 0)
[18:58:23.133621] {Default Queue} wp_presentation_feedback#109.sync_output(wl_output#28)
[18:58:23.133622] {Default Queue} wp_presentation_feedback#109.presented(0, 20676, 749368347, 0, 0, 0, 0)
[18:58:23.134835]  -> wl_surface#95.attach(wl_buffer#96, 0, 0)
[18:58:23.134839]  -> wl_surface#95.damage_buffer(0, 0, 1280, 672)
[18:58:23.134841]  -> wl_surface#95.frame(new id wl_callback#109)
[18:58:23.134843] {Default Queue}  -> wp_presentation#20.feedback(wl_surface#95, new id wp_presentation_feedback#108)
[18:58:23.134845]  -> wl_surface#95.commit()
[18:58:23.134903] {Default Queue} wl_buffer#89.release()
[18:58:23.150027] {Display Queue} wl_display#1.delete_id(109)
[18:58:23.150036] {Display Queue} wl_display#1.delete_id(108)
[18:58:23.150037] {Default Queue} wl_callback#109.done(20676765)
[18:58:23.150052] {Default Queue} wp_presentation_feedback#108.sync_output(wl_output#28)
[18:58:23.150054] {Default Queue} wp_presentation_feedback#108.presented(0, 20676, 765788676, 0, 0, 0, 0)
[18:58:23.151081]  -> wl_surface#95.attach(wl_buffer#89, 0, 0)
[18:58:23.151087]  -> wl_surface#95.damage_buffer(0, 0, 1280, 672)
[18:58:23.151089]  -> wl_surface#95.frame(new id wl_callback#108)
[18:58:23.151091] {Default Queue}  -> wp_presentation#20.feedback(wl_surface#95, new id wp_presentation_feedback#109)
[18:58:23.151093]  -> wl_surface#95.commit()
[18:58:23.151174] {Default Queue} wl_buffer#96.release()
[18:58:23.166413] {Display Queue} wl_display#1.delete_id(108)
[18:58:23.166421] {Display Queue} wl_display#1.delete_id(109)
[18:58:23.166422] {Default Queue} wl_callback#108.done(20676782)
[18:58:23.166437] {Default Queue} wp_presentation_feedback#109.sync_output(wl_output#28)
[18:58:23.166438] {Default Queue} wp_presentation_feedback#109.presented(0, 20676, 782173505, 0, 0, 0, 0)
[18:58:23.167455]  -> wl_surface#95.attach(wl_buffer#96, 0, 0)
[18:58:23.167460]  -> wl_surface#95.damage_buffer(0, 0, 1280, 672)
[18:58:23.167462]  -> wl_surface#95.frame(new id wl_callback#109)
[18:58:23.167465] {Default Queue}  -> wp_presentation#20.feedback(wl_surface#95, new id wp_presentation_feedback#108)
[18:58:23.167467]  -> wl_surface#95.commit()
[18:58:23.167544] {Default Queue} wl_buffer#89.release()
[18:58:23.182806] {Display Queue} wl_display#1.delete_id(109)
[18:58:23.182815] {Display Queue} wl_display#1.delete_id(108)
[18:58:23.182817] {Default Queue} wl_callback#109.done(20676798)
[18:58:23.182834] {Default Queue} wp_presentation_feedback#108.sync_output(wl_output#28)
[18:58:23.182835] {Default Queue} wp_presentation_feedback#108.presented(0, 20676, 798560573, 0, 0, 0, 0)
[18:58:23.183911]  -> wl_surface#95.attach(wl_buffer#89, 0, 0)
[18:58:23.183915]  -> wl_surface#95.damage_buffer(0, 0, 1280, 672)
[18:58:23.183917]  -> wl_surface#95.frame(new id wl_callback#108)
[18:58:23.183919] {Default Queue}  -> wp_presentation#20.feedback(wl_surface#95, new id wp_presentation_feedback#109)
[18:58:23.183921]  -> wl_surface#95.commit()
[18:58:23.183991] {Default Queue} wl_buffer#96.release()
[18:58:23.199221] {Display Queue} wl_display#1.delete_id(108)
[18:58:23.199229] {Display Queue} wl_display#1.delete_id(109)
[18:58:23.199230] {Default Queue} wl_callback#108.done(20676814)
[18:58:23.199239] {Default Queue} wp_presentation_feedback#109.sync_output(wl_output#28)
[18:58:23.199240] {Default Queue} wp_presentation_feedback#109.presented(0, 20676, 814985862, 0, 0, 0, 0)
[18:58:23.200324]  -> wl_surface#95.attach(wl_buffer#96, 0, 0)
[18:58:23.200333]  -> wl_surface#95.damage_buffer(0, 0, 1280, 672)
[18:58:23.200335]  -> wl_surface#95.frame(new id wl_callback#109)
[18:58:23.200338] {Default Queue}  -> wp_presentation#20.feedback(wl_surface#95, new id wp_presentation_feedback#108)
[18:58:23.200342]  -> wl_surface#95.commit()
[18:58:23.200443] {Default Queue} wl_buffer#89.release()
[18:58:23.215468] {Display Queue} wl_display#1.delete_id(109)
[18:58:23.215474] {Display Queue} wl_display#1.delete_id(108)
[18:58:23.215475] {Default Queue} wl_callback#109.done(20676831)
[18:58:23.215482] {Default Queue} wp_presentation_feedback#108.sync_output(wl_output#28)
[18:58:23.215483] {Default Queue} wp_presentation_feedback#108.presented(0, 20676, 831241629, 0, 0, 0, 0)
[18:58:23.216268]  -> wl_surface#95.attach(wl_buffer#89, 0, 0)
[18:58:23.216272]  -> wl_surface#95.damage_buffer(0, 0, 1280, 672)
[18:58:23.216273]  -> wl_surface#95.frame(new id wl_callback#108)
[18:58:23.216275] {Default Queue}  -> wp_presentation#20.feedback(wl_surface#95, new id wp_presentation_feedback#109)
[18:58:23.216276]  -> wl_surface#95.commit()
[18:58:23.216326] {Default Queue} wl_buffer#96.release()
[18:58:23.231704] {Display Queue} wl_display#1.delete_id(108)
[18:58:23.231708] {Display Queue} wl_display#1.delete_id(109)
[18:58:23.231709] {Default Queue} wl_callback#108.done(20676847)
[18:58:23.231714] {Default Queue} wp_presentation_feedback#109.sync_output(wl_output#28)
[18:58:23.231716] {Default Queue} wp_presentation_feedback#109.presented(0, 20676, 847483296, 0, 0, 0, 0)
[18:58:23.232586]  -> wl_surface#95.attach(wl_buffer#96, 0, 0)
[18:58:23.232595]  -> wl_surface#95.damage_buffer(0, 0, 1280, 672)
[18:58:23.232597]  -> wl_surface#95.frame(new id wl_callback#109)
[18:58:23.232601] {Default Queue}  -> wp_presentation#20.feedback(wl_surface#95, new id wp_presentation_feedback#108)
[18:58:23.232605]  -> wl_surface#95.commit()
[18:58:23.232709] {Default Queue} wl_buffer#89.release()
[18:58:23.248119] {Display Queue} wl_display#1.delete_id(109)
[18:58:23.248128] {Display Queue} wl_display#1.delete_id(108)
[18:58:23.248129] {Default Queue} wl_callback#109.done(20676863)
[18:58:23.248143] {Default Queue} wp_presentation_feedback#108.sync_output(wl_output#28)
[18:58:23.248144] {Default Queue} wp_presentation_feedback#108.presented(0, 20676, 863880254, 0, 0, 0, 0)
[18:58:23.249259]  -> wl_surface#95.attach(wl_buffer#89, 0, 0)
[18:58:23.249263]  -> wl_surface#95.damage_buffer(0, 0, 1280, 672)
[18:58:23.249264]  -> wl_surface#95.frame(new id wl_callback#108)
[18:58:23.249267] {Default Queue}  -> wp_presentation#20.feedback(wl_surface#95, new id wp_presentation_feedback#109)
[18:58:23.249269]  -> wl_surface#95.commit()
[18:58:23.249329] {Default Queue} wl_buffer#96.release()
[18:58:23.264496] {Display Queue} wl_display#1.delete_id(108)
[18:58:23.264504] {Display Queue} wl_display#1.delete_id(109)
[18:58:23.264505] {Default Queue} wl_callback#108.done(20676880)
[18:58:23.264524] {Default Queue} wp_presentation_feedback#109.sync_output(wl_output#28)
[18:58:23.264525] {Default Queue} wp_presentation_feedback#109.presented(0, 20676, 880258403, 0, 0, 0, 0)
[18:58:23.265542]  -> wl_surface#95.attach(wl_buffer#96, 0, 0)
[18:58:23.265546]  -> wl_surface#95.damage_buffer(0, 0, 1280, 672)
[18:58:23.265548]  -> wl_surface#95.frame(new id wl_callback#109)
[18:58:23.265551] {Default Queue}  -> wp_presentation#20.feedback(wl_surface#95, new id wp_presentation_feedback#108)
[18:58:23.265553]  -> wl_surface#95.commit()
[18:58:23.265614] {Default Queue} wl_buffer#89.release()
[18:58:23.280875] {Display Queue} wl_display#1.delete_id(109)
[18:58:23.280883] {Display Queue} wl_display#1.delete_id(108)
[18:58:23.280884] {Default Queue} wl_callback#109.done(20676896)
[18:58:23.280899] {Default Queue} wp_presentation_feedback#108.sync_output(wl_output#28)
[18:58:23.280900] {Default Queue} wp_presentation_feedback#108.presented(0, 20676, 896637411, 0, 0, 0, 0)
[18:58:23.281876]  -> wl_surface#95.attach(wl_buffer#89, 0, 0)
[18:58:23.281880]  -> wl_surface#95.damage_buffer(0, 0, 1280, 672)
[18:58:23.281882]  -> wl_surface#95.frame(new id wl_callback#108)
[18:58:23.281884] {Default Queue}  -> wp_presentation#20.feedback(wl_surface#95, new id wp_presentation_feedback#109)
[18:58:23.281886]  -> wl_surface#95.commit()
[18:58:23.281969] {Default Queue} wl_buffer#96.release()
[18:58:23.297311] {Display Queue} wl_display#1.delete_id(108)
[18:58:23.297319] {Display Queue} wl_display#1.delete_id(109)
[18:58:23.297321] {Default Queue} wl_callback#108.done(20676913)
[18:58:23.297328] {Default Queue} wp_presentation_feedback#109.sync_output(wl_output#28)
[18:58:23.297330] {Default Queue} wp_presentation_feedback#109.presented(0, 20676, 913079640, 0, 0, 0, 0)
[18:58:23.298321]  -> wl_surface#95.attach(wl_buffer#96, 0, 0)
[18:58:23.298330]  -> wl_surface#95.damage_buffer(0, 0, 1280, 672)
[18:58:23.298332]  -> wl_surface#95.frame(new id wl_callback#109)
[18:58:23.298335] {Default Queue}  -> wp_presentation#20.feedback(wl_surface#95, new id wp_presentation_feedback#108)
[18:58:23.298338]  -> wl_surface#95.commit()
[18:58:23.298427] {Default Queue} wl_buffer#89.release()
[18:58:23.313687] {Display Queue} wl_display#1.delete_id(109)
[18:58:23.313694] {Display Queue} wl_display#1.delete_id(108)
[18:58:23.313696] {Default Queue} wl_callback#109.done(20676929)
[18:58:23.313719] {Default Queue} wp_presentation_feedback#108.sync_output(wl_output#28)
[18:58:23.313724] {Default Queue} wp_presentation_feedback#108.presented(0, 20676, 929447538, 0, 0, 0, 0)
[18:58:23.557743]  -> wl_surface#48.attach(wl_buffer#75, 0, 0)
[18:58:23.557751]  -> wl_surface#48.damage_buffer(0, 0, 1280, 48)
[18:58:23.557753]  -> wl_surface#48.frame(new id wl_callback#108)
[18:58:23.557756] {Default Queue}  -> wp_presentation#20.feedback(wl_surface#48, new id wp_presentation_feedback#109)
[18:58:23.557759]  -> wl_surface#48.commit()
[18:58:23.557921]  -> wl_surface#59.attach(wl_buffer#92, 0, 0)
[18:58:23.557923]  -> wl_surface#59.damage_buffer(0, 0, 1280, 48)
[18:58:23.557924]  -> wl_surface#59.frame(new id wl_callback#103)
[18:58:23.557925] {Default Queue}  -> wp_presentation#20.feedback(wl_surface#59, new id wp_presentation_feedback#107)
[18:58:23.557926]  -> wl_surface#59.commit()
[18:58:23.559370]  -> wl_surface#95.attach(wl_buffer#89, 0, 0)
[18:58:23.559374]  -> wl_surface#95.damage_buffer(0, 0, 1280, 672)
[18:58:23.559375]  -> wl_surface#95.frame(new id wl_callback#104)
[18:58:23.559377] {Default Queue}  -> wp_presentation#20.feedback(wl_surface#95, new id wp_presentation_feedback#98)
[18:58:23.559379]  -> wl_surface#95.commit()
[18:58:23.559869] {Display Queue} wl_display#1.delete_id(108)
[18:58:23.559872] {Display Queue} wl_display#1.delete_id(104)
[18:58:23.559872] {Display Queue} wl_display#1.delete_id(103)
[18:58:23.559873] {Display Queue} wl_display#1.delete_id(109)
[18:58:23.559873] {Display Queue} wl_display#1.delete_id(98)
[18:58:23.559874] {Display Queue} wl_display#1.delete_id(107)
[18:58:23.559875] {Default Queue} wl_buffer#77.release()
[18:58:23.559876] {Default Queue} wl_buffer#85.release()
[18:58:23.559876] {Default Queue} wl_buffer#96.release()
[18:58:23.559877] {Default Queue} wl_callback#108.done(20677175)
[18:58:23.559881] {Default Queue} wl_callback#104.done(20677175)
[18:58:23.559883] {Default Queue} wl_callback#103.done(20677175)
[18:58:23.559885] {Default Queue} wp_presentation_feedback#109.sync_output(wl_output#28)
[18:58:23.559886] {Default Queue} wp_presentation_feedback#109.presented(0, 20677, 175647518, 0, 0, 0, 0)
[18:58:23.559888] {Default Queue} wp_presentation_feedback#98.sync_output(wl_output#28)
[18:58:23.559889] {Default Queue} wp_presentation_feedback#98.presented(0, 20677, 175647518, 0, 0, 0, 0)
[18:58:23.559890] {Default Queue} wp_presentation_feedback#107.sync_output(wl_output#31)
[18:58:23.559891] {Default Queue} wp_presentation_feedback#107.presented(0, 20677, 175650768, 0, 0, 0, 0)
[18:58:23.561163]  -> wl_surface#95.attach(wl_buffer#96, 0, 0)
[18:58:23.561169]  -> wl_surface#95.damage_buffer(0, 0, 1280, 672)
[18:58:23.561170]  -> wl_surface#95.frame(new id wl_callback#107)
[18:58:23.561172] {Default Queue}  -> wp_presentation#20.feedback(wl_surface#95, new id wp_presentation_feedback#98)
[18:58:23.561174]  -> wl_surface#95.commit()
[18:58:23.561267] {Default Queue} wl_buffer#89.release()
[18:58:23.576384] {Display Queue} wl_display#1.delete_id(107)
[18:58:23.576393] {Display Queue} wl_display#1.delete_id(98)
[18:58:23.576394] {Default Queue} wl_callback#107.done(20677192)
[18:58:23.576410] {Default Queue} wp_presentation_feedback#98.sync_output(wl_output#28)
[18:58:23.576411] {Default Queue} wp_presentation_feedback#98.presented(0, 20677, 192139487, 0, 0, 0, 0)
[18:58:23.577478]  -> wl_surface#95.attach(wl_buffer#89, 0, 0)
[18:58:23.577483]  -> wl_surface#95.damage_buffer(0, 0, 1280, 672)
[18:58:23.577484]  -> wl_surface#95.frame(new id wl_callback#98)
[18:58:23.577487] {Default Queue}  -> wp_presentation#20.feedback(wl_surface#95, new id wp_presentation_feedback#107)
[18:58:23.577489]  -> wl_surface#95.commit()
[18:58:23.577556] {Default Queue} wl_buffer#96.release()
[18:58:23.592790] {Display Queue} wl_display#1.delete_id(98)
[18:58:23.592798] {Display Queue} wl_display#1.delete_id(107)
[18:58:23.592800] {Default Queue} wl_callback#98.done(20677208)
[18:58:23.592815] {Default Queue} wp_presentation_feedback#107.sync_output(wl_output#28)
[18:58:23.592816] {Default Queue} wp_presentation_feedback#107.presented(0, 20677, 208547706, 0, 0, 0, 0)
[18:58:23.593808]  -> wl_surface#95.attach(wl_buffer#96, 0, 0)
[18:58:23.593813]  -> wl_surface#95.damage_buffer(0, 0, 1280, 672)
[18:58:23.593815]  -> wl_surface#95.frame(new id wl_callback#107)
[18:58:23.593818] {Default Queue}  -> wp_presentation#20.feedback(wl_surface#95, new id wp_presentation_feedback#98)
[18:58:23.593820]  -> wl_surface#95.commit()
[18:58:23.593912] {Default Queue} wl_buffer#89.release()
[18:58:23.609252] {Display Queue} wl_display#1.delete_id(107)
[18:58:23.609262] {Display Queue} wl_display#1.delete_id(98)
[18:58:23.609264] {Default Queue} wl_callback#107.done(20677224)
[18:58:23.609279] {Default Queue} wp_presentation_feedback#98.sync_output(wl_output#28)
[18:58:23.609281] {Default Queue} wp_presentation_feedback#98.presented(0, 20677, 225007245, 0, 0, 0, 0)
[18:58:23.610322]  -> wl_surface#95.attach(wl_buffer#89, 0, 0)
[18:58:23.610329]  -> wl_surface#95.damage_buffer(0, 0, 1280, 672)
[18:58:23.610331]  -> wl_surface#95.frame(new id wl_callback#98)
[18:58:23.610334] {Default Queue}  -> wp_presentation#20.feedback(wl_surface#95, new id wp_presentation_feedback#107)
[18:58:23.610336]  -> wl_surface#95.commit()
[18:58:23.610403] {Default Queue} wl_buffer#96.release()
[18:58:23.617961]  -> wl_surface#48.attach(wl_buffer#77, 0, 0)
[18:58:23.617968]  -> wl_surface#48.damage_buffer(0, 0, 1280, 48)
[18:58:23.617970]  -> wl_surface#48.frame(new id wl_callback#109)
[18:58:23.617972] {Default Queue}  -> wp_presentation#20.feedback(wl_surface#48, new id wp_presentation_feedback#103)
[18:58:23.617975]  -> wl_surface#48.commit()
[18:58:23.618179]  -> wl_surface#59.attach(wl_buffer#85, 0, 0)
[18:58:23.618181]  -> wl_surface#59.damage_buffer(0, 0, 1280, 48)
[18:58:23.618182]  -> wl_surface#59.frame(new id wl_callback#104)
[18:58:23.618184] {Default Queue}  -> wp_presentation#20.feedback(wl_surface#59, new id wp_presentation_feedback#108)
[18:58:23.618185]  -> wl_surface#59.commit()
[18:58:23.618342] {Display Queue} wl_display#1.delete_id(104)
[18:58:23.618345] {Display Queue} wl_display#1.delete_id(108)
[18:58:23.618347] {Default Queue} wl_buffer#75.release()
[18:58:23.618348] {Default Queue} wl_buffer#92.release()
[18:58:23.618349] {Default Queue} wl_callback#104.done(20677234)
[18:58:23.618352] {Default Queue} wp_presentation_feedback#108.sync_output(wl_output#31)
[18:58:23.618353] {Default Queue} wp_presentation_feedback#108.presented(0, 20677, 234102267, 0, 0, 0, 0)
[18:58:23.625744] {Display Queue} wl_display#1.delete_id(109)
[18:58:23.625753] {Display Queue} wl_display#1.delete_id(98)
[18:58:23.625754] {Display Queue} wl_display#1.delete_id(103)
[18:58:23.625754] {Display Queue} wl_display#1.delete_id(107)
[18:58:23.625755] {Default Queue} wl_callback#109.done(20677241)
[18:58:23.625769] {Default Queue} wl_callback#98.done(20677241)
[18:58:23.625772] {Default Queue} wp_presentation_feedback#103.sync_output(wl_output#28)
[18:58:23.625773] {Default Queue} wp_presentation_feedback#103.presented(0, 20677, 241504654, 0, 0, 0, 0)
[18:58:23.625776] {Default Queue} wp_presentation_feedback#107.sync_output(wl_output#28)
[18:58:23.625777] {Default Queue} wp_presentation_feedback#107.presented(0, 20677, 241504654, 0, 0, 0, 0)
[18:58:23.627046]  -> wl_surface#95.attach(wl_buffer#96, 0, 0)
[18:58:23.627051]  -> wl_surface#95.damage_buffer(0, 0, 1280, 672)
[18:58:23.627053]  -> wl_surface#95.frame(new id wl_callback#107)
[18:58:23.627055] {Default Queue}  -> wp_presentation#20.feedback(wl_surface#95, new id wp_presentation_feedback#103)
[18:58:23.627057]  -> wl_surface#95.commit()
[18:58:23.627126] {Default Queue} wl_buffer#89.release()
[18:58:23.642355] {Display Queue} wl_display#1.delete_id(107)
[18:58:23.642365] {Display Queue} wl_display#1.delete_id(103)
[18:58:23.642367] {Default Queue} wl_callback#107.done(20677258)
[18:58:23.642381] {Default Queue} wp_presentation_feedback#103.sync_output(wl_output#28)
[18:58:23.642383] {Default Queue} wp_presentation_feedback#103.presented(0, 20677, 258124865, 0, 0, 0, 0)
[18:58:23.644151]  -> wl_surface#95.attach(wl_buffer#89, 0, 0)
[18:58:23.644158]  -> wl_surface#95.damage_buffer(0, 0, 1280, 672)
[18:58:23.644161]  -> wl_surface#95.frame(new id wl_callback#103)
[18:58:23.644163] {Default Queue}  -> wp_presentation#20.feedback(wl_surface#95, new id wp_presentation_feedback#107)
[18:58:23.644165]  -> wl_surface#95.commit()
[18:58:23.644257] {Default Queue} wl_buffer#96.release()
[18:58:23.658794] {Display Queue} wl_display#1.delete_id(103)
[18:58:23.658803] {Display Queue} wl_display#1.delete_id(107)
[18:58:23.658805] {Default Queue} wl_callback#103.done(20677274)
[18:58:23.658820] {Default Queue} wp_presentation_feedback#107.sync_output(wl_output#28)
[18:58:23.658822] {Default Queue} wp_presentation_feedback#107.presented(0, 20677, 274552444, 0, 0, 0, 0)
[18:58:23.659994]  -> wl_surface#95.attach(wl_buffer#96, 0, 0)
[18:58:23.659999]  -> wl_surface#95.damage_buffer(0, 0, 1280, 672)
[18:58:23.660000]  -> wl_surface#95.frame(new id wl_callback#107)
[18:58:23.660003] {Default Queue}  -> wp_presentation#20.feedback(wl_surface#95, new id wp_presentation_feedback#103)
[18:58:23.660005]  -> wl_surface#95.commit()
[18:58:23.660082] {Default Queue} wl_buffer#89.release()
[18:58:23.675129] {Display Queue} wl_display#1.delete_id(107)
[18:58:23.675136] {Display Queue} wl_display#1.delete_id(103)
[18:58:23.675138] {Default Queue} wl_callback#107.done(20677290)
[18:58:23.675145] {Default Queue} wp_presentation_feedback#103.sync_output(wl_output#28)
[18:58:23.675147] {Default Queue} wp_presentation_feedback#103.presented(0, 20677, 290904272, 0, 0, 0, 0)
[18:58:23.676113]  -> wl_surface#95.attach(wl_buffer#89, 0, 0)
[18:58:23.676117]  -> wl_surface#95.damage_buffer(0, 0, 1280, 672)
[18:58:23.676119]  -> wl_surface#95.frame(new id wl_callback#103)
[18:58:23.676121] {Default Queue}  -> wp_presentation#20.feedback(wl_surface#95, new id wp_presentation_feedback#107)
[18:58:23.676123]  -> wl_surface#95.commit()
[18:58:23.676182] {Default Queue} wl_buffer#96.release()
[18:58:23.691529] {Display Queue} wl_display#1.delete_id(103)
[18:58:23.691537] {Display Queue} wl_display#1.delete_id(107)
[18:58:23.691539] {Default Queue} wl_callback#103.done(20677307)
[18:58:23.691552] {Default Queue} wp_presentation_feedback#107.sync_output(wl_output#28)
[18:58:23.691553] {Default Queue} wp_presentation_feedback#107.presented(0, 20677, 307288070, 0, 0, 0, 0)
[18:58:23.692682]  -> wl_surface#95.attach(wl_buffer#96, 0, 0)
[18:58:23.692686]  -> wl_surface#95.damage_buffer(0, 0, 1280, 672)
[18:58:23.692688]  -> wl_surface#95.frame(new id wl_callback#107)
[18:58:23.692690] {Default Queue}  -> wp_presentation#20.feedback(wl_surface#95, new id wp_presentation_feedback#103)
[18:58:23.692692]  -> wl_surface#95.commit()
[18:58:23.692781] {Default Queue} wl_buffer#89.release()
[18:58:23.707908] {Display Queue} wl_display#1.delete_id(107)
[18:58:23.707915] {Display Queue} wl_display#1.delete_id(103)
[18:58:23.707917] {Default Queue} wl_callback#107.done(20677323)
[18:58:23.707929] {Default Queue} wp_presentation_feedback#103.sync_output(wl_output#28)
[18:58:23.707930] {Default Queue} wp_presentation_feedback#103.presented(0, 20677, 323678608, 0, 0, 0, 0)
[18:58:23.709117]  -> wl_surface#95.attach(wl_buffer#89, 0, 0)
[18:58:23.709123]  -> wl_surface#95.damage_buffer(0, 0, 1280, 672)
[18:58:23.709126]  -> wl_surface#95.frame(new id wl_callback#103)
[18:58:23.709128] {Default Queue}  -> wp_presentation#20.feedback(wl_surface#95, new id wp_presentation_feedback#107)
[18:58:23.709130]  -> wl_surface#95.commit()
[18:58:23.709202] {Default Queue} wl_buffer#96.release()
[18:58:23.724345] {Display Queue} wl_display#1.delete_id(103)
[18:58:23.724355] {Display Queue} wl_display#1.delete_id(107)
[18:58:23.724357] {Default Queue} wl_callback#103.done(20677340)
[18:58:23.724373] {Default Queue} wp_presentation_feedback#107.sync_output(wl_output#28)
[18:58:23.724375] {Default Queue} wp_presentation_feedback#107.presented(0, 20677, 340101627, 0, 0, 0, 0)
[18:58:23.725384]  -> wl_surface#95.attach(wl_buffer#96, 0, 0)
[18:58:23.725390]  -> wl_surface#95.damage_buffer(0, 0, 1280, 672)
[18:58:23.725392]  -> wl_surface#95.frame(new id wl_callback#107)
[18:58:23.725394] {Default Queue}  -> wp_presentation#20.feedback(wl_surface#95, new id wp_presentation_feedback#103)
[18:58:23.725396]  -> wl_surface#95.commit()
[18:58:23.725480] {Default Queue} wl_buffer#89.release()
[18:58:23.740666] {Display Queue} wl_display#1.delete_id(107)
[18:58:23.740672] {Display Queue} wl_display#1.delete_id(103)
[18:58:23.740673] {Default Queue} wl_callback#107.done(20677356)
[18:58:23.740681] {Default Queue} wp_presentation_feedback#103.sync_output(wl_output#28)
[18:58:23.740683] {Default Queue} wp_presentation_feedback#103.presented(0, 20677, 356442355, 0, 0, 0, 0)
[18:58:23.741724]  -> wl_surface#95.attach(wl_buffer#89, 0, 0)
[18:58:23.741735]  -> wl_surface#95.damage_buffer(0, 0, 1280, 672)
[18:58:23.741738]  -> wl_surface#95.frame(new id wl_callback#103)
[18:58:23.741742] {Default Queue}  -> wp_presentation#20.feedback(wl_surface#95, new id wp_presentation_feedback#107)
[18:58:23.741747]  -> wl_surface#95.commit()
[18:58:23.741873] {Default Queue} wl_buffer#96.release()
[18:58:23.757321] {Display Queue} wl_display#1.delete_id(103)
[18:58:23.757332] {Display Queue} wl_display#1.delete_id(107)
[18:58:23.757334] {Default Queue} wl_callback#103.done(20677372)
[18:58:23.757350] {Default Queue} wp_presentation_feedback#107.sync_output(wl_output#28)
[18:58:23.757352] {Default Queue} wp_presentation_feedback#107.presented(0, 20677, 372957915, 0, 0, 0, 0)
[18:58:23.758745]  -> wl_surface#95.attach(wl_buffer#96, 0, 0)
[18:58:23.758751]  -> wl_surface#95.damage_buffer(0, 0, 1280, 672)
[18:58:23.758753]  -> wl_surface#95.frame(new id wl_callback#107)
[18:58:23.758755] {Default Queue}  -> wp_presentation#20.feedback(wl_surface#95, new id wp_presentation_feedback#103)
[18:58:23.758758]  -> wl_surface#95.commit()
[18:58:23.758890] {Default Queue} wl_buffer#89.release()
[18:58:23.773470] {Display Queue} wl_display#1.delete_id(107)
[18:58:23.773476] {Display Queue} wl_display#1.delete_id(103)
[18:58:23.773477] {Default Queue} wl_callback#107.done(20677389)
[18:58:23.773484] {Default Queue} wp_presentation_feedback#103.sync_output(wl_output#28)
[18:58:23.773485] {Default Queue} wp_presentation_feedback#103.presented(0, 20677, 389248382, 0, 0, 0, 0)
[18:58:23.774529]  -> wl_surface#95.attach(wl_buffer#89, 0, 0)
[18:58:23.774537]  -> wl_surface#95.damage_buffer(0, 0, 1280, 672)
[18:58:23.774539]  -> wl_surface#95.frame(new id wl_callback#103)
[18:58:23.774542] {Default Queue}  -> wp_presentation#20.feedback(wl_surface#95, new id wp_presentation_feedback#107)
[18:58:23.774545]  -> wl_surface#95.commit()
[18:58:23.774639] {Default Queue} wl_buffer#96.release()
[18:58:23.789782] {Display Queue} wl_display#1.delete_id(103)
[18:58:23.789792] {Display Queue} wl_display#1.delete_id(107)
[18:58:23.789794] {Default Queue} wl_callback#103.done(20677405)
[18:58:23.789806] {Default Queue} wp_presentation_feedback#107.sync_output(wl_output#28)
[18:58:23.789808] {Default Queue} wp_presentation_feedback#107.presented(0, 20677, 405535790, 0, 0, 0, 0)
[18:58:23.791141]  -> wl_surface#95.attach(wl_buffer#96, 0, 0)
[18:58:23.791147]  -> wl_surface#95.damage_buffer(0, 0, 1280, 672)
[18:58:23.791149]  -> wl_surface#95.frame(new id wl_callback#107)
[18:58:23.791152] {Default Queue}  -> wp_presentation#20.feedback(wl_surface#95, new id wp_presentation_feedback#103)
[18:58:23.791154]  -> wl_surface#95.commit()
[18:58:23.791251] {Default Queue} wl_buffer#89.release()
[18:58:23.806293] {Display Queue} wl_display#1.delete_id(107)
[18:58:23.806302] {Display Queue} wl_display#1.delete_id(103)
[18:58:23.806303] {Default Queue} wl_callback#107.done(20677422)
[18:58:23.806318] {Default Queue} wp_presentation_feedback#103.sync_output(wl_output#28)
[18:58:23.806319] {Default Queue} wp_presentation_feedback#103.presented(0, 20677, 422052179, 0, 0, 0, 0)
[18:58:23.863732]  -> wl_surface#95.attach(wl_buffer#89, 0, 0)
[18:58:23.863738]  -> wl_surface#95.damage_buffer(0, 0, 1280, 672)
[18:58:23.863741]  -> wl_surface#95.frame(new id wl_callback#103)
[18:58:23.863743] {Default Queue}  -> wp_presentation#20.feedback(wl_surface#95, new id wp_presentation_feedback#107)
[18:58:23.863745]  -> wl_surface#95.commit()
[18:58:23.864237] {Display Queue} wl_display#1.delete_id(103)
[18:58:23.864244] {Display Queue} wl_display#1.delete_id(107)
[18:58:23.864246] {Default Queue} wl_buffer#96.release()
[18:58:23.864247] {Default Queue} wl_callback#103.done(20677479)
[18:58:23.864256] {Default Queue} wp_presentation_feedback#107.sync_output(wl_output#28)
[18:58:23.864258] {Default Queue} wp_presentation_feedback#107.presented(0, 20677, 480007494, 0, 0, 0, 0)
[18:58:23.865194]  -> wl_surface#95.attach(wl_buffer#96, 0, 0)
[18:58:23.865198]  -> wl_surface#95.damage_buffer(0, 0, 1280, 672)
[18:58:23.865200]  -> wl_surface#95.frame(new id wl_callback#107)
[18:58:23.865202] {Default Queue}  -> wp_presentation#20.feedback(wl_surface#95, new id wp_presentation_feedback#103)
[18:58:23.865204]  -> wl_surface#95.commit()
[18:58:23.865276] {Default Queue} wl_buffer#89.release()
[18:58:23.874876]  -> wl_surface#48.attach(wl_buffer#75, 0, 0)
[18:58:23.874884]  -> wl_surface#48.damage_buffer(0, 0, 1280, 48)
[18:58:23.874886]  -> wl_surface#48.frame(new id wl_callback#98)
[18:58:23.874889] {Default Queue}  -> wp_presentation#20.feedback(wl_surface#48, new id wp_presentation_feedback#109)
[18:58:23.874891]  -> wl_surface#48.commit()
[18:58:23.875046]  -> wl_surface#59.attach(wl_buffer#92, 0, 0)
[18:58:23.875048]  -> wl_surface#59.damage_buffer(0, 0, 1280, 48)
[18:58:23.875049]  -> wl_surface#59.frame(new id wl_callback#108)
[18:58:23.875050] {Default Queue}  -> wp_presentation#20.feedback(wl_surface#59, new id wp_presentation_feedback#104)
[18:58:23.875051]  -> wl_surface#59.commit()
[18:58:23.875178] {Display Queue} wl_display#1.delete_id(108)
[18:58:23.875182] {Display Queue} wl_display#1.delete_id(104)
[18:58:23.875184] {Default Queue} wl_buffer#77.release()
[18:58:23.875185] {Default Queue} wl_buffer#85.release()
[18:58:23.875185] {Default Queue} wl_callback#108.done(20677490)
[18:58:23.875191] {Default Queue} wp_presentation_feedback#104.sync_output(wl_output#31)
[18:58:23.875192] {Default Queue} wp_presentation_feedback#104.presented(0, 20677, 490956423, 0, 0, 0, 0)
[18:58:23.880722] {Display Queue} wl_display#1.delete_id(98)
[18:58:23.880729] {Display Queue} wl_display#1.delete_id(107)
[18:58:23.880730] {Display Queue} wl_display#1.delete_id(109)
[18:58:23.880730] {Display Queue} wl_display#1.delete_id(103)
[18:58:23.880731] {Default Queue} wl_callback#98.done(20677496)
[18:58:23.880742] {Default Queue} wl_callback#107.done(20677496)
[18:58:23.880746] {Default Queue} wp_presentation_feedback#109.sync_output(wl_output#28)
[18:58:23.880747] {Default Queue} wp_presentation_feedback#109.presented(0, 20677, 496490133, 0, 0, 0, 0)
[18:58:23.880750] {Default Queue} wp_presentation_feedback#103.sync_output(wl_output#28)
[18:58:23.880751] {Default Queue} wp_presentation_feedback#103.presented(0, 20677, 496490133, 0, 0, 0, 0)
[18:58:23.882313]  -> wl_surface#95.attach(wl_buffer#89, 0, 0)
[18:58:23.882318]  -> wl_surface#95.damage_buffer(0, 0, 1280, 672)
[18:58:23.882319]  -> wl_surface#95.frame(new id wl_callback#103)
[18:58:23.882322] {Default Queue}  -> wp_presentation#20.feedback(wl_surface#95, new id wp_presentation_feedback#109)
[18:58:23.882324]  -> wl_surface#95.commit()
[18:58:23.882390] {Default Queue} wl_buffer#96.release()
[18:58:23.897080] {Display Queue} wl_display#1.delete_id(103)
[18:58:23.897088] {Display Queue} wl_display#1.delete_id(109)
[18:58:23.897090] {Default Queue} wl_callback#103.done(20677512)
[18:58:23.897105] {Default Queue} wp_presentation_feedback#109.sync_output(wl_output#28)
[18:58:23.897107] {Default Queue} wp_presentation_feedback#109.presented(0, 20677, 512841342, 0, 0, 0, 0)
[18:58:23.898139]  -> wl_surface#95.attach(wl_buffer#96, 0, 0)
[18:58:23.898143]  -> wl_surface#95.damage_buffer(0, 0, 1280, 672)
[18:58:23.898145]  -> wl_surface#95.frame(new id wl_callback#109)
[18:58:23.898147] {Default Queue}  -> wp_presentation#20.feedback(wl_surface#95, new id wp_presentation_feedback#103)
[18:58:23.898149]  -> wl_surface#95.commit()
[18:58:23.898228] {Default Queue} wl_buffer#89.release()
[18:58:23.913493] {Display Queue} wl_display#1.delete_id(109)
[18:58:23.913500] {Display Queue} wl_display#1.delete_id(103)
[18:58:23.913501] {Default Queue} wl_callback#109.done(20677529)
[18:58:23.913511] {Default Queue} wp_presentation_feedback#103.sync_output(wl_output#28)
[18:58:23.913513] {Default Queue} wp_presentation_feedback#103.presented(0, 20677, 529260180, 0, 0, 0, 0)
[18:58:23.914719]  -> wl_surface#95.attach(wl_buffer#89, 0, 0)
[18:58:23.914728]  -> wl_surface#95.damage_buffer(0, 0, 1280, 672)
[18:58:23.914730]  -> wl_surface#95.frame(new id wl_callback#103)
[18:58:23.914733] {Default Queue}  -> wp_presentation#20.feedback(wl_surface#95, new id wp_presentation_feedback#109)
[18:58:23.914735]  -> wl_surface#95.commit()
[18:58:23.914830] {Default Queue} wl_buffer#96.release()
[18:58:23.930054] {Display Queue} wl_display#1.delete_id(103)
[18:58:23.930063] {Display Queue} wl_display#1.delete_id(109)
[18:58:23.930064] {Default Queue} wl_callback#103.done(20677545)
[18:58:23.930078] {Default Queue} wp_presentation_feedback#109.sync_output(wl_output#28)
[18:58:23.930079] {Default Queue} wp_presentation_feedback#109.presented(0, 20677, 545801370, 0, 0, 0, 0)
[18:58:23.931325]  -> wl_surface#95.attach(wl_buffer#96, 0, 0)
[18:58:23.931331]  -> wl_surface#95.damage_buffer(0, 0, 1280, 672)
[18:58:23.931333]  -> wl_surface#95.frame(new id wl_callback#109)
[18:58:23.931336] {Default Queue}  -> wp_presentation#20.feedback(wl_surface#95, new id wp_presentation_feedback#103)
[18:58:23.931338]  -> wl_surface#95.commit()
[18:58:23.931411] {Default Queue} wl_buffer#89.release()
[18:58:23.942767] {Default Queue}  -> xdg_activation_v1#15.get_activation_token(new id xdg_activation_token_v1#107)
[18:58:23.942775]  -> xdg_activation_token_v1#107.set_serial(154, wl_seat#3)
[18:58:23.942778]  -> xdg_activation_token_v1#107.commit()
[18:58:23.942809] xdg_activation_token_v1#107.done("c756183f7ab29526b4bd7b898138a4dd")
[18:58:23.942811]  -> xdg_activation_token_v1#107.destroy()
[18:58:23.942812] {Default Queue}  -> xdg_activation_v1#15.activate("c756183f7ab29526b4bd7b898138a4dd", wl_surface#97)
[18:58:23.943386]  -> wl_surface#97.attach(wl_buffer#105, 0, 0)
[18:58:23.943390]  -> wl_surface#97.damage_buffer(0, 0, 320, 72)
[18:58:23.943392]  -> wl_surface#97.frame(new id wl_callback#98)
[18:58:23.943394] {Default Queue}  -> wp_presentation#20.feedback(wl_surface#97, new id wp_presentation_feedback#104)
[18:58:23.943396]  -> wl_surface#97.commit()
[18:58:23.943469] {Display Queue} wl_display#1.delete_id(107)
[18:58:23.943472] {Default Queue} wl_buffer#102.release()
[18:58:23.946428] {Display Queue} wl_display#1.delete_id(109)
[18:58:23.946432] {Display Queue} wl_display#1.delete_id(98)
[18:58:23.946434] {Display Queue} wl_display#1.delete_id(103)
[18:58:23.946434] {Display Queue} wl_display#1.delete_id(104)
[18:58:23.946435] {Default Queue} wl_callback#109.done(20677562)
[18:58:23.946448] {Default Queue} wl_callback#98.done(20677562)
[18:58:23.946449] {Default Queue} wp_presentation_feedback#103.sync_output(wl_output#28)
[18:58:23.946450] {Default Queue} wp_presentation_feedback#103.presented(0, 20677, 562200628, 0, 0, 0, 0)
[18:58:23.946453] {Default Queue} wp_presentation_feedback#104.sync_output(wl_output#28)
[18:58:23.946454] {Default Queue} wp_presentation_feedback#104.presented(0, 20677, 562200628, 0, 0, 0, 0)
[18:58:23.947430]  -> wl_surface#95.attach(wl_buffer#89, 0, 0)
[18:58:23.947434]  -> wl_surface#95.damage_buffer(0, 0, 1280, 672)
[18:58:23.947435]  -> wl_surface#95.frame(new id wl_callback#104)
[18:58:23.947438] {Default Queue}  -> wp_presentation#20.feedback(wl_surface#95, new id wp_presentation_feedback#103)
[18:58:23.947440]  -> wl_surface#95.commit()
[18:58:23.947497] {Default Queue} wl_buffer#96.release()
[18:58:23.962882] {Display Queue} wl_display#1.delete_id(104)
[18:58:23.962891] {Display Queue} wl_display#1.delete_id(103)
[18:58:23.962893] {Default Queue} wl_callback#104.done(20677578)
[18:58:23.962906] {Default Queue} wp_presentation_feedback#103.sync_output(wl_output#28)
[18:58:23.962908] {Default Queue} wp_presentation_feedback#103.presented(0, 20677, 578646147, 0, 0, 0, 0)
[18:58:23.964048]  -> wl_surface#95.attach(wl_buffer#96, 0, 0)
[18:58:23.964055]  -> wl_surface#95.damage_buffer(0, 0, 1280, 672)
[18:58:23.964058]  -> wl_surface#95.frame(new id wl_callback#103)
[18:58:23.964061] {Default Queue}  -> wp_presentation#20.feedback(wl_surface#95, new id wp_presentation_feedback#104)
[18:58:23.964064]  -> wl_surface#95.commit()
[18:58:23.964149] {Default Queue} wl_buffer#89.release()
[18:58:23.979300] {Display Queue} wl_display#1.delete_id(103)
[18:58:23.979308] {Display Queue} wl_display#1.delete_id(104)
[18:58:23.979310] {Default Queue} wl_callback#103.done(20677595)
[18:58:23.979324] {Default Queue} wp_presentation_feedback#104.sync_output(wl_output#28)
[18:58:23.979326] {Default Queue} wp_presentation_feedback#104.presented(0, 20677, 595061346, 0, 0, 0, 0)
[18:58:23.980366]  -> wl_surface#95.attach(wl_buffer#89, 0, 0)
[18:58:23.980372]  -> wl_surface#95.damage_buffer(0, 0, 1280, 672)
[18:58:23.980373]  -> wl_surface#95.frame(new id wl_callback#104)
[18:58:23.980376] {Default Queue}  -> wp_presentation#20.feedback(wl_surface#95, new id wp_presentation_feedback#103)
[18:58:23.980378]  -> wl_surface#95.commit()
[18:58:23.980455] {Default Queue} wl_buffer#96.release()
[18:58:23.995713] {Display Queue} wl_display#1.delete_id(104)
[18:58:23.995722] {Display Queue} wl_display#1.delete_id(103)
[18:58:23.995723] {Default Queue} wl_callback#104.done(20677611)
[18:58:23.995735] {Default Queue} wp_presentation_feedback#103.sync_output(wl_output#28)
[18:58:23.995736] {Default Queue} wp_presentation_feedback#103.presented(0, 20677, 611476005, 0, 0, 0, 0)
[18:58:23.996921]  -> wl_surface#95.attach(wl_buffer#96, 0, 0)
[18:58:23.996927]  -> wl_surface#95.damage_buffer(0, 0, 1280, 672)
[18:58:23.996930]  -> wl_surface#95.frame(new id wl_callback#103)
[18:58:23.996932] {Default Queue}  -> wp_presentation#20.feedback(wl_surface#95, new id wp_presentation_feedback#104)
[18:58:23.996934]  -> wl_surface#95.commit()
[18:58:23.997017] {Default Queue} wl_buffer#89.release()
[18:58:24.012108] {Display Queue} wl_display#1.delete_id(103)
[18:58:24.012116] {Display Queue} wl_display#1.delete_id(104)
[18:58:24.012117] {Default Queue} wl_callback#103.done(20677627)
[18:58:24.012131] {Default Queue} wp_presentation_feedback#104.sync_output(wl_output#28)
[18:58:24.012132] {Default Queue} wp_presentation_feedback#104.presented(0, 20677, 627867613, 0, 0, 0, 0)
[18:58:24.013148]  -> wl_surface#95.attach(wl_buffer#89, 0, 0)
[18:58:24.013152]  -> wl_surface#95.damage_buffer(0, 0, 1280, 672)
[18:58:24.013154]  -> wl_surface#95.frame(new id wl_callback#104)
[18:58:24.013156] {Default Queue}  -> wp_presentation#20.feedback(wl_surface#95, new id wp_presentation_feedback#103)
[18:58:24.013158]  -> wl_surface#95.commit()
[18:58:24.013242] {Default Queue} wl_buffer#96.release()
[18:58:24.028517] {Display Queue} wl_display#1.delete_id(104)
[18:58:24.028525] {Display Queue} wl_display#1.delete_id(103)
[18:58:24.028526] {Default Queue} wl_callback#104.done(20677644)
[18:58:24.028542] {Default Queue} wp_presentation_feedback#103.sync_output(wl_output#28)
[18:58:24.028543] {Default Queue} wp_presentation_feedback#103.presented(0, 20677, 644276642, 0, 0, 0, 0)
[18:58:24.029598]  -> wl_surface#95.attach(wl_buffer#96, 0, 0)
[18:58:24.029603]  -> wl_surface#95.damage_buffer(0, 0, 1280, 672)
[18:58:24.029605]  -> wl_surface#95.frame(new id wl_callback#103)
[18:58:24.029607] {Default Queue}  -> wp_presentation#20.feedback(wl_surface#95, new id wp_presentation_feedback#104)
[18:58:24.029609]  -> wl_surface#95.commit()
[18:58:24.029709] {Default Queue} wl_buffer#89.release()
[18:58:24.044897] {Display Queue} wl_display#1.delete_id(103)
[18:58:24.044905] {Display Queue} wl_display#1.delete_id(104)
[18:58:24.044906] {Default Queue} wl_callback#103.done(20677660)
[18:58:24.044916] {Default Queue} wp_presentation_feedback#104.sync_output(wl_output#28)
[18:58:24.044917] {Default Queue} wp_presentation_feedback#104.presented(0, 20677, 660673520, 0, 0, 0, 0)
[18:58:24.045923]  -> wl_surface#95.attach(wl_buffer#89, 0, 0)
[18:58:24.045927]  -> wl_surface#95.damage_buffer(0, 0, 1280, 672)
[18:58:24.045928]  -> wl_surface#95.frame(new id wl_callback#104)
[18:58:24.045930] {Default Queue}  -> wp_presentation#20.feedback(wl_surface#95, new id wp_presentation_feedback#103)
[18:58:24.045932]  -> wl_surface#95.commit()
[18:58:24.045995] {Default Queue} wl_buffer#96.release()
[18:58:24.061379] {Display Queue} wl_display#1.delete_id(104)
[18:58:24.061389] {Display Queue} wl_display#1.delete_id(103)
[18:58:24.061390] {Default Queue} wl_callback#104.done(20677677)
[18:58:24.061405] {Default Queue} wp_presentation_feedback#103.sync_output(wl_output#28)
[18:58:24.061406] {Default Queue} wp_presentation_feedback#103.presented(0, 20677, 677139059, 0, 0, 0, 0)
[18:58:25.742929] {Default Queue}  -> zwlr_layer_surface_v1#99.destroy()
[18:58:25.742937]  -> wl_surface#97.attach(nil, 0, 0)
[18:58:25.742939]  -> wl_surface#97.commit()
[18:58:25.742977] {Default Queue}  -> wl_buffer#102.destroy()
[18:58:25.742979] {Default Queue}  -> wl_shm_pool#69.destroy()
[18:58:25.743013] {Default Queue}  -> wp_viewport#72.destroy()
[18:58:25.743014] {Default Queue}  -> wp_fractional_scale_v1#101.destroy()
[18:58:25.743015]  -> wl_surface#97.destroy()
[18:58:25.743026] {Default Queue}  -> xdg_toplevel_icon_v1#100.destroy()
[18:58:25.743337] {Display Queue} wl_display#1.delete_id(99)
[18:58:25.743341] {Display Queue} wl_display#1.delete_id(102)
[18:58:25.743342] {Display Queue} wl_display#1.delete_id(69)
[18:58:25.743343] {Display Queue} wl_display#1.delete_id(72)
[18:58:25.743343] {Display Queue} wl_display#1.delete_id(101)
[18:58:25.743344] {Display Queue} wl_display#1.delete_id(97)
[18:58:25.743344] {Display Queue} wl_display#1.delete_id(100)
[18:58:25.743345] {Default Queue} zwlr_layer_surface_v1#58.configure(182, 1280, 48)
[18:58:25.743352] {Default Queue}  -> zwlr_layer_surface_v1#58.ack_configure(182)
[18:58:25.743353] {Default Queue} zwlr_layer_surface_v1#53.configure(183, 1280, 720)
[18:58:25.743355] {Default Queue}  -> zwlr_layer_surface_v1#53.ack_configure(183)
[18:58:25.743356] {Default Queue} zwlr_layer_surface_v1#87.configure(184, 1280, 672)
[18:58:25.743358] {Default Queue}  -> zwlr_layer_surface_v1#87.ack_configure(184)
[18:58:25.743359] {Default Queue} wl_buffer#105.release()
[18:58:25.743361] {Default Queue}  -> wl_buffer#105.destroy()
[18:58:25.743361] {Default Queue}  -> wl_shm_pool#106.destroy()
[18:58:25.743388]  -> wl_surface#48.commit()
[18:58:25.743398]  -> wl_surface#49.commit()
[18:58:25.743402]  -> wl_surface#95.commit()
[18:58:28.876189]  -> wl_surface#48.attach(wl_buffer#77, 0, 0)
[18:58:28.876196]  -> wl_surface#48.damage_buffer(0, 0, 1280, 48)
[18:58:28.876199]  -> wl_surface#48.frame(new id wl_callback#100)
[18:58:28.876202] {Default Queue}  -> wp_presentation#20.feedback(wl_surface#48, new id wp_presentation_feedback#97)
[18:58:28.876205]  -> wl_surface#48.commit()
[18:58:28.876456]  -> wl_surface#59.attach(wl_buffer#85, 0, 0)
[18:58:28.876459]  -> wl_surface#59.damage_buffer(0, 0, 1280, 48)
[18:58:28.876460]  -> wl_surface#59.frame(new id wl_callback#101)
[18:58:28.876462] {Default Queue}  -> wp_presentation#20.feedback(wl_surface#59, new id wp_presentation_feedback#72)
[18:58:28.876463]  -> wl_surface#59.commit()
[18:58:28.877368]  -> wl_surface#95.attach(wl_buffer#96, 0, 0)
[18:58:28.877372]  -> wl_surface#95.damage_buffer(0, 0, 1280, 672)
[18:58:28.877373]  -> wl_surface#95.frame(new id wl_callback#69)
[18:58:28.877374] {Default Queue}  -> wp_presentation#20.feedback(wl_surface#95, new id wp_presentation_feedback#102)
[18:58:28.877376]  -> wl_surface#95.commit()
[18:58:28.877874] {Display Queue} wl_display#1.delete_id(105)
[18:58:28.877878] {Display Queue} wl_display#1.delete_id(106)
[18:58:28.877878] {Display Queue} wl_display#1.delete_id(100)
[18:58:28.877879] {Display Queue} wl_display#1.delete_id(69)
[18:58:28.877879] {Display Queue} wl_display#1.delete_id(101)
[18:58:28.877880] {Display Queue} wl_display#1.delete_id(97)
[18:58:28.877880] {Display Queue} wl_display#1.delete_id(102)
[18:58:28.877881] {Display Queue} wl_display#1.delete_id(72)
[18:58:28.877881] {Default Queue} wl_buffer#75.release()
[18:58:28.877882] {Default Queue} wl_buffer#92.release()
[18:58:28.877883] {Default Queue} wl_buffer#89.release()
[18:58:28.877884] {Default Queue} wl_callback#100.done(20682493)
[18:58:28.877887] {Default Queue} wl_callback#69.done(20682493)
[18:58:28.877889] {Default Queue} wl_callback#101.done(20682493)
[18:58:28.877891] {Default Queue} wp_presentation_feedback#97.sync_output(wl_output#28)
[18:58:28.877892] {Default Queue} wp_presentation_feedback#97.presented(0, 20682, 493652860, 0, 0, 0, 0)
[18:58:28.877894] {Default Queue} wp_presentation_feedback#102.sync_output(wl_output#28)
[18:58:28.877895] {Default Queue} wp_presentation_feedback#102.presented(0, 20682, 493652860, 0, 0, 0, 0)
[18:58:28.877896] {Default Queue} wp_presentation_feedback#72.sync_output(wl_output#31)
[18:58:28.877896] {Default Queue} wp_presentation_feedback#72.presented(0, 20682, 493656070, 0, 0, 0, 0)
[18:58:28.879024]  -> wl_surface#95.attach(wl_buffer#89, 0, 0)
[18:58:28.879028]  -> wl_surface#95.damage_buffer(0, 0, 1280, 672)
[18:58:28.879030]  -> wl_surface#95.frame(new id wl_callback#72)
[18:58:28.879031] {Default Queue}  -> wp_presentation#20.feedback(wl_surface#95, new id wp_presentation_feedback#102)
[18:58:28.879032]  -> wl_surface#95.commit()
[18:58:28.879100] {Default Queue} wl_buffer#96.release()
[18:58:28.894011]  -> wl_surface#48.attach(wl_buffer#75, 0, 0)
[18:58:28.894019]  -> wl_surface#48.damage_buffer(0, 0, 1280, 48)
[18:58:28.894022]  -> wl_surface#48.frame(new id wl_callback#97)
[18:58:28.894026] {Default Queue}  -> wp_presentation#20.feedback(wl_surface#48, new id wp_presentation_feedback#101)
[18:58:28.894029]  -> wl_surface#48.commit()
[18:58:28.894255]  -> wl_surface#59.attach(wl_buffer#92, 0, 0)
[18:58:28.894257]  -> wl_surface#59.damage_buffer(0, 0, 1280, 48)
[18:58:28.894258]  -> wl_surface#59.frame(new id wl_callback#69)
[18:58:28.894259] {Default Queue}  -> wp_presentation#20.feedback(wl_surface#59, new id wp_presentation_feedback#100)
[18:58:28.894260]  -> wl_surface#59.commit()
[18:58:28.894276] {Display Queue} wl_display#1.delete_id(72)
[18:58:28.894278] {Display Queue} wl_display#1.delete_id(102)
[18:58:28.894279] {Default Queue} wl_callback#72.done(20682510)
[18:58:28.894284] {Default Queue} wp_presentation_feedback#102.sync_output(wl_output#28)
[18:58:28.894286] {Default Queue} wp_presentation_feedback#102.presented(0, 20682, 510008528, 0, 0, 0, 0)
[18:58:28.895320]  -> wl_surface#95.attach(wl_buffer#96, 0, 0)
[18:58:28.895324]  -> wl_surface#95.damage_buffer(0, 0, 1280, 672)
[18:58:28.895325]  -> wl_surface#95.frame(new id wl_callback#102)
[18:58:28.895326] {Default Queue}  -> wp_presentation#20.feedback(wl_surface#95, new id wp_presentation_feedback#72)
[18:58:28.895328]  -> wl_surface#95.commit()
[18:58:28.895362] {Display Queue} wl_display#1.delete_id(69)
[18:58:28.895364] {Display Queue} wl_display#1.delete_id(100)
[18:58:28.895364] {Default Queue} wl_buffer#77.release()
[18:58:28.895365] {Default Queue} wl_buffer#85.release()
[18:58:28.895366] {Default Queue} wl_callback#69.done(20682510)
[18:58:28.895367] {Default Queue} wp_presentation_feedback#100.sync_output(wl_output#31)
[18:58:28.895368] {Default Queue} wp_presentation_feedback#100.presented(0, 20682, 510159350, 0, 0, 0, 0)
[18:58:28.895395] {Default Queue} wl_buffer#89.release()
[18:58:28.911639] {Display Queue} wl_display#1.delete_id(97)
[18:58:28.911647] {Display Queue} wl_display#1.delete_id(102)
[18:58:28.911648] {Display Queue} wl_display#1.delete_id(101)
[18:58:28.911649] {Display Queue} wl_display#1.delete_id(72)
[18:58:28.911650] {Default Queue} wl_callback#97.done(20682527)
[18:58:28.911660] {Default Queue} wl_callback#102.done(20682527)
[18:58:28.911670] {Default Queue} wp_presentation_feedback#101.sync_output(wl_output#28)
[18:58:28.911671] {Default Queue} wp_presentation_feedback#101.presented(0, 20682, 527395426, 0, 0, 0, 0)
[18:58:28.911674] {Default Queue} wp_presentation_feedback#72.sync_output(wl_output#28)
[18:58:28.911675] {Default Queue} wp_presentation_feedback#72.presented(0, 20682, 527395426, 0, 0, 0, 0)
[18:58:28.912812]  -> wl_surface#95.attach(wl_buffer#89, 0, 0)
[18:58:28.912818]  -> wl_surface#95.damage_buffer(0, 0, 1280, 672)
[18:58:28.912820]  -> wl_surface#95.frame(new id wl_callback#72)
[18:58:28.912823] {Default Queue}  -> wp_presentation#20.feedback(wl_surface#95, new id wp_presentation_feedback#101)
[18:58:28.912825]  -> wl_surface#95.commit()
[18:58:28.912901] {Default Queue} wl_buffer#96.release()
[18:58:28.927909] {Display Queue} wl_display#1.delete_id(72)
[18:58:28.927917] {Display Queue} wl_display#1.delete_id(101)
[18:58:28.927919] {Default Queue} wl_callback#72.done(20682543)
[18:58:28.927935] {Default Queue} wp_presentation_feedback#101.sync_output(wl_output#28)
[18:58:28.927936] {Default Queue} wp_presentation_feedback#101.presented(0, 20682, 543668813, 0, 0, 0, 0)
[18:58:28.928871]  -> wl_surface#95.attach(wl_buffer#96, 0, 0)
[18:58:28.928877]  -> wl_surface#95.damage_buffer(0, 0, 1280, 672)
[18:58:28.928879]  -> wl_surface#95.frame(new id wl_callback#101)
[18:58:28.928881] {Default Queue}  -> wp_presentation#20.feedback(wl_surface#95, new id wp_presentation_feedback#72)
[18:58:28.928884]  -> wl_surface#95.commit()
[18:58:28.928953] {Default Queue} wl_buffer#89.release()
[18:58:28.943613] {Display Queue} wl_display#1.delete_id(101)
[18:58:28.943621] {Display Queue} wl_display#1.delete_id(72)
[18:58:28.943623] {Default Queue} wl_callback#101.done(20682559)
[18:58:28.943638] {Default Queue} wp_presentation_feedback#72.sync_output(wl_output#28)
[18:58:28.943639] {Default Queue} wp_presentation_feedback#72.presented(0, 20682, 559374555, 0, 0, 0, 0)
[18:58:28.944587]  -> wl_surface#95.attach(wl_buffer#89, 0, 0)
[18:58:28.944591]  -> wl_surface#95.damage_buffer(0, 0, 1280, 672)
[18:58:28.944593]  -> wl_surface#95.frame(new id wl_callback#72)
[18:58:28.944596] {Default Queue}  -> wp_presentation#20.feedback(wl_surface#95, new id wp_presentation_feedback#101)
[18:58:28.944598]  -> wl_surface#95.commit()
[18:58:28.944673] {Default Queue} wl_buffer#96.release()
[18:58:28.960912] {Display Queue} wl_display#1.delete_id(72)
[18:58:28.960922] {Display Queue} wl_display#1.delete_id(101)
[18:58:28.960924] {Default Queue} wl_callback#72.done(20682576)
[18:58:28.960942] {Default Queue} wp_presentation_feedback#101.sync_output(wl_output#28)
[18:58:28.960944] {Default Queue} wp_presentation_feedback#101.presented(0, 20682, 576666232, 0, 0, 0, 0)
[18:58:28.962050]  -> wl_surface#95.attach(wl_buffer#96, 0, 0)
[18:58:28.962054]  -> wl_surface#95.damage_buffer(0, 0, 1280, 672)
[18:58:28.962056]  -> wl_surface#95.frame(new id wl_callback#101)
[18:58:28.962059] {Default Queue}  -> wp_presentation#20.feedback(wl_surface#95, new id wp_presentation_feedback#72)
[18:58:28.962061]  -> wl_surface#95.commit()
[18:58:28.962142] {Default Queue} wl_buffer#89.release()
[18:58:28.973673] {Default Queue}  -> wl_compositor#4.create_surface(new id wl_surface#102)
[18:58:28.973681] {Default Queue}  -> wp_fractional_scale_manager_v1#11.get_fractional_scale(new id wp_fractional_scale_v1#97, wl_surface#102)
[18:58:28.973685] {Default Queue}  -> wp_viewporter#10.get_viewport(new id wp_viewport#100, wl_surface#102)
[18:58:28.973719] {Default Queue}  -> xdg_toplevel_icon_manager_v1#9.create_icon(new id xdg_toplevel_icon_v1#69)
[18:58:28.973739] {Default Queue}  -> zwlr_layer_shell_v1#45.get_layer_surface(new id zwlr_layer_surface_v1#106, wl_surface#102, wl_output#28, 3, "pearl:osd")
[18:58:28.973742] {Default Queue}  -> zwlr_layer_surface_v1#106.set_keyboard_interactivity(0)
[18:58:28.973746] {Default Queue}  -> zwlr_layer_surface_v1#106.set_exclusive_zone(0)
[18:58:28.973747] {Default Queue}  -> zwlr_layer_surface_v1#106.set_anchor(2)
[18:58:28.973748] {Default Queue}  -> zwlr_layer_surface_v1#106.set_margin(0, 0, 24, 0)
[18:58:28.973749] {Default Queue}  -> zwlr_layer_surface_v1#106.set_size(200, 200)
[18:58:28.973756]  -> wl_surface#102.commit()
[18:58:28.973792] {Default Queue}  -> xdg_activation_v1#15.get_activation_token(new id xdg_activation_token_v1#105)
[18:58:28.973796]  -> xdg_activation_token_v1#105.set_serial(154, wl_seat#3)
[18:58:28.973798]  -> xdg_activation_token_v1#105.commit()
[18:58:28.974013] xdg_activation_token_v1#105.done("b53be111b74d7b3c00033730c92a4a7a")
[18:58:28.974016]  -> xdg_activation_token_v1#105.destroy()
[18:58:28.974017] {Default Queue}  -> xdg_activation_v1#15.activate("b53be111b74d7b3c00033730c92a4a7a", wl_surface#102)
[18:58:28.974028] {Default Queue} zwlr_layer_surface_v1#58.configure(185, 1280, 48)
[18:58:28.974033] {Default Queue}  -> zwlr_layer_surface_v1#58.ack_configure(185)
[18:58:28.974034] {Default Queue} zwlr_layer_surface_v1#53.configure(186, 1280, 720)
[18:58:28.974035] {Default Queue}  -> zwlr_layer_surface_v1#53.ack_configure(186)
[18:58:28.974036] {Default Queue} zwlr_layer_surface_v1#87.configure(187, 1280, 672)
[18:58:28.974038] {Default Queue}  -> zwlr_layer_surface_v1#87.ack_configure(187)
[18:58:28.974038] {Default Queue} zwlr_layer_surface_v1#106.configure(188, 200, 200)
[18:58:28.974392] {Default Queue}  -> zwlr_layer_surface_v1#106.ack_configure(188)
[18:58:28.974406]  -> wl_surface#48.commit()
[18:58:28.974414]  -> wl_surface#49.commit()
[18:58:28.974917] {Default Queue}  -> wl_shm#5.create_pool(new id wl_shm_pool#99, fd 16, 92160)
[18:58:28.974924] {Default Queue}  -> wl_shm_pool#99.create_buffer(new id wl_buffer#103, 0, 320, 72, 1280, 0)
[18:58:28.975094] {Default Queue}  -> zwlr_layer_surface_v1#106.set_size(320, 72)
[18:58:28.975096] {Default Queue}  -> wl_compositor#4.create_region(new id wl_region#104)
[18:58:28.975097] {Default Queue}  -> wl_region#104.add(14, 0, 292, 72)
[18:58:28.975098]  -> wl_surface#102.set_opaque_region(wl_region#104)
[18:58:28.975099] {Default Queue}  -> wl_region#104.destroy()
[18:58:28.975100] {Default Queue}  -> wl_compositor#4.create_region(new id wl_region#98)
[18:58:28.975101]  -> wl_surface#102.set_input_region(wl_region#98)
[18:58:28.975101] {Default Queue}  -> wl_region#98.destroy()
[18:58:28.975102] {Default Queue}  -> wp_viewport#100.set_destination(320, 72)
[18:58:28.975103]  -> wl_surface#102.attach(wl_buffer#103, 0, 0)
[18:58:28.975104]  -> wl_surface#102.damage_buffer(0, 0, 320, 72)
[18:58:28.975105]  -> wl_surface#102.frame(new id wl_callback#109)
[18:58:28.975107] {Default Queue}  -> wp_presentation#20.feedback(wl_surface#102, new id wp_presentation_feedback#107)
[18:58:28.975109]  -> wl_surface#102.commit()
[18:58:28.975276] {Display Queue} wl_display#1.delete_id(105)
[18:58:28.975278] {Display Queue} wl_display#1.delete_id(104)
[18:58:28.975279] {Display Queue} wl_display#1.delete_id(98)
[18:58:28.975280] {Default Queue} zwlr_layer_surface_v1#58.configure(189, 1280, 48)
[18:58:28.975285] {Default Queue}  -> zwlr_layer_surface_v1#58.ack_configure(189)
[18:58:28.975286] {Default Queue} zwlr_layer_surface_v1#53.configure(190, 1280, 720)
[18:58:28.975288] {Default Queue}  -> zwlr_layer_surface_v1#53.ack_configure(190)
[18:58:28.975288] {Default Queue} zwlr_layer_surface_v1#87.configure(191, 1280, 672)
[18:58:28.975289] {Default Queue}  -> zwlr_layer_surface_v1#87.ack_configure(191)
[18:58:28.975290] {Default Queue} zwlr_layer_surface_v1#106.configure(192, 320, 72)
[18:58:28.975291] {Default Queue}  -> zwlr_layer_surface_v1#106.ack_configure(192)
[18:58:28.975292] {Default Queue} wp_fractional_scale_v1#97.preferred_scale(120)
[18:58:28.975293] {Default Queue} zwlr_layer_surface_v1#58.configure(193, 1280, 48)
[18:58:28.975294] {Default Queue}  -> zwlr_layer_surface_v1#58.ack_configure(193)
[18:58:28.975295] {Default Queue} zwlr_layer_surface_v1#53.configure(194, 1280, 720)
[18:58:28.975295] {Default Queue}  -> zwlr_layer_surface_v1#53.ack_configure(194)
[18:58:28.975296] {Default Queue} zwlr_layer_surface_v1#87.configure(195, 1280, 672)
[18:58:28.975297] {Default Queue}  -> zwlr_layer_surface_v1#87.ack_configure(195)
[18:58:28.975297] {Default Queue} zwlr_layer_surface_v1#106.configure(196, 320, 72)
[18:58:28.975298] {Default Queue}  -> zwlr_layer_surface_v1#106.ack_configure(196)
[18:58:28.975298] wl_surface#102.enter(wl_output#28)
[18:58:28.975307] wl_surface#102.preferred_buffer_scale(1)
[18:58:28.976369] {Display Queue} wl_display#1.delete_id(101)
[18:58:28.976373] {Display Queue} wl_display#1.delete_id(109)
[18:58:28.976375] {Display Queue} wl_display#1.delete_id(72)
[18:58:28.976375] {Display Queue} wl_display#1.delete_id(107)
[18:58:28.976376] {Default Queue} wl_callback#101.done(20682592)
[18:58:28.976383] {Default Queue} wl_callback#109.done(20682592)
[18:58:28.976385] {Default Queue} wp_presentation_feedback#72.sync_output(wl_output#28)
[18:58:28.976386] {Default Queue} wp_presentation_feedback#72.presented(0, 20682, 592148452, 0, 0, 0, 0)
[18:58:28.976388] {Default Queue} wp_presentation_feedback#107.sync_output(wl_output#28)
[18:58:28.976389] {Default Queue} wp_presentation_feedback#107.presented(0, 20682, 592148452, 0, 0, 0, 0)
[18:58:28.977172]  -> wl_surface#95.attach(wl_buffer#89, 0, 0)
[18:58:28.977176]  -> wl_surface#95.damage_buffer(0, 0, 1280, 672)
[18:58:28.977178]  -> wl_surface#95.frame(new id wl_callback#107)
[18:58:28.977180] {Default Queue}  -> wp_presentation#20.feedback(wl_surface#95, new id wp_presentation_feedback#72)
[18:58:28.977182]  -> wl_surface#95.commit()
[18:58:28.977235] {Default Queue}  -> wl_shm#5.create_pool(new id wl_shm_pool#109, fd 16, 92160)
[18:58:28.977238] {Default Queue}  -> wl_shm_pool#109.create_buffer(new id wl_buffer#101, 0, 320, 72, 1280, 0)
[18:58:28.977310]  -> wl_surface#102.attach(wl_buffer#101, 0, 0)
[18:58:28.977312]  -> wl_surface#102.damage_buffer(0, 0, 320, 72)
[18:58:28.977314]  -> wl_surface#102.frame(new id wl_callback#98)
[18:58:28.977315] {Default Queue}  -> wp_presentation#20.feedback(wl_surface#102, new id wp_presentation_feedback#104)
[18:58:28.977316]  -> wl_surface#102.commit()
[18:58:28.977374] {Default Queue} wl_buffer#96.release()
[18:58:28.977378] {Default Queue} wl_buffer#103.release()
[18:58:28.992414]  -> wl_surface#48.commit()
[18:58:28.992437]  -> wl_surface#49.commit()
[18:58:28.992823] {Display Queue} wl_display#1.delete_id(107)
[18:58:28.992828] {Display Queue} wl_display#1.delete_id(98)
[18:58:28.992828] {Display Queue} wl_display#1.delete_id(72)
[18:58:28.992829] {Display Queue} wl_display#1.delete_id(104)
[18:58:28.992830] {Default Queue} wl_callback#107.done(20682608)
[18:58:28.992840] {Default Queue} wl_callback#98.done(20682608)
[18:58:28.992841] {Default Queue} wp_presentation_feedback#72.sync_output(wl_output#28)
[18:58:28.992843] {Default Queue} wp_presentation_feedback#72.presented(0, 20682, 608596411, 0, 0, 0, 0)
[18:58:28.992846] {Default Queue} wp_presentation_feedback#104.sync_output(wl_output#28)
[18:58:28.992847] {Default Queue} wp_presentation_feedback#104.presented(0, 20682, 608596411, 0, 0, 0, 0)
[18:58:28.993669]  -> wl_surface#95.attach(wl_buffer#96, 0, 0)
[18:58:28.993674]  -> wl_surface#95.damage_buffer(0, 0, 1280, 672)
[18:58:28.993676]  -> wl_surface#95.frame(new id wl_callback#104)
[18:58:28.993679] {Default Queue}  -> wp_presentation#20.feedback(wl_surface#95, new id wp_presentation_feedback#72)
[18:58:28.993681]  -> wl_surface#95.commit()
[18:58:28.993750] {Default Queue} wl_buffer#89.release()
[18:58:29.009230] {Display Queue} wl_display#1.delete_id(104)
[18:58:29.009238] {Display Queue} wl_display#1.delete_id(72)
[18:58:29.009239] {Default Queue} wl_callback#104.done(20682624)
[18:58:29.009253] {Default Queue} wp_presentation_feedback#72.sync_output(wl_output#28)
[18:58:29.009254] {Default Queue} wp_presentation_feedback#72.presented(0, 20682, 624989140, 0, 0, 0, 0)
[18:58:29.010091]  -> wl_surface#95.attach(wl_buffer#89, 0, 0)
[18:58:29.010095]  -> wl_surface#95.damage_buffer(0, 0, 1280, 672)
[18:58:29.010097]  -> wl_surface#95.frame(new id wl_callback#72)
[18:58:29.010100] {Default Queue}  -> wp_presentation#20.feedback(wl_surface#95, new id wp_presentation_feedback#104)
[18:58:29.010102]  -> wl_surface#95.commit()
[18:58:29.010173] {Default Queue} wl_buffer#96.release()
[18:58:29.025639] {Display Queue} wl_display#1.delete_id(72)
[18:58:29.025650] {Display Queue} wl_display#1.delete_id(104)
[18:58:29.025652] {Default Queue} wl_callback#72.done(20682641)
[18:58:29.025667] {Default Queue} wp_presentation_feedback#104.sync_output(wl_output#28)
[18:58:29.025669] {Default Queue} wp_presentation_feedback#104.presented(0, 20682, 641394158, 0, 0, 0, 0)
[18:58:29.026577]  -> wl_surface#95.attach(wl_buffer#96, 0, 0)
[18:58:29.026583]  -> wl_surface#95.damage_buffer(0, 0, 1280, 672)
[18:58:29.026585]  -> wl_surface#95.frame(new id wl_callback#104)
[18:58:29.026587] {Default Queue}  -> wp_presentation#20.feedback(wl_surface#95, new id wp_presentation_feedback#72)
[18:58:29.026590]  -> wl_surface#95.commit()
[18:58:29.026666] {Default Queue} wl_buffer#89.release()
[18:58:29.042050] {Display Queue} wl_display#1.delete_id(104)
[18:58:29.042059] {Display Queue} wl_display#1.delete_id(72)
[18:58:29.042060] {Default Queue} wl_callback#104.done(20682657)
[18:58:29.042072] {Default Queue} wp_presentation_feedback#72.sync_output(wl_output#28)
[18:58:29.042073] {Default Queue} wp_presentation_feedback#72.presented(0, 20682, 657815757, 0, 0, 0, 0)
[18:58:29.042906]  -> wl_surface#95.attach(wl_buffer#89, 0, 0)
[18:58:29.042910]  -> wl_surface#95.damage_buffer(0, 0, 1280, 672)
[18:58:29.042912]  -> wl_surface#95.frame(new id wl_callback#72)
[18:58:29.042914] {Default Queue}  -> wp_presentation#20.feedback(wl_surface#95, new id wp_presentation_feedback#104)
[18:58:29.042916]  -> wl_surface#95.commit()
[18:58:29.042988] {Default Queue} wl_buffer#96.release()
[18:58:29.058499] {Display Queue} wl_display#1.delete_id(72)
[18:58:29.058508] {Display Queue} wl_display#1.delete_id(104)
[18:58:29.058509] {Default Queue} wl_callback#72.done(20682674)
[18:58:29.058524] {Default Queue} wp_presentation_feedback#104.sync_output(wl_output#28)
[18:58:29.058526] {Default Queue} wp_presentation_feedback#104.presented(0, 20682, 674259416, 0, 0, 0, 0)
[18:58:30.071793]  -> wl_surface#95.attach(wl_buffer#96, 0, 0)
[18:58:30.071800]  -> wl_surface#95.damage_buffer(0, 0, 1280, 672)
[18:58:30.071802]  -> wl_surface#95.frame(new id wl_callback#104)
[18:58:30.071805] {Default Queue}  -> wp_presentation#20.feedback(wl_surface#95, new id wp_presentation_feedback#72)
[18:58:30.071808]  -> wl_surface#95.commit()
[18:58:30.072249] {Display Queue} wl_display#1.delete_id(104)
[18:58:30.072251] {Display Queue} wl_display#1.delete_id(72)
[18:58:30.072252] {Default Queue} wl_buffer#89.release()
[18:58:30.072254] {Default Queue} wl_callback#104.done(20683688)
[18:58:30.072260] {Default Queue} wp_presentation_feedback#72.sync_output(wl_output#28)
[18:58:30.072261] {Default Queue} wp_presentation_feedback#72.presented(0, 20683, 688027028, 0, 0, 0, 0)
[18:58:30.081679] {Default Queue}  -> zwlr_layer_surface_v1#87.destroy()
[18:58:30.081687]  -> wl_surface#95.attach(nil, 0, 0)
[18:58:30.081689]  -> wl_surface#95.commit()
[18:58:30.081718] {Default Queue}  -> wl_buffer#89.destroy()
[18:58:30.081719] {Default Queue}  -> wl_shm_pool#90.destroy()
[18:58:30.081852] {Default Queue}  -> wp_viewport#93.destroy()
[18:58:30.081854] {Default Queue}  -> wp_fractional_scale_v1#78.destroy()
[18:58:30.081855]  -> wl_surface#95.destroy()
info: event=popup-closed
[18:58:30.082702] {Display Queue} wl_display#1.delete_id(87)
[18:58:30.082707] {Display Queue} wl_display#1.delete_id(89)
[18:58:30.082708] {Display Queue} wl_display#1.delete_id(90)
[18:58:30.082709] {Display Queue} wl_display#1.delete_id(93)
[18:58:30.082710] {Display Queue} wl_display#1.delete_id(78)
[18:58:30.082710] {Display Queue} wl_display#1.delete_id(95)
[18:58:30.082711] {Default Queue} zwlr_layer_surface_v1#58.configure(198, 1280, 48)
[18:58:30.082719] {Default Queue}  -> zwlr_layer_surface_v1#58.ack_configure(198)
[18:58:30.082720] {Default Queue} zwlr_layer_surface_v1#53.configure(199, 1280, 720)
[18:58:30.082722] {Default Queue}  -> zwlr_layer_surface_v1#53.ack_configure(199)
[18:58:30.082723] {Default Queue} zwlr_layer_surface_v1#106.configure(200, 320, 72)
[18:58:30.082725] {Default Queue}  -> zwlr_layer_surface_v1#106.ack_configure(200)
[18:58:30.082726] {Default Queue} wl_buffer#96.release()
[18:58:30.082728] {Default Queue}  -> wl_buffer#96.destroy()
[18:58:30.082729] {Default Queue}  -> wl_shm_pool#73.destroy()
[18:58:30.082811] {Default Queue} wl_pointer#33.leave(201, nil)
[18:58:30.082822] {Default Queue} wl_pointer#33.frame()
[18:58:30.082835] {Default Queue}  -> xdg_toplevel_icon_v1#94.destroy()
[18:58:30.082953]  -> wl_surface#48.commit()
[18:58:30.082965]  -> wl_surface#49.commit()
[18:58:30.082972]  -> wl_surface#102.commit()
[18:58:30.083401]  -> wl_surface#59.attach(wl_buffer#85, 0, 0)
[18:58:30.083404]  -> wl_surface#59.damage_buffer(0, 0, 1280, 48)
[18:58:30.083406]  -> wl_surface#59.frame(new id wl_callback#95)
[18:58:30.083408] {Default Queue}  -> wp_presentation#20.feedback(wl_surface#59, new id wp_presentation_feedback#78)
[18:58:30.083410]  -> wl_surface#59.commit()
[18:58:30.083468] {Display Queue} wl_display#1.delete_id(96)
[18:58:30.083470] {Display Queue} wl_display#1.delete_id(73)
[18:58:30.083471] {Display Queue} wl_display#1.delete_id(94)
[18:58:30.083471] {Default Queue} wl_buffer#92.release()
[18:58:30.093490]  -> wl_surface#48.attach(wl_buffer#77, 0, 0)
[18:58:30.093498]  -> wl_surface#48.damage_buffer(0, 0, 1280, 48)
[18:58:30.093501]  -> wl_surface#48.frame(new id wl_callback#94)
[18:58:30.093504] {Default Queue}  -> wp_presentation#20.feedback(wl_surface#48, new id wp_presentation_feedback#73)
[18:58:30.093507]  -> wl_surface#48.commit()
[18:58:30.093592] {Default Queue} wl_buffer#75.release()
[18:58:30.098746] {Display Queue} wl_display#1.delete_id(95)
[18:58:30.098753] {Display Queue} wl_display#1.delete_id(78)
[18:58:30.098754] {Default Queue} wl_callback#95.done(20683714)
[18:58:30.098763] {Default Queue} wp_presentation_feedback#78.sync_output(wl_output#31)
[18:58:30.098764] {Default Queue} wp_presentation_feedback#78.presented(0, 20683, 714515178, 0, 0, 0, 0)
[18:58:30.104660] {Display Queue} wl_display#1.delete_id(94)
[18:58:30.104666] {Display Queue} wl_display#1.delete_id(73)
[18:58:30.104668] {Default Queue} wl_callback#94.done(20683720)
[18:58:30.104676] {Default Queue} wp_presentation_feedback#73.sync_output(wl_output#28)
[18:58:30.104677] {Default Queue} wp_presentation_feedback#73.presented(0, 20683, 720428701, 0, 0, 0, 0)
[18:58:30.175318]  -> wl_surface#48.attach(wl_buffer#75, 0, 0)
[18:58:30.175325]  -> wl_surface#48.damage_buffer(0, 0, 1280, 48)
[18:58:30.175327]  -> wl_surface#48.frame(new id wl_callback#73)
[18:58:30.175329] {Default Queue}  -> wp_presentation#20.feedback(wl_surface#48, new id wp_presentation_feedback#94)
[18:58:30.175331]  -> wl_surface#48.commit()
[18:58:30.175368] {Default Queue} wl_buffer#77.release()
[18:58:30.190839] {Display Queue} wl_display#1.delete_id(73)
[18:58:30.190847] {Display Queue} wl_display#1.delete_id(94)
[18:58:30.190848] {Default Queue} wl_callback#73.done(20683806)
[18:58:30.190854] {Default Queue} wp_presentation_feedback#94.sync_output(wl_output#28)
[18:58:30.190856] {Default Queue} wp_presentation_feedback#94.presented(0, 20683, 806609882, 0, 0, 0, 0)
[18:58:30.774200] {Default Queue}  -> zwlr_layer_surface_v1#106.destroy()
[18:58:30.774217]  -> wl_surface#102.attach(nil, 0, 0)
[18:58:30.774219]  -> wl_surface#102.commit()
[18:58:30.774260] {Default Queue}  -> wl_buffer#103.destroy()
[18:58:30.774262] {Default Queue}  -> wl_shm_pool#99.destroy()
[18:58:30.774288] {Default Queue}  -> wp_viewport#100.destroy()
[18:58:30.774289] {Default Queue}  -> wp_fractional_scale_v1#97.destroy()
[18:58:30.774291]  -> wl_surface#102.destroy()
[18:58:30.774304] {Default Queue}  -> xdg_toplevel_icon_v1#69.destroy()
[18:58:30.774644] {Display Queue} wl_display#1.delete_id(106)
[18:58:30.774646] {Display Queue} wl_display#1.delete_id(103)
[18:58:30.774647] {Display Queue} wl_display#1.delete_id(99)
[18:58:30.774648] {Display Queue} wl_display#1.delete_id(100)
[18:58:30.774648] {Display Queue} wl_display#1.delete_id(97)
[18:58:30.774649] {Display Queue} wl_display#1.delete_id(102)
[18:58:30.774649] {Display Queue} wl_display#1.delete_id(69)
[18:58:30.774650] {Default Queue} zwlr_layer_surface_v1#58.configure(205, 1280, 48)
[18:58:30.774656] {Default Queue}  -> zwlr_layer_surface_v1#58.ack_configure(205)
[18:58:30.774657] {Default Queue} zwlr_layer_surface_v1#53.configure(206, 1280, 720)
[18:58:30.774659] {Default Queue}  -> zwlr_layer_surface_v1#53.ack_configure(206)
[18:58:30.774659] {Default Queue} wl_buffer#101.release()
[18:58:30.774661] {Default Queue}  -> wl_buffer#101.destroy()
[18:58:30.774662] {Default Queue}  -> wl_shm_pool#109.destroy()
[18:58:30.774680]  -> wl_surface#48.commit()
[18:58:30.774689]  -> wl_surface#49.commit()
[18:58:30.777705] {Default Queue}  -> wl_compositor#4.create_surface(new id wl_surface#69)
[18:58:30.777710] {Default Queue}  -> wp_fractional_scale_manager_v1#11.get_fractional_scale(new id wp_fractional_scale_v1#102, wl_surface#69)
[18:58:30.777712] {Default Queue}  -> wp_viewporter#10.get_viewport(new id wp_viewport#97, wl_surface#69)
[18:58:30.777732] {Default Queue}  -> xdg_toplevel_icon_manager_v1#9.create_icon(new id xdg_toplevel_icon_v1#100)
[18:58:30.777744] {Default Queue}  -> zwlr_layer_shell_v1#45.get_layer_surface(new id zwlr_layer_surface_v1#99, wl_surface#69, wl_output#28, 3, "pearl:osd")
[18:58:30.777746] {Default Queue}  -> zwlr_layer_surface_v1#99.set_keyboard_interactivity(0)
[18:58:30.777747] {Default Queue}  -> zwlr_layer_surface_v1#99.set_exclusive_zone(0)
[18:58:30.777748] {Default Queue}  -> zwlr_layer_surface_v1#99.set_anchor(2)
[18:58:30.777748] {Default Queue}  -> zwlr_layer_surface_v1#99.set_margin(0, 0, 24, 0)
[18:58:30.777750] {Default Queue}  -> zwlr_layer_surface_v1#99.set_size(200, 200)
[18:58:30.777753]  -> wl_surface#69.commit()
[18:58:30.777775] {Default Queue}  -> xdg_activation_v1#15.get_activation_token(new id xdg_activation_token_v1#103)
[18:58:30.777777]  -> xdg_activation_token_v1#103.set_serial(154, wl_seat#3)
[18:58:30.777779]  -> xdg_activation_token_v1#103.commit()
[18:58:30.777880] {Display Queue} wl_display#1.delete_id(101)
[18:58:30.777883] {Display Queue} wl_display#1.delete_id(109)
[18:58:30.777886] xdg_activation_token_v1#103.done("b3e5a9885f5e4d8287e3d796a47a4127")
[18:58:30.777888]  -> xdg_activation_token_v1#103.destroy()
[18:58:30.777889] {Default Queue}  -> xdg_activation_v1#15.activate("b3e5a9885f5e4d8287e3d796a47a4127", wl_surface#69)
[18:58:30.777912] {Default Queue} zwlr_layer_surface_v1#58.configure(207, 1280, 48)
[18:58:30.777917] {Default Queue}  -> zwlr_layer_surface_v1#58.ack_configure(207)
[18:58:30.777919] {Default Queue} zwlr_layer_surface_v1#53.configure(208, 1280, 720)
[18:58:30.777921] {Default Queue}  -> zwlr_layer_surface_v1#53.ack_configure(208)
[18:58:30.777922] {Default Queue} zwlr_layer_surface_v1#99.configure(209, 200, 200)
[18:58:30.778166] {Default Queue}  -> zwlr_layer_surface_v1#99.ack_configure(209)
[18:58:30.778417] {Default Queue}  -> wl_shm#5.create_pool(new id wl_shm_pool#109, fd 17, 92160)
[18:58:30.778424] {Default Queue}  -> wl_shm_pool#109.create_buffer(new id wl_buffer#101, 0, 320, 72, 1280, 0)
[18:58:30.778534] {Default Queue}  -> zwlr_layer_surface_v1#99.set_size(320, 72)
[18:58:30.778537] {Default Queue}  -> wl_compositor#4.create_region(new id wl_region#106)
[18:58:30.778538] {Default Queue}  -> wl_region#106.add(14, 0, 292, 72)
[18:58:30.778540]  -> wl_surface#69.set_opaque_region(wl_region#106)
[18:58:30.778541] {Default Queue}  -> wl_region#106.destroy()
[18:58:30.778542] {Default Queue}  -> wl_compositor#4.create_region(new id wl_region#94)
[18:58:30.778543]  -> wl_surface#69.set_input_region(wl_region#94)
[18:58:30.778543] {Default Queue}  -> wl_region#94.destroy()
[18:58:30.778544] {Default Queue}  -> wp_viewport#97.set_destination(320, 72)
[18:58:30.778545]  -> wl_surface#69.attach(wl_buffer#101, 0, 0)
[18:58:30.778546]  -> wl_surface#69.damage_buffer(0, 0, 320, 72)
[18:58:30.778547]  -> wl_surface#69.frame(new id wl_callback#73)
[18:58:30.778549] {Default Queue}  -> wp_presentation#20.feedback(wl_surface#69, new id wp_presentation_feedback#78)
[18:58:30.778551]  -> wl_surface#69.commit()
[18:58:30.778600] {Default Queue}  -> xdg_activation_v1#15.get_activation_token(new id xdg_activation_token_v1#95)
[18:58:30.778602]  -> xdg_activation_token_v1#95.set_serial(154, wl_seat#3)
[18:58:30.778603]  -> xdg_activation_token_v1#95.commit()
[18:58:30.778689] {Display Queue} wl_display#1.delete_id(103)
[18:58:30.778692] {Display Queue} wl_display#1.delete_id(106)
[18:58:30.778693] {Display Queue} wl_display#1.delete_id(94)
[18:58:30.778695] xdg_activation_token_v1#95.done("eaf8036eececf86ba1193b4e6eebce65")
[18:58:30.778697]  -> xdg_activation_token_v1#95.destroy()
[18:58:30.778698] {Default Queue}  -> xdg_activation_v1#15.activate("eaf8036eececf86ba1193b4e6eebce65", wl_surface#69)
[18:58:30.778715] {Default Queue} zwlr_layer_surface_v1#58.configure(210, 1280, 48)
[18:58:30.778719] {Default Queue}  -> zwlr_layer_surface_v1#58.ack_configure(210)
[18:58:30.778721] {Default Queue} zwlr_layer_surface_v1#53.configure(211, 1280, 720)
[18:58:30.778722] {Default Queue}  -> zwlr_layer_surface_v1#53.ack_configure(211)
[18:58:30.778723] {Default Queue} zwlr_layer_surface_v1#99.configure(212, 320, 72)
[18:58:30.778799] {Default Queue}  -> zwlr_layer_surface_v1#99.ack_configure(212)
[18:58:30.778800] {Default Queue} wp_fractional_scale_v1#102.preferred_scale(120)
[18:58:30.778802] {Default Queue} zwlr_layer_surface_v1#58.configure(213, 1280, 48)
[18:58:30.778803] {Default Queue}  -> zwlr_layer_surface_v1#58.ack_configure(213)
[18:58:30.778804] {Default Queue} zwlr_layer_surface_v1#53.configure(214, 1280, 720)
[18:58:30.778805] {Default Queue}  -> zwlr_layer_surface_v1#53.ack_configure(214)
[18:58:30.778806] {Default Queue} zwlr_layer_surface_v1#99.configure(215, 320, 72)
[18:58:30.778807] {Default Queue}  -> zwlr_layer_surface_v1#99.ack_configure(215)
[18:58:30.778808] wl_surface#69.enter(wl_output#28)
[18:58:30.778814] wl_surface#69.preferred_buffer_scale(1)
[18:58:30.778922] {Default Queue}  -> xdg_activation_v1#15.get_activation_token(new id xdg_activation_token_v1#94)
[18:58:30.778927]  -> xdg_activation_token_v1#94.set_serial(154, wl_seat#3)
[18:58:30.778929]  -> xdg_activation_token_v1#94.commit()
[18:58:30.778945] {Display Queue} wl_display#1.delete_id(95)
[18:58:30.778947] xdg_activation_token_v1#94.done("a8dba64103a46861051a8f77685ba240")
[18:58:30.778949]  -> xdg_activation_token_v1#94.destroy()
[18:58:30.778950] {Default Queue}  -> xdg_activation_v1#15.activate("a8dba64103a46861051a8f77685ba240", wl_surface#69)
[18:58:30.779062] {Default Queue}  -> xdg_activation_v1#15.get_activation_token(new id xdg_activation_token_v1#95)
[18:58:30.779066]  -> xdg_activation_token_v1#95.set_serial(154, wl_seat#3)
[18:58:30.779067]  -> xdg_activation_token_v1#95.commit()
[18:58:30.779083] {Display Queue} wl_display#1.delete_id(94)
[18:58:30.779085] xdg_activation_token_v1#95.done("0152155e8d91e30f3ffb95c110346c67")
[18:58:30.779086]  -> xdg_activation_token_v1#95.destroy()
[18:58:30.779087] {Default Queue}  -> xdg_activation_v1#15.activate("0152155e8d91e30f3ffb95c110346c67", wl_surface#69)
[18:58:30.779187] {Default Queue}  -> xdg_activation_v1#15.get_activation_token(new id xdg_activation_token_v1#94)
[18:58:30.779189]  -> xdg_activation_token_v1#94.set_serial(154, wl_seat#3)
[18:58:30.779191]  -> xdg_activation_token_v1#94.commit()
[18:58:30.779212] {Display Queue} wl_display#1.delete_id(95)
[18:58:30.779215] xdg_activation_token_v1#94.done("8e024360160ad15d2ce02d2bf78b9f01")
[18:58:30.779217]  -> xdg_activation_token_v1#94.destroy()
[18:58:30.779218] {Default Queue}  -> xdg_activation_v1#15.activate("8e024360160ad15d2ce02d2bf78b9f01", wl_surface#69)
[18:58:30.779297] {Default Queue}  -> xdg_activation_v1#15.get_activation_token(new id xdg_activation_token_v1#95)
[18:58:30.779299]  -> xdg_activation_token_v1#95.set_serial(154, wl_seat#3)
[18:58:30.779300]  -> xdg_activation_token_v1#95.commit()
[18:58:30.779307] {Display Queue} wl_display#1.delete_id(94)
[18:58:30.779308] xdg_activation_token_v1#95.done("6f769ed189826a3941530d8d751262e7")
[18:58:30.779308]  -> xdg_activation_token_v1#95.destroy()
[18:58:30.779309] {Default Queue}  -> xdg_activation_v1#15.activate("6f769ed189826a3941530d8d751262e7", wl_surface#69)
[18:58:30.779353] {Default Queue}  -> xdg_activation_v1#15.get_activation_token(new id xdg_activation_token_v1#94)
[18:58:30.779354]  -> xdg_activation_token_v1#94.set_serial(154, wl_seat#3)
[18:58:30.779354]  -> xdg_activation_token_v1#94.commit()
[18:58:30.779364] {Display Queue} wl_display#1.delete_id(95)
[18:58:30.779365] xdg_activation_token_v1#94.done("1de0c26a3cdcdb694686acc55812b1e1")
[18:58:30.779365]  -> xdg_activation_token_v1#94.destroy()
[18:58:30.779366] {Default Queue}  -> xdg_activation_v1#15.activate("1de0c26a3cdcdb694686acc55812b1e1", wl_surface#69)
[18:58:30.779438] {Default Queue}  -> xdg_activation_v1#15.get_activation_token(new id xdg_activation_token_v1#95)
[18:58:30.779451]  -> xdg_activation_token_v1#95.set_serial(154, wl_seat#3)
[18:58:30.779456]  -> xdg_activation_token_v1#95.commit()
[18:58:30.779463] {Display Queue} wl_display#1.delete_id(94)
[18:58:30.779464] xdg_activation_token_v1#95.done("177b10a232d31e8d3d976d1275fd279a")
[18:58:30.779465]  -> xdg_activation_token_v1#95.destroy()
[18:58:30.779465] {Default Queue}  -> xdg_activation_v1#15.activate("177b10a232d31e8d3d976d1275fd279a", wl_surface#69)
[18:58:30.779542] {Default Queue}  -> xdg_activation_v1#15.get_activation_token(new id xdg_activation_token_v1#94)
[18:58:30.779544]  -> xdg_activation_token_v1#94.set_serial(154, wl_seat#3)
[18:58:30.779545]  -> xdg_activation_token_v1#94.commit()
[18:58:30.779553] {Display Queue} wl_display#1.delete_id(95)
[18:58:30.779557] xdg_activation_token_v1#94.done("8203d42cd66e4336b25fd5fb63699cf7")
[18:58:30.779559]  -> xdg_activation_token_v1#94.destroy()
[18:58:30.779561] {Default Queue}  -> xdg_activation_v1#15.activate("8203d42cd66e4336b25fd5fb63699cf7", wl_surface#69)
[18:58:30.779619] {Default Queue}  -> xdg_activation_v1#15.get_activation_token(new id xdg_activation_token_v1#95)
[18:58:30.779621]  -> xdg_activation_token_v1#95.set_serial(154, wl_seat#3)
[18:58:30.779622]  -> xdg_activation_token_v1#95.commit()
[18:58:30.779629] {Display Queue} wl_display#1.delete_id(94)
[18:58:30.779630] xdg_activation_token_v1#95.done("5cc8a1fbd9772c5cf0a1a38227ffdad7")
[18:58:30.779631]  -> xdg_activation_token_v1#95.destroy()
[18:58:30.779632] {Default Queue}  -> xdg_activation_v1#15.activate("5cc8a1fbd9772c5cf0a1a38227ffdad7", wl_surface#69)
[18:58:30.779699] {Default Queue}  -> xdg_activation_v1#15.get_activation_token(new id xdg_activation_token_v1#94)
[18:58:30.779704]  -> xdg_activation_token_v1#94.set_serial(154, wl_seat#3)
[18:58:30.779706]  -> xdg_activation_token_v1#94.commit()
[18:58:30.779719] {Display Queue} wl_display#1.delete_id(95)
[18:58:30.779721] xdg_activation_token_v1#94.done("9f24a8bb1d7edee78aecd726a8c2cc3f")
[18:58:30.779722]  -> xdg_activation_token_v1#94.destroy()
[18:58:30.779723] {Default Queue}  -> xdg_activation_v1#15.activate("9f24a8bb1d7edee78aecd726a8c2cc3f", wl_surface#69)
[18:58:30.779790] {Default Queue}  -> xdg_activation_v1#15.get_activation_token(new id xdg_activation_token_v1#95)
[18:58:30.779791]  -> xdg_activation_token_v1#95.set_serial(154, wl_seat#3)
[18:58:30.779792]  -> xdg_activation_token_v1#95.commit()
[18:58:30.779806] {Display Queue} wl_display#1.delete_id(94)
[18:58:30.779807] xdg_activation_token_v1#95.done("58b3808c22ef24710c2097ce4cdddfc5")
[18:58:30.779808]  -> xdg_activation_token_v1#95.destroy()
[18:58:30.779809] {Default Queue}  -> xdg_activation_v1#15.activate("58b3808c22ef24710c2097ce4cdddfc5", wl_surface#69)
[18:58:30.779856] {Default Queue}  -> xdg_activation_v1#15.get_activation_token(new id xdg_activation_token_v1#94)
[18:58:30.779857]  -> xdg_activation_token_v1#94.set_serial(154, wl_seat#3)
[18:58:30.779857]  -> xdg_activation_token_v1#94.commit()
[18:58:30.779864] {Display Queue} wl_display#1.delete_id(95)
[18:58:30.779865] xdg_activation_token_v1#94.done("7d6fca5662273fed2ad6b98dd977ab1e")
[18:58:30.779866]  -> xdg_activation_token_v1#94.destroy()
[18:58:30.779866] {Default Queue}  -> xdg_activation_v1#15.activate("7d6fca5662273fed2ad6b98dd977ab1e", wl_surface#69)
[18:58:30.779903] {Default Queue}  -> xdg_activation_v1#15.get_activation_token(new id xdg_activation_token_v1#95)
[18:58:30.779904]  -> xdg_activation_token_v1#95.set_serial(154, wl_seat#3)
[18:58:30.779905]  -> xdg_activation_token_v1#95.commit()
[18:58:30.779911] {Display Queue} wl_display#1.delete_id(94)
[18:58:30.779912] xdg_activation_token_v1#95.done("b7e8b67f0c314fb5f00fe4510ad3cf75")
[18:58:30.779913]  -> xdg_activation_token_v1#95.destroy()
[18:58:30.779914] {Default Queue}  -> xdg_activation_v1#15.activate("b7e8b67f0c314fb5f00fe4510ad3cf75", wl_surface#69)
[18:58:30.779955] {Default Queue}  -> xdg_activation_v1#15.get_activation_token(new id xdg_activation_token_v1#94)
[18:58:30.779956]  -> xdg_activation_token_v1#94.set_serial(154, wl_seat#3)
[18:58:30.779957]  -> xdg_activation_token_v1#94.commit()
[18:58:30.779970] {Display Queue} wl_display#1.delete_id(95)
[18:58:30.779973] xdg_activation_token_v1#94.done("00c1fc255d641dbc297d87ab3dc5157c")
[18:58:30.779974]  -> xdg_activation_token_v1#94.destroy()
[18:58:30.779975] {Default Queue}  -> xdg_activation_v1#15.activate("00c1fc255d641dbc297d87ab3dc5157c", wl_surface#69)
[18:58:30.780073] {Default Queue}  -> xdg_activation_v1#15.get_activation_token(new id xdg_activation_token_v1#95)
[18:58:30.780075]  -> xdg_activation_token_v1#95.set_serial(154, wl_seat#3)
[18:58:30.780076]  -> xdg_activation_token_v1#95.commit()
[18:58:30.780089] {Display Queue} wl_display#1.delete_id(94)
[18:58:30.780093] xdg_activation_token_v1#95.done("ad8c8a6fee5eca04407dc0adc220961c")
[18:58:30.780096]  -> xdg_activation_token_v1#95.destroy()
[18:58:30.780097] {Default Queue}  -> xdg_activation_v1#15.activate("ad8c8a6fee5eca04407dc0adc220961c", wl_surface#69)
[18:58:30.780164] {Default Queue}  -> xdg_activation_v1#15.get_activation_token(new id xdg_activation_token_v1#94)
[18:58:30.780165]  -> xdg_activation_token_v1#94.set_serial(154, wl_seat#3)
[18:58:30.780166]  -> xdg_activation_token_v1#94.commit()
[18:58:30.780173] {Display Queue} wl_display#1.delete_id(95)
[18:58:30.780174] xdg_activation_token_v1#94.done("26c590f79dad86ca10ab57aa1da7ada1")
[18:58:30.780174]  -> xdg_activation_token_v1#94.destroy()
[18:58:30.780175] {Default Queue}  -> xdg_activation_v1#15.activate("26c590f79dad86ca10ab57aa1da7ada1", wl_surface#69)
[18:58:30.780249] {Default Queue}  -> xdg_activation_v1#15.get_activation_token(new id xdg_activation_token_v1#95)
[18:58:30.780250]  -> xdg_activation_token_v1#95.set_serial(154, wl_seat#3)
[18:58:30.780251]  -> xdg_activation_token_v1#95.commit()
[18:58:30.780257] {Display Queue} wl_display#1.delete_id(94)
[18:58:30.780257] xdg_activation_token_v1#95.done("dd715debe6347d9ef3745c1281dcdc68")
[18:58:30.780258]  -> xdg_activation_token_v1#95.destroy()
[18:58:30.780259] {Default Queue}  -> xdg_activation_v1#15.activate("dd715debe6347d9ef3745c1281dcdc68", wl_surface#69)
[18:58:30.780320] {Default Queue}  -> xdg_activation_v1#15.get_activation_token(new id xdg_activation_token_v1#94)
[18:58:30.780321]  -> xdg_activation_token_v1#94.set_serial(154, wl_seat#3)
[18:58:30.780322]  -> xdg_activation_token_v1#94.commit()
[18:58:30.780327] {Display Queue} wl_display#1.delete_id(95)
[18:58:30.780328] xdg_activation_token_v1#94.done("d55b06f23b5d46dc6ab6303592d6bf13")
[18:58:30.780328]  -> xdg_activation_token_v1#94.destroy()
[18:58:30.780329] {Default Queue}  -> xdg_activation_v1#15.activate("d55b06f23b5d46dc6ab6303592d6bf13", wl_surface#69)
[18:58:30.780373] {Default Queue}  -> xdg_activation_v1#15.get_activation_token(new id xdg_activation_token_v1#95)
[18:58:30.780374]  -> xdg_activation_token_v1#95.set_serial(154, wl_seat#3)
[18:58:30.780374]  -> xdg_activation_token_v1#95.commit()
[18:58:30.780378] {Display Queue} wl_display#1.delete_id(94)
[18:58:30.780379] xdg_activation_token_v1#95.done("bf549149b999d4dd5b500d3323128d56")
[18:58:30.780380]  -> xdg_activation_token_v1#95.destroy()
[18:58:30.780380] {Default Queue}  -> xdg_activation_v1#15.activate("bf549149b999d4dd5b500d3323128d56", wl_surface#69)
[18:58:30.780411] {Default Queue}  -> xdg_activation_v1#15.get_activation_token(new id xdg_activation_token_v1#94)
[18:58:30.780412]  -> xdg_activation_token_v1#94.set_serial(154, wl_seat#3)
[18:58:30.780412]  -> xdg_activation_token_v1#94.commit()
[18:58:30.780417] {Display Queue} wl_display#1.delete_id(95)
[18:58:30.780417] xdg_activation_token_v1#94.done("fa44d5b035b8786374a88506296bdce8")
[18:58:30.780418]  -> xdg_activation_token_v1#94.destroy()
[18:58:30.780418] {Default Queue}  -> xdg_activation_v1#15.activate("fa44d5b035b8786374a88506296bdce8", wl_surface#69)
[18:58:30.780451] {Default Queue}  -> xdg_activation_v1#15.get_activation_token(new id xdg_activation_token_v1#95)
[18:58:30.780452]  -> xdg_activation_token_v1#95.set_serial(154, wl_seat#3)
[18:58:30.780452]  -> xdg_activation_token_v1#95.commit()
[18:58:30.780457] {Display Queue} wl_display#1.delete_id(94)
[18:58:30.780458] xdg_activation_token_v1#95.done("f264631be0254500a5fe8ebc88657615")
[18:58:30.780458]  -> xdg_activation_token_v1#95.destroy()
[18:58:30.780459] {Default Queue}  -> xdg_activation_v1#15.activate("f264631be0254500a5fe8ebc88657615", wl_surface#69)
[18:58:30.780489] {Default Queue}  -> xdg_activation_v1#15.get_activation_token(new id xdg_activation_token_v1#94)
[18:58:30.780490]  -> xdg_activation_token_v1#94.set_serial(154, wl_seat#3)
[18:58:30.780491]  -> xdg_activation_token_v1#94.commit()
[18:58:30.780495] {Display Queue} wl_display#1.delete_id(95)
[18:58:30.780496] xdg_activation_token_v1#94.done("cc3dec7e571dab0000750b58d5d3577f")
[18:58:30.780497]  -> xdg_activation_token_v1#94.destroy()
[18:58:30.780497] {Default Queue}  -> xdg_activation_v1#15.activate("cc3dec7e571dab0000750b58d5d3577f", wl_surface#69)
[18:58:30.780563] {Default Queue}  -> xdg_activation_v1#15.get_activation_token(new id xdg_activation_token_v1#95)
[18:58:30.780564]  -> xdg_activation_token_v1#95.set_serial(154, wl_seat#3)
[18:58:30.780565]  -> xdg_activation_token_v1#95.commit()
[18:58:30.780570] {Display Queue} wl_display#1.delete_id(94)
[18:58:30.780570] xdg_activation_token_v1#95.done("0b141083165347bb2b456b1b5e9f869d")
[18:58:30.780571]  -> xdg_activation_token_v1#95.destroy()
[18:58:30.780571] {Default Queue}  -> xdg_activation_v1#15.activate("0b141083165347bb2b456b1b5e9f869d", wl_surface#69)
[18:58:30.780641] {Default Queue}  -> xdg_activation_v1#15.get_activation_token(new id xdg_activation_token_v1#94)
[18:58:30.780642]  -> xdg_activation_token_v1#94.set_serial(154, wl_seat#3)
[18:58:30.780642]  -> xdg_activation_token_v1#94.commit()
[18:58:30.780647] {Display Queue} wl_display#1.delete_id(95)
[18:58:30.780647] xdg_activation_token_v1#94.done("2fa3b1c859370f0493ded8ed87c5aad0")
[18:58:30.780648]  -> xdg_activation_token_v1#94.destroy()
[18:58:30.780649] {Default Queue}  -> xdg_activation_v1#15.activate("2fa3b1c859370f0493ded8ed87c5aad0", wl_surface#69)
[18:58:30.780697] {Default Queue}  -> xdg_activation_v1#15.get_activation_token(new id xdg_activation_token_v1#95)
[18:58:30.780699]  -> xdg_activation_token_v1#95.set_serial(154, wl_seat#3)
[18:58:30.780700]  -> xdg_activation_token_v1#95.commit()
[18:58:30.780709] {Display Queue} wl_display#1.delete_id(94)
[18:58:30.780711] xdg_activation_token_v1#95.done("8cf9d76dd780246acbb93e1859139a0d")
[18:58:30.780712]  -> xdg_activation_token_v1#95.destroy()
[18:58:30.780714] {Default Queue}  -> xdg_activation_v1#15.activate("8cf9d76dd780246acbb93e1859139a0d", wl_surface#69)
[18:58:30.780770] {Default Queue}  -> xdg_activation_v1#15.get_activation_token(new id xdg_activation_token_v1#94)
[18:58:30.780771]  -> xdg_activation_token_v1#94.set_serial(154, wl_seat#3)
[18:58:30.780772]  -> xdg_activation_token_v1#94.commit()
[18:58:30.780778] {Display Queue} wl_display#1.delete_id(95)
[18:58:30.780779] xdg_activation_token_v1#94.done("7ac05e9ae5d123bf7cfb2785b95534a3")
[18:58:30.780780]  -> xdg_activation_token_v1#94.destroy()
[18:58:30.780781] {Default Queue}  -> xdg_activation_v1#15.activate("7ac05e9ae5d123bf7cfb2785b95534a3", wl_surface#69)
[18:58:30.780831] {Default Queue}  -> xdg_activation_v1#15.get_activation_token(new id xdg_activation_token_v1#95)
[18:58:30.780832]  -> xdg_activation_token_v1#95.set_serial(154, wl_seat#3)
[18:58:30.780833]  -> xdg_activation_token_v1#95.commit()
[18:58:30.780839] {Display Queue} wl_display#1.delete_id(94)
[18:58:30.780840] xdg_activation_token_v1#95.done("1e2e0a8cbdb4d1608bfa1bd23ebcd283")
[18:58:30.780840]  -> xdg_activation_token_v1#95.destroy()
[18:58:30.780841] {Default Queue}  -> xdg_activation_v1#15.activate("1e2e0a8cbdb4d1608bfa1bd23ebcd283", wl_surface#69)
[18:58:30.780918] {Default Queue}  -> xdg_activation_v1#15.get_activation_token(new id xdg_activation_token_v1#94)
[18:58:30.780919]  -> xdg_activation_token_v1#94.set_serial(154, wl_seat#3)
[18:58:30.780919]  -> xdg_activation_token_v1#94.commit()
[18:58:30.780925] {Display Queue} wl_display#1.delete_id(95)
[18:58:30.780925] xdg_activation_token_v1#94.done("947a6911b5e9af365b6fe160d83bef06")
[18:58:30.780926]  -> xdg_activation_token_v1#94.destroy()
[18:58:30.780927] {Default Queue}  -> xdg_activation_v1#15.activate("947a6911b5e9af365b6fe160d83bef06", wl_surface#69)
[18:58:30.780970] {Default Queue}  -> xdg_activation_v1#15.get_activation_token(new id xdg_activation_token_v1#95)
[18:58:30.780970]  -> xdg_activation_token_v1#95.set_serial(154, wl_seat#3)
[18:58:30.780971]  -> xdg_activation_token_v1#95.commit()
[18:58:30.780976] {Display Queue} wl_display#1.delete_id(94)
[18:58:30.780977] xdg_activation_token_v1#95.done("9615e9d46a6a7f108a44f952625e3921")
[18:58:30.780978]  -> xdg_activation_token_v1#95.destroy()
[18:58:30.780978] {Default Queue}  -> xdg_activation_v1#15.activate("9615e9d46a6a7f108a44f952625e3921", wl_surface#69)
[18:58:30.781011] {Default Queue}  -> xdg_activation_v1#15.get_activation_token(new id xdg_activation_token_v1#94)
[18:58:30.781012]  -> xdg_activation_token_v1#94.set_serial(154, wl_seat#3)
[18:58:30.781013]  -> xdg_activation_token_v1#94.commit()
[18:58:30.781020] {Display Queue} wl_display#1.delete_id(95)
[18:58:30.781020] xdg_activation_token_v1#94.done("e0cd97404f376033f0dfc6e47518c227")
[18:58:30.781021]  -> xdg_activation_token_v1#94.destroy()
[18:58:30.781022] {Default Queue}  -> xdg_activation_v1#15.activate("e0cd97404f376033f0dfc6e47518c227", wl_surface#69)
[18:58:30.781076] {Default Queue}  -> xdg_activation_v1#15.get_activation_token(new id xdg_activation_token_v1#95)
[18:58:30.781077]  -> xdg_activation_token_v1#95.set_serial(154, wl_seat#3)
[18:58:30.781078]  -> xdg_activation_token_v1#95.commit()
[18:58:30.781083] {Display Queue} wl_display#1.delete_id(94)
[18:58:30.781084] xdg_activation_token_v1#95.done("4dc8ad4626c4d25e77158d688bd8820e")
[18:58:30.781085]  -> xdg_activation_token_v1#95.destroy()
[18:58:30.781086] {Default Queue}  -> xdg_activation_v1#15.activate("4dc8ad4626c4d25e77158d688bd8820e", wl_surface#69)
[18:58:30.781138] {Default Queue}  -> xdg_activation_v1#15.get_activation_token(new id xdg_activation_token_v1#94)
[18:58:30.781139]  -> xdg_activation_token_v1#94.set_serial(154, wl_seat#3)
[18:58:30.781139]  -> xdg_activation_token_v1#94.commit()
[18:58:30.781143] {Display Queue} wl_display#1.delete_id(95)
[18:58:30.781144] xdg_activation_token_v1#94.done("74a47ed5ca233a52b0d40404c2991805")
[18:58:30.781145]  -> xdg_activation_token_v1#94.destroy()
[18:58:30.781145] {Default Queue}  -> xdg_activation_v1#15.activate("74a47ed5ca233a52b0d40404c2991805", wl_surface#69)
[18:58:30.781197] {Default Queue}  -> xdg_activation_v1#15.get_activation_token(new id xdg_activation_token_v1#95)
[18:58:30.781198]  -> xdg_activation_token_v1#95.set_serial(154, wl_seat#3)
[18:58:30.781198]  -> xdg_activation_token_v1#95.commit()
[18:58:30.781202] {Display Queue} wl_display#1.delete_id(94)
[18:58:30.781203] xdg_activation_token_v1#95.done("8bd9a3f03b3641a51d2daa2dbbfd9dbc")
[18:58:30.781204]  -> xdg_activation_token_v1#95.destroy()
[18:58:30.781204] {Default Queue}  -> xdg_activation_v1#15.activate("8bd9a3f03b3641a51d2daa2dbbfd9dbc", wl_surface#69)
[18:58:30.781252] {Default Queue}  -> xdg_activation_v1#15.get_activation_token(new id xdg_activation_token_v1#94)
[18:58:30.781253]  -> xdg_activation_token_v1#94.set_serial(154, wl_seat#3)
[18:58:30.781253]  -> xdg_activation_token_v1#94.commit()
[18:58:30.781260] {Display Queue} wl_display#1.delete_id(95)
[18:58:30.781261] xdg_activation_token_v1#94.done("cbbdf701ff622008ad474e8dcdb7b4ec")
[18:58:30.781261]  -> xdg_activation_token_v1#94.destroy()
[18:58:30.781262] {Default Queue}  -> xdg_activation_v1#15.activate("cbbdf701ff622008ad474e8dcdb7b4ec", wl_surface#69)
[18:58:30.781300] {Default Queue}  -> xdg_activation_v1#15.get_activation_token(new id xdg_activation_token_v1#95)
[18:58:30.781301]  -> xdg_activation_token_v1#95.set_serial(154, wl_seat#3)
[18:58:30.781301]  -> xdg_activation_token_v1#95.commit()
[18:58:30.781305] {Display Queue} wl_display#1.delete_id(94)
[18:58:30.781306] xdg_activation_token_v1#95.done("6d1c4695344126fa85853cbb9fee5179")
[18:58:30.781306]  -> xdg_activation_token_v1#95.destroy()
[18:58:30.781307] {Default Queue}  -> xdg_activation_v1#15.activate("6d1c4695344126fa85853cbb9fee5179", wl_surface#69)
[18:58:30.781345] {Default Queue}  -> xdg_activation_v1#15.get_activation_token(new id xdg_activation_token_v1#94)
[18:58:30.781345]  -> xdg_activation_token_v1#94.set_serial(154, wl_seat#3)
[18:58:30.781346]  -> xdg_activation_token_v1#94.commit()
[18:58:30.781350] {Display Queue} wl_display#1.delete_id(95)
[18:58:30.781351] xdg_activation_token_v1#94.done("4619a2260c83a7b21c8688ffba8fdc81")
[18:58:30.781351]  -> xdg_activation_token_v1#94.destroy()
[18:58:30.781352] {Default Queue}  -> xdg_activation_v1#15.activate("4619a2260c83a7b21c8688ffba8fdc81", wl_surface#69)
[18:58:30.781388] {Default Queue}  -> xdg_activation_v1#15.get_activation_token(new id xdg_activation_token_v1#95)
[18:58:30.781389]  -> xdg_activation_token_v1#95.set_serial(154, wl_seat#3)
[18:58:30.781389]  -> xdg_activation_token_v1#95.commit()
[18:58:30.781393] {Display Queue} wl_display#1.delete_id(94)
[18:58:30.781394] xdg_activation_token_v1#95.done("006194cd5747ffc39f98132e98f35c78")
[18:58:30.781395]  -> xdg_activation_token_v1#95.destroy()
[18:58:30.781395] {Default Queue}  -> xdg_activation_v1#15.activate("006194cd5747ffc39f98132e98f35c78", wl_surface#69)
[18:58:30.781432] {Default Queue}  -> xdg_activation_v1#15.get_activation_token(new id xdg_activation_token_v1#94)
[18:58:30.781433]  -> xdg_activation_token_v1#94.set_serial(154, wl_seat#3)
[18:58:30.781433]  -> xdg_activation_token_v1#94.commit()
[18:58:30.781437] {Display Queue} wl_display#1.delete_id(95)
[18:58:30.781438] xdg_activation_token_v1#94.done("f49db7e9d7fee2b206e07902de8d5bb9")
[18:58:30.781439]  -> xdg_activation_token_v1#94.destroy()
[18:58:30.781439] {Default Queue}  -> xdg_activation_v1#15.activate("f49db7e9d7fee2b206e07902de8d5bb9", wl_surface#69)
[18:58:30.781469] {Default Queue}  -> xdg_activation_v1#15.get_activation_token(new id xdg_activation_token_v1#95)
[18:58:30.781470]  -> xdg_activation_token_v1#95.set_serial(154, wl_seat#3)
[18:58:30.781471]  -> xdg_activation_token_v1#95.commit()
[18:58:30.781475] {Display Queue} wl_display#1.delete_id(94)
[18:58:30.781476] xdg_activation_token_v1#95.done("041aeaee44e1c215457168e1ef085d4d")
[18:58:30.781477]  -> xdg_activation_token_v1#95.destroy()
[18:58:30.781477] {Default Queue}  -> xdg_activation_v1#15.activate("041aeaee44e1c215457168e1ef085d4d", wl_surface#69)
[18:58:30.781506] {Default Queue}  -> xdg_activation_v1#15.get_activation_token(new id xdg_activation_token_v1#94)
[18:58:30.781507]  -> xdg_activation_token_v1#94.set_serial(154, wl_seat#3)
[18:58:30.781507]  -> xdg_activation_token_v1#94.commit()
[18:58:30.781511] {Display Queue} wl_display#1.delete_id(95)
[18:58:30.781512] xdg_activation_token_v1#94.done("9112ef05ed0050fe5b9755605d6d271e")
[18:58:30.781513]  -> xdg_activation_token_v1#94.destroy()
[18:58:30.781513] {Default Queue}  -> xdg_activation_v1#15.activate("9112ef05ed0050fe5b9755605d6d271e", wl_surface#69)
[18:58:30.781542] {Default Queue}  -> xdg_activation_v1#15.get_activation_token(new id xdg_activation_token_v1#95)
[18:58:30.781543]  -> xdg_activation_token_v1#95.set_serial(154, wl_seat#3)
[18:58:30.781544]  -> xdg_activation_token_v1#95.commit()
[18:58:30.781548] {Display Queue} wl_display#1.delete_id(94)
[18:58:30.781549] xdg_activation_token_v1#95.done("4c83c2a0c961e4aa9e1c438df7ea995b")
[18:58:30.781549]  -> xdg_activation_token_v1#95.destroy()
[18:58:30.781550] {Default Queue}  -> xdg_activation_v1#15.activate("4c83c2a0c961e4aa9e1c438df7ea995b", wl_surface#69)
[18:58:30.781587] {Default Queue}  -> xdg_activation_v1#15.get_activation_token(new id xdg_activation_token_v1#94)
[18:58:30.781588]  -> xdg_activation_token_v1#94.set_serial(154, wl_seat#3)
[18:58:30.781588]  -> xdg_activation_token_v1#94.commit()
[18:58:30.781592] {Display Queue} wl_display#1.delete_id(95)
[18:58:30.781593] xdg_activation_token_v1#94.done("6a7bc9b4e5a22328f085ad4c0ec5d0c1")
[18:58:30.781594]  -> xdg_activation_token_v1#94.destroy()
[18:58:30.781594] {Default Queue}  -> xdg_activation_v1#15.activate("6a7bc9b4e5a22328f085ad4c0ec5d0c1", wl_surface#69)
[18:58:30.781626] {Default Queue}  -> xdg_activation_v1#15.get_activation_token(new id xdg_activation_token_v1#95)
[18:58:30.781627]  -> xdg_activation_token_v1#95.set_serial(154, wl_seat#3)
[18:58:30.781627]  -> xdg_activation_token_v1#95.commit()
[18:58:30.781631] {Display Queue} wl_display#1.delete_id(94)
[18:58:30.781632] xdg_activation_token_v1#95.done("b1bd445e1f5d31288050e85501743ed3")
[18:58:30.781633]  -> xdg_activation_token_v1#95.destroy()
[18:58:30.781633] {Default Queue}  -> xdg_activation_v1#15.activate("b1bd445e1f5d31288050e85501743ed3", wl_surface#69)
[18:58:30.781662] {Default Queue}  -> xdg_activation_v1#15.get_activation_token(new id xdg_activation_token_v1#94)
[18:58:30.781663]  -> xdg_activation_token_v1#94.set_serial(154, wl_seat#3)
[18:58:30.781663]  -> xdg_activation_token_v1#94.commit()
[18:58:30.781667] {Display Queue} wl_display#1.delete_id(95)
[18:58:30.781668] xdg_activation_token_v1#94.done("3c2f102f4868a31d408aee91cd7838a2")
[18:58:30.781669]  -> xdg_activation_token_v1#94.destroy()
[18:58:30.781669] {Default Queue}  -> xdg_activation_v1#15.activate("3c2f102f4868a31d408aee91cd7838a2", wl_surface#69)
[18:58:30.781702] {Default Queue}  -> xdg_activation_v1#15.get_activation_token(new id xdg_activation_token_v1#95)
[18:58:30.781703]  -> xdg_activation_token_v1#95.set_serial(154, wl_seat#3)
[18:58:30.781703]  -> xdg_activation_token_v1#95.commit()
[18:58:30.781707] {Display Queue} wl_display#1.delete_id(94)
[18:58:30.781708] xdg_activation_token_v1#95.done("b1565810e2e0b40b8b37978cc9fa18e0")
[18:58:30.781709]  -> xdg_activation_token_v1#95.destroy()
[18:58:30.781709] {Default Queue}  -> xdg_activation_v1#15.activate("b1565810e2e0b40b8b37978cc9fa18e0", wl_surface#69)
[18:58:30.781739] {Default Queue}  -> xdg_activation_v1#15.get_activation_token(new id xdg_activation_token_v1#94)
[18:58:30.781740]  -> xdg_activation_token_v1#94.set_serial(154, wl_seat#3)
[18:58:30.781740]  -> xdg_activation_token_v1#94.commit()
[18:58:30.781745] {Display Queue} wl_display#1.delete_id(95)
[18:58:30.781746] xdg_activation_token_v1#94.done("62a34d730be88da39617c0ef40d49f13")
[18:58:30.781746]  -> xdg_activation_token_v1#94.destroy()
[18:58:30.781747] {Default Queue}  -> xdg_activation_v1#15.activate("62a34d730be88da39617c0ef40d49f13", wl_surface#69)
[18:58:30.781777] {Default Queue}  -> xdg_activation_v1#15.get_activation_token(new id xdg_activation_token_v1#95)
[18:58:30.781778]  -> xdg_activation_token_v1#95.set_serial(154, wl_seat#3)
[18:58:30.781779]  -> xdg_activation_token_v1#95.commit()
[18:58:30.781783] {Display Queue} wl_display#1.delete_id(94)
[18:58:30.781785] xdg_activation_token_v1#95.done("3a04d31c70f60e0c387c3b498ef39872")
[18:58:30.781785]  -> xdg_activation_token_v1#95.destroy()
[18:58:30.781786] {Default Queue}  -> xdg_activation_v1#15.activate("3a04d31c70f60e0c387c3b498ef39872", wl_surface#69)
[18:58:30.781816] {Default Queue}  -> xdg_activation_v1#15.get_activation_token(new id xdg_activation_token_v1#94)
[18:58:30.781817]  -> xdg_activation_token_v1#94.set_serial(154, wl_seat#3)
[18:58:30.781818]  -> xdg_activation_token_v1#94.commit()
[18:58:30.781822] {Display Queue} wl_display#1.delete_id(95)
[18:58:30.781822] xdg_activation_token_v1#94.done("c417ab8aebd5032527bc2fb86b174939")
[18:58:30.781823]  -> xdg_activation_token_v1#94.destroy()
[18:58:30.781823] {Default Queue}  -> xdg_activation_v1#15.activate("c417ab8aebd5032527bc2fb86b174939", wl_surface#69)
[18:58:30.781851] {Default Queue}  -> xdg_activation_v1#15.get_activation_token(new id xdg_activation_token_v1#95)
[18:58:30.781852]  -> xdg_activation_token_v1#95.set_serial(154, wl_seat#3)
[18:58:30.781853]  -> xdg_activation_token_v1#95.commit()
[18:58:30.781857] {Display Queue} wl_display#1.delete_id(94)
[18:58:30.781858] xdg_activation_token_v1#95.done("abea72e569a39c4ac0e23192bf5aadb1")
[18:58:30.781858]  -> xdg_activation_token_v1#95.destroy()
[18:58:30.781859] {Default Queue}  -> xdg_activation_v1#15.activate("abea72e569a39c4ac0e23192bf5aadb1", wl_surface#69)
[18:58:30.791509] {Display Queue} wl_display#1.delete_id(95)
[18:58:30.791518] {Display Queue} wl_display#1.delete_id(73)
[18:58:30.791519] {Display Queue} wl_display#1.delete_id(78)
[18:58:30.791520] {Default Queue} wl_callback#73.done(20684407)
[18:58:30.791536] {Default Queue} wp_presentation_feedback#78.sync_output(wl_output#28)
[18:58:30.791538] {Default Queue} wp_presentation_feedback#78.presented(0, 20684, 407262402, 0, 0, 0, 0)
[18:58:30.791871] {Default Queue}  -> wl_shm#5.create_pool(new id wl_shm_pool#78, fd 17, 92160)
[18:58:30.791878] {Default Queue}  -> wl_shm_pool#78.create_buffer(new id wl_buffer#73, 0, 320, 72, 1280, 0)
[18:58:30.792015]  -> wl_surface#69.attach(wl_buffer#73, 0, 0)
[18:58:30.792017]  -> wl_surface#69.damage_buffer(0, 0, 320, 72)
[18:58:30.792019]  -> wl_surface#69.frame(new id wl_callback#95)
[18:58:30.792021] {Default Queue}  -> wp_presentation#20.feedback(wl_surface#69, new id wp_presentation_feedback#94)
[18:58:30.792022]  -> wl_surface#69.commit()
[18:58:30.792092] {Default Queue} wl_buffer#101.release()
[18:58:30.792986]  -> wl_surface#48.commit()
[18:58:30.792996]  -> wl_surface#49.commit()
[18:58:30.807465] {Display Queue} wl_display#1.delete_id(95)
[18:58:30.807472] {Display Queue} wl_display#1.delete_id(94)
[18:58:30.807473] {Default Queue} wl_callback#95.done(20684423)
[18:58:30.807483] {Default Queue} wp_presentation_feedback#94.sync_output(wl_output#28)
[18:58:30.807484] {Default Queue} wp_presentation_feedback#94.presented(0, 20684, 423223707, 0, 0, 0, 0)
[18:58:31.582004] {Default Queue}  -> zwlr_layer_surface_v1#99.destroy()
[18:58:31.582014]  -> wl_surface#69.attach(nil, 0, 0)
[18:58:31.582017]  -> wl_surface#69.commit()
[18:58:31.582057] {Default Queue}  -> wl_buffer#101.destroy()
[18:58:31.582059] {Default Queue}  -> wl_shm_pool#109.destroy()
[18:58:31.582103] {Default Queue}  -> wp_viewport#97.destroy()
[18:58:31.582105] {Default Queue}  -> wp_fractional_scale_v1#102.destroy()
[18:58:31.582105]  -> wl_surface#69.destroy()
[18:58:31.582117] {Default Queue}  -> xdg_toplevel_icon_v1#100.destroy()
[18:58:31.582459] {Display Queue} wl_display#1.delete_id(99)
[18:58:31.582461] {Display Queue} wl_display#1.delete_id(101)
[18:58:31.582462] {Display Queue} wl_display#1.delete_id(109)
[18:58:31.582463] {Display Queue} wl_display#1.delete_id(97)
[18:58:31.582463] {Display Queue} wl_display#1.delete_id(102)
[18:58:31.582463] {Display Queue} wl_display#1.delete_id(69)
[18:58:31.582464] {Display Queue} wl_display#1.delete_id(100)
[18:58:31.582465] {Default Queue} zwlr_layer_surface_v1#58.configure(216, 1280, 48)
[18:58:31.582470] {Default Queue}  -> zwlr_layer_surface_v1#58.ack_configure(216)
[18:58:31.582471] {Default Queue} zwlr_layer_surface_v1#53.configure(217, 1280, 720)
[18:58:31.582473] {Default Queue}  -> zwlr_layer_surface_v1#53.ack_configure(217)
[18:58:31.582474] {Default Queue} wl_buffer#73.release()
[18:58:31.582475] {Default Queue}  -> wl_buffer#73.destroy()
[18:58:31.582476] {Default Queue}  -> wl_shm_pool#78.destroy()
[18:58:31.582495]  -> wl_surface#48.commit()
[18:58:31.582504]  -> wl_surface#49.commit()
[18:58:31.596582] {Default Queue}  -> wl_compositor#4.create_surface(new id wl_surface#100)
[18:58:31.596589] {Default Queue}  -> wp_fractional_scale_manager_v1#11.get_fractional_scale(new id wp_fractional_scale_v1#69, wl_surface#100)
[18:58:31.596592] {Default Queue}  -> wp_viewporter#10.get_viewport(new id wp_viewport#102, wl_surface#100)
[18:58:31.596615] {Default Queue}  -> xdg_toplevel_icon_manager_v1#9.create_icon(new id xdg_toplevel_icon_v1#97)
[18:58:31.596628] {Default Queue}  -> zwlr_layer_shell_v1#45.get_layer_surface(new id zwlr_layer_surface_v1#109, wl_surface#100, wl_output#28, 3, "pearl:popup")
[18:58:31.596631] {Default Queue}  -> zwlr_layer_surface_v1#109.set_keyboard_interactivity(1)
[18:58:31.596632] {Default Queue}  -> zwlr_layer_surface_v1#109.set_exclusive_zone(0)
[18:58:31.596633] {Default Queue}  -> zwlr_layer_surface_v1#109.set_anchor(15)
[18:58:31.596634] {Default Queue}  -> zwlr_layer_surface_v1#109.set_margin(0, 0, 0, 0)
[18:58:31.596635] {Default Queue}  -> zwlr_layer_surface_v1#109.set_size(0, 0)
[18:58:31.596639]  -> wl_surface#100.commit()
[18:58:31.596784] {Default Queue}  -> xdg_activation_v1#15.get_activation_token(new id xdg_activation_token_v1#101)
[18:58:31.596786]  -> xdg_activation_token_v1#101.set_serial(154, wl_seat#3)
[18:58:31.596788]  -> xdg_activation_token_v1#101.commit()
[18:58:31.596935] {Display Queue} wl_display#1.delete_id(73)
[18:58:31.596938] {Display Queue} wl_display#1.delete_id(78)
[18:58:31.596941] xdg_activation_token_v1#101.done("9a18ce8e48efa9ceb620da976b0b4b68")
[18:58:31.596942]  -> xdg_activation_token_v1#101.destroy()
[18:58:31.596944] {Default Queue}  -> xdg_activation_v1#15.activate("9a18ce8e48efa9ceb620da976b0b4b68", wl_surface#100)
[18:58:31.596949] {Default Queue}  -> wl_registry#46.bind(40, "aqueous_window_info_manager_v1", 3, new id [unknown]#78)
[18:58:31.596952] {Default Queue}  -> aqueous_window_info_manager_v1#78.get_active_workspace_layout("HEADLESS-2")
info: event=popup-opened output=1
[18:58:31.596986] {Default Queue} zwlr_layer_surface_v1#58.configure(218, 1280, 48)
[18:58:31.596991] {Default Queue}  -> zwlr_layer_surface_v1#58.ack_configure(218)
[18:58:31.596992] {Default Queue} zwlr_layer_surface_v1#53.configure(219, 1280, 720)
[18:58:31.596994] {Default Queue}  -> zwlr_layer_surface_v1#53.ack_configure(219)
[18:58:31.596995] {Default Queue} zwlr_layer_surface_v1#109.configure(220, 1280, 672)
[18:58:31.596999] {Default Queue}  -> zwlr_layer_surface_v1#109.ack_configure(220)
[18:58:31.597027] {Display Queue} wl_display#1.delete_id(101)
[18:58:31.597030] {Default Queue} aqueous_window_info_manager_v1#78.active_workspace_layout(0, "HEADLESS-2", 1, "float")
[18:58:31.597032] {Default Queue}  -> aqueous_window_info_manager_v1#78.destroy()
[18:58:31.597058]  -> wl_surface#48.commit()
[18:58:31.597066]  -> wl_surface#49.commit()
[18:58:31.599420] {Default Queue}  -> wl_shm#5.create_pool(new id wl_shm_pool#101, fd 17, 3440640)
[18:58:31.599427] {Default Queue}  -> wl_shm_pool#101.create_buffer(new id wl_buffer#73, 0, 1280, 672, 5120, 0)
[18:58:31.600634] {Default Queue}  -> wl_compositor#4.create_region(new id wl_region#99)
[18:58:31.600637] {Default Queue}  -> wl_region#99.add(690, 4, 572, 560)
[18:58:31.600639]  -> wl_surface#100.set_opaque_region(wl_region#99)
[18:58:31.600640] {Default Queue}  -> wl_region#99.destroy()
[18:58:31.600641] {Default Queue}  -> wp_viewport#102.set_destination(1280, 672)
[18:58:31.600643]  -> wl_surface#100.attach(wl_buffer#73, 0, 0)
[18:58:31.600644]  -> wl_surface#100.damage_buffer(0, 0, 1280, 672)
[18:58:31.600645]  -> wl_surface#100.frame(new id wl_callback#94)
[18:58:31.600647] {Default Queue}  -> wp_presentation#20.feedback(wl_surface#100, new id wp_presentation_feedback#95)
[18:58:31.600649]  -> wl_surface#100.commit()
info: event=services-focus target=other
[18:58:31.600672] {Default Queue} wl_seat#3.capabilities(3)
[18:58:31.600675] {Default Queue}  -> wl_seat#3.get_keyboard(new id wl_keyboard#106)
[18:58:31.600980]  -> wl_surface#59.attach(wl_buffer#92, 0, 0)
[18:58:31.600982]  -> wl_surface#59.damage_buffer(0, 0, 1280, 48)
[18:58:31.600984]  -> wl_surface#59.frame(new id wl_callback#103)
[18:58:31.600985] {Default Queue}  -> wp_presentation#20.feedback(wl_surface#59, new id wp_presentation_feedback#96)
[18:58:31.600986]  -> wl_surface#59.commit()
[18:58:31.601002] {Display Queue} wl_display#1.delete_id(99)
[18:58:31.601004] {Default Queue} zwlr_layer_surface_v1#58.configure(224, 1280, 48)
[18:58:31.601024] {Default Queue}  -> zwlr_layer_surface_v1#58.ack_configure(224)
[18:58:31.601025] {Default Queue} zwlr_layer_surface_v1#53.configure(225, 1280, 720)
[18:58:31.601027] {Default Queue}  -> zwlr_layer_surface_v1#53.ack_configure(225)
[18:58:31.601028] {Default Queue} zwlr_layer_surface_v1#109.configure(226, 1280, 672)
[18:58:31.601029] {Default Queue}  -> zwlr_layer_surface_v1#109.ack_configure(226)
[18:58:31.601029] {Default Queue} wp_fractional_scale_v1#69.preferred_scale(120)
[18:58:31.601030] {Default Queue} wl_data_device#35.selection(nil)
[18:58:31.601034] {Default Queue} zwp_primary_selection_device_v1#34.selection(nil)
[18:58:31.601035] {Default Queue} wl_pointer#33.enter(231, wl_surface#100, 100.00000000, 52.00000000)
[18:58:31.601039] {Default Queue}  -> wp_cursor_shape_device_v1#42.set_shape(231, 1)
[18:58:31.601040] {Default Queue} wl_pointer#33.frame()
[18:58:31.601043] {Default Queue} wl_keyboard#106.keymap(1, fd 16, 1436)
[18:58:31.601113] {Default Queue} wl_keyboard#106.repeat_info(40, 400)
[18:58:31.601115] {Default Queue} wl_keyboard#106.enter(232, wl_surface#100, array[0])
[18:58:31.601117] {Default Queue} wl_keyboard#106.modifiers(233, 0, 0, 0, 0)
[18:58:31.601120] wl_surface#100.enter(wl_output#28)
[18:58:31.601145] wl_surface#100.preferred_buffer_scale(1)
[18:58:31.601262] {Default Queue} wl_buffer#85.release()
[18:58:31.609091]  -> wl_surface#49.commit()
[18:58:31.610040]  -> wl_surface#48.attach(wl_buffer#77, 0, 0)
[18:58:31.610045]  -> wl_surface#48.damage_buffer(0, 0, 1280, 48)
[18:58:31.610047]  -> wl_surface#48.frame(new id wl_callback#99)
[18:58:31.610048] {Default Queue}  -> wp_presentation#20.feedback(wl_surface#48, new id wp_presentation_feedback#93)
[18:58:31.610050]  -> wl_surface#48.commit()
[18:58:31.610085] {Default Queue} wl_buffer#75.release()
[18:58:31.614899] {Display Queue} wl_display#1.delete_id(99)
[18:58:31.614904] {Display Queue} wl_display#1.delete_id(94)
[18:58:31.614905] {Display Queue} wl_display#1.delete_id(93)
[18:58:31.614906] {Display Queue} wl_display#1.delete_id(95)
[18:58:31.614906] {Default Queue} wl_callback#99.done(20685230)
[18:58:31.614911] {Default Queue} wl_callback#94.done(20685230)
[18:58:31.614913] {Default Queue} wp_presentation_feedback#93.sync_output(wl_output#28)
[18:58:31.614914] {Default Queue} wp_presentation_feedback#93.presented(0, 20685, 230677550, 0, 0, 0, 0)
[18:58:31.614916] {Default Queue} wp_presentation_feedback#95.sync_output(wl_output#28)
[18:58:31.614917] {Default Queue} wp_presentation_feedback#95.presented(0, 20685, 230677550, 0, 0, 0, 0)
[18:58:31.614923] {Display Queue} wl_display#1.delete_id(103)
[18:58:31.614924] {Display Queue} wl_display#1.delete_id(96)
[18:58:31.614924] {Default Queue} wl_callback#103.done(20685230)
[18:58:31.614926] {Default Queue} wp_presentation_feedback#96.sync_output(wl_output#31)
[18:58:31.614926] {Default Queue} wp_presentation_feedback#96.presented(0, 20685, 230708330, 0, 0, 0, 0)
[18:58:31.615035] {Default Queue}  -> wl_shm#5.create_pool(new id wl_shm_pool#96, fd 17, 3440640)
[18:58:31.615039] {Default Queue}  -> wl_shm_pool#96.create_buffer(new id wl_buffer#103, 0, 1280, 672, 5120, 0)
[18:58:31.616136]  -> wl_surface#100.attach(wl_buffer#103, 0, 0)
[18:58:31.616138]  -> wl_surface#100.damage_buffer(0, 0, 1280, 672)
[18:58:31.616140]  -> wl_surface#100.frame(new id wl_callback#95)
[18:58:31.616141] {Default Queue}  -> wp_presentation#20.feedback(wl_surface#100, new id wp_presentation_feedback#93)
[18:58:31.616143]  -> wl_surface#100.commit()
[18:58:31.616318]  -> wl_surface#59.attach(wl_buffer#85, 0, 0)
[18:58:31.616320]  -> wl_surface#59.damage_buffer(0, 0, 1280, 48)
[18:58:31.616321]  -> wl_surface#59.frame(new id wl_callback#94)
[18:58:31.616322] {Default Queue}  -> wp_presentation#20.feedback(wl_surface#59, new id wp_presentation_feedback#99)
[18:58:31.616323]  -> wl_surface#59.commit()
[18:58:31.616332] {Default Queue} wl_buffer#73.release()
[18:58:31.616341] {Default Queue} wl_buffer#92.release()
[18:58:31.631295] {Display Queue} wl_display#1.delete_id(95)
[18:58:31.631299] {Display Queue} wl_display#1.delete_id(93)
[18:58:31.631301] {Default Queue} wl_callback#95.done(20685247)
[18:58:31.631306] {Default Queue} wp_presentation_feedback#93.sync_output(wl_output#28)
[18:58:31.631307] {Default Queue} wp_presentation_feedback#93.presented(0, 20685, 247070419, 0, 0, 0, 0)
[18:58:31.631314] {Display Queue} wl_display#1.delete_id(94)
[18:58:31.631315] {Display Queue} wl_display#1.delete_id(99)
[18:58:31.631315] {Default Queue} wl_callback#94.done(20685247)
[18:58:31.631316] {Default Queue} wp_presentation_feedback#99.sync_output(wl_output#31)
[18:58:31.631317] {Default Queue} wp_presentation_feedback#99.presented(0, 20685, 247100379, 0, 0, 0, 0)
[18:58:31.698549] {Default Queue} wl_keyboard#106.key(234, 0, 1, 1)
info: event=services-focus target=other
[18:58:31.700626] {Default Queue} wl_keyboard#106.key(235, 0, 1, 0)
[18:58:31.733037]  -> wl_surface#100.attach(wl_buffer#73, 0, 0)
[18:58:31.733044]  -> wl_surface#100.damage_buffer(0, 0, 1280, 672)
[18:58:31.733047]  -> wl_surface#100.frame(new id wl_callback#99)
[18:58:31.733050] {Default Queue}  -> wp_presentation#20.feedback(wl_surface#100, new id wp_presentation_feedback#94)
[18:58:31.733052]  -> wl_surface#100.commit()
[18:58:31.733155] {Default Queue} wl_buffer#103.release()
[18:58:31.737850] {Default Queue} wl_keyboard#106.leave(236, wl_surface#100)
[18:58:31.737863] {Default Queue} wl_keyboard#106.leave(237, wl_surface#100)
[18:58:31.737865] {Default Queue} wl_keyboard#106.leave(238, wl_surface#100)
[18:58:31.737865] {Default Queue} wl_seat#3.capabilities(1)
[18:58:31.737868] {Default Queue}  -> wl_keyboard#106.release()
[18:58:31.738489]  -> wl_surface#48.attach(wl_buffer#75, 0, 0)
[18:58:31.738493]  -> wl_surface#48.damage_buffer(0, 0, 1280, 48)
[18:58:31.738495]  -> wl_surface#48.frame(new id wl_callback#93)
[18:58:31.738497] {Default Queue}  -> wp_presentation#20.feedback(wl_surface#48, new id wp_presentation_feedback#95)
[18:58:31.738499]  -> wl_surface#48.commit()
[18:58:31.738706]  -> wl_surface#59.attach(wl_buffer#92, 0, 0)
[18:58:31.738708]  -> wl_surface#59.damage_buffer(0, 0, 1280, 48)
[18:58:31.738710]  -> wl_surface#59.frame(new id wl_callback#90)
[18:58:31.738711] {Default Queue}  -> wp_presentation#20.feedback(wl_surface#59, new id wp_presentation_feedback#89)
[18:58:31.738712]  -> wl_surface#59.commit()
[18:58:31.739286] {Display Queue} wl_display#1.delete_id(106)
[18:58:31.739293] {Default Queue} wl_seat#3.capabilities(3)
[18:58:31.739297] {Default Queue}  -> wl_seat#3.get_keyboard(new id wl_keyboard#106)
[18:58:31.739321] {Default Queue} wl_buffer#77.release()
[18:58:31.739323] {Default Queue} wl_buffer#85.release()
[18:58:31.739414] {Default Queue} wl_keyboard#106.keymap(1, fd 16, 1436)
[18:58:31.739482] {Default Queue} wl_keyboard#106.repeat_info(40, 400)
[18:58:31.739484] {Default Queue} wl_keyboard#106.enter(240, wl_surface#100, array[0])
[18:58:31.739489] {Default Queue} wl_keyboard#106.modifiers(241, 0, 0, 0, 0)
[18:58:31.745131] {Display Queue} wl_display#1.delete_id(93)
[18:58:31.745135] {Display Queue} wl_display#1.delete_id(99)
[18:58:31.745137] {Display Queue} wl_display#1.delete_id(95)
[18:58:31.745137] {Display Queue} wl_display#1.delete_id(94)
[18:58:31.745138] {Default Queue} wl_callback#93.done(20685360)
[18:58:31.745143] {Default Queue} wl_callback#99.done(20685360)
[18:58:31.745145] {Default Queue} wp_presentation_feedback#95.sync_output(wl_output#28)
[18:58:31.745147] {Default Queue} wp_presentation_feedback#95.presented(0, 20685, 360903100, 0, 0, 0, 0)
[18:58:31.745150] {Default Queue} wp_presentation_feedback#94.sync_output(wl_output#28)
[18:58:31.745151] {Default Queue} wp_presentation_feedback#94.presented(0, 20685, 360903100, 0, 0, 0, 0)
[18:58:31.746297]  -> wl_surface#100.attach(wl_buffer#103, 0, 0)
[18:58:31.746308]  -> wl_surface#100.damage_buffer(0, 0, 1280, 672)
[18:58:31.746310]  -> wl_surface#100.frame(new id wl_callback#94)
[18:58:31.746313] {Default Queue}  -> wp_presentation#20.feedback(wl_surface#100, new id wp_presentation_feedback#95)
[18:58:31.746317]  -> wl_surface#100.commit()
[18:58:31.746367] {Display Queue} wl_display#1.delete_id(90)
[18:58:31.746370] {Display Queue} wl_display#1.delete_id(89)
[18:58:31.746371] {Default Queue} wl_callback#90.done(20685360)
[18:58:31.746381] {Default Queue} wp_presentation_feedback#89.sync_output(wl_output#31)
[18:58:31.746383] {Default Queue} wp_presentation_feedback#89.presented(0, 20685, 360967230, 0, 0, 0, 0)
[18:58:31.746386] {Default Queue} wl_buffer#73.release()
[18:58:31.746679]  -> wl_surface#48.attach(wl_buffer#77, 0, 0)
[18:58:31.746683]  -> wl_surface#48.damage_buffer(0, 0, 1280, 48)
[18:58:31.746685]  -> wl_surface#48.frame(new id wl_callback#89)
[18:58:31.746686] {Default Queue}  -> wp_presentation#20.feedback(wl_surface#48, new id wp_presentation_feedback#90)
[18:58:31.746688]  -> wl_surface#48.commit()
[18:58:31.746855]  -> wl_surface#59.attach(wl_buffer#85, 0, 0)
[18:58:31.746857]  -> wl_surface#59.damage_buffer(0, 0, 1280, 48)
[18:58:31.746858]  -> wl_surface#59.frame(new id wl_callback#99)
[18:58:31.746859] {Default Queue}  -> wp_presentation#20.feedback(wl_surface#59, new id wp_presentation_feedback#93)
[18:58:31.746860]  -> wl_surface#59.commit()
[18:58:31.746903] {Default Queue} wl_buffer#75.release()
[18:58:31.746905] {Default Queue} wl_buffer#92.release()
[18:58:31.761591] {Display Queue} wl_display#1.delete_id(89)
[18:58:31.761601] {Display Queue} wl_display#1.delete_id(94)
[18:58:31.761603] {Display Queue} wl_display#1.delete_id(90)
[18:58:31.761603] {Display Queue} wl_display#1.delete_id(95)
[18:58:31.761604] {Default Queue} wl_callback#89.done(20685377)
[18:58:31.761613] {Default Queue} wl_callback#94.done(20685377)
[18:58:31.761616] {Default Queue} wp_presentation_feedback#90.sync_output(wl_output#28)
[18:58:31.761617] {Default Queue} wp_presentation_feedback#90.presented(0, 20685, 377345328, 0, 0, 0, 0)
[18:58:31.761620] {Default Queue} wp_presentation_feedback#95.sync_output(wl_output#28)
[18:58:31.761620] {Default Queue} wp_presentation_feedback#95.presented(0, 20685, 377345328, 0, 0, 0, 0)
[18:58:31.761629] {Display Queue} wl_display#1.delete_id(99)
[18:58:31.761630] {Display Queue} wl_display#1.delete_id(93)
[18:58:31.761631] {Default Queue} wl_callback#99.done(20685377)
[18:58:31.761633] {Default Queue} wp_presentation_feedback#93.sync_output(wl_output#31)
[18:58:31.761634] {Default Queue} wp_presentation_feedback#93.presented(0, 20685, 377390839, 0, 0, 0, 0)
[18:58:31.762706]  -> wl_surface#100.attach(wl_buffer#73, 0, 0)
[18:58:31.762715]  -> wl_surface#100.damage_buffer(0, 0, 1280, 672)
[18:58:31.762717]  -> wl_surface#100.frame(new id wl_callback#93)
[18:58:31.762721] {Default Queue}  -> wp_presentation#20.feedback(wl_surface#100, new id wp_presentation_feedback#99)
[18:58:31.762724]  -> wl_surface#100.commit()
[18:58:31.762820] {Default Queue} wl_buffer#103.release()
[18:58:31.778055] {Display Queue} wl_display#1.delete_id(93)
[18:58:31.778066] {Display Queue} wl_display#1.delete_id(99)
[18:58:31.778068] {Default Queue} wl_callback#93.done(20685393)
[18:58:31.778079] {Default Queue} wp_presentation_feedback#99.sync_output(wl_output#28)
[18:58:31.778081] {Default Queue} wp_presentation_feedback#99.presented(0, 20685, 393794637, 0, 0, 0, 0)
[18:58:31.779052]  -> wl_surface#100.attach(wl_buffer#103, 0, 0)
[18:58:31.779057]  -> wl_surface#100.damage_buffer(0, 0, 1280, 672)
[18:58:31.779059]  -> wl_surface#100.frame(new id wl_callback#99)
[18:58:31.779061] {Default Queue}  -> wp_presentation#20.feedback(wl_surface#100, new id wp_presentation_feedback#93)
[18:58:31.779063]  -> wl_surface#100.commit()
[18:58:31.779143] {Default Queue} wl_buffer#73.release()
[18:58:31.794426] {Display Queue} wl_display#1.delete_id(99)
[18:58:31.794432] {Display Queue} wl_display#1.delete_id(93)
[18:58:31.794434] {Default Queue} wl_callback#99.done(20685410)
[18:58:31.794439] {Default Queue} wp_presentation_feedback#93.sync_output(wl_output#28)
[18:58:31.794441] {Default Queue} wp_presentation_feedback#93.presented(0, 20685, 410197166, 0, 0, 0, 0)
[18:58:31.795266]  -> wl_surface#100.attach(wl_buffer#73, 0, 0)
[18:58:31.795271]  -> wl_surface#100.damage_buffer(0, 0, 1280, 672)
[18:58:31.795273]  -> wl_surface#100.frame(new id wl_callback#93)
[18:58:31.795275] {Default Queue}  -> wp_presentation#20.feedback(wl_surface#100, new id wp_presentation_feedback#99)
[18:58:31.795277]  -> wl_surface#100.commit()
[18:58:31.795307] {Default Queue} wl_buffer#103.release()
[18:58:31.810766] {Display Queue} wl_display#1.delete_id(93)
[18:58:31.810771] {Display Queue} wl_display#1.delete_id(99)
[18:58:31.810772] {Default Queue} wl_callback#93.done(20685426)
[18:58:31.810778] {Default Queue} wp_presentation_feedback#99.sync_output(wl_output#28)
[18:58:31.810780] {Default Queue} wp_presentation_feedback#99.presented(0, 20685, 426541554, 0, 0, 0, 0)
[18:58:31.829589]  -> wl_surface#100.attach(wl_buffer#103, 0, 0)
[18:58:31.829594]  -> wl_surface#100.damage_buffer(0, 0, 1280, 672)
[18:58:31.829596]  -> wl_surface#100.frame(new id wl_callback#99)
[18:58:31.829598] {Default Queue}  -> wp_presentation#20.feedback(wl_surface#100, new id wp_presentation_feedback#93)
[18:58:31.829600]  -> wl_surface#100.commit()
[18:58:31.829643] {Default Queue} wl_buffer#73.release()
[18:58:31.839393] {Default Queue} wl_keyboard#106.key(242, 0, 1, 1)
[18:58:31.841475] {Default Queue} wl_keyboard#106.key(243, 0, 1, 0)
[18:58:31.843155] {Display Queue} wl_display#1.delete_id(99)
[18:58:31.843159] {Display Queue} wl_display#1.delete_id(93)
[18:58:31.843160] {Default Queue} wl_callback#99.done(20685458)
[18:58:31.843164] {Default Queue} wp_presentation_feedback#93.sync_output(wl_output#28)
[18:58:31.843165] {Default Queue} wp_presentation_feedback#93.presented(0, 20685, 458936427, 0, 0, 0, 0)
[18:58:31.843902]  -> wl_surface#100.attach(wl_buffer#73, 0, 0)
[18:58:31.843907]  -> wl_surface#100.damage_buffer(0, 0, 1280, 672)
[18:58:31.843909]  -> wl_surface#100.frame(new id wl_callback#93)
[18:58:31.843911] {Default Queue}  -> wp_presentation#20.feedback(wl_surface#100, new id wp_presentation_feedback#99)
[18:58:31.843913]  -> wl_surface#100.commit()
info: event=services-focus target=other
[18:58:31.843965] {Default Queue} wl_buffer#103.release()
[18:58:31.859399] {Display Queue} wl_display#1.delete_id(93)
[18:58:31.859404] {Display Queue} wl_display#1.delete_id(99)
[18:58:31.859405] {Default Queue} wl_callback#93.done(20685475)
[18:58:31.859410] {Default Queue} wp_presentation_feedback#99.sync_output(wl_output#28)
[18:58:31.859411] {Default Queue} wp_presentation_feedback#99.presented(0, 20685, 475178945, 0, 0, 0, 0)
[18:58:31.860060]  -> wl_surface#100.attach(wl_buffer#103, 0, 0)
[18:58:31.860064]  -> wl_surface#100.damage_buffer(0, 0, 1280, 672)
[18:58:31.860065]  -> wl_surface#100.frame(new id wl_callback#99)
[18:58:31.860067] {Default Queue}  -> wp_presentation#20.feedback(wl_surface#100, new id wp_presentation_feedback#93)
[18:58:31.860069]  -> wl_surface#100.commit()
[18:58:31.860108] {Default Queue} wl_buffer#73.release()
[18:58:31.875692] {Display Queue} wl_display#1.delete_id(99)
[18:58:31.875697] {Display Queue} wl_display#1.delete_id(93)
[18:58:31.875698] {Default Queue} wl_callback#99.done(20685491)
[18:58:31.875703] {Default Queue} wp_presentation_feedback#93.sync_output(wl_output#28)
[18:58:31.875704] {Default Queue} wp_presentation_feedback#93.presented(0, 20685, 491471912, 0, 0, 0, 0)
[18:58:31.876331]  -> wl_surface#100.attach(wl_buffer#73, 0, 0)
[18:58:31.876335]  -> wl_surface#100.damage_buffer(0, 0, 1280, 672)
[18:58:31.876336]  -> wl_surface#100.frame(new id wl_callback#93)
[18:58:31.876338] {Default Queue}  -> wp_presentation#20.feedback(wl_surface#100, new id wp_presentation_feedback#99)
[18:58:31.876339]  -> wl_surface#100.commit()
[18:58:31.876375] {Default Queue} wl_buffer#103.release()
[18:58:31.878679] {Default Queue} wl_keyboard#106.leave(244, wl_surface#100)
[18:58:31.878685] {Default Queue} wl_keyboard#106.leave(245, wl_surface#100)
[18:58:31.878686] {Default Queue} wl_keyboard#106.leave(246, wl_surface#100)
[18:58:31.878687] {Default Queue} wl_seat#3.capabilities(1)
[18:58:31.878688] {Default Queue}  -> wl_keyboard#106.release()
[18:58:31.879158]  -> wl_surface#48.attach(wl_buffer#75, 0, 0)
[18:58:31.879162]  -> wl_surface#48.damage_buffer(0, 0, 1280, 48)
[18:58:31.879163]  -> wl_surface#48.frame(new id wl_callback#95)
[18:58:31.879165] {Default Queue}  -> wp_presentation#20.feedback(wl_surface#48, new id wp_presentation_feedback#90)
[18:58:31.879166]  -> wl_surface#48.commit()
[18:58:31.879344]  -> wl_surface#59.attach(wl_buffer#92, 0, 0)
[18:58:31.879346]  -> wl_surface#59.damage_buffer(0, 0, 1280, 48)
[18:58:31.879347]  -> wl_surface#59.frame(new id wl_callback#94)
[18:58:31.879348] {Default Queue}  -> wp_presentation#20.feedback(wl_surface#59, new id wp_presentation_feedback#89)
[18:58:31.879350]  -> wl_surface#59.commit()
[18:58:31.879427] {Display Queue} wl_display#1.delete_id(106)
[18:58:31.879429] {Display Queue} wl_display#1.delete_id(94)
[18:58:31.879430] {Display Queue} wl_display#1.delete_id(89)
[18:58:31.879431] {Default Queue} wl_buffer#77.release()
[18:58:31.879431] {Default Queue} wl_buffer#85.release()
[18:58:31.879432] {Default Queue} wl_callback#94.done(20685495)
[18:58:31.879435] {Default Queue} wp_presentation_feedback#89.sync_output(wl_output#31)
[18:58:31.879436] {Default Queue} wp_presentation_feedback#89.presented(0, 20685, 495209736, 0, 0, 0, 0)
[18:58:31.880074] {Default Queue} wl_seat#3.capabilities(3)
[18:58:31.880075] {Default Queue}  -> wl_seat#3.get_keyboard(new id wl_keyboard#89)
[18:58:31.880145] {Default Queue} wl_keyboard#89.keymap(1, fd 16, 1436)
[18:58:31.880203] {Default Queue} wl_keyboard#89.repeat_info(40, 400)
[18:58:31.880205] {Default Queue} wl_keyboard#89.enter(248, wl_surface#100, array[0])
[18:58:31.880208] {Default Queue} wl_keyboard#89.modifiers(249, 0, 0, 0, 0)
[18:58:31.892466] {Display Queue} wl_display#1.delete_id(95)
[18:58:31.892471] {Display Queue} wl_display#1.delete_id(93)
[18:58:31.892472] {Display Queue} wl_display#1.delete_id(90)
[18:58:31.892473] {Display Queue} wl_display#1.delete_id(99)
[18:58:31.892473] {Default Queue} wl_callback#95.done(20685508)
[18:58:31.892477] {Default Queue} wl_callback#93.done(20685508)
[18:58:31.892480] {Default Queue} wp_presentation_feedback#90.sync_output(wl_output#28)
[18:58:31.892481] {Default Queue} wp_presentation_feedback#90.presented(0, 20685, 508240374, 0, 0, 0, 0)
[18:58:31.892483] {Default Queue} wp_presentation_feedback#99.sync_output(wl_output#28)
[18:58:31.892483] {Default Queue} wp_presentation_feedback#99.presented(0, 20685, 508240374, 0, 0, 0, 0)
[18:58:31.893153]  -> wl_surface#100.attach(wl_buffer#103, 0, 0)
[18:58:31.893157]  -> wl_surface#100.damage_buffer(0, 0, 1280, 672)
[18:58:31.893158]  -> wl_surface#100.frame(new id wl_callback#99)
[18:58:31.893160] {Default Queue}  -> wp_presentation#20.feedback(wl_surface#100, new id wp_presentation_feedback#90)
[18:58:31.893161]  -> wl_surface#100.commit()
[18:58:31.893360]  -> wl_surface#48.attach(wl_buffer#77, 0, 0)
[18:58:31.893365]  -> wl_surface#48.damage_buffer(0, 0, 1280, 48)
[18:58:31.893367]  -> wl_surface#48.frame(new id wl_callback#93)
[18:58:31.893368] {Default Queue}  -> wp_presentation#20.feedback(wl_surface#48, new id wp_presentation_feedback#95)
[18:58:31.893370]  -> wl_surface#48.commit()
[18:58:31.893387] {Default Queue} wl_buffer#73.release()
[18:58:31.893392] {Default Queue} wl_buffer#75.release()
[18:58:31.896486]  -> wl_surface#59.attach(wl_buffer#85, 0, 0)
[18:58:31.896490]  -> wl_surface#59.damage_buffer(0, 0, 1280, 48)
[18:58:31.896492]  -> wl_surface#59.frame(new id wl_callback#94)
[18:58:31.896493] {Default Queue}  -> wp_presentation#20.feedback(wl_surface#59, new id wp_presentation_feedback#106)
[18:58:31.896494]  -> wl_surface#59.commit()
[18:58:31.896557] {Display Queue} wl_display#1.delete_id(94)
[18:58:31.896561] {Display Queue} wl_display#1.delete_id(106)
[18:58:31.896562] {Default Queue} wl_buffer#92.release()
[18:58:31.896564] {Default Queue} wl_callback#94.done(20685512)
[18:58:31.896568] {Default Queue} wp_presentation_feedback#106.sync_output(wl_output#31)
[18:58:31.896569] {Default Queue} wp_presentation_feedback#106.presented(0, 20685, 512337371, 0, 0, 0, 0)
[18:58:31.908749] {Display Queue} wl_display#1.delete_id(93)
[18:58:31.908754] {Display Queue} wl_display#1.delete_id(99)
[18:58:31.908755] {Display Queue} wl_display#1.delete_id(95)
[18:58:31.908756] {Display Queue} wl_display#1.delete_id(90)
[18:58:31.908756] {Default Queue} wl_callback#93.done(20685524)
[18:58:31.908760] {Default Queue} wl_callback#99.done(20685524)
[18:58:31.908762] {Default Queue} wp_presentation_feedback#95.sync_output(wl_output#28)
[18:58:31.908763] {Default Queue} wp_presentation_feedback#95.presented(0, 20685, 524527792, 0, 0, 0, 0)
[18:58:31.908764] {Default Queue} wp_presentation_feedback#90.sync_output(wl_output#28)
[18:58:31.908765] {Default Queue} wp_presentation_feedback#90.presented(0, 20685, 524527792, 0, 0, 0, 0)
[18:58:31.909469]  -> wl_surface#100.attach(wl_buffer#73, 0, 0)
[18:58:31.909472]  -> wl_surface#100.damage_buffer(0, 0, 1280, 672)
[18:58:31.909473]  -> wl_surface#100.frame(new id wl_callback#90)
[18:58:31.909475] {Default Queue}  -> wp_presentation#20.feedback(wl_surface#100, new id wp_presentation_feedback#95)
[18:58:31.909476]  -> wl_surface#100.commit()
[18:58:31.909514] {Default Queue} wl_buffer#103.release()
[18:58:31.925008] {Display Queue} wl_display#1.delete_id(90)
[18:58:31.925013] {Display Queue} wl_display#1.delete_id(95)
[18:58:31.925014] {Default Queue} wl_callback#90.done(20685540)
[18:58:31.925019] {Default Queue} wp_presentation_feedback#95.sync_output(wl_output#28)
[18:58:31.925020] {Default Queue} wp_presentation_feedback#95.presented(0, 20685, 540786349, 0, 0, 0, 0)
[18:58:31.925725]  -> wl_surface#100.attach(wl_buffer#103, 0, 0)
[18:58:31.925730]  -> wl_surface#100.damage_buffer(0, 0, 1280, 672)
[18:58:31.925732]  -> wl_surface#100.frame(new id wl_callback#95)
[18:58:31.925733] {Default Queue}  -> wp_presentation#20.feedback(wl_surface#100, new id wp_presentation_feedback#90)
[18:58:31.925735]  -> wl_surface#100.commit()
[18:58:31.925787] {Default Queue} wl_buffer#73.release()
[18:58:31.941260] {Display Queue} wl_display#1.delete_id(95)
[18:58:31.941264] {Display Queue} wl_display#1.delete_id(90)
[18:58:31.941266] {Default Queue} wl_callback#95.done(20685557)
[18:58:31.941270] {Default Queue} wp_presentation_feedback#90.sync_output(wl_output#28)
[18:58:31.941272] {Default Queue} wp_presentation_feedback#90.presented(0, 20685, 557039756, 0, 0, 0, 0)
[18:58:31.941892]  -> wl_surface#100.attach(wl_buffer#73, 0, 0)
[18:58:31.941896]  -> wl_surface#100.damage_buffer(0, 0, 1280, 672)
[18:58:31.941897]  -> wl_surface#100.frame(new id wl_callback#90)
[18:58:31.941899] {Default Queue}  -> wp_presentation#20.feedback(wl_surface#100, new id wp_presentation_feedback#95)
[18:58:31.941900]  -> wl_surface#100.commit()
[18:58:31.941936] {Default Queue} wl_buffer#103.release()
[18:58:31.957485] {Display Queue} wl_display#1.delete_id(90)
[18:58:31.957489] {Display Queue} wl_display#1.delete_id(95)
[18:58:31.957490] {Default Queue} wl_callback#90.done(20685573)
[18:58:31.957494] {Default Queue} wp_presentation_feedback#95.sync_output(wl_output#28)
[18:58:31.957496] {Default Queue} wp_presentation_feedback#95.presented(0, 20685, 573265863, 0, 0, 0, 0)
[18:58:31.958096]  -> wl_surface#100.attach(wl_buffer#103, 0, 0)
[18:58:31.958099]  -> wl_surface#100.damage_buffer(0, 0, 1280, 672)
[18:58:31.958100]  -> wl_surface#100.frame(new id wl_callback#95)
[18:58:31.958102] {Default Queue}  -> wp_presentation#20.feedback(wl_surface#100, new id wp_presentation_feedback#90)
[18:58:31.958103]  -> wl_surface#100.commit()
[18:58:31.958140] {Default Queue} wl_buffer#73.release()
[18:58:31.973703] {Display Queue} wl_display#1.delete_id(95)
[18:58:31.973708] {Display Queue} wl_display#1.delete_id(90)
[18:58:31.973709] {Default Queue} wl_callback#95.done(20685589)
[18:58:31.973713] {Default Queue} wp_presentation_feedback#90.sync_output(wl_output#28)
[18:58:31.973715] {Default Queue} wp_presentation_feedback#90.presented(0, 20685, 589482520, 0, 0, 0, 0)
[18:58:31.974394]  -> wl_surface#100.attach(wl_buffer#73, 0, 0)
[18:58:31.974399]  -> wl_surface#100.damage_buffer(0, 0, 1280, 672)
[18:58:31.974401]  -> wl_surface#100.frame(new id wl_callback#90)
[18:58:31.974403] {Default Queue}  -> wp_presentation#20.feedback(wl_surface#100, new id wp_presentation_feedback#95)
[18:58:31.974405]  -> wl_surface#100.commit()
[18:58:31.974446] {Default Queue} wl_buffer#103.release()
[18:58:31.980171] {Default Queue} wl_keyboard#89.key(250, 0, 1, 1)
[18:58:31.982231] {Default Queue} wl_keyboard#89.key(251, 0, 1, 0)
[18:58:31.989916] {Display Queue} wl_display#1.delete_id(90)
[18:58:31.989920] {Display Queue} wl_display#1.delete_id(95)
[18:58:31.989921] {Default Queue} wl_callback#90.done(20685605)
[18:58:31.989926] {Default Queue} wp_presentation_feedback#95.sync_output(wl_output#28)
[18:58:31.989927] {Default Queue} wp_presentation_feedback#95.presented(0, 20685, 605696377, 0, 0, 0, 0)
[18:58:31.990622]  -> wl_surface#100.attach(wl_buffer#103, 0, 0)
[18:58:31.990627]  -> wl_surface#100.damage_buffer(0, 0, 1280, 672)
[18:58:31.990629]  -> wl_surface#100.frame(new id wl_callback#95)
[18:58:31.990631] {Default Queue}  -> wp_presentation#20.feedback(wl_surface#100, new id wp_presentation_feedback#90)
[18:58:31.990633]  -> wl_surface#100.commit()
info: event=services-focus target=other
[18:58:31.990676] {Default Queue} wl_buffer#73.release()
[18:58:32.006158] {Display Queue} wl_display#1.delete_id(95)
[18:58:32.006163] {Display Queue} wl_display#1.delete_id(90)
[18:58:32.006165] {Default Queue} wl_callback#95.done(20685621)
[18:58:32.006169] {Default Queue} wp_presentation_feedback#90.sync_output(wl_output#28)
[18:58:32.006171] {Default Queue} wp_presentation_feedback#90.presented(0, 20685, 621936214, 0, 0, 0, 0)
[18:58:32.006855]  -> wl_surface#100.attach(wl_buffer#73, 0, 0)
[18:58:32.006858]  -> wl_surface#100.damage_buffer(0, 0, 1280, 672)
[18:58:32.006860]  -> wl_surface#100.frame(new id wl_callback#90)
[18:58:32.006861] {Default Queue}  -> wp_presentation#20.feedback(wl_surface#100, new id wp_presentation_feedback#95)
[18:58:32.006862]  -> wl_surface#100.commit()
[18:58:32.006906] {Default Queue} wl_buffer#103.release()
[18:58:32.019472] {Default Queue} wl_keyboard#89.leave(252, wl_surface#100)
[18:58:32.019479] {Default Queue} wl_keyboard#89.leave(253, wl_surface#100)
[18:58:32.019480] {Default Queue} wl_keyboard#89.leave(254, wl_surface#100)
[18:58:32.019480] {Default Queue} wl_seat#3.capabilities(1)
[18:58:32.019482] {Default Queue}  -> wl_keyboard#89.release()
[18:58:32.019923]  -> wl_surface#48.attach(wl_buffer#75, 0, 0)
[18:58:32.019927]  -> wl_surface#48.damage_buffer(0, 0, 1280, 48)
[18:58:32.019929]  -> wl_surface#48.frame(new id wl_callback#99)
[18:58:32.019930] {Default Queue}  -> wp_presentation#20.feedback(wl_surface#48, new id wp_presentation_feedback#93)
[18:58:32.019932]  -> wl_surface#48.commit()
[18:58:32.020087]  -> wl_surface#59.attach(wl_buffer#92, 0, 0)
[18:58:32.020089]  -> wl_surface#59.damage_buffer(0, 0, 1280, 48)
[18:58:32.020090]  -> wl_surface#59.frame(new id wl_callback#106)
[18:58:32.020091] {Default Queue}  -> wp_presentation#20.feedback(wl_surface#59, new id wp_presentation_feedback#94)
[18:58:32.020093]  -> wl_surface#59.commit()
[18:58:32.020165] {Display Queue} wl_display#1.delete_id(89)
[18:58:32.020169] {Display Queue} wl_display#1.delete_id(106)
[18:58:32.020170] {Display Queue} wl_display#1.delete_id(94)
[18:58:32.020171] {Default Queue} wl_buffer#77.release()
[18:58:32.020172] {Default Queue} wl_buffer#85.release()
[18:58:32.020173] {Default Queue} wl_callback#106.done(20685635)
[18:58:32.020177] {Default Queue} wp_presentation_feedback#94.sync_output(wl_output#31)
[18:58:32.020178] {Default Queue} wp_presentation_feedback#94.presented(0, 20685, 635946671, 0, 0, 0, 0)
[18:58:32.020958] {Default Queue} wl_seat#3.capabilities(3)
[18:58:32.020969] {Default Queue}  -> wl_seat#3.get_keyboard(new id wl_keyboard#94)
[18:58:32.021167] {Default Queue} wl_keyboard#94.keymap(1, fd 16, 1436)
[18:58:32.021243] {Default Queue} wl_keyboard#94.repeat_info(40, 400)
[18:58:32.021245] {Default Queue} wl_keyboard#94.enter(256, wl_surface#100, array[0])
[18:58:32.021250] {Default Queue} wl_keyboard#94.modifiers(257, 0, 0, 0, 0)
[18:58:32.022624] {Display Queue} wl_display#1.delete_id(99)
[18:58:32.022629] {Display Queue} wl_display#1.delete_id(90)
[18:58:32.022630] {Display Queue} wl_display#1.delete_id(93)
[18:58:32.022631] {Display Queue} wl_display#1.delete_id(95)
[18:58:32.022631] {Default Queue} wl_callback#99.done(20685638)
[18:58:32.022642] {Default Queue} wl_callback#90.done(20685638)
[18:58:32.022644] {Default Queue} wp_presentation_feedback#93.sync_output(wl_output#28)
[18:58:32.022645] {Default Queue} wp_presentation_feedback#93.presented(0, 20685, 638396603, 0, 0, 0, 0)
[18:58:32.022648] {Default Queue} wp_presentation_feedback#95.sync_output(wl_output#28)
[18:58:32.022648] {Default Queue} wp_presentation_feedback#95.presented(0, 20685, 638396603, 0, 0, 0, 0)
[18:58:32.023897]  -> wl_surface#100.attach(wl_buffer#103, 0, 0)
[18:58:32.023901]  -> wl_surface#100.damage_buffer(0, 0, 1280, 672)
[18:58:32.023902]  -> wl_surface#100.frame(new id wl_callback#95)
[18:58:32.023904] {Default Queue}  -> wp_presentation#20.feedback(wl_surface#100, new id wp_presentation_feedback#93)
[18:58:32.023906]  -> wl_surface#100.commit()
[18:58:32.024138]  -> wl_surface#48.attach(wl_buffer#77, 0, 0)
[18:58:32.024140]  -> wl_surface#48.damage_buffer(0, 0, 1280, 48)
[18:58:32.024141]  -> wl_surface#48.frame(new id wl_callback#90)
[18:58:32.024142] {Default Queue}  -> wp_presentation#20.feedback(wl_surface#48, new id wp_presentation_feedback#99)
[18:58:32.024143]  -> wl_surface#48.commit()
[18:58:32.024155] {Default Queue} wl_buffer#73.release()
[18:58:32.024160] {Default Queue} wl_buffer#75.release()
[18:58:32.036579]  -> wl_surface#59.attach(wl_buffer#85, 0, 0)
[18:58:32.036587]  -> wl_surface#59.damage_buffer(0, 0, 1280, 48)
[18:58:32.036589]  -> wl_surface#59.frame(new id wl_callback#106)
[18:58:32.036592] {Default Queue}  -> wp_presentation#20.feedback(wl_surface#59, new id wp_presentation_feedback#89)
[18:58:32.036594]  -> wl_surface#59.commit()
[18:58:32.036706] {Display Queue} wl_display#1.delete_id(106)
[18:58:32.036708] {Display Queue} wl_display#1.delete_id(89)
[18:58:32.036709] {Default Queue} wl_buffer#92.release()
[18:58:32.036710] {Default Queue} wl_callback#106.done(20685652)
[18:58:32.036715] {Default Queue} wp_presentation_feedback#89.sync_output(wl_output#31)
[18:58:32.036717] {Default Queue} wp_presentation_feedback#89.presented(0, 20685, 652488001, 0, 0, 0, 0)
[18:58:32.039082] {Display Queue} wl_display#1.delete_id(90)
[18:58:32.039088] {Display Queue} wl_display#1.delete_id(95)
[18:58:32.039089] {Display Queue} wl_display#1.delete_id(99)
[18:58:32.039090] {Display Queue} wl_display#1.delete_id(93)
[18:58:32.039091] {Default Queue} wl_callback#90.done(20685654)
[18:58:32.039101] {Default Queue} wl_callback#95.done(20685654)
[18:58:32.039103] {Default Queue} wp_presentation_feedback#99.sync_output(wl_output#28)
[18:58:32.039104] {Default Queue} wp_presentation_feedback#99.presented(0, 20685, 654851082, 0, 0, 0, 0)
[18:58:32.039107] {Default Queue} wp_presentation_feedback#93.sync_output(wl_output#28)
[18:58:32.039108] {Default Queue} wp_presentation_feedback#93.presented(0, 20685, 654851082, 0, 0, 0, 0)
[18:58:32.040138]  -> wl_surface#100.attach(wl_buffer#73, 0, 0)
[18:58:32.040142]  -> wl_surface#100.damage_buffer(0, 0, 1280, 672)
[18:58:32.040144]  -> wl_surface#100.frame(new id wl_callback#93)
[18:58:32.040146] {Default Queue}  -> wp_presentation#20.feedback(wl_surface#100, new id wp_presentation_feedback#99)
[18:58:32.040148]  -> wl_surface#100.commit()
[18:58:32.040211] {Default Queue} wl_buffer#103.release()
[18:58:32.055550] {Display Queue} wl_display#1.delete_id(93)
[18:58:32.055556] {Display Queue} wl_display#1.delete_id(99)
[18:58:32.055557] {Default Queue} wl_callback#93.done(20685671)
[18:58:32.055563] {Default Queue} wp_presentation_feedback#99.sync_output(wl_output#28)
[18:58:32.055564] {Default Queue} wp_presentation_feedback#99.presented(0, 20685, 671324521, 0, 0, 0, 0)
[18:58:32.056465]  -> wl_surface#100.attach(wl_buffer#103, 0, 0)
[18:58:32.056470]  -> wl_surface#100.damage_buffer(0, 0, 1280, 672)
[18:58:32.056472]  -> wl_surface#100.frame(new id wl_callback#99)
[18:58:32.056473] {Default Queue}  -> wp_presentation#20.feedback(wl_surface#100, new id wp_presentation_feedback#93)
[18:58:32.056475]  -> wl_surface#100.commit()
[18:58:32.056515] {Default Queue} wl_buffer#73.release()
[18:58:32.071914] {Display Queue} wl_display#1.delete_id(99)
[18:58:32.071923] {Display Queue} wl_display#1.delete_id(93)
[18:58:32.071924] {Default Queue} wl_callback#99.done(20685687)
[18:58:32.071938] {Default Queue} wp_presentation_feedback#93.sync_output(wl_output#28)
[18:58:32.071940] {Default Queue} wp_presentation_feedback#93.presented(0, 20685, 687674059, 0, 0, 0, 0)
[18:58:32.073116]  -> wl_surface#100.attach(wl_buffer#73, 0, 0)
[18:58:32.073121]  -> wl_surface#100.damage_buffer(0, 0, 1280, 672)
[18:58:32.073123]  -> wl_surface#100.frame(new id wl_callback#93)
[18:58:32.073126] {Default Queue}  -> wp_presentation#20.feedback(wl_surface#100, new id wp_presentation_feedback#99)
[18:58:32.073127]  -> wl_surface#100.commit()
[18:58:32.073209] {Default Queue} wl_buffer#103.release()
[18:58:32.088382] {Display Queue} wl_display#1.delete_id(93)
[18:58:32.088391] {Display Queue} wl_display#1.delete_id(99)
[18:58:32.088392] {Default Queue} wl_callback#93.done(20685704)
[18:58:32.088407] {Default Queue} wp_presentation_feedback#99.sync_output(wl_output#28)
[18:58:32.088408] {Default Queue} wp_presentation_feedback#99.presented(0, 20685, 704141219, 0, 0, 0, 0)
[18:58:32.089590]  -> wl_surface#100.attach(wl_buffer#103, 0, 0)
[18:58:32.089596]  -> wl_surface#100.damage_buffer(0, 0, 1280, 672)
[18:58:32.089598]  -> wl_surface#100.frame(new id wl_callback#99)
[18:58:32.089601] {Default Queue}  -> wp_presentation#20.feedback(wl_surface#100, new id wp_presentation_feedback#93)
[18:58:32.089603]  -> wl_surface#100.commit()
[18:58:32.089680] {Default Queue} wl_buffer#73.release()
[18:58:32.104877] {Display Queue} wl_display#1.delete_id(99)
[18:58:32.104886] {Display Queue} wl_display#1.delete_id(93)
[18:58:32.104887] {Default Queue} wl_callback#99.done(20685720)
[18:58:32.104903] {Default Queue} wp_presentation_feedback#93.sync_output(wl_output#28)
[18:58:32.104905] {Default Queue} wp_presentation_feedback#93.presented(0, 20685, 720633888, 0, 0, 0, 0)
[18:58:32.105961]  -> wl_surface#100.attach(wl_buffer#73, 0, 0)
[18:58:32.105965]  -> wl_surface#100.damage_buffer(0, 0, 1280, 672)
[18:58:32.105967]  -> wl_surface#100.frame(new id wl_callback#93)
[18:58:32.105970] {Default Queue}  -> wp_presentation#20.feedback(wl_surface#100, new id wp_presentation_feedback#99)
[18:58:32.105972]  -> wl_surface#100.commit()
[18:58:32.106046] {Default Queue} wl_buffer#103.release()
[18:58:32.121362] {Display Queue} wl_display#1.delete_id(93)
[18:58:32.121370] {Display Queue} wl_display#1.delete_id(99)
[18:58:32.121371] {Default Queue} wl_callback#93.done(20685737)
[18:58:32.121386] {Default Queue} wp_presentation_feedback#99.sync_output(wl_output#28)
[18:58:32.121388] {Default Queue} wp_presentation_feedback#99.presented(0, 20685, 737119887, 0, 0, 0, 0)
[18:58:32.121398] {Default Queue} wl_keyboard#94.key(258, 0, 1, 1)
[18:58:32.122687]  -> wl_surface#100.attach(wl_buffer#103, 0, 0)
[18:58:32.122692]  -> wl_surface#100.damage_buffer(0, 0, 1280, 672)
[18:58:32.122694]  -> wl_surface#100.frame(new id wl_callback#99)
[18:58:32.122696] {Default Queue}  -> wp_presentation#20.feedback(wl_surface#100, new id wp_presentation_feedback#93)
[18:58:32.122698]  -> wl_surface#100.commit()
info: event=services-focus target=other
[18:58:32.122770] {Default Queue} wl_buffer#73.release()
[18:58:32.123443] {Default Queue} wl_keyboard#94.key(259, 0, 1, 0)
[18:58:32.137839] {Display Queue} wl_display#1.delete_id(99)
[18:58:32.137845] {Display Queue} wl_display#1.delete_id(93)
[18:58:32.137846] {Default Queue} wl_callback#99.done(20685753)
[18:58:32.137853] {Default Queue} wp_presentation_feedback#93.sync_output(wl_output#28)
[18:58:32.137855] {Default Queue} wp_presentation_feedback#93.presented(0, 20685, 753612457, 0, 0, 0, 0)
[18:58:32.139111]  -> wl_surface#100.attach(wl_buffer#73, 0, 0)
[18:58:32.139120]  -> wl_surface#100.damage_buffer(0, 0, 1280, 672)
[18:58:32.139122]  -> wl_surface#100.frame(new id wl_callback#93)
[18:58:32.139125] {Default Queue}  -> wp_presentation#20.feedback(wl_surface#100, new id wp_presentation_feedback#99)
[18:58:32.139129]  -> wl_surface#100.commit()
[18:58:32.139224] {Default Queue} wl_buffer#103.release()
[18:58:32.154119] {Display Queue} wl_display#1.delete_id(93)
[18:58:32.154125] {Display Queue} wl_display#1.delete_id(99)
[18:58:32.154126] {Default Queue} wl_callback#93.done(20685769)
[18:58:32.154131] {Default Queue} wp_presentation_feedback#99.sync_output(wl_output#28)
[18:58:32.154132] {Default Queue} wp_presentation_feedback#99.presented(0, 20685, 769893624, 0, 0, 0, 0)
[18:58:32.155400]  -> wl_surface#100.attach(wl_buffer#103, 0, 0)
[18:58:32.155408]  -> wl_surface#100.damage_buffer(0, 0, 1280, 672)
[18:58:32.155411]  -> wl_surface#100.frame(new id wl_callback#99)
[18:58:32.155414] {Default Queue}  -> wp_presentation#20.feedback(wl_surface#100, new id wp_presentation_feedback#93)
[18:58:32.155416]  -> wl_surface#100.commit()
[18:58:32.155514] {Default Queue} wl_buffer#73.release()
[18:58:32.160695] {Default Queue} wl_keyboard#94.leave(260, wl_surface#100)
[18:58:32.160706] {Default Queue} wl_keyboard#94.leave(261, wl_surface#100)
[18:58:32.160707] {Default Queue} wl_keyboard#94.leave(262, wl_surface#100)
[18:58:32.160708] {Default Queue} wl_seat#3.capabilities(1)
[18:58:32.160709] {Default Queue}  -> wl_keyboard#94.release()
[18:58:32.161345]  -> wl_surface#48.attach(wl_buffer#75, 0, 0)
[18:58:32.161349]  -> wl_surface#48.damage_buffer(0, 0, 1280, 48)
[18:58:32.161350]  -> wl_surface#48.frame(new id wl_callback#95)
[18:58:32.161352] {Default Queue}  -> wp_presentation#20.feedback(wl_surface#48, new id wp_presentation_feedback#90)
[18:58:32.161354]  -> wl_surface#48.commit()
[18:58:32.161578]  -> wl_surface#59.attach(wl_buffer#92, 0, 0)
[18:58:32.161580]  -> wl_surface#59.damage_buffer(0, 0, 1280, 48)
[18:58:32.161581]  -> wl_surface#59.frame(new id wl_callback#89)
[18:58:32.161582] {Default Queue}  -> wp_presentation#20.feedback(wl_surface#59, new id wp_presentation_feedback#106)
[18:58:32.161584]  -> wl_surface#59.commit()
[18:58:32.162143] {Display Queue} wl_display#1.delete_id(94)
[18:58:32.162147] {Default Queue} wl_seat#3.capabilities(3)
[18:58:32.162150] {Default Queue}  -> wl_seat#3.get_keyboard(new id wl_keyboard#94)
[18:58:32.162284] {Display Queue} wl_display#1.delete_id(89)
[18:58:32.162286] {Display Queue} wl_display#1.delete_id(106)
[18:58:32.162287] {Default Queue} wl_buffer#77.release()
[18:58:32.162289] {Default Queue} wl_buffer#85.release()
[18:58:32.162290] {Default Queue} wl_callback#89.done(20685778)
[18:58:32.162295] {Default Queue} wp_presentation_feedback#106.sync_output(wl_output#31)
[18:58:32.162297] {Default Queue} wp_presentation_feedback#106.presented(0, 20685, 778035348, 0, 0, 0, 0)
[18:58:32.162300] {Default Queue} wl_keyboard#94.keymap(1, fd 16, 1436)
[18:58:32.162378] {Default Queue} wl_keyboard#94.repeat_info(40, 400)
[18:58:32.162380] {Default Queue} wl_keyboard#94.enter(264, wl_surface#100, array[0])
[18:58:32.162384] {Default Queue} wl_keyboard#94.modifiers(265, 0, 0, 0, 0)
[18:58:32.170432] {Display Queue} wl_display#1.delete_id(95)
[18:58:32.170437] {Display Queue} wl_display#1.delete_id(99)
[18:58:32.170438] {Display Queue} wl_display#1.delete_id(90)
[18:58:32.170439] {Display Queue} wl_display#1.delete_id(93)
[18:58:32.170440] {Default Queue} wl_callback#95.done(20685786)
[18:58:32.170445] {Default Queue} wl_callback#99.done(20685786)
[18:58:32.170448] {Default Queue} wp_presentation_feedback#90.sync_output(wl_output#28)
[18:58:32.170449] {Default Queue} wp_presentation_feedback#90.presented(0, 20685, 786204162, 0, 0, 0, 0)
[18:58:32.170451] {Default Queue} wp_presentation_feedback#93.sync_output(wl_output#28)
[18:58:32.170452] {Default Queue} wp_presentation_feedback#93.presented(0, 20685, 786204162, 0, 0, 0, 0)
[18:58:32.171911]  -> wl_surface#100.attach(wl_buffer#73, 0, 0)
[18:58:32.171920]  -> wl_surface#100.damage_buffer(0, 0, 1280, 672)
[18:58:32.171922]  -> wl_surface#100.frame(new id wl_callback#93)
[18:58:32.171925] {Default Queue}  -> wp_presentation#20.feedback(wl_surface#100, new id wp_presentation_feedback#90)
[18:58:32.171927]  -> wl_surface#100.commit()
[18:58:32.172204]  -> wl_surface#48.attach(wl_buffer#77, 0, 0)
[18:58:32.172210]  -> wl_surface#48.damage_buffer(0, 0, 1280, 48)
[18:58:32.172212]  -> wl_surface#48.frame(new id wl_callback#99)
[18:58:32.172213] {Default Queue}  -> wp_presentation#20.feedback(wl_surface#48, new id wp_presentation_feedback#95)
[18:58:32.172214]  -> wl_surface#48.commit()
[18:58:32.172231] {Default Queue} wl_buffer#103.release()
[18:58:32.172243] {Default Queue} wl_buffer#75.release()
[18:58:32.178894]  -> wl_surface#59.attach(wl_buffer#85, 0, 0)
[18:58:32.178901]  -> wl_surface#59.damage_buffer(0, 0, 1280, 48)
[18:58:32.178903]  -> wl_surface#59.frame(new id wl_callback#106)
[18:58:32.178905] {Default Queue}  -> wp_presentation#20.feedback(wl_surface#59, new id wp_presentation_feedback#89)
[18:58:32.178907]  -> wl_surface#59.commit()
[18:58:32.179104] {Display Queue} wl_display#1.delete_id(106)
[18:58:32.179110] {Display Queue} wl_display#1.delete_id(89)
[18:58:32.179111] {Default Queue} wl_buffer#92.release()
[18:58:32.179112] {Default Queue} wl_callback#106.done(20685794)
[18:58:32.179121] {Default Queue} wp_presentation_feedback#89.sync_output(wl_output#31)
[18:58:32.179123] {Default Queue} wp_presentation_feedback#89.presented(0, 20685, 794881210, 0, 0, 0, 0)
[18:58:32.186935] {Display Queue} wl_display#1.delete_id(99)
[18:58:32.186942] {Display Queue} wl_display#1.delete_id(93)
[18:58:32.186943] {Display Queue} wl_display#1.delete_id(95)
[18:58:32.186944] {Display Queue} wl_display#1.delete_id(90)
[18:58:32.186945] {Default Queue} wl_callback#99.done(20685802)
[18:58:32.186956] {Default Queue} wl_callback#93.done(20685802)
[18:58:32.186958] {Default Queue} wp_presentation_feedback#95.sync_output(wl_output#28)
[18:58:32.186960] {Default Queue} wp_presentation_feedback#95.presented(0, 20685, 802694311, 0, 0, 0, 0)
[18:58:32.186969] {Default Queue} wp_presentation_feedback#90.sync_output(wl_output#28)
[18:58:32.186973] {Default Queue} wp_presentation_feedback#90.presented(0, 20685, 802694311, 0, 0, 0, 0)
[18:58:32.188162]  -> wl_surface#100.attach(wl_buffer#103, 0, 0)
[18:58:32.188166]  -> wl_surface#100.damage_buffer(0, 0, 1280, 672)
[18:58:32.188168]  -> wl_surface#100.frame(new id wl_callback#90)
[18:58:32.188170] {Default Queue}  -> wp_presentation#20.feedback(wl_surface#100, new id wp_presentation_feedback#95)
[18:58:32.188172]  -> wl_surface#100.commit()
[18:58:32.188242] {Default Queue} wl_buffer#73.release()
[18:58:32.203386] {Display Queue} wl_display#1.delete_id(90)
[18:58:32.203394] {Display Queue} wl_display#1.delete_id(95)
[18:58:32.203395] {Default Queue} wl_callback#90.done(20685819)
[18:58:32.203414] {Default Queue} wp_presentation_feedback#95.sync_output(wl_output#28)
[18:58:32.203416] {Default Queue} wp_presentation_feedback#95.presented(0, 20685, 819142320, 0, 0, 0, 0)
[18:58:32.204420]  -> wl_surface#100.attach(wl_buffer#73, 0, 0)
[18:58:32.204426]  -> wl_surface#100.damage_buffer(0, 0, 1280, 672)
[18:58:32.204428]  -> wl_surface#100.frame(new id wl_callback#95)
[18:58:32.204430] {Default Queue}  -> wp_presentation#20.feedback(wl_surface#100, new id wp_presentation_feedback#90)
[18:58:32.204432]  -> wl_surface#100.commit()
[18:58:32.204506] {Default Queue} wl_buffer#103.release()
[18:58:32.219833] {Display Queue} wl_display#1.delete_id(95)
[18:58:32.219846] {Display Queue} wl_display#1.delete_id(90)
[18:58:32.219847] {Default Queue} wl_callback#95.done(20685835)
[18:58:32.219864] {Default Queue} wp_presentation_feedback#90.sync_output(wl_output#28)
[18:58:32.219866] {Default Queue} wp_presentation_feedback#90.presented(0, 20685, 835573279, 0, 0, 0, 0)
[18:58:32.220922]  -> wl_surface#100.attach(wl_buffer#103, 0, 0)
[18:58:32.220928]  -> wl_surface#100.damage_buffer(0, 0, 1280, 672)
[18:58:32.220929]  -> wl_surface#100.frame(new id wl_callback#90)
[18:58:32.220932] {Default Queue}  -> wp_presentation#20.feedback(wl_surface#100, new id wp_presentation_feedback#95)
[18:58:32.220934]  -> wl_surface#100.commit()
[18:58:32.221002] {Default Queue} wl_buffer#73.release()
[18:58:32.236360] {Display Queue} wl_display#1.delete_id(90)
[18:58:32.236371] {Display Queue} wl_display#1.delete_id(95)
[18:58:32.236373] {Default Queue} wl_callback#90.done(20685852)
[18:58:32.236389] {Default Queue} wp_presentation_feedback#95.sync_output(wl_output#28)
[18:58:32.236390] {Default Queue} wp_presentation_feedback#95.presented(0, 20685, 852110909, 0, 0, 0, 0)
[18:58:32.237413]  -> wl_surface#100.attach(wl_buffer#73, 0, 0)
[18:58:32.237421]  -> wl_surface#100.damage_buffer(0, 0, 1280, 672)
[18:58:32.237423]  -> wl_surface#100.frame(new id wl_callback#95)
[18:58:32.237426] {Default Queue}  -> wp_presentation#20.feedback(wl_surface#100, new id wp_presentation_feedback#90)
[18:58:32.237428]  -> wl_surface#100.commit()
[18:58:32.237510] {Default Queue} wl_buffer#103.release()
[18:58:32.252765] {Display Queue} wl_display#1.delete_id(95)
[18:58:32.252774] {Display Queue} wl_display#1.delete_id(90)
[18:58:32.252775] {Default Queue} wl_callback#95.done(20685868)
[18:58:32.252789] {Default Queue} wp_presentation_feedback#90.sync_output(wl_output#28)
[18:58:32.252790] {Default Queue} wp_presentation_feedback#90.presented(0, 20685, 868522537, 0, 0, 0, 0)
[18:58:32.253778]  -> wl_surface#100.attach(wl_buffer#103, 0, 0)
[18:58:32.253783]  -> wl_surface#100.damage_buffer(0, 0, 1280, 672)
[18:58:32.253785]  -> wl_surface#100.frame(new id wl_callback#90)
[18:58:32.253787] {Default Queue}  -> wp_presentation#20.feedback(wl_surface#100, new id wp_presentation_feedback#95)
[18:58:32.253789]  -> wl_surface#100.commit()
[18:58:32.253867] {Default Queue} wl_buffer#73.release()
[18:58:32.262281] {Default Queue} wl_keyboard#94.key(266, 0, 1, 1)
[18:58:32.264364] {Default Queue} wl_keyboard#94.key(267, 0, 1, 0)
[18:58:32.269164] {Display Queue} wl_display#1.delete_id(90)
[18:58:32.269170] {Display Queue} wl_display#1.delete_id(95)
[18:58:32.269171] {Default Queue} wl_callback#90.done(20685884)
[18:58:32.269181] {Default Queue} wp_presentation_feedback#95.sync_output(wl_output#28)
[18:58:32.269183] {Default Queue} wp_presentation_feedback#95.presented(0, 20685, 884935596, 0, 0, 0, 0)
[18:58:32.270177]  -> wl_surface#100.attach(wl_buffer#73, 0, 0)
[18:58:32.270182]  -> wl_surface#100.damage_buffer(0, 0, 1280, 672)
[18:58:32.270183]  -> wl_surface#100.frame(new id wl_callback#95)
[18:58:32.270186] {Default Queue}  -> wp_presentation#20.feedback(wl_surface#100, new id wp_presentation_feedback#90)
[18:58:32.270187]  -> wl_surface#100.commit()
info: event=services-focus target=other
[18:58:32.270261] {Default Queue} wl_buffer#103.release()
[18:58:32.285623] {Display Queue} wl_display#1.delete_id(95)
[18:58:32.285632] {Display Queue} wl_display#1.delete_id(90)
[18:58:32.285633] {Default Queue} wl_callback#95.done(20685901)
[18:58:32.285648] {Default Queue} wp_presentation_feedback#90.sync_output(wl_output#28)
[18:58:32.285649] {Default Queue} wp_presentation_feedback#90.presented(0, 20685, 901382385, 0, 0, 0, 0)
[18:58:32.286619]  -> wl_surface#100.attach(wl_buffer#103, 0, 0)
[18:58:32.286623]  -> wl_surface#100.damage_buffer(0, 0, 1280, 672)
[18:58:32.286625]  -> wl_surface#100.frame(new id wl_callback#90)
[18:58:32.286628] {Default Queue}  -> wp_presentation#20.feedback(wl_surface#100, new id wp_presentation_feedback#95)
[18:58:32.286630]  -> wl_surface#100.commit()
[18:58:32.286702] {Default Queue} wl_buffer#73.release()
[18:58:32.301965] {Default Queue} wl_keyboard#94.leave(268, wl_surface#100)
[18:58:32.301984] {Default Queue} wl_keyboard#94.leave(269, wl_surface#100)
[18:58:32.301986] {Default Queue} wl_keyboard#94.leave(270, wl_surface#100)
[18:58:32.301987] {Default Queue} wl_seat#3.capabilities(1)
[18:58:32.301990] {Default Queue}  -> wl_keyboard#94.release()
[18:58:32.302588] {Display Queue} wl_display#1.delete_id(90)
[18:58:32.302592] {Display Queue} wl_display#1.delete_id(95)
[18:58:32.302593] {Default Queue} wl_callback#90.done(20685918)
[18:58:32.302603] {Default Queue} wp_presentation_feedback#95.sync_output(wl_output#28)
[18:58:32.302605] {Default Queue} wp_presentation_feedback#95.presented(0, 20685, 918283398, 0, 0, 0, 0)
[18:58:32.303725]  -> wl_surface#100.attach(wl_buffer#73, 0, 0)
[18:58:32.303729]  -> wl_surface#100.damage_buffer(0, 0, 1280, 672)
[18:58:32.303731]  -> wl_surface#100.frame(new id wl_callback#95)
[18:58:32.303734] {Default Queue}  -> wp_presentation#20.feedback(wl_surface#100, new id wp_presentation_feedback#90)
[18:58:32.303736]  -> wl_surface#100.commit()
[18:58:32.303762] {Display Queue} wl_display#1.delete_id(94)
[18:58:32.303764] {Default Queue} wl_seat#3.capabilities(3)
[18:58:32.303766] {Default Queue}  -> wl_seat#3.get_keyboard(new id wl_keyboard#94)
[18:58:32.303853] {Default Queue} wl_buffer#103.release()
[18:58:32.303896] {Default Queue} wl_keyboard#94.keymap(1, fd 16, 1436)
[18:58:32.303958] {Default Queue} wl_keyboard#94.repeat_info(40, 400)
[18:58:32.303960] {Default Queue} wl_keyboard#94.enter(272, wl_surface#100, array[0])
[18:58:32.303964] {Default Queue} wl_keyboard#94.modifiers(273, 0, 0, 0, 0)
[18:58:32.319218] {Display Queue} wl_display#1.delete_id(95)
[18:58:32.319228] {Display Queue} wl_display#1.delete_id(90)
[18:58:32.319230] {Default Queue} wl_callback#95.done(20685934)
[18:58:32.319248] {Default Queue} wp_presentation_feedback#90.sync_output(wl_output#28)
[18:58:32.319249] {Default Queue} wp_presentation_feedback#90.presented(0, 20685, 934967549, 0, 0, 0, 0)
[18:58:32.320412]  -> wl_surface#100.attach(wl_buffer#103, 0, 0)
[18:58:32.320418]  -> wl_surface#100.damage_buffer(0, 0, 1280, 672)
[18:58:32.320420]  -> wl_surface#100.frame(new id wl_callback#90)
[18:58:32.320423] {Default Queue}  -> wp_presentation#20.feedback(wl_surface#100, new id wp_presentation_feedback#95)
[18:58:32.320425]  -> wl_surface#100.commit()
[18:58:32.320520] {Default Queue} wl_buffer#73.release()
[18:58:32.335726] {Display Queue} wl_display#1.delete_id(90)
[18:58:32.335737] {Display Queue} wl_display#1.delete_id(95)
[18:58:32.335739] {Default Queue} wl_callback#90.done(20685951)
[18:58:32.335757] {Default Queue} wp_presentation_feedback#95.sync_output(wl_output#28)
[18:58:32.335759] {Default Queue} wp_presentation_feedback#95.presented(0, 20685, 951482689, 0, 0, 0, 0)
[18:58:32.336942]  -> wl_surface#100.attach(wl_buffer#73, 0, 0)
[18:58:32.336949]  -> wl_surface#100.damage_buffer(0, 0, 1280, 672)
[18:58:32.336951]  -> wl_surface#100.frame(new id wl_callback#95)
[18:58:32.336953] {Default Queue}  -> wp_presentation#20.feedback(wl_surface#100, new id wp_presentation_feedback#90)
[18:58:32.336956]  -> wl_surface#100.commit()
[18:58:32.337046] {Default Queue} wl_buffer#103.release()
[18:58:32.352180] {Display Queue} wl_display#1.delete_id(95)
[18:58:32.352189] {Display Queue} wl_display#1.delete_id(90)
[18:58:32.352190] {Default Queue} wl_callback#95.done(20685967)
[18:58:32.352204] {Default Queue} wp_presentation_feedback#90.sync_output(wl_output#28)
[18:58:32.352214] {Default Queue} wp_presentation_feedback#90.presented(0, 20685, 967934058, 0, 0, 0, 0)
[18:58:32.353450]  -> wl_surface#100.attach(wl_buffer#103, 0, 0)
[18:58:32.353458]  -> wl_surface#100.damage_buffer(0, 0, 1280, 672)
[18:58:32.353460]  -> wl_surface#100.frame(new id wl_callback#90)
[18:58:32.353463] {Default Queue}  -> wp_presentation#20.feedback(wl_surface#100, new id wp_presentation_feedback#95)
[18:58:32.353466]  -> wl_surface#100.commit()
[18:58:32.353550] {Default Queue} wl_buffer#73.release()
[18:58:32.368604] {Display Queue} wl_display#1.delete_id(90)
[18:58:32.368613] {Display Queue} wl_display#1.delete_id(95)
[18:58:32.368615] {Default Queue} wl_callback#90.done(20685984)
[18:58:32.368629] {Default Queue} wp_presentation_feedback#95.sync_output(wl_output#28)
[18:58:32.368630] {Default Queue} wp_presentation_feedback#95.presented(0, 20685, 984362707, 0, 0, 0, 0)
[18:58:32.369663]  -> wl_surface#100.attach(wl_buffer#73, 0, 0)
[18:58:32.369670]  -> wl_surface#100.damage_buffer(0, 0, 1280, 672)
[18:58:32.369672]  -> wl_surface#100.frame(new id wl_callback#95)
[18:58:32.369676] {Default Queue}  -> wp_presentation#20.feedback(wl_surface#100, new id wp_presentation_feedback#90)
[18:58:32.369679]  -> wl_surface#100.commit()
[18:58:32.369776] {Default Queue} wl_buffer#103.release()
[18:58:32.385083] {Display Queue} wl_display#1.delete_id(95)
[18:58:32.385090] {Display Queue} wl_display#1.delete_id(90)
[18:58:32.385091] {Default Queue} wl_callback#95.done(20686000)
[18:58:32.385105] {Default Queue} wp_presentation_feedback#90.sync_output(wl_output#28)
[18:58:32.385107] {Default Queue} wp_presentation_feedback#90.presented(0, 20686, 841506, 0, 0, 0, 0)
[18:58:32.386088]  -> wl_surface#100.attach(wl_buffer#103, 0, 0)
[18:58:32.386093]  -> wl_surface#100.damage_buffer(0, 0, 1280, 672)
[18:58:32.386094]  -> wl_surface#100.frame(new id wl_callback#90)
[18:58:32.386097] {Default Queue}  -> wp_presentation#20.feedback(wl_surface#100, new id wp_presentation_feedback#95)
[18:58:32.386099]  -> wl_surface#100.commit()
[18:58:32.386179] {Default Queue} wl_buffer#73.release()
[18:58:32.401586] {Display Queue} wl_display#1.delete_id(90)
[18:58:32.401594] {Display Queue} wl_display#1.delete_id(95)
[18:58:32.401595] {Default Queue} wl_callback#90.done(20686017)
[18:58:32.401608] {Default Queue} wp_presentation_feedback#95.sync_output(wl_output#28)
[18:58:32.401610] {Default Queue} wp_presentation_feedback#95.presented(0, 20686, 17347415, 0, 0, 0, 0)
[18:58:32.402591]  -> wl_surface#100.attach(wl_buffer#73, 0, 0)
[18:58:32.402596]  -> wl_surface#100.damage_buffer(0, 0, 1280, 672)
[18:58:32.402598]  -> wl_surface#100.frame(new id wl_callback#95)
[18:58:32.402600] {Default Queue}  -> wp_presentation#20.feedback(wl_surface#100, new id wp_presentation_feedback#90)
[18:58:32.402602]  -> wl_surface#100.commit()
[18:58:32.402680] {Default Queue} wl_buffer#103.release()
[18:58:32.403761] {Default Queue} wl_keyboard#94.key(274, 0, 1, 1)
[18:58:32.405845] {Default Queue} wl_keyboard#94.key(275, 0, 1, 0)
[18:58:32.418073] {Display Queue} wl_display#1.delete_id(95)
[18:58:32.418083] {Display Queue} wl_display#1.delete_id(90)
[18:58:32.418084] {Default Queue} wl_callback#95.done(20686033)
[18:58:32.418103] {Default Queue} wp_presentation_feedback#90.sync_output(wl_output#28)
[18:58:32.418104] {Default Queue} wp_presentation_feedback#90.presented(0, 20686, 33827485, 0, 0, 0, 0)
[18:58:32.419153]  -> wl_surface#100.attach(wl_buffer#103, 0, 0)
[18:58:32.419158]  -> wl_surface#100.damage_buffer(0, 0, 1280, 672)
[18:58:32.419160]  -> wl_surface#100.frame(new id wl_callback#90)
[18:58:32.419162] {Default Queue}  -> wp_presentation#20.feedback(wl_surface#100, new id wp_presentation_feedback#95)
[18:58:32.419165]  -> wl_surface#100.commit()
info: event=services-focus target=other
[18:58:32.419247] {Default Queue} wl_buffer#73.release()
[18:58:32.434485] {Display Queue} wl_display#1.delete_id(90)
[18:58:32.434494] {Display Queue} wl_display#1.delete_id(95)
[18:58:32.434495] {Default Queue} wl_callback#90.done(20686050)
[18:58:32.434509] {Default Queue} wp_presentation_feedback#95.sync_output(wl_output#28)
[18:58:32.434511] {Default Queue} wp_presentation_feedback#95.presented(0, 20686, 50245873, 0, 0, 0, 0)
[18:58:32.435519]  -> wl_surface#100.attach(wl_buffer#73, 0, 0)
[18:58:32.435525]  -> wl_surface#100.damage_buffer(0, 0, 1280, 672)
[18:58:32.435527]  -> wl_surface#100.frame(new id wl_callback#95)
[18:58:32.435529] {Default Queue}  -> wp_presentation#20.feedback(wl_surface#100, new id wp_presentation_feedback#90)
[18:58:32.435531]  -> wl_surface#100.commit()
[18:58:32.435603] {Default Queue} wl_buffer#103.release()
[18:58:32.443101] {Default Queue} wl_keyboard#94.leave(276, wl_surface#100)
[18:58:32.443113] {Default Queue} wl_keyboard#94.leave(277, wl_surface#100)
[18:58:32.443114] {Default Queue} wl_keyboard#94.leave(278, wl_surface#100)
[18:58:32.443114] {Default Queue} wl_seat#3.capabilities(1)
[18:58:32.443117] {Default Queue}  -> wl_keyboard#94.release()
[18:58:32.443757]  -> wl_surface#48.attach(wl_buffer#75, 0, 0)
[18:58:32.443762]  -> wl_surface#48.damage_buffer(0, 0, 1280, 48)
[18:58:32.443763]  -> wl_surface#48.frame(new id wl_callback#93)
[18:58:32.443765] {Default Queue}  -> wp_presentation#20.feedback(wl_surface#48, new id wp_presentation_feedback#99)
[18:58:32.443767]  -> wl_surface#48.commit()
[18:58:32.443982]  -> wl_surface#59.attach(wl_buffer#92, 0, 0)
[18:58:32.443984]  -> wl_surface#59.damage_buffer(0, 0, 1280, 48)
[18:58:32.443985]  -> wl_surface#59.frame(new id wl_callback#89)
[18:58:32.443987] {Default Queue}  -> wp_presentation#20.feedback(wl_surface#59, new id wp_presentation_feedback#106)
[18:58:32.443988]  -> wl_surface#59.commit()
[18:58:32.444108] {Display Queue} wl_display#1.delete_id(94)
[18:58:32.444113] {Display Queue} wl_display#1.delete_id(89)
[18:58:32.444114] {Display Queue} wl_display#1.delete_id(106)
[18:58:32.444115] {Default Queue} wl_buffer#77.release()
[18:58:32.444116] {Default Queue} wl_buffer#85.release()
[18:58:32.444117] {Default Queue} wl_callback#89.done(20686059)
[18:58:32.444124] {Default Queue} wp_presentation_feedback#106.sync_output(wl_output#31)
[18:58:32.444125] {Default Queue} wp_presentation_feedback#106.presented(0, 20686, 59888131, 0, 0, 0, 0)
[18:58:32.444689] {Default Queue} wl_seat#3.capabilities(3)
[18:58:32.444694] {Default Queue}  -> wl_seat#3.get_keyboard(new id wl_keyboard#106)
[18:58:32.444788] {Default Queue} wl_keyboard#106.keymap(1, fd 16, 1436)
[18:58:32.444856] {Default Queue} wl_keyboard#106.repeat_info(40, 400)
[18:58:32.444858] {Default Queue} wl_keyboard#106.enter(280, wl_surface#100, array[0])
[18:58:32.444862] {Default Queue} wl_keyboard#106.modifiers(281, 0, 0, 0, 0)
[18:58:32.450955] {Display Queue} wl_display#1.delete_id(93)
[18:58:32.450960] {Display Queue} wl_display#1.delete_id(95)
[18:58:32.450961] {Display Queue} wl_display#1.delete_id(99)
[18:58:32.450961] {Display Queue} wl_display#1.delete_id(90)
[18:58:32.450962] {Default Queue} wl_callback#93.done(20686066)
[18:58:32.450969] {Default Queue} wl_callback#95.done(20686066)
[18:58:32.450972] {Default Queue} wp_presentation_feedback#99.sync_output(wl_output#28)
[18:58:32.450973] {Default Queue} wp_presentation_feedback#99.presented(0, 20686, 66727823, 0, 0, 0, 0)
[18:58:32.450976] {Default Queue} wp_presentation_feedback#90.sync_output(wl_output#28)
[18:58:32.450977] {Default Queue} wp_presentation_feedback#90.presented(0, 20686, 66727823, 0, 0, 0, 0)
[18:58:32.452102]  -> wl_surface#100.attach(wl_buffer#103, 0, 0)
[18:58:32.452109]  -> wl_surface#100.damage_buffer(0, 0, 1280, 672)
[18:58:32.452111]  -> wl_surface#100.frame(new id wl_callback#90)
[18:58:32.452113] {Default Queue}  -> wp_presentation#20.feedback(wl_surface#100, new id wp_presentation_feedback#99)
[18:58:32.452116]  -> wl_surface#100.commit()
[18:58:32.452417]  -> wl_surface#48.attach(wl_buffer#77, 0, 0)
[18:58:32.452420]  -> wl_surface#48.damage_buffer(0, 0, 1280, 48)
[18:58:32.452421]  -> wl_surface#48.frame(new id wl_callback#95)
[18:58:32.452422] {Default Queue}  -> wp_presentation#20.feedback(wl_surface#48, new id wp_presentation_feedback#93)
[18:58:32.452423]  -> wl_surface#48.commit()
[18:58:32.452436] {Default Queue} wl_buffer#73.release()
[18:58:32.452451] {Default Queue} wl_buffer#75.release()
[18:58:32.461320]  -> wl_surface#59.attach(wl_buffer#85, 0, 0)
[18:58:32.461326]  -> wl_surface#59.damage_buffer(0, 0, 1280, 48)
[18:58:32.461328]  -> wl_surface#59.frame(new id wl_callback#89)
[18:58:32.461330] {Default Queue}  -> wp_presentation#20.feedback(wl_surface#59, new id wp_presentation_feedback#94)
[18:58:32.461332]  -> wl_surface#59.commit()
[18:58:32.461447] {Display Queue} wl_display#1.delete_id(89)
[18:58:32.461452] {Display Queue} wl_display#1.delete_id(94)
[18:58:32.461453] {Default Queue} wl_buffer#92.release()
[18:58:32.461454] {Default Queue} wl_callback#89.done(20686077)
[18:58:32.461460] {Default Queue} wp_presentation_feedback#94.sync_output(wl_output#31)
[18:58:32.461462] {Default Queue} wp_presentation_feedback#94.presented(0, 20686, 77225958, 0, 0, 0, 0)
[18:58:32.467417] {Display Queue} wl_display#1.delete_id(95)
[18:58:32.467422] {Display Queue} wl_display#1.delete_id(90)
[18:58:32.467423] {Display Queue} wl_display#1.delete_id(93)
[18:58:32.467424] {Display Queue} wl_display#1.delete_id(99)
[18:58:32.467424] {Default Queue} wl_callback#95.done(20686083)
[18:58:32.467431] {Default Queue} wl_callback#90.done(20686083)
[18:58:32.467433] {Default Queue} wp_presentation_feedback#93.sync_output(wl_output#28)
[18:58:32.467434] {Default Queue} wp_presentation_feedback#93.presented(0, 20686, 83193012, 0, 0, 0, 0)
[18:58:32.467436] {Default Queue} wp_presentation_feedback#99.sync_output(wl_output#28)
[18:58:32.467437] {Default Queue} wp_presentation_feedback#99.presented(0, 20686, 83193012, 0, 0, 0, 0)
[18:58:32.468412]  -> wl_surface#100.attach(wl_buffer#73, 0, 0)
[18:58:32.468417]  -> wl_surface#100.damage_buffer(0, 0, 1280, 672)
[18:58:32.468419]  -> wl_surface#100.frame(new id wl_callback#99)
[18:58:32.468420] {Default Queue}  -> wp_presentation#20.feedback(wl_surface#100, new id wp_presentation_feedback#93)
[18:58:32.468422]  -> wl_surface#100.commit()
[18:58:32.468482] {Default Queue} wl_buffer#103.release()
[18:58:32.483888] {Display Queue} wl_display#1.delete_id(99)
[18:58:32.483897] {Display Queue} wl_display#1.delete_id(93)
[18:58:32.483899] {Default Queue} wl_callback#99.done(20686099)
[18:58:32.483914] {Default Queue} wp_presentation_feedback#93.sync_output(wl_output#28)
[18:58:32.483916] {Default Queue} wp_presentation_feedback#93.presented(0, 20686, 99645311, 0, 0, 0, 0)
[18:58:32.484905]  -> wl_surface#100.attach(wl_buffer#103, 0, 0)
[18:58:32.484910]  -> wl_surface#100.damage_buffer(0, 0, 1280, 672)
[18:58:32.484912]  -> wl_surface#100.frame(new id wl_callback#93)
[18:58:32.484914] {Default Queue}  -> wp_presentation#20.feedback(wl_surface#100, new id wp_presentation_feedback#99)
[18:58:32.484916]  -> wl_surface#100.commit()
[18:58:32.484985] {Default Queue} wl_buffer#73.release()
[18:58:32.500360] {Display Queue} wl_display#1.delete_id(93)
[18:58:32.500369] {Display Queue} wl_display#1.delete_id(99)
[18:58:32.500370] {Default Queue} wl_callback#93.done(20686116)
[18:58:32.500385] {Default Queue} wp_presentation_feedback#99.sync_output(wl_output#28)
[18:58:32.500387] {Default Queue} wp_presentation_feedback#99.presented(0, 20686, 116116470, 0, 0, 0, 0)
[18:58:32.501419]  -> wl_surface#100.attach(wl_buffer#73, 0, 0)
[18:58:32.501424]  -> wl_surface#100.damage_buffer(0, 0, 1280, 672)
[18:58:32.501426]  -> wl_surface#100.frame(new id wl_callback#99)
[18:58:32.501429] {Default Queue}  -> wp_presentation#20.feedback(wl_surface#100, new id wp_presentation_feedback#93)
[18:58:32.501431]  -> wl_surface#100.commit()
[18:58:32.501500] {Default Queue} wl_buffer#103.release()
[18:58:32.516744] {Display Queue} wl_display#1.delete_id(99)
[18:58:32.516753] {Display Queue} wl_display#1.delete_id(93)
[18:58:32.516754] {Default Queue} wl_callback#99.done(20686132)
[18:58:32.516767] {Default Queue} wp_presentation_feedback#93.sync_output(wl_output#28)
[18:58:32.516768] {Default Queue} wp_presentation_feedback#93.presented(0, 20686, 132505688, 0, 0, 0, 0)
[18:58:32.517697]  -> wl_surface#100.attach(wl_buffer#103, 0, 0)
[18:58:32.517702]  -> wl_surface#100.damage_buffer(0, 0, 1280, 672)
[18:58:32.517704]  -> wl_surface#100.frame(new id wl_callback#93)
[18:58:32.517706] {Default Queue}  -> wp_presentation#20.feedback(wl_surface#100, new id wp_presentation_feedback#99)
[18:58:32.517708]  -> wl_surface#100.commit()
[18:58:32.517792] {Default Queue} wl_buffer#73.release()
[18:58:32.533134] {Display Queue} wl_display#1.delete_id(93)
[18:58:32.533145] {Display Queue} wl_display#1.delete_id(99)
[18:58:32.533146] {Default Queue} wl_callback#93.done(20686148)
[18:58:32.533159] {Default Queue} wp_presentation_feedback#99.sync_output(wl_output#28)
[18:58:32.533161] {Default Queue} wp_presentation_feedback#99.presented(0, 20686, 148893457, 0, 0, 0, 0)
[18:58:32.534271]  -> wl_surface#100.attach(wl_buffer#73, 0, 0)
[18:58:32.534281]  -> wl_surface#100.damage_buffer(0, 0, 1280, 672)
[18:58:32.534284]  -> wl_surface#100.frame(new id wl_callback#99)
[18:58:32.534288] {Default Queue}  -> wp_presentation#20.feedback(wl_surface#100, new id wp_presentation_feedback#93)
[18:58:32.534291]  -> wl_surface#100.commit()
[18:58:32.534396] {Default Queue} wl_buffer#103.release()
[18:58:32.544819] {Default Queue} wl_keyboard#106.key(282, 0, 1, 1)
[18:58:32.546881] {Default Queue} wl_keyboard#106.key(283, 0, 1, 0)
[18:58:32.549607] {Display Queue} wl_display#1.delete_id(99)
[18:58:32.549613] {Display Queue} wl_display#1.delete_id(93)
[18:58:32.549614] {Default Queue} wl_callback#99.done(20686165)
[18:58:32.549625] {Default Queue} wp_presentation_feedback#93.sync_output(wl_output#28)
[18:58:32.549626] {Default Queue} wp_presentation_feedback#93.presented(0, 20686, 165382086, 0, 0, 0, 0)
[18:58:32.550909]  -> wl_surface#100.attach(wl_buffer#103, 0, 0)
[18:58:32.550915]  -> wl_surface#100.damage_buffer(0, 0, 1280, 672)
[18:58:32.550918]  -> wl_surface#100.frame(new id wl_callback#93)
[18:58:32.550921] {Default Queue}  -> wp_presentation#20.feedback(wl_surface#100, new id wp_presentation_feedback#99)
[18:58:32.550923]  -> wl_surface#100.commit()
info: event=services-focus target=other
[18:58:32.551046] {Default Queue} wl_buffer#73.release()
[18:58:32.565992] {Display Queue} wl_display#1.delete_id(93)
[18:58:32.565997] {Display Queue} wl_display#1.delete_id(99)
[18:58:32.565998] {Default Queue} wl_callback#93.done(20686181)
[18:58:32.566011] {Default Queue} wp_presentation_feedback#99.sync_output(wl_output#28)
[18:58:32.566013] {Default Queue} wp_presentation_feedback#99.presented(0, 20686, 181765805, 0, 0, 0, 0)
[18:58:32.567073]  -> wl_surface#100.attach(wl_buffer#73, 0, 0)
[18:58:32.567081]  -> wl_surface#100.damage_buffer(0, 0, 1280, 672)
[18:58:32.567085]  -> wl_surface#100.frame(new id wl_callback#99)
[18:58:32.567088] {Default Queue}  -> wp_presentation#20.feedback(wl_surface#100, new id wp_presentation_feedback#93)
[18:58:32.567091]  -> wl_surface#100.commit()
[18:58:32.567196] {Default Queue} wl_buffer#103.release()
[18:58:32.582459] {Display Queue} wl_display#1.delete_id(99)
[18:58:32.582468] {Display Queue} wl_display#1.delete_id(93)
[18:58:32.582469] {Default Queue} wl_callback#99.done(20686198)
[18:58:32.582484] {Default Queue} wp_presentation_feedback#93.sync_output(wl_output#28)
[18:58:32.582486] {Default Queue} wp_presentation_feedback#93.presented(0, 20686, 198214424, 0, 0, 0, 0)
[18:58:32.583607]  -> wl_surface#100.attach(wl_buffer#103, 0, 0)
[18:58:32.583612]  -> wl_surface#100.damage_buffer(0, 0, 1280, 672)
[18:58:32.583614]  -> wl_surface#100.frame(new id wl_callback#93)
[18:58:32.583616] {Default Queue}  -> wp_presentation#20.feedback(wl_surface#100, new id wp_presentation_feedback#99)
[18:58:32.583618]  -> wl_surface#100.commit()
[18:58:32.583709] {Default Queue} wl_buffer#73.release()
[18:58:32.584116] {Default Queue} wl_keyboard#106.leave(284, wl_surface#100)
[18:58:32.584123] {Default Queue} wl_keyboard#106.leave(285, wl_surface#100)
[18:58:32.584124] {Default Queue} wl_keyboard#106.leave(286, wl_surface#100)
[18:58:32.584124] {Default Queue} wl_seat#3.capabilities(1)
[18:58:32.584125] {Default Queue}  -> wl_keyboard#106.release()
[18:58:32.584729]  -> wl_surface#48.attach(wl_buffer#75, 0, 0)
[18:58:32.584733]  -> wl_surface#48.damage_buffer(0, 0, 1280, 48)
[18:58:32.584734]  -> wl_surface#48.frame(new id wl_callback#90)
[18:58:32.584736] {Default Queue}  -> wp_presentation#20.feedback(wl_surface#48, new id wp_presentation_feedback#95)
[18:58:32.584738]  -> wl_surface#48.commit()
[18:58:32.584940]  -> wl_surface#59.attach(wl_buffer#92, 0, 0)
[18:58:32.584942]  -> wl_surface#59.damage_buffer(0, 0, 1280, 48)
[18:58:32.584944]  -> wl_surface#59.frame(new id wl_callback#94)
[18:58:32.584945] {Default Queue}  -> wp_presentation#20.feedback(wl_surface#59, new id wp_presentation_feedback#89)
[18:58:32.584946]  -> wl_surface#59.commit()
[18:58:32.585056] {Display Queue} wl_display#1.delete_id(106)
[18:58:32.585060] {Display Queue} wl_display#1.delete_id(94)
[18:58:32.585062] {Display Queue} wl_display#1.delete_id(89)
[18:58:32.585062] {Default Queue} wl_buffer#77.release()
[18:58:32.585063] {Default Queue} wl_buffer#85.release()
[18:58:32.585064] {Default Queue} wl_callback#94.done(20686200)
[18:58:32.585070] {Default Queue} wp_presentation_feedback#89.sync_output(wl_output#31)
[18:58:32.585072] {Default Queue} wp_presentation_feedback#89.presented(0, 20686, 200835897, 0, 0, 0, 0)
[18:58:32.585682] {Default Queue} wl_seat#3.capabilities(3)
[18:58:32.585687] {Default Queue}  -> wl_seat#3.get_keyboard(new id wl_keyboard#89)
[18:58:32.585781] {Default Queue} wl_keyboard#89.keymap(1, fd 16, 1436)
[18:58:32.585846] {Default Queue} wl_keyboard#89.repeat_info(40, 400)
[18:58:32.585848] {Default Queue} wl_keyboard#89.enter(288, wl_surface#100, array[0])
[18:58:32.585853] {Default Queue} wl_keyboard#89.modifiers(289, 0, 0, 0, 0)
[18:58:32.598893] {Display Queue} wl_display#1.delete_id(90)
[18:58:32.598903] {Display Queue} wl_display#1.delete_id(93)
[18:58:32.598904] {Display Queue} wl_display#1.delete_id(95)
[18:58:32.598905] {Display Queue} wl_display#1.delete_id(99)
[18:58:32.598905] {Default Queue} wl_callback#90.done(20686214)
[18:58:32.598919] {Default Queue} wl_callback#93.done(20686214)
[18:58:32.598922] {Default Queue} wp_presentation_feedback#95.sync_output(wl_output#28)
[18:58:32.598924] {Default Queue} wp_presentation_feedback#95.presented(0, 20686, 214650702, 0, 0, 0, 0)
[18:58:32.598927] {Default Queue} wp_presentation_feedback#99.sync_output(wl_output#28)
[18:58:32.598928] {Default Queue} wp_presentation_feedback#99.presented(0, 20686, 214650702, 0, 0, 0, 0)
[18:58:32.600036]  -> wl_surface#100.attach(wl_buffer#73, 0, 0)
[18:58:32.600044]  -> wl_surface#100.damage_buffer(0, 0, 1280, 672)
[18:58:32.600047]  -> wl_surface#100.frame(new id wl_callback#99)
[18:58:32.600049] {Default Queue}  -> wp_presentation#20.feedback(wl_surface#100, new id wp_presentation_feedback#95)
[18:58:32.600054]  -> wl_surface#100.commit()
[18:58:32.600479]  -> wl_surface#48.attach(wl_buffer#77, 0, 0)
[18:58:32.600485]  -> wl_surface#48.damage_buffer(0, 0, 1280, 48)
[18:58:32.600486]  -> wl_surface#48.frame(new id wl_callback#93)
[18:58:32.600488] {Default Queue}  -> wp_presentation#20.feedback(wl_surface#48, new id wp_presentation_feedback#90)
[18:58:32.600489]  -> wl_surface#48.commit()
[18:58:32.600513] {Default Queue} wl_buffer#103.release()
[18:58:32.600544] {Default Queue} wl_buffer#75.release()
[18:58:32.602220]  -> wl_surface#59.attach(wl_buffer#85, 0, 0)
[18:58:32.602225]  -> wl_surface#59.damage_buffer(0, 0, 1280, 48)
[18:58:32.602226]  -> wl_surface#59.frame(new id wl_callback#94)
[18:58:32.602228] {Default Queue}  -> wp_presentation#20.feedback(wl_surface#59, new id wp_presentation_feedback#106)
[18:58:32.602230]  -> wl_surface#59.commit()
[18:58:32.602317] {Display Queue} wl_display#1.delete_id(94)
[18:58:32.602320] {Display Queue} wl_display#1.delete_id(106)
[18:58:32.602321] {Default Queue} wl_buffer#92.release()
[18:58:32.602322] {Default Queue} wl_callback#94.done(20686218)
[18:58:32.602328] {Default Queue} wp_presentation_feedback#106.sync_output(wl_output#31)
[18:58:32.602330] {Default Queue} wp_presentation_feedback#106.presented(0, 20686, 218098464, 0, 0, 0, 0)
[18:58:32.615357] {Display Queue} wl_display#1.delete_id(93)
[18:58:32.615367] {Display Queue} wl_display#1.delete_id(99)
[18:58:32.615368] {Display Queue} wl_display#1.delete_id(90)
[18:58:32.615369] {Display Queue} wl_display#1.delete_id(95)
[18:58:32.615370] {Default Queue} wl_callback#93.done(20686231)
[18:58:32.615384] {Default Queue} wl_callback#99.done(20686231)
[18:58:32.615386] {Default Queue} wp_presentation_feedback#90.sync_output(wl_output#28)
[18:58:32.615387] {Default Queue} wp_presentation_feedback#90.presented(0, 20686, 231100181, 0, 0, 0, 0)
[18:58:32.615390] {Default Queue} wp_presentation_feedback#95.sync_output(wl_output#28)
[18:58:32.615391] {Default Queue} wp_presentation_feedback#95.presented(0, 20686, 231100181, 0, 0, 0, 0)
[18:58:32.616529]  -> wl_surface#100.attach(wl_buffer#103, 0, 0)
[18:58:32.616537]  -> wl_surface#100.damage_buffer(0, 0, 1280, 672)
[18:58:32.616539]  -> wl_surface#100.frame(new id wl_callback#95)
[18:58:32.616542] {Default Queue}  -> wp_presentation#20.feedback(wl_surface#100, new id wp_presentation_feedback#90)
[18:58:32.616544]  -> wl_surface#100.commit()
[18:58:32.616938] {Default Queue} wl_buffer#73.release()
[18:58:32.631794] {Display Queue} wl_display#1.delete_id(95)
[18:58:32.631804] {Display Queue} wl_display#1.delete_id(90)
[18:58:32.631805] {Default Queue} wl_callback#95.done(20686247)
[18:58:32.631820] {Default Queue} wp_presentation_feedback#90.sync_output(wl_output#28)
[18:58:32.631822] {Default Queue} wp_presentation_feedback#90.presented(0, 20686, 247545830, 0, 0, 0, 0)
[18:58:32.633023]  -> wl_surface#100.attach(wl_buffer#73, 0, 0)
[18:58:32.633031]  -> wl_surface#100.damage_buffer(0, 0, 1280, 672)
[18:58:32.633033]  -> wl_surface#100.frame(new id wl_callback#90)
[18:58:32.633036] {Default Queue}  -> wp_presentation#20.feedback(wl_surface#100, new id wp_presentation_feedback#95)
[18:58:32.633039]  -> wl_surface#100.commit()
[18:58:32.633144] {Default Queue} wl_buffer#103.release()
[18:58:32.648237] {Display Queue} wl_display#1.delete_id(90)
[18:58:32.648246] {Display Queue} wl_display#1.delete_id(95)
[18:58:32.648247] {Default Queue} wl_callback#90.done(20686263)
[18:58:32.648261] {Default Queue} wp_presentation_feedback#95.sync_output(wl_output#28)
[18:58:32.648262] {Default Queue} wp_presentation_feedback#95.presented(0, 20686, 263993969, 0, 0, 0, 0)
[18:58:32.649182]  -> wl_surface#100.attach(wl_buffer#103, 0, 0)
[18:58:32.649187]  -> wl_surface#100.damage_buffer(0, 0, 1280, 672)
[18:58:32.649189]  -> wl_surface#100.frame(new id wl_callback#95)
[18:58:32.649191] {Default Queue}  -> wp_presentation#20.feedback(wl_surface#100, new id wp_presentation_feedback#90)
[18:58:32.649193]  -> wl_surface#100.commit()
[18:58:32.649272] {Default Queue} wl_buffer#73.release()
[18:58:32.664702] {Display Queue} wl_display#1.delete_id(95)
[18:58:32.664714] {Display Queue} wl_display#1.delete_id(90)
[18:58:32.664716] {Default Queue} wl_callback#95.done(20686280)
[18:58:32.664730] {Default Queue} wp_presentation_feedback#90.sync_output(wl_output#28)
[18:58:32.664732] {Default Queue} wp_presentation_feedback#90.presented(0, 20686, 280452678, 0, 0, 0, 0)
[18:58:32.665789]  -> wl_surface#100.attach(wl_buffer#73, 0, 0)
[18:58:32.665798]  -> wl_surface#100.damage_buffer(0, 0, 1280, 672)
[18:58:32.665800]  -> wl_surface#100.frame(new id wl_callback#90)
[18:58:32.665803] {Default Queue}  -> wp_presentation#20.feedback(wl_surface#100, new id wp_presentation_feedback#95)
[18:58:32.665806]  -> wl_surface#100.commit()
[18:58:32.665886] {Default Queue} wl_buffer#103.release()
[18:58:32.681133] {Display Queue} wl_display#1.delete_id(90)
[18:58:32.681142] {Display Queue} wl_display#1.delete_id(95)
[18:58:32.681144] {Default Queue} wl_callback#90.done(20686296)
[18:58:32.681157] {Default Queue} wp_presentation_feedback#95.sync_output(wl_output#28)
[18:58:32.681158] {Default Queue} wp_presentation_feedback#95.presented(0, 20686, 296892027, 0, 0, 0, 0)
[18:58:32.682105]  -> wl_surface#100.attach(wl_buffer#103, 0, 0)
[18:58:32.682110]  -> wl_surface#100.damage_buffer(0, 0, 1280, 672)
[18:58:32.682112]  -> wl_surface#100.frame(new id wl_callback#95)
[18:58:32.682114] {Default Queue}  -> wp_presentation#20.feedback(wl_surface#100, new id wp_presentation_feedback#90)
[18:58:32.682116]  -> wl_surface#100.commit()
[18:58:32.682183] {Default Queue} wl_buffer#73.release()
[18:58:32.685805] {Default Queue} wl_keyboard#89.key(290, 0, 1, 1)
[18:58:32.687891] {Default Queue} wl_keyboard#89.key(291, 0, 1, 0)
[18:58:32.697614] {Display Queue} wl_display#1.delete_id(95)
[18:58:32.697623] {Display Queue} wl_display#1.delete_id(90)
[18:58:32.697624] {Default Queue} wl_callback#95.done(20686313)
[18:58:32.697637] {Default Queue} wp_presentation_feedback#90.sync_output(wl_output#28)
[18:58:32.697639] {Default Queue} wp_presentation_feedback#90.presented(0, 20686, 313375137, 0, 0, 0, 0)
[18:58:32.698646]  -> wl_surface#100.attach(wl_buffer#73, 0, 0)
[18:58:32.698650]  -> wl_surface#100.damage_buffer(0, 0, 1280, 672)
[18:58:32.698652]  -> wl_surface#100.frame(new id wl_callback#90)
[18:58:32.698654] {Default Queue}  -> wp_presentation#20.feedback(wl_surface#100, new id wp_presentation_feedback#95)
[18:58:32.698657]  -> wl_surface#100.commit()
info: event=services-focus target=other
[18:58:32.698729] {Default Queue} wl_buffer#103.release()
[18:58:32.714101] {Display Queue} wl_display#1.delete_id(90)
[18:58:32.714111] {Display Queue} wl_display#1.delete_id(95)
[18:58:32.714112] {Default Queue} wl_callback#90.done(20686329)
[18:58:32.714125] {Default Queue} wp_presentation_feedback#95.sync_output(wl_output#28)
[18:58:32.714127] {Default Queue} wp_presentation_feedback#95.presented(0, 20686, 329859716, 0, 0, 0, 0)
[18:58:32.715096]  -> wl_surface#100.attach(wl_buffer#103, 0, 0)
[18:58:32.715101]  -> wl_surface#100.damage_buffer(0, 0, 1280, 672)
[18:58:32.715103]  -> wl_surface#100.frame(new id wl_callback#95)
[18:58:32.715105] {Default Queue}  -> wp_presentation#20.feedback(wl_surface#100, new id wp_presentation_feedback#90)
[18:58:32.715107]  -> wl_surface#100.commit()
[18:58:32.715177] {Default Queue} wl_buffer#73.release()
[18:58:32.725155] {Default Queue} wl_keyboard#89.leave(292, wl_surface#100)
[18:58:32.725168] {Default Queue} wl_keyboard#89.leave(293, wl_surface#100)
[18:58:32.725169] {Default Queue} wl_keyboard#89.leave(294, wl_surface#100)
[18:58:32.725170] {Default Queue} wl_seat#3.capabilities(1)
[18:58:32.725172] {Default Queue}  -> wl_keyboard#89.release()
[18:58:32.725848]  -> wl_surface#48.attach(wl_buffer#75, 0, 0)
[18:58:32.725853]  -> wl_surface#48.damage_buffer(0, 0, 1280, 48)
[18:58:32.725855]  -> wl_surface#48.frame(new id wl_callback#99)
[18:58:32.725857] {Default Queue}  -> wp_presentation#20.feedback(wl_surface#48, new id wp_presentation_feedback#93)
[18:58:32.725859]  -> wl_surface#48.commit()
[18:58:32.726124]  -> wl_surface#59.attach(wl_buffer#92, 0, 0)
[18:58:32.726128]  -> wl_surface#59.damage_buffer(0, 0, 1280, 48)
[18:58:32.726130]  -> wl_surface#59.frame(new id wl_callback#106)
[18:58:32.726132] {Default Queue}  -> wp_presentation#20.feedback(wl_surface#59, new id wp_presentation_feedback#94)
[18:58:32.726133]  -> wl_surface#59.commit()
[18:58:32.726648] {Display Queue} wl_display#1.delete_id(89)
[18:58:32.726652] {Default Queue} wl_seat#3.capabilities(3)
[18:58:32.726653] {Default Queue}  -> wl_seat#3.get_keyboard(new id wl_keyboard#89)
[18:58:32.726767] {Display Queue} wl_display#1.delete_id(106)
[18:58:32.726770] {Display Queue} wl_display#1.delete_id(94)
[18:58:32.726771] {Default Queue} wl_buffer#77.release()
[18:58:32.726772] {Default Queue} wl_buffer#85.release()
[18:58:32.726773] {Default Queue} wl_callback#106.done(20686342)
[18:58:32.726777] {Default Queue} wp_presentation_feedback#94.sync_output(wl_output#31)
[18:58:32.726778] {Default Queue} wp_presentation_feedback#94.presented(0, 20686, 342521021, 0, 0, 0, 0)
[18:58:32.726780] {Default Queue} wl_keyboard#89.keymap(1, fd 16, 1436)
[18:58:32.726843] {Default Queue} wl_keyboard#89.repeat_info(40, 400)
[18:58:32.726845] {Default Queue} wl_keyboard#89.enter(296, wl_surface#100, array[0])
[18:58:32.726848] {Default Queue} wl_keyboard#89.modifiers(297, 0, 0, 0, 0)
[18:58:32.730550] {Display Queue} wl_display#1.delete_id(99)
[18:58:32.730555] {Display Queue} wl_display#1.delete_id(95)
[18:58:32.730556] {Display Queue} wl_display#1.delete_id(93)
[18:58:32.730556] {Display Queue} wl_display#1.delete_id(90)
[18:58:32.730557] {Default Queue} wl_callback#99.done(20686346)
[18:58:32.730565] {Default Queue} wl_callback#95.done(20686346)
[18:58:32.730568] {Default Queue} wp_presentation_feedback#93.sync_output(wl_output#28)
[18:58:32.730570] {Default Queue} wp_presentation_feedback#93.presented(0, 20686, 346324975, 0, 0, 0, 0)
[18:58:32.730573] {Default Queue} wp_presentation_feedback#90.sync_output(wl_output#28)
[18:58:32.730574] {Default Queue} wp_presentation_feedback#90.presented(0, 20686, 346324975, 0, 0, 0, 0)
[18:58:32.731614]  -> wl_surface#100.attach(wl_buffer#73, 0, 0)
[18:58:32.731619]  -> wl_surface#100.damage_buffer(0, 0, 1280, 672)
[18:58:32.731620]  -> wl_surface#100.frame(new id wl_callback#90)
[18:58:32.731622] {Default Queue}  -> wp_presentation#20.feedback(wl_surface#100, new id wp_presentation_feedback#93)
[18:58:32.731623]  -> wl_surface#100.commit()
[18:58:32.731846]  -> wl_surface#48.attach(wl_buffer#77, 0, 0)
[18:58:32.731847]  -> wl_surface#48.damage_buffer(0, 0, 1280, 48)
[18:58:32.731848]  -> wl_surface#48.frame(new id wl_callback#95)
[18:58:32.731849] {Default Queue}  -> wp_presentation#20.feedback(wl_surface#48, new id wp_presentation_feedback#99)
[18:58:32.731850]  -> wl_surface#48.commit()
[18:58:32.731862] {Default Queue} wl_buffer#103.release()
[18:58:32.731871] {Default Queue} wl_buffer#75.release()
[18:58:32.743286]  -> wl_surface#59.attach(wl_buffer#85, 0, 0)
[18:58:32.743293]  -> wl_surface#59.damage_buffer(0, 0, 1280, 48)
[18:58:32.743295]  -> wl_surface#59.frame(new id wl_callback#94)
[18:58:32.743297] {Default Queue}  -> wp_presentation#20.feedback(wl_surface#59, new id wp_presentation_feedback#106)
[18:58:32.743299]  -> wl_surface#59.commit()
[18:58:32.743409] {Display Queue} wl_display#1.delete_id(94)
[18:58:32.743411] {Display Queue} wl_display#1.delete_id(106)
[18:58:32.743411] {Default Queue} wl_buffer#92.release()
[18:58:32.743412] {Default Queue} wl_callback#94.done(20686359)
[18:58:32.743418] {Default Queue} wp_presentation_feedback#106.sync_output(wl_output#31)
[18:58:32.743419] {Default Queue} wp_presentation_feedback#106.presented(0, 20686, 359190092, 0, 0, 0, 0)
[18:58:32.746954] {Display Queue} wl_display#1.delete_id(95)
[18:58:32.746959] {Display Queue} wl_display#1.delete_id(90)
[18:58:32.746959] {Display Queue} wl_display#1.delete_id(99)
[18:58:32.746960] {Display Queue} wl_display#1.delete_id(93)
[18:58:32.746961] {Default Queue} wl_callback#95.done(20686362)
[18:58:32.746967] {Default Queue} wl_callback#90.done(20686362)
[18:58:32.746969] {Default Queue} wp_presentation_feedback#99.sync_output(wl_output#28)
[18:58:32.746970] {Default Queue} wp_presentation_feedback#99.presented(0, 20686, 362727864, 0, 0, 0, 0)
[18:58:32.746972] {Default Queue} wp_presentation_feedback#93.sync_output(wl_output#28)
[18:58:32.746972] {Default Queue} wp_presentation_feedback#93.presented(0, 20686, 362727864, 0, 0, 0, 0)
[18:58:32.747801]  -> wl_surface#100.attach(wl_buffer#103, 0, 0)
[18:58:32.747804]  -> wl_surface#100.damage_buffer(0, 0, 1280, 672)
[18:58:32.747806]  -> wl_surface#100.frame(new id wl_callback#93)
[18:58:32.747807] {Default Queue}  -> wp_presentation#20.feedback(wl_surface#100, new id wp_presentation_feedback#99)
[18:58:32.747809]  -> wl_surface#100.commit()
[18:58:32.747857] {Default Queue} wl_buffer#73.release()
[18:58:32.763445] {Display Queue} wl_display#1.delete_id(93)
[18:58:32.763454] {Display Queue} wl_display#1.delete_id(99)
[18:58:32.763455] {Default Queue} wl_callback#93.done(20686379)
[18:58:32.763468] {Default Queue} wp_presentation_feedback#99.sync_output(wl_output#28)
[18:58:32.763470] {Default Queue} wp_presentation_feedback#99.presented(0, 20686, 379207613, 0, 0, 0, 0)
[18:58:32.764460]  -> wl_surface#100.attach(wl_buffer#73, 0, 0)
[18:58:32.764465]  -> wl_surface#100.damage_buffer(0, 0, 1280, 672)
[18:58:32.764467]  -> wl_surface#100.frame(new id wl_callback#99)
[18:58:32.764469] {Default Queue}  -> wp_presentation#20.feedback(wl_surface#100, new id wp_presentation_feedback#93)
[18:58:32.764471]  -> wl_surface#100.commit()
[18:58:32.764536] {Default Queue} wl_buffer#103.release()
[18:58:32.779878] {Display Queue} wl_display#1.delete_id(99)
[18:58:32.779886] {Display Queue} wl_display#1.delete_id(93)
[18:58:32.779887] {Default Queue} wl_callback#99.done(20686395)
[18:58:32.779901] {Default Queue} wp_presentation_feedback#93.sync_output(wl_output#28)
[18:58:32.779902] {Default Queue} wp_presentation_feedback#93.presented(0, 20686, 395640392, 0, 0, 0, 0)
[18:58:32.780837]  -> wl_surface#100.attach(wl_buffer#103, 0, 0)
[18:58:32.780843]  -> wl_surface#100.damage_buffer(0, 0, 1280, 672)
[18:58:32.780845]  -> wl_surface#100.frame(new id wl_callback#93)
[18:58:32.780847] {Default Queue}  -> wp_presentation#20.feedback(wl_surface#100, new id wp_presentation_feedback#99)
[18:58:32.780849]  -> wl_surface#100.commit()
[18:58:32.780916] {Default Queue} wl_buffer#73.release()
[18:58:32.796360] {Display Queue} wl_display#1.delete_id(93)
[18:58:32.796368] {Display Queue} wl_display#1.delete_id(99)
[18:58:32.796370] {Default Queue} wl_callback#93.done(20686412)
[18:58:32.796383] {Default Queue} wp_presentation_feedback#99.sync_output(wl_output#28)
[18:58:32.796384] {Default Queue} wp_presentation_feedback#99.presented(0, 20686, 412116221, 0, 0, 0, 0)
[18:58:32.797352]  -> wl_surface#100.attach(wl_buffer#73, 0, 0)
[18:58:32.797357]  -> wl_surface#100.damage_buffer(0, 0, 1280, 672)
[18:58:32.797358]  -> wl_surface#100.frame(new id wl_callback#99)
[18:58:32.797361] {Default Queue}  -> wp_presentation#20.feedback(wl_surface#100, new id wp_presentation_feedback#93)
[18:58:32.797363]  -> wl_surface#100.commit()
[18:58:32.797438] {Default Queue} wl_buffer#103.release()
[18:58:32.812955] {Display Queue} wl_display#1.delete_id(99)
[18:58:32.812963] {Display Queue} wl_display#1.delete_id(93)
[18:58:32.812965] {Default Queue} wl_callback#99.done(20686428)
[18:58:32.812978] {Default Queue} wp_presentation_feedback#93.sync_output(wl_output#28)
[18:58:32.812981] {Default Queue} wp_presentation_feedback#93.presented(0, 20686, 428714391, 0, 0, 0, 0)
[18:58:32.813882]  -> wl_surface#100.attach(wl_buffer#103, 0, 0)
[18:58:32.813887]  -> wl_surface#100.damage_buffer(0, 0, 1280, 672)
[18:58:32.813889]  -> wl_surface#100.frame(new id wl_callback#93)
[18:58:32.813890] {Default Queue}  -> wp_presentation#20.feedback(wl_surface#100, new id wp_presentation_feedback#99)
[18:58:32.813893]  -> wl_surface#100.commit()
[18:58:32.813966] {Default Queue} wl_buffer#73.release()
[18:58:32.826798] {Default Queue} wl_keyboard#89.key(298, 0, 1, 1)
[18:58:32.828870] {Default Queue} wl_keyboard#89.key(299, 0, 1, 0)
[18:58:32.829356] {Display Queue} wl_display#1.delete_id(93)
[18:58:32.829358] {Display Queue} wl_display#1.delete_id(99)
[18:58:32.829359] {Default Queue} wl_callback#93.done(20686445)
[18:58:32.829366] {Default Queue} wp_presentation_feedback#99.sync_output(wl_output#28)
[18:58:32.829368] {Default Queue} wp_presentation_feedback#99.presented(0, 20686, 445134920, 0, 0, 0, 0)
[18:58:32.830435]  -> wl_surface#100.attach(wl_buffer#73, 0, 0)
[18:58:32.830439]  -> wl_surface#100.damage_buffer(0, 0, 1280, 672)
[18:58:32.830441]  -> wl_surface#100.frame(new id wl_callback#99)
[18:58:32.830443] {Default Queue}  -> wp_presentation#20.feedback(wl_surface#100, new id wp_presentation_feedback#93)
[18:58:32.830445]  -> wl_surface#100.commit()
info: event=services-focus target=other
[18:58:32.830539] {Default Queue} wl_buffer#103.release()
[18:58:32.845823] {Display Queue} wl_display#1.delete_id(99)
[18:58:32.845831] {Display Queue} wl_display#1.delete_id(93)
[18:58:32.845832] {Default Queue} wl_callback#99.done(20686461)
[18:58:32.845846] {Default Queue} wp_presentation_feedback#93.sync_output(wl_output#28)
[18:58:32.845848] {Default Queue} wp_presentation_feedback#93.presented(0, 20686, 461580279, 0, 0, 0, 0)
[18:58:32.846775]  -> wl_surface#100.attach(wl_buffer#103, 0, 0)
[18:58:32.846779]  -> wl_surface#100.damage_buffer(0, 0, 1280, 672)
[18:58:32.846780]  -> wl_surface#100.frame(new id wl_callback#93)
[18:58:32.846783] {Default Queue}  -> wp_presentation#20.feedback(wl_surface#100, new id wp_presentation_feedback#99)
[18:58:32.846785]  -> wl_surface#100.commit()
[18:58:32.846856] {Default Queue} wl_buffer#73.release()
[18:58:32.862262] {Display Queue} wl_display#1.delete_id(93)
[18:58:32.862271] {Display Queue} wl_display#1.delete_id(99)
[18:58:32.862272] {Default Queue} wl_callback#93.done(20686477)
[18:58:32.862287] {Default Queue} wp_presentation_feedback#99.sync_output(wl_output#28)
[18:58:32.862289] {Default Queue} wp_presentation_feedback#99.presented(0, 20686, 478008188, 0, 0, 0, 0)
[18:58:32.863131]  -> wl_surface#100.attach(wl_buffer#73, 0, 0)
[18:58:32.863135]  -> wl_surface#100.damage_buffer(0, 0, 1280, 672)
[18:58:32.863137]  -> wl_surface#100.frame(new id wl_callback#99)
[18:58:32.863139] {Default Queue}  -> wp_presentation#20.feedback(wl_surface#100, new id wp_presentation_feedback#93)
[18:58:32.863141]  -> wl_surface#100.commit()
[18:58:32.863208] {Default Queue} wl_buffer#103.release()
[18:58:32.866129] {Default Queue} wl_keyboard#89.leave(300, wl_surface#100)
[18:58:32.866144] {Default Queue} wl_keyboard#89.leave(301, wl_surface#100)
[18:58:32.866146] {Default Queue} wl_keyboard#89.leave(302, wl_surface#100)
[18:58:32.866147] {Default Queue} wl_seat#3.capabilities(1)
[18:58:32.866149] {Default Queue}  -> wl_keyboard#89.release()
[18:58:32.866844]  -> wl_surface#48.attach(wl_buffer#75, 0, 0)
[18:58:32.866849]  -> wl_surface#48.damage_buffer(0, 0, 1280, 48)
[18:58:32.866851]  -> wl_surface#48.frame(new id wl_callback#90)
[18:58:32.866853] {Default Queue}  -> wp_presentation#20.feedback(wl_surface#48, new id wp_presentation_feedback#95)
[18:58:32.866855]  -> wl_surface#48.commit()
[18:58:32.867078]  -> wl_surface#59.attach(wl_buffer#92, 0, 0)
[18:58:32.867080]  -> wl_surface#59.damage_buffer(0, 0, 1280, 48)
[18:58:32.867081]  -> wl_surface#59.frame(new id wl_callback#106)
[18:58:32.867083] {Default Queue}  -> wp_presentation#20.feedback(wl_surface#59, new id wp_presentation_feedback#94)
[18:58:32.867084]  -> wl_surface#59.commit()
[18:58:32.867705] {Display Queue} wl_display#1.delete_id(89)
[18:58:32.867708] {Default Queue} wl_seat#3.capabilities(3)
[18:58:32.867710] {Default Queue}  -> wl_seat#3.get_keyboard(new id wl_keyboard#89)
[18:58:32.867821] {Display Queue} wl_display#1.delete_id(106)
[18:58:32.867824] {Display Queue} wl_display#1.delete_id(94)
[18:58:32.867824] {Default Queue} wl_buffer#77.release()
[18:58:32.867825] {Default Queue} wl_buffer#85.release()
[18:58:32.867826] {Default Queue} wl_callback#106.done(20686483)
[18:58:32.867830] {Default Queue} wp_presentation_feedback#94.sync_output(wl_output#31)
[18:58:32.867831] {Default Queue} wp_presentation_feedback#94.presented(0, 20686, 483578648, 0, 0, 0, 0)
[18:58:32.867833] {Default Queue} wl_keyboard#89.keymap(1, fd 16, 1436)
[18:58:32.867943] {Default Queue} wl_keyboard#89.repeat_info(40, 400)
[18:58:32.867945] {Default Queue} wl_keyboard#89.enter(304, wl_surface#100, array[0])
[18:58:32.867949] {Default Queue} wl_keyboard#89.modifiers(305, 0, 0, 0, 0)
[18:58:32.878787] {Display Queue} wl_display#1.delete_id(90)
[18:58:32.878798] {Display Queue} wl_display#1.delete_id(99)
[18:58:32.878799] {Display Queue} wl_display#1.delete_id(95)
[18:58:32.878800] {Display Queue} wl_display#1.delete_id(93)
[18:58:32.878800] {Default Queue} wl_callback#90.done(20686494)
[18:58:32.878815] {Default Queue} wl_callback#99.done(20686494)
[18:58:32.878820] {Default Queue} wp_presentation_feedback#95.sync_output(wl_output#28)
[18:58:32.878822] {Default Queue} wp_presentation_feedback#95.presented(0, 20686, 494538688, 0, 0, 0, 0)
[18:58:32.878825] {Default Queue} wp_presentation_feedback#93.sync_output(wl_output#28)
[18:58:32.878826] {Default Queue} wp_presentation_feedback#93.presented(0, 20686, 494538688, 0, 0, 0, 0)
[18:58:32.879877]  -> wl_surface#100.attach(wl_buffer#103, 0, 0)
[18:58:32.879883]  -> wl_surface#100.damage_buffer(0, 0, 1280, 672)
[18:58:32.879885]  -> wl_surface#100.frame(new id wl_callback#93)
[18:58:32.879887] {Default Queue}  -> wp_presentation#20.feedback(wl_surface#100, new id wp_presentation_feedback#95)
[18:58:32.879890]  -> wl_surface#100.commit()
[18:58:32.880152]  -> wl_surface#48.attach(wl_buffer#77, 0, 0)
[18:58:32.880154]  -> wl_surface#48.damage_buffer(0, 0, 1280, 48)
[18:58:32.880155]  -> wl_surface#48.frame(new id wl_callback#99)
[18:58:32.880156] {Default Queue}  -> wp_presentation#20.feedback(wl_surface#48, new id wp_presentation_feedback#90)
[18:58:32.880157]  -> wl_surface#48.commit()
[18:58:32.880172] {Default Queue} wl_buffer#73.release()
[18:58:32.880203] {Default Queue} wl_buffer#75.release()
[18:58:32.884424]  -> wl_surface#59.attach(wl_buffer#85, 0, 0)
[18:58:32.884431]  -> wl_surface#59.damage_buffer(0, 0, 1280, 48)
[18:58:32.884434]  -> wl_surface#59.frame(new id wl_callback#94)
[18:58:32.884436] {Default Queue}  -> wp_presentation#20.feedback(wl_surface#59, new id wp_presentation_feedback#106)
[18:58:32.884438]  -> wl_surface#59.commit()
[18:58:32.884650] {Display Queue} wl_display#1.delete_id(94)
[18:58:32.884653] {Display Queue} wl_display#1.delete_id(106)
[18:58:32.884655] {Default Queue} wl_buffer#92.release()
[18:58:32.884656] {Default Queue} wl_callback#94.done(20686500)
[18:58:32.884663] {Default Queue} wp_presentation_feedback#106.sync_output(wl_output#31)
[18:58:32.884664] {Default Queue} wp_presentation_feedback#106.presented(0, 20686, 500432331, 0, 0, 0, 0)
[18:58:32.895255] {Display Queue} wl_display#1.delete_id(99)
[18:58:32.895264] {Display Queue} wl_display#1.delete_id(93)
[18:58:32.895266] {Display Queue} wl_display#1.delete_id(90)
[18:58:32.895266] {Display Queue} wl_display#1.delete_id(95)
[18:58:32.895267] {Default Queue} wl_callback#99.done(20686510)
[18:58:32.895282] {Default Queue} wl_callback#93.done(20686510)
[18:58:32.895286] {Default Queue} wp_presentation_feedback#90.sync_output(wl_output#28)
[18:58:32.895287] {Default Queue} wp_presentation_feedback#90.presented(0, 20686, 510999207, 0, 0, 0, 0)
[18:58:32.895290] {Default Queue} wp_presentation_feedback#95.sync_output(wl_output#28)
[18:58:32.895291] {Default Queue} wp_presentation_feedback#95.presented(0, 20686, 510999207, 0, 0, 0, 0)
[18:58:32.896113]  -> wl_surface#100.attach(wl_buffer#73, 0, 0)
[18:58:32.896117]  -> wl_surface#100.damage_buffer(0, 0, 1280, 672)
[18:58:32.896119]  -> wl_surface#100.frame(new id wl_callback#95)
[18:58:32.896121] {Default Queue}  -> wp_presentation#20.feedback(wl_surface#100, new id wp_presentation_feedback#90)
[18:58:32.896123]  -> wl_surface#100.commit()
[18:58:32.896186] {Default Queue} wl_buffer#103.release()
[18:58:32.911751] {Display Queue} wl_display#1.delete_id(95)
[18:58:32.911760] {Display Queue} wl_display#1.delete_id(90)
[18:58:32.911761] {Default Queue} wl_callback#95.done(20686527)
[18:58:32.911778] {Default Queue} wp_presentation_feedback#90.sync_output(wl_output#28)
[18:58:32.911780] {Default Queue} wp_presentation_feedback#90.presented(0, 20686, 527504596, 0, 0, 0, 0)
[18:58:32.912585]  -> wl_surface#100.attach(wl_buffer#103, 0, 0)
[18:58:32.912590]  -> wl_surface#100.damage_buffer(0, 0, 1280, 672)
[18:58:32.912591]  -> wl_surface#100.frame(new id wl_callback#90)
[18:58:32.912594] {Default Queue}  -> wp_presentation#20.feedback(wl_surface#100, new id wp_presentation_feedback#95)
[18:58:32.912596]  -> wl_surface#100.commit()
[18:58:32.912673] {Default Queue} wl_buffer#73.release()
[18:58:32.928184] {Display Queue} wl_display#1.delete_id(90)
[18:58:32.928193] {Display Queue} wl_display#1.delete_id(95)
[18:58:32.928194] {Default Queue} wl_callback#90.done(20686543)
[18:58:32.928225] {Default Queue} wp_presentation_feedback#95.sync_output(wl_output#28)
[18:58:32.928227] {Default Queue} wp_presentation_feedback#95.presented(0, 20686, 543943805, 0, 0, 0, 0)
[18:58:32.929141]  -> wl_surface#100.attach(wl_buffer#73, 0, 0)
[18:58:32.929145]  -> wl_surface#100.damage_buffer(0, 0, 1280, 672)
[18:58:32.929147]  -> wl_surface#100.frame(new id wl_callback#95)
[18:58:32.929150] {Default Queue}  -> wp_presentation#20.feedback(wl_surface#100, new id wp_presentation_feedback#90)
[18:58:32.929152]  -> wl_surface#100.commit()
[18:58:32.929230] {Default Queue} wl_buffer#103.release()
[18:58:32.944755] {Display Queue} wl_display#1.delete_id(95)
[18:58:32.944763] {Display Queue} wl_display#1.delete_id(90)
[18:58:32.944764] {Default Queue} wl_callback#95.done(20686560)
[18:58:32.944779] {Default Queue} wp_presentation_feedback#90.sync_output(wl_output#28)
[18:58:32.944781] {Default Queue} wp_presentation_feedback#90.presented(0, 20686, 560520415, 0, 0, 0, 0)
[18:58:32.945790]  -> wl_surface#100.attach(wl_buffer#103, 0, 0)
[18:58:32.945798]  -> wl_surface#100.damage_buffer(0, 0, 1280, 672)
[18:58:32.945801]  -> wl_surface#100.frame(new id wl_callback#90)
[18:58:32.945804] {Default Queue}  -> wp_presentation#20.feedback(wl_surface#100, new id wp_presentation_feedback#95)
[18:58:32.945807]  -> wl_surface#100.commit()
[18:58:32.945898] {Default Queue} wl_buffer#73.release()
[18:58:32.961197] {Display Queue} wl_display#1.delete_id(90)
[18:58:32.961205] {Display Queue} wl_display#1.delete_id(95)
[18:58:32.961207] {Default Queue} wl_callback#90.done(20686576)
[18:58:32.961229] {Default Queue} wp_presentation_feedback#95.sync_output(wl_output#28)
[18:58:32.961230] {Default Queue} wp_presentation_feedback#95.presented(0, 20686, 576960284, 0, 0, 0, 0)
[18:58:32.962239]  -> wl_surface#100.attach(wl_buffer#73, 0, 0)
[18:58:32.962244]  -> wl_surface#100.damage_buffer(0, 0, 1280, 672)
[18:58:32.962246]  -> wl_surface#100.frame(new id wl_callback#95)
[18:58:32.962248] {Default Queue}  -> wp_presentation#20.feedback(wl_surface#100, new id wp_presentation_feedback#90)
[18:58:32.962250]  -> wl_surface#100.commit()
[18:58:32.962315] {Default Queue} wl_buffer#103.release()
[18:58:32.967865] {Default Queue} wl_keyboard#89.key(306, 0, 1, 1)
[18:58:32.969946] {Default Queue} wl_keyboard#89.key(307, 0, 1, 0)
[18:58:32.977700] {Display Queue} wl_display#1.delete_id(95)
[18:58:32.977707] {Display Queue} wl_display#1.delete_id(90)
[18:58:32.977708] {Default Queue} wl_callback#95.done(20686593)
[18:58:32.977724] {Default Queue} wp_presentation_feedback#90.sync_output(wl_output#28)
[18:58:32.977726] {Default Queue} wp_presentation_feedback#90.presented(0, 20686, 593464002, 0, 0, 0, 0)
[18:58:32.978847]  -> wl_surface#100.attach(wl_buffer#103, 0, 0)
[18:58:32.978853]  -> wl_surface#100.damage_buffer(0, 0, 1280, 672)
[18:58:32.978855]  -> wl_surface#100.frame(new id wl_callback#90)
[18:58:32.978857] {Default Queue}  -> wp_presentation#20.feedback(wl_surface#100, new id wp_presentation_feedback#95)
[18:58:32.978859]  -> wl_surface#100.commit()
info: event=services-focus target=other
[18:58:32.978938] {Default Queue} wl_buffer#73.release()
[18:58:32.994102] {Display Queue} wl_display#1.delete_id(90)
[18:58:32.994109] {Display Queue} wl_display#1.delete_id(95)
[18:58:32.994110] {Default Queue} wl_callback#90.done(20686609)
[18:58:32.994126] {Default Queue} wp_presentation_feedback#95.sync_output(wl_output#28)
[18:58:32.994127] {Default Queue} wp_presentation_feedback#95.presented(0, 20686, 609867251, 0, 0, 0, 0)
[18:58:32.995065]  -> wl_surface#100.attach(wl_buffer#73, 0, 0)
[18:58:32.995072]  -> wl_surface#100.damage_buffer(0, 0, 1280, 672)
[18:58:32.995074]  -> wl_surface#100.frame(new id wl_callback#95)
[18:58:32.995077] {Default Queue}  -> wp_presentation#20.feedback(wl_surface#100, new id wp_presentation_feedback#90)
[18:58:32.995079]  -> wl_surface#100.commit()
[18:58:32.995161] {Default Queue} wl_buffer#103.release()
[18:58:33.007245] {Default Queue} wl_keyboard#89.leave(308, wl_surface#100)
[18:58:33.007264] {Default Queue} wl_keyboard#89.leave(309, wl_surface#100)
[18:58:33.007266] {Default Queue} wl_keyboard#89.leave(310, wl_surface#100)
[18:58:33.007267] {Default Queue} wl_seat#3.capabilities(1)
[18:58:33.007269] {Default Queue}  -> wl_keyboard#89.release()
[18:58:33.007954]  -> wl_surface#48.attach(wl_buffer#75, 0, 0)
[18:58:33.007959]  -> wl_surface#48.damage_buffer(0, 0, 1280, 48)
[18:58:33.007961]  -> wl_surface#48.frame(new id wl_callback#93)
[18:58:33.007963] {Default Queue}  -> wp_presentation#20.feedback(wl_surface#48, new id wp_presentation_feedback#99)
[18:58:33.007965]  -> wl_surface#48.commit()
[18:58:33.008173]  -> wl_surface#59.attach(wl_buffer#92, 0, 0)
[18:58:33.008175]  -> wl_surface#59.damage_buffer(0, 0, 1280, 48)
[18:58:33.008176]  -> wl_surface#59.frame(new id wl_callback#106)
[18:58:33.008177] {Default Queue}  -> wp_presentation#20.feedback(wl_surface#59, new id wp_presentation_feedback#94)
[18:58:33.008178]  -> wl_surface#59.commit()
[18:58:33.008725] {Display Queue} wl_display#1.delete_id(89)
[18:58:33.008730] {Default Queue} wl_seat#3.capabilities(3)
[18:58:33.008733] {Default Queue}  -> wl_seat#3.get_keyboard(new id wl_keyboard#89)
[18:58:33.008856] {Display Queue} wl_display#1.delete_id(106)
[18:58:33.008858] {Display Queue} wl_display#1.delete_id(94)
[18:58:33.008858] {Default Queue} wl_buffer#77.release()
[18:58:33.008859] {Default Queue} wl_buffer#85.release()
[18:58:33.008860] {Default Queue} wl_callback#106.done(20686624)
[18:58:33.008865] {Default Queue} wp_presentation_feedback#94.sync_output(wl_output#31)
[18:58:33.008866] {Default Queue} wp_presentation_feedback#94.presented(0, 20686, 624615394, 0, 0, 0, 0)
[18:58:33.008869] {Default Queue} wl_keyboard#89.keymap(1, fd 16, 1436)
[18:58:33.008940] {Default Queue} wl_keyboard#89.repeat_info(40, 400)
[18:58:33.008942] {Default Queue} wl_keyboard#89.enter(312, wl_surface#100, array[0])
[18:58:33.008946] {Default Queue} wl_keyboard#89.modifiers(313, 0, 0, 0, 0)
[18:58:33.010550] {Display Queue} wl_display#1.delete_id(93)
[18:58:33.010555] {Display Queue} wl_display#1.delete_id(95)
[18:58:33.010556] {Display Queue} wl_display#1.delete_id(99)
[18:58:33.010557] {Display Queue} wl_display#1.delete_id(90)
[18:58:33.010557] {Default Queue} wl_callback#93.done(20686626)
[18:58:33.010564] {Default Queue} wl_callback#95.done(20686626)
[18:58:33.010568] {Default Queue} wp_presentation_feedback#99.sync_output(wl_output#28)
[18:58:33.010569] {Default Queue} wp_presentation_feedback#99.presented(0, 20686, 626326930, 0, 0, 0, 0)
[18:58:33.010571] {Default Queue} wp_presentation_feedback#90.sync_output(wl_output#28)
[18:58:33.010572] {Default Queue} wp_presentation_feedback#90.presented(0, 20686, 626326930, 0, 0, 0, 0)
[18:58:33.011531]  -> wl_surface#100.attach(wl_buffer#103, 0, 0)
[18:58:33.011535]  -> wl_surface#100.damage_buffer(0, 0, 1280, 672)
[18:58:33.011536]  -> wl_surface#100.frame(new id wl_callback#90)
[18:58:33.011538] {Default Queue}  -> wp_presentation#20.feedback(wl_surface#100, new id wp_presentation_feedback#99)
[18:58:33.011539]  -> wl_surface#100.commit()
[18:58:33.011741]  -> wl_surface#48.attach(wl_buffer#77, 0, 0)
[18:58:33.011743]  -> wl_surface#48.damage_buffer(0, 0, 1280, 48)
[18:58:33.011744]  -> wl_surface#48.frame(new id wl_callback#95)
[18:58:33.011745] {Default Queue}  -> wp_presentation#20.feedback(wl_surface#48, new id wp_presentation_feedback#93)
[18:58:33.011746]  -> wl_surface#48.commit()
[18:58:33.011757] {Default Queue} wl_buffer#73.release()
[18:58:33.011783] {Default Queue} wl_buffer#75.release()
[18:58:33.025533]  -> wl_surface#59.attach(wl_buffer#85, 0, 0)
[18:58:33.025540]  -> wl_surface#59.damage_buffer(0, 0, 1280, 48)
[18:58:33.025542]  -> wl_surface#59.frame(new id wl_callback#94)
[18:58:33.025545] {Default Queue}  -> wp_presentation#20.feedback(wl_surface#59, new id wp_presentation_feedback#106)
[18:58:33.025547]  -> wl_surface#59.commit()
[18:58:33.025682] {Display Queue} wl_display#1.delete_id(94)
[18:58:33.025687] {Display Queue} wl_display#1.delete_id(106)
[18:58:33.025688] {Default Queue} wl_buffer#92.release()
[18:58:33.025690] {Default Queue} wl_callback#94.done(20686641)
[18:58:33.025698] {Default Queue} wp_presentation_feedback#106.sync_output(wl_output#31)
[18:58:33.025699] {Default Queue} wp_presentation_feedback#106.presented(0, 20686, 641460736, 0, 0, 0, 0)
[18:58:33.027053] {Display Queue} wl_display#1.delete_id(95)
[18:58:33.027057] {Display Queue} wl_display#1.delete_id(90)
[18:58:33.027058] {Display Queue} wl_display#1.delete_id(93)
[18:58:33.027059] {Display Queue} wl_display#1.delete_id(99)
[18:58:33.027059] {Default Queue} wl_callback#95.done(20686642)
[18:58:33.027067] {Default Queue} wl_callback#90.done(20686642)
[18:58:33.027070] {Default Queue} wp_presentation_feedback#93.sync_output(wl_output#28)
[18:58:33.027072] {Default Queue} wp_presentation_feedback#93.presented(0, 20686, 642830459, 0, 0, 0, 0)
[18:58:33.027074] {Default Queue} wp_presentation_feedback#99.sync_output(wl_output#28)
[18:58:33.027075] {Default Queue} wp_presentation_feedback#99.presented(0, 20686, 642830459, 0, 0, 0, 0)
[18:58:33.027911]  -> wl_surface#100.attach(wl_buffer#73, 0, 0)
[18:58:33.027914]  -> wl_surface#100.damage_buffer(0, 0, 1280, 672)
[18:58:33.027915]  -> wl_surface#100.frame(new id wl_callback#99)
[18:58:33.027917] {Default Queue}  -> wp_presentation#20.feedback(wl_surface#100, new id wp_presentation_feedback#93)
[18:58:33.027919]  -> wl_surface#100.commit()
[18:58:33.027962] {Default Queue} wl_buffer#103.release()
[18:58:33.043500] {Display Queue} wl_display#1.delete_id(99)
[18:58:33.043509] {Display Queue} wl_display#1.delete_id(93)
[18:58:33.043510] {Default Queue} wl_callback#99.done(20686659)
[18:58:33.043526] {Default Queue} wp_presentation_feedback#93.sync_output(wl_output#28)
[18:58:33.043527] {Default Queue} wp_presentation_feedback#93.presented(0, 20686, 659248457, 0, 0, 0, 0)
[18:58:33.044453]  -> wl_surface#100.attach(wl_buffer#103, 0, 0)
[18:58:33.044458]  -> wl_surface#100.damage_buffer(0, 0, 1280, 672)
[18:58:33.044459]  -> wl_surface#100.frame(new id wl_callback#93)
[18:58:33.044462] {Default Queue}  -> wp_presentation#20.feedback(wl_surface#100, new id wp_presentation_feedback#99)
[18:58:33.044464]  -> wl_surface#100.commit()
[18:58:33.044531] {Default Queue} wl_buffer#73.release()
[18:58:33.060040] {Display Queue} wl_display#1.delete_id(93)
[18:58:33.060049] {Display Queue} wl_display#1.delete_id(99)
[18:58:33.060051] {Default Queue} wl_callback#93.done(20686675)
[18:58:33.060068] {Default Queue} wp_presentation_feedback#99.sync_output(wl_output#28)
[18:58:33.060069] {Default Queue} wp_presentation_feedback#99.presented(0, 20686, 675797837, 0, 0, 0, 0)
[18:58:33.061006]  -> wl_surface#100.attach(wl_buffer#73, 0, 0)
[18:58:33.061013]  -> wl_surface#100.damage_buffer(0, 0, 1280, 672)
[18:58:33.061015]  -> wl_surface#100.frame(new id wl_callback#99)
[18:58:33.061017] {Default Queue}  -> wp_presentation#20.feedback(wl_surface#100, new id wp_presentation_feedback#93)
[18:58:33.061019]  -> wl_surface#100.commit()
[18:58:33.061072] {Default Queue} wl_buffer#103.release()
[18:58:33.076483] {Display Queue} wl_display#1.delete_id(99)
[18:58:33.076492] {Display Queue} wl_display#1.delete_id(93)
[18:58:33.076493] {Default Queue} wl_callback#99.done(20686692)
[18:58:33.076509] {Default Queue} wp_presentation_feedback#93.sync_output(wl_output#28)
[18:58:33.076510] {Default Queue} wp_presentation_feedback#93.presented(0, 20686, 692240936, 0, 0, 0, 0)
[18:58:33.077379]  -> wl_surface#100.attach(wl_buffer#103, 0, 0)
[18:58:33.077386]  -> wl_surface#100.damage_buffer(0, 0, 1280, 672)
[18:58:33.077388]  -> wl_surface#100.frame(new id wl_callback#93)
[18:58:33.077390] {Default Queue}  -> wp_presentation#20.feedback(wl_surface#100, new id wp_presentation_feedback#99)
[18:58:33.077392]  -> wl_surface#100.commit()
[18:58:33.077462] {Default Queue} wl_buffer#73.release()
[18:58:33.092893] {Display Queue} wl_display#1.delete_id(93)
[18:58:33.092902] {Display Queue} wl_display#1.delete_id(99)
[18:58:33.092903] {Default Queue} wl_callback#93.done(20686708)
[18:58:33.092917] {Default Queue} wp_presentation_feedback#99.sync_output(wl_output#28)
[18:58:33.092919] {Default Queue} wp_presentation_feedback#99.presented(0, 20686, 708652445, 0, 0, 0, 0)
[18:58:33.093723]  -> wl_surface#100.attach(wl_buffer#73, 0, 0)
[18:58:33.093727]  -> wl_surface#100.damage_buffer(0, 0, 1280, 672)
[18:58:33.093728]  -> wl_surface#100.frame(new id wl_callback#99)
[18:58:33.093730] {Default Queue}  -> wp_presentation#20.feedback(wl_surface#100, new id wp_presentation_feedback#93)
[18:58:33.093732]  -> wl_surface#100.commit()
[18:58:33.093795] {Default Queue} wl_buffer#103.release()
[18:58:33.108877] {Default Queue} wl_keyboard#89.key(314, 0, 1, 1)
[18:58:33.109328] {Display Queue} wl_display#1.delete_id(99)
[18:58:33.109333] {Display Queue} wl_display#1.delete_id(93)
[18:58:33.109334] {Default Queue} wl_callback#99.done(20686725)
[18:58:33.109343] {Default Queue} wp_presentation_feedback#93.sync_output(wl_output#28)
[18:58:33.109344] {Default Queue} wp_presentation_feedback#93.presented(0, 20686, 725102264, 0, 0, 0, 0)
[18:58:33.110237]  -> wl_surface#100.attach(wl_buffer#103, 0, 0)
[18:58:33.110240]  -> wl_surface#100.damage_buffer(0, 0, 1280, 672)
[18:58:33.110242]  -> wl_surface#100.frame(new id wl_callback#93)
[18:58:33.110244] {Default Queue}  -> wp_presentation#20.feedback(wl_surface#100, new id wp_presentation_feedback#99)
[18:58:33.110246]  -> wl_surface#100.commit()
info: event=services-focus target=other
[18:58:33.110305] {Default Queue} wl_buffer#73.release()
[18:58:33.110941] {Default Queue} wl_keyboard#89.key(315, 0, 1, 0)
[18:58:33.125798] {Display Queue} wl_display#1.delete_id(93)
[18:58:33.125807] {Display Queue} wl_display#1.delete_id(99)
[18:58:33.125808] {Default Queue} wl_callback#93.done(20686741)
[18:58:33.125825] {Default Queue} wp_presentation_feedback#99.sync_output(wl_output#28)
[18:58:33.125826] {Default Queue} wp_presentation_feedback#99.presented(0, 20686, 741550253, 0, 0, 0, 0)
[18:58:33.126744]  -> wl_surface#100.attach(wl_buffer#73, 0, 0)
[18:58:33.126750]  -> wl_surface#100.damage_buffer(0, 0, 1280, 672)
[18:58:33.126752]  -> wl_surface#100.frame(new id wl_callback#99)
[18:58:33.126755] {Default Queue}  -> wp_presentation#20.feedback(wl_surface#100, new id wp_presentation_feedback#93)
[18:58:33.126757]  -> wl_surface#100.commit()
[18:58:33.126836] {Default Queue} wl_buffer#103.release()
[18:58:33.142286] {Display Queue} wl_display#1.delete_id(99)
[18:58:33.142295] {Display Queue} wl_display#1.delete_id(93)
[18:58:33.142297] {Default Queue} wl_callback#99.done(20686758)
[18:58:33.142311] {Default Queue} wp_presentation_feedback#93.sync_output(wl_output#28)
[18:58:33.142313] {Default Queue} wp_presentation_feedback#93.presented(0, 20686, 758035172, 0, 0, 0, 0)
[18:58:33.143168]  -> wl_surface#100.attach(wl_buffer#103, 0, 0)
[18:58:33.143172]  -> wl_surface#100.damage_buffer(0, 0, 1280, 672)
[18:58:33.143174]  -> wl_surface#100.frame(new id wl_callback#93)
[18:58:33.143176] {Default Queue}  -> wp_presentation#20.feedback(wl_surface#100, new id wp_presentation_feedback#99)
[18:58:33.143178]  -> wl_surface#100.commit()
[18:58:33.143249] {Default Queue} wl_buffer#73.release()
[18:58:33.148191] {Default Queue} wl_keyboard#89.leave(316, wl_surface#100)
[18:58:33.148205] {Default Queue} wl_keyboard#89.leave(317, wl_surface#100)
[18:58:33.148213] {Default Queue} wl_keyboard#89.leave(318, wl_surface#100)
[18:58:33.148214] {Default Queue} wl_seat#3.capabilities(1)
[18:58:33.148216] {Default Queue}  -> wl_keyboard#89.release()
[18:58:33.148858]  -> wl_surface#48.attach(wl_buffer#75, 0, 0)
[18:58:33.148863]  -> wl_surface#48.damage_buffer(0, 0, 1280, 48)
[18:58:33.148864]  -> wl_surface#48.frame(new id wl_callback#90)
[18:58:33.148867] {Default Queue}  -> wp_presentation#20.feedback(wl_surface#48, new id wp_presentation_feedback#95)
[18:58:33.148869]  -> wl_surface#48.commit()
[18:58:33.149070]  -> wl_surface#59.attach(wl_buffer#92, 0, 0)
[18:58:33.149073]  -> wl_surface#59.damage_buffer(0, 0, 1280, 48)
[18:58:33.149074]  -> wl_surface#59.frame(new id wl_callback#106)
[18:58:33.149075] {Default Queue}  -> wp_presentation#20.feedback(wl_surface#59, new id wp_presentation_feedback#94)
[18:58:33.149076]  -> wl_surface#59.commit()
[18:58:33.149590] {Display Queue} wl_display#1.delete_id(89)
[18:58:33.149595] {Default Queue} wl_seat#3.capabilities(3)
[18:58:33.149598] {Default Queue}  -> wl_seat#3.get_keyboard(new id wl_keyboard#89)
[18:58:33.149704] {Display Queue} wl_display#1.delete_id(106)
[18:58:33.149706] {Display Queue} wl_display#1.delete_id(94)
[18:58:33.149707] {Default Queue} wl_buffer#77.release()
[18:58:33.149707] {Default Queue} wl_buffer#85.release()
[18:58:33.149708] {Default Queue} wl_callback#106.done(20686765)
[18:58:33.149713] {Default Queue} wp_presentation_feedback#94.sync_output(wl_output#31)
[18:58:33.149714] {Default Queue} wp_presentation_feedback#94.presented(0, 20686, 765466090, 0, 0, 0, 0)
[18:58:33.149716] {Default Queue} wl_keyboard#89.keymap(1, fd 16, 1436)
[18:58:33.149782] {Default Queue} wl_keyboard#89.repeat_info(40, 400)
[18:58:33.149791] {Default Queue} wl_keyboard#89.enter(320, wl_surface#100, array[0])
[18:58:33.149796] {Default Queue} wl_keyboard#89.modifiers(321, 0, 0, 0, 0)
[18:58:33.158844] {Display Queue} wl_display#1.delete_id(90)
[18:58:33.158852] {Display Queue} wl_display#1.delete_id(93)
[18:58:33.158853] {Display Queue} wl_display#1.delete_id(95)
[18:58:33.158854] {Display Queue} wl_display#1.delete_id(99)
[18:58:33.158855] {Default Queue} wl_callback#90.done(20686774)
[18:58:33.158880] {Default Queue} wl_callback#93.done(20686774)
[18:58:33.158885] {Default Queue} wp_presentation_feedback#95.sync_output(wl_output#28)
[18:58:33.158886] {Default Queue} wp_presentation_feedback#95.presented(0, 20686, 774602433, 0, 0, 0, 0)
[18:58:33.158889] {Default Queue} wp_presentation_feedback#99.sync_output(wl_output#28)
[18:58:33.158890] {Default Queue} wp_presentation_feedback#99.presented(0, 20686, 774602433, 0, 0, 0, 0)
[18:58:33.160041]  -> wl_surface#100.attach(wl_buffer#73, 0, 0)
[18:58:33.160047]  -> wl_surface#100.damage_buffer(0, 0, 1280, 672)
[18:58:33.160048]  -> wl_surface#100.frame(new id wl_callback#99)
[18:58:33.160050] {Default Queue}  -> wp_presentation#20.feedback(wl_surface#100, new id wp_presentation_feedback#95)
[18:58:33.160052]  -> wl_surface#100.commit()
[18:58:33.160328]  -> wl_surface#48.attach(wl_buffer#77, 0, 0)
[18:58:33.160331]  -> wl_surface#48.damage_buffer(0, 0, 1280, 48)
[18:58:33.160332]  -> wl_surface#48.frame(new id wl_callback#93)
[18:58:33.160333] {Default Queue}  -> wp_presentation#20.feedback(wl_surface#48, new id wp_presentation_feedback#90)
[18:58:33.160334]  -> wl_surface#48.commit()
[18:58:33.160350] {Default Queue} wl_buffer#103.release()
[18:58:33.160362] {Default Queue} wl_buffer#75.release()
[18:58:33.166229]  -> wl_surface#59.attach(wl_buffer#85, 0, 0)
[18:58:33.166235]  -> wl_surface#59.damage_buffer(0, 0, 1280, 48)
[18:58:33.166236]  -> wl_surface#59.frame(new id wl_callback#94)
[18:58:33.166238] {Default Queue}  -> wp_presentation#20.feedback(wl_surface#59, new id wp_presentation_feedback#106)
[18:58:33.166240]  -> wl_surface#59.commit()
[18:58:33.166356] {Display Queue} wl_display#1.delete_id(94)
[18:58:33.166359] {Display Queue} wl_display#1.delete_id(106)
[18:58:33.166360] {Default Queue} wl_buffer#92.release()
[18:58:33.166360] {Default Queue} wl_callback#94.done(20686782)
[18:58:33.166368] {Default Queue} wp_presentation_feedback#106.sync_output(wl_output#31)
[18:58:33.166369] {Default Queue} wp_presentation_feedback#106.presented(0, 20686, 782138111, 0, 0, 0, 0)
[18:58:33.175355] {Display Queue} wl_display#1.delete_id(93)
[18:58:33.175363] {Display Queue} wl_display#1.delete_id(99)
[18:58:33.175365] {Display Queue} wl_display#1.delete_id(90)
[18:58:33.175366] {Display Queue} wl_display#1.delete_id(95)
[18:58:33.175366] {Default Queue} wl_callback#93.done(20686791)
[18:58:33.175382] {Default Queue} wl_callback#99.done(20686791)
[18:58:33.175384] {Default Queue} wp_presentation_feedback#90.sync_output(wl_output#28)
[18:58:33.175386] {Default Queue} wp_presentation_feedback#90.presented(0, 20686, 791111802, 0, 0, 0, 0)
[18:58:33.175389] {Default Queue} wp_presentation_feedback#95.sync_output(wl_output#28)
[18:58:33.175391] {Default Queue} wp_presentation_feedback#95.presented(0, 20686, 791111802, 0, 0, 0, 0)
[18:58:33.176225]  -> wl_surface#100.attach(wl_buffer#103, 0, 0)
[18:58:33.176230]  -> wl_surface#100.damage_buffer(0, 0, 1280, 672)
[18:58:33.176232]  -> wl_surface#100.frame(new id wl_callback#95)
[18:58:33.176234] {Default Queue}  -> wp_presentation#20.feedback(wl_surface#100, new id wp_presentation_feedback#90)
[18:58:33.176237]  -> wl_surface#100.commit()
[18:58:33.176305] {Default Queue} wl_buffer#73.release()
[18:58:33.191837] {Display Queue} wl_display#1.delete_id(95)
[18:58:33.191846] {Display Queue} wl_display#1.delete_id(90)
[18:58:33.191847] {Default Queue} wl_callback#95.done(20686807)
[18:58:33.191862] {Default Queue} wp_presentation_feedback#90.sync_output(wl_output#28)
[18:58:33.191864] {Default Queue} wp_presentation_feedback#90.presented(0, 20686, 807596831, 0, 0, 0, 0)
[18:58:33.192734]  -> wl_surface#100.attach(wl_buffer#73, 0, 0)
[18:58:33.192739]  -> wl_surface#100.damage_buffer(0, 0, 1280, 672)
[18:58:33.192741]  -> wl_surface#100.frame(new id wl_callback#90)
[18:58:33.192744] {Default Queue}  -> wp_presentation#20.feedback(wl_surface#100, new id wp_presentation_feedback#95)
[18:58:33.192746]  -> wl_surface#100.commit()
[18:58:33.192813] {Default Queue} wl_buffer#103.release()
[18:58:33.208340] {Display Queue} wl_display#1.delete_id(90)
[18:58:33.208349] {Display Queue} wl_display#1.delete_id(95)
[18:58:33.208351] {Default Queue} wl_callback#90.done(20686824)
[18:58:33.208364] {Default Queue} wp_presentation_feedback#95.sync_output(wl_output#28)
[18:58:33.208366] {Default Queue} wp_presentation_feedback#95.presented(0, 20686, 824099861, 0, 0, 0, 0)
[18:58:33.209241]  -> wl_surface#100.attach(wl_buffer#103, 0, 0)
[18:58:33.209247]  -> wl_surface#100.damage_buffer(0, 0, 1280, 672)
[18:58:33.209249]  -> wl_surface#100.frame(new id wl_callback#95)
[18:58:33.209252] {Default Queue}  -> wp_presentation#20.feedback(wl_surface#100, new id wp_presentation_feedback#90)
[18:58:33.209254]  -> wl_surface#100.commit()
[18:58:33.209324] {Default Queue} wl_buffer#73.release()
[18:58:33.224747] {Display Queue} wl_display#1.delete_id(95)
[18:58:33.224755] {Display Queue} wl_display#1.delete_id(90)
[18:58:33.224756] {Default Queue} wl_callback#95.done(20686840)
[18:58:33.224770] {Default Queue} wp_presentation_feedback#90.sync_output(wl_output#28)
[18:58:33.224771] {Default Queue} wp_presentation_feedback#90.presented(0, 20686, 840506479, 0, 0, 0, 0)
[18:58:33.225625]  -> wl_surface#100.attach(wl_buffer#73, 0, 0)
[18:58:33.225632]  -> wl_surface#100.damage_buffer(0, 0, 1280, 672)
[18:58:33.225634]  -> wl_surface#100.frame(new id wl_callback#90)
[18:58:33.225636] {Default Queue}  -> wp_presentation#20.feedback(wl_surface#100, new id wp_presentation_feedback#95)
[18:58:33.225639]  -> wl_surface#100.commit()
[18:58:33.225705] {Default Queue} wl_buffer#103.release()
[18:58:33.241168] {Display Queue} wl_display#1.delete_id(90)
[18:58:33.241177] {Display Queue} wl_display#1.delete_id(95)
[18:58:33.241178] {Default Queue} wl_callback#90.done(20686856)
[18:58:33.241192] {Default Queue} wp_presentation_feedback#95.sync_output(wl_output#28)
[18:58:33.241193] {Default Queue} wp_presentation_feedback#95.presented(0, 20686, 856929628, 0, 0, 0, 0)
[18:58:33.242015]  -> wl_surface#100.attach(wl_buffer#103, 0, 0)
[18:58:33.242019]  -> wl_surface#100.damage_buffer(0, 0, 1280, 672)
[18:58:33.242021]  -> wl_surface#100.frame(new id wl_callback#95)
[18:58:33.242023] {Default Queue}  -> wp_presentation#20.feedback(wl_surface#100, new id wp_presentation_feedback#90)
[18:58:33.242025]  -> wl_surface#100.commit()
[18:58:33.242080] {Default Queue} wl_buffer#73.release()
[18:58:33.249733] {Default Queue} wl_keyboard#89.key(322, 0, 1, 1)
[18:58:33.251813] {Default Queue} wl_keyboard#89.key(323, 0, 1, 0)
[18:58:33.257604] {Display Queue} wl_display#1.delete_id(95)
[18:58:33.257610] {Display Queue} wl_display#1.delete_id(90)
[18:58:33.257612] {Default Queue} wl_callback#95.done(20686873)
[18:58:33.257623] {Default Queue} wp_presentation_feedback#90.sync_output(wl_output#28)
[18:58:33.257624] {Default Queue} wp_presentation_feedback#90.presented(0, 20686, 873373698, 0, 0, 0, 0)
[18:58:33.258573]  -> wl_surface#100.attach(wl_buffer#73, 0, 0)
[18:58:33.258577]  -> wl_surface#100.damage_buffer(0, 0, 1280, 672)
[18:58:33.258579]  -> wl_surface#100.frame(new id wl_callback#90)
[18:58:33.258581] {Default Queue}  -> wp_presentation#20.feedback(wl_surface#100, new id wp_presentation_feedback#95)
[18:58:33.258583]  -> wl_surface#100.commit()
info: event=services-focus target=power-off
[18:58:33.258650] {Default Queue} wl_buffer#103.release()
[18:58:33.274049] {Display Queue} wl_display#1.delete_id(90)
[18:58:33.274058] {Display Queue} wl_display#1.delete_id(95)
[18:58:33.274059] {Default Queue} wl_callback#90.done(20686889)
[18:58:33.274074] {Default Queue} wp_presentation_feedback#95.sync_output(wl_output#28)
[18:58:33.274076] {Default Queue} wp_presentation_feedback#95.presented(0, 20686, 889810667, 0, 0, 0, 0)
[18:58:33.274927]  -> wl_surface#100.attach(wl_buffer#103, 0, 0)
[18:58:33.274932]  -> wl_surface#100.damage_buffer(0, 0, 1280, 672)
[18:58:33.274934]  -> wl_surface#100.frame(new id wl_callback#95)
[18:58:33.274936] {Default Queue}  -> wp_presentation#20.feedback(wl_surface#100, new id wp_presentation_feedback#90)
[18:58:33.274939]  -> wl_surface#100.commit()
[18:58:33.275015] {Default Queue} wl_buffer#73.release()
[18:58:33.289075] {Default Queue} wl_keyboard#89.leave(324, wl_surface#100)
[18:58:33.289091] {Default Queue} wl_keyboard#89.leave(325, wl_surface#100)
[18:58:33.289092] {Default Queue} wl_keyboard#89.leave(326, wl_surface#100)
[18:58:33.289093] {Default Queue} wl_seat#3.capabilities(1)
[18:58:33.289095] {Default Queue}  -> wl_keyboard#89.release()
[18:58:33.289792]  -> wl_surface#48.attach(wl_buffer#75, 0, 0)
[18:58:33.289796]  -> wl_surface#48.damage_buffer(0, 0, 1280, 48)
[18:58:33.289798]  -> wl_surface#48.frame(new id wl_callback#99)
[18:58:33.289800] {Default Queue}  -> wp_presentation#20.feedback(wl_surface#48, new id wp_presentation_feedback#93)
[18:58:33.289802]  -> wl_surface#48.commit()
[18:58:33.289993]  -> wl_surface#59.attach(wl_buffer#92, 0, 0)
[18:58:33.289995]  -> wl_surface#59.damage_buffer(0, 0, 1280, 48)
[18:58:33.289996]  -> wl_surface#59.frame(new id wl_callback#106)
[18:58:33.289997] {Default Queue}  -> wp_presentation#20.feedback(wl_surface#59, new id wp_presentation_feedback#94)
[18:58:33.289998]  -> wl_surface#59.commit()
[18:58:33.290524] {Display Queue} wl_display#1.delete_id(89)
[18:58:33.290527] {Default Queue} wl_seat#3.capabilities(3)
[18:58:33.290528] {Default Queue}  -> wl_seat#3.get_keyboard(new id wl_keyboard#89)
[18:58:33.291057] {Display Queue} wl_display#1.delete_id(95)
[18:58:33.291059] {Display Queue} wl_display#1.delete_id(90)
[18:58:33.291060] {Display Queue} wl_display#1.delete_id(106)
[18:58:33.291060] {Display Queue} wl_display#1.delete_id(94)
[18:58:33.291061] {Default Queue} wl_callback#95.done(20686906)
[18:58:33.291065] {Default Queue} wl_buffer#77.release()
[18:58:33.291066] {Default Queue} wl_buffer#85.release()
[18:58:33.291067] {Default Queue} wl_keyboard#89.keymap(1, fd 16, 1436)
[18:58:33.291142] {Default Queue} wl_keyboard#89.repeat_info(40, 400)
[18:58:33.291144] {Default Queue} wl_keyboard#89.enter(328, wl_surface#100, array[0])
[18:58:33.291148] {Default Queue} wl_keyboard#89.modifiers(329, 0, 0, 0, 0)
[18:58:33.291151] {Default Queue} wp_presentation_feedback#90.sync_output(wl_output#28)
[18:58:33.291152] {Default Queue} wp_presentation_feedback#90.presented(0, 20686, 906754181, 0, 0, 0, 0)
[18:58:33.291154] {Default Queue} wl_callback#106.done(20686906)
[18:58:33.291156] {Default Queue} wp_presentation_feedback#94.sync_output(wl_output#31)
[18:58:33.291156] {Default Queue} wp_presentation_feedback#94.presented(0, 20686, 906787951, 0, 0, 0, 0)
[18:58:33.292086]  -> wl_surface#100.attach(wl_buffer#73, 0, 0)
[18:58:33.292089]  -> wl_surface#100.damage_buffer(0, 0, 1280, 672)
[18:58:33.292090]  -> wl_surface#100.frame(new id wl_callback#94)
[18:58:33.292092] {Default Queue}  -> wp_presentation#20.feedback(wl_surface#100, new id wp_presentation_feedback#106)
[18:58:33.292093]  -> wl_surface#100.commit()
[18:58:33.292186] {Default Queue} wl_buffer#103.release()
[18:58:33.307653]  -> wl_surface#59.attach(wl_buffer#85, 0, 0)
[18:58:33.307660]  -> wl_surface#59.damage_buffer(0, 0, 1280, 48)
[18:58:33.307662]  -> wl_surface#59.frame(new id wl_callback#90)
[18:58:33.307665] {Default Queue}  -> wp_presentation#20.feedback(wl_surface#59, new id wp_presentation_feedback#95)
[18:58:33.307667]  -> wl_surface#59.commit()
[18:58:33.307695] {Display Queue} wl_display#1.delete_id(99)
[18:58:33.307697] {Display Queue} wl_display#1.delete_id(94)
[18:58:33.307697] {Display Queue} wl_display#1.delete_id(93)
[18:58:33.307698] {Display Queue} wl_display#1.delete_id(106)
[18:58:33.307698] {Default Queue} wl_callback#99.done(20686923)
[18:58:33.307705] {Default Queue} wl_callback#94.done(20686923)
[18:58:33.307708] {Default Queue} wp_presentation_feedback#93.sync_output(wl_output#28)
[18:58:33.307709] {Default Queue} wp_presentation_feedback#93.presented(0, 20686, 923193050, 0, 0, 0, 0)
[18:58:33.307711] {Default Queue} wp_presentation_feedback#106.sync_output(wl_output#28)
[18:58:33.307712] {Default Queue} wp_presentation_feedback#106.presented(0, 20686, 923193050, 0, 0, 0, 0)
[18:58:33.308484]  -> wl_surface#100.attach(wl_buffer#103, 0, 0)
[18:58:33.308488]  -> wl_surface#100.damage_buffer(0, 0, 1280, 672)
[18:58:33.308489]  -> wl_surface#100.frame(new id wl_callback#106)
[18:58:33.308491] {Default Queue}  -> wp_presentation#20.feedback(wl_surface#100, new id wp_presentation_feedback#93)
[18:58:33.308492]  -> wl_surface#100.commit()
[18:58:33.308515] {Display Queue} wl_display#1.delete_id(90)
[18:58:33.308517] {Display Queue} wl_display#1.delete_id(95)
[18:58:33.308518] {Default Queue} wl_buffer#92.release()
[18:58:33.308519] {Default Queue} wl_callback#90.done(20686923)
[18:58:33.308526] {Default Queue} wp_presentation_feedback#95.sync_output(wl_output#31)
[18:58:33.308528] {Default Queue} wp_presentation_feedback#95.presented(0, 20686, 923559534, 0, 0, 0, 0)
[18:58:33.308755]  -> wl_surface#48.attach(wl_buffer#77, 0, 0)
[18:58:33.308757]  -> wl_surface#48.damage_buffer(0, 0, 1280, 48)
[18:58:33.308758]  -> wl_surface#48.frame(new id wl_callback#95)
[18:58:33.308759] {Default Queue}  -> wp_presentation#20.feedback(wl_surface#48, new id wp_presentation_feedback#90)
[18:58:33.308760]  -> wl_surface#48.commit()
[18:58:33.308776] {Default Queue} wl_buffer#73.release()
[18:58:33.308797] {Default Queue} wl_buffer#75.release()
[18:58:33.323953] {Display Queue} wl_display#1.delete_id(95)
[18:58:33.323962] {Display Queue} wl_display#1.delete_id(106)
[18:58:33.323963] {Display Queue} wl_display#1.delete_id(90)
[18:58:33.323964] {Display Queue} wl_display#1.delete_id(93)
[18:58:33.323965] {Default Queue} wl_callback#95.done(20686939)
[18:58:33.323980] {Default Queue} wl_callback#106.done(20686939)
[18:58:33.323984] {Default Queue} wp_presentation_feedback#90.sync_output(wl_output#28)
[18:58:33.323986] {Default Queue} wp_presentation_feedback#90.presented(0, 20686, 939711920, 0, 0, 0, 0)
[18:58:33.323989] {Default Queue} wp_presentation_feedback#93.sync_output(wl_output#28)
[18:58:33.323990] {Default Queue} wp_presentation_feedback#93.presented(0, 20686, 939711920, 0, 0, 0, 0)
[18:58:33.324902]  -> wl_surface#100.attach(wl_buffer#73, 0, 0)
[18:58:33.324908]  -> wl_surface#100.damage_buffer(0, 0, 1280, 672)
[18:58:33.324910]  -> wl_surface#100.frame(new id wl_callback#93)
[18:58:33.324913] {Default Queue}  -> wp_presentation#20.feedback(wl_surface#100, new id wp_presentation_feedback#90)
[18:58:33.324915]  -> wl_surface#100.commit()
[18:58:33.324991] {Default Queue} wl_buffer#103.release()
[18:58:33.340473] {Display Queue} wl_display#1.delete_id(93)
[18:58:33.340481] {Display Queue} wl_display#1.delete_id(90)
[18:58:33.340483] {Default Queue} wl_callback#93.done(20686956)
[18:58:33.340496] {Default Queue} wp_presentation_feedback#90.sync_output(wl_output#28)
[18:58:33.340498] {Default Queue} wp_presentation_feedback#90.presented(0, 20686, 956233170, 0, 0, 0, 0)
[18:58:33.341367]  -> wl_surface#100.attach(wl_buffer#103, 0, 0)
[18:58:33.341371]  -> wl_surface#100.damage_buffer(0, 0, 1280, 672)
[18:58:33.341373]  -> wl_surface#100.frame(new id wl_callback#90)
[18:58:33.341376] {Default Queue}  -> wp_presentation#20.feedback(wl_surface#100, new id wp_presentation_feedback#93)
[18:58:33.341378]  -> wl_surface#100.commit()
[18:58:33.341443] {Default Queue} wl_buffer#73.release()
[18:58:33.356913] {Display Queue} wl_display#1.delete_id(90)
[18:58:33.356922] {Display Queue} wl_display#1.delete_id(93)
[18:58:33.356923] {Default Queue} wl_callback#90.done(20686972)
[18:58:33.356939] {Default Queue} wp_presentation_feedback#93.sync_output(wl_output#28)
[18:58:33.356941] {Default Queue} wp_presentation_feedback#93.presented(0, 20686, 972670538, 0, 0, 0, 0)
[18:58:33.357836]  -> wl_surface#100.attach(wl_buffer#73, 0, 0)
[18:58:33.357843]  -> wl_surface#100.damage_buffer(0, 0, 1280, 672)
[18:58:33.357844]  -> wl_surface#100.frame(new id wl_callback#93)
[18:58:33.357847] {Default Queue}  -> wp_presentation#20.feedback(wl_surface#100, new id wp_presentation_feedback#90)
[18:58:33.357849]  -> wl_surface#100.commit()
[18:58:33.357923] {Default Queue} wl_buffer#103.release()
[18:58:33.373464] {Display Queue} wl_display#1.delete_id(93)
[18:58:33.373473] {Display Queue} wl_display#1.delete_id(90)
[18:58:33.373474] {Default Queue} wl_callback#93.done(20686989)
[18:58:33.373492] {Default Queue} wp_presentation_feedback#90.sync_output(wl_output#28)
[18:58:33.373493] {Default Queue} wp_presentation_feedback#90.presented(0, 20686, 989223478, 0, 0, 0, 0)
[18:58:33.374344]  -> wl_surface#100.attach(wl_buffer#103, 0, 0)
[18:58:33.374349]  -> wl_surface#100.damage_buffer(0, 0, 1280, 672)
[18:58:33.374350]  -> wl_surface#100.frame(new id wl_callback#90)
[18:58:33.374353] {Default Queue}  -> wp_presentation#20.feedback(wl_surface#100, new id wp_presentation_feedback#93)
[18:58:33.374355]  -> wl_surface#100.commit()
[18:58:33.374421] {Default Queue} wl_buffer#73.release()
[18:58:33.389976] {Display Queue} wl_display#1.delete_id(90)
[18:58:33.389984] {Display Queue} wl_display#1.delete_id(93)
[18:58:33.389986] {Default Queue} wl_callback#90.done(20687005)
[18:58:33.390001] {Default Queue} wp_presentation_feedback#93.sync_output(wl_output#28)
[18:58:33.390003] {Default Queue} wp_presentation_feedback#93.presented(0, 20687, 5736568, 0, 0, 0, 0)
[18:58:33.390842]  -> wl_surface#100.attach(wl_buffer#73, 0, 0)
[18:58:33.390846]  -> wl_surface#100.damage_buffer(0, 0, 1280, 672)
[18:58:33.390847]  -> wl_surface#100.frame(new id wl_callback#93)
[18:58:33.390850] {Default Queue}  -> wp_presentation#20.feedback(wl_surface#100, new id wp_presentation_feedback#90)
[18:58:33.390851]  -> wl_surface#100.commit()
[18:58:33.390876] {Default Queue} wl_keyboard#89.key(330, 0, 1, 1)
[18:58:33.391105] {Default Queue} wl_buffer#103.release()
[18:58:33.392710] {Default Queue} wl_keyboard#89.key(331, 0, 1, 0)
[18:58:33.406476] {Display Queue} wl_display#1.delete_id(93)
[18:58:33.406484] {Display Queue} wl_display#1.delete_id(90)
[18:58:33.406485] {Default Queue} wl_callback#93.done(20687022)
[18:58:33.406500] {Default Queue} wp_presentation_feedback#90.sync_output(wl_output#28)
[18:58:33.406502] {Default Queue} wp_presentation_feedback#90.presented(0, 20687, 22233377, 0, 0, 0, 0)
[18:58:33.407555]  -> wl_surface#100.attach(wl_buffer#103, 0, 0)
[18:58:33.407560]  -> wl_surface#100.damage_buffer(0, 0, 1280, 672)
[18:58:33.407561]  -> wl_surface#100.frame(new id wl_callback#90)
[18:58:33.407564] {Default Queue}  -> wp_presentation#20.feedback(wl_surface#100, new id wp_presentation_feedback#93)
[18:58:33.407566]  -> wl_surface#100.commit()
info: event=services-focus target=reboot
[18:58:33.407648] {Default Queue} wl_buffer#73.release()
[18:58:33.422915] {Display Queue} wl_display#1.delete_id(90)
[18:58:33.422923] {Display Queue} wl_display#1.delete_id(93)
[18:58:33.422924] {Default Queue} wl_callback#90.done(20687038)
[18:58:33.422942] {Default Queue} wp_presentation_feedback#93.sync_output(wl_output#28)
[18:58:33.422944] {Default Queue} wp_presentation_feedback#93.presented(0, 20687, 38672116, 0, 0, 0, 0)
[18:58:33.423794]  -> wl_surface#100.attach(wl_buffer#73, 0, 0)
[18:58:33.423799]  -> wl_surface#100.damage_buffer(0, 0, 1280, 672)
[18:58:33.423800]  -> wl_surface#100.frame(new id wl_callback#93)
[18:58:33.423803] {Default Queue}  -> wp_presentation#20.feedback(wl_surface#100, new id wp_presentation_feedback#90)
[18:58:33.423805]  -> wl_surface#100.commit()
[18:58:33.423862] {Default Queue} wl_buffer#103.release()
[18:58:33.429977] {Default Queue} wl_keyboard#89.leave(332, wl_surface#100)
[18:58:33.429990] {Default Queue} wl_keyboard#89.leave(333, wl_surface#100)
[18:58:33.429992] {Default Queue} wl_keyboard#89.leave(334, wl_surface#100)
[18:58:33.429992] {Default Queue} wl_seat#3.capabilities(1)
[18:58:33.429995] {Default Queue}  -> wl_keyboard#89.release()
[18:58:33.430614]  -> wl_surface#48.attach(wl_buffer#75, 0, 0)
[18:58:33.430618]  -> wl_surface#48.damage_buffer(0, 0, 1280, 48)
[18:58:33.430620]  -> wl_surface#48.frame(new id wl_callback#106)
[18:58:33.430622] {Default Queue}  -> wp_presentation#20.feedback(wl_surface#48, new id wp_presentation_feedback#95)
[18:58:33.430624]  -> wl_surface#48.commit()
[18:58:33.430813]  -> wl_surface#59.attach(wl_buffer#92, 0, 0)
[18:58:33.430815]  -> wl_surface#59.damage_buffer(0, 0, 1280, 48)
[18:58:33.430816]  -> wl_surface#59.frame(new id wl_callback#94)
[18:58:33.430817] {Default Queue}  -> wp_presentation#20.feedback(wl_surface#59, new id wp_presentation_feedback#99)
[18:58:33.430818]  -> wl_surface#59.commit()
[18:58:33.430931] {Display Queue} wl_display#1.delete_id(89)
[18:58:33.430936] {Display Queue} wl_display#1.delete_id(94)
[18:58:33.430937] {Display Queue} wl_display#1.delete_id(99)
[18:58:33.430938] {Default Queue} wl_buffer#77.release()
[18:58:33.430938] {Default Queue} wl_buffer#85.release()
[18:58:33.430939] {Default Queue} wl_callback#94.done(20687046)
[18:58:33.430946] {Default Queue} wp_presentation_feedback#99.sync_output(wl_output#31)
[18:58:33.430947] {Default Queue} wp_presentation_feedback#99.presented(0, 20687, 46709789, 0, 0, 0, 0)
[18:58:33.439383] {Display Queue} wl_display#1.delete_id(106)
[18:58:33.439390] {Display Queue} wl_display#1.delete_id(93)
[18:58:33.439391] {Display Queue} wl_display#1.delete_id(95)
[18:58:33.439392] {Display Queue} wl_display#1.delete_id(90)
[18:58:33.439392] {Default Queue} wl_callback#106.done(20687055)
[18:58:33.439405] {Default Queue} wl_callback#93.done(20687055)
[18:58:33.439409] {Default Queue} wp_presentation_feedback#95.sync_output(wl_output#28)
[18:58:33.439411] {Default Queue} wp_presentation_feedback#95.presented(0, 20687, 55144665, 0, 0, 0, 0)
[18:58:33.439414] {Default Queue} wp_presentation_feedback#90.sync_output(wl_output#28)
[18:58:33.439415] {Default Queue} wp_presentation_feedback#90.presented(0, 20687, 55144665, 0, 0, 0, 0)
[18:58:33.440417]  -> wl_surface#100.attach(wl_buffer#103, 0, 0)
[18:58:33.440423]  -> wl_surface#100.damage_buffer(0, 0, 1280, 672)
[18:58:33.440425]  -> wl_surface#100.frame(new id wl_callback#90)
[18:58:33.440427] {Default Queue}  -> wp_presentation#20.feedback(wl_surface#100, new id wp_presentation_feedback#95)
[18:58:33.440429]  -> wl_surface#100.commit()
[18:58:33.440504] {Default Queue} wl_buffer#73.release()
[18:58:33.455832] {Display Queue} wl_display#1.delete_id(90)
[18:58:33.455840] {Display Queue} wl_display#1.delete_id(95)
[18:58:33.455841] {Default Queue} wl_callback#90.done(20687071)
[18:58:33.455858] {Default Queue} wp_presentation_feedback#95.sync_output(wl_output#28)
[18:58:33.455859] {Default Queue} wp_presentation_feedback#95.presented(0, 20687, 71593713, 0, 0, 0, 0)
[18:58:33.456739]  -> wl_surface#100.attach(wl_buffer#73, 0, 0)
[18:58:33.456743]  -> wl_surface#100.damage_buffer(0, 0, 1280, 672)
[18:58:33.456745]  -> wl_surface#100.frame(new id wl_callback#95)
[18:58:33.456747] {Default Queue}  -> wp_presentation#20.feedback(wl_surface#100, new id wp_presentation_feedback#90)
[18:58:33.456749]  -> wl_surface#100.commit()
[18:58:33.456775] {Default Queue} wl_seat#3.capabilities(3)
[18:58:33.456777] {Default Queue}  -> wl_seat#3.get_keyboard(new id wl_keyboard#93)
[18:58:33.456867] {Default Queue} wl_buffer#103.release()
[18:58:33.456875] {Default Queue} wl_keyboard#93.keymap(1, fd 16, 1434)
[18:58:33.456944] {Default Queue} wl_keyboard#93.repeat_info(40, 400)
[18:58:33.456945] {Default Queue} wl_keyboard#93.enter(336, wl_surface#100, array[0])
[18:58:33.456949] {Default Queue} wl_keyboard#93.modifiers(337, 0, 0, 0, 0)
[18:58:33.457325]  -> wl_surface#59.attach(wl_buffer#85, 0, 0)
[18:58:33.457328]  -> wl_surface#59.damage_buffer(0, 0, 1280, 48)
[18:58:33.457329]  -> wl_surface#59.frame(new id wl_callback#106)
[18:58:33.457330] {Default Queue}  -> wp_presentation#20.feedback(wl_surface#59, new id wp_presentation_feedback#99)
[18:58:33.457331]  -> wl_surface#59.commit()
[18:58:33.457415] {Display Queue} wl_display#1.delete_id(106)
[18:58:33.457416] {Display Queue} wl_display#1.delete_id(99)
[18:58:33.457417] {Default Queue} wl_buffer#92.release()
[18:58:33.457417] {Default Queue} wl_callback#106.done(20687073)
[18:58:33.457421] {Default Queue} wp_presentation_feedback#99.sync_output(wl_output#31)
[18:58:33.457422] {Default Queue} wp_presentation_feedback#99.presented(0, 20687, 73197598, 0, 0, 0, 0)
[18:58:33.461354]  -> wl_surface#48.attach(wl_buffer#77, 0, 0)
[18:58:33.461358]  -> wl_surface#48.damage_buffer(0, 0, 1280, 48)
[18:58:33.461359]  -> wl_surface#48.frame(new id wl_callback#99)
[18:58:33.461361] {Default Queue}  -> wp_presentation#20.feedback(wl_surface#48, new id wp_presentation_feedback#106)
[18:58:33.461363]  -> wl_surface#48.commit()
[18:58:33.461421] {Default Queue} wl_buffer#75.release()
[18:58:33.472297] {Display Queue} wl_display#1.delete_id(99)
[18:58:33.472304] {Display Queue} wl_display#1.delete_id(95)
[18:58:33.472305] {Display Queue} wl_display#1.delete_id(106)
[18:58:33.472307] {Display Queue} wl_display#1.delete_id(90)
[18:58:33.472307] {Default Queue} wl_callback#99.done(20687088)
[18:58:33.472320] {Default Queue} wl_callback#95.done(20687088)
[18:58:33.472324] {Default Queue} wp_presentation_feedback#106.sync_output(wl_output#28)
[18:58:33.472326] {Default Queue} wp_presentation_feedback#106.presented(0, 20687, 88061322, 0, 0, 0, 0)
[18:58:33.472328] {Default Queue} wp_presentation_feedback#90.sync_output(wl_output#28)
[18:58:33.472329] {Default Queue} wp_presentation_feedback#90.presented(0, 20687, 88061322, 0, 0, 0, 0)
[18:58:33.473317]  -> wl_surface#100.attach(wl_buffer#103, 0, 0)
[18:58:33.473321]  -> wl_surface#100.damage_buffer(0, 0, 1280, 672)
[18:58:33.473323]  -> wl_surface#100.frame(new id wl_callback#90)
[18:58:33.473326] {Default Queue}  -> wp_presentation#20.feedback(wl_surface#100, new id wp_presentation_feedback#106)
[18:58:33.473328]  -> wl_surface#100.commit()
[18:58:33.473387] {Default Queue} wl_buffer#73.release()
[18:58:33.488766] {Display Queue} wl_display#1.delete_id(90)
[18:58:33.488774] {Display Queue} wl_display#1.delete_id(106)
[18:58:33.488775] {Default Queue} wl_callback#90.done(20687104)
[18:58:33.488789] {Default Queue} wp_presentation_feedback#106.sync_output(wl_output#28)
[18:58:33.488790] {Default Queue} wp_presentation_feedback#106.presented(0, 20687, 104525182, 0, 0, 0, 0)
[18:58:33.489588]  -> wl_surface#100.attach(wl_buffer#73, 0, 0)
[18:58:33.489591]  -> wl_surface#100.damage_buffer(0, 0, 1280, 672)
[18:58:33.489593]  -> wl_surface#100.frame(new id wl_callback#106)
[18:58:33.489595] {Default Queue}  -> wp_presentation#20.feedback(wl_surface#100, new id wp_presentation_feedback#90)
[18:58:33.489598]  -> wl_surface#100.commit()
[18:58:33.489654] {Default Queue} wl_buffer#103.release()
[18:58:33.505180] {Display Queue} wl_display#1.delete_id(106)
[18:58:33.505189] {Display Queue} wl_display#1.delete_id(90)
[18:58:33.505190] {Default Queue} wl_callback#106.done(20687120)
[18:58:33.505203] {Default Queue} wp_presentation_feedback#90.sync_output(wl_output#28)
[18:58:33.505205] {Default Queue} wp_presentation_feedback#90.presented(0, 20687, 120941741, 0, 0, 0, 0)
[18:58:33.505975]  -> wl_surface#100.attach(wl_buffer#103, 0, 0)
[18:58:33.505979]  -> wl_surface#100.damage_buffer(0, 0, 1280, 672)
[18:58:33.505980]  -> wl_surface#100.frame(new id wl_callback#90)
[18:58:33.505983] {Default Queue}  -> wp_presentation#20.feedback(wl_surface#100, new id wp_presentation_feedback#106)
[18:58:33.505985]  -> wl_surface#100.commit()
[18:58:33.506046] {Default Queue} wl_buffer#73.release()
[18:58:33.521632] {Display Queue} wl_display#1.delete_id(90)
[18:58:33.521640] {Display Queue} wl_display#1.delete_id(106)
[18:58:33.521641] {Default Queue} wl_callback#90.done(20687137)
[18:58:33.521655] {Default Queue} wp_presentation_feedback#106.sync_output(wl_output#28)
[18:58:33.521657] {Default Queue} wp_presentation_feedback#106.presented(0, 20687, 137392760, 0, 0, 0, 0)
[18:58:33.522558]  -> wl_surface#100.attach(wl_buffer#73, 0, 0)
[18:58:33.522565]  -> wl_surface#100.damage_buffer(0, 0, 1280, 672)
[18:58:33.522567]  -> wl_surface#100.frame(new id wl_callback#106)
[18:58:33.522569] {Default Queue}  -> wp_presentation#20.feedback(wl_surface#100, new id wp_presentation_feedback#90)
[18:58:33.522572]  -> wl_surface#100.commit()
[18:58:33.522803] {Default Queue} wl_buffer#103.release()
[18:58:33.538051] {Display Queue} wl_display#1.delete_id(106)
[18:58:33.538059] {Display Queue} wl_display#1.delete_id(90)
[18:58:33.538061] {Default Queue} wl_callback#106.done(20687153)
[18:58:33.538074] {Default Queue} wp_presentation_feedback#90.sync_output(wl_output#28)
[18:58:33.538076] {Default Queue} wp_presentation_feedback#90.presented(0, 20687, 153812758, 0, 0, 0, 0)
[18:58:33.538891]  -> wl_surface#100.attach(wl_buffer#103, 0, 0)
[18:58:33.538896]  -> wl_surface#100.damage_buffer(0, 0, 1280, 672)
[18:58:33.538897]  -> wl_surface#100.frame(new id wl_callback#90)
[18:58:33.538900] {Default Queue}  -> wp_presentation#20.feedback(wl_surface#100, new id wp_presentation_feedback#106)
[18:58:33.538902]  -> wl_surface#100.commit()
[18:58:33.538980] {Default Queue} wl_buffer#73.release()
[18:58:33.554516] {Display Queue} wl_display#1.delete_id(90)
[18:58:33.554525] {Display Queue} wl_display#1.delete_id(106)
[18:58:33.554526] {Default Queue} wl_callback#90.done(20687170)
[18:58:33.554539] {Default Queue} wp_presentation_feedback#106.sync_output(wl_output#28)
[18:58:33.554541] {Default Queue} wp_presentation_feedback#106.presented(0, 20687, 170276637, 0, 0, 0, 0)
[18:58:33.555330]  -> wl_surface#100.attach(wl_buffer#73, 0, 0)
[18:58:33.555334]  -> wl_surface#100.damage_buffer(0, 0, 1280, 672)
[18:58:33.555336]  -> wl_surface#100.frame(new id wl_callback#106)
[18:58:33.555338] {Default Queue}  -> wp_presentation#20.feedback(wl_surface#100, new id wp_presentation_feedback#90)
[18:58:33.555340]  -> wl_surface#100.commit()
[18:58:33.555408] {Default Queue} wl_buffer#103.release()
[18:58:33.556695] {Default Queue} wl_keyboard#93.key(338, 0, 1, 1)
[18:58:33.558787] {Default Queue} wl_keyboard#93.key(339, 0, 1, 0)
info: event=power-intent reboot=true confirmed=false
[18:58:33.571023] {Display Queue} wl_display#1.delete_id(106)
[18:58:33.571032] {Display Queue} wl_display#1.delete_id(90)
[18:58:33.571033] {Default Queue} wl_callback#106.done(20687186)
[18:58:33.571047] {Default Queue} wp_presentation_feedback#90.sync_output(wl_output#28)
[18:58:33.571049] {Default Queue} wp_presentation_feedback#90.presented(0, 20687, 186775976, 0, 0, 0, 0)
[18:58:33.572145]  -> wl_surface#100.attach(wl_buffer#103, 0, 0)
[18:58:33.572151]  -> wl_surface#100.damage_buffer(0, 0, 1280, 672)
[18:58:33.572154]  -> wl_surface#100.frame(new id wl_callback#90)
[18:58:33.572156] {Default Queue}  -> wp_presentation#20.feedback(wl_surface#100, new id wp_presentation_feedback#106)
[18:58:33.572159]  -> wl_surface#100.commit()
[18:58:33.572239] {Default Queue} wl_buffer#73.release()
[18:58:33.587873] {Display Queue} wl_display#1.delete_id(90)
[18:58:33.587881] {Display Queue} wl_display#1.delete_id(106)
[18:58:33.587883] {Default Queue} wl_callback#90.done(20687203)
[18:58:33.587898] {Default Queue} wp_presentation_feedback#106.sync_output(wl_output#28)
[18:58:33.587900] {Default Queue} wp_presentation_feedback#106.presented(0, 20687, 203296756, 0, 0, 0, 0)
[18:58:33.588752]  -> wl_surface#100.attach(wl_buffer#73, 0, 0)
[18:58:33.588756]  -> wl_surface#100.damage_buffer(0, 0, 1280, 672)
[18:58:33.588758]  -> wl_surface#100.frame(new id wl_callback#106)
[18:58:33.588761] {Default Queue}  -> wp_presentation#20.feedback(wl_surface#100, new id wp_presentation_feedback#90)
[18:58:33.588763]  -> wl_surface#100.commit()
[18:58:33.588832] {Default Queue} wl_buffer#103.release()
[18:58:33.604019] {Display Queue} wl_display#1.delete_id(106)
[18:58:33.604027] {Display Queue} wl_display#1.delete_id(90)
[18:58:33.604029] {Default Queue} wl_callback#106.done(20687219)
[18:58:33.604046] {Default Queue} wp_presentation_feedback#90.sync_output(wl_output#28)
[18:58:33.604047] {Default Queue} wp_presentation_feedback#90.presented(0, 20687, 219780275, 0, 0, 0, 0)
[18:58:33.605064]  -> wl_surface#100.attach(wl_buffer#103, 0, 0)
[18:58:33.605074]  -> wl_surface#100.damage_buffer(0, 0, 1280, 672)
[18:58:33.605076]  -> wl_surface#100.frame(new id wl_callback#90)
[18:58:33.605079] {Default Queue}  -> wp_presentation#20.feedback(wl_surface#100, new id wp_presentation_feedback#106)
[18:58:33.605082]  -> wl_surface#100.commit()
[18:58:33.605160] {Default Queue} wl_buffer#73.release()
[18:58:33.620335] {Display Queue} wl_display#1.delete_id(90)
[18:58:33.620340] {Display Queue} wl_display#1.delete_id(106)
[18:58:33.620342] {Default Queue} wl_callback#90.done(20687236)
[18:58:33.620352] {Default Queue} wp_presentation_feedback#106.sync_output(wl_output#28)
[18:58:33.620353] {Default Queue} wp_presentation_feedback#106.presented(0, 20687, 236113043, 0, 0, 0, 0)
[18:58:33.639350]  -> wl_surface#100.attach(wl_buffer#73, 0, 0)
[18:58:33.639358]  -> wl_surface#100.damage_buffer(0, 0, 1280, 672)
[18:58:33.639361]  -> wl_surface#100.frame(new id wl_callback#106)
[18:58:33.639364] {Default Queue}  -> wp_presentation#20.feedback(wl_surface#100, new id wp_presentation_feedback#90)
[18:58:33.639368]  -> wl_surface#100.commit()
[18:58:33.639892] {Display Queue} wl_display#1.delete_id(106)
[18:58:33.639898] {Display Queue} wl_display#1.delete_id(90)
[18:58:33.639899] {Default Queue} wl_buffer#103.release()
[18:58:33.639900] {Default Queue} wl_callback#106.done(20687255)
[18:58:33.639911] {Default Queue} wp_presentation_feedback#90.sync_output(wl_output#28)
[18:58:33.639913] {Default Queue} wp_presentation_feedback#90.presented(0, 20687, 255663560, 0, 0, 0, 0)
[18:58:33.656982]  -> wl_surface#100.attach(wl_buffer#103, 0, 0)
[18:58:33.656991]  -> wl_surface#100.damage_buffer(0, 0, 1280, 672)
[18:58:33.656993]  -> wl_surface#100.frame(new id wl_callback#90)
[18:58:33.656995] {Default Queue}  -> wp_presentation#20.feedback(wl_surface#100, new id wp_presentation_feedback#106)
[18:58:33.656998]  -> wl_surface#100.commit()
[18:58:33.657486] {Display Queue} wl_display#1.delete_id(90)
[18:58:33.657491] {Display Queue} wl_display#1.delete_id(106)
[18:58:33.657493] {Default Queue} wl_buffer#73.release()
[18:58:33.657494] {Default Queue} wl_callback#90.done(20687273)
[18:58:33.657504] {Default Queue} wp_presentation_feedback#106.sync_output(wl_output#28)
[18:58:33.657506] {Default Queue} wp_presentation_feedback#106.presented(0, 20687, 273261050, 0, 0, 0, 0)
[18:58:33.689534]  -> wl_surface#100.attach(wl_buffer#73, 0, 0)
[18:58:33.689541]  -> wl_surface#100.damage_buffer(0, 0, 1280, 672)
[18:58:33.689544]  -> wl_surface#100.frame(new id wl_callback#106)
[18:58:33.689546] {Default Queue}  -> wp_presentation#20.feedback(wl_surface#100, new id wp_presentation_feedback#90)
[18:58:33.689549]  -> wl_surface#100.commit()
[18:58:33.690023] {Display Queue} wl_display#1.delete_id(106)
[18:58:33.690028] {Display Queue} wl_display#1.delete_id(90)
[18:58:33.690030] {Default Queue} wl_buffer#103.release()
[18:58:33.690031] {Default Queue} wl_callback#106.done(20687305)
[18:58:33.690041] {Default Queue} wp_presentation_feedback#90.sync_output(wl_output#28)
[18:58:33.690042] {Default Queue} wp_presentation_feedback#90.presented(0, 20687, 305797264, 0, 0, 0, 0)
[18:58:33.740256]  -> wl_surface#100.attach(wl_buffer#103, 0, 0)
[18:58:33.740267]  -> wl_surface#100.damage_buffer(0, 0, 1280, 672)
[18:58:33.740270]  -> wl_surface#100.frame(new id wl_callback#90)
[18:58:33.740274] {Default Queue}  -> wp_presentation#20.feedback(wl_surface#100, new id wp_presentation_feedback#106)
[18:58:33.740277]  -> wl_surface#100.commit()
[18:58:33.740860] {Display Queue} wl_display#1.delete_id(90)
[18:58:33.740866] {Display Queue} wl_display#1.delete_id(106)
[18:58:33.740867] {Default Queue} wl_buffer#73.release()
[18:58:33.740870] {Default Queue} wl_callback#90.done(20687356)
[18:58:33.740887] {Default Queue} wp_presentation_feedback#106.sync_output(wl_output#28)
[18:58:33.740889] {Default Queue} wp_presentation_feedback#106.presented(0, 20687, 356630074, 0, 0, 0, 0)
[18:58:33.961082] {Default Queue} wl_keyboard#93.leave(340, wl_surface#100)
[18:58:33.961101] {Default Queue} wl_keyboard#93.leave(341, wl_surface#100)
[18:58:33.961102] {Default Queue} wl_keyboard#93.leave(342, wl_surface#100)
[18:58:33.961103] {Default Queue} wl_seat#3.capabilities(1)
[18:58:33.961105] {Default Queue}  -> wl_keyboard#93.release()
[18:58:33.962373]  -> wl_surface#100.attach(wl_buffer#73, 0, 0)
[18:58:33.962379]  -> wl_surface#100.damage_buffer(0, 0, 1280, 672)
[18:58:33.962381]  -> wl_surface#100.frame(new id wl_callback#106)
[18:58:33.962383] {Default Queue}  -> wp_presentation#20.feedback(wl_surface#100, new id wp_presentation_feedback#90)
[18:58:33.962386]  -> wl_surface#100.commit()
[18:58:33.962898]  -> wl_surface#48.attach(wl_buffer#75, 0, 0)
[18:58:33.962902]  -> wl_surface#48.damage_buffer(0, 0, 1280, 48)
[18:58:33.962904]  -> wl_surface#48.frame(new id wl_callback#95)
[18:58:33.962905] {Default Queue}  -> wp_presentation#20.feedback(wl_surface#48, new id wp_presentation_feedback#99)
[18:58:33.962907]  -> wl_surface#48.commit()
[18:58:33.963128]  -> wl_surface#59.attach(wl_buffer#92, 0, 0)
[18:58:33.963131]  -> wl_surface#59.damage_buffer(0, 0, 1280, 48)
[18:58:33.963132]  -> wl_surface#59.frame(new id wl_callback#94)
[18:58:33.963134] {Default Queue}  -> wp_presentation#20.feedback(wl_surface#59, new id wp_presentation_feedback#89)
[18:58:33.963135]  -> wl_surface#59.commit()
[18:58:33.963362] {Display Queue} wl_display#1.delete_id(93)
[18:58:33.963370] {Display Queue} wl_display#1.delete_id(94)
[18:58:33.963371] {Display Queue} wl_display#1.delete_id(89)
[18:58:33.963372] {Default Queue} wl_buffer#103.release()
[18:58:33.963373] {Default Queue} wl_buffer#77.release()
[18:58:33.963374] {Default Queue} wl_buffer#85.release()
[18:58:33.963375] {Default Queue} wl_callback#94.done(20687579)
[18:58:33.963388] {Default Queue} wp_presentation_feedback#89.sync_output(wl_output#31)
[18:58:33.963390] {Default Queue} wp_presentation_feedback#89.presented(0, 20687, 579129860, 0, 0, 0, 0)
[18:58:33.979985] {Display Queue} wl_display#1.delete_id(95)
[18:58:33.979990] {Display Queue} wl_display#1.delete_id(106)
[18:58:33.979991] {Display Queue} wl_display#1.delete_id(99)
[18:58:33.979991] {Display Queue} wl_display#1.delete_id(90)
[18:58:33.979992] {Default Queue} wl_callback#95.done(20687595)
[18:58:33.980002] {Default Queue} wl_callback#106.done(20687595)
[18:58:33.980004] {Default Queue} wp_presentation_feedback#99.sync_output(wl_output#28)
[18:58:33.980005] {Default Queue} wp_presentation_feedback#99.presented(0, 20687, 595755230, 0, 0, 0, 0)
[18:58:33.980007] {Default Queue} wp_presentation_feedback#90.sync_output(wl_output#28)
[18:58:33.980008] {Default Queue} wp_presentation_feedback#90.presented(0, 20687, 595755230, 0, 0, 0, 0)
[18:58:34.017648] {Default Queue} wl_seat#3.capabilities(3)
[18:58:34.017661] {Default Queue}  -> wl_seat#3.get_keyboard(new id wl_keyboard#90)
[18:58:34.017851] {Default Queue} wl_keyboard#90.keymap(1, fd 16, 1434)
[18:58:34.017926] {Default Queue} wl_keyboard#90.repeat_info(40, 400)
[18:58:34.017928] {Default Queue} wl_keyboard#90.enter(344, wl_surface#100, array[0])
[18:58:34.017934] {Default Queue} wl_keyboard#90.modifiers(345, 0, 0, 0, 0)
[18:58:34.018930]  -> wl_surface#100.attach(wl_buffer#103, 0, 0)
[18:58:34.018934]  -> wl_surface#100.damage_buffer(0, 0, 1280, 672)
[18:58:34.018935]  -> wl_surface#100.frame(new id wl_callback#99)
[18:58:34.018937] {Default Queue}  -> wp_presentation#20.feedback(wl_surface#100, new id wp_presentation_feedback#106)
[18:58:34.018939]  -> wl_surface#100.commit()
[18:58:34.019200]  -> wl_surface#48.attach(wl_buffer#77, 0, 0)
[18:58:34.019202]  -> wl_surface#48.damage_buffer(0, 0, 1280, 48)
[18:58:34.019203]  -> wl_surface#48.frame(new id wl_callback#95)
[18:58:34.019204] {Default Queue}  -> wp_presentation#20.feedback(wl_surface#48, new id wp_presentation_feedback#89)
[18:58:34.019205]  -> wl_surface#48.commit()
[18:58:34.019357]  -> wl_surface#59.attach(wl_buffer#85, 0, 0)
[18:58:34.019358]  -> wl_surface#59.damage_buffer(0, 0, 1280, 48)
[18:58:34.019359]  -> wl_surface#59.frame(new id wl_callback#94)
[18:58:34.019360] {Default Queue}  -> wp_presentation#20.feedback(wl_surface#59, new id wp_presentation_feedback#93)
[18:58:34.019361]  -> wl_surface#59.commit()
[18:58:34.019408] {Display Queue} wl_display#1.delete_id(99)
[18:58:34.019410] {Display Queue} wl_display#1.delete_id(106)
[18:58:34.019411] {Default Queue} wl_buffer#73.release()
[18:58:34.019412] {Default Queue} wl_callback#99.done(20687635)
[18:58:34.019417] {Default Queue} wp_presentation_feedback#106.sync_output(wl_output#28)
[18:58:34.019418] {Default Queue} wp_presentation_feedback#106.presented(0, 20687, 635190888, 0, 0, 0, 0)
[18:58:34.019446] {Display Queue} wl_display#1.delete_id(94)
[18:58:34.019447] {Display Queue} wl_display#1.delete_id(93)
[18:58:34.019447] {Default Queue} wl_buffer#75.release()
[18:58:34.019448] {Default Queue} wl_buffer#92.release()
[18:58:34.019449] {Default Queue} wl_callback#94.done(20687635)
[18:58:34.019450] {Default Queue} wp_presentation_feedback#93.sync_output(wl_output#31)
[18:58:34.019450] {Default Queue} wp_presentation_feedback#93.presented(0, 20687, 635235558, 0, 0, 0, 0)
[18:58:34.035504] {Display Queue} wl_display#1.delete_id(95)
[18:58:34.035512] {Display Queue} wl_display#1.delete_id(89)
[18:58:34.035514] {Default Queue} wl_callback#95.done(20687651)
[18:58:34.035527] {Default Queue} wp_presentation_feedback#89.sync_output(wl_output#28)
[18:58:34.035528] {Default Queue} wp_presentation_feedback#89.presented(0, 20687, 651265713, 0, 0, 0, 0)
[18:58:34.117778] {Default Queue} wl_keyboard#90.key(346, 0, 1, 1)
[18:58:34.120025] {Default Queue} wl_keyboard#90.key(347, 0, 1, 0)
info: event=power-intent reboot=true confirmed=true
[18:58:34.136458]  -> wl_surface#100.attach(wl_buffer#73, 0, 0)
[18:58:34.136468]  -> wl_surface#100.damage_buffer(0, 0, 1280, 672)
[18:58:34.136470]  -> wl_surface#100.frame(new id wl_callback#89)
[18:58:34.136474] {Default Queue}  -> wp_presentation#20.feedback(wl_surface#100, new id wp_presentation_feedback#95)
[18:58:34.136477]  -> wl_surface#100.commit()
info: event=services-focus target=other
[18:58:34.136997] {Display Queue} wl_display#1.delete_id(89)
[18:58:34.137003] {Display Queue} wl_display#1.delete_id(95)
[18:58:34.137004] {Default Queue} wl_buffer#103.release()
[18:58:34.137005] {Default Queue} wl_callback#89.done(20687752)
[18:58:34.137015] {Default Queue} wp_presentation_feedback#95.sync_output(wl_output#28)
[18:58:34.137016] {Default Queue} wp_presentation_feedback#95.presented(0, 20687, 752771953, 0, 0, 0, 0)
[18:58:34.137792]  -> wl_surface#100.attach(wl_buffer#103, 0, 0)
[18:58:34.137795]  -> wl_surface#100.damage_buffer(0, 0, 1280, 672)
[18:58:34.137796]  -> wl_surface#100.frame(new id wl_callback#95)
[18:58:34.137798] {Default Queue}  -> wp_presentation#20.feedback(wl_surface#100, new id wp_presentation_feedback#89)
[18:58:34.137799]  -> wl_surface#100.commit()
[18:58:34.137853] {Default Queue} wl_buffer#73.release()
[18:58:34.153429] {Display Queue} wl_display#1.delete_id(95)
[18:58:34.153438] {Display Queue} wl_display#1.delete_id(89)
[18:58:34.153439] {Default Queue} wl_callback#95.done(20687769)
[18:58:34.153454] {Default Queue} wp_presentation_feedback#89.sync_output(wl_output#28)
[18:58:34.153455] {Default Queue} wp_presentation_feedback#89.presented(0, 20687, 769189591, 0, 0, 0, 0)
[18:58:34.154394]  -> wl_surface#100.attach(wl_buffer#73, 0, 0)
[18:58:34.154398]  -> wl_surface#100.damage_buffer(0, 0, 1280, 672)
[18:58:34.154400]  -> wl_surface#100.frame(new id wl_callback#89)
[18:58:34.154403] {Default Queue}  -> wp_presentation#20.feedback(wl_surface#100, new id wp_presentation_feedback#95)
[18:58:34.154405]  -> wl_surface#100.commit()
[18:58:34.154484] {Default Queue} wl_buffer#103.release()
[18:58:34.169863] {Display Queue} wl_display#1.delete_id(89)
[18:58:34.169871] {Display Queue} wl_display#1.delete_id(95)
[18:58:34.169872] {Default Queue} wl_callback#89.done(20687785)
[18:58:34.169888] {Default Queue} wp_presentation_feedback#95.sync_output(wl_output#28)
[18:58:34.169889] {Default Queue} wp_presentation_feedback#95.presented(0, 20687, 785623350, 0, 0, 0, 0)
[18:58:34.170761]  -> wl_surface#100.attach(wl_buffer#103, 0, 0)
[18:58:34.170765]  -> wl_surface#100.damage_buffer(0, 0, 1280, 672)
[18:58:34.170767]  -> wl_surface#100.frame(new id wl_callback#95)
[18:58:34.170769] {Default Queue}  -> wp_presentation#20.feedback(wl_surface#100, new id wp_presentation_feedback#89)
[18:58:34.170771]  -> wl_surface#100.commit()
[18:58:34.170827] {Default Queue} wl_buffer#73.release()
[18:58:34.186353] {Display Queue} wl_display#1.delete_id(95)
[18:58:34.186362] {Display Queue} wl_display#1.delete_id(89)
[18:58:34.186363] {Default Queue} wl_callback#95.done(20687802)
[18:58:34.186378] {Default Queue} wp_presentation_feedback#89.sync_output(wl_output#28)
[18:58:34.186381] {Default Queue} wp_presentation_feedback#89.presented(0, 20687, 802111249, 0, 0, 0, 0)
[18:58:34.187283]  -> wl_surface#100.attach(wl_buffer#73, 0, 0)
[18:58:34.187287]  -> wl_surface#100.damage_buffer(0, 0, 1280, 672)
[18:58:34.187289]  -> wl_surface#100.frame(new id wl_callback#89)
[18:58:34.187291] {Default Queue}  -> wp_presentation#20.feedback(wl_surface#100, new id wp_presentation_feedback#95)
[18:58:34.187293]  -> wl_surface#100.commit()
[18:58:34.187357] {Default Queue} wl_buffer#103.release()
[18:58:34.202795] {Display Queue} wl_display#1.delete_id(89)
[18:58:34.202803] {Display Queue} wl_display#1.delete_id(95)
[18:58:34.202805] {Default Queue} wl_callback#89.done(20687818)
[18:58:34.202820] {Default Queue} wp_presentation_feedback#95.sync_output(wl_output#28)
[18:58:34.202821] {Default Queue} wp_presentation_feedback#95.presented(0, 20687, 818554779, 0, 0, 0, 0)
[18:58:34.203707]  -> wl_surface#100.attach(wl_buffer#103, 0, 0)
[18:58:34.203710]  -> wl_surface#100.damage_buffer(0, 0, 1280, 672)
[18:58:34.203712]  -> wl_surface#100.frame(new id wl_callback#95)
[18:58:34.203714] {Default Queue}  -> wp_presentation#20.feedback(wl_surface#100, new id wp_presentation_feedback#89)
[18:58:34.203716]  -> wl_surface#100.commit()
[18:58:34.203776] {Default Queue} wl_buffer#73.release()
[18:58:34.219276] {Display Queue} wl_display#1.delete_id(95)
[18:58:34.219285] {Display Queue} wl_display#1.delete_id(89)
[18:58:34.219286] {Default Queue} wl_callback#95.done(20687835)
[18:58:34.219301] {Default Queue} wp_presentation_feedback#89.sync_output(wl_output#28)
[18:58:34.219303] {Default Queue} wp_presentation_feedback#89.presented(0, 20687, 835020498, 0, 0, 0, 0)
[18:58:34.220221]  -> wl_surface#100.attach(wl_buffer#73, 0, 0)
[18:58:34.220225]  -> wl_surface#100.damage_buffer(0, 0, 1280, 672)
[18:58:34.220227]  -> wl_surface#100.frame(new id wl_callback#89)
[18:58:34.220229] {Default Queue}  -> wp_presentation#20.feedback(wl_surface#100, new id wp_presentation_feedback#95)
[18:58:34.220231]  -> wl_surface#100.commit()
[18:58:34.220305] {Default Queue} wl_buffer#103.release()
[18:58:34.235681] {Display Queue} wl_display#1.delete_id(89)
[18:58:34.235689] {Display Queue} wl_display#1.delete_id(95)
[18:58:34.235690] {Default Queue} wl_callback#89.done(20687851)
[18:58:34.235703] {Default Queue} wp_presentation_feedback#95.sync_output(wl_output#28)
[18:58:34.235705] {Default Queue} wp_presentation_feedback#95.presented(0, 20687, 851441636, 0, 0, 0, 0)
[18:58:34.236634]  -> wl_surface#100.attach(wl_buffer#103, 0, 0)
[18:58:34.236638]  -> wl_surface#100.damage_buffer(0, 0, 1280, 672)
[18:58:34.236640]  -> wl_surface#100.frame(new id wl_callback#95)
[18:58:34.236642] {Default Queue}  -> wp_presentation#20.feedback(wl_surface#100, new id wp_presentation_feedback#89)
[18:58:34.236644]  -> wl_surface#100.commit()
[18:58:34.236707] {Default Queue} wl_buffer#73.release()
[18:58:34.252104] {Display Queue} wl_display#1.delete_id(95)
[18:58:34.252112] {Display Queue} wl_display#1.delete_id(89)
[18:58:34.252113] {Default Queue} wl_callback#95.done(20687867)
[18:58:34.252127] {Default Queue} wp_presentation_feedback#89.sync_output(wl_output#28)
[18:58:34.252129] {Default Queue} wp_presentation_feedback#89.presented(0, 20687, 867864435, 0, 0, 0, 0)
[18:58:34.253024]  -> wl_surface#100.attach(wl_buffer#73, 0, 0)
[18:58:34.253028]  -> wl_surface#100.damage_buffer(0, 0, 1280, 672)
[18:58:34.253030]  -> wl_surface#100.frame(new id wl_callback#89)
[18:58:34.253032] {Default Queue}  -> wp_presentation#20.feedback(wl_surface#100, new id wp_presentation_feedback#95)
[18:58:34.253034]  -> wl_surface#100.commit()
[18:58:34.253108] {Default Queue} wl_buffer#103.release()
[18:58:34.268609] {Display Queue} wl_display#1.delete_id(89)
[18:58:34.268618] {Display Queue} wl_display#1.delete_id(95)
[18:58:34.268619] {Default Queue} wl_callback#89.done(20687884)
[18:58:34.268635] {Default Queue} wp_presentation_feedback#95.sync_output(wl_output#28)
[18:58:34.268636] {Default Queue} wp_presentation_feedback#95.presented(0, 20687, 884363425, 0, 0, 0, 0)
[18:58:34.269526]  -> wl_surface#100.attach(wl_buffer#103, 0, 0)
[18:58:34.269530]  -> wl_surface#100.damage_buffer(0, 0, 1280, 672)
[18:58:34.269532]  -> wl_surface#100.frame(new id wl_callback#95)
[18:58:34.269534] {Default Queue}  -> wp_presentation#20.feedback(wl_surface#100, new id wp_presentation_feedback#89)
[18:58:34.269536]  -> wl_surface#100.commit()
[18:58:34.269593] {Default Queue} wl_buffer#73.release()
[18:58:34.285033] {Display Queue} wl_display#1.delete_id(95)
[18:58:34.285042] {Display Queue} wl_display#1.delete_id(89)
[18:58:34.285044] {Default Queue} wl_callback#95.done(20687900)
[18:58:34.285058] {Default Queue} wp_presentation_feedback#89.sync_output(wl_output#28)
[18:58:34.285059] {Default Queue} wp_presentation_feedback#89.presented(0, 20687, 900793583, 0, 0, 0, 0)
[18:58:34.285964]  -> wl_surface#100.attach(wl_buffer#73, 0, 0)
[18:58:34.285969]  -> wl_surface#100.damage_buffer(0, 0, 1280, 672)
[18:58:34.285970]  -> wl_surface#100.frame(new id wl_callback#89)
[18:58:34.285973] {Default Queue}  -> wp_presentation#20.feedback(wl_surface#100, new id wp_presentation_feedback#95)
[18:58:34.285974]  -> wl_surface#100.commit()
[18:58:34.286039] {Default Queue} wl_buffer#103.release()
[18:58:34.301563] {Display Queue} wl_display#1.delete_id(89)
[18:58:34.301571] {Display Queue} wl_display#1.delete_id(95)
[18:58:34.301572] {Default Queue} wl_callback#89.done(20687917)
[18:58:34.301585] {Default Queue} wp_presentation_feedback#95.sync_output(wl_output#28)
[18:58:34.301587] {Default Queue} wp_presentation_feedback#95.presented(0, 20687, 917312323, 0, 0, 0, 0)
[18:58:34.319988]  -> wl_surface#100.attach(wl_buffer#103, 0, 0)
[18:58:34.319997]  -> wl_surface#100.damage_buffer(0, 0, 1280, 672)
[18:58:34.319999]  -> wl_surface#100.frame(new id wl_callback#95)
[18:58:34.320002] {Default Queue}  -> wp_presentation#20.feedback(wl_surface#100, new id wp_presentation_feedback#89)
[18:58:34.320005]  -> wl_surface#100.commit()
[18:58:34.320512] {Display Queue} wl_display#1.delete_id(95)
[18:58:34.320517] {Display Queue} wl_display#1.delete_id(89)
[18:58:34.320518] {Default Queue} wl_buffer#73.release()
[18:58:34.320520] {Default Queue} wl_callback#95.done(20687936)
[18:58:34.320529] {Default Queue} wp_presentation_feedback#89.sync_output(wl_output#28)
[18:58:34.320531] {Default Queue} wp_presentation_feedback#89.presented(0, 20687, 936286335, 0, 0, 0, 0)
[18:58:34.321364]  -> wl_surface#100.attach(wl_buffer#73, 0, 0)
[18:58:34.321370]  -> wl_surface#100.damage_buffer(0, 0, 1280, 672)
[18:58:34.321372]  -> wl_surface#100.frame(new id wl_callback#89)
[18:58:34.321374] {Default Queue}  -> wp_presentation#20.feedback(wl_surface#100, new id wp_presentation_feedback#95)
[18:58:34.321377]  -> wl_surface#100.commit()
[18:58:34.321443] {Default Queue} wl_buffer#103.release()
[18:58:34.336960] {Display Queue} wl_display#1.delete_id(89)
[18:58:34.336968] {Display Queue} wl_display#1.delete_id(95)
[18:58:34.336970] {Default Queue} wl_callback#89.done(20687952)
[18:58:34.336986] {Default Queue} wp_presentation_feedback#95.sync_output(wl_output#28)
[18:58:34.336988] {Default Queue} wp_presentation_feedback#95.presented(0, 20687, 952720634, 0, 0, 0, 0)
[18:58:34.337949]  -> wl_surface#100.attach(wl_buffer#103, 0, 0)
[18:58:34.337957]  -> wl_surface#100.damage_buffer(0, 0, 1280, 672)
[18:58:34.337960]  -> wl_surface#100.frame(new id wl_callback#95)
[18:58:34.337962] {Default Queue}  -> wp_presentation#20.feedback(wl_surface#100, new id wp_presentation_feedback#89)
[18:58:34.337972]  -> wl_surface#100.commit()
[18:58:34.338050] {Default Queue} wl_buffer#73.release()
[18:58:34.353387] {Display Queue} wl_display#1.delete_id(95)
[18:58:34.353396] {Display Queue} wl_display#1.delete_id(89)
[18:58:34.353397] {Default Queue} wl_callback#95.done(20687969)
[18:58:34.353413] {Default Queue} wp_presentation_feedback#89.sync_output(wl_output#28)
[18:58:34.353414] {Default Queue} wp_presentation_feedback#89.presented(0, 20687, 969146843, 0, 0, 0, 0)
[18:58:34.354247]  -> wl_surface#100.attach(wl_buffer#73, 0, 0)
[18:58:34.354252]  -> wl_surface#100.damage_buffer(0, 0, 1280, 672)
[18:58:34.354253]  -> wl_surface#100.frame(new id wl_callback#89)
[18:58:34.354256] {Default Queue}  -> wp_presentation#20.feedback(wl_surface#100, new id wp_presentation_feedback#95)
[18:58:34.354258]  -> wl_surface#100.commit()
[18:58:34.354350] {Default Queue} wl_buffer#103.release()
[18:58:34.369799] {Display Queue} wl_display#1.delete_id(89)
[18:58:34.369808] {Display Queue} wl_display#1.delete_id(95)
[18:58:34.369809] {Default Queue} wl_callback#89.done(20687985)
[18:58:34.369822] {Default Queue} wp_presentation_feedback#95.sync_output(wl_output#28)
[18:58:34.369823] {Default Queue} wp_presentation_feedback#95.presented(0, 20687, 985561471, 0, 0, 0, 0)
[18:58:34.370661]  -> wl_surface#100.attach(wl_buffer#103, 0, 0)
[18:58:34.370665]  -> wl_surface#100.damage_buffer(0, 0, 1280, 672)
[18:58:34.370667]  -> wl_surface#100.frame(new id wl_callback#95)
[18:58:34.370669] {Default Queue}  -> wp_presentation#20.feedback(wl_surface#100, new id wp_presentation_feedback#89)
[18:58:34.370671]  -> wl_surface#100.commit()
[18:58:34.370730] {Default Queue} wl_buffer#73.release()
[18:58:34.382088] {Default Queue}  -> wl_compositor#4.create_surface(new id wl_surface#93)
[18:58:34.382096] {Default Queue}  -> wp_fractional_scale_manager_v1#11.get_fractional_scale(new id wp_fractional_scale_v1#94, wl_surface#93)
[18:58:34.382100] {Default Queue}  -> wp_viewporter#10.get_viewport(new id wp_viewport#106, wl_surface#93)
[18:58:34.382129] {Default Queue}  -> xdg_toplevel_icon_manager_v1#9.create_icon(new id xdg_toplevel_icon_v1#99)
[18:58:34.382144] {Default Queue}  -> zwlr_layer_shell_v1#45.get_layer_surface(new id zwlr_layer_surface_v1#87, wl_surface#93, wl_output#28, 3, "pearl:osd")
[18:58:34.382147] {Default Queue}  -> zwlr_layer_surface_v1#87.set_keyboard_interactivity(0)
[18:58:34.382148] {Default Queue}  -> zwlr_layer_surface_v1#87.set_exclusive_zone(0)
[18:58:34.382148] {Default Queue}  -> zwlr_layer_surface_v1#87.set_anchor(2)
[18:58:34.382149] {Default Queue}  -> zwlr_layer_surface_v1#87.set_margin(0, 0, 24, 0)
[18:58:34.382150] {Default Queue}  -> zwlr_layer_surface_v1#87.set_size(200, 200)
[18:58:34.382155]  -> wl_surface#93.commit()
[18:58:34.382186] {Default Queue}  -> xdg_activation_v1#15.get_activation_token(new id xdg_activation_token_v1#72)
[18:58:34.382188]  -> xdg_activation_token_v1#72.set_serial(347, wl_seat#3)
[18:58:34.382190]  -> xdg_activation_token_v1#72.set_surface(wl_surface#100)
[18:58:34.382191]  -> xdg_activation_token_v1#72.commit()
[18:58:34.382412] xdg_activation_token_v1#72.done("ed7e4dfdfb1d0ea00f97500a1591036f")
[18:58:34.382419]  -> xdg_activation_token_v1#72.destroy()
[18:58:34.382420] {Default Queue}  -> xdg_activation_v1#15.activate("ed7e4dfdfb1d0ea00f97500a1591036f", wl_surface#93)
[18:58:34.382437] {Default Queue} zwlr_layer_surface_v1#58.configure(348, 1280, 48)
[18:58:34.382456] {Default Queue}  -> zwlr_layer_surface_v1#58.ack_configure(348)
[18:58:34.382458] {Default Queue} zwlr_layer_surface_v1#53.configure(349, 1280, 720)
[18:58:34.382460] {Default Queue}  -> zwlr_layer_surface_v1#53.ack_configure(349)
[18:58:34.382461] {Default Queue} zwlr_layer_surface_v1#109.configure(350, 1280, 672)
[18:58:34.382463] {Default Queue}  -> zwlr_layer_surface_v1#109.ack_configure(350)
[18:58:34.382463] {Default Queue} zwlr_layer_surface_v1#87.configure(351, 200, 200)
[18:58:34.382732] {Default Queue}  -> zwlr_layer_surface_v1#87.ack_configure(351)
[18:58:34.382750]  -> wl_surface#48.commit()
[18:58:34.382758]  -> wl_surface#49.commit()
[18:58:34.383553] {Default Queue}  -> wl_shm#5.create_pool(new id wl_shm_pool#104, fd 17, 92160)
[18:58:34.383561] {Default Queue}  -> wl_shm_pool#104.create_buffer(new id wl_buffer#98, 0, 320, 72, 1280, 0)
[18:58:34.383676] {Default Queue}  -> zwlr_layer_surface_v1#87.set_size(320, 72)
[18:58:34.383680] {Default Queue}  -> wl_compositor#4.create_region(new id wl_region#107)
[18:58:34.383681] {Default Queue}  -> wl_region#107.add(14, 0, 292, 72)
[18:58:34.383683]  -> wl_surface#93.set_opaque_region(wl_region#107)
[18:58:34.383683] {Default Queue}  -> wl_region#107.destroy()
[18:58:34.383684] {Default Queue}  -> wl_compositor#4.create_region(new id wl_region#105)
[18:58:34.383685]  -> wl_surface#93.set_input_region(wl_region#105)
[18:58:34.383686] {Default Queue}  -> wl_region#105.destroy()
[18:58:34.383687] {Default Queue}  -> wp_viewport#106.set_destination(320, 72)
[18:58:34.383688]  -> wl_surface#93.attach(wl_buffer#98, 0, 0)
[18:58:34.383689]  -> wl_surface#93.damage_buffer(0, 0, 320, 72)
[18:58:34.383690]  -> wl_surface#93.frame(new id wl_callback#108)
[18:58:34.383692] {Default Queue}  -> wp_presentation#20.feedback(wl_surface#93, new id wp_presentation_feedback#110)
[18:58:34.383694]  -> wl_surface#93.commit()
[18:58:34.383875] {Display Queue} wl_display#1.delete_id(72)
[18:58:34.383878] {Display Queue} wl_display#1.delete_id(107)
[18:58:34.383879] {Display Queue} wl_display#1.delete_id(105)
[18:58:34.383880] {Default Queue} zwlr_layer_surface_v1#58.configure(352, 1280, 48)
[18:58:34.383885] {Default Queue}  -> zwlr_layer_surface_v1#58.ack_configure(352)
[18:58:34.383886] {Default Queue} zwlr_layer_surface_v1#53.configure(353, 1280, 720)
[18:58:34.383888] {Default Queue}  -> zwlr_layer_surface_v1#53.ack_configure(353)
[18:58:34.383889] {Default Queue} zwlr_layer_surface_v1#109.configure(354, 1280, 672)
[18:58:34.383890] {Default Queue}  -> zwlr_layer_surface_v1#109.ack_configure(354)
[18:58:34.383890] {Default Queue} zwlr_layer_surface_v1#87.configure(355, 320, 72)
[18:58:34.383892] {Default Queue}  -> zwlr_layer_surface_v1#87.ack_configure(355)
[18:58:34.383893] {Default Queue} wp_fractional_scale_v1#94.preferred_scale(120)
[18:58:34.383893] {Default Queue} zwlr_layer_surface_v1#58.configure(356, 1280, 48)
[18:58:34.383894] {Default Queue}  -> zwlr_layer_surface_v1#58.ack_configure(356)
[18:58:34.383895] {Default Queue} zwlr_layer_surface_v1#53.configure(357, 1280, 720)
[18:58:34.383895] {Default Queue}  -> zwlr_layer_surface_v1#53.ack_configure(357)
[18:58:34.383896] {Default Queue} zwlr_layer_surface_v1#109.configure(358, 1280, 672)
[18:58:34.383896] {Default Queue}  -> zwlr_layer_surface_v1#109.ack_configure(358)
[18:58:34.383897] {Default Queue} zwlr_layer_surface_v1#87.configure(359, 320, 72)
[18:58:34.383898] {Default Queue}  -> zwlr_layer_surface_v1#87.ack_configure(359)
[18:58:34.383898] wl_surface#93.enter(wl_output#28)
[18:58:34.383906] wl_surface#93.preferred_buffer_scale(1)
[18:58:34.386267] {Display Queue} wl_display#1.delete_id(95)
[18:58:34.386270] {Display Queue} wl_display#1.delete_id(108)
[18:58:34.386271] {Display Queue} wl_display#1.delete_id(89)
[18:58:34.386271] {Display Queue} wl_display#1.delete_id(110)
[18:58:34.386272] {Default Queue} wl_callback#95.done(20688002)
[18:58:34.386277] {Default Queue} wl_callback#108.done(20688002)
[18:58:34.386278] {Default Queue} wp_presentation_feedback#89.sync_output(wl_output#28)
[18:58:34.386279] {Default Queue} wp_presentation_feedback#89.presented(0, 20688, 2042821, 0, 0, 0, 0)
[18:58:34.386281] {Default Queue} wp_presentation_feedback#110.sync_output(wl_output#28)
[18:58:34.386282] {Default Queue} wp_presentation_feedback#110.presented(0, 20688, 2042821, 0, 0, 0, 0)
[18:58:34.387098]  -> wl_surface#100.attach(wl_buffer#73, 0, 0)
[18:58:34.387101]  -> wl_surface#100.damage_buffer(0, 0, 1280, 672)
[18:58:34.387102]  -> wl_surface#100.frame(new id wl_callback#110)
[18:58:34.387104] {Default Queue}  -> wp_presentation#20.feedback(wl_surface#100, new id wp_presentation_feedback#89)
[18:58:34.387105]  -> wl_surface#100.commit()
[18:58:34.387148] {Default Queue}  -> wl_shm#5.create_pool(new id wl_shm_pool#108, fd 17, 92160)
[18:58:34.387151] {Default Queue}  -> wl_shm_pool#108.create_buffer(new id wl_buffer#95, 0, 320, 72, 1280, 0)
[18:58:34.387202]  -> wl_surface#93.attach(wl_buffer#95, 0, 0)
[18:58:34.387203]  -> wl_surface#93.damage_buffer(0, 0, 320, 72)
[18:58:34.387204]  -> wl_surface#93.frame(new id wl_callback#105)
[18:58:34.387205] {Default Queue}  -> wp_presentation#20.feedback(wl_surface#93, new id wp_presentation_feedback#107)
[18:58:34.387211]  -> wl_surface#93.commit()
[18:58:34.387275] {Default Queue} wl_buffer#103.release()
[18:58:34.387276] {Default Queue} wl_buffer#98.release()
[18:58:34.392968]  -> wl_surface#49.commit()
[18:58:34.401968]  -> wl_surface#48.commit()
[18:58:34.402736] {Display Queue} wl_display#1.delete_id(110)
[18:58:34.402742] {Display Queue} wl_display#1.delete_id(105)
[18:58:34.402743] {Display Queue} wl_display#1.delete_id(89)
[18:58:34.402743] {Display Queue} wl_display#1.delete_id(107)
[18:58:34.402744] {Default Queue} wl_callback#110.done(20688018)
[18:58:34.402754] {Default Queue} wl_callback#105.done(20688018)
[18:58:34.402755] {Default Queue} wp_presentation_feedback#89.sync_output(wl_output#28)
[18:58:34.402757] {Default Queue} wp_presentation_feedback#89.presented(0, 20688, 18506310, 0, 0, 0, 0)
[18:58:34.402759] {Default Queue} wp_presentation_feedback#107.sync_output(wl_output#28)
[18:58:34.402760] {Default Queue} wp_presentation_feedback#107.presented(0, 20688, 18506310, 0, 0, 0, 0)
[18:58:34.403640]  -> wl_surface#100.attach(wl_buffer#103, 0, 0)
[18:58:34.403645]  -> wl_surface#100.damage_buffer(0, 0, 1280, 672)
[18:58:34.403647]  -> wl_surface#100.frame(new id wl_callback#107)
[18:58:34.403650] {Default Queue}  -> wp_presentation#20.feedback(wl_surface#100, new id wp_presentation_feedback#89)
[18:58:34.403651]  -> wl_surface#100.commit()
[18:58:34.403717] {Default Queue} wl_buffer#73.release()
[18:58:34.419290] {Display Queue} wl_display#1.delete_id(107)
[18:58:34.419297] {Display Queue} wl_display#1.delete_id(89)
[18:58:34.419299] {Default Queue} wl_callback#107.done(20688035)
[18:58:34.419312] {Default Queue} wp_presentation_feedback#89.sync_output(wl_output#28)
[18:58:34.419314] {Default Queue} wp_presentation_feedback#89.presented(0, 20688, 35057260, 0, 0, 0, 0)
[18:58:34.420098]  -> wl_surface#100.attach(wl_buffer#73, 0, 0)
[18:58:34.420102]  -> wl_surface#100.damage_buffer(0, 0, 1280, 672)
[18:58:34.420104]  -> wl_surface#100.frame(new id wl_callback#89)
[18:58:34.420107] {Default Queue}  -> wp_presentation#20.feedback(wl_surface#100, new id wp_presentation_feedback#107)
[18:58:34.420109]  -> wl_surface#100.commit()
[18:58:34.420167] {Default Queue} wl_buffer#103.release()
[18:58:34.435694] {Display Queue} wl_display#1.delete_id(89)
[18:58:34.435699] {Display Queue} wl_display#1.delete_id(107)
[18:58:34.435700] {Default Queue} wl_callback#89.done(20688051)
[18:58:34.435708] {Default Queue} wp_presentation_feedback#107.sync_output(wl_output#28)
[18:58:34.435710] {Default Queue} wp_presentation_feedback#107.presented(0, 20688, 51471908, 0, 0, 0, 0)
[18:58:34.436598]  -> wl_surface#100.attach(wl_buffer#103, 0, 0)
[18:58:34.436607]  -> wl_surface#100.damage_buffer(0, 0, 1280, 672)
[18:58:34.436610]  -> wl_surface#100.frame(new id wl_callback#107)
[18:58:34.436613] {Default Queue}  -> wp_presentation#20.feedback(wl_surface#100, new id wp_presentation_feedback#89)
[18:58:34.436617]  -> wl_surface#100.commit()
[18:58:34.436710] {Default Queue} wl_buffer#73.release()
[18:58:34.452086] {Display Queue} wl_display#1.delete_id(107)
[18:58:34.452092] {Display Queue} wl_display#1.delete_id(89)
[18:58:34.452093] {Default Queue} wl_callback#107.done(20688067)
[18:58:34.452100] {Default Queue} wp_presentation_feedback#89.sync_output(wl_output#28)
[18:58:34.452102] {Default Queue} wp_presentation_feedback#89.presented(0, 20688, 67861657, 0, 0, 0, 0)
[18:58:34.452711]  -> wl_surface#100.attach(wl_buffer#73, 0, 0)
[18:58:34.452714]  -> wl_surface#100.damage_buffer(0, 0, 1280, 672)
[18:58:34.452716]  -> wl_surface#100.frame(new id wl_callback#89)
[18:58:34.452717] {Default Queue}  -> wp_presentation#20.feedback(wl_surface#100, new id wp_presentation_feedback#107)
[18:58:34.452719]  -> wl_surface#100.commit()
[18:58:34.452765] {Default Queue} wl_buffer#103.release()
[18:58:34.468765] {Display Queue} wl_display#1.delete_id(89)
[18:58:34.468773] {Display Queue} wl_display#1.delete_id(107)
[18:58:34.468775] {Default Queue} wl_callback#89.done(20688084)
[18:58:34.468788] {Default Queue} wp_presentation_feedback#107.sync_output(wl_output#28)
[18:58:34.468790] {Default Queue} wp_presentation_feedback#107.presented(0, 20688, 84524288, 0, 0, 0, 0)
[18:58:34.469836]  -> wl_surface#100.attach(wl_buffer#103, 0, 0)
[18:58:34.469843]  -> wl_surface#100.damage_buffer(0, 0, 1280, 672)
[18:58:34.469846]  -> wl_surface#100.frame(new id wl_callback#107)
[18:58:34.469848] {Default Queue}  -> wp_presentation#20.feedback(wl_surface#100, new id wp_presentation_feedback#89)
[18:58:34.469851]  -> wl_surface#100.commit()
[18:58:34.469929] {Default Queue} wl_buffer#73.release()
[18:58:34.485224] {Display Queue} wl_display#1.delete_id(107)
[18:58:34.485232] {Display Queue} wl_display#1.delete_id(89)
[18:58:34.485234] {Default Queue} wl_callback#107.done(20688100)
[18:58:34.485247] {Default Queue} wp_presentation_feedback#89.sync_output(wl_output#28)
[18:58:34.485249] {Default Queue} wp_presentation_feedback#89.presented(0, 20688, 100975307, 0, 0, 0, 0)
[18:58:34.522268] {Default Queue} wl_keyboard#90.leave(360, wl_surface#100)
[18:58:34.522280] {Default Queue} wl_keyboard#90.leave(361, wl_surface#100)
[18:58:34.522281] {Default Queue} wl_keyboard#90.leave(362, wl_surface#100)
[18:58:34.522282] {Default Queue} wl_seat#3.capabilities(1)
[18:58:34.522284] {Default Queue}  -> wl_keyboard#90.release()
[18:58:34.522815]  -> wl_surface#48.attach(wl_buffer#75, 0, 0)
[18:58:34.522819]  -> wl_surface#48.damage_buffer(0, 0, 1280, 48)
[18:58:34.522820]  -> wl_surface#48.frame(new id wl_callback#89)
[18:58:34.522822] {Default Queue}  -> wp_presentation#20.feedback(wl_surface#48, new id wp_presentation_feedback#107)
[18:58:34.522824]  -> wl_surface#48.commit()
[18:58:34.522996]  -> wl_surface#59.attach(wl_buffer#92, 0, 0)
[18:58:34.522999]  -> wl_surface#59.damage_buffer(0, 0, 1280, 48)
[18:58:34.523000]  -> wl_surface#59.frame(new id wl_callback#105)
[18:58:34.523001] {Default Queue}  -> wp_presentation#20.feedback(wl_surface#59, new id wp_presentation_feedback#110)
[18:58:34.523002]  -> wl_surface#59.commit()
[18:58:34.523117] {Display Queue} wl_display#1.delete_id(90)
[18:58:34.523119] {Display Queue} wl_display#1.delete_id(89)
[18:58:34.523120] {Display Queue} wl_display#1.delete_id(105)
[18:58:34.523121] {Display Queue} wl_display#1.delete_id(107)
[18:58:34.523121] {Display Queue} wl_display#1.delete_id(110)
[18:58:34.523122] {Default Queue} wl_buffer#77.release()
[18:58:34.523123] {Default Queue} wl_buffer#85.release()
[18:58:34.523123] {Default Queue} wl_callback#89.done(20688138)
[18:58:34.523126] {Default Queue} wl_callback#105.done(20688138)
[18:58:34.523128] {Default Queue} wp_presentation_feedback#107.sync_output(wl_output#28)
[18:58:34.523129] {Default Queue} wp_presentation_feedback#107.presented(0, 20688, 138897280, 0, 0, 0, 0)
[18:58:34.523131] {Default Queue} wp_presentation_feedback#110.sync_output(wl_output#31)
[18:58:34.523131] {Default Queue} wp_presentation_feedback#110.presented(0, 20688, 138899030, 0, 0, 0, 0)
[18:58:34.552319] {Default Queue} wl_seat#3.capabilities(3)
[18:58:34.552329] {Default Queue}  -> wl_seat#3.get_keyboard(new id wl_keyboard#110)
[18:58:34.552454] {Default Queue} wl_keyboard#110.keymap(1, fd 16, 1436)
[18:58:34.552524] {Default Queue} wl_keyboard#110.repeat_info(40, 400)
[18:58:34.552526] {Default Queue} wl_keyboard#110.enter(364, wl_surface#100, array[0])
[18:58:34.552533] {Default Queue} wl_keyboard#110.modifiers(365, 0, 0, 0, 0)
[18:58:34.552943]  -> wl_surface#48.attach(wl_buffer#77, 0, 0)
[18:58:34.552946]  -> wl_surface#48.damage_buffer(0, 0, 1280, 48)
[18:58:34.552948]  -> wl_surface#48.frame(new id wl_callback#107)
[18:58:34.552950] {Default Queue}  -> wp_presentation#20.feedback(wl_surface#48, new id wp_presentation_feedback#105)
[18:58:34.552952]  -> wl_surface#48.commit()
[18:58:34.553091]  -> wl_surface#59.attach(wl_buffer#85, 0, 0)
[18:58:34.553092]  -> wl_surface#59.damage_buffer(0, 0, 1280, 48)
[18:58:34.553093]  -> wl_surface#59.frame(new id wl_callback#89)
[18:58:34.553094] {Default Queue}  -> wp_presentation#20.feedback(wl_surface#59, new id wp_presentation_feedback#90)
[18:58:34.553096]  -> wl_surface#59.commit()
[18:58:34.553238] {Display Queue} wl_display#1.delete_id(107)
[18:58:34.553242] {Display Queue} wl_display#1.delete_id(89)
[18:58:34.553243] {Display Queue} wl_display#1.delete_id(105)
[18:58:34.553244] {Display Queue} wl_display#1.delete_id(90)
[18:58:34.553244] {Default Queue} wl_buffer#75.release()
[18:58:34.553245] {Default Queue} wl_buffer#92.release()
[18:58:34.553246] {Default Queue} wl_callback#107.done(20688168)
[18:58:34.553252] {Default Queue} wl_callback#89.done(20688169)
[18:58:34.553254] {Default Queue} wp_presentation_feedback#105.sync_output(wl_output#28)
[18:58:34.553256] {Default Queue} wp_presentation_feedback#105.presented(0, 20688, 169012433, 0, 0, 0, 0)
[18:58:34.553258] {Default Queue} wp_presentation_feedback#90.sync_output(wl_output#31)
[18:58:34.553259] {Default Queue} wp_presentation_feedback#90.presented(0, 20688, 169014833, 0, 0, 0, 0)
[18:58:34.652462] {Default Queue} wl_keyboard#110.key(366, 0, 1, 1)
[18:58:34.653594]  -> wl_surface#100.attach(wl_buffer#73, 0, 0)
[18:58:34.653599]  -> wl_surface#100.damage_buffer(0, 0, 1280, 672)
[18:58:34.653601]  -> wl_surface#100.frame(new id wl_callback#90)
[18:58:34.653604] {Default Queue}  -> wp_presentation#20.feedback(wl_surface#100, new id wp_presentation_feedback#105)
[18:58:34.653606]  -> wl_surface#100.commit()
info: event=services-focus target=other
[18:58:34.654136] {Display Queue} wl_display#1.delete_id(90)
[18:58:34.654142] {Display Queue} wl_display#1.delete_id(105)
[18:58:34.654143] {Default Queue} wl_buffer#103.release()
[18:58:34.654144] {Default Queue} wl_callback#90.done(20688269)
[18:58:34.654154] {Default Queue} wp_presentation_feedback#105.sync_output(wl_output#28)
[18:58:34.654156] {Default Queue} wp_presentation_feedback#105.presented(0, 20688, 269907827, 0, 0, 0, 0)
[18:58:34.654973]  -> wl_surface#100.attach(wl_buffer#103, 0, 0)
[18:58:34.654977]  -> wl_surface#100.damage_buffer(0, 0, 1280, 672)
[18:58:34.654979]  -> wl_surface#100.frame(new id wl_callback#105)
[18:58:34.654980] {Default Queue}  -> wp_presentation#20.feedback(wl_surface#100, new id wp_presentation_feedback#90)
[18:58:34.654982]  -> wl_surface#100.commit()
[18:58:34.655000] {Default Queue} wl_keyboard#110.key(367, 0, 1, 0)
[18:58:34.655062] {Default Queue} wl_buffer#73.release()
[18:58:34.670628] {Display Queue} wl_display#1.delete_id(105)
[18:58:34.670636] {Display Queue} wl_display#1.delete_id(90)
[18:58:34.670637] {Default Queue} wl_callback#105.done(20688286)
[18:58:34.670652] {Default Queue} wp_presentation_feedback#90.sync_output(wl_output#28)
[18:58:34.670654] {Default Queue} wp_presentation_feedback#90.presented(0, 20688, 286388096, 0, 0, 0, 0)
[18:58:34.671646]  -> wl_surface#100.attach(wl_buffer#73, 0, 0)
[18:58:34.671650]  -> wl_surface#100.damage_buffer(0, 0, 1280, 672)
[18:58:34.671651]  -> wl_surface#100.frame(new id wl_callback#90)
[18:58:34.671654] {Default Queue}  -> wp_presentation#20.feedback(wl_surface#100, new id wp_presentation_feedback#105)
[18:58:34.671656]  -> wl_surface#100.commit()
[18:58:34.671721] {Default Queue} wl_buffer#103.release()
[18:58:34.687140] {Display Queue} wl_display#1.delete_id(90)
[18:58:34.687148] {Display Queue} wl_display#1.delete_id(105)
[18:58:34.687149] {Default Queue} wl_callback#90.done(20688302)
[18:58:34.687165] {Default Queue} wp_presentation_feedback#105.sync_output(wl_output#28)
[18:58:34.687167] {Default Queue} wp_presentation_feedback#105.presented(0, 20688, 302896416, 0, 0, 0, 0)
[18:58:34.688076]  -> wl_surface#100.attach(wl_buffer#103, 0, 0)
[18:58:34.688081]  -> wl_surface#100.damage_buffer(0, 0, 1280, 672)
[18:58:34.688083]  -> wl_surface#100.frame(new id wl_callback#105)
[18:58:34.688085] {Default Queue}  -> wp_presentation#20.feedback(wl_surface#100, new id wp_presentation_feedback#90)
[18:58:34.688087]  -> wl_surface#100.commit()
[18:58:34.688151] {Default Queue} wl_buffer#73.release()
[18:58:34.691767] {Default Queue} wl_keyboard#110.leave(368, wl_surface#100)
[18:58:34.691778] {Default Queue} wl_keyboard#110.leave(369, wl_surface#100)
[18:58:34.691779] {Default Queue} wl_keyboard#110.leave(370, wl_surface#100)
[18:58:34.691780] {Default Queue} wl_seat#3.capabilities(1)
[18:58:34.691782] {Default Queue}  -> wl_keyboard#110.release()
[18:58:34.692447]  -> wl_surface#48.attach(wl_buffer#75, 0, 0)
[18:58:34.692452]  -> wl_surface#48.damage_buffer(0, 0, 1280, 48)
[18:58:34.692454]  -> wl_surface#48.frame(new id wl_callback#89)
[18:58:34.692456] {Default Queue}  -> wp_presentation#20.feedback(wl_surface#48, new id wp_presentation_feedback#107)
[18:58:34.692458]  -> wl_surface#48.commit()
[18:58:34.692744]  -> wl_surface#59.attach(wl_buffer#92, 0, 0)
[18:58:34.692747]  -> wl_surface#59.damage_buffer(0, 0, 1280, 48)
[18:58:34.692749]  -> wl_surface#59.frame(new id wl_callback#72)
[18:58:34.692750] {Default Queue}  -> wp_presentation#20.feedback(wl_surface#59, new id wp_presentation_feedback#111)
[18:58:34.692752]  -> wl_surface#59.commit()
[18:58:34.693286] {Display Queue} wl_display#1.delete_id(110)
[18:58:34.693290] {Default Queue} wl_seat#3.capabilities(3)
[18:58:34.693292] {Default Queue}  -> wl_seat#3.get_keyboard(new id wl_keyboard#110)
[18:58:34.693443] {Display Queue} wl_display#1.delete_id(72)
[18:58:34.693447] {Display Queue} wl_display#1.delete_id(111)
[18:58:34.693449] {Default Queue} wl_buffer#77.release()
[18:58:34.693450] {Default Queue} wl_buffer#85.release()
[18:58:34.693451] {Default Queue} wl_callback#72.done(20688309)
[18:58:34.693457] {Default Queue} wp_presentation_feedback#111.sync_output(wl_output#31)
[18:58:34.693458] {Default Queue} wp_presentation_feedback#111.presented(0, 20688, 309166162, 0, 0, 0, 0)
[18:58:34.693461] {Default Queue} wl_keyboard#110.keymap(1, fd 16, 1436)
[18:58:34.693543] {Default Queue} wl_keyboard#110.repeat_info(40, 400)
[18:58:34.693546] {Default Queue} wl_keyboard#110.enter(372, wl_surface#100, array[0])
[18:58:34.693551] {Default Queue} wl_keyboard#110.modifiers(373, 0, 0, 0, 0)
[18:58:34.703597] {Display Queue} wl_display#1.delete_id(89)
[18:58:34.703605] {Display Queue} wl_display#1.delete_id(105)
[18:58:34.703606] {Display Queue} wl_display#1.delete_id(107)
[18:58:34.703607] {Display Queue} wl_display#1.delete_id(90)
[18:58:34.703607] {Default Queue} wl_callback#89.done(20688319)
[18:58:34.703621] {Default Queue} wl_callback#105.done(20688319)
[18:58:34.703625] {Default Queue} wp_presentation_feedback#107.sync_output(wl_output#28)
[18:58:34.703626] {Default Queue} wp_presentation_feedback#107.presented(0, 20688, 319357185, 0, 0, 0, 0)
[18:58:34.703629] {Default Queue} wp_presentation_feedback#90.sync_output(wl_output#28)
[18:58:34.703630] {Default Queue} wp_presentation_feedback#90.presented(0, 20688, 319357185, 0, 0, 0, 0)
[18:58:34.704758]  -> wl_surface#100.attach(wl_buffer#73, 0, 0)
[18:58:34.704765]  -> wl_surface#100.damage_buffer(0, 0, 1280, 672)
[18:58:34.704767]  -> wl_surface#100.frame(new id wl_callback#90)
[18:58:34.704769] {Default Queue}  -> wp_presentation#20.feedback(wl_surface#100, new id wp_presentation_feedback#107)
[18:58:34.704771]  -> wl_surface#100.commit()
[18:58:34.705031]  -> wl_surface#48.attach(wl_buffer#77, 0, 0)
[18:58:34.705034]  -> wl_surface#48.damage_buffer(0, 0, 1280, 48)
[18:58:34.705035]  -> wl_surface#48.frame(new id wl_callback#105)
[18:58:34.705036] {Default Queue}  -> wp_presentation#20.feedback(wl_surface#48, new id wp_presentation_feedback#89)
[18:58:34.705037]  -> wl_surface#48.commit()
[18:58:34.705050] {Default Queue} wl_buffer#103.release()
[18:58:34.705072] {Default Queue} wl_buffer#75.release()
[18:58:34.709978]  -> wl_surface#59.attach(wl_buffer#85, 0, 0)
[18:58:34.709984]  -> wl_surface#59.damage_buffer(0, 0, 1280, 48)
[18:58:34.709986]  -> wl_surface#59.frame(new id wl_callback#111)
[18:58:34.709987] {Default Queue}  -> wp_presentation#20.feedback(wl_surface#59, new id wp_presentation_feedback#72)
[18:58:34.709989]  -> wl_surface#59.commit()
[18:58:34.710087] {Display Queue} wl_display#1.delete_id(111)
[18:58:34.710091] {Display Queue} wl_display#1.delete_id(72)
[18:58:34.710092] {Default Queue} wl_buffer#92.release()
[18:58:34.710093] {Default Queue} wl_callback#111.done(20688325)
[18:58:34.710100] {Default Queue} wp_presentation_feedback#72.sync_output(wl_output#31)
[18:58:34.710102] {Default Queue} wp_presentation_feedback#72.presented(0, 20688, 325869754, 0, 0, 0, 0)
[18:58:34.720175] {Display Queue} wl_display#1.delete_id(105)
[18:58:34.720185] {Display Queue} wl_display#1.delete_id(90)
[18:58:34.720187] {Display Queue} wl_display#1.delete_id(89)
[18:58:34.720187] {Display Queue} wl_display#1.delete_id(107)
[18:58:34.720188] {Default Queue} wl_callback#105.done(20688335)
[18:58:34.720205] {Default Queue} wl_callback#90.done(20688335)
[18:58:34.720210] {Default Queue} wp_presentation_feedback#89.sync_output(wl_output#28)
[18:58:34.720212] {Default Queue} wp_presentation_feedback#89.presented(0, 20688, 335909285, 0, 0, 0, 0)
[18:58:34.720216] {Default Queue} wp_presentation_feedback#107.sync_output(wl_output#28)
[18:58:34.720222] {Default Queue} wp_presentation_feedback#107.presented(0, 20688, 335909285, 0, 0, 0, 0)
[18:58:34.721716]  -> wl_surface#100.attach(wl_buffer#103, 0, 0)
[18:58:34.721724]  -> wl_surface#100.damage_buffer(0, 0, 1280, 672)
[18:58:34.721727]  -> wl_surface#100.frame(new id wl_callback#107)
[18:58:34.721730] {Default Queue}  -> wp_presentation#20.feedback(wl_surface#100, new id wp_presentation_feedback#89)
[18:58:34.721733]  -> wl_surface#100.commit()
[18:58:34.721816] {Default Queue} wl_buffer#73.release()
[18:58:34.736665] {Display Queue} wl_display#1.delete_id(107)
[18:58:34.736673] {Display Queue} wl_display#1.delete_id(89)
[18:58:34.736674] {Default Queue} wl_callback#107.done(20688352)
[18:58:34.736689] {Default Queue} wp_presentation_feedback#89.sync_output(wl_output#28)
[18:58:34.736691] {Default Queue} wp_presentation_feedback#89.presented(0, 20688, 352425854, 0, 0, 0, 0)
[18:58:34.737920]  -> wl_surface#100.attach(wl_buffer#73, 0, 0)
[18:58:34.737928]  -> wl_surface#100.damage_buffer(0, 0, 1280, 672)
[18:58:34.737930]  -> wl_surface#100.frame(new id wl_callback#89)
[18:58:34.737934] {Default Queue}  -> wp_presentation#20.feedback(wl_surface#100, new id wp_presentation_feedback#107)
[18:58:34.737937]  -> wl_surface#100.commit()
[18:58:34.738057] {Default Queue} wl_buffer#103.release()
[18:58:34.753146] {Display Queue} wl_display#1.delete_id(89)
[18:58:34.753154] {Display Queue} wl_display#1.delete_id(107)
[18:58:34.753155] {Default Queue} wl_callback#89.done(20688368)
[18:58:34.753172] {Default Queue} wp_presentation_feedback#107.sync_output(wl_output#28)
[18:58:34.753173] {Default Queue} wp_presentation_feedback#107.presented(0, 20688, 368903513, 0, 0, 0, 0)
[18:58:34.754192]  -> wl_surface#100.attach(wl_buffer#103, 0, 0)
[18:58:34.754197]  -> wl_surface#100.damage_buffer(0, 0, 1280, 672)
[18:58:34.754199]  -> wl_surface#100.frame(new id wl_callback#107)
[18:58:34.754201] {Default Queue}  -> wp_presentation#20.feedback(wl_surface#100, new id wp_presentation_feedback#89)
[18:58:34.754203]  -> wl_surface#100.commit()
[18:58:34.754280] {Default Queue} wl_buffer#73.release()
[18:58:34.769643] {Display Queue} wl_display#1.delete_id(107)
[18:58:34.769652] {Display Queue} wl_display#1.delete_id(89)
[18:58:34.769653] {Default Queue} wl_callback#107.done(20688385)
[18:58:34.769671] {Default Queue} wp_presentation_feedback#89.sync_output(wl_output#28)
[18:58:34.769672] {Default Queue} wp_presentation_feedback#89.presented(0, 20688, 385399793, 0, 0, 0, 0)
[18:58:34.770734]  -> wl_surface#100.attach(wl_buffer#73, 0, 0)
[18:58:34.770740]  -> wl_surface#100.damage_buffer(0, 0, 1280, 672)
[18:58:34.770742]  -> wl_surface#100.frame(new id wl_callback#89)
[18:58:34.770744] {Default Queue}  -> wp_presentation#20.feedback(wl_surface#100, new id wp_presentation_feedback#107)
[18:58:34.770747]  -> wl_surface#100.commit()
[18:58:34.770806] {Default Queue} wl_buffer#103.release()
[18:58:34.786563] {Display Queue} wl_display#1.delete_id(89)
[18:58:34.786572] {Display Queue} wl_display#1.delete_id(107)
[18:58:34.786573] {Default Queue} wl_callback#89.done(20688402)
[18:58:34.786589] {Default Queue} wp_presentation_feedback#107.sync_output(wl_output#28)
[18:58:34.786590] {Default Queue} wp_presentation_feedback#107.presented(0, 20688, 402325456, 0, 0, 0, 0)
[18:58:34.787574]  -> wl_surface#100.attach(wl_buffer#103, 0, 0)
[18:58:34.787579]  -> wl_surface#100.damage_buffer(0, 0, 1280, 672)
[18:58:34.787581]  -> wl_surface#100.frame(new id wl_callback#107)
[18:58:34.787583] {Default Queue}  -> wp_presentation#20.feedback(wl_surface#100, new id wp_presentation_feedback#89)
[18:58:34.787586]  -> wl_surface#100.commit()
[18:58:34.787650] {Default Queue} wl_buffer#73.release()
[18:58:34.793428] {Default Queue} wl_keyboard#110.key(374, 0, 1, 1)
[18:58:34.795505] {Default Queue} wl_keyboard#110.key(375, 0, 1, 0)
[18:58:34.803074] {Display Queue} wl_display#1.delete_id(107)
[18:58:34.803084] {Display Queue} wl_display#1.delete_id(89)
[18:58:34.803085] {Default Queue} wl_callback#107.done(20688418)
[18:58:34.803102] {Default Queue} wp_presentation_feedback#89.sync_output(wl_output#28)
[18:58:34.803103] {Default Queue} wp_presentation_feedback#89.presented(0, 20688, 418835136, 0, 0, 0, 0)
[18:58:34.804256]  -> wl_surface#100.attach(wl_buffer#73, 0, 0)
[18:58:34.804261]  -> wl_surface#100.damage_buffer(0, 0, 1280, 672)
[18:58:34.804262]  -> wl_surface#100.frame(new id wl_callback#89)
[18:58:34.804265] {Default Queue}  -> wp_presentation#20.feedback(wl_surface#100, new id wp_presentation_feedback#107)
[18:58:34.804267]  -> wl_surface#100.commit()
info: event=services-focus target=other
[18:58:34.804346] {Default Queue} wl_buffer#103.release()
[18:58:34.819576] {Display Queue} wl_display#1.delete_id(89)
[18:58:34.819585] {Display Queue} wl_display#1.delete_id(107)
[18:58:34.819587] {Default Queue} wl_callback#89.done(20688435)
[18:58:34.819605] {Default Queue} wp_presentation_feedback#107.sync_output(wl_output#28)
[18:58:34.819607] {Default Queue} wp_presentation_feedback#107.presented(0, 20688, 435330225, 0, 0, 0, 0)
[18:58:34.820693]  -> wl_surface#100.attach(wl_buffer#103, 0, 0)
[18:58:34.820698]  -> wl_surface#100.damage_buffer(0, 0, 1280, 672)
[18:58:34.820700]  -> wl_surface#100.frame(new id wl_callback#107)
[18:58:34.820702] {Default Queue}  -> wp_presentation#20.feedback(wl_surface#100, new id wp_presentation_feedback#89)
[18:58:34.820704]  -> wl_surface#100.commit()
[18:58:34.820771] {Default Queue} wl_buffer#73.release()
[18:58:34.832806] {Default Queue} wl_keyboard#110.leave(376, wl_surface#100)
[18:58:34.832818] {Default Queue} wl_keyboard#110.leave(377, wl_surface#100)
[18:58:34.832820] {Default Queue} wl_keyboard#110.leave(378, wl_surface#100)
[18:58:34.832820] {Default Queue} wl_seat#3.capabilities(1)
[18:58:34.832823] {Default Queue}  -> wl_keyboard#110.release()
[18:58:34.833562]  -> wl_surface#48.attach(wl_buffer#75, 0, 0)
[18:58:34.833569]  -> wl_surface#48.damage_buffer(0, 0, 1280, 48)
[18:58:34.833572]  -> wl_surface#48.frame(new id wl_callback#90)
[18:58:34.833575] {Default Queue}  -> wp_presentation#20.feedback(wl_surface#48, new id wp_presentation_feedback#105)
[18:58:34.833578]  -> wl_surface#48.commit()
[18:58:34.833928]  -> wl_surface#59.attach(wl_buffer#92, 0, 0)
[18:58:34.833931]  -> wl_surface#59.damage_buffer(0, 0, 1280, 48)
[18:58:34.833932]  -> wl_surface#59.frame(new id wl_callback#72)
[18:58:34.833934] {Default Queue}  -> wp_presentation#20.feedback(wl_surface#59, new id wp_presentation_feedback#111)
[18:58:34.833935]  -> wl_surface#59.commit()
[18:58:34.834351] {Display Queue} wl_display#1.delete_id(110)
[18:58:34.834356] {Default Queue} wl_seat#3.capabilities(3)
[18:58:34.834359] {Default Queue}  -> wl_seat#3.get_keyboard(new id wl_keyboard#110)
[18:58:34.834479] {Display Queue} wl_display#1.delete_id(72)
[18:58:34.834482] {Display Queue} wl_display#1.delete_id(111)
[18:58:34.834482] {Default Queue} wl_buffer#77.release()
[18:58:34.834483] {Default Queue} wl_buffer#85.release()
[18:58:34.834484] {Default Queue} wl_callback#72.done(20688450)
[18:58:34.834488] {Default Queue} wp_presentation_feedback#111.sync_output(wl_output#31)
[18:58:34.834489] {Default Queue} wp_presentation_feedback#111.presented(0, 20688, 450230500, 0, 0, 0, 0)
[18:58:34.834492] {Default Queue} wl_keyboard#110.keymap(1, fd 16, 1436)
[18:58:34.834556] {Default Queue} wl_keyboard#110.repeat_info(40, 400)
[18:58:34.834558] {Default Queue} wl_keyboard#110.enter(380, wl_surface#100, array[0])
[18:58:34.834562] {Default Queue} wl_keyboard#110.modifiers(381, 0, 0, 0, 0)
[18:58:34.836061] {Display Queue} wl_display#1.delete_id(90)
[18:58:34.836065] {Display Queue} wl_display#1.delete_id(107)
[18:58:34.836066] {Display Queue} wl_display#1.delete_id(105)
[18:58:34.836067] {Display Queue} wl_display#1.delete_id(89)
[18:58:34.836068] {Default Queue} wl_callback#90.done(20688451)
[18:58:34.836073] {Default Queue} wl_callback#107.done(20688451)
[18:58:34.836077] {Default Queue} wp_presentation_feedback#105.sync_output(wl_output#28)
[18:58:34.836079] {Default Queue} wp_presentation_feedback#105.presented(0, 20688, 451840175, 0, 0, 0, 0)
[18:58:34.836082] {Default Queue} wp_presentation_feedback#89.sync_output(wl_output#28)
[18:58:34.836083] {Default Queue} wp_presentation_feedback#89.presented(0, 20688, 451840175, 0, 0, 0, 0)
[18:58:34.837175]  -> wl_surface#100.attach(wl_buffer#73, 0, 0)
[18:58:34.837179]  -> wl_surface#100.damage_buffer(0, 0, 1280, 672)
[18:58:34.837181]  -> wl_surface#100.frame(new id wl_callback#89)
[18:58:34.837182] {Default Queue}  -> wp_presentation#20.feedback(wl_surface#100, new id wp_presentation_feedback#105)
[18:58:34.837184]  -> wl_surface#100.commit()
[18:58:34.837420]  -> wl_surface#48.attach(wl_buffer#77, 0, 0)
[18:58:34.837423]  -> wl_surface#48.damage_buffer(0, 0, 1280, 48)
[18:58:34.837424]  -> wl_surface#48.frame(new id wl_callback#107)
[18:58:34.837425] {Default Queue}  -> wp_presentation#20.feedback(wl_surface#48, new id wp_presentation_feedback#90)
[18:58:34.837426]  -> wl_surface#48.commit()
[18:58:34.837439] {Default Queue} wl_buffer#103.release()
[18:58:34.837467] {Default Queue} wl_buffer#75.release()
[18:58:34.851086]  -> wl_surface#59.attach(wl_buffer#85, 0, 0)
[18:58:34.851093]  -> wl_surface#59.damage_buffer(0, 0, 1280, 48)
[18:58:34.851096]  -> wl_surface#59.frame(new id wl_callback#111)
[18:58:34.851098] {Default Queue}  -> wp_presentation#20.feedback(wl_surface#59, new id wp_presentation_feedback#72)
[18:58:34.851101]  -> wl_surface#59.commit()
[18:58:34.851223] {Display Queue} wl_display#1.delete_id(111)
[18:58:34.851227] {Display Queue} wl_display#1.delete_id(72)
[18:58:34.851228] {Default Queue} wl_buffer#92.release()
[18:58:34.851230] {Default Queue} wl_callback#111.done(20688466)
[18:58:34.851237] {Default Queue} wp_presentation_feedback#72.sync_output(wl_output#31)
[18:58:34.851238] {Default Queue} wp_presentation_feedback#72.presented(0, 20688, 467002362, 0, 0, 0, 0)
[18:58:34.852531] {Display Queue} wl_display#1.delete_id(107)
[18:58:34.852534] {Display Queue} wl_display#1.delete_id(89)
[18:58:34.852535] {Display Queue} wl_display#1.delete_id(90)
[18:58:34.852536] {Display Queue} wl_display#1.delete_id(105)
[18:58:34.852537] {Default Queue} wl_callback#107.done(20688468)
[18:58:34.852543] {Default Queue} wl_callback#89.done(20688468)
[18:58:34.852547] {Default Queue} wp_presentation_feedback#90.sync_output(wl_output#28)
[18:58:34.852549] {Default Queue} wp_presentation_feedback#90.presented(0, 20688, 468308504, 0, 0, 0, 0)
[18:58:34.852551] {Default Queue} wp_presentation_feedback#105.sync_output(wl_output#28)
[18:58:34.852552] {Default Queue} wp_presentation_feedback#105.presented(0, 20688, 468308504, 0, 0, 0, 0)
[18:58:34.853537]  -> wl_surface#100.attach(wl_buffer#103, 0, 0)
[18:58:34.853540]  -> wl_surface#100.damage_buffer(0, 0, 1280, 672)
[18:58:34.853542]  -> wl_surface#100.frame(new id wl_callback#105)
[18:58:34.853544] {Default Queue}  -> wp_presentation#20.feedback(wl_surface#100, new id wp_presentation_feedback#90)
[18:58:34.853545]  -> wl_surface#100.commit()
[18:58:34.853612] {Default Queue} wl_buffer#73.release()
[18:58:34.869054] {Display Queue} wl_display#1.delete_id(105)
[18:58:34.869065] {Display Queue} wl_display#1.delete_id(90)
[18:58:34.869066] {Default Queue} wl_callback#105.done(20688484)
[18:58:34.869088] {Default Queue} wp_presentation_feedback#90.sync_output(wl_output#28)
[18:58:34.869090] {Default Queue} wp_presentation_feedback#90.presented(0, 20688, 484788973, 0, 0, 0, 0)
[18:58:34.870358]  -> wl_surface#100.attach(wl_buffer#73, 0, 0)
[18:58:34.870366]  -> wl_surface#100.damage_buffer(0, 0, 1280, 672)
[18:58:34.870368]  -> wl_surface#100.frame(new id wl_callback#90)
[18:58:34.870371] {Default Queue}  -> wp_presentation#20.feedback(wl_surface#100, new id wp_presentation_feedback#105)
[18:58:34.870374]  -> wl_surface#100.commit()
[18:58:34.870453] {Default Queue} wl_buffer#103.release()
[18:58:34.885893] {Display Queue} wl_display#1.delete_id(90)
[18:58:34.885901] {Display Queue} wl_display#1.delete_id(105)
[18:58:34.885902] {Default Queue} wl_callback#90.done(20688501)
[18:58:34.885916] {Default Queue} wp_presentation_feedback#105.sync_output(wl_output#28)
[18:58:34.885917] {Default Queue} wp_presentation_feedback#105.presented(0, 20688, 501657126, 0, 0, 0, 0)
[18:58:34.887091]  -> wl_surface#100.attach(wl_buffer#103, 0, 0)
[18:58:34.887101]  -> wl_surface#100.damage_buffer(0, 0, 1280, 672)
[18:58:34.887104]  -> wl_surface#100.frame(new id wl_callback#105)
[18:58:34.887107] {Default Queue}  -> wp_presentation#20.feedback(wl_surface#100, new id wp_presentation_feedback#90)
[18:58:34.887111]  -> wl_surface#100.commit()
[18:58:34.887249] {Default Queue} wl_buffer#73.release()
[18:58:34.902417] {Display Queue} wl_display#1.delete_id(105)
[18:58:34.902426] {Display Queue} wl_display#1.delete_id(90)
[18:58:34.902427] {Default Queue} wl_callback#105.done(20688518)
[18:58:34.902442] {Default Queue} wp_presentation_feedback#90.sync_output(wl_output#28)
[18:58:34.902444] {Default Queue} wp_presentation_feedback#90.presented(0, 20688, 518178336, 0, 0, 0, 0)
[18:58:34.903469]  -> wl_surface#100.attach(wl_buffer#73, 0, 0)
[18:58:34.903476]  -> wl_surface#100.damage_buffer(0, 0, 1280, 672)
[18:58:34.903478]  -> wl_surface#100.frame(new id wl_callback#90)
[18:58:34.903480] {Default Queue}  -> wp_presentation#20.feedback(wl_surface#100, new id wp_presentation_feedback#105)
[18:58:34.903482]  -> wl_surface#100.commit()
[18:58:34.903555] {Default Queue} wl_buffer#103.release()
[18:58:34.918911] {Display Queue} wl_display#1.delete_id(90)
[18:58:34.918920] {Display Queue} wl_display#1.delete_id(105)
[18:58:34.918921] {Default Queue} wl_callback#90.done(20688534)
[18:58:34.918938] {Default Queue} wp_presentation_feedback#105.sync_output(wl_output#28)
[18:58:34.918940] {Default Queue} wp_presentation_feedback#105.presented(0, 20688, 534674845, 0, 0, 0, 0)
[18:58:34.919886]  -> wl_surface#100.attach(wl_buffer#103, 0, 0)
[18:58:34.919890]  -> wl_surface#100.damage_buffer(0, 0, 1280, 672)
[18:58:34.919892]  -> wl_surface#100.frame(new id wl_callback#105)
[18:58:34.919894] {Default Queue}  -> wp_presentation#20.feedback(wl_surface#100, new id wp_presentation_feedback#90)
[18:58:34.919896]  -> wl_surface#100.commit()
[18:58:34.919963] {Default Queue} wl_buffer#73.release()
[18:58:34.934479] {Default Queue} wl_keyboard#110.key(382, 0, 1, 1)
[18:58:34.935440] {Display Queue} wl_display#1.delete_id(105)
[18:58:34.935448] {Display Queue} wl_display#1.delete_id(90)
[18:58:34.935449] {Default Queue} wl_callback#105.done(20688551)
[18:58:34.935463] {Default Queue} wp_presentation_feedback#90.sync_output(wl_output#28)
[18:58:34.935465] {Default Queue} wp_presentation_feedback#90.presented(0, 20688, 551204585, 0, 0, 0, 0)
[18:58:34.936555]  -> wl_surface#100.attach(wl_buffer#73, 0, 0)
[18:58:34.936560]  -> wl_surface#100.damage_buffer(0, 0, 1280, 672)
[18:58:34.936562]  -> wl_surface#100.frame(new id wl_callback#90)
[18:58:34.936564] {Default Queue}  -> wp_presentation#20.feedback(wl_surface#100, new id wp_presentation_feedback#105)
[18:58:34.936567]  -> wl_surface#100.commit()
info: event=services-focus target=other
[18:58:34.936606] {Default Queue} wl_keyboard#110.key(383, 0, 1, 0)
[18:58:34.936648] {Default Queue} wl_buffer#103.release()
[18:58:34.951847] {Display Queue} wl_display#1.delete_id(90)
[18:58:34.951854] {Display Queue} wl_display#1.delete_id(105)
[18:58:34.951855] {Default Queue} wl_callback#90.done(20688567)
[18:58:34.951864] {Default Queue} wp_presentation_feedback#105.sync_output(wl_output#28)
[18:58:34.951866] {Default Queue} wp_presentation_feedback#105.presented(0, 20688, 567619263, 0, 0, 0, 0)
[18:58:34.952908]  -> wl_surface#100.attach(wl_buffer#103, 0, 0)
[18:58:34.952916]  -> wl_surface#100.damage_buffer(0, 0, 1280, 672)
[18:58:34.952918]  -> wl_surface#100.frame(new id wl_callback#105)
[18:58:34.952921] {Default Queue}  -> wp_presentation#20.feedback(wl_surface#100, new id wp_presentation_feedback#90)
[18:58:34.952925]  -> wl_surface#100.commit()
[18:58:34.953024] {Default Queue} wl_buffer#73.release()
[18:58:34.968357] {Display Queue} wl_display#1.delete_id(105)
[18:58:34.968366] {Display Queue} wl_display#1.delete_id(90)
[18:58:34.968367] {Default Queue} wl_callback#105.done(20688584)
[18:58:34.968383] {Default Queue} wp_presentation_feedback#90.sync_output(wl_output#28)
[18:58:34.968385] {Default Queue} wp_presentation_feedback#90.presented(0, 20688, 584116063, 0, 0, 0, 0)
[18:58:34.969548]  -> wl_surface#100.attach(wl_buffer#73, 0, 0)
[18:58:34.969553]  -> wl_surface#100.damage_buffer(0, 0, 1280, 672)
[18:58:34.969555]  -> wl_surface#100.frame(new id wl_callback#90)
[18:58:34.969557] {Default Queue}  -> wp_presentation#20.feedback(wl_surface#100, new id wp_presentation_feedback#105)
[18:58:34.969559]  -> wl_surface#100.commit()
[18:58:34.969632] {Default Queue} wl_buffer#103.release()
[18:58:34.973793] {Default Queue} wl_keyboard#110.leave(384, wl_surface#100)
[18:58:34.973803] {Default Queue} wl_keyboard#110.leave(385, wl_surface#100)
[18:58:34.973804] {Default Queue} wl_keyboard#110.leave(386, wl_surface#100)
[18:58:34.973804] {Default Queue} wl_seat#3.capabilities(1)
[18:58:34.973806] {Default Queue}  -> wl_keyboard#110.release()
[18:58:34.974411]  -> wl_surface#48.attach(wl_buffer#75, 0, 0)
[18:58:34.974415]  -> wl_surface#48.damage_buffer(0, 0, 1280, 48)
[18:58:34.974417]  -> wl_surface#48.frame(new id wl_callback#89)
[18:58:34.974418] {Default Queue}  -> wp_presentation#20.feedback(wl_surface#48, new id wp_presentation_feedback#107)
[18:58:34.974420]  -> wl_surface#48.commit()
[18:58:34.974605]  -> wl_surface#59.attach(wl_buffer#92, 0, 0)
[18:58:34.974606]  -> wl_surface#59.damage_buffer(0, 0, 1280, 48)
[18:58:34.974608]  -> wl_surface#59.frame(new id wl_callback#72)
[18:58:34.974609] {Default Queue}  -> wp_presentation#20.feedback(wl_surface#59, new id wp_presentation_feedback#111)
[18:58:34.974610]  -> wl_surface#59.commit()
[18:58:34.974707] {Display Queue} wl_display#1.delete_id(110)
[18:58:34.974709] {Display Queue} wl_display#1.delete_id(72)
[18:58:34.974710] {Display Queue} wl_display#1.delete_id(111)
[18:58:34.974710] {Default Queue} wl_buffer#77.release()
[18:58:34.974711] {Default Queue} wl_buffer#85.release()
[18:58:34.974712] {Default Queue} wl_callback#72.done(20688590)
[18:58:34.974716] {Default Queue} wp_presentation_feedback#111.sync_output(wl_output#31)
[18:58:34.974717] {Default Queue} wp_presentation_feedback#111.presented(0, 20688, 590489071, 0, 0, 0, 0)
[18:58:34.975400] {Default Queue} wl_seat#3.capabilities(3)
[18:58:34.975402] {Default Queue}  -> wl_seat#3.get_keyboard(new id wl_keyboard#111)
[18:58:34.975483] {Default Queue} wl_keyboard#111.keymap(1, fd 16, 1436)
[18:58:34.975545] {Default Queue} wl_keyboard#111.repeat_info(40, 400)
[18:58:34.975547] {Default Queue} wl_keyboard#111.enter(388, wl_surface#100, array[0])
[18:58:34.975551] {Default Queue} wl_keyboard#111.modifiers(389, 0, 0, 0, 0)
[18:58:34.984916] {Display Queue} wl_display#1.delete_id(89)
[18:58:34.984924] {Display Queue} wl_display#1.delete_id(90)
[18:58:34.984925] {Display Queue} wl_display#1.delete_id(107)
[18:58:34.984926] {Display Queue} wl_display#1.delete_id(105)
[18:58:34.984926] {Default Queue} wl_callback#89.done(20688600)
[18:58:34.984938] {Default Queue} wl_callback#90.done(20688600)
[18:58:34.984940] {Default Queue} wp_presentation_feedback#107.sync_output(wl_output#28)
[18:58:34.984942] {Default Queue} wp_presentation_feedback#107.presented(0, 20688, 600678443, 0, 0, 0, 0)
[18:58:34.984944] {Default Queue} wp_presentation_feedback#105.sync_output(wl_output#28)
[18:58:34.984945] {Default Queue} wp_presentation_feedback#105.presented(0, 20688, 600678443, 0, 0, 0, 0)
[18:58:34.986049]  -> wl_surface#100.attach(wl_buffer#103, 0, 0)
[18:58:34.986054]  -> wl_surface#100.damage_buffer(0, 0, 1280, 672)
[18:58:34.986055]  -> wl_surface#100.frame(new id wl_callback#105)
[18:58:34.986057] {Default Queue}  -> wp_presentation#20.feedback(wl_surface#100, new id wp_presentation_feedback#107)
[18:58:34.986059]  -> wl_surface#100.commit()
[18:58:34.986343]  -> wl_surface#48.attach(wl_buffer#77, 0, 0)
[18:58:34.986349]  -> wl_surface#48.damage_buffer(0, 0, 1280, 48)
[18:58:34.986351]  -> wl_surface#48.frame(new id wl_callback#90)
[18:58:34.986352] {Default Queue}  -> wp_presentation#20.feedback(wl_surface#48, new id wp_presentation_feedback#89)
[18:58:34.986354]  -> wl_surface#48.commit()
[18:58:34.986379] {Default Queue} wl_buffer#73.release()
[18:58:34.986403] {Default Queue} wl_buffer#75.release()
[18:58:34.991931]  -> wl_surface#59.attach(wl_buffer#85, 0, 0)
[18:58:34.991936]  -> wl_surface#59.damage_buffer(0, 0, 1280, 48)
[18:58:34.991938]  -> wl_surface#59.frame(new id wl_callback#72)
[18:58:34.991940] {Default Queue}  -> wp_presentation#20.feedback(wl_surface#59, new id wp_presentation_feedback#110)
[18:58:34.991942]  -> wl_surface#59.commit()
[18:58:34.992038] {Display Queue} wl_display#1.delete_id(72)
[18:58:34.992042] {Display Queue} wl_display#1.delete_id(110)
[18:58:34.992043] {Default Queue} wl_buffer#92.release()
[18:58:34.992044] {Default Queue} wl_callback#72.done(20688607)
[18:58:34.992051] {Default Queue} wp_presentation_feedback#110.sync_output(wl_output#31)
[18:58:34.992052] {Default Queue} wp_presentation_feedback#110.presented(0, 20688, 607817418, 0, 0, 0, 0)
[18:58:35.001430] {Display Queue} wl_display#1.delete_id(90)
[18:58:35.001439] {Display Queue} wl_display#1.delete_id(105)
[18:58:35.001440] {Display Queue} wl_display#1.delete_id(89)
[18:58:35.001441] {Display Queue} wl_display#1.delete_id(107)
[18:58:35.001441] {Default Queue} wl_callback#90.done(20688617)
[18:58:35.001456] {Default Queue} wl_callback#105.done(20688617)
[18:58:35.001459] {Default Queue} wp_presentation_feedback#89.sync_output(wl_output#28)
[18:58:35.001460] {Default Queue} wp_presentation_feedback#89.presented(0, 20688, 617186472, 0, 0, 0, 0)
[18:58:35.001463] {Default Queue} wp_presentation_feedback#107.sync_output(wl_output#28)
[18:58:35.001464] {Default Queue} wp_presentation_feedback#107.presented(0, 20688, 617186472, 0, 0, 0, 0)
[18:58:35.002578]  -> wl_surface#100.attach(wl_buffer#73, 0, 0)
[18:58:35.002583]  -> wl_surface#100.damage_buffer(0, 0, 1280, 672)
[18:58:35.002585]  -> wl_surface#100.frame(new id wl_callback#107)
[18:58:35.002588] {Default Queue}  -> wp_presentation#20.feedback(wl_surface#100, new id wp_presentation_feedback#89)
[18:58:35.002590]  -> wl_surface#100.commit()
[18:58:35.002657] {Default Queue} wl_buffer#103.release()
[18:58:35.017903] {Display Queue} wl_display#1.delete_id(107)
[18:58:35.017912] {Display Queue} wl_display#1.delete_id(89)
[18:58:35.017913] {Default Queue} wl_callback#107.done(20688633)
[18:58:35.017926] {Default Queue} wp_presentation_feedback#89.sync_output(wl_output#28)
[18:58:35.017928] {Default Queue} wp_presentation_feedback#89.presented(0, 20688, 633658292, 0, 0, 0, 0)
[18:58:35.018948]  -> wl_surface#100.attach(wl_buffer#103, 0, 0)
[18:58:35.018953]  -> wl_surface#100.damage_buffer(0, 0, 1280, 672)
[18:58:35.018954]  -> wl_surface#100.frame(new id wl_callback#89)
[18:58:35.018957] {Default Queue}  -> wp_presentation#20.feedback(wl_surface#100, new id wp_presentation_feedback#107)
[18:58:35.018959]  -> wl_surface#100.commit()
[18:58:35.019027] {Default Queue} wl_buffer#73.release()
[18:58:35.034360] {Display Queue} wl_display#1.delete_id(89)
[18:58:35.034372] {Display Queue} wl_display#1.delete_id(107)
[18:58:35.034373] {Default Queue} wl_callback#89.done(20688650)
[18:58:35.034392] {Default Queue} wp_presentation_feedback#107.sync_output(wl_output#28)
[18:58:35.034393] {Default Queue} wp_presentation_feedback#107.presented(0, 20688, 650113681, 0, 0, 0, 0)
[18:58:35.035438]  -> wl_surface#100.attach(wl_buffer#73, 0, 0)
[18:58:35.035443]  -> wl_surface#100.damage_buffer(0, 0, 1280, 672)
[18:58:35.035445]  -> wl_surface#100.frame(new id wl_callback#107)
[18:58:35.035448] {Default Queue}  -> wp_presentation#20.feedback(wl_surface#100, new id wp_presentation_feedback#89)
[18:58:35.035450]  -> wl_surface#100.commit()
[18:58:35.035540] {Default Queue} wl_buffer#103.release()
[18:58:35.050802] {Display Queue} wl_display#1.delete_id(107)
[18:58:35.050810] {Display Queue} wl_display#1.delete_id(89)
[18:58:35.050811] {Default Queue} wl_callback#107.done(20688666)
[18:58:35.050824] {Default Queue} wp_presentation_feedback#89.sync_output(wl_output#28)
[18:58:35.050825] {Default Queue} wp_presentation_feedback#89.presented(0, 20688, 666563580, 0, 0, 0, 0)
[18:58:35.051839]  -> wl_surface#100.attach(wl_buffer#103, 0, 0)
[18:58:35.051844]  -> wl_surface#100.damage_buffer(0, 0, 1280, 672)
[18:58:35.051845]  -> wl_surface#100.frame(new id wl_callback#89)
[18:58:35.051848] {Default Queue}  -> wp_presentation#20.feedback(wl_surface#100, new id wp_presentation_feedback#107)
[18:58:35.051850]  -> wl_surface#100.commit()
[18:58:35.051921] {Default Queue} wl_buffer#73.release()
[18:58:35.067260] {Display Queue} wl_display#1.delete_id(89)
[18:58:35.067268] {Display Queue} wl_display#1.delete_id(107)
[18:58:35.067269] {Default Queue} wl_callback#89.done(20688683)
[18:58:35.067282] {Default Queue} wp_presentation_feedback#107.sync_output(wl_output#28)
[18:58:35.067283] {Default Queue} wp_presentation_feedback#107.presented(0, 20688, 683021479, 0, 0, 0, 0)
[18:58:35.068283]  -> wl_surface#100.attach(wl_buffer#73, 0, 0)
[18:58:35.068289]  -> wl_surface#100.damage_buffer(0, 0, 1280, 672)
[18:58:35.068291]  -> wl_surface#100.frame(new id wl_callback#107)
[18:58:35.068294] {Default Queue}  -> wp_presentation#20.feedback(wl_surface#100, new id wp_presentation_feedback#89)
[18:58:35.068296]  -> wl_surface#100.commit()
[18:58:35.068368] {Default Queue} wl_buffer#103.release()
[18:58:35.075535] {Default Queue} wl_keyboard#111.key(390, 0, 1, 1)
[18:58:35.077628] {Default Queue} wl_keyboard#111.key(391, 0, 1, 0)
[18:58:35.083773] {Display Queue} wl_display#1.delete_id(107)
[18:58:35.083780] {Display Queue} wl_display#1.delete_id(89)
[18:58:35.083781] {Default Queue} wl_callback#107.done(20688699)
[18:58:35.083795] {Default Queue} wp_presentation_feedback#89.sync_output(wl_output#28)
[18:58:35.083796] {Default Queue} wp_presentation_feedback#89.presented(0, 20688, 699530018, 0, 0, 0, 0)
[18:58:35.084945]  -> wl_surface#100.attach(wl_buffer#103, 0, 0)
[18:58:35.084951]  -> wl_surface#100.damage_buffer(0, 0, 1280, 672)
[18:58:35.084954]  -> wl_surface#100.frame(new id wl_callback#89)
[18:58:35.084957] {Default Queue}  -> wp_presentation#20.feedback(wl_surface#100, new id wp_presentation_feedback#107)
[18:58:35.084959]  -> wl_surface#100.commit()
info: event=services-focus target=other
[18:58:35.085042] {Default Queue} wl_buffer#73.release()
[18:58:35.100227] {Display Queue} wl_display#1.delete_id(89)
[18:58:35.100237] {Display Queue} wl_display#1.delete_id(107)
[18:58:35.100238] {Default Queue} wl_callback#89.done(20688715)
[18:58:35.100252] {Default Queue} wp_presentation_feedback#107.sync_output(wl_output#28)
[18:58:35.100253] {Default Queue} wp_presentation_feedback#107.presented(0, 20688, 715980347, 0, 0, 0, 0)
[18:58:35.101333]  -> wl_surface#100.attach(wl_buffer#73, 0, 0)
[18:58:35.101338]  -> wl_surface#100.damage_buffer(0, 0, 1280, 672)
[18:58:35.101340]  -> wl_surface#100.frame(new id wl_callback#107)
[18:58:35.101342] {Default Queue}  -> wp_presentation#20.feedback(wl_surface#100, new id wp_presentation_feedback#89)
[18:58:35.101345]  -> wl_surface#100.commit()
[18:58:35.101432] {Default Queue} wl_buffer#103.release()
[18:58:35.114886] {Default Queue} wl_keyboard#111.leave(392, wl_surface#100)
[18:58:35.114901] {Default Queue} wl_keyboard#111.leave(393, wl_surface#100)
[18:58:35.114902] {Default Queue} wl_keyboard#111.leave(394, wl_surface#100)
[18:58:35.114903] {Default Queue} wl_seat#3.capabilities(1)
[18:58:35.114905] {Default Queue}  -> wl_keyboard#111.release()
[18:58:35.115542]  -> wl_surface#48.attach(wl_buffer#75, 0, 0)
[18:58:35.115547]  -> wl_surface#48.damage_buffer(0, 0, 1280, 48)
[18:58:35.115549]  -> wl_surface#48.frame(new id wl_callback#105)
[18:58:35.115551] {Default Queue}  -> wp_presentation#20.feedback(wl_surface#48, new id wp_presentation_feedback#90)
[18:58:35.115553]  -> wl_surface#48.commit()
[18:58:35.115756]  -> wl_surface#59.attach(wl_buffer#92, 0, 0)
[18:58:35.115758]  -> wl_surface#59.damage_buffer(0, 0, 1280, 48)
[18:58:35.115759]  -> wl_surface#59.frame(new id wl_callback#110)
[18:58:35.115760] {Default Queue}  -> wp_presentation#20.feedback(wl_surface#59, new id wp_presentation_feedback#72)
[18:58:35.115761]  -> wl_surface#59.commit()
[18:58:35.116283] {Display Queue} wl_display#1.delete_id(111)
[18:58:35.116288] {Default Queue} wl_seat#3.capabilities(3)
[18:58:35.116291] {Default Queue}  -> wl_seat#3.get_keyboard(new id wl_keyboard#111)
[18:58:35.116907] {Display Queue} wl_display#1.delete_id(107)
[18:58:35.116909] {Display Queue} wl_display#1.delete_id(89)
[18:58:35.116910] {Display Queue} wl_display#1.delete_id(110)
[18:58:35.116911] {Display Queue} wl_display#1.delete_id(72)
[18:58:35.116911] {Default Queue} wl_callback#107.done(20688732)
[18:58:35.116918] {Default Queue} wl_buffer#77.release()
[18:58:35.116919] {Default Queue} wl_buffer#85.release()
[18:58:35.116919] {Default Queue} wl_keyboard#111.keymap(1, fd 16, 1436)
[18:58:35.116986] {Default Queue} wl_keyboard#111.repeat_info(40, 400)
[18:58:35.116988] {Default Queue} wl_keyboard#111.enter(396, wl_surface#100, array[0])
[18:58:35.116992] {Default Queue} wl_keyboard#111.modifiers(397, 0, 0, 0, 0)
[18:58:35.116995] {Default Queue} wp_presentation_feedback#89.sync_output(wl_output#28)
[18:58:35.116996] {Default Queue} wp_presentation_feedback#89.presented(0, 20688, 732593248, 0, 0, 0, 0)
[18:58:35.116999] {Default Queue} wl_callback#110.done(20688732)
[18:58:35.117000] {Default Queue} wp_presentation_feedback#72.sync_output(wl_output#31)
[18:58:35.117001] {Default Queue} wp_presentation_feedback#72.presented(0, 20688, 732633148, 0, 0, 0, 0)
[18:58:35.118132]  -> wl_surface#100.attach(wl_buffer#103, 0, 0)
[18:58:35.118135]  -> wl_surface#100.damage_buffer(0, 0, 1280, 672)
[18:58:35.118137]  -> wl_surface#100.frame(new id wl_callback#72)
[18:58:35.118139] {Default Queue}  -> wp_presentation#20.feedback(wl_surface#100, new id wp_presentation_feedback#110)
[18:58:35.118140]  -> wl_surface#100.commit()
[18:58:35.118250] {Default Queue} wl_buffer#73.release()
[18:58:35.132792]  -> wl_surface#59.attach(wl_buffer#85, 0, 0)
[18:58:35.132800]  -> wl_surface#59.damage_buffer(0, 0, 1280, 48)
[18:58:35.132803]  -> wl_surface#59.frame(new id wl_callback#89)
[18:58:35.132805] {Default Queue}  -> wp_presentation#20.feedback(wl_surface#59, new id wp_presentation_feedback#107)
[18:58:35.132808]  -> wl_surface#59.commit()
[18:58:35.133319] {Display Queue} wl_display#1.delete_id(105)
[18:58:35.133324] {Display Queue} wl_display#1.delete_id(72)
[18:58:35.133325] {Display Queue} wl_display#1.delete_id(90)
[18:58:35.133326] {Display Queue} wl_display#1.delete_id(110)
[18:58:35.133327] {Default Queue} wl_callback#105.done(20688749)
[18:58:35.133335] {Default Queue} wl_callback#72.done(20688749)
[18:58:35.133338] {Default Queue} wp_presentation_feedback#90.sync_output(wl_output#28)
[18:58:35.133339] {Default Queue} wp_presentation_feedback#90.presented(0, 20688, 749088637, 0, 0, 0, 0)
[18:58:35.133341] {Default Queue} wp_presentation_feedback#110.sync_output(wl_output#28)
[18:58:35.133343] {Default Queue} wp_presentation_feedback#110.presented(0, 20688, 749088637, 0, 0, 0, 0)
[18:58:35.133632]  -> wl_surface#48.attach(wl_buffer#77, 0, 0)
[18:58:35.133635]  -> wl_surface#48.damage_buffer(0, 0, 1280, 48)
[18:58:35.133637]  -> wl_surface#48.frame(new id wl_callback#110)
[18:58:35.133638] {Default Queue}  -> wp_presentation#20.feedback(wl_surface#48, new id wp_presentation_feedback#90)
[18:58:35.133639]  -> wl_surface#48.commit()
[18:58:35.134521]  -> wl_surface#100.attach(wl_buffer#73, 0, 0)
[18:58:35.134524]  -> wl_surface#100.damage_buffer(0, 0, 1280, 672)
[18:58:35.134526]  -> wl_surface#100.frame(new id wl_callback#72)
[18:58:35.134527] {Default Queue}  -> wp_presentation#20.feedback(wl_surface#100, new id wp_presentation_feedback#105)
[18:58:35.134528]  -> wl_surface#100.commit()
[18:58:35.134550] {Display Queue} wl_display#1.delete_id(89)
[18:58:35.134551] {Display Queue} wl_display#1.delete_id(107)
[18:58:35.134552] {Default Queue} wl_buffer#92.release()
[18:58:35.134554] {Default Queue} wl_callback#89.done(20688749)
[18:58:35.134559] {Default Queue} wp_presentation_feedback#107.sync_output(wl_output#31)
[18:58:35.134560] {Default Queue} wp_presentation_feedback#107.presented(0, 20688, 749154918, 0, 0, 0, 0)
[18:58:35.134592] {Default Queue} wl_buffer#75.release()
[18:58:35.134595] {Default Queue} wl_buffer#103.release()
[18:58:35.149794] {Display Queue} wl_display#1.delete_id(110)
[18:58:35.149802] {Display Queue} wl_display#1.delete_id(72)
[18:58:35.149803] {Display Queue} wl_display#1.delete_id(90)
[18:58:35.149804] {Display Queue} wl_display#1.delete_id(105)
[18:58:35.149804] {Default Queue} wl_callback#110.done(20688765)
[18:58:35.149818] {Default Queue} wl_callback#72.done(20688765)
[18:58:35.149820] {Default Queue} wp_presentation_feedback#90.sync_output(wl_output#28)
[18:58:35.149821] {Default Queue} wp_presentation_feedback#90.presented(0, 20688, 765552716, 0, 0, 0, 0)
[18:58:35.149824] {Default Queue} wp_presentation_feedback#105.sync_output(wl_output#28)
[18:58:35.149825] {Default Queue} wp_presentation_feedback#105.presented(0, 20688, 765552716, 0, 0, 0, 0)
[18:58:35.150879]  -> wl_surface#100.attach(wl_buffer#103, 0, 0)
[18:58:35.150883]  -> wl_surface#100.damage_buffer(0, 0, 1280, 672)
[18:58:35.150884]  -> wl_surface#100.frame(new id wl_callback#105)
[18:58:35.150886] {Default Queue}  -> wp_presentation#20.feedback(wl_surface#100, new id wp_presentation_feedback#90)
[18:58:35.150888]  -> wl_surface#100.commit()
[18:58:35.150951] {Default Queue} wl_buffer#73.release()
[18:58:35.166300] {Display Queue} wl_display#1.delete_id(105)
[18:58:35.166310] {Display Queue} wl_display#1.delete_id(90)
[18:58:35.166311] {Default Queue} wl_callback#105.done(20688782)
[18:58:35.166326] {Default Queue} wp_presentation_feedback#90.sync_output(wl_output#28)
[18:58:35.166328] {Default Queue} wp_presentation_feedback#90.presented(0, 20688, 782058116, 0, 0, 0, 0)
[18:58:35.167411]  -> wl_surface#100.attach(wl_buffer#73, 0, 0)
[18:58:35.167416]  -> wl_surface#100.damage_buffer(0, 0, 1280, 672)
[18:58:35.167418]  -> wl_surface#100.frame(new id wl_callback#90)
[18:58:35.167421] {Default Queue}  -> wp_presentation#20.feedback(wl_surface#100, new id wp_presentation_feedback#105)
[18:58:35.167423]  -> wl_surface#100.commit()
[18:58:35.167493] {Default Queue} wl_buffer#103.release()
[18:58:35.182727] {Display Queue} wl_display#1.delete_id(90)
[18:58:35.182734] {Display Queue} wl_display#1.delete_id(105)
[18:58:35.182736] {Default Queue} wl_callback#90.done(20688798)
[18:58:35.182749] {Default Queue} wp_presentation_feedback#105.sync_output(wl_output#28)
[18:58:35.182751] {Default Queue} wp_presentation_feedback#105.presented(0, 20688, 798488445, 0, 0, 0, 0)
[18:58:35.183813]  -> wl_surface#100.attach(wl_buffer#103, 0, 0)
[18:58:35.183818]  -> wl_surface#100.damage_buffer(0, 0, 1280, 672)
[18:58:35.183820]  -> wl_surface#100.frame(new id wl_callback#105)
[18:58:35.183823] {Default Queue}  -> wp_presentation#20.feedback(wl_surface#100, new id wp_presentation_feedback#90)
[18:58:35.183825]  -> wl_surface#100.commit()
[18:58:35.183906] {Default Queue} wl_buffer#73.release()
[18:58:35.199190] {Display Queue} wl_display#1.delete_id(105)
[18:58:35.199198] {Display Queue} wl_display#1.delete_id(90)
[18:58:35.199199] {Default Queue} wl_callback#105.done(20688814)
[18:58:35.199222] {Default Queue} wp_presentation_feedback#90.sync_output(wl_output#28)
[18:58:35.199224] {Default Queue} wp_presentation_feedback#90.presented(0, 20688, 814949364, 0, 0, 0, 0)
[18:58:35.200332]  -> wl_surface#100.attach(wl_buffer#73, 0, 0)
[18:58:35.200337]  -> wl_surface#100.damage_buffer(0, 0, 1280, 672)
[18:58:35.200338]  -> wl_surface#100.frame(new id wl_callback#90)
[18:58:35.200342] {Default Queue}  -> wp_presentation#20.feedback(wl_surface#100, new id wp_presentation_feedback#105)
[18:58:35.200344]  -> wl_surface#100.commit()
[18:58:35.200412] {Default Queue} wl_buffer#103.release()
[18:58:35.215651] {Display Queue} wl_display#1.delete_id(90)
[18:58:35.215660] {Display Queue} wl_display#1.delete_id(105)
[18:58:35.215661] {Default Queue} wl_callback#90.done(20688831)
[18:58:35.215675] {Default Queue} wp_presentation_feedback#105.sync_output(wl_output#28)
[18:58:35.215677] {Default Queue} wp_presentation_feedback#105.presented(0, 20688, 831411953, 0, 0, 0, 0)
[18:58:35.216729]  -> wl_surface#100.attach(wl_buffer#103, 0, 0)
[18:58:35.216734]  -> wl_surface#100.damage_buffer(0, 0, 1280, 672)
[18:58:35.216736]  -> wl_surface#100.frame(new id wl_callback#105)
[18:58:35.216738] {Default Queue}  -> wp_presentation#20.feedback(wl_surface#100, new id wp_presentation_feedback#90)
[18:58:35.216741]  -> wl_surface#100.commit()
[18:58:35.216772] {Default Queue} wl_keyboard#111.key(398, 0, 1, 1)
[18:58:35.217012] {Default Queue} wl_buffer#73.release()
[18:58:35.218488] {Default Queue} wl_keyboard#111.key(399, 0, 1, 0)
[18:58:35.232189] {Display Queue} wl_display#1.delete_id(105)
[18:58:35.232198] {Display Queue} wl_display#1.delete_id(90)
[18:58:35.232200] {Default Queue} wl_callback#105.done(20688847)
[18:58:35.232222] {Default Queue} wp_presentation_feedback#90.sync_output(wl_output#28)
[18:58:35.232224] {Default Queue} wp_presentation_feedback#90.presented(0, 20688, 847950133, 0, 0, 0, 0)
[18:58:35.233349]  -> wl_surface#100.attach(wl_buffer#73, 0, 0)
[18:58:35.233354]  -> wl_surface#100.damage_buffer(0, 0, 1280, 672)
[18:58:35.233355]  -> wl_surface#100.frame(new id wl_callback#90)
[18:58:35.233357] {Default Queue}  -> wp_presentation#20.feedback(wl_surface#100, new id wp_presentation_feedback#105)
[18:58:35.233359]  -> wl_surface#100.commit()
info: event=services-focus target=other
[18:58:35.233427] {Default Queue} wl_buffer#103.release()
[18:58:35.248618] {Display Queue} wl_display#1.delete_id(90)
[18:58:35.248626] {Display Queue} wl_display#1.delete_id(105)
[18:58:35.248628] {Default Queue} wl_callback#90.done(20688864)
[18:58:35.248642] {Default Queue} wp_presentation_feedback#105.sync_output(wl_output#28)
[18:58:35.248643] {Default Queue} wp_presentation_feedback#105.presented(0, 20688, 864376351, 0, 0, 0, 0)
[18:58:35.249661]  -> wl_surface#100.attach(wl_buffer#103, 0, 0)
[18:58:35.249666]  -> wl_surface#100.damage_buffer(0, 0, 1280, 672)
[18:58:35.249668]  -> wl_surface#100.frame(new id wl_callback#105)
[18:58:35.249670] {Default Queue}  -> wp_presentation#20.feedback(wl_surface#100, new id wp_presentation_feedback#90)
[18:58:35.249672]  -> wl_surface#100.commit()
[18:58:35.249737] {Default Queue} wl_buffer#73.release()
[18:58:35.255745] {Default Queue} wl_keyboard#111.leave(400, wl_surface#100)
[18:58:35.255768] {Default Queue} wl_keyboard#111.leave(401, wl_surface#100)
[18:58:35.255772] {Default Queue} wl_keyboard#111.leave(402, wl_surface#100)
[18:58:35.255774] {Default Queue} wl_seat#3.capabilities(1)
[18:58:35.255776] {Default Queue}  -> wl_keyboard#111.release()
[18:58:35.256489]  -> wl_surface#48.attach(wl_buffer#75, 0, 0)
[18:58:35.256494]  -> wl_surface#48.damage_buffer(0, 0, 1280, 48)
[18:58:35.256496]  -> wl_surface#48.frame(new id wl_callback#72)
[18:58:35.256499] {Default Queue}  -> wp_presentation#20.feedback(wl_surface#48, new id wp_presentation_feedback#110)
[18:58:35.256502]  -> wl_surface#48.commit()
[18:58:35.256846]  -> wl_surface#59.attach(wl_buffer#92, 0, 0)
[18:58:35.256849]  -> wl_surface#59.damage_buffer(0, 0, 1280, 48)
[18:58:35.256850]  -> wl_surface#59.frame(new id wl_callback#107)
[18:58:35.256852] {Default Queue}  -> wp_presentation#20.feedback(wl_surface#59, new id wp_presentation_feedback#89)
[18:58:35.256853]  -> wl_surface#59.commit()
[18:58:35.257408] {Display Queue} wl_display#1.delete_id(111)
[18:58:35.257413] {Default Queue} wl_seat#3.capabilities(3)
[18:58:35.257416] {Default Queue}  -> wl_seat#3.get_keyboard(new id wl_keyboard#111)
[18:58:35.257546] {Display Queue} wl_display#1.delete_id(107)
[18:58:35.257548] {Display Queue} wl_display#1.delete_id(89)
[18:58:35.257549] {Default Queue} wl_buffer#77.release()
[18:58:35.257550] {Default Queue} wl_buffer#85.release()
[18:58:35.257550] {Default Queue} wl_callback#107.done(20688873)
[18:58:35.257556] {Default Queue} wp_presentation_feedback#89.sync_output(wl_output#31)
[18:58:35.257558] {Default Queue} wp_presentation_feedback#89.presented(0, 20688, 873311012, 0, 0, 0, 0)
[18:58:35.257560] {Default Queue} wl_keyboard#111.keymap(1, fd 16, 1436)
[18:58:35.257625] {Default Queue} wl_keyboard#111.repeat_info(40, 400)
[18:58:35.257627] {Default Queue} wl_keyboard#111.enter(404, wl_surface#100, array[0])
[18:58:35.257631] {Default Queue} wl_keyboard#111.modifiers(405, 0, 0, 0, 0)
[18:58:35.265114] {Display Queue} wl_display#1.delete_id(72)
[18:58:35.265122] {Display Queue} wl_display#1.delete_id(105)
[18:58:35.265123] {Display Queue} wl_display#1.delete_id(110)
[18:58:35.265124] {Display Queue} wl_display#1.delete_id(90)
[18:58:35.265125] {Default Queue} wl_callback#72.done(20688880)
[18:58:35.265137] {Default Queue} wl_callback#105.done(20688880)
[18:58:35.265140] {Default Queue} wp_presentation_feedback#110.sync_output(wl_output#28)
[18:58:35.265141] {Default Queue} wp_presentation_feedback#110.presented(0, 20688, 880878661, 0, 0, 0, 0)
[18:58:35.265144] {Default Queue} wp_presentation_feedback#90.sync_output(wl_output#28)
[18:58:35.265144] {Default Queue} wp_presentation_feedback#90.presented(0, 20688, 880878661, 0, 0, 0, 0)
[18:58:35.266268]  -> wl_surface#100.attach(wl_buffer#73, 0, 0)
[18:58:35.266274]  -> wl_surface#100.damage_buffer(0, 0, 1280, 672)
[18:58:35.266277]  -> wl_surface#100.frame(new id wl_callback#90)
[18:58:35.266279] {Default Queue}  -> wp_presentation#20.feedback(wl_surface#100, new id wp_presentation_feedback#110)
[18:58:35.266281]  -> wl_surface#100.commit()
[18:58:35.266549]  -> wl_surface#48.attach(wl_buffer#77, 0, 0)
[18:58:35.266551]  -> wl_surface#48.damage_buffer(0, 0, 1280, 48)
[18:58:35.266552]  -> wl_surface#48.frame(new id wl_callback#105)
[18:58:35.266553] {Default Queue}  -> wp_presentation#20.feedback(wl_surface#48, new id wp_presentation_feedback#72)
[18:58:35.266554]  -> wl_surface#48.commit()
[18:58:35.266568] {Default Queue} wl_buffer#103.release()
[18:58:35.266594] {Default Queue} wl_buffer#75.release()
[18:58:35.274082]  -> wl_surface#59.attach(wl_buffer#85, 0, 0)
[18:58:35.274087]  -> wl_surface#59.damage_buffer(0, 0, 1280, 48)
[18:58:35.274089]  -> wl_surface#59.frame(new id wl_callback#89)
[18:58:35.274091] {Default Queue}  -> wp_presentation#20.feedback(wl_surface#59, new id wp_presentation_feedback#107)
[18:58:35.274093]  -> wl_surface#59.commit()
[18:58:35.274188] {Display Queue} wl_display#1.delete_id(89)
[18:58:35.274193] {Display Queue} wl_display#1.delete_id(107)
[18:58:35.274194] {Default Queue} wl_buffer#92.release()
[18:58:35.274195] {Default Queue} wl_callback#89.done(20688889)
[18:58:35.274202] {Default Queue} wp_presentation_feedback#107.sync_output(wl_output#31)
[18:58:35.274203] {Default Queue} wp_presentation_feedback#107.presented(0, 20688, 889966133, 0, 0, 0, 0)
[18:58:35.281660] {Display Queue} wl_display#1.delete_id(105)
[18:58:35.281666] {Display Queue} wl_display#1.delete_id(90)
[18:58:35.281667] {Display Queue} wl_display#1.delete_id(72)
[18:58:35.281668] {Display Queue} wl_display#1.delete_id(110)
[18:58:35.281669] {Default Queue} wl_callback#105.done(20688897)
[18:58:35.281680] {Default Queue} wl_callback#90.done(20688897)
[18:58:35.281682] {Default Queue} wp_presentation_feedback#72.sync_output(wl_output#28)
[18:58:35.281683] {Default Queue} wp_presentation_feedback#72.presented(0, 20688, 897424301, 0, 0, 0, 0)
[18:58:35.281686] {Default Queue} wp_presentation_feedback#110.sync_output(wl_output#28)
[18:58:35.281686] {Default Queue} wp_presentation_feedback#110.presented(0, 20688, 897424301, 0, 0, 0, 0)
[18:58:35.282850]  -> wl_surface#100.attach(wl_buffer#103, 0, 0)
[18:58:35.282856]  -> wl_surface#100.damage_buffer(0, 0, 1280, 672)
[18:58:35.282867]  -> wl_surface#100.frame(new id wl_callback#110)
[18:58:35.282869] {Default Queue}  -> wp_presentation#20.feedback(wl_surface#100, new id wp_presentation_feedback#72)
[18:58:35.282872]  -> wl_surface#100.commit()
[18:58:35.283012] {Default Queue} wl_buffer#73.release()
[18:58:35.298149] {Display Queue} wl_display#1.delete_id(110)
[18:58:35.298157] {Display Queue} wl_display#1.delete_id(72)
[18:58:35.298158] {Default Queue} wl_callback#110.done(20688913)
[18:58:35.298171] {Default Queue} wp_presentation_feedback#72.sync_output(wl_output#28)
[18:58:35.298173] {Default Queue} wp_presentation_feedback#72.presented(0, 20688, 913911250, 0, 0, 0, 0)
[18:58:35.299213]  -> wl_surface#100.attach(wl_buffer#73, 0, 0)
[18:58:35.299218]  -> wl_surface#100.damage_buffer(0, 0, 1280, 672)
[18:58:35.299220]  -> wl_surface#100.frame(new id wl_callback#72)
[18:58:35.299223] {Default Queue}  -> wp_presentation#20.feedback(wl_surface#100, new id wp_presentation_feedback#110)
[18:58:35.299225]  -> wl_surface#100.commit()
[18:58:35.299312] {Default Queue} wl_buffer#103.release()
[18:58:35.314639] {Display Queue} wl_display#1.delete_id(72)
[18:58:35.314647] {Display Queue} wl_display#1.delete_id(110)
[18:58:35.314648] {Default Queue} wl_callback#72.done(20688930)
[18:58:35.314662] {Default Queue} wp_presentation_feedback#110.sync_output(wl_output#28)
[18:58:35.314663] {Default Queue} wp_presentation_feedback#110.presented(0, 20688, 930399660, 0, 0, 0, 0)
[18:58:35.315648]  -> wl_surface#100.attach(wl_buffer#103, 0, 0)
[18:58:35.315653]  -> wl_surface#100.damage_buffer(0, 0, 1280, 672)
[18:58:35.315654]  -> wl_surface#100.frame(new id wl_callback#110)
[18:58:35.315657] {Default Queue}  -> wp_presentation#20.feedback(wl_surface#100, new id wp_presentation_feedback#72)
[18:58:35.315659]  -> wl_surface#100.commit()
[18:58:35.315721] {Default Queue} wl_buffer#73.release()
[18:58:35.331076] {Display Queue} wl_display#1.delete_id(110)
[18:58:35.331083] {Display Queue} wl_display#1.delete_id(72)
[18:58:35.331085] {Default Queue} wl_callback#110.done(20688946)
[18:58:35.331098] {Default Queue} wp_presentation_feedback#72.sync_output(wl_output#28)
[18:58:35.331099] {Default Queue} wp_presentation_feedback#72.presented(0, 20688, 946839978, 0, 0, 0, 0)
[18:58:35.332096]  -> wl_surface#100.attach(wl_buffer#73, 0, 0)
[18:58:35.332100]  -> wl_surface#100.damage_buffer(0, 0, 1280, 672)
[18:58:35.332103]  -> wl_surface#100.frame(new id wl_callback#72)
[18:58:35.332105] {Default Queue}  -> wp_presentation#20.feedback(wl_surface#100, new id wp_presentation_feedback#110)
[18:58:35.332107]  -> wl_surface#100.commit()
[18:58:35.332178] {Default Queue} wl_buffer#103.release()
[18:58:35.347565] {Display Queue} wl_display#1.delete_id(72)
[18:58:35.347573] {Display Queue} wl_display#1.delete_id(110)
[18:58:35.347575] {Default Queue} wl_callback#72.done(20688963)
[18:58:35.347589] {Default Queue} wp_presentation_feedback#110.sync_output(wl_output#28)
[18:58:35.347591] {Default Queue} wp_presentation_feedback#110.presented(0, 20688, 963317418, 0, 0, 0, 0)
[18:58:35.348596]  -> wl_surface#100.attach(wl_buffer#103, 0, 0)
[18:58:35.348601]  -> wl_surface#100.damage_buffer(0, 0, 1280, 672)
[18:58:35.348603]  -> wl_surface#100.frame(new id wl_callback#110)
[18:58:35.348605] {Default Queue}  -> wp_presentation#20.feedback(wl_surface#100, new id wp_presentation_feedback#72)
[18:58:35.348607]  -> wl_surface#100.commit()
[18:58:35.348675] {Default Queue} wl_buffer#73.release()
[18:58:35.357512] {Default Queue} wl_keyboard#111.key(406, 0, 1, 1)
[18:58:35.359586] {Default Queue} wl_keyboard#111.key(407, 0, 1, 0)
[18:58:35.363977] {Display Queue} wl_display#1.delete_id(110)
[18:58:35.363983] {Display Queue} wl_display#1.delete_id(72)
[18:58:35.363984] {Default Queue} wl_callback#110.done(20688979)
[18:58:35.363995] {Default Queue} wp_presentation_feedback#72.sync_output(wl_output#28)
[18:58:35.363997] {Default Queue} wp_presentation_feedback#72.presented(0, 20688, 979755547, 0, 0, 0, 0)
[18:58:35.365101]  -> wl_surface#100.attach(wl_buffer#73, 0, 0)
[18:58:35.365107]  -> wl_surface#100.damage_buffer(0, 0, 1280, 672)
[18:58:35.365109]  -> wl_surface#100.frame(new id wl_callback#72)
[18:58:35.365112] {Default Queue}  -> wp_presentation#20.feedback(wl_surface#100, new id wp_presentation_feedback#110)
[18:58:35.365115]  -> wl_surface#100.commit()
info: event=services-focus target=other
[18:58:35.365200] {Default Queue} wl_buffer#103.release()
[18:58:35.380452] {Display Queue} wl_display#1.delete_id(72)
[18:58:35.380460] {Display Queue} wl_display#1.delete_id(110)
[18:58:35.380461] {Default Queue} wl_callback#72.done(20688996)
[18:58:35.380474] {Default Queue} wp_presentation_feedback#110.sync_output(wl_output#28)
[18:58:35.380475] {Default Queue} wp_presentation_feedback#110.presented(0, 20688, 996212496, 0, 0, 0, 0)
[18:58:35.381445]  -> wl_surface#100.attach(wl_buffer#103, 0, 0)
[18:58:35.381449]  -> wl_surface#100.damage_buffer(0, 0, 1280, 672)
[18:58:35.381451]  -> wl_surface#100.frame(new id wl_callback#110)
[18:58:35.381453] {Default Queue}  -> wp_presentation#20.feedback(wl_surface#100, new id wp_presentation_feedback#72)
[18:58:35.381455]  -> wl_surface#100.commit()
[18:58:35.381516] {Default Queue} wl_buffer#73.release()
[18:58:35.396971] {Display Queue} wl_display#1.delete_id(110)
[18:58:35.396980] {Display Queue} wl_display#1.delete_id(72)
[18:58:35.396981] {Default Queue} wl_callback#110.done(20689012)
[18:58:35.396995] {Default Queue} wp_presentation_feedback#72.sync_output(wl_output#28)
[18:58:35.396996] {Default Queue} wp_presentation_feedback#72.presented(0, 20689, 12730395, 0, 0, 0, 0)
[18:58:35.398045]  -> wl_surface#100.attach(wl_buffer#73, 0, 0)
[18:58:35.398050]  -> wl_surface#100.damage_buffer(0, 0, 1280, 672)
[18:58:35.398052]  -> wl_surface#100.frame(new id wl_callback#72)
[18:58:35.398054] {Default Queue}  -> wp_presentation#20.feedback(wl_surface#100, new id wp_presentation_feedback#110)
[18:58:35.398056]  -> wl_surface#100.commit()
[18:58:35.398084] {Default Queue} wl_keyboard#111.leave(408, wl_surface#100)
[18:58:35.398090] {Default Queue} wl_keyboard#111.leave(409, wl_surface#100)
[18:58:35.398091] {Default Queue} wl_keyboard#111.leave(410, wl_surface#100)
[18:58:35.398091] {Default Queue} wl_seat#3.capabilities(1)
[18:58:35.398093] {Default Queue}  -> wl_keyboard#111.release()
[18:58:35.398303] {Default Queue} wl_seat#3.capabilities(3)
[18:58:35.398306] {Default Queue}  -> wl_seat#3.get_keyboard(new id wl_keyboard#90)
[18:58:35.398680]  -> wl_surface#48.attach(wl_buffer#75, 0, 0)
[18:58:35.398684]  -> wl_surface#48.damage_buffer(0, 0, 1280, 48)
[18:58:35.398685]  -> wl_surface#48.frame(new id wl_callback#105)
[18:58:35.398686] {Default Queue}  -> wp_presentation#20.feedback(wl_surface#48, new id wp_presentation_feedback#107)
[18:58:35.398688]  -> wl_surface#48.commit()
[18:58:35.398871]  -> wl_surface#59.attach(wl_buffer#92, 0, 0)
[18:58:35.398873]  -> wl_surface#59.damage_buffer(0, 0, 1280, 48)
[18:58:35.398874]  -> wl_surface#59.frame(new id wl_callback#89)
[18:58:35.398875] {Default Queue}  -> wp_presentation#20.feedback(wl_surface#59, new id wp_presentation_feedback#112)
[18:58:35.398876]  -> wl_surface#59.commit()
[18:58:35.398889] {Display Queue} wl_display#1.delete_id(111)
[18:58:35.398890] {Default Queue} wl_buffer#103.release()
[18:58:35.398891] {Default Queue} wl_keyboard#90.keymap(1, fd 16, 1436)
[18:58:35.398955] {Default Queue} wl_keyboard#90.repeat_info(40, 400)
[18:58:35.398957] {Default Queue} wl_keyboard#90.enter(412, wl_surface#100, array[0])
[18:58:35.398960] {Default Queue} wl_keyboard#90.modifiers(413, 0, 0, 0, 0)
[18:58:35.399064] {Display Queue} wl_display#1.delete_id(89)
[18:58:35.399065] {Display Queue} wl_display#1.delete_id(112)
[18:58:35.399066] {Default Queue} wl_buffer#77.release()
[18:58:35.399066] {Default Queue} wl_buffer#85.release()
[18:58:35.399067] {Default Queue} wl_callback#89.done(20689014)
[18:58:35.399071] {Default Queue} wp_presentation_feedback#112.sync_output(wl_output#31)
[18:58:35.399071] {Default Queue} wp_presentation_feedback#112.presented(0, 20689, 14732913, 0, 0, 0, 0)
[18:58:35.413445] {Display Queue} wl_display#1.delete_id(105)
[18:58:35.413453] {Display Queue} wl_display#1.delete_id(72)
[18:58:35.413454] {Display Queue} wl_display#1.delete_id(107)
[18:58:35.413455] {Display Queue} wl_display#1.delete_id(110)
[18:58:35.413456] {Default Queue} wl_callback#105.done(20689029)
[18:58:35.413469] {Default Queue} wl_callback#72.done(20689029)
[18:58:35.413472] {Default Queue} wp_presentation_feedback#107.sync_output(wl_output#28)
[18:58:35.413473] {Default Queue} wp_presentation_feedback#107.presented(0, 20689, 29206985, 0, 0, 0, 0)
[18:58:35.413476] {Default Queue} wp_presentation_feedback#110.sync_output(wl_output#28)
[18:58:35.413477] {Default Queue} wp_presentation_feedback#110.presented(0, 20689, 29206985, 0, 0, 0, 0)
[18:58:35.414537]  -> wl_surface#100.attach(wl_buffer#103, 0, 0)
[18:58:35.414541]  -> wl_surface#100.damage_buffer(0, 0, 1280, 672)
[18:58:35.414542]  -> wl_surface#100.frame(new id wl_callback#110)
[18:58:35.414545] {Default Queue}  -> wp_presentation#20.feedback(wl_surface#100, new id wp_presentation_feedback#107)
[18:58:35.414546]  -> wl_surface#100.commit()
[18:58:35.414773]  -> wl_surface#48.attach(wl_buffer#77, 0, 0)
[18:58:35.414775]  -> wl_surface#48.damage_buffer(0, 0, 1280, 48)
[18:58:35.414776]  -> wl_surface#48.frame(new id wl_callback#72)
[18:58:35.414777] {Default Queue}  -> wp_presentation#20.feedback(wl_surface#48, new id wp_presentation_feedback#105)
[18:58:35.414778]  -> wl_surface#48.commit()
[18:58:35.414791] {Default Queue} wl_buffer#73.release()
[18:58:35.414813] {Default Queue} wl_buffer#75.release()
[18:58:35.415304]  -> wl_surface#59.attach(wl_buffer#85, 0, 0)
[18:58:35.415305]  -> wl_surface#59.damage_buffer(0, 0, 1280, 48)
[18:58:35.415306]  -> wl_surface#59.frame(new id wl_callback#112)
[18:58:35.415308] {Default Queue}  -> wp_presentation#20.feedback(wl_surface#59, new id wp_presentation_feedback#89)
[18:58:35.415309]  -> wl_surface#59.commit()
[18:58:35.415369] {Display Queue} wl_display#1.delete_id(112)
[18:58:35.415370] {Display Queue} wl_display#1.delete_id(89)
[18:58:35.415371] {Default Queue} wl_buffer#92.release()
[18:58:35.415372] {Default Queue} wl_callback#112.done(20689031)
[18:58:35.415376] {Default Queue} wp_presentation_feedback#89.sync_output(wl_output#31)
[18:58:35.415377] {Default Queue} wp_presentation_feedback#89.presented(0, 20689, 31154882, 0, 0, 0, 0)
[18:58:35.430003] {Display Queue} wl_display#1.delete_id(72)
[18:58:35.430012] {Display Queue} wl_display#1.delete_id(110)
[18:58:35.430013] {Display Queue} wl_display#1.delete_id(105)
[18:58:35.430014] {Display Queue} wl_display#1.delete_id(107)
[18:58:35.430014] {Default Queue} wl_callback#72.done(20689045)
[18:58:35.430029] {Default Queue} wl_callback#110.done(20689045)
[18:58:35.430031] {Default Queue} wp_presentation_feedback#105.sync_output(wl_output#28)
[18:58:35.430033] {Default Queue} wp_presentation_feedback#105.presented(0, 20689, 45757964, 0, 0, 0, 0)
[18:58:35.430035] {Default Queue} wp_presentation_feedback#107.sync_output(wl_output#28)
[18:58:35.430036] {Default Queue} wp_presentation_feedback#107.presented(0, 20689, 45757964, 0, 0, 0, 0)
[18:58:35.431005]  -> wl_surface#100.attach(wl_buffer#73, 0, 0)
[18:58:35.431010]  -> wl_surface#100.damage_buffer(0, 0, 1280, 672)
[18:58:35.431011]  -> wl_surface#100.frame(new id wl_callback#107)
[18:58:35.431013] {Default Queue}  -> wp_presentation#20.feedback(wl_surface#100, new id wp_presentation_feedback#105)
[18:58:35.431015]  -> wl_surface#100.commit()
[18:58:35.431071] {Default Queue} wl_buffer#103.release()
[18:58:35.446452] {Display Queue} wl_display#1.delete_id(107)
[18:58:35.446459] {Display Queue} wl_display#1.delete_id(105)
[18:58:35.446461] {Default Queue} wl_callback#107.done(20689062)
[18:58:35.446476] {Default Queue} wp_presentation_feedback#105.sync_output(wl_output#28)
[18:58:35.446477] {Default Queue} wp_presentation_feedback#105.presented(0, 20689, 62212104, 0, 0, 0, 0)
[18:58:35.447451]  -> wl_surface#100.attach(wl_buffer#103, 0, 0)
[18:58:35.447456]  -> wl_surface#100.damage_buffer(0, 0, 1280, 672)
[18:58:35.447458]  -> wl_surface#100.frame(new id wl_callback#105)
[18:58:35.447460] {Default Queue}  -> wp_presentation#20.feedback(wl_surface#100, new id wp_presentation_feedback#107)
[18:58:35.447461]  -> wl_surface#100.commit()
[18:58:35.447530] {Default Queue} wl_buffer#73.release()
[18:58:35.462904] {Display Queue} wl_display#1.delete_id(105)
[18:58:35.462912] {Display Queue} wl_display#1.delete_id(107)
[18:58:35.462913] {Default Queue} wl_callback#105.done(20689078)
[18:58:35.462926] {Default Queue} wp_presentation_feedback#107.sync_output(wl_output#28)
[18:58:35.462928] {Default Queue} wp_presentation_feedback#107.presented(0, 20689, 78666803, 0, 0, 0, 0)
[18:58:35.463902]  -> wl_surface#100.attach(wl_buffer#73, 0, 0)
[18:58:35.463906]  -> wl_surface#100.damage_buffer(0, 0, 1280, 672)
[18:58:35.463907]  -> wl_surface#100.frame(new id wl_callback#107)
[18:58:35.463909] {Default Queue}  -> wp_presentation#20.feedback(wl_surface#100, new id wp_presentation_feedback#105)
[18:58:35.463911]  -> wl_surface#100.commit()
[18:58:35.463981] {Default Queue} wl_buffer#103.release()
[18:58:35.479405] {Display Queue} wl_display#1.delete_id(107)
[18:58:35.479414] {Display Queue} wl_display#1.delete_id(105)
[18:58:35.479416] {Default Queue} wl_callback#107.done(20689095)
[18:58:35.479430] {Default Queue} wp_presentation_feedback#105.sync_output(wl_output#28)
[18:58:35.479431] {Default Queue} wp_presentation_feedback#105.presented(0, 20689, 95163562, 0, 0, 0, 0)
[18:58:35.480433]  -> wl_surface#100.attach(wl_buffer#103, 0, 0)
[18:58:35.480437]  -> wl_surface#100.damage_buffer(0, 0, 1280, 672)
[18:58:35.480439]  -> wl_surface#100.frame(new id wl_callback#105)
[18:58:35.480441] {Default Queue}  -> wp_presentation#20.feedback(wl_surface#100, new id wp_presentation_feedback#107)
[18:58:35.480443]  -> wl_surface#100.commit()
[18:58:35.480512] {Default Queue} wl_buffer#73.release()
[18:58:35.495916] {Display Queue} wl_display#1.delete_id(105)
[18:58:35.495925] {Display Queue} wl_display#1.delete_id(107)
[18:58:35.495927] {Default Queue} wl_callback#105.done(20689111)
[18:58:35.495941] {Default Queue} wp_presentation_feedback#107.sync_output(wl_output#28)
[18:58:35.495943] {Default Queue} wp_presentation_feedback#107.presented(0, 20689, 111675612, 0, 0, 0, 0)
[18:58:35.497043]  -> wl_surface#100.attach(wl_buffer#73, 0, 0)
[18:58:35.497049]  -> wl_surface#100.damage_buffer(0, 0, 1280, 672)
[18:58:35.497051]  -> wl_surface#100.frame(new id wl_callback#107)
[18:58:35.497054] {Default Queue}  -> wp_presentation#20.feedback(wl_surface#100, new id wp_presentation_feedback#105)
[18:58:35.497056]  -> wl_surface#100.commit()
[18:58:35.497146] {Default Queue} wl_buffer#103.release()
[18:58:35.498411] {Default Queue} wl_keyboard#90.key(414, 0, 1, 1)
[18:58:35.500491] {Default Queue} wl_keyboard#90.key(415, 0, 1, 0)
[18:58:35.512427] {Display Queue} wl_display#1.delete_id(107)
[18:58:35.512434] {Display Queue} wl_display#1.delete_id(105)
[18:58:35.512435] {Default Queue} wl_callback#107.done(20689128)
[18:58:35.512449] {Default Queue} wp_presentation_feedback#105.sync_output(wl_output#28)
[18:58:35.512450] {Default Queue} wp_presentation_feedback#105.presented(0, 20689, 128189481, 0, 0, 0, 0)
[18:58:35.513482]  -> wl_surface#100.attach(wl_buffer#103, 0, 0)
[18:58:35.513486]  -> wl_surface#100.damage_buffer(0, 0, 1280, 672)
[18:58:35.513488]  -> wl_surface#100.frame(new id wl_callback#105)
[18:58:35.513490] {Default Queue}  -> wp_presentation#20.feedback(wl_surface#100, new id wp_presentation_feedback#107)
[18:58:35.513492]  -> wl_surface#100.commit()
info: event=services-focus target=other
[18:58:35.513556] {Default Queue} wl_buffer#73.release()
[18:58:35.528875] {Display Queue} wl_display#1.delete_id(105)
[18:58:35.528883] {Display Queue} wl_display#1.delete_id(107)
[18:58:35.528884] {Default Queue} wl_callback#105.done(20689144)
[18:58:35.528899] {Default Queue} wp_presentation_feedback#107.sync_output(wl_output#28)
[18:58:35.528901] {Default Queue} wp_presentation_feedback#107.presented(0, 20689, 144634690, 0, 0, 0, 0)
[18:58:35.529897]  -> wl_surface#100.attach(wl_buffer#73, 0, 0)
[18:58:35.529902]  -> wl_surface#100.damage_buffer(0, 0, 1280, 672)
[18:58:35.529904]  -> wl_surface#100.frame(new id wl_callback#107)
[18:58:35.529906] {Default Queue}  -> wp_presentation#20.feedback(wl_surface#100, new id wp_presentation_feedback#105)
[18:58:35.529908]  -> wl_surface#100.commit()
[18:58:35.529985] {Default Queue} wl_buffer#103.release()
[18:58:35.537767] {Default Queue} wl_keyboard#90.leave(416, wl_surface#100)
[18:58:35.537779] {Default Queue} wl_keyboard#90.leave(417, wl_surface#100)
[18:58:35.537780] {Default Queue} wl_keyboard#90.leave(418, wl_surface#100)
[18:58:35.537781] {Default Queue} wl_seat#3.capabilities(1)
[18:58:35.537783] {Default Queue}  -> wl_keyboard#90.release()
[18:58:35.538447]  -> wl_surface#48.attach(wl_buffer#75, 0, 0)
[18:58:35.538451]  -> wl_surface#48.damage_buffer(0, 0, 1280, 48)
[18:58:35.538452]  -> wl_surface#48.frame(new id wl_callback#110)
[18:58:35.538455] {Default Queue}  -> wp_presentation#20.feedback(wl_surface#48, new id wp_presentation_feedback#72)
[18:58:35.538456]  -> wl_surface#48.commit()
[18:58:35.538668]  -> wl_surface#59.attach(wl_buffer#92, 0, 0)
[18:58:35.538669]  -> wl_surface#59.damage_buffer(0, 0, 1280, 48)
[18:58:35.538671]  -> wl_surface#59.frame(new id wl_callback#89)
[18:58:35.538672] {Default Queue}  -> wp_presentation#20.feedback(wl_surface#59, new id wp_presentation_feedback#112)
[18:58:35.538673]  -> wl_surface#59.commit()
[18:58:35.539265] {Display Queue} wl_display#1.delete_id(90)
[18:58:35.539269] {Default Queue} wl_seat#3.capabilities(3)
[18:58:35.539271] {Default Queue}  -> wl_seat#3.get_keyboard(new id wl_keyboard#90)
[18:58:35.539418] {Display Queue} wl_display#1.delete_id(89)
[18:58:35.539422] {Display Queue} wl_display#1.delete_id(112)
[18:58:35.539424] {Default Queue} wl_buffer#77.release()
[18:58:35.539425] {Default Queue} wl_buffer#85.release()
[18:58:35.539426] {Default Queue} wl_callback#89.done(20689155)
[18:58:35.539430] {Default Queue} wp_presentation_feedback#112.sync_output(wl_output#31)
[18:58:35.539432] {Default Queue} wp_presentation_feedback#112.presented(0, 20689, 155141905, 0, 0, 0, 0)
[18:58:35.539434] {Default Queue} wl_keyboard#90.keymap(1, fd 16, 1436)
[18:58:35.539497] {Default Queue} wl_keyboard#90.repeat_info(40, 400)
[18:58:35.539499] {Default Queue} wl_keyboard#90.enter(420, wl_surface#100, array[0])
[18:58:35.539504] {Default Queue} wl_keyboard#90.modifiers(421, 0, 0, 0, 0)
[18:58:35.545304] {Display Queue} wl_display#1.delete_id(110)
[18:58:35.545309] {Display Queue} wl_display#1.delete_id(107)
[18:58:35.545311] {Display Queue} wl_display#1.delete_id(72)
[18:58:35.545311] {Display Queue} wl_display#1.delete_id(105)
[18:58:35.545312] {Default Queue} wl_callback#110.done(20689161)
[18:58:35.545321] {Default Queue} wl_callback#107.done(20689161)
[18:58:35.545323] {Default Queue} wp_presentation_feedback#72.sync_output(wl_output#28)
[18:58:35.545325] {Default Queue} wp_presentation_feedback#72.presented(0, 20689, 161072149, 0, 0, 0, 0)
[18:58:35.545327] {Default Queue} wp_presentation_feedback#105.sync_output(wl_output#28)
[18:58:35.545328] {Default Queue} wp_presentation_feedback#105.presented(0, 20689, 161072149, 0, 0, 0, 0)
[18:58:35.546371]  -> wl_surface#100.attach(wl_buffer#103, 0, 0)
[18:58:35.546376]  -> wl_surface#100.damage_buffer(0, 0, 1280, 672)
[18:58:35.546378]  -> wl_surface#100.frame(new id wl_callback#105)
[18:58:35.546380] {Default Queue}  -> wp_presentation#20.feedback(wl_surface#100, new id wp_presentation_feedback#72)
[18:58:35.546382]  -> wl_surface#100.commit()
[18:58:35.546600]  -> wl_surface#48.attach(wl_buffer#77, 0, 0)
[18:58:35.546602]  -> wl_surface#48.damage_buffer(0, 0, 1280, 48)
[18:58:35.546603]  -> wl_surface#48.frame(new id wl_callback#107)
[18:58:35.546604] {Default Queue}  -> wp_presentation#20.feedback(wl_surface#48, new id wp_presentation_feedback#110)
[18:58:35.546605]  -> wl_surface#48.commit()
[18:58:35.546617] {Default Queue} wl_buffer#73.release()
[18:58:35.546629] {Default Queue} wl_buffer#75.release()
[18:58:35.555958]  -> wl_surface#59.attach(wl_buffer#85, 0, 0)
[18:58:35.555964]  -> wl_surface#59.damage_buffer(0, 0, 1280, 48)
[18:58:35.555966]  -> wl_surface#59.frame(new id wl_callback#112)
[18:58:35.555968] {Default Queue}  -> wp_presentation#20.feedback(wl_surface#59, new id wp_presentation_feedback#89)
[18:58:35.555969]  -> wl_surface#59.commit()
[18:58:35.556080] {Display Queue} wl_display#1.delete_id(112)
[18:58:35.556084] {Display Queue} wl_display#1.delete_id(89)
[18:58:35.556085] {Default Queue} wl_buffer#92.release()
[18:58:35.556087] {Default Queue} wl_callback#112.done(20689171)
[18:58:35.556094] {Default Queue} wp_presentation_feedback#89.sync_output(wl_output#31)
[18:58:35.556095] {Default Queue} wp_presentation_feedback#89.presented(0, 20689, 171856847, 0, 0, 0, 0)
[18:58:35.561770] {Display Queue} wl_display#1.delete_id(107)
[18:58:35.561774] {Display Queue} wl_display#1.delete_id(105)
[18:58:35.561775] {Display Queue} wl_display#1.delete_id(110)
[18:58:35.561776] {Display Queue} wl_display#1.delete_id(72)
[18:58:35.561776] {Default Queue} wl_callback#107.done(20689177)
[18:58:35.561782] {Default Queue} wl_callback#105.done(20689177)
[18:58:35.561784] {Default Queue} wp_presentation_feedback#110.sync_output(wl_output#28)
[18:58:35.561786] {Default Queue} wp_presentation_feedback#110.presented(0, 20689, 177544278, 0, 0, 0, 0)
[18:58:35.561788] {Default Queue} wp_presentation_feedback#72.sync_output(wl_output#28)
[18:58:35.561789] {Default Queue} wp_presentation_feedback#72.presented(0, 20689, 177544278, 0, 0, 0, 0)
[18:58:35.562754]  -> wl_surface#100.attach(wl_buffer#73, 0, 0)
[18:58:35.562758]  -> wl_surface#100.damage_buffer(0, 0, 1280, 672)
[18:58:35.562760]  -> wl_surface#100.frame(new id wl_callback#72)
[18:58:35.562762] {Default Queue}  -> wp_presentation#20.feedback(wl_surface#100, new id wp_presentation_feedback#110)
[18:58:35.562764]  -> wl_surface#100.commit()
[18:58:35.562825] {Default Queue} wl_buffer#103.release()
[18:58:35.578249] {Display Queue} wl_display#1.delete_id(72)
[18:58:35.578257] {Display Queue} wl_display#1.delete_id(110)
[18:58:35.578258] {Default Queue} wl_callback#72.done(20689193)
[18:58:35.578271] {Default Queue} wp_presentation_feedback#110.sync_output(wl_output#28)
[18:58:35.578273] {Default Queue} wp_presentation_feedback#110.presented(0, 20689, 194009867, 0, 0, 0, 0)
[18:58:35.579259]  -> wl_surface#100.attach(wl_buffer#103, 0, 0)
[18:58:35.579263]  -> wl_surface#100.damage_buffer(0, 0, 1280, 672)
[18:58:35.579264]  -> wl_surface#100.frame(new id wl_callback#110)
[18:58:35.579267] {Default Queue}  -> wp_presentation#20.feedback(wl_surface#100, new id wp_presentation_feedback#72)
[18:58:35.579268]  -> wl_surface#100.commit()
[18:58:35.579329] {Default Queue} wl_buffer#73.release()
[18:58:35.594708] {Display Queue} wl_display#1.delete_id(110)
[18:58:35.594717] {Display Queue} wl_display#1.delete_id(72)
[18:58:35.594718] {Default Queue} wl_callback#110.done(20689210)
[18:58:35.594731] {Default Queue} wp_presentation_feedback#72.sync_output(wl_output#28)
[18:58:35.594733] {Default Queue} wp_presentation_feedback#72.presented(0, 20689, 210468366, 0, 0, 0, 0)
[18:58:35.595784]  -> wl_surface#100.attach(wl_buffer#73, 0, 0)
[18:58:35.595790]  -> wl_surface#100.damage_buffer(0, 0, 1280, 672)
[18:58:35.595792]  -> wl_surface#100.frame(new id wl_callback#72)
[18:58:35.595795] {Default Queue}  -> wp_presentation#20.feedback(wl_surface#100, new id wp_presentation_feedback#110)
[18:58:35.595797]  -> wl_surface#100.commit()
[18:58:35.595889] {Default Queue} wl_buffer#103.release()
[18:58:35.611197] {Display Queue} wl_display#1.delete_id(72)
[18:58:35.611208] {Display Queue} wl_display#1.delete_id(110)
[18:58:35.611209] {Default Queue} wl_callback#72.done(20689226)
[18:58:35.611231] {Default Queue} wp_presentation_feedback#110.sync_output(wl_output#28)
[18:58:35.611233] {Default Queue} wp_presentation_feedback#110.presented(0, 20689, 226953556, 0, 0, 0, 0)
[18:58:35.612223]  -> wl_surface#100.attach(wl_buffer#103, 0, 0)
[18:58:35.612228]  -> wl_surface#100.damage_buffer(0, 0, 1280, 672)
[18:58:35.612230]  -> wl_surface#100.frame(new id wl_callback#110)
[18:58:35.612232] {Default Queue}  -> wp_presentation#20.feedback(wl_surface#100, new id wp_presentation_feedback#72)
[18:58:35.612234]  -> wl_surface#100.commit()
[18:58:35.612302] {Default Queue} wl_buffer#73.release()
[18:58:35.627674] {Display Queue} wl_display#1.delete_id(110)
[18:58:35.627682] {Display Queue} wl_display#1.delete_id(72)
[18:58:35.627684] {Default Queue} wl_callback#110.done(20689243)
[18:58:35.627698] {Default Queue} wp_presentation_feedback#72.sync_output(wl_output#28)
[18:58:35.627699] {Default Queue} wp_presentation_feedback#72.presented(0, 20689, 243432585, 0, 0, 0, 0)
[18:58:35.628657]  -> wl_surface#100.attach(wl_buffer#73, 0, 0)
[18:58:35.628662]  -> wl_surface#100.damage_buffer(0, 0, 1280, 672)
[18:58:35.628664]  -> wl_surface#100.frame(new id wl_callback#72)
[18:58:35.628667] {Default Queue}  -> wp_presentation#20.feedback(wl_surface#100, new id wp_presentation_feedback#110)
[18:58:35.628669]  -> wl_surface#100.commit()
[18:58:35.628747] {Default Queue} wl_buffer#103.release()
[18:58:35.639428] {Default Queue} wl_keyboard#90.key(422, 0, 1, 1)
[18:58:35.641513] {Default Queue} wl_keyboard#90.key(423, 0, 1, 0)
[18:58:35.644249] {Display Queue} wl_display#1.delete_id(72)
[18:58:35.644256] {Display Queue} wl_display#1.delete_id(110)
[18:58:35.644269] {Default Queue} wl_callback#72.done(20689260)
[18:58:35.644318] {Default Queue} wp_presentation_feedback#110.sync_output(wl_output#28)
[18:58:35.644320] {Default Queue} wp_presentation_feedback#110.presented(0, 20689, 260017865, 0, 0, 0, 0)
[18:58:35.645535]  -> wl_surface#100.attach(wl_buffer#103, 0, 0)
[18:58:35.645539]  -> wl_surface#100.damage_buffer(0, 0, 1280, 672)
[18:58:35.645541]  -> wl_surface#100.frame(new id wl_callback#110)
[18:58:35.645543] {Default Queue}  -> wp_presentation#20.feedback(wl_surface#100, new id wp_presentation_feedback#72)
[18:58:35.645545]  -> wl_surface#100.commit()
info: event=services-focus target=other
[18:58:35.645613] {Default Queue} wl_buffer#73.release()
[18:58:35.660765] {Display Queue} wl_display#1.delete_id(110)
[18:58:35.660774] {Display Queue} wl_display#1.delete_id(72)
[18:58:35.660775] {Default Queue} wl_callback#110.done(20689276)
[18:58:35.660790] {Default Queue} wp_presentation_feedback#72.sync_output(wl_output#28)
[18:58:35.660792] {Default Queue} wp_presentation_feedback#72.presented(0, 20689, 276523265, 0, 0, 0, 0)
[18:58:35.661770]  -> wl_surface#100.attach(wl_buffer#73, 0, 0)
[18:58:35.661774]  -> wl_surface#100.damage_buffer(0, 0, 1280, 672)
[18:58:35.661776]  -> wl_surface#100.frame(new id wl_callback#72)
[18:58:35.661778] {Default Queue}  -> wp_presentation#20.feedback(wl_surface#100, new id wp_presentation_feedback#110)
[18:58:35.661780]  -> wl_surface#100.commit()
[18:58:35.661845] {Default Queue} wl_buffer#103.release()
[18:58:35.677190] {Display Queue} wl_display#1.delete_id(72)
[18:58:35.677197] {Display Queue} wl_display#1.delete_id(110)
[18:58:35.677199] {Default Queue} wl_callback#72.done(20689292)
[18:58:35.677214] {Default Queue} wp_presentation_feedback#110.sync_output(wl_output#28)
[18:58:35.677221] {Default Queue} wp_presentation_feedback#110.presented(0, 20689, 292950804, 0, 0, 0, 0)
[18:58:35.678186]  -> wl_surface#100.attach(wl_buffer#103, 0, 0)
[18:58:35.678190]  -> wl_surface#100.damage_buffer(0, 0, 1280, 672)
[18:58:35.678191]  -> wl_surface#100.frame(new id wl_callback#110)
[18:58:35.678194] {Default Queue}  -> wp_presentation#20.feedback(wl_surface#100, new id wp_presentation_feedback#72)
[18:58:35.678196]  -> wl_surface#100.commit()
[18:58:35.678267] {Default Queue} wl_buffer#73.release()
[18:58:35.678739] {Default Queue} wl_keyboard#90.leave(424, wl_surface#100)
[18:58:35.678749] {Default Queue} wl_keyboard#90.leave(425, wl_surface#100)
[18:58:35.678750] {Default Queue} wl_keyboard#90.leave(426, wl_surface#100)
[18:58:35.678751] {Default Queue} wl_seat#3.capabilities(1)
[18:58:35.678752] {Default Queue}  -> wl_keyboard#90.release()
[18:58:35.679344]  -> wl_surface#48.attach(wl_buffer#75, 0, 0)
[18:58:35.679347]  -> wl_surface#48.damage_buffer(0, 0, 1280, 48)
[18:58:35.679349]  -> wl_surface#48.frame(new id wl_callback#105)
[18:58:35.679351] {Default Queue}  -> wp_presentation#20.feedback(wl_surface#48, new id wp_presentation_feedback#107)
[18:58:35.679352]  -> wl_surface#48.commit()
[18:58:35.679556]  -> wl_surface#59.attach(wl_buffer#92, 0, 0)
[18:58:35.679558]  -> wl_surface#59.damage_buffer(0, 0, 1280, 48)
[18:58:35.679559]  -> wl_surface#59.frame(new id wl_callback#89)
[18:58:35.679560] {Default Queue}  -> wp_presentation#20.feedback(wl_surface#59, new id wp_presentation_feedback#112)
[18:58:35.679561]  -> wl_surface#59.commit()
[18:58:35.680126] {Display Queue} wl_display#1.delete_id(90)
[18:58:35.680133] {Default Queue} wl_seat#3.capabilities(3)
[18:58:35.680137] {Default Queue}  -> wl_seat#3.get_keyboard(new id wl_keyboard#90)
[18:58:35.680285] {Display Queue} wl_display#1.delete_id(89)
[18:58:35.680290] {Display Queue} wl_display#1.delete_id(112)
[18:58:35.680291] {Default Queue} wl_buffer#77.release()
[18:58:35.680292] {Default Queue} wl_buffer#85.release()
[18:58:35.680293] {Default Queue} wl_callback#89.done(20689295)
[18:58:35.680297] {Default Queue} wp_presentation_feedback#112.sync_output(wl_output#31)
[18:58:35.680299] {Default Queue} wp_presentation_feedback#112.presented(0, 20689, 295986941, 0, 0, 0, 0)
[18:58:35.680301] {Default Queue} wl_keyboard#90.keymap(1, fd 16, 1436)
[18:58:35.680379] {Default Queue} wl_keyboard#90.repeat_info(40, 400)
[18:58:35.680381] {Default Queue} wl_keyboard#90.enter(428, wl_surface#100, array[0])
[18:58:35.680386] {Default Queue} wl_keyboard#90.modifiers(429, 0, 0, 0, 0)
[18:58:35.693686] {Display Queue} wl_display#1.delete_id(105)
[18:58:35.693694] {Display Queue} wl_display#1.delete_id(110)
[18:58:35.693695] {Display Queue} wl_display#1.delete_id(107)
[18:58:35.693696] {Display Queue} wl_display#1.delete_id(72)
[18:58:35.693697] {Default Queue} wl_callback#105.done(20689309)
[18:58:35.693709] {Default Queue} wl_callback#110.done(20689309)
[18:58:35.693712] {Default Queue} wp_presentation_feedback#107.sync_output(wl_output#28)
[18:58:35.693714] {Default Queue} wp_presentation_feedback#107.presented(0, 20689, 309448903, 0, 0, 0, 0)
[18:58:35.693716] {Default Queue} wp_presentation_feedback#72.sync_output(wl_output#28)
[18:58:35.693717] {Default Queue} wp_presentation_feedback#72.presented(0, 20689, 309448903, 0, 0, 0, 0)
[18:58:35.694819]  -> wl_surface#100.attach(wl_buffer#73, 0, 0)
[18:58:35.694824]  -> wl_surface#100.damage_buffer(0, 0, 1280, 672)
[18:58:35.694825]  -> wl_surface#100.frame(new id wl_callback#72)
[18:58:35.694827] {Default Queue}  -> wp_presentation#20.feedback(wl_surface#100, new id wp_presentation_feedback#107)
[18:58:35.694829]  -> wl_surface#100.commit()
[18:58:35.695085]  -> wl_surface#48.attach(wl_buffer#77, 0, 0)
[18:58:35.695088]  -> wl_surface#48.damage_buffer(0, 0, 1280, 48)
[18:58:35.695090]  -> wl_surface#48.frame(new id wl_callback#110)
[18:58:35.695091] {Default Queue}  -> wp_presentation#20.feedback(wl_surface#48, new id wp_presentation_feedback#105)
[18:58:35.695093]  -> wl_surface#48.commit()
[18:58:35.695109] {Default Queue} wl_buffer#103.release()
[18:58:35.695132] {Default Queue} wl_buffer#75.release()
[18:58:35.696838]  -> wl_surface#59.attach(wl_buffer#85, 0, 0)
[18:58:35.696843]  -> wl_surface#59.damage_buffer(0, 0, 1280, 48)
[18:58:35.696845]  -> wl_surface#59.frame(new id wl_callback#112)
[18:58:35.696847] {Default Queue}  -> wp_presentation#20.feedback(wl_surface#59, new id wp_presentation_feedback#89)
[18:58:35.696848]  -> wl_surface#59.commit()
[18:58:35.696965] {Display Queue} wl_display#1.delete_id(112)
[18:58:35.696970] {Display Queue} wl_display#1.delete_id(89)
[18:58:35.696971] {Default Queue} wl_buffer#92.release()
[18:58:35.696972] {Default Queue} wl_callback#112.done(20689312)
[18:58:35.696979] {Default Queue} wp_presentation_feedback#89.sync_output(wl_output#31)
[18:58:35.696981] {Default Queue} wp_presentation_feedback#89.presented(0, 20689, 312745923, 0, 0, 0, 0)
[18:58:35.710152] {Display Queue} wl_display#1.delete_id(110)
[18:58:35.710161] {Display Queue} wl_display#1.delete_id(72)
[18:58:35.710162] {Display Queue} wl_display#1.delete_id(105)
[18:58:35.710163] {Display Queue} wl_display#1.delete_id(107)
[18:58:35.710164] {Default Queue} wl_callback#110.done(20689325)
[18:58:35.710177] {Default Queue} wl_callback#72.done(20689325)
[18:58:35.710180] {Default Queue} wp_presentation_feedback#105.sync_output(wl_output#28)
[18:58:35.710181] {Default Queue} wp_presentation_feedback#105.presented(0, 20689, 325907482, 0, 0, 0, 0)
[18:58:35.710184] {Default Queue} wp_presentation_feedback#107.sync_output(wl_output#28)
[18:58:35.710185] {Default Queue} wp_presentation_feedback#107.presented(0, 20689, 325907482, 0, 0, 0, 0)
[18:58:35.711214]  -> wl_surface#100.attach(wl_buffer#103, 0, 0)
[18:58:35.711220]  -> wl_surface#100.damage_buffer(0, 0, 1280, 672)
[18:58:35.711222]  -> wl_surface#100.frame(new id wl_callback#107)
[18:58:35.711224] {Default Queue}  -> wp_presentation#20.feedback(wl_surface#100, new id wp_presentation_feedback#105)
[18:58:35.711227]  -> wl_surface#100.commit()
[18:58:35.711342] {Default Queue} wl_buffer#73.release()
[18:58:35.726586] {Display Queue} wl_display#1.delete_id(107)
[18:58:35.726595] {Display Queue} wl_display#1.delete_id(105)
[18:58:35.726596] {Default Queue} wl_callback#107.done(20689342)
[18:58:35.726611] {Default Queue} wp_presentation_feedback#105.sync_output(wl_output#28)
[18:58:35.726613] {Default Queue} wp_presentation_feedback#105.presented(0, 20689, 342345871, 0, 0, 0, 0)
[18:58:35.727654]  -> wl_surface#100.attach(wl_buffer#73, 0, 0)
[18:58:35.727661]  -> wl_surface#100.damage_buffer(0, 0, 1280, 672)
[18:58:35.727663]  -> wl_surface#100.frame(new id wl_callback#105)
[18:58:35.727665] {Default Queue}  -> wp_presentation#20.feedback(wl_surface#100, new id wp_presentation_feedback#107)
[18:58:35.727668]  -> wl_surface#100.commit()
[18:58:35.727744] {Default Queue} wl_buffer#103.release()
[18:58:35.743080] {Display Queue} wl_display#1.delete_id(105)
[18:58:35.743089] {Display Queue} wl_display#1.delete_id(107)
[18:58:35.743090] {Default Queue} wl_callback#105.done(20689358)
[18:58:35.743104] {Default Queue} wp_presentation_feedback#107.sync_output(wl_output#28)
[18:58:35.743106] {Default Queue} wp_presentation_feedback#107.presented(0, 20689, 358837280, 0, 0, 0, 0)
[18:58:35.744108]  -> wl_surface#100.attach(wl_buffer#103, 0, 0)
[18:58:35.744112]  -> wl_surface#100.damage_buffer(0, 0, 1280, 672)
[18:58:35.744114]  -> wl_surface#100.frame(new id wl_callback#107)
[18:58:35.744117] {Default Queue}  -> wp_presentation#20.feedback(wl_surface#100, new id wp_presentation_feedback#105)
[18:58:35.744119]  -> wl_surface#100.commit()
[18:58:35.744188] {Default Queue} wl_buffer#73.release()
[18:58:35.759546] {Display Queue} wl_display#1.delete_id(107)
[18:58:35.759554] {Display Queue} wl_display#1.delete_id(105)
[18:58:35.759555] {Default Queue} wl_callback#107.done(20689375)
[18:58:35.759569] {Default Queue} wp_presentation_feedback#105.sync_output(wl_output#28)
[18:58:35.759571] {Default Queue} wp_presentation_feedback#105.presented(0, 20689, 375303440, 0, 0, 0, 0)
[18:58:35.760574]  -> wl_surface#100.attach(wl_buffer#73, 0, 0)
[18:58:35.760579]  -> wl_surface#100.damage_buffer(0, 0, 1280, 672)
[18:58:35.760581]  -> wl_surface#100.frame(new id wl_callback#105)
[18:58:35.760583] {Default Queue}  -> wp_presentation#20.feedback(wl_surface#100, new id wp_presentation_feedback#107)
[18:58:35.760585]  -> wl_surface#100.commit()
[18:58:35.760656] {Default Queue} wl_buffer#103.release()
[18:58:35.775977] {Display Queue} wl_display#1.delete_id(105)
[18:58:35.775985] {Display Queue} wl_display#1.delete_id(107)
[18:58:35.775986] {Default Queue} wl_callback#105.done(20689391)
[18:58:35.776001] {Default Queue} wp_presentation_feedback#107.sync_output(wl_output#28)
[18:58:35.776002] {Default Queue} wp_presentation_feedback#107.presented(0, 20689, 391738968, 0, 0, 0, 0)
[18:58:35.776974]  -> wl_surface#100.attach(wl_buffer#103, 0, 0)
[18:58:35.776978]  -> wl_surface#100.damage_buffer(0, 0, 1280, 672)
[18:58:35.776980]  -> wl_surface#100.frame(new id wl_callback#107)
[18:58:35.776982] {Default Queue}  -> wp_presentation#20.feedback(wl_surface#100, new id wp_presentation_feedback#105)
[18:58:35.776984]  -> wl_surface#100.commit()
[18:58:35.777051] {Default Queue} wl_buffer#73.release()
[18:58:35.780244] {Default Queue} wl_keyboard#90.key(430, 0, 1, 1)
[18:58:35.782319] {Default Queue} wl_keyboard#90.key(431, 0, 1, 0)
[18:58:35.792381] {Display Queue} wl_display#1.delete_id(107)
[18:58:35.792385] {Display Queue} wl_display#1.delete_id(105)
[18:58:35.792386] {Default Queue} wl_callback#107.done(20689408)
[18:58:35.792395] {Default Queue} wp_presentation_feedback#105.sync_output(wl_output#28)
[18:58:35.792397] {Default Queue} wp_presentation_feedback#105.presented(0, 20689, 408157177, 0, 0, 0, 0)
[18:58:35.793537]  -> wl_surface#100.attach(wl_buffer#73, 0, 0)
[18:58:35.793546]  -> wl_surface#100.damage_buffer(0, 0, 1280, 672)
[18:58:35.793548]  -> wl_surface#100.frame(new id wl_callback#105)
[18:58:35.793552] {Default Queue}  -> wp_presentation#20.feedback(wl_surface#100, new id wp_presentation_feedback#107)
[18:58:35.793555]  -> wl_surface#100.commit()
info: event=services-focus target=other
[18:58:35.793662] {Default Queue} wl_buffer#103.release()
[18:58:35.808846] {Display Queue} wl_display#1.delete_id(105)
[18:58:35.808854] {Display Queue} wl_display#1.delete_id(107)
[18:58:35.808855] {Default Queue} wl_callback#105.done(20689424)
[18:58:35.808868] {Default Queue} wp_presentation_feedback#107.sync_output(wl_output#28)
[18:58:35.808870] {Default Queue} wp_presentation_feedback#107.presented(0, 20689, 424606576, 0, 0, 0, 0)
[18:58:35.810016]  -> wl_surface#100.attach(wl_buffer#103, 0, 0)
[18:58:35.810021]  -> wl_surface#100.damage_buffer(0, 0, 1280, 672)
[18:58:35.810023]  -> wl_surface#100.frame(new id wl_callback#107)
[18:58:35.810025] {Default Queue}  -> wp_presentation#20.feedback(wl_surface#100, new id wp_presentation_feedback#105)
[18:58:35.810028]  -> wl_surface#100.commit()
[18:58:35.810108] {Default Queue} wl_buffer#73.release()
[18:58:35.819561] {Default Queue} wl_keyboard#90.leave(432, wl_surface#100)
[18:58:35.819587] {Default Queue} wl_keyboard#90.leave(433, wl_surface#100)
[18:58:35.819596] {Default Queue} wl_keyboard#90.leave(434, wl_surface#100)
[18:58:35.819597] {Default Queue} wl_seat#3.capabilities(1)
[18:58:35.819601] {Default Queue}  -> wl_keyboard#90.release()
[18:58:35.820257]  -> wl_surface#48.attach(wl_buffer#75, 0, 0)
[18:58:35.820261]  -> wl_surface#48.damage_buffer(0, 0, 1280, 48)
[18:58:35.820263]  -> wl_surface#48.frame(new id wl_callback#72)
[18:58:35.820265] {Default Queue}  -> wp_presentation#20.feedback(wl_surface#48, new id wp_presentation_feedback#110)
[18:58:35.820268]  -> wl_surface#48.commit()
[18:58:35.820478]  -> wl_surface#59.attach(wl_buffer#92, 0, 0)
[18:58:35.820480]  -> wl_surface#59.damage_buffer(0, 0, 1280, 48)
[18:58:35.820481]  -> wl_surface#59.frame(new id wl_callback#89)
[18:58:35.820482] {Default Queue}  -> wp_presentation#20.feedback(wl_surface#59, new id wp_presentation_feedback#112)
[18:58:35.820483]  -> wl_surface#59.commit()
[18:58:35.820773] {Display Queue} wl_display#1.delete_id(90)
[18:58:35.820778] {Default Queue} wl_seat#3.capabilities(3)
[18:58:35.820781] {Default Queue}  -> wl_seat#3.get_keyboard(new id wl_keyboard#90)
[18:58:35.820887] {Display Queue} wl_display#1.delete_id(89)
[18:58:35.820889] {Display Queue} wl_display#1.delete_id(112)
[18:58:35.820889] {Default Queue} wl_buffer#77.release()
[18:58:35.820891] {Default Queue} wl_buffer#85.release()
[18:58:35.820891] {Default Queue} wl_callback#89.done(20689436)
[18:58:35.820897] {Default Queue} wp_presentation_feedback#112.sync_output(wl_output#31)
[18:58:35.820898] {Default Queue} wp_presentation_feedback#112.presented(0, 20689, 436631775, 0, 0, 0, 0)
[18:58:35.820900] {Default Queue} wl_keyboard#90.keymap(1, fd 16, 1436)
[18:58:35.821081] {Default Queue} wl_keyboard#90.repeat_info(40, 400)
[18:58:35.821087] {Default Queue} wl_keyboard#90.enter(436, wl_surface#100, array[0])
[18:58:35.821093] {Default Queue} wl_keyboard#90.modifiers(437, 0, 0, 0, 0)
[18:58:35.825200] {Display Queue} wl_display#1.delete_id(72)
[18:58:35.825206] {Display Queue} wl_display#1.delete_id(107)
[18:58:35.825207] {Display Queue} wl_display#1.delete_id(110)
[18:58:35.825208] {Display Queue} wl_display#1.delete_id(105)
[18:58:35.825209] {Default Queue} wl_callback#72.done(20689440)
[18:58:35.825214] {Default Queue} wl_callback#107.done(20689440)
[18:58:35.825219] {Default Queue} wp_presentation_feedback#110.sync_output(wl_output#28)
[18:58:35.825220] {Default Queue} wp_presentation_feedback#110.presented(0, 20689, 440981434, 0, 0, 0, 0)
[18:58:35.825223] {Default Queue} wp_presentation_feedback#105.sync_output(wl_output#28)
[18:58:35.825223] {Default Queue} wp_presentation_feedback#105.presented(0, 20689, 440981434, 0, 0, 0, 0)
[18:58:35.827030]  -> wl_surface#100.attach(wl_buffer#73, 0, 0)
[18:58:35.827038]  -> wl_surface#100.damage_buffer(0, 0, 1280, 672)
[18:58:35.827041]  -> wl_surface#100.frame(new id wl_callback#105)
[18:58:35.827044] {Default Queue}  -> wp_presentation#20.feedback(wl_surface#100, new id wp_presentation_feedback#110)
[18:58:35.827047]  -> wl_surface#100.commit()
[18:58:35.827489]  -> wl_surface#48.attach(wl_buffer#77, 0, 0)
[18:58:35.827495]  -> wl_surface#48.damage_buffer(0, 0, 1280, 48)
[18:58:35.827497]  -> wl_surface#48.frame(new id wl_callback#107)
[18:58:35.827499] {Default Queue}  -> wp_presentation#20.feedback(wl_surface#48, new id wp_presentation_feedback#72)
[18:58:35.827501]  -> wl_surface#48.commit()
[18:58:35.827531] {Default Queue} wl_buffer#103.release()
[18:58:35.827550] {Default Queue} wl_buffer#75.release()
[18:58:35.837586]  -> wl_surface#59.attach(wl_buffer#85, 0, 0)
[18:58:35.837595]  -> wl_surface#59.damage_buffer(0, 0, 1280, 48)
[18:58:35.837597]  -> wl_surface#59.frame(new id wl_callback#112)
[18:58:35.837601] {Default Queue}  -> wp_presentation#20.feedback(wl_surface#59, new id wp_presentation_feedback#89)
[18:58:35.837603]  -> wl_surface#59.commit()
[18:58:35.837735] {Display Queue} wl_display#1.delete_id(112)
[18:58:35.837740] {Display Queue} wl_display#1.delete_id(89)
[18:58:35.837741] {Default Queue} wl_buffer#92.release()
[18:58:35.837742] {Default Queue} wl_callback#112.done(20689453)
[18:58:35.837750] {Default Queue} wp_presentation_feedback#89.sync_output(wl_output#31)
[18:58:35.837751] {Default Queue} wp_presentation_feedback#89.presented(0, 20689, 453509858, 0, 0, 0, 0)
[18:58:35.841879] {Display Queue} wl_display#1.delete_id(107)
[18:58:35.841886] {Display Queue} wl_display#1.delete_id(105)
[18:58:35.841887] {Display Queue} wl_display#1.delete_id(72)
[18:58:35.841888] {Display Queue} wl_display#1.delete_id(110)
[18:58:35.841889] {Default Queue} wl_callback#107.done(20689457)
[18:58:35.841900] {Default Queue} wl_callback#105.done(20689457)
[18:58:35.841902] {Default Queue} wp_presentation_feedback#72.sync_output(wl_output#28)
[18:58:35.841904] {Default Queue} wp_presentation_feedback#72.presented(0, 20689, 457643105, 0, 0, 0, 0)
[18:58:35.841907] {Default Queue} wp_presentation_feedback#110.sync_output(wl_output#28)
[18:58:35.841908] {Default Queue} wp_presentation_feedback#110.presented(0, 20689, 457643105, 0, 0, 0, 0)
[18:58:35.843068]  -> wl_surface#100.attach(wl_buffer#103, 0, 0)
[18:58:35.843072]  -> wl_surface#100.damage_buffer(0, 0, 1280, 672)
[18:58:35.843074]  -> wl_surface#100.frame(new id wl_callback#110)
[18:58:35.843076] {Default Queue}  -> wp_presentation#20.feedback(wl_surface#100, new id wp_presentation_feedback#72)
[18:58:35.843078]  -> wl_surface#100.commit()
[18:58:35.843148] {Default Queue} wl_buffer#73.release()
[18:58:35.858329] {Display Queue} wl_display#1.delete_id(110)
[18:58:35.858337] {Display Queue} wl_display#1.delete_id(72)
[18:58:35.858339] {Default Queue} wl_callback#110.done(20689474)
[18:58:35.858352] {Default Queue} wp_presentation_feedback#72.sync_output(wl_output#28)
[18:58:35.858354] {Default Queue} wp_presentation_feedback#72.presented(0, 20689, 474089324, 0, 0, 0, 0)
[18:58:35.859384]  -> wl_surface#100.attach(wl_buffer#73, 0, 0)
[18:58:35.859389]  -> wl_surface#100.damage_buffer(0, 0, 1280, 672)
[18:58:35.859390]  -> wl_surface#100.frame(new id wl_callback#72)
[18:58:35.859393] {Default Queue}  -> wp_presentation#20.feedback(wl_surface#100, new id wp_presentation_feedback#110)
[18:58:35.859395]  -> wl_surface#100.commit()
[18:58:35.859463] {Default Queue} wl_buffer#103.release()
[18:58:35.874787] {Display Queue} wl_display#1.delete_id(72)
[18:58:35.874794] {Display Queue} wl_display#1.delete_id(110)
[18:58:35.874795] {Default Queue} wl_callback#72.done(20689490)
[18:58:35.874809] {Default Queue} wp_presentation_feedback#110.sync_output(wl_output#28)
[18:58:35.874811] {Default Queue} wp_presentation_feedback#110.presented(0, 20689, 490546313, 0, 0, 0, 0)
[18:58:35.875834]  -> wl_surface#100.attach(wl_buffer#103, 0, 0)
[18:58:35.875840]  -> wl_surface#100.damage_buffer(0, 0, 1280, 672)
[18:58:35.875842]  -> wl_surface#100.frame(new id wl_callback#110)
[18:58:35.875844] {Default Queue}  -> wp_presentation#20.feedback(wl_surface#100, new id wp_presentation_feedback#72)
[18:58:35.875847]  -> wl_surface#100.commit()
[18:58:35.875921] {Default Queue} wl_buffer#73.release()
[18:58:35.891338] {Display Queue} wl_display#1.delete_id(110)
[18:58:35.891346] {Display Queue} wl_display#1.delete_id(72)
[18:58:35.891347] {Default Queue} wl_callback#110.done(20689507)
[18:58:35.891360] {Default Queue} wp_presentation_feedback#72.sync_output(wl_output#28)
[18:58:35.891363] {Default Queue} wp_presentation_feedback#72.presented(0, 20689, 507092763, 0, 0, 0, 0)
[18:58:35.892445]  -> wl_surface#100.attach(wl_buffer#73, 0, 0)
[18:58:35.892450]  -> wl_surface#100.damage_buffer(0, 0, 1280, 672)
[18:58:35.892452]  -> wl_surface#100.frame(new id wl_callback#72)
[18:58:35.892455] {Default Queue}  -> wp_presentation#20.feedback(wl_surface#100, new id wp_presentation_feedback#110)
[18:58:35.892458]  -> wl_surface#100.commit()
[18:58:35.892537] {Default Queue} wl_buffer#103.release()
[18:58:35.907788] {Display Queue} wl_display#1.delete_id(72)
[18:58:35.907792] {Display Queue} wl_display#1.delete_id(110)
[18:58:35.907794] {Default Queue} wl_callback#72.done(20689523)
[18:58:35.907799] {Default Queue} wp_presentation_feedback#110.sync_output(wl_output#28)
[18:58:35.907801] {Default Queue} wp_presentation_feedback#110.presented(0, 20689, 523542722, 0, 0, 0, 0)
[18:58:35.909052]  -> wl_surface#100.attach(wl_buffer#103, 0, 0)
[18:58:35.909062]  -> wl_surface#100.damage_buffer(0, 0, 1280, 672)
[18:58:35.909064]  -> wl_surface#100.frame(new id wl_callback#110)
[18:58:35.909067] {Default Queue}  -> wp_presentation#20.feedback(wl_surface#100, new id wp_presentation_feedback#72)
[18:58:35.909071]  -> wl_surface#100.commit()
[18:58:35.909250] {Default Queue} wl_buffer#73.release()
[18:58:35.920866] {Default Queue} wl_keyboard#90.key(438, 0, 1, 1)
[18:58:35.922938] {Default Queue} wl_keyboard#90.key(439, 0, 1, 0)
[18:58:35.924213] {Display Queue} wl_display#1.delete_id(110)
[18:58:35.924220] {Display Queue} wl_display#1.delete_id(72)
[18:58:35.924221] {Default Queue} wl_callback#110.done(20689539)
[18:58:35.924236] {Default Queue} wp_presentation_feedback#72.sync_output(wl_output#28)
[18:58:35.924238] {Default Queue} wp_presentation_feedback#72.presented(0, 20689, 539969811, 0, 0, 0, 0)
[18:58:35.925299]  -> wl_surface#100.attach(wl_buffer#73, 0, 0)
[18:58:35.925304]  -> wl_surface#100.damage_buffer(0, 0, 1280, 672)
[18:58:35.925305]  -> wl_surface#100.frame(new id wl_callback#72)
[18:58:35.925307] {Default Queue}  -> wp_presentation#20.feedback(wl_surface#100, new id wp_presentation_feedback#110)
[18:58:35.925310]  -> wl_surface#100.commit()
info: event=services-focus target=other
[18:58:35.925389] {Default Queue} wl_buffer#103.release()
[18:58:35.940663] {Display Queue} wl_display#1.delete_id(72)
[18:58:35.940672] {Display Queue} wl_display#1.delete_id(110)
[18:58:35.940673] {Default Queue} wl_callback#72.done(20689556)
[18:58:35.940686] {Default Queue} wp_presentation_feedback#110.sync_output(wl_output#28)
[18:58:35.940687] {Default Queue} wp_presentation_feedback#110.presented(0, 20689, 556424800, 0, 0, 0, 0)
[18:58:35.941601]  -> wl_surface#100.attach(wl_buffer#103, 0, 0)
[18:58:35.941606]  -> wl_surface#100.damage_buffer(0, 0, 1280, 672)
[18:58:35.941608]  -> wl_surface#100.frame(new id wl_callback#110)
[18:58:35.941610] {Default Queue}  -> wp_presentation#20.feedback(wl_surface#100, new id wp_presentation_feedback#72)
[18:58:35.941612]  -> wl_surface#100.commit()
[18:58:35.941691] {Default Queue} wl_buffer#73.release()
[18:58:35.957141] {Display Queue} wl_display#1.delete_id(110)
[18:58:35.957149] {Display Queue} wl_display#1.delete_id(72)
[18:58:35.957150] {Default Queue} wl_callback#110.done(20689572)
[18:58:35.957166] {Default Queue} wp_presentation_feedback#72.sync_output(wl_output#28)
[18:58:35.957168] {Default Queue} wp_presentation_feedback#72.presented(0, 20689, 572899359, 0, 0, 0, 0)
[18:58:35.958151]  -> wl_surface#100.attach(wl_buffer#73, 0, 0)
[18:58:35.958156]  -> wl_surface#100.damage_buffer(0, 0, 1280, 672)
[18:58:35.958158]  -> wl_surface#100.frame(new id wl_callback#72)
[18:58:35.958161] {Default Queue}  -> wp_presentation#20.feedback(wl_surface#100, new id wp_presentation_feedback#110)
[18:58:35.958164]  -> wl_surface#100.commit()
[18:58:35.958276] {Default Queue} wl_buffer#103.release()
[18:58:35.960138] {Default Queue} wl_keyboard#90.leave(440, wl_surface#100)
[18:58:35.960160] {Default Queue} wl_keyboard#90.leave(441, wl_surface#100)
[18:58:35.960162] {Default Queue} wl_keyboard#90.leave(442, wl_surface#100)
[18:58:35.960163] {Default Queue} wl_seat#3.capabilities(1)
[18:58:35.960166] {Default Queue}  -> wl_keyboard#90.release()
[18:58:35.960868]  -> wl_surface#48.attach(wl_buffer#75, 0, 0)
[18:58:35.960873]  -> wl_surface#48.damage_buffer(0, 0, 1280, 48)
[18:58:35.960875]  -> wl_surface#48.frame(new id wl_callback#105)
[18:58:35.960878] {Default Queue}  -> wp_presentation#20.feedback(wl_surface#48, new id wp_presentation_feedback#107)
[18:58:35.960880]  -> wl_surface#48.commit()
[18:58:35.961129]  -> wl_surface#59.attach(wl_buffer#92, 0, 0)
[18:58:35.961132]  -> wl_surface#59.damage_buffer(0, 0, 1280, 48)
[18:58:35.961134]  -> wl_surface#59.frame(new id wl_callback#89)
[18:58:35.961135] {Default Queue}  -> wp_presentation#20.feedback(wl_surface#59, new id wp_presentation_feedback#112)
[18:58:35.961137]  -> wl_surface#59.commit()
[18:58:35.961635] {Display Queue} wl_display#1.delete_id(90)
[18:58:35.961638] {Default Queue} wl_seat#3.capabilities(3)
[18:58:35.961640] {Default Queue}  -> wl_seat#3.get_keyboard(new id wl_keyboard#90)
[18:58:35.961746] {Display Queue} wl_display#1.delete_id(89)
[18:58:35.961747] {Display Queue} wl_display#1.delete_id(112)
[18:58:35.961748] {Default Queue} wl_buffer#77.release()
[18:58:35.961749] {Default Queue} wl_buffer#85.release()
[18:58:35.961750] {Default Queue} wl_callback#89.done(20689577)
[18:58:35.961756] {Default Queue} wp_presentation_feedback#112.sync_output(wl_output#31)
[18:58:35.961757] {Default Queue} wp_presentation_feedback#112.presented(0, 20689, 577513921, 0, 0, 0, 0)
[18:58:35.961759] {Default Queue} wl_keyboard#90.keymap(1, fd 16, 1436)
[18:58:35.961821] {Default Queue} wl_keyboard#90.repeat_info(40, 400)
[18:58:35.961822] {Default Queue} wl_keyboard#90.enter(444, wl_surface#100, array[0])
[18:58:35.961826] {Default Queue} wl_keyboard#90.modifiers(445, 0, 0, 0, 0)
[18:58:35.973711] {Display Queue} wl_display#1.delete_id(105)
[18:58:35.973719] {Display Queue} wl_display#1.delete_id(72)
[18:58:35.973720] {Display Queue} wl_display#1.delete_id(107)
[18:58:35.973721] {Display Queue} wl_display#1.delete_id(110)
[18:58:35.973722] {Default Queue} wl_callback#105.done(20689589)
[18:58:35.973735] {Default Queue} wl_callback#72.done(20689589)
[18:58:35.973739] {Default Queue} wp_presentation_feedback#107.sync_output(wl_output#28)
[18:58:35.973741] {Default Queue} wp_presentation_feedback#107.presented(0, 20689, 589469950, 0, 0, 0, 0)
[18:58:35.973744] {Default Queue} wp_presentation_feedback#110.sync_output(wl_output#28)
[18:58:35.973745] {Default Queue} wp_presentation_feedback#110.presented(0, 20689, 589469950, 0, 0, 0, 0)
[18:58:35.974771]  -> wl_surface#100.attach(wl_buffer#103, 0, 0)
[18:58:35.974776]  -> wl_surface#100.damage_buffer(0, 0, 1280, 672)
[18:58:35.974778]  -> wl_surface#100.frame(new id wl_callback#110)
[18:58:35.974780] {Default Queue}  -> wp_presentation#20.feedback(wl_surface#100, new id wp_presentation_feedback#107)
[18:58:35.974782]  -> wl_surface#100.commit()
[18:58:35.975031]  -> wl_surface#48.attach(wl_buffer#77, 0, 0)
[18:58:35.975033]  -> wl_surface#48.damage_buffer(0, 0, 1280, 48)
[18:58:35.975034]  -> wl_surface#48.frame(new id wl_callback#72)
[18:58:35.975035] {Default Queue}  -> wp_presentation#20.feedback(wl_surface#48, new id wp_presentation_feedback#105)
[18:58:35.975036]  -> wl_surface#48.commit()
[18:58:35.975050] {Default Queue} wl_buffer#73.release()
[18:58:35.975082] {Default Queue} wl_buffer#75.release()
[18:58:35.978252]  -> wl_surface#59.attach(wl_buffer#85, 0, 0)
[18:58:35.978257]  -> wl_surface#59.damage_buffer(0, 0, 1280, 48)
[18:58:35.978259]  -> wl_surface#59.frame(new id wl_callback#112)
[18:58:35.978260] {Default Queue}  -> wp_presentation#20.feedback(wl_surface#59, new id wp_presentation_feedback#89)
[18:58:35.978262]  -> wl_surface#59.commit()
[18:58:35.978353] {Display Queue} wl_display#1.delete_id(112)
[18:58:35.978355] {Display Queue} wl_display#1.delete_id(89)
[18:58:35.978356] {Default Queue} wl_buffer#92.release()
[18:58:35.978357] {Default Queue} wl_callback#112.done(20689594)
[18:58:35.978363] {Default Queue} wp_presentation_feedback#89.sync_output(wl_output#31)
[18:58:35.978365] {Default Queue} wp_presentation_feedback#89.presented(0, 20689, 594137092, 0, 0, 0, 0)
[18:58:35.990235] {Display Queue} wl_display#1.delete_id(72)
[18:58:35.990245] {Display Queue} wl_display#1.delete_id(110)
[18:58:35.990246] {Display Queue} wl_display#1.delete_id(105)
[18:58:35.990247] {Display Queue} wl_display#1.delete_id(107)
[18:58:35.990249] {Default Queue} wl_callback#72.done(20689605)
[18:58:35.990264] {Default Queue} wl_callback#110.done(20689605)
[18:58:35.990268] {Default Queue} wp_presentation_feedback#105.sync_output(wl_output#28)
[18:58:35.990269] {Default Queue} wp_presentation_feedback#105.presented(0, 20689, 605988229, 0, 0, 0, 0)
[18:58:35.990272] {Default Queue} wp_presentation_feedback#107.sync_output(wl_output#28)
[18:58:35.990273] {Default Queue} wp_presentation_feedback#107.presented(0, 20689, 605988229, 0, 0, 0, 0)
[18:58:35.991142]  -> wl_surface#100.attach(wl_buffer#73, 0, 0)
[18:58:35.991147]  -> wl_surface#100.damage_buffer(0, 0, 1280, 672)
[18:58:35.991149]  -> wl_surface#100.frame(new id wl_callback#107)
[18:58:35.991152] {Default Queue}  -> wp_presentation#20.feedback(wl_surface#100, new id wp_presentation_feedback#105)
[18:58:35.991154]  -> wl_surface#100.commit()
[18:58:35.991228] {Default Queue} wl_buffer#103.release()
[18:58:36.006700] {Display Queue} wl_display#1.delete_id(107)
[18:58:36.006709] {Display Queue} wl_display#1.delete_id(105)
[18:58:36.006710] {Default Queue} wl_callback#107.done(20689622)
[18:58:36.006728] {Default Queue} wp_presentation_feedback#105.sync_output(wl_output#28)
[18:58:36.006730] {Default Queue} wp_presentation_feedback#105.presented(0, 20689, 622456298, 0, 0, 0, 0)
[18:58:36.007644]  -> wl_surface#100.attach(wl_buffer#103, 0, 0)
[18:58:36.007650]  -> wl_surface#100.damage_buffer(0, 0, 1280, 672)
[18:58:36.007652]  -> wl_surface#100.frame(new id wl_callback#105)
[18:58:36.007654] {Default Queue}  -> wp_presentation#20.feedback(wl_surface#100, new id wp_presentation_feedback#107)
[18:58:36.007656]  -> wl_surface#100.commit()
[18:58:36.007724] {Default Queue} wl_buffer#73.release()
[18:58:36.023214] {Display Queue} wl_display#1.delete_id(105)
[18:58:36.023222] {Display Queue} wl_display#1.delete_id(107)
[18:58:36.023223] {Default Queue} wl_callback#105.done(20689638)
[18:58:36.023239] {Default Queue} wp_presentation_feedback#107.sync_output(wl_output#28)
[18:58:36.023241] {Default Queue} wp_presentation_feedback#107.presented(0, 20689, 638967898, 0, 0, 0, 0)
[18:58:36.024100]  -> wl_surface#100.attach(wl_buffer#73, 0, 0)
[18:58:36.024104]  -> wl_surface#100.damage_buffer(0, 0, 1280, 672)
[18:58:36.024106]  -> wl_surface#100.frame(new id wl_callback#107)
[18:58:36.024108] {Default Queue}  -> wp_presentation#20.feedback(wl_surface#100, new id wp_presentation_feedback#105)
[18:58:36.024110]  -> wl_surface#100.commit()
[18:58:36.024169] {Default Queue} wl_buffer#103.release()
[18:58:36.039698] {Display Queue} wl_display#1.delete_id(107)
[18:58:36.039707] {Display Queue} wl_display#1.delete_id(105)
[18:58:36.039708] {Default Queue} wl_callback#107.done(20689655)
[18:58:36.039724] {Default Queue} wp_presentation_feedback#105.sync_output(wl_output#28)
[18:58:36.039726] {Default Queue} wp_presentation_feedback#105.presented(0, 20689, 655456197, 0, 0, 0, 0)
[18:58:36.040608]  -> wl_surface#100.attach(wl_buffer#103, 0, 0)
[18:58:36.040612]  -> wl_surface#100.damage_buffer(0, 0, 1280, 672)
[18:58:36.040614]  -> wl_surface#100.frame(new id wl_callback#105)
[18:58:36.040616] {Default Queue}  -> wp_presentation#20.feedback(wl_surface#100, new id wp_presentation_feedback#107)
[18:58:36.040618]  -> wl_surface#100.commit()
[18:58:36.040687] {Default Queue} wl_buffer#73.release()
[18:58:36.056164] {Display Queue} wl_display#1.delete_id(105)
[18:58:36.056173] {Display Queue} wl_display#1.delete_id(107)
[18:58:36.056174] {Default Queue} wl_callback#105.done(20689671)
[18:58:36.056189] {Default Queue} wp_presentation_feedback#107.sync_output(wl_output#28)
[18:58:36.056191] {Default Queue} wp_presentation_feedback#107.presented(0, 20689, 671926316, 0, 0, 0, 0)
[18:58:36.057039]  -> wl_surface#100.attach(wl_buffer#73, 0, 0)
[18:58:36.057043]  -> wl_surface#100.damage_buffer(0, 0, 1280, 672)
[18:58:36.057045]  -> wl_surface#100.frame(new id wl_callback#107)
[18:58:36.057047] {Default Queue}  -> wp_presentation#20.feedback(wl_surface#100, new id wp_presentation_feedback#105)
[18:58:36.057049]  -> wl_surface#100.commit()
[18:58:36.057119] {Default Queue} wl_buffer#103.release()
[18:58:36.061759] {Default Queue} wl_keyboard#90.key(446, 0, 1, 1)
[18:58:36.063836] {Default Queue} wl_keyboard#90.key(447, 0, 1, 0)
[18:58:36.072609] {Display Queue} wl_display#1.delete_id(107)
[18:58:36.072616] {Display Queue} wl_display#1.delete_id(105)
[18:58:36.072618] {Default Queue} wl_callback#107.done(20689688)
[18:58:36.072631] {Default Queue} wp_presentation_feedback#105.sync_output(wl_output#28)
[18:58:36.072633] {Default Queue} wp_presentation_feedback#105.presented(0, 20689, 688377405, 0, 0, 0, 0)
[18:58:36.073597]  -> wl_surface#100.attach(wl_buffer#103, 0, 0)
[18:58:36.073601]  -> wl_surface#100.damage_buffer(0, 0, 1280, 672)
[18:58:36.073602]  -> wl_surface#100.frame(new id wl_callback#105)
[18:58:36.073604] {Default Queue}  -> wp_presentation#20.feedback(wl_surface#100, new id wp_presentation_feedback#107)
[18:58:36.073606]  -> wl_surface#100.commit()
info: event=services-focus target=other
[18:58:36.073680] {Default Queue} wl_buffer#73.release()
[18:58:36.089138] {Display Queue} wl_display#1.delete_id(105)
[18:58:36.089147] {Display Queue} wl_display#1.delete_id(107)
[18:58:36.089148] {Default Queue} wl_callback#105.done(20689704)
[18:58:36.089164] {Default Queue} wp_presentation_feedback#107.sync_output(wl_output#28)
[18:58:36.089165] {Default Queue} wp_presentation_feedback#107.presented(0, 20689, 704891915, 0, 0, 0, 0)
[18:58:36.090186]  -> wl_surface#100.attach(wl_buffer#73, 0, 0)
[18:58:36.090192]  -> wl_surface#100.damage_buffer(0, 0, 1280, 672)
[18:58:36.090194]  -> wl_surface#100.frame(new id wl_callback#107)
[18:58:36.090197] {Default Queue}  -> wp_presentation#20.feedback(wl_surface#100, new id wp_presentation_feedback#105)
[18:58:36.090199]  -> wl_surface#100.commit()
[18:58:36.090281] {Default Queue} wl_buffer#103.release()
[18:58:36.101085] {Default Queue} wl_keyboard#90.leave(448, wl_surface#100)
[18:58:36.101098] {Default Queue} wl_keyboard#90.leave(449, wl_surface#100)
[18:58:36.101099] {Default Queue} wl_keyboard#90.leave(450, wl_surface#100)
[18:58:36.101100] {Default Queue} wl_seat#3.capabilities(1)
[18:58:36.101102] {Default Queue}  -> wl_keyboard#90.release()
[18:58:36.102000]  -> wl_surface#48.attach(wl_buffer#75, 0, 0)
[18:58:36.102005]  -> wl_surface#48.damage_buffer(0, 0, 1280, 48)
[18:58:36.102007]  -> wl_surface#48.frame(new id wl_callback#110)
[18:58:36.102010] {Default Queue}  -> wp_presentation#20.feedback(wl_surface#48, new id wp_presentation_feedback#72)
[18:58:36.102012]  -> wl_surface#48.commit()
[18:58:36.102222]  -> wl_surface#59.attach(wl_buffer#92, 0, 0)
[18:58:36.102224]  -> wl_surface#59.damage_buffer(0, 0, 1280, 48)
[18:58:36.102225]  -> wl_surface#59.frame(new id wl_callback#89)
[18:58:36.102226] {Default Queue}  -> wp_presentation#20.feedback(wl_surface#59, new id wp_presentation_feedback#112)
[18:58:36.102228]  -> wl_surface#59.commit()
[18:58:36.102477] {Display Queue} wl_display#1.delete_id(90)
[18:58:36.102484] {Default Queue} wl_seat#3.capabilities(3)
[18:58:36.102487] {Default Queue}  -> wl_seat#3.get_keyboard(new id wl_keyboard#90)
[18:58:36.102596] {Display Queue} wl_display#1.delete_id(89)
[18:58:36.102598] {Display Queue} wl_display#1.delete_id(112)
[18:58:36.102599] {Default Queue} wl_buffer#77.release()
[18:58:36.102600] {Default Queue} wl_buffer#85.release()
[18:58:36.102601] {Default Queue} wl_callback#89.done(20689718)
[18:58:36.102607] {Default Queue} wp_presentation_feedback#112.sync_output(wl_output#31)
[18:58:36.102609] {Default Queue} wp_presentation_feedback#112.presented(0, 20689, 718339317, 0, 0, 0, 0)
[18:58:36.102611] {Default Queue} wl_keyboard#90.keymap(1, fd 16, 1436)
[18:58:36.102679] {Default Queue} wl_keyboard#90.repeat_info(40, 400)
[18:58:36.102681] {Default Queue} wl_keyboard#90.enter(452, wl_surface#100, array[0])
[18:58:36.102685] {Default Queue} wl_keyboard#90.modifiers(453, 0, 0, 0, 0)
[18:58:36.105579] {Display Queue} wl_display#1.delete_id(110)
[18:58:36.105583] {Display Queue} wl_display#1.delete_id(107)
[18:58:36.105584] {Display Queue} wl_display#1.delete_id(72)
[18:58:36.105585] {Display Queue} wl_display#1.delete_id(105)
[18:58:36.105586] {Default Queue} wl_callback#110.done(20689721)
[18:58:36.105591] {Default Queue} wl_callback#107.done(20689721)
[18:58:36.105594] {Default Queue} wp_presentation_feedback#72.sync_output(wl_output#28)
[18:58:36.105595] {Default Queue} wp_presentation_feedback#72.presented(0, 20689, 721355914, 0, 0, 0, 0)
[18:58:36.105597] {Default Queue} wp_presentation_feedback#105.sync_output(wl_output#28)
[18:58:36.105598] {Default Queue} wp_presentation_feedback#105.presented(0, 20689, 721355914, 0, 0, 0, 0)
[18:58:36.106676]  -> wl_surface#100.attach(wl_buffer#103, 0, 0)
[18:58:36.106681]  -> wl_surface#100.damage_buffer(0, 0, 1280, 672)
[18:58:36.106683]  -> wl_surface#100.frame(new id wl_callback#105)
[18:58:36.106685] {Default Queue}  -> wp_presentation#20.feedback(wl_surface#100, new id wp_presentation_feedback#72)
[18:58:36.106686]  -> wl_surface#100.commit()
[18:58:36.106891]  -> wl_surface#48.attach(wl_buffer#77, 0, 0)
[18:58:36.106893]  -> wl_surface#48.damage_buffer(0, 0, 1280, 48)
[18:58:36.106895]  -> wl_surface#48.frame(new id wl_callback#107)
[18:58:36.106896] {Default Queue}  -> wp_presentation#20.feedback(wl_surface#48, new id wp_presentation_feedback#110)
[18:58:36.106897]  -> wl_surface#48.commit()
[18:58:36.106908] {Default Queue} wl_buffer#73.release()
[18:58:36.106931] {Default Queue} wl_buffer#75.release()
[18:58:36.119370]  -> wl_surface#59.attach(wl_buffer#85, 0, 0)
[18:58:36.119379]  -> wl_surface#59.damage_buffer(0, 0, 1280, 48)
[18:58:36.119381]  -> wl_surface#59.frame(new id wl_callback#112)
[18:58:36.119384] {Default Queue}  -> wp_presentation#20.feedback(wl_surface#59, new id wp_presentation_feedback#89)
[18:58:36.119386]  -> wl_surface#59.commit()
[18:58:36.119532] {Display Queue} wl_display#1.delete_id(112)
[18:58:36.119537] {Display Queue} wl_display#1.delete_id(89)
[18:58:36.119538] {Default Queue} wl_buffer#92.release()
[18:58:36.119540] {Default Queue} wl_callback#112.done(20689735)
[18:58:36.119549] {Default Queue} wp_presentation_feedback#89.sync_output(wl_output#31)
[18:58:36.119551] {Default Queue} wp_presentation_feedback#89.presented(0, 20689, 735311411, 0, 0, 0, 0)
[18:58:36.122027] {Display Queue} wl_display#1.delete_id(107)
[18:58:36.122033] {Display Queue} wl_display#1.delete_id(105)
[18:58:36.122034] {Display Queue} wl_display#1.delete_id(110)
[18:58:36.122035] {Display Queue} wl_display#1.delete_id(72)
[18:58:36.122036] {Default Queue} wl_callback#107.done(20689737)
[18:58:36.122042] {Default Queue} wl_callback#105.done(20689737)
[18:58:36.122045] {Default Queue} wp_presentation_feedback#110.sync_output(wl_output#28)
[18:58:36.122047] {Default Queue} wp_presentation_feedback#110.presented(0, 20689, 737796453, 0, 0, 0, 0)
[18:58:36.122049] {Default Queue} wp_presentation_feedback#72.sync_output(wl_output#28)
[18:58:36.122050] {Default Queue} wp_presentation_feedback#72.presented(0, 20689, 737796453, 0, 0, 0, 0)
[18:58:36.123044]  -> wl_surface#100.attach(wl_buffer#73, 0, 0)
[18:58:36.123052]  -> wl_surface#100.damage_buffer(0, 0, 1280, 672)
[18:58:36.123054]  -> wl_surface#100.frame(new id wl_callback#72)
[18:58:36.123057] {Default Queue}  -> wp_presentation#20.feedback(wl_surface#100, new id wp_presentation_feedback#110)
[18:58:36.123060]  -> wl_surface#100.commit()
[18:58:36.123172] {Default Queue} wl_buffer#103.release()
[18:58:36.138658] {Display Queue} wl_display#1.delete_id(72)
[18:58:36.138667] {Display Queue} wl_display#1.delete_id(110)
[18:58:36.138668] {Default Queue} wl_callback#72.done(20689754)
[18:58:36.138684] {Default Queue} wp_presentation_feedback#110.sync_output(wl_output#28)
[18:58:36.138686] {Default Queue} wp_presentation_feedback#110.presented(0, 20689, 754413054, 0, 0, 0, 0)
[18:58:36.139783]  -> wl_surface#100.attach(wl_buffer#103, 0, 0)
[18:58:36.139788]  -> wl_surface#100.damage_buffer(0, 0, 1280, 672)
[18:58:36.139789]  -> wl_surface#100.frame(new id wl_callback#110)
[18:58:36.139792] {Default Queue}  -> wp_presentation#20.feedback(wl_surface#100, new id wp_presentation_feedback#72)
[18:58:36.139794]  -> wl_surface#100.commit()
[18:58:36.139872] {Default Queue} wl_buffer#73.release()
[18:58:36.155131] {Display Queue} wl_display#1.delete_id(110)
[18:58:36.155138] {Display Queue} wl_display#1.delete_id(72)
[18:58:36.155139] {Default Queue} wl_callback#110.done(20689770)
[18:58:36.155156] {Default Queue} wp_presentation_feedback#72.sync_output(wl_output#28)
[18:58:36.155158] {Default Queue} wp_presentation_feedback#72.presented(0, 20689, 770892483, 0, 0, 0, 0)
[18:58:36.182543] {Default Queue}  -> zwlr_layer_surface_v1#87.destroy()
[18:58:36.182553]  -> wl_surface#93.attach(nil, 0, 0)
[18:58:36.182555]  -> wl_surface#93.commit()
[18:58:36.182595] {Default Queue}  -> wl_buffer#98.destroy()
[18:58:36.182596] {Default Queue}  -> wl_shm_pool#104.destroy()
[18:58:36.182637] {Default Queue}  -> wp_viewport#106.destroy()
[18:58:36.182638] {Default Queue}  -> wp_fractional_scale_v1#94.destroy()
[18:58:36.182639]  -> wl_surface#93.destroy()
[18:58:36.182650] {Default Queue}  -> xdg_toplevel_icon_v1#99.destroy()
[18:58:36.182997] {Display Queue} wl_display#1.delete_id(87)
[18:58:36.183002] {Display Queue} wl_display#1.delete_id(98)
[18:58:36.183003] {Display Queue} wl_display#1.delete_id(104)
[18:58:36.183004] {Display Queue} wl_display#1.delete_id(106)
[18:58:36.183005] {Display Queue} wl_display#1.delete_id(94)
[18:58:36.183005] {Display Queue} wl_display#1.delete_id(93)
[18:58:36.183006] {Display Queue} wl_display#1.delete_id(99)
[18:58:36.183006] {Default Queue} zwlr_layer_surface_v1#58.configure(454, 1280, 48)
[18:58:36.183015] {Default Queue}  -> zwlr_layer_surface_v1#58.ack_configure(454)
[18:58:36.183017] {Default Queue} zwlr_layer_surface_v1#53.configure(455, 1280, 720)
[18:58:36.183019] {Default Queue}  -> zwlr_layer_surface_v1#53.ack_configure(455)
[18:58:36.183020] {Default Queue} zwlr_layer_surface_v1#109.configure(456, 1280, 672)
[18:58:36.183021] {Default Queue}  -> zwlr_layer_surface_v1#109.ack_configure(456)
[18:58:36.183022] {Default Queue} wl_buffer#95.release()
[18:58:36.183025] {Default Queue}  -> wl_buffer#95.destroy()
[18:58:36.183026] {Default Queue}  -> wl_shm_pool#108.destroy()
[18:58:36.183053]  -> wl_surface#48.commit()
[18:58:36.183063]  -> wl_surface#49.commit()
[18:58:36.190480]  -> wl_surface#100.commit()
[18:58:36.202593] {Display Queue} wl_display#1.delete_id(95)
[18:58:36.202599] {Display Queue} wl_display#1.delete_id(108)
[18:58:36.202600] {Default Queue} wl_keyboard#90.key(457, 0, 1, 1)
[18:58:36.204662] {Default Queue} wl_keyboard#90.key(458, 0, 1, 0)
[18:58:36.207354]  -> wl_surface#100.attach(wl_buffer#73, 0, 0)
[18:58:36.207359]  -> wl_surface#100.damage_buffer(0, 0, 1280, 672)
[18:58:36.207361]  -> wl_surface#100.frame(new id wl_callback#108)
[18:58:36.207363] {Default Queue}  -> wp_presentation#20.feedback(wl_surface#100, new id wp_presentation_feedback#95)
[18:58:36.207365]  -> wl_surface#100.commit()
info: event=services-focus target=other
[18:58:36.207483] {Default Queue} wl_buffer#103.release()
[18:58:36.215456] {Display Queue} wl_display#1.delete_id(108)
[18:58:36.215464] {Display Queue} wl_display#1.delete_id(95)
[18:58:36.215465] {Default Queue} wl_callback#108.done(20689831)
[18:58:36.215480] {Default Queue} wp_presentation_feedback#95.sync_output(wl_output#28)
[18:58:36.215482] {Default Queue} wp_presentation_feedback#95.presented(0, 20689, 831216539, 0, 0, 0, 0)
[18:58:36.241890] {Default Queue} wl_keyboard#90.leave(459, wl_surface#100)
[18:58:36.241899] {Default Queue} wl_keyboard#90.leave(460, wl_surface#100)
[18:58:36.241901] {Default Queue} wl_keyboard#90.leave(461, wl_surface#100)
[18:58:36.241901] {Default Queue} wl_seat#3.capabilities(1)
[18:58:36.241903] {Default Queue}  -> wl_keyboard#90.release()
[18:58:36.242418]  -> wl_surface#48.attach(wl_buffer#75, 0, 0)
[18:58:36.242423]  -> wl_surface#48.damage_buffer(0, 0, 1280, 48)
[18:58:36.242425]  -> wl_surface#48.frame(new id wl_callback#95)
[18:58:36.242426] {Default Queue}  -> wp_presentation#20.feedback(wl_surface#48, new id wp_presentation_feedback#108)
[18:58:36.242428]  -> wl_surface#48.commit()
[18:58:36.242640]  -> wl_surface#59.attach(wl_buffer#92, 0, 0)
[18:58:36.242642]  -> wl_surface#59.damage_buffer(0, 0, 1280, 48)
[18:58:36.242644]  -> wl_surface#59.frame(new id wl_callback#99)
[18:58:36.242645] {Default Queue}  -> wp_presentation#20.feedback(wl_surface#59, new id wp_presentation_feedback#93)
[18:58:36.242646]  -> wl_surface#59.commit()
[18:58:36.243140] {Display Queue} wl_display#1.delete_id(90)
[18:58:36.243148] {Default Queue} wl_seat#3.capabilities(3)
[18:58:36.243152] {Default Queue}  -> wl_seat#3.get_keyboard(new id wl_keyboard#90)
[18:58:36.243272] {Display Queue} wl_display#1.delete_id(95)
[18:58:36.243273] {Display Queue} wl_display#1.delete_id(99)
[18:58:36.243274] {Display Queue} wl_display#1.delete_id(108)
[18:58:36.243275] {Display Queue} wl_display#1.delete_id(93)
[18:58:36.243275] {Default Queue} wl_buffer#77.release()
[18:58:36.243277] {Default Queue} wl_buffer#85.release()
[18:58:36.243278] {Default Queue} wl_callback#95.done(20689859)
[18:58:36.243286] {Default Queue} wl_callback#99.done(20689859)
[18:58:36.243288] {Default Queue} wp_presentation_feedback#108.sync_output(wl_output#28)
[18:58:36.243289] {Default Queue} wp_presentation_feedback#108.presented(0, 20689, 859046501, 0, 0, 0, 0)
[18:58:36.243292] {Default Queue} wp_presentation_feedback#93.sync_output(wl_output#31)
[18:58:36.243293] {Default Queue} wp_presentation_feedback#93.presented(0, 20689, 859048951, 0, 0, 0, 0)
[18:58:36.243294] {Default Queue} wl_keyboard#90.keymap(1, fd 16, 1436)
[18:58:36.243372] {Default Queue} wl_keyboard#90.repeat_info(40, 400)
[18:58:36.243373] {Default Queue} wl_keyboard#90.enter(463, wl_surface#100, array[0])
[18:58:36.243379] {Default Queue} wl_keyboard#90.modifiers(464, 0, 0, 0, 0)
[18:58:36.258878]  -> wl_surface#48.attach(wl_buffer#77, 0, 0)
[18:58:36.258884]  -> wl_surface#48.damage_buffer(0, 0, 1280, 48)
[18:58:36.258886]  -> wl_surface#48.frame(new id wl_callback#93)
[18:58:36.258889] {Default Queue}  -> wp_presentation#20.feedback(wl_surface#48, new id wp_presentation_feedback#108)
[18:58:36.258891]  -> wl_surface#48.commit()
[18:58:36.258969] {Default Queue} wl_buffer#75.release()
[18:58:36.259295] {Display Queue} wl_display#1.delete_id(93)
[18:58:36.259297] {Display Queue} wl_display#1.delete_id(108)
[18:58:36.259298] {Default Queue} wl_callback#93.done(20689875)
[18:58:36.259307] {Default Queue} wp_presentation_feedback#108.sync_output(wl_output#28)
[18:58:36.259308] {Default Queue} wp_presentation_feedback#108.presented(0, 20689, 875075597, 0, 0, 0, 0)
[18:58:36.259798]  -> wl_surface#59.attach(wl_buffer#85, 0, 0)
[18:58:36.259802]  -> wl_surface#59.damage_buffer(0, 0, 1280, 48)
[18:58:36.259804]  -> wl_surface#59.frame(new id wl_callback#108)
[18:58:36.259806] {Default Queue}  -> wp_presentation#20.feedback(wl_surface#59, new id wp_presentation_feedback#93)
[18:58:36.259808]  -> wl_surface#59.commit()
[18:58:36.259873] {Display Queue} wl_display#1.delete_id(108)
[18:58:36.259878] {Display Queue} wl_display#1.delete_id(93)
[18:58:36.259879] {Default Queue} wl_buffer#92.release()
[18:58:36.259880] {Default Queue} wl_callback#108.done(20689875)
[18:58:36.259885] {Default Queue} wp_presentation_feedback#93.sync_output(wl_output#31)
[18:58:36.259886] {Default Queue} wp_presentation_feedback#93.presented(0, 20689, 875653932, 0, 0, 0, 0)
[18:58:36.343281] {Default Queue} wl_keyboard#90.key(465, 0, 1, 1)
[18:58:36.345370] {Default Queue} wl_keyboard#90.key(466, 0, 1, 0)
[18:58:36.353871]  -> wl_surface#100.attach(wl_buffer#103, 0, 0)
[18:58:36.353880]  -> wl_surface#100.damage_buffer(0, 0, 1280, 672)
[18:58:36.353883]  -> wl_surface#100.frame(new id wl_callback#93)
[18:58:36.353885] {Default Queue}  -> wp_presentation#20.feedback(wl_surface#100, new id wp_presentation_feedback#108)
[18:58:36.353888]  -> wl_surface#100.commit()
info: event=services-focus target=power-off
[18:58:36.354464] {Display Queue} wl_display#1.delete_id(93)
[18:58:36.354470] {Display Queue} wl_display#1.delete_id(108)
[18:58:36.354471] {Default Queue} wl_buffer#73.release()
[18:58:36.354472] {Default Queue} wl_callback#93.done(20689970)
[18:58:36.354485] {Default Queue} wp_presentation_feedback#108.sync_output(wl_output#28)
[18:58:36.354487] {Default Queue} wp_presentation_feedback#108.presented(0, 20689, 970237529, 0, 0, 0, 0)
[18:58:36.355281]  -> wl_surface#100.attach(wl_buffer#73, 0, 0)
[18:58:36.355286]  -> wl_surface#100.damage_buffer(0, 0, 1280, 672)
[18:58:36.355288]  -> wl_surface#100.frame(new id wl_callback#108)
[18:58:36.355290] {Default Queue}  -> wp_presentation#20.feedback(wl_surface#100, new id wp_presentation_feedback#93)
[18:58:36.355293]  -> wl_surface#100.commit()
[18:58:36.355368] {Default Queue} wl_buffer#103.release()
[18:58:36.371147] {Display Queue} wl_display#1.delete_id(108)
[18:58:36.371162] {Display Queue} wl_display#1.delete_id(93)
[18:58:36.371163] {Default Queue} wl_callback#108.done(20689986)
[18:58:36.371181] {Default Queue} wp_presentation_feedback#93.sync_output(wl_output#28)
[18:58:36.371184] {Default Queue} wp_presentation_feedback#93.presented(0, 20689, 986894760, 0, 0, 0, 0)
[18:58:36.372344]  -> wl_surface#100.attach(wl_buffer#103, 0, 0)
[18:58:36.372351]  -> wl_surface#100.damage_buffer(0, 0, 1280, 672)
[18:58:36.372353]  -> wl_surface#100.frame(new id wl_callback#93)
[18:58:36.372357] {Default Queue}  -> wp_presentation#20.feedback(wl_surface#100, new id wp_presentation_feedback#108)
[18:58:36.372360]  -> wl_surface#100.commit()
[18:58:36.372448] {Default Queue} wl_buffer#73.release()
[18:58:36.382629] {Default Queue} wl_keyboard#90.leave(467, wl_surface#100)
[18:58:36.382644] {Default Queue} wl_keyboard#90.leave(468, wl_surface#100)
[18:58:36.382645] {Default Queue} wl_keyboard#90.leave(469, wl_surface#100)
[18:58:36.382647] {Default Queue} wl_seat#3.capabilities(1)
[18:58:36.382649] {Default Queue}  -> wl_keyboard#90.release()
[18:58:36.383337]  -> wl_surface#48.attach(wl_buffer#75, 0, 0)
[18:58:36.383344]  -> wl_surface#48.damage_buffer(0, 0, 1280, 48)
[18:58:36.383346]  -> wl_surface#48.frame(new id wl_callback#99)
[18:58:36.383348] {Default Queue}  -> wp_presentation#20.feedback(wl_surface#48, new id wp_presentation_feedback#95)
[18:58:36.383351]  -> wl_surface#48.commit()
[18:58:36.383594]  -> wl_surface#59.attach(wl_buffer#92, 0, 0)
[18:58:36.383598]  -> wl_surface#59.damage_buffer(0, 0, 1280, 48)
[18:58:36.383599]  -> wl_surface#59.frame(new id wl_callback#94)
[18:58:36.383601] {Default Queue}  -> wp_presentation#20.feedback(wl_surface#59, new id wp_presentation_feedback#106)
[18:58:36.383603]  -> wl_surface#59.commit()
[18:58:36.384109] {Display Queue} wl_display#1.delete_id(90)
[18:58:36.384112] {Default Queue} wl_seat#3.capabilities(3)
[18:58:36.384113] {Default Queue}  -> wl_seat#3.get_keyboard(new id wl_keyboard#90)
[18:58:36.384235] {Display Queue} wl_display#1.delete_id(94)
[18:58:36.384236] {Display Queue} wl_display#1.delete_id(106)
[18:58:36.384237] {Default Queue} wl_buffer#77.release()
[18:58:36.384238] {Default Queue} wl_buffer#85.release()
[18:58:36.384238] {Default Queue} wl_callback#94.done(20689999)
[18:58:36.384243] {Default Queue} wp_presentation_feedback#106.sync_output(wl_output#31)
[18:58:36.384244] {Default Queue} wp_presentation_feedback#106.presented(0, 20689, 999988008, 0, 0, 0, 0)
[18:58:36.384247] {Default Queue} wl_keyboard#90.keymap(1, fd 16, 1436)
[18:58:36.384323] {Default Queue} wl_keyboard#90.repeat_info(40, 400)
[18:58:36.384325] {Default Queue} wl_keyboard#90.enter(471, wl_surface#100, array[0])
[18:58:36.384330] {Default Queue} wl_keyboard#90.modifiers(472, 0, 0, 0, 0)
[18:58:36.387565] {Display Queue} wl_display#1.delete_id(99)
[18:58:36.387571] {Display Queue} wl_display#1.delete_id(93)
[18:58:36.387572] {Display Queue} wl_display#1.delete_id(95)
[18:58:36.387572] {Display Queue} wl_display#1.delete_id(108)
[18:58:36.387573] {Default Queue} wl_callback#99.done(20690003)
[18:58:36.387580] {Default Queue} wl_callback#93.done(20690003)
[18:58:36.387583] {Default Queue} wp_presentation_feedback#95.sync_output(wl_output#28)
[18:58:36.387585] {Default Queue} wp_presentation_feedback#95.presented(0, 20690, 3337938, 0, 0, 0, 0)
[18:58:36.387588] {Default Queue} wp_presentation_feedback#108.sync_output(wl_output#28)
[18:58:36.387589] {Default Queue} wp_presentation_feedback#108.presented(0, 20690, 3337938, 0, 0, 0, 0)
[18:58:36.388558]  -> wl_surface#100.attach(wl_buffer#73, 0, 0)
[18:58:36.388561]  -> wl_surface#100.damage_buffer(0, 0, 1280, 672)
[18:58:36.388563]  -> wl_surface#100.frame(new id wl_callback#108)
[18:58:36.388564] {Default Queue}  -> wp_presentation#20.feedback(wl_surface#100, new id wp_presentation_feedback#95)
[18:58:36.388566]  -> wl_surface#100.commit()
[18:58:36.388771]  -> wl_surface#48.attach(wl_buffer#77, 0, 0)
[18:58:36.388773]  -> wl_surface#48.damage_buffer(0, 0, 1280, 48)
[18:58:36.388774]  -> wl_surface#48.frame(new id wl_callback#93)
[18:58:36.388775] {Default Queue}  -> wp_presentation#20.feedback(wl_surface#48, new id wp_presentation_feedback#99)
[18:58:36.388776]  -> wl_surface#48.commit()
[18:58:36.388787] {Default Queue} wl_buffer#103.release()
[18:58:36.388816] {Default Queue} wl_buffer#75.release()
[18:58:36.400738]  -> wl_surface#59.attach(wl_buffer#85, 0, 0)
[18:58:36.400743]  -> wl_surface#59.damage_buffer(0, 0, 1280, 48)
[18:58:36.400745]  -> wl_surface#59.frame(new id wl_callback#106)
[18:58:36.400747] {Default Queue}  -> wp_presentation#20.feedback(wl_surface#59, new id wp_presentation_feedback#94)
[18:58:36.400748]  -> wl_surface#59.commit()
[18:58:36.400839] {Display Queue} wl_display#1.delete_id(106)
[18:58:36.400841] {Display Queue} wl_display#1.delete_id(94)
[18:58:36.400842] {Default Queue} wl_buffer#92.release()
[18:58:36.400843] {Default Queue} wl_callback#106.done(20690016)
[18:58:36.400848] {Default Queue} wp_presentation_feedback#94.sync_output(wl_output#31)
[18:58:36.400849] {Default Queue} wp_presentation_feedback#94.presented(0, 20690, 16621279, 0, 0, 0, 0)
[18:58:36.403936] {Display Queue} wl_display#1.delete_id(93)
[18:58:36.403941] {Display Queue} wl_display#1.delete_id(108)
[18:58:36.403942] {Display Queue} wl_display#1.delete_id(99)
[18:58:36.403943] {Display Queue} wl_display#1.delete_id(95)
[18:58:36.403944] {Default Queue} wl_callback#93.done(20690019)
[18:58:36.403950] {Default Queue} wl_callback#108.done(20690019)
[18:58:36.403954] {Default Queue} wp_presentation_feedback#99.sync_output(wl_output#28)
[18:58:36.403955] {Default Queue} wp_presentation_feedback#99.presented(0, 20690, 19712167, 0, 0, 0, 0)
[18:58:36.403958] {Default Queue} wp_presentation_feedback#95.sync_output(wl_output#28)
[18:58:36.403959] {Default Queue} wp_presentation_feedback#95.presented(0, 20690, 19712167, 0, 0, 0, 0)
[18:58:36.404726]  -> wl_surface#100.attach(wl_buffer#103, 0, 0)
[18:58:36.404729]  -> wl_surface#100.damage_buffer(0, 0, 1280, 672)
[18:58:36.404730]  -> wl_surface#100.frame(new id wl_callback#95)
[18:58:36.404732] {Default Queue}  -> wp_presentation#20.feedback(wl_surface#100, new id wp_presentation_feedback#99)
[18:58:36.404733]  -> wl_surface#100.commit()
[18:58:36.404778] {Default Queue} wl_buffer#73.release()
[18:58:36.420337] {Display Queue} wl_display#1.delete_id(95)
[18:58:36.420345] {Display Queue} wl_display#1.delete_id(99)
[18:58:36.420346] {Default Queue} wl_callback#95.done(20690036)
[18:58:36.420360] {Default Queue} wp_presentation_feedback#99.sync_output(wl_output#28)
[18:58:36.420362] {Default Queue} wp_presentation_feedback#99.presented(0, 20690, 36100345, 0, 0, 0, 0)
[18:58:36.421135]  -> wl_surface#100.attach(wl_buffer#73, 0, 0)
[18:58:36.421140]  -> wl_surface#100.damage_buffer(0, 0, 1280, 672)
[18:58:36.421142]  -> wl_surface#100.frame(new id wl_callback#99)
[18:58:36.421144] {Default Queue}  -> wp_presentation#20.feedback(wl_surface#100, new id wp_presentation_feedback#95)
[18:58:36.421146]  -> wl_surface#100.commit()
[18:58:36.421210] {Default Queue} wl_buffer#103.release()
[18:58:36.436694] {Display Queue} wl_display#1.delete_id(99)
[18:58:36.436700] {Display Queue} wl_display#1.delete_id(95)
[18:58:36.436701] {Default Queue} wl_callback#99.done(20690052)
[18:58:36.436712] {Default Queue} wp_presentation_feedback#95.sync_output(wl_output#28)
[18:58:36.436713] {Default Queue} wp_presentation_feedback#95.presented(0, 20690, 52463023, 0, 0, 0, 0)
[18:58:36.437480]  -> wl_surface#100.attach(wl_buffer#103, 0, 0)
[18:58:36.437484]  -> wl_surface#100.damage_buffer(0, 0, 1280, 672)
[18:58:36.437485]  -> wl_surface#100.frame(new id wl_callback#95)
[18:58:36.437487] {Default Queue}  -> wp_presentation#20.feedback(wl_surface#100, new id wp_presentation_feedback#99)
[18:58:36.437489]  -> wl_surface#100.commit()
[18:58:36.437542] {Default Queue} wl_buffer#73.release()
[18:58:36.453230] {Display Queue} wl_display#1.delete_id(95)
[18:58:36.453237] {Display Queue} wl_display#1.delete_id(99)
[18:58:36.453238] {Default Queue} wl_callback#95.done(20690068)
[18:58:36.453252] {Default Queue} wp_presentation_feedback#99.sync_output(wl_output#28)
[18:58:36.453253] {Default Queue} wp_presentation_feedback#99.presented(0, 20690, 68994153, 0, 0, 0, 0)
[18:58:36.454041]  -> wl_surface#100.attach(wl_buffer#73, 0, 0)
[18:58:36.454044]  -> wl_surface#100.damage_buffer(0, 0, 1280, 672)
[18:58:36.454046]  -> wl_surface#100.frame(new id wl_callback#99)
[18:58:36.454048] {Default Queue}  -> wp_presentation#20.feedback(wl_surface#100, new id wp_presentation_feedback#95)
[18:58:36.454050]  -> wl_surface#100.commit()
[18:58:36.454113] {Default Queue} wl_buffer#103.release()
[18:58:36.469736] {Display Queue} wl_display#1.delete_id(99)
[18:58:36.469745] {Display Queue} wl_display#1.delete_id(95)
[18:58:36.469746] {Default Queue} wl_callback#99.done(20690085)
[18:58:36.469762] {Default Queue} wp_presentation_feedback#95.sync_output(wl_output#28)
[18:58:36.469763] {Default Queue} wp_presentation_feedback#95.presented(0, 20690, 85492703, 0, 0, 0, 0)
[18:58:36.470637]  -> wl_surface#100.attach(wl_buffer#103, 0, 0)
[18:58:36.470642]  -> wl_surface#100.damage_buffer(0, 0, 1280, 672)
[18:58:36.470644]  -> wl_surface#100.frame(new id wl_callback#95)
[18:58:36.470646] {Default Queue}  -> wp_presentation#20.feedback(wl_surface#100, new id wp_presentation_feedback#99)
[18:58:36.470648]  -> wl_surface#100.commit()
[18:58:36.470718] {Default Queue} wl_buffer#73.release()
[18:58:36.484238] {Default Queue} wl_keyboard#90.key(473, 0, 1, 1)
[18:58:36.486097] {Display Queue} wl_display#1.delete_id(95)
[18:58:36.486101] {Display Queue} wl_display#1.delete_id(99)
[18:58:36.486103] {Default Queue} wl_callback#95.done(20690101)
[18:58:36.486112] {Default Queue} wp_presentation_feedback#99.sync_output(wl_output#28)
[18:58:36.486114] {Default Queue} wp_presentation_feedback#99.presented(0, 20690, 101874231, 0, 0, 0, 0)
[18:58:36.487021]  -> wl_surface#100.attach(wl_buffer#73, 0, 0)
[18:58:36.487026]  -> wl_surface#100.damage_buffer(0, 0, 1280, 672)
[18:58:36.487028]  -> wl_surface#100.frame(new id wl_callback#99)
[18:58:36.487030] {Default Queue}  -> wp_presentation#20.feedback(wl_surface#100, new id wp_presentation_feedback#95)
[18:58:36.487032]  -> wl_surface#100.commit()
info: event=services-focus target=reboot
[18:58:36.487060] {Default Queue} wl_keyboard#90.key(474, 0, 1, 0)
[18:58:36.487098] {Default Queue} wl_buffer#103.release()
[18:58:36.502514] {Display Queue} wl_display#1.delete_id(99)
[18:58:36.502521] {Display Queue} wl_display#1.delete_id(95)
[18:58:36.502522] {Default Queue} wl_callback#99.done(20690118)
[18:58:36.502536] {Default Queue} wp_presentation_feedback#95.sync_output(wl_output#28)
[18:58:36.502538] {Default Queue} wp_presentation_feedback#95.presented(0, 20690, 118279660, 0, 0, 0, 0)
[18:58:36.503337]  -> wl_surface#100.attach(wl_buffer#103, 0, 0)
[18:58:36.503340]  -> wl_surface#100.damage_buffer(0, 0, 1280, 672)
[18:58:36.503342]  -> wl_surface#100.frame(new id wl_callback#95)
[18:58:36.503344] {Default Queue}  -> wp_presentation#20.feedback(wl_surface#100, new id wp_presentation_feedback#99)
[18:58:36.503346]  -> wl_surface#100.commit()
[18:58:36.503405] {Default Queue} wl_buffer#73.release()
[18:58:36.518891] {Display Queue} wl_display#1.delete_id(95)
[18:58:36.518897] {Display Queue} wl_display#1.delete_id(99)
[18:58:36.518898] {Default Queue} wl_callback#95.done(20690134)
[18:58:36.518910] {Default Queue} wp_presentation_feedback#99.sync_output(wl_output#28)
[18:58:36.518912] {Default Queue} wp_presentation_feedback#99.presented(0, 20690, 134649928, 0, 0, 0, 0)
[18:58:36.519683]  -> wl_surface#100.attach(wl_buffer#73, 0, 0)
[18:58:36.519686]  -> wl_surface#100.damage_buffer(0, 0, 1280, 672)
[18:58:36.519688]  -> wl_surface#100.frame(new id wl_callback#99)
[18:58:36.519690] {Default Queue}  -> wp_presentation#20.feedback(wl_surface#100, new id wp_presentation_feedback#95)
[18:58:36.519692]  -> wl_surface#100.commit()
[18:58:36.519753] {Default Queue} wl_buffer#103.release()
[18:58:36.523561] {Default Queue} wl_keyboard#90.leave(475, wl_surface#100)
[18:58:36.523572] {Default Queue} wl_keyboard#90.leave(476, wl_surface#100)
[18:58:36.523573] {Default Queue} wl_keyboard#90.leave(477, wl_surface#100)
[18:58:36.523574] {Default Queue} wl_seat#3.capabilities(1)
[18:58:36.523576] {Default Queue}  -> wl_keyboard#90.release()
[18:58:36.524196]  -> wl_surface#48.attach(wl_buffer#75, 0, 0)
[18:58:36.524200]  -> wl_surface#48.damage_buffer(0, 0, 1280, 48)
[18:58:36.524202]  -> wl_surface#48.frame(new id wl_callback#108)
[18:58:36.524203] {Default Queue}  -> wp_presentation#20.feedback(wl_surface#48, new id wp_presentation_feedback#93)
[18:58:36.524206]  -> wl_surface#48.commit()
[18:58:36.524413]  -> wl_surface#59.attach(wl_buffer#92, 0, 0)
[18:58:36.524415]  -> wl_surface#59.damage_buffer(0, 0, 1280, 48)
[18:58:36.524417]  -> wl_surface#59.frame(new id wl_callback#94)
[18:58:36.524418] {Default Queue}  -> wp_presentation#20.feedback(wl_surface#59, new id wp_presentation_feedback#106)
[18:58:36.524419]  -> wl_surface#59.commit()
[18:58:36.524996] {Display Queue} wl_display#1.delete_id(90)
[18:58:36.525004] {Default Queue} wl_seat#3.capabilities(3)
[18:58:36.525009] {Default Queue}  -> wl_seat#3.get_keyboard(new id wl_keyboard#90)
[18:58:36.525132] {Display Queue} wl_display#1.delete_id(94)
[18:58:36.525133] {Display Queue} wl_display#1.delete_id(106)
[18:58:36.525134] {Default Queue} wl_buffer#77.release()
[18:58:36.525135] {Default Queue} wl_buffer#85.release()
[18:58:36.525136] {Default Queue} wl_callback#94.done(20690140)
[18:58:36.525144] {Default Queue} wp_presentation_feedback#106.sync_output(wl_output#31)
[18:58:36.525146] {Default Queue} wp_presentation_feedback#106.presented(0, 20690, 140855454, 0, 0, 0, 0)
[18:58:36.525148] {Default Queue} wl_keyboard#90.keymap(1, fd 16, 1434)
[18:58:36.525239] {Default Queue} wl_keyboard#90.repeat_info(40, 400)
[18:58:36.525244] {Default Queue} wl_keyboard#90.enter(479, wl_surface#100, array[0])
[18:58:36.525250] {Default Queue} wl_keyboard#90.modifiers(480, 0, 0, 0, 0)
[18:58:36.535257] {Display Queue} wl_display#1.delete_id(108)
[18:58:36.535262] {Display Queue} wl_display#1.delete_id(99)
[18:58:36.535263] {Display Queue} wl_display#1.delete_id(93)
[18:58:36.535264] {Display Queue} wl_display#1.delete_id(95)
[18:58:36.535265] {Default Queue} wl_callback#108.done(20690151)
[18:58:36.535271] {Default Queue} wl_callback#99.done(20690151)
[18:58:36.535274] {Default Queue} wp_presentation_feedback#93.sync_output(wl_output#28)
[18:58:36.535276] {Default Queue} wp_presentation_feedback#93.presented(0, 20690, 151032436, 0, 0, 0, 0)
[18:58:36.535279] {Default Queue} wp_presentation_feedback#95.sync_output(wl_output#28)
[18:58:36.535281] {Default Queue} wp_presentation_feedback#95.presented(0, 20690, 151032436, 0, 0, 0, 0)
[18:58:36.536245]  -> wl_surface#100.attach(wl_buffer#103, 0, 0)
[18:58:36.536249]  -> wl_surface#100.damage_buffer(0, 0, 1280, 672)
[18:58:36.536250]  -> wl_surface#100.frame(new id wl_callback#95)
[18:58:36.536252] {Default Queue}  -> wp_presentation#20.feedback(wl_surface#100, new id wp_presentation_feedback#93)
[18:58:36.536254]  -> wl_surface#100.commit()
[18:58:36.536453]  -> wl_surface#48.attach(wl_buffer#77, 0, 0)
[18:58:36.536455]  -> wl_surface#48.damage_buffer(0, 0, 1280, 48)
[18:58:36.536456]  -> wl_surface#48.frame(new id wl_callback#99)
[18:58:36.536457] {Default Queue}  -> wp_presentation#20.feedback(wl_surface#48, new id wp_presentation_feedback#108)
[18:58:36.536458]  -> wl_surface#48.commit()
[18:58:36.536469] {Default Queue} wl_buffer#73.release()
[18:58:36.536475] {Default Queue} wl_buffer#75.release()
[18:58:36.541552]  -> wl_surface#59.attach(wl_buffer#85, 0, 0)
[18:58:36.541554]  -> wl_surface#59.damage_buffer(0, 0, 1280, 48)
[18:58:36.541556]  -> wl_surface#59.frame(new id wl_callback#106)
[18:58:36.541556] {Default Queue}  -> wp_presentation#20.feedback(wl_surface#59, new id wp_presentation_feedback#94)
[18:58:36.541558]  -> wl_surface#59.commit()
[18:58:36.541609] {Display Queue} wl_display#1.delete_id(106)
[18:58:36.541611] {Display Queue} wl_display#1.delete_id(94)
[18:58:36.541611] {Default Queue} wl_buffer#92.release()
[18:58:36.541612] {Default Queue} wl_callback#106.done(20690157)
[18:58:36.541616] {Default Queue} wp_presentation_feedback#94.sync_output(wl_output#31)
[18:58:36.541617] {Default Queue} wp_presentation_feedback#94.presented(0, 20690, 157393744, 0, 0, 0, 0)
[18:58:36.551549] {Display Queue} wl_display#1.delete_id(99)
[18:58:36.551553] {Display Queue} wl_display#1.delete_id(95)
[18:58:36.551553] {Display Queue} wl_display#1.delete_id(108)
[18:58:36.551554] {Display Queue} wl_display#1.delete_id(93)
[18:58:36.551555] {Default Queue} wl_callback#99.done(20690167)
[18:58:36.551558] {Default Queue} wl_callback#95.done(20690167)
[18:58:36.551560] {Default Queue} wp_presentation_feedback#108.sync_output(wl_output#28)
[18:58:36.551561] {Default Queue} wp_presentation_feedback#108.presented(0, 20690, 167322984, 0, 0, 0, 0)
[18:58:36.551563] {Default Queue} wp_presentation_feedback#93.sync_output(wl_output#28)
[18:58:36.551563] {Default Queue} wp_presentation_feedback#93.presented(0, 20690, 167322984, 0, 0, 0, 0)
[18:58:36.625105] {Default Queue} wl_keyboard#90.key(481, 0, 1, 1)
[18:58:36.627183] {Default Queue} wl_keyboard#90.key(482, 0, 1, 0)
info: event=power-intent reboot=true confirmed=false
[18:58:36.642918]  -> wl_surface#100.attach(wl_buffer#73, 0, 0)
[18:58:36.642923]  -> wl_surface#100.damage_buffer(0, 0, 1280, 672)
[18:58:36.642924]  -> wl_surface#100.frame(new id wl_callback#93)
[18:58:36.642926] {Default Queue}  -> wp_presentation#20.feedback(wl_surface#100, new id wp_presentation_feedback#108)
[18:58:36.642928]  -> wl_surface#100.commit()
[18:58:36.643246] {Display Queue} wl_display#1.delete_id(93)
[18:58:36.643248] {Display Queue} wl_display#1.delete_id(108)
[18:58:36.643249] {Default Queue} wl_buffer#103.release()
[18:58:36.643249] {Default Queue} wl_callback#93.done(20690259)
[18:58:36.643253] {Default Queue} wp_presentation_feedback#108.sync_output(wl_output#28)
[18:58:36.643255] {Default Queue} wp_presentation_feedback#108.presented(0, 20690, 259028015, 0, 0, 0, 0)
[18:58:37.029377] {Default Queue} wl_keyboard#90.key(483, 0, 1, 1)
[18:58:37.031436] {Default Queue} wl_keyboard#90.key(484, 0, 1, 0)
info: event=power-intent reboot=true confirmed=true
[18:58:37.047798]  -> wl_surface#100.attach(wl_buffer#103, 0, 0)
[18:58:37.047806]  -> wl_surface#100.damage_buffer(0, 0, 1280, 672)
[18:58:37.047808]  -> wl_surface#100.frame(new id wl_callback#108)
[18:58:37.047810] {Default Queue}  -> wp_presentation#20.feedback(wl_surface#100, new id wp_presentation_feedback#93)
[18:58:37.047813]  -> wl_surface#100.commit()
info: event=services-focus target=other
[18:58:37.048292] {Display Queue} wl_display#1.delete_id(108)
[18:58:37.048295] {Display Queue} wl_display#1.delete_id(93)
[18:58:37.048296] {Default Queue} wl_buffer#73.release()
[18:58:37.048297] {Default Queue} wl_callback#108.done(20690664)
[18:58:37.048305] {Default Queue} wp_presentation_feedback#93.sync_output(wl_output#28)
[18:58:37.048306] {Default Queue} wp_presentation_feedback#93.presented(0, 20690, 664070894, 0, 0, 0, 0)
[18:58:37.049080]  -> wl_surface#100.attach(wl_buffer#73, 0, 0)
[18:58:37.049085]  -> wl_surface#100.damage_buffer(0, 0, 1280, 672)
[18:58:37.049087]  -> wl_surface#100.frame(new id wl_callback#93)
[18:58:37.049089] {Default Queue}  -> wp_presentation#20.feedback(wl_surface#100, new id wp_presentation_feedback#108)
[18:58:37.049091]  -> wl_surface#100.commit()
[18:58:37.049127] {Default Queue} wl_buffer#103.release()
[18:58:37.064702] {Display Queue} wl_display#1.delete_id(93)
[18:58:37.064708] {Display Queue} wl_display#1.delete_id(108)
[18:58:37.064709] {Default Queue} wl_callback#93.done(20690680)
[18:58:37.064723] {Default Queue} wp_presentation_feedback#108.sync_output(wl_output#28)
[18:58:37.064725] {Default Queue} wp_presentation_feedback#108.presented(0, 20690, 680466892, 0, 0, 0, 0)
[18:58:37.065600]  -> wl_surface#100.attach(wl_buffer#103, 0, 0)
[18:58:37.065604]  -> wl_surface#100.damage_buffer(0, 0, 1280, 672)
[18:58:37.065606]  -> wl_surface#100.frame(new id wl_callback#108)
[18:58:37.065609] {Default Queue}  -> wp_presentation#20.feedback(wl_surface#100, new id wp_presentation_feedback#93)
[18:58:37.065611]  -> wl_surface#100.commit()
[18:58:37.065669] {Default Queue} wl_buffer#73.release()
[18:58:37.081057] {Display Queue} wl_display#1.delete_id(108)
[18:58:37.081063] {Display Queue} wl_display#1.delete_id(93)
[18:58:37.081064] {Default Queue} wl_callback#108.done(20690696)
[18:58:37.081076] {Default Queue} wp_presentation_feedback#93.sync_output(wl_output#28)
[18:58:37.081078] {Default Queue} wp_presentation_feedback#93.presented(0, 20690, 696828380, 0, 0, 0, 0)
[18:58:37.081890]  -> wl_surface#100.attach(wl_buffer#73, 0, 0)
[18:58:37.081894]  -> wl_surface#100.damage_buffer(0, 0, 1280, 672)
[18:58:37.081895]  -> wl_surface#100.frame(new id wl_callback#93)
[18:58:37.081897] {Default Queue}  -> wp_presentation#20.feedback(wl_surface#100, new id wp_presentation_feedback#108)
[18:58:37.081899]  -> wl_surface#100.commit()
[18:58:37.081956] {Default Queue} wl_buffer#103.release()
[18:58:37.097448] {Display Queue} wl_display#1.delete_id(93)
[18:58:37.097455] {Display Queue} wl_display#1.delete_id(108)
[18:58:37.097457] {Default Queue} wl_callback#93.done(20690713)
[18:58:37.097468] {Default Queue} wp_presentation_feedback#108.sync_output(wl_output#28)
[18:58:37.097470] {Default Queue} wp_presentation_feedback#108.presented(0, 20690, 713214139, 0, 0, 0, 0)
[18:58:37.098305]  -> wl_surface#100.attach(wl_buffer#103, 0, 0)
[18:58:37.098309]  -> wl_surface#100.damage_buffer(0, 0, 1280, 672)
[18:58:37.098310]  -> wl_surface#100.frame(new id wl_callback#108)
[18:58:37.098313] {Default Queue}  -> wp_presentation#20.feedback(wl_surface#100, new id wp_presentation_feedback#93)
[18:58:37.098315]  -> wl_surface#100.commit()
[18:58:37.098370] {Default Queue} wl_buffer#73.release()
[18:58:37.113827] {Display Queue} wl_display#1.delete_id(108)
[18:58:37.113834] {Display Queue} wl_display#1.delete_id(93)
[18:58:37.113836] {Default Queue} wl_callback#108.done(20690729)
[18:58:37.113848] {Default Queue} wp_presentation_feedback#93.sync_output(wl_output#28)
[18:58:37.113850] {Default Queue} wp_presentation_feedback#93.presented(0, 20690, 729586897, 0, 0, 0, 0)
[18:58:37.114701]  -> wl_surface#100.attach(wl_buffer#73, 0, 0)
[18:58:37.114705]  -> wl_surface#100.damage_buffer(0, 0, 1280, 672)
[18:58:37.114707]  -> wl_surface#100.frame(new id wl_callback#93)
[18:58:37.114709] {Default Queue}  -> wp_presentation#20.feedback(wl_surface#100, new id wp_presentation_feedback#108)
[18:58:37.114711]  -> wl_surface#100.commit()
[18:58:37.114764] {Default Queue} wl_buffer#103.release()
[18:58:37.130150] {Display Queue} wl_display#1.delete_id(93)
[18:58:37.130155] {Display Queue} wl_display#1.delete_id(108)
[18:58:37.130156] {Default Queue} wl_callback#93.done(20690745)
[18:58:37.130167] {Default Queue} wp_presentation_feedback#108.sync_output(wl_output#28)
[18:58:37.130168] {Default Queue} wp_presentation_feedback#108.presented(0, 20690, 745921895, 0, 0, 0, 0)
[18:58:37.130936]  -> wl_surface#100.attach(wl_buffer#103, 0, 0)
[18:58:37.130940]  -> wl_surface#100.damage_buffer(0, 0, 1280, 672)
[18:58:37.130941]  -> wl_surface#100.frame(new id wl_callback#108)
[18:58:37.130944] {Default Queue}  -> wp_presentation#20.feedback(wl_surface#100, new id wp_presentation_feedback#93)
[18:58:37.130945]  -> wl_surface#100.commit()
[18:58:37.130992] {Default Queue} wl_buffer#73.release()
[18:58:37.146554] {Display Queue} wl_display#1.delete_id(108)
[18:58:37.146561] {Display Queue} wl_display#1.delete_id(93)
[18:58:37.146563] {Default Queue} wl_callback#108.done(20690762)
[18:58:37.146576] {Default Queue} wp_presentation_feedback#93.sync_output(wl_output#28)
[18:58:37.146578] {Default Queue} wp_presentation_feedback#93.presented(0, 20690, 762318564, 0, 0, 0, 0)
[18:58:37.147442]  -> wl_surface#100.attach(wl_buffer#73, 0, 0)
[18:58:37.147446]  -> wl_surface#100.damage_buffer(0, 0, 1280, 672)
[18:58:37.147447]  -> wl_surface#100.frame(new id wl_callback#93)
[18:58:37.147450] {Default Queue}  -> wp_presentation#20.feedback(wl_surface#100, new id wp_presentation_feedback#108)
[18:58:37.147451]  -> wl_surface#100.commit()
[18:58:37.147508] {Default Queue} wl_buffer#103.release()
[18:58:37.162915] {Display Queue} wl_display#1.delete_id(93)
[18:58:37.162921] {Display Queue} wl_display#1.delete_id(108)
[18:58:37.162922] {Default Queue} wl_callback#93.done(20690778)
[18:58:37.162933] {Default Queue} wp_presentation_feedback#108.sync_output(wl_output#28)
[18:58:37.162935] {Default Queue} wp_presentation_feedback#108.presented(0, 20690, 778686012, 0, 0, 0, 0)
[18:58:37.163764]  -> wl_surface#100.attach(wl_buffer#103, 0, 0)
[18:58:37.163769]  -> wl_surface#100.damage_buffer(0, 0, 1280, 672)
[18:58:37.163770]  -> wl_surface#100.frame(new id wl_callback#108)
[18:58:37.163773] {Default Queue}  -> wp_presentation#20.feedback(wl_surface#100, new id wp_presentation_feedback#93)
[18:58:37.163775]  -> wl_surface#100.commit()
[18:58:37.163827] {Default Queue} wl_buffer#73.release()
[18:58:37.179303] {Display Queue} wl_display#1.delete_id(108)
[18:58:37.179309] {Display Queue} wl_display#1.delete_id(93)
[18:58:37.179310] {Default Queue} wl_callback#108.done(20690795)
[18:58:37.179320] {Default Queue} wp_presentation_feedback#93.sync_output(wl_output#28)
[18:58:37.179321] {Default Queue} wp_presentation_feedback#93.presented(0, 20690, 795072900, 0, 0, 0, 0)
[18:58:37.180119]  -> wl_surface#100.attach(wl_buffer#73, 0, 0)
[18:58:37.180122]  -> wl_surface#100.damage_buffer(0, 0, 1280, 672)
[18:58:37.180124]  -> wl_surface#100.frame(new id wl_callback#93)
[18:58:37.180126] {Default Queue}  -> wp_presentation#20.feedback(wl_surface#100, new id wp_presentation_feedback#108)
[18:58:37.180128]  -> wl_surface#100.commit()
[18:58:37.180177] {Default Queue} wl_buffer#103.release()
[18:58:37.195719] {Display Queue} wl_display#1.delete_id(93)
[18:58:37.195726] {Display Queue} wl_display#1.delete_id(108)
[18:58:37.195727] {Default Queue} wl_callback#93.done(20690811)
[18:58:37.195741] {Default Queue} wp_presentation_feedback#108.sync_output(wl_output#28)
[18:58:37.195743] {Default Queue} wp_presentation_feedback#108.presented(0, 20690, 811478809, 0, 0, 0, 0)
[18:58:37.196622]  -> wl_surface#100.attach(wl_buffer#103, 0, 0)
[18:58:37.196626]  -> wl_surface#100.damage_buffer(0, 0, 1280, 672)
[18:58:37.196628]  -> wl_surface#100.frame(new id wl_callback#108)
[18:58:37.196630] {Default Queue}  -> wp_presentation#20.feedback(wl_surface#100, new id wp_presentation_feedback#93)
[18:58:37.196632]  -> wl_surface#100.commit()
[18:58:37.196692] {Default Queue} wl_buffer#73.release()
[18:58:37.212060] {Display Queue} wl_display#1.delete_id(108)
[18:58:37.212065] {Display Queue} wl_display#1.delete_id(93)
[18:58:37.212066] {Default Queue} wl_callback#108.done(20690827)
[18:58:37.212075] {Default Queue} wp_presentation_feedback#93.sync_output(wl_output#28)
[18:58:37.212077] {Default Queue} wp_presentation_feedback#93.presented(0, 20690, 827835907, 0, 0, 0, 0)
[18:58:37.212892]  -> wl_surface#100.attach(wl_buffer#73, 0, 0)
[18:58:37.212896]  -> wl_surface#100.damage_buffer(0, 0, 1280, 672)
[18:58:37.212898]  -> wl_surface#100.frame(new id wl_callback#93)
[18:58:37.212899] {Default Queue}  -> wp_presentation#20.feedback(wl_surface#100, new id wp_presentation_feedback#108)
[18:58:37.212901]  -> wl_surface#100.commit()
[18:58:37.213002] {Default Queue} wl_buffer#103.release()
[18:58:37.228490] {Display Queue} wl_display#1.delete_id(93)
[18:58:37.228498] {Display Queue} wl_display#1.delete_id(108)
[18:58:37.228499] {Default Queue} wl_callback#93.done(20690844)
[18:58:37.228511] {Default Queue} wp_presentation_feedback#108.sync_output(wl_output#28)
[18:58:37.228512] {Default Queue} wp_presentation_feedback#108.presented(0, 20690, 844251106, 0, 0, 0, 0)
[18:58:37.229456]  -> wl_surface#100.attach(wl_buffer#103, 0, 0)
[18:58:37.229460]  -> wl_surface#100.damage_buffer(0, 0, 1280, 672)
[18:58:37.229462]  -> wl_surface#100.frame(new id wl_callback#108)
[18:58:37.229464] {Default Queue}  -> wp_presentation#20.feedback(wl_surface#100, new id wp_presentation_feedback#93)
[18:58:37.229466]  -> wl_surface#100.commit()
[18:58:37.229527] {Default Queue} wl_buffer#73.release()
[18:58:37.244807] {Display Queue} wl_display#1.delete_id(108)
[18:58:37.244812] {Display Queue} wl_display#1.delete_id(93)
[18:58:37.244813] {Default Queue} wl_callback#108.done(20690860)
[18:58:37.244824] {Default Queue} wp_presentation_feedback#93.sync_output(wl_output#28)
[18:58:37.244826] {Default Queue} wp_presentation_feedback#93.presented(0, 20690, 860579624, 0, 0, 0, 0)
[18:58:37.245548]  -> wl_surface#100.attach(wl_buffer#73, 0, 0)
[18:58:37.245552]  -> wl_surface#100.damage_buffer(0, 0, 1280, 672)
[18:58:37.245553]  -> wl_surface#100.frame(new id wl_callback#93)
[18:58:37.245555] {Default Queue}  -> wp_presentation#20.feedback(wl_surface#100, new id wp_presentation_feedback#108)
[18:58:37.245557]  -> wl_surface#100.commit()
[18:58:37.245617] {Default Queue} wl_buffer#103.release()
[18:58:37.261164] {Display Queue} wl_display#1.delete_id(93)
[18:58:37.261170] {Display Queue} wl_display#1.delete_id(108)
[18:58:37.261171] {Default Queue} wl_callback#93.done(20690876)
[18:58:37.261183] {Default Queue} wp_presentation_feedback#108.sync_output(wl_output#28)
[18:58:37.261185] {Default Queue} wp_presentation_feedback#108.presented(0, 20690, 876933112, 0, 0, 0, 0)
[18:58:37.261977]  -> wl_surface#100.attach(wl_buffer#103, 0, 0)
[18:58:37.261981]  -> wl_surface#100.damage_buffer(0, 0, 1280, 672)
[18:58:37.261983]  -> wl_surface#100.frame(new id wl_callback#108)
[18:58:37.261985] {Default Queue}  -> wp_presentation#20.feedback(wl_surface#100, new id wp_presentation_feedback#93)
[18:58:37.261986]  -> wl_surface#100.commit()
[18:58:37.262044] {Default Queue} wl_buffer#73.release()
[18:58:37.277554] {Display Queue} wl_display#1.delete_id(108)
[18:58:37.277562] {Display Queue} wl_display#1.delete_id(93)
[18:58:37.277563] {Default Queue} wl_callback#108.done(20690893)
[18:58:37.277577] {Default Queue} wp_presentation_feedback#93.sync_output(wl_output#28)
[18:58:37.277578] {Default Queue} wp_presentation_feedback#93.presented(0, 20690, 893315100, 0, 0, 0, 0)
[18:58:37.278373]  -> wl_surface#100.attach(wl_buffer#73, 0, 0)
[18:58:37.278377]  -> wl_surface#100.damage_buffer(0, 0, 1280, 672)
[18:58:37.278378]  -> wl_surface#100.frame(new id wl_callback#93)
[18:58:37.278380] {Default Queue}  -> wp_presentation#20.feedback(wl_surface#100, new id wp_presentation_feedback#108)
[18:58:37.278382]  -> wl_surface#100.commit()
[18:58:37.278441] {Default Queue} wl_buffer#103.release()
[18:58:37.293252] {Default Queue}  -> wl_compositor#4.create_surface(new id wl_surface#95)
[18:58:37.293257] {Default Queue}  -> wp_fractional_scale_manager_v1#11.get_fractional_scale(new id wp_fractional_scale_v1#99, wl_surface#95)
[18:58:37.293259] {Default Queue}  -> wp_viewporter#10.get_viewport(new id wp_viewport#94, wl_surface#95)
[18:58:37.293282] {Default Queue}  -> xdg_toplevel_icon_manager_v1#9.create_icon(new id xdg_toplevel_icon_v1#106)
[18:58:37.293296] {Default Queue}  -> zwlr_layer_shell_v1#45.get_layer_surface(new id zwlr_layer_surface_v1#104, wl_surface#95, wl_output#28, 3, "pearl:osd")
[18:58:37.293298] {Default Queue}  -> zwlr_layer_surface_v1#104.set_keyboard_interactivity(0)
[18:58:37.293300] {Default Queue}  -> zwlr_layer_surface_v1#104.set_exclusive_zone(0)
[18:58:37.293300] {Default Queue}  -> zwlr_layer_surface_v1#104.set_anchor(2)
[18:58:37.293301] {Default Queue}  -> zwlr_layer_surface_v1#104.set_margin(0, 0, 24, 0)
[18:58:37.293302] {Default Queue}  -> zwlr_layer_surface_v1#104.set_size(200, 200)
[18:58:37.293306]  -> wl_surface#95.commit()
[18:58:37.293331] {Default Queue}  -> xdg_activation_v1#15.get_activation_token(new id xdg_activation_token_v1#98)
[18:58:37.293333]  -> xdg_activation_token_v1#98.set_serial(484, wl_seat#3)
[18:58:37.293335]  -> xdg_activation_token_v1#98.set_surface(wl_surface#100)
[18:58:37.293335]  -> xdg_activation_token_v1#98.commit()
[18:58:37.293498] xdg_activation_token_v1#98.done("6a6c6926f1362d1242ae0777ad4f5d96")
[18:58:37.293501]  -> xdg_activation_token_v1#98.destroy()
[18:58:37.293502] {Default Queue}  -> xdg_activation_v1#15.activate("6a6c6926f1362d1242ae0777ad4f5d96", wl_surface#95)
[18:58:37.293510] {Default Queue} zwlr_layer_surface_v1#58.configure(485, 1280, 48)
[18:58:37.293515] {Default Queue}  -> zwlr_layer_surface_v1#58.ack_configure(485)
[18:58:37.293516] {Default Queue} zwlr_layer_surface_v1#53.configure(486, 1280, 720)
[18:58:37.293518] {Default Queue}  -> zwlr_layer_surface_v1#53.ack_configure(486)
[18:58:37.293519] {Default Queue} zwlr_layer_surface_v1#109.configure(487, 1280, 672)
[18:58:37.293520] {Default Queue}  -> zwlr_layer_surface_v1#109.ack_configure(487)
[18:58:37.293521] {Default Queue} zwlr_layer_surface_v1#104.configure(488, 200, 200)
[18:58:37.293749] {Default Queue}  -> zwlr_layer_surface_v1#104.ack_configure(488)
[18:58:37.293762]  -> wl_surface#48.commit()
[18:58:37.293769]  -> wl_surface#49.commit()
[18:58:37.294032] {Default Queue}  -> wl_shm#5.create_pool(new id wl_shm_pool#87, fd 17, 92160)
[18:58:37.294035] {Default Queue}  -> wl_shm_pool#87.create_buffer(new id wl_buffer#72, 0, 320, 72, 1280, 0)
[18:58:37.294105] {Default Queue}  -> zwlr_layer_surface_v1#104.set_size(320, 72)
[18:58:37.294107] {Default Queue}  -> wl_compositor#4.create_region(new id wl_region#110)
[18:58:37.294108] {Default Queue}  -> wl_region#110.add(14, 0, 292, 72)
[18:58:37.294109]  -> wl_surface#95.set_opaque_region(wl_region#110)
[18:58:37.294110] {Default Queue}  -> wl_region#110.destroy()
[18:58:37.294111] {Default Queue}  -> wl_compositor#4.create_region(new id wl_region#105)
[18:58:37.294112]  -> wl_surface#95.set_input_region(wl_region#105)
[18:58:37.294112] {Default Queue}  -> wl_region#105.destroy()
[18:58:37.294113] {Default Queue}  -> wp_viewport#94.set_destination(320, 72)
[18:58:37.294114]  -> wl_surface#95.attach(wl_buffer#72, 0, 0)
[18:58:37.294115]  -> wl_surface#95.damage_buffer(0, 0, 320, 72)
[18:58:37.294116]  -> wl_surface#95.frame(new id wl_callback#107)
[18:58:37.294117] {Default Queue}  -> wp_presentation#20.feedback(wl_surface#95, new id wp_presentation_feedback#89)
[18:58:37.294119]  -> wl_surface#95.commit()
[18:58:37.294133] {Display Queue} wl_display#1.delete_id(93)
[18:58:37.294134] {Display Queue} wl_display#1.delete_id(108)
[18:58:37.294135] {Default Queue} wl_callback#93.done(20690909)
[18:58:37.294138] {Default Queue} wp_presentation_feedback#108.sync_output(wl_output#28)
[18:58:37.294139] {Default Queue} wp_presentation_feedback#108.presented(0, 20690, 909632648, 0, 0, 0, 0)
[18:58:37.294724]  -> wl_surface#100.attach(wl_buffer#103, 0, 0)
[18:58:37.294727]  -> wl_surface#100.damage_buffer(0, 0, 1280, 672)
[18:58:37.294728]  -> wl_surface#100.frame(new id wl_callback#108)
[18:58:37.294729] {Default Queue}  -> wp_presentation#20.feedback(wl_surface#100, new id wp_presentation_feedback#93)
[18:58:37.294730]  -> wl_surface#100.commit()
[18:58:37.294745] {Display Queue} wl_display#1.delete_id(98)
[18:58:37.294746] {Display Queue} wl_display#1.delete_id(110)
[18:58:37.294746] {Display Queue} wl_display#1.delete_id(105)
[18:58:37.294747] {Default Queue} zwlr_layer_surface_v1#58.configure(489, 1280, 48)
[18:58:37.294751] {Default Queue}  -> zwlr_layer_surface_v1#58.ack_configure(489)
[18:58:37.294751] {Default Queue} zwlr_layer_surface_v1#53.configure(490, 1280, 720)
[18:58:37.294753] {Default Queue}  -> zwlr_layer_surface_v1#53.ack_configure(490)
[18:58:37.294753] {Default Queue} zwlr_layer_surface_v1#109.configure(491, 1280, 672)
[18:58:37.294754] {Default Queue}  -> zwlr_layer_surface_v1#109.ack_configure(491)
[18:58:37.294755] {Default Queue} zwlr_layer_surface_v1#104.configure(492, 320, 72)
[18:58:37.294755] {Default Queue}  -> zwlr_layer_surface_v1#104.ack_configure(492)
[18:58:37.294756] {Default Queue} wp_fractional_scale_v1#99.preferred_scale(120)
[18:58:37.294757] {Default Queue} zwlr_layer_surface_v1#58.configure(493, 1280, 48)
[18:58:37.294758] {Default Queue}  -> zwlr_layer_surface_v1#58.ack_configure(493)
[18:58:37.294758] {Default Queue} zwlr_layer_surface_v1#53.configure(494, 1280, 720)
[18:58:37.294759] {Default Queue}  -> zwlr_layer_surface_v1#53.ack_configure(494)
[18:58:37.294759] {Default Queue} zwlr_layer_surface_v1#109.configure(495, 1280, 672)
[18:58:37.294760] {Default Queue}  -> zwlr_layer_surface_v1#109.ack_configure(495)
[18:58:37.294760] {Default Queue} zwlr_layer_surface_v1#104.configure(496, 320, 72)
[18:58:37.294761] {Default Queue}  -> zwlr_layer_surface_v1#104.ack_configure(496)
[18:58:37.294762] wl_surface#95.enter(wl_output#28)
[18:58:37.294767] wl_surface#95.preferred_buffer_scale(1)
[18:58:37.294771] {Default Queue} wl_buffer#73.release()
[18:58:37.302830]  -> wl_surface#48.commit()
[18:58:37.309829]  -> wl_surface#49.commit()
[18:58:37.310257] {Display Queue} wl_display#1.delete_id(108)
[18:58:37.310262] {Display Queue} wl_display#1.delete_id(107)
[18:58:37.310263] {Display Queue} wl_display#1.delete_id(93)
[18:58:37.310263] {Display Queue} wl_display#1.delete_id(89)
[18:58:37.310264] {Default Queue} wl_callback#108.done(20690926)
[18:58:37.310272] {Default Queue} wl_callback#107.done(20690926)
[18:58:37.310273] {Default Queue} wp_presentation_feedback#93.sync_output(wl_output#28)
[18:58:37.310275] {Default Queue} wp_presentation_feedback#93.presented(0, 20690, 926030827, 0, 0, 0, 0)
[18:58:37.310277] {Default Queue} wp_presentation_feedback#89.sync_output(wl_output#28)
[18:58:37.310278] {Default Queue} wp_presentation_feedback#89.presented(0, 20690, 926030827, 0, 0, 0, 0)
[18:58:37.311038]  -> wl_surface#100.attach(wl_buffer#73, 0, 0)
[18:58:37.311041]  -> wl_surface#100.damage_buffer(0, 0, 1280, 672)
[18:58:37.311043]  -> wl_surface#100.frame(new id wl_callback#89)
[18:58:37.311044] {Default Queue}  -> wp_presentation#20.feedback(wl_surface#100, new id wp_presentation_feedback#93)
[18:58:37.311046]  -> wl_surface#100.commit()
[18:58:37.311085] {Default Queue}  -> wl_shm#5.create_pool(new id wl_shm_pool#107, fd 17, 92160)
[18:58:37.311089] {Default Queue}  -> wl_shm_pool#107.create_buffer(new id wl_buffer#108, 0, 320, 72, 1280, 0)
[18:58:37.311133]  -> wl_surface#95.attach(wl_buffer#108, 0, 0)
[18:58:37.311134]  -> wl_surface#95.damage_buffer(0, 0, 320, 72)
[18:58:37.311135]  -> wl_surface#95.frame(new id wl_callback#105)
[18:58:37.311136] {Default Queue}  -> wp_presentation#20.feedback(wl_surface#95, new id wp_presentation_feedback#110)
[18:58:37.311137]  -> wl_surface#95.commit()
[18:58:37.311197] {Default Queue} wl_buffer#103.release()
[18:58:37.311199] {Default Queue} wl_buffer#72.release()
[18:58:37.326633] {Display Queue} wl_display#1.delete_id(89)
[18:58:37.326638] {Display Queue} wl_display#1.delete_id(105)
[18:58:37.326639] {Display Queue} wl_display#1.delete_id(93)
[18:58:37.326640] {Display Queue} wl_display#1.delete_id(110)
[18:58:37.326641] {Default Queue} wl_callback#89.done(20690942)
[18:58:37.326649] {Default Queue} wl_callback#105.done(20690942)
[18:58:37.326650] {Default Queue} wp_presentation_feedback#93.sync_output(wl_output#28)
[18:58:37.326651] {Default Queue} wp_presentation_feedback#93.presented(0, 20690, 942404275, 0, 0, 0, 0)
[18:58:37.326653] {Default Queue} wp_presentation_feedback#110.sync_output(wl_output#28)
[18:58:37.326654] {Default Queue} wp_presentation_feedback#110.presented(0, 20690, 942404275, 0, 0, 0, 0)
[18:58:37.327400]  -> wl_surface#100.attach(wl_buffer#103, 0, 0)
[18:58:37.327403]  -> wl_surface#100.damage_buffer(0, 0, 1280, 672)
[18:58:37.327405]  -> wl_surface#100.frame(new id wl_callback#110)
[18:58:37.327406] {Default Queue}  -> wp_presentation#20.feedback(wl_surface#100, new id wp_presentation_feedback#93)
[18:58:37.327408]  -> wl_surface#100.commit()
[18:58:37.327454] {Default Queue} wl_buffer#73.release()
[18:58:37.343013] {Display Queue} wl_display#1.delete_id(110)
[18:58:37.343018] {Display Queue} wl_display#1.delete_id(93)
[18:58:37.343019] {Default Queue} wl_callback#110.done(20690958)
[18:58:37.343028] {Default Queue} wp_presentation_feedback#93.sync_output(wl_output#28)
[18:58:37.343029] {Default Queue} wp_presentation_feedback#93.presented(0, 20690, 958782733, 0, 0, 0, 0)
[18:58:37.343774]  -> wl_surface#100.attach(wl_buffer#73, 0, 0)
[18:58:37.343777]  -> wl_surface#100.damage_buffer(0, 0, 1280, 672)
[18:58:37.343778]  -> wl_surface#100.frame(new id wl_callback#93)
[18:58:37.343780] {Default Queue}  -> wp_presentation#20.feedback(wl_surface#100, new id wp_presentation_feedback#110)
[18:58:37.343782]  -> wl_surface#100.commit()
[18:58:37.343828] {Default Queue} wl_buffer#103.release()
[18:58:37.359459] {Display Queue} wl_display#1.delete_id(93)
[18:58:37.359466] {Display Queue} wl_display#1.delete_id(110)
[18:58:37.359467] {Default Queue} wl_callback#93.done(20690975)
[18:58:37.359481] {Default Queue} wp_presentation_feedback#110.sync_output(wl_output#28)
[18:58:37.359482] {Default Queue} wp_presentation_feedback#110.presented(0, 20690, 975219232, 0, 0, 0, 0)
[18:58:37.360297]  -> wl_surface#100.attach(wl_buffer#103, 0, 0)
[18:58:37.360300]  -> wl_surface#100.damage_buffer(0, 0, 1280, 672)
[18:58:37.360302]  -> wl_surface#100.frame(new id wl_callback#110)
[18:58:37.360304] {Default Queue}  -> wp_presentation#20.feedback(wl_surface#100, new id wp_presentation_feedback#93)
[18:58:37.360306]  -> wl_surface#100.commit()
[18:58:37.360360] {Default Queue} wl_buffer#73.release()
[18:58:37.375777] {Display Queue} wl_display#1.delete_id(110)
[18:58:37.375782] {Display Queue} wl_display#1.delete_id(93)
[18:58:37.375783] {Default Queue} wl_callback#110.done(20690991)
[18:58:37.375794] {Default Queue} wp_presentation_feedback#93.sync_output(wl_output#28)
[18:58:37.375795] {Default Queue} wp_presentation_feedback#93.presented(0, 20690, 991552100, 0, 0, 0, 0)
[18:58:37.376500]  -> wl_surface#100.attach(wl_buffer#73, 0, 0)
[18:58:37.376503]  -> wl_surface#100.damage_buffer(0, 0, 1280, 672)
[18:58:37.376505]  -> wl_surface#100.frame(new id wl_callback#93)
[18:58:37.376507] {Default Queue}  -> wp_presentation#20.feedback(wl_surface#100, new id wp_presentation_feedback#110)
[18:58:37.376508]  -> wl_surface#100.commit()
[18:58:37.376558] {Default Queue} wl_buffer#103.release()
[18:58:37.392213] {Display Queue} wl_display#1.delete_id(93)
[18:58:37.392230] {Display Queue} wl_display#1.delete_id(110)
[18:58:37.392232] {Default Queue} wl_callback#93.done(20691007)
[18:58:37.392247] {Default Queue} wp_presentation_feedback#110.sync_output(wl_output#28)
[18:58:37.392249] {Default Queue} wp_presentation_feedback#110.presented(0, 20691, 7969429, 0, 0, 0, 0)
[18:58:37.393052]  -> wl_surface#100.attach(wl_buffer#103, 0, 0)
[18:58:37.393056]  -> wl_surface#100.damage_buffer(0, 0, 1280, 672)
[18:58:37.393058]  -> wl_surface#100.frame(new id wl_callback#110)
[18:58:37.393060] {Default Queue}  -> wp_presentation#20.feedback(wl_surface#100, new id wp_presentation_feedback#93)
[18:58:37.393062]  -> wl_surface#100.commit()
[18:58:37.393126] {Default Queue} wl_buffer#73.release()
[18:58:37.408585] {Display Queue} wl_display#1.delete_id(110)
[18:58:37.408591] {Display Queue} wl_display#1.delete_id(93)
[18:58:37.408593] {Default Queue} wl_callback#110.done(20691024)
[18:58:37.408603] {Default Queue} wp_presentation_feedback#93.sync_output(wl_output#28)
[18:58:37.408605] {Default Queue} wp_presentation_feedback#93.presented(0, 20691, 24358037, 0, 0, 0, 0)
[18:58:37.433700] {Default Queue} wl_keyboard#90.leave(497, wl_surface#100)
[18:58:37.433719] {Default Queue} wl_keyboard#90.leave(498, wl_surface#100)
[18:58:37.433720] {Default Queue} wl_keyboard#90.leave(499, wl_surface#100)
[18:58:37.433721] {Default Queue} wl_seat#3.capabilities(1)
[18:58:37.433723] {Default Queue}  -> wl_keyboard#90.release()
[18:58:37.434365]  -> wl_surface#48.attach(wl_buffer#75, 0, 0)
[18:58:37.434371]  -> wl_surface#48.damage_buffer(0, 0, 1280, 48)
[18:58:37.434373]  -> wl_surface#48.frame(new id wl_callback#93)
[18:58:37.434376] {Default Queue}  -> wp_presentation#20.feedback(wl_surface#48, new id wp_presentation_feedback#110)
[18:58:37.434379]  -> wl_surface#48.commit()
[18:58:37.434642]  -> wl_surface#59.attach(wl_buffer#92, 0, 0)
[18:58:37.434645]  -> wl_surface#59.damage_buffer(0, 0, 1280, 48)
[18:58:37.434646]  -> wl_surface#59.frame(new id wl_callback#105)
[18:58:37.434648] {Default Queue}  -> wp_presentation#20.feedback(wl_surface#59, new id wp_presentation_feedback#89)
[18:58:37.434649]  -> wl_surface#59.commit()
[18:58:37.434782] {Display Queue} wl_display#1.delete_id(90)
[18:58:37.434787] {Display Queue} wl_display#1.delete_id(93)
[18:58:37.434788] {Display Queue} wl_display#1.delete_id(105)
[18:58:37.434788] {Display Queue} wl_display#1.delete_id(110)
[18:58:37.434789] {Display Queue} wl_display#1.delete_id(89)
[18:58:37.434790] {Default Queue} wl_buffer#77.release()
[18:58:37.434790] {Default Queue} wl_buffer#85.release()
[18:58:37.434791] {Default Queue} wl_callback#93.done(20691050)
[18:58:37.434797] {Default Queue} wl_callback#105.done(20691050)
[18:58:37.434799] {Default Queue} wp_presentation_feedback#110.sync_output(wl_output#28)
[18:58:37.434800] {Default Queue} wp_presentation_feedback#110.presented(0, 20691, 50559255, 0, 0, 0, 0)
[18:58:37.434802] {Default Queue} wp_presentation_feedback#89.sync_output(wl_output#31)
[18:58:37.434803] {Default Queue} wp_presentation_feedback#89.presented(0, 20691, 50561705, 0, 0, 0, 0)
[18:58:37.461581]  -> wl_surface#100.attach(wl_buffer#73, 0, 0)
[18:58:37.461589]  -> wl_surface#100.damage_buffer(0, 0, 1280, 672)
[18:58:37.461591]  -> wl_surface#100.frame(new id wl_callback#89)
[18:58:37.461593] {Default Queue}  -> wp_presentation#20.feedback(wl_surface#100, new id wp_presentation_feedback#110)
[18:58:37.461596]  -> wl_surface#100.commit()
[18:58:37.462100] {Display Queue} wl_display#1.delete_id(89)
[18:58:37.462106] {Display Queue} wl_display#1.delete_id(110)
[18:58:37.462107] {Default Queue} wl_buffer#103.release()
[18:58:37.462108] {Default Queue} wl_callback#89.done(20691077)
[18:58:37.462115] {Default Queue} wp_presentation_feedback#110.sync_output(wl_output#28)
[18:58:37.462117] {Default Queue} wp_presentation_feedback#110.presented(0, 20691, 77873652, 0, 0, 0, 0)
[18:58:37.462417] {Default Queue}  -> zwlr_layer_surface_v1#109.destroy()
[18:58:37.462421]  -> wl_surface#100.attach(nil, 0, 0)
[18:58:37.462422]  -> wl_surface#100.commit()
[18:58:37.462450] {Default Queue}  -> wl_buffer#103.destroy()
[18:58:37.462452] {Default Queue}  -> wl_shm_pool#96.destroy()
[18:58:37.462579] {Default Queue}  -> wp_viewport#102.destroy()
[18:58:37.462581] {Default Queue}  -> wp_fractional_scale_v1#69.destroy()
[18:58:37.462581]  -> wl_surface#100.destroy()
info: event=popup-closed
[18:58:37.464725] {Default Queue}  -> wl_compositor#4.create_surface(new id wl_surface#110)
[18:58:37.464729] {Default Queue}  -> wp_fractional_scale_manager_v1#11.get_fractional_scale(new id wp_fractional_scale_v1#89, wl_surface#110)
[18:58:37.464732] {Default Queue}  -> wp_viewporter#10.get_viewport(new id wp_viewport#105, wl_surface#110)
[18:58:37.464752] {Default Queue}  -> xdg_toplevel_icon_manager_v1#9.create_icon(new id xdg_toplevel_icon_v1#93)
[18:58:37.464765] {Default Queue}  -> zwlr_layer_shell_v1#45.get_layer_surface(new id zwlr_layer_surface_v1#90, wl_surface#110, wl_output#28, 3, "pearl:popup")
[18:58:37.464767] {Default Queue}  -> zwlr_layer_surface_v1#90.set_keyboard_interactivity(1)
[18:58:37.464768] {Default Queue}  -> zwlr_layer_surface_v1#90.set_exclusive_zone(0)
[18:58:37.464769] {Default Queue}  -> zwlr_layer_surface_v1#90.set_anchor(15)
[18:58:37.464770] {Default Queue}  -> zwlr_layer_surface_v1#90.set_margin(0, 0, 0, 0)
[18:58:37.464771] {Default Queue}  -> zwlr_layer_surface_v1#90.set_size(0, 0)
[18:58:37.464775]  -> wl_surface#110.commit()
[18:58:37.464921] {Default Queue}  -> xdg_activation_v1#15.get_activation_token(new id xdg_activation_token_v1#98)
[18:58:37.464923]  -> xdg_activation_token_v1#98.set_serial(484, wl_seat#3)
[18:58:37.464924]  -> xdg_activation_token_v1#98.commit()
[18:58:37.465361] {Display Queue} wl_display#1.delete_id(109)
[18:58:37.465363] {Display Queue} wl_display#1.delete_id(103)
[18:58:37.465364] {Display Queue} wl_display#1.delete_id(96)
[18:58:37.465364] {Display Queue} wl_display#1.delete_id(102)
[18:58:37.465365] {Display Queue} wl_display#1.delete_id(69)
[18:58:37.465365] {Display Queue} wl_display#1.delete_id(100)
[18:58:37.465367] xdg_activation_token_v1#98.done("39600a7f0d40ebd4f0458509dcf0dac4")
[18:58:37.465369]  -> xdg_activation_token_v1#98.destroy()
[18:58:37.465370] {Default Queue}  -> xdg_activation_v1#15.activate("39600a7f0d40ebd4f0458509dcf0dac4", wl_surface#110)
[18:58:37.465377] {Default Queue}  -> wl_registry#46.bind(40, "aqueous_window_info_manager_v1", 3, new id [unknown]#100)
[18:58:37.465378] {Default Queue}  -> aqueous_window_info_manager_v1#100.get_active_workspace_layout("HEADLESS-2")
info: event=popup-opened output=1
[18:58:37.465478] {Default Queue} zwlr_layer_surface_v1#58.configure(501, 1280, 48)
[18:58:37.465490] {Default Queue}  -> zwlr_layer_surface_v1#58.ack_configure(501)
[18:58:37.465493] {Default Queue} zwlr_layer_surface_v1#53.configure(502, 1280, 720)
[18:58:37.465496] {Default Queue}  -> zwlr_layer_surface_v1#53.ack_configure(502)
[18:58:37.465497] {Default Queue} zwlr_layer_surface_v1#104.configure(503, 320, 72)
[18:58:37.465500] {Default Queue}  -> zwlr_layer_surface_v1#104.ack_configure(503)
[18:58:37.465501] {Default Queue} wl_buffer#73.release()
[18:58:37.465503] {Default Queue}  -> wl_buffer#73.destroy()
[18:58:37.465504] {Default Queue}  -> wl_shm_pool#101.destroy()
[18:58:37.465571] {Default Queue} wl_pointer#33.leave(504, nil)
[18:58:37.465576] {Default Queue} wl_pointer#33.frame()
[18:58:37.465578] {Default Queue} zwlr_layer_surface_v1#58.configure(505, 1280, 48)
[18:58:37.465580] {Default Queue}  -> zwlr_layer_surface_v1#58.ack_configure(505)
[18:58:37.465581] {Default Queue} zwlr_layer_surface_v1#53.configure(506, 1280, 720)
[18:58:37.465582] {Default Queue}  -> zwlr_layer_surface_v1#53.ack_configure(506)
[18:58:37.465583] {Default Queue} zwlr_layer_surface_v1#104.configure(507, 320, 72)
[18:58:37.465583] {Default Queue}  -> zwlr_layer_surface_v1#104.ack_configure(507)
[18:58:37.465584] {Default Queue} zwlr_layer_surface_v1#90.configure(508, 1280, 672)
[18:58:37.465596] {Default Queue}  -> zwlr_layer_surface_v1#90.ack_configure(508)
[18:58:37.465602] {Default Queue}  -> xdg_toplevel_icon_v1#97.destroy()
[18:58:37.465734] {Display Queue} wl_display#1.delete_id(98)
[18:58:37.465738] {Default Queue} aqueous_window_info_manager_v1#100.active_workspace_layout(0, "HEADLESS-2", 1, "float")
[18:58:37.465740] {Default Queue}  -> aqueous_window_info_manager_v1#100.destroy()
[18:58:37.465773]  -> wl_surface#48.commit()
[18:58:37.465782]  -> wl_surface#49.commit()
[18:58:37.465787]  -> wl_surface#95.commit()
[18:58:37.468613] {Default Queue}  -> wl_shm#5.create_pool(new id wl_shm_pool#98, fd 17, 3440640)
[18:58:37.468622] {Default Queue}  -> wl_shm_pool#98.create_buffer(new id wl_buffer#69, 0, 1280, 672, 5120, 0)
[18:58:37.469796] {Default Queue}  -> wl_compositor#4.create_region(new id wl_region#102)
[18:58:37.469799] {Default Queue}  -> wl_region#102.add(690, 4, 572, 560)
[18:58:37.469801]  -> wl_surface#110.set_opaque_region(wl_region#102)
[18:58:37.469802] {Default Queue}  -> wl_region#102.destroy()
[18:58:37.469803] {Default Queue}  -> wp_viewport#105.set_destination(1280, 672)
[18:58:37.469805]  -> wl_surface#110.attach(wl_buffer#69, 0, 0)
[18:58:37.469806]  -> wl_surface#110.damage_buffer(0, 0, 1280, 672)
[18:58:37.469807]  -> wl_surface#110.frame(new id wl_callback#96)
[18:58:37.469810] {Default Queue}  -> wp_presentation#20.feedback(wl_surface#110, new id wp_presentation_feedback#103)
[18:58:37.469811]  -> wl_surface#110.commit()
info: event=services-focus target=other
info(pearl): event=stopping reason=control-quit pending=false
[18:58:37.470343] {Default Queue}  -> zwlr_layer_surface_v1#90.destroy()
[18:58:37.470346]  -> wl_surface#110.attach(nil, 0, 0)
[18:58:37.470347]  -> wl_surface#110.commit()
[18:58:37.470404] {Default Queue}  -> wp_viewport#105.destroy()
[18:58:37.470405] {Default Queue}  -> wp_fractional_scale_v1#89.destroy()
[18:58:37.470406]  -> wl_surface#110.destroy()
[18:58:37.470413] {Default Queue}  -> xdg_toplevel_icon_v1#93.destroy()
info: event=popup-closed
[18:58:37.470938] {Default Queue}  -> zwlr_layer_surface_v1#104.destroy()
[18:58:37.470940]  -> wl_surface#95.attach(nil, 0, 0)
[18:58:37.470941]  -> wl_surface#95.commit()
[18:58:37.470951] {Default Queue}  -> wl_buffer#72.destroy()
[18:58:37.470951] {Default Queue}  -> wl_shm_pool#87.destroy()
[18:58:37.470964] {Default Queue}  -> wp_viewport#94.destroy()
[18:58:37.470965] {Default Queue}  -> wp_fractional_scale_v1#99.destroy()
[18:58:37.470966]  -> wl_surface#95.destroy()
[18:58:37.470970] {Default Queue}  -> xdg_toplevel_icon_v1#106.destroy()
[18:58:37.470998] {Default Queue}  -> zwlr_layer_surface_v1#53.destroy()
[18:58:37.471000]  -> wl_surface#49.attach(nil, 0, 0)
[18:58:37.471000]  -> wl_surface#49.commit()
[18:58:37.471008] {Default Queue}  -> wl_buffer#83.destroy()
[18:58:37.471009] {Default Queue}  -> wl_shm_pool#88.destroy()
[18:58:37.471076] {Default Queue}  -> wp_viewport#51.destroy()
[18:58:37.471077] {Default Queue}  -> wp_fractional_scale_v1#50.destroy()
[18:58:37.471077]  -> wl_surface#49.destroy()
[18:58:37.471082] {Default Queue}  -> xdg_toplevel_icon_v1#52.destroy()
[18:58:37.471161] {Default Queue}  -> zwlr_layer_surface_v1#58.destroy()
[18:58:37.471162]  -> wl_surface#48.attach(nil, 0, 0)
[18:58:37.471163]  -> wl_surface#48.commit()
[18:58:37.471169] {Default Queue}  -> wl_buffer#77.destroy()
[18:58:37.471169] {Default Queue}  -> wl_shm_pool#82.destroy()
[18:58:37.471186] {Default Queue}  -> wp_viewport#56.destroy()
[18:58:37.471187] {Default Queue}  -> wp_fractional_scale_v1#55.destroy()
[18:58:37.471188]  -> wl_surface#48.destroy()
[18:58:37.471193] {Default Queue}  -> xdg_toplevel_icon_v1#57.destroy()
[18:58:37.471421] {Default Queue}  -> zwlr_layer_surface_v1#63.destroy()
[18:58:37.471423]  -> wl_surface#54.attach(nil, 0, 0)
[18:58:37.471423]  -> wl_surface#54.commit()
[18:58:37.471430] {Default Queue}  -> wl_buffer#80.destroy()
[18:58:37.471431] {Default Queue}  -> wl_shm_pool#79.destroy()
[18:58:37.471493] {Default Queue}  -> wp_viewport#61.destroy()
[18:58:37.471495] {Default Queue}  -> wp_fractional_scale_v1#60.destroy()
[18:58:37.471495]  -> wl_surface#54.destroy()
[18:58:37.471499] {Default Queue}  -> xdg_toplevel_icon_v1#62.destroy()
[18:58:37.471571] {Default Queue}  -> zwlr_layer_surface_v1#68.destroy()
[18:58:37.471572]  -> wl_surface#59.attach(nil, 0, 0)
[18:58:37.471573]  -> wl_surface#59.commit()
[18:58:37.471579] {Default Queue}  -> wl_buffer#85.destroy()
[18:58:37.471580] {Default Queue}  -> wl_shm_pool#84.destroy()
[18:58:37.471594] {Default Queue}  -> wp_viewport#66.destroy()
[18:58:37.471595] {Default Queue}  -> wp_fractional_scale_v1#65.destroy()
[18:58:37.471595]  -> wl_surface#59.destroy()
[18:58:37.471600] {Default Queue}  -> xdg_toplevel_icon_v1#67.destroy()
info(pearl): event=aqueous-availability state=stopped
[18:58:37.471995] discarded [unknown]#58.[event 0](0 fd, 20 byte)
[18:58:37.471996] discarded [unknown]#53.[event 0](0 fd, 20 byte)
[18:58:37.471996] discarded [unknown]#104.[event 0](0 fd, 20 byte)
[18:58:37.471996] discarded [unknown]#90.[event 0](0 fd, 20 byte)
[18:58:37.471997] discarded [unknown]#110.[event 0](0 fd, 12 byte)
[18:58:37.471997] discarded [unknown]#89.[event 0](0 fd, 12 byte)
[18:58:37.471997] discarded [unknown]#110.[event 2](0 fd, 12 byte)
[18:58:37.472037] {Display Queue} wl_display#1.delete_id(73)
[18:58:37.472039] {Display Queue} wl_display#1.delete_id(101)
[18:58:37.472040] {Display Queue} wl_display#1.delete_id(97)
[18:58:37.472041] {Display Queue} wl_display#1.delete_id(102)
[18:58:37.472041] {Default Queue} wl_data_device#35.selection(nil)
[18:58:37.472045] {Default Queue} zwp_primary_selection_device_v1#34.selection(nil)
[18:58:37.472047] {Default Queue} wl_pointer#33.enter(520, nil, 100.00000000, 52.00000000)
[18:58:37.472049] {Default Queue} wl_pointer#33.frame()
info(pearl): event=cleanup pending=false watched_objects=0
info(pearl): event=stopped
