[00:04:16.610898] {Default Queue}  -> wl_display#1.get_registry(new id wl_registry#2)
[00:04:16.610904] {Default Queue}  -> wl_display#1.sync(new id wl_callback#3)
[00:04:16.610964] {Display Queue} wl_display#1.delete_id(3)
[00:04:16.610967] {Default Queue} wl_registry#2.global(1, "wl_compositor", 6)
[00:04:16.610969] {Default Queue}  -> wl_registry#2.bind(1, "wl_compositor", 6, new id [unknown]#4)
[00:04:16.610971] {Default Queue} wl_registry#2.global(2, "wl_fixes", 1)
[00:04:16.610974] {Default Queue} wl_registry#2.global(3, "wp_security_context_manager_v1", 1)
[00:04:16.610975] {Default Queue} wl_registry#2.global(4, "wl_shm", 2)
[00:04:16.610976] {Default Queue}  -> wl_registry#2.bind(4, "wl_shm", 1, new id [unknown]#5)
[00:04:16.610977] {Default Queue} wl_registry#2.global(5, "wp_single_pixel_buffer_manager_v1", 1)
[00:04:16.610978] {Default Queue}  -> wl_registry#2.bind(5, "wp_single_pixel_buffer_manager_v1", 1, new id [unknown]#6)
[00:04:16.610979] {Default Queue} wl_registry#2.global(6, "wp_alpha_modifier_v1", 1)
[00:04:16.610980] {Default Queue} wl_registry#2.global(7, "wp_color_representation_manager_v1", 1)
[00:04:16.610981] {Default Queue}  -> wl_registry#2.bind(7, "wp_color_representation_manager_v1", 1, new id [unknown]#7)
[00:04:16.610981] {Default Queue} wl_registry#2.global(8, "wp_content_type_manager_v1", 1)
[00:04:16.610983] {Default Queue} wl_registry#2.global(9, "wp_fifo_manager_v1", 1)
[00:04:16.610983] {Default Queue} wl_registry#2.global(10, "wp_commit_timing_manager_v1", 1)
[00:04:16.610984] {Default Queue} wl_registry#2.global(11, "xdg_wm_dialog_v1", 1)
[00:04:16.610985] {Default Queue}  -> wl_registry#2.bind(11, "xdg_wm_dialog_v1", 1, new id [unknown]#8)
[00:04:16.610986] {Default Queue} wl_registry#2.global(12, "xdg_toplevel_drag_manager_v1", 1)
[00:04:16.610986] {Default Queue} wl_registry#2.global(13, "xdg_toplevel_icon_manager_v1", 1)
[00:04:16.610987] {Default Queue}  -> wl_registry#2.bind(13, "xdg_toplevel_icon_manager_v1", 1, new id [unknown]#9)
[00:04:16.610988] {Default Queue} wl_registry#2.global(14, "xdg_toplevel_tag_manager_v1", 1)
[00:04:16.610989] {Default Queue} wl_registry#2.global(15, "wp_viewporter", 1)
[00:04:16.610989] {Default Queue}  -> wl_registry#2.bind(15, "wp_viewporter", 1, new id [unknown]#10)
[00:04:16.610990] {Default Queue} wl_registry#2.global(16, "wp_fractional_scale_manager_v1", 1)
[00:04:16.610991] {Default Queue}  -> wl_registry#2.bind(16, "wp_fractional_scale_manager_v1", 1, new id [unknown]#11)
[00:04:16.610992] {Default Queue} wl_registry#2.global(17, "wl_subcompositor", 1)
[00:04:16.610993] {Default Queue}  -> wl_registry#2.bind(17, "wl_subcompositor", 1, new id [unknown]#12)
[00:04:16.610994] {Default Queue} wl_registry#2.global(18, "wp_cursor_shape_manager_v1", 2)
[00:04:16.610994] {Default Queue}  -> wl_registry#2.bind(18, "wp_cursor_shape_manager_v1", 1, new id [unknown]#13)
[00:04:16.610996] {Default Queue} wl_registry#2.global(19, "xdg_wm_base", 7)
[00:04:16.610996] {Default Queue} wl_registry#2.global(20, "zxdg_decoration_manager_v1", 1)
[00:04:16.610997] {Default Queue} wl_registry#2.global(21, "org_kde_kwin_server_decoration_manager", 1)
[00:04:16.610998] {Default Queue}  -> wl_registry#2.bind(21, "org_kde_kwin_server_decoration_manager", 1, new id [unknown]#14)
[00:04:16.610999] {Default Queue} wl_registry#2.global(22, "xdg_activation_v1", 1)
[00:04:16.610999] {Default Queue}  -> wl_registry#2.bind(22, "xdg_activation_v1", 1, new id [unknown]#15)
[00:04:16.611000] {Default Queue} wl_registry#2.global(23, "zxdg_exporter_v2", 1)
[00:04:16.611001] {Default Queue}  -> wl_registry#2.bind(23, "zxdg_exporter_v2", 1, new id [unknown]#16)
[00:04:16.611002] {Default Queue} wl_registry#2.global(24, "zxdg_importer_v2", 1)
[00:04:16.611002] {Default Queue}  -> wl_registry#2.bind(24, "zxdg_importer_v2", 1, new id [unknown]#17)
[00:04:16.611003] {Default Queue} wl_registry#2.global(25, "wl_data_device_manager", 3)
[00:04:16.611004] {Default Queue}  -> wl_registry#2.bind(25, "wl_data_device_manager", 3, new id [unknown]#18)
[00:04:16.611004] {Default Queue} wl_registry#2.global(26, "zwp_primary_selection_device_manager_v1", 1)
[00:04:16.611005] {Default Queue}  -> wl_registry#2.bind(26, "zwp_primary_selection_device_manager_v1", 1, new id [unknown]#19)
[00:04:16.611006] {Default Queue} wl_registry#2.global(27, "ext_data_control_manager_v1", 1)
[00:04:16.611007] {Default Queue} wl_registry#2.global(28, "zwlr_data_control_manager_v1", 2)
[00:04:16.611008] {Default Queue} wl_registry#2.global(29, "zwlr_export_dmabuf_manager_v1", 1)
[00:04:16.611009] {Default Queue} wl_registry#2.global(30, "zwlr_screencopy_manager_v1", 3)
[00:04:16.611009] {Default Queue} wl_registry#2.global(31, "ext_image_copy_capture_manager_v1", 1)
[00:04:16.611011] {Default Queue} wl_registry#2.global(32, "aqueous_capture_color_manager_v1", 1)
[00:04:16.611012] {Default Queue} wl_registry#2.global(33, "ext_output_image_capture_source_manager_v1", 1)
[00:04:16.611012] {Default Queue} wl_registry#2.global(34, "zwlr_foreign_toplevel_manager_v1", 3)
[00:04:16.611013] {Default Queue} wl_registry#2.global(35, "ext_foreign_toplevel_list_v1", 1)
[00:04:16.611014] {Default Queue} wl_registry#2.global(36, "ext_foreign_toplevel_image_capture_source_manager_v1", 1)
[00:04:16.611018] {Default Queue} wl_registry#2.global(37, "wp_tearing_control_manager_v1", 1)
[00:04:16.611019] {Default Queue} wl_registry#2.global(38, "aqueous_window_manager_v1", 10)
[00:04:16.611020] {Default Queue} wl_registry#2.global(39, "ext_workspace_manager_v1", 1)
[00:04:16.611020] {Default Queue} wl_registry#2.global(40, "aqueous_window_info_manager_v1", 8)
[00:04:16.611021] {Default Queue} wl_registry#2.global(41, "aqueous_xkb_bindings_v1", 3)
[00:04:16.611022] {Default Queue} wl_registry#2.global(42, "aqueous_layer_shell_v1", 1)
[00:04:16.611023] {Default Queue} wl_registry#2.global(43, "zwlr_layer_shell_v1", 4)
[00:04:16.611024] {Default Queue} wl_registry#2.global(44, "zwlr_gamma_control_manager_v1", 1)
[00:04:16.611024] {Default Queue} wl_registry#2.global(45, "wp_presentation", 2)
[00:04:16.611025] {Default Queue}  -> wl_registry#2.bind(45, "wp_presentation", 1, new id [unknown]#20)
[00:04:16.611026] {Default Queue} wl_registry#2.global(46, "zxdg_output_manager_v1", 3)
[00:04:16.611027] {Default Queue}  -> wl_registry#2.bind(46, "zxdg_output_manager_v1", 3, new id [unknown]#21)
[00:04:16.611028] {Default Queue}  -> wl_display#1.sync(new id wl_callback#22)
[00:04:16.611029] {Default Queue} wl_registry#2.global(47, "zwlr_output_manager_v1", 4)
[00:04:16.611030] {Default Queue} wl_registry#2.global(48, "zwlr_output_power_manager_v1", 1)
[00:04:16.611031] {Default Queue} wl_registry#2.global(49, "aqueous_input_manager_v1", 2)
[00:04:16.611031] {Default Queue} wl_registry#2.global(50, "ext_idle_notifier_v1", 2)
[00:04:16.611032] {Default Queue} wl_registry#2.global(51, "zwp_relative_pointer_manager_v1", 1)
[00:04:16.611033] {Default Queue} wl_registry#2.global(52, "zwp_pointer_gestures_v1", 3)
[00:04:16.611034] {Default Queue}  -> wl_registry#2.bind(52, "zwp_pointer_gestures_v1", 3, new id [unknown]#23)
[00:04:16.611034] {Default Queue} wl_registry#2.global(53, "zwlr_virtual_pointer_manager_v1", 2)
[00:04:16.611035] {Default Queue} wl_registry#2.global(54, "zwp_virtual_keyboard_manager_v1", 1)
[00:04:16.611036] {Default Queue} wl_registry#2.global(55, "zwp_pointer_constraints_v1", 1)
[00:04:16.611037] {Default Queue} wl_registry#2.global(56, "zwp_input_method_manager_v2", 1)
[00:04:16.611038] {Default Queue} wl_registry#2.global(57, "zwp_text_input_manager_v3", 1)
[00:04:16.611038] {Default Queue} wl_registry#2.global(58, "zwp_tablet_manager_v2", 1)
[00:04:16.611039] {Default Queue}  -> wl_registry#2.bind(58, "zwp_tablet_manager_v2", 1, new id [unknown]#24)
[00:04:16.611040] {Default Queue} wl_registry#2.global(59, "wp_pointer_warp_v1", 1)
[00:04:16.611041] {Default Queue} wl_registry#2.global(60, "wl_seat", 9)
[00:04:16.611042] {Default Queue} wl_registry#2.global(61, "aqueous_libinput_config_v1", 2)
[00:04:16.611043] {Default Queue} wl_registry#2.global(62, "aqueous_xkb_config_v1", 2)
[00:04:16.611044] {Default Queue} wl_registry#2.global(63, "zwp_idle_inhibit_manager_v1", 1)
[00:04:16.611045] {Default Queue}  -> wl_registry#2.bind(63, "zwp_idle_inhibit_manager_v1", 1, new id [unknown]#25)
[00:04:16.611045] {Default Queue} wl_registry#2.global(64, "ext_session_lock_manager_v1", 1)
[00:04:16.611046] {Default Queue} wl_registry#2.global(65, "aqueous_shell_manager_v1", 2)
[00:04:16.611047] {Default Queue} wl_registry#2.global(66, "zwp_keyboard_shortcuts_inhibit_manager_v1", 1)
[00:04:16.611048] {Default Queue}  -> wl_registry#2.bind(66, "zwp_keyboard_shortcuts_inhibit_manager_v1", 1, new id [unknown]#26)
[00:04:16.611048] {Default Queue} wl_registry#2.global(67, "xdg_system_bell_v1", 1)
[00:04:16.611049] {Default Queue}  -> wl_registry#2.bind(67, "xdg_system_bell_v1", 1, new id [unknown]#27)
[00:04:16.611050] {Default Queue} wl_registry#2.global(68, "wl_output", 4)
[00:04:16.611051] {Default Queue}  -> wl_registry#2.bind(68, "wl_output", 4, new id [unknown]#28)
[00:04:16.611069] {Default Queue}  -> zxdg_output_manager_v1#21.get_xdg_output(new id zxdg_output_v1#29, wl_output#28)
[00:04:16.611072] {Default Queue}  -> wl_display#1.sync(new id wl_callback#30)
[00:04:16.611073] {Default Queue} wl_registry#2.global(69, "wl_output", 4)
[00:04:16.611073] {Default Queue}  -> wl_registry#2.bind(69, "wl_output", 4, new id [unknown]#31)
[00:04:16.611075] {Default Queue}  -> zxdg_output_manager_v1#21.get_xdg_output(new id zxdg_output_v1#32, wl_output#31)
[00:04:16.611076] {Default Queue}  -> wl_display#1.sync(new id wl_callback#33)
[00:04:16.611076] {Default Queue} wl_callback#3.done(2)
[00:04:16.611078] {Default Queue}  -> wl_registry#2.bind(60, "wl_seat", 9, new id [unknown]#3)
[00:04:16.612122] {Default Queue}  -> zwp_primary_selection_device_manager_v1#19.get_device(new id zwp_primary_selection_device_v1#34, wl_seat#3)
[00:04:16.612126] {Default Queue}  -> wl_data_device_manager#18.get_data_device(new id wl_data_device#35, wl_seat#3)
[00:04:16.612149] {Default Queue}  -> wl_compositor#4.create_surface(new id wl_surface#36)
[00:04:16.612150] {Default Queue}  -> wp_viewporter#10.get_viewport(new id wp_viewport#37, wl_surface#36)
[00:04:16.612152] {Default Queue}  -> wp_fractional_scale_manager_v1#11.get_fractional_scale(new id wp_fractional_scale_v1#38, wl_surface#36)
[00:04:16.612153] {Default Queue}  -> zwp_tablet_manager_v2#24.get_tablet_seat(new id zwp_tablet_seat_v2#39, wl_seat#3)
[00:04:16.612156] {Default Queue}  -> wl_display#1.sync(new id wl_callback#40)
[00:04:16.612253] {Display Queue} wl_display#1.delete_id(22)
[00:04:16.612255] {Display Queue} wl_display#1.delete_id(30)
[00:04:16.612255] {Display Queue} wl_display#1.delete_id(33)
[00:04:16.612256] {Display Queue} wl_display#1.delete_id(40)
[00:04:16.612256] {Default Queue} wl_shm#5.format(0)
[00:04:16.612257] {Default Queue} wl_shm#5.format(875709016)
[00:04:16.612258] {Default Queue} wl_shm#5.format(1)
[00:04:16.612258] {Default Queue} wl_shm#5.format(875708993)
[00:04:16.612259] {Default Queue} wl_shm#5.format(875708754)
[00:04:16.612259] {Default Queue} wl_shm#5.format(875714642)
[00:04:16.612260] {Default Queue} wl_shm#5.format(875708738)
[00:04:16.612260] {Default Queue} wl_shm#5.format(875714626)
[00:04:16.612261] {Default Queue} wl_shm#5.format(909199186)
[00:04:16.612261] {Default Queue} wl_shm#5.format(909199170)
[00:04:16.612262] {Default Queue} wl_shm#5.format(808669761)
[00:04:16.612262] {Default Queue} wl_shm#5.format(808669784)
[00:04:16.612263] {Default Queue} wl_shm#5.format(808665665)
[00:04:16.612263] {Default Queue} wl_shm#5.format(808665688)
[00:04:16.612264] {Default Queue} wl_shm#5.format(942948929)
[00:04:16.612264] {Default Queue} wp_color_representation_manager_v1#7.supported_alpha_mode(0)
[00:04:16.612265] {Default Queue} wp_color_representation_manager_v1#7.supported_coefficients_and_ranges(1, 1)
[00:04:16.612266] {Default Queue} wp_color_representation_manager_v1#7.done()
[00:04:16.612267] {Default Queue} discarded xdg_toplevel_icon_manager_v1#9.icon_size(32)
[00:04:16.612267] {Default Queue} discarded xdg_toplevel_icon_manager_v1#9.icon_size(64)
[00:04:16.612268] {Default Queue} discarded xdg_toplevel_icon_manager_v1#9.icon_size(128)
[00:04:16.612268] {Default Queue} discarded xdg_toplevel_icon_manager_v1#9.done()
[00:04:16.612269] {Default Queue} org_kde_kwin_server_decoration_manager#14.default_mode(1)
[00:04:16.612269] {Default Queue} discarded wp_presentation#20.clock_id(1)
[00:04:16.612270] {Default Queue} wl_callback#22.done(2)
[00:04:16.612271] {Default Queue} wl_output#28.geometry(0, 0, 0, 0, 0, "Unknown", "Unknown", 0)
[00:04:16.612274] {Default Queue} wl_output#28.mode(1, 1280, 720, 0)
[00:04:16.612275] {Default Queue} wl_output#28.scale(1)
[00:04:16.612276] {Default Queue} wl_output#28.name("HEADLESS-2")
[00:04:16.612277] {Default Queue} wl_output#28.description("Headless output 2")
[00:04:16.612278] {Default Queue} wl_output#28.done()
[00:04:16.612279] {Default Queue} zxdg_output_v1#29.name("HEADLESS-2")
[00:04:16.612280] {Default Queue} zxdg_output_v1#29.description("Headless output 2")
[00:04:16.612280] {Default Queue} zxdg_output_v1#29.logical_position(0, 0)
[00:04:16.612281] {Default Queue} zxdg_output_v1#29.logical_size(1280, 720)
[00:04:16.612282] {Default Queue} wl_output#28.done()
[00:04:16.612282] {Default Queue} wl_callback#30.done(2)
[00:04:16.612283] {Default Queue} wl_output#31.geometry(0, 0, 0, 0, 0, "Unknown", "Unknown", 0)
[00:04:16.612285] {Default Queue} wl_output#31.mode(1, 1280, 720, 0)
[00:04:16.612286] {Default Queue} wl_output#31.scale(2)
[00:04:16.612286] {Default Queue} wl_output#31.name("HEADLESS-1")
[00:04:16.612287] {Default Queue} wl_output#31.description("Headless output 1")
[00:04:16.612288] {Default Queue} wl_output#31.done()
[00:04:16.612288] {Default Queue} zxdg_output_v1#32.name("HEADLESS-1")
[00:04:16.612289] {Default Queue} zxdg_output_v1#32.description("Headless output 1")
[00:04:16.612289] {Default Queue} zxdg_output_v1#32.logical_position(-854, 0)
[00:04:16.612290] {Default Queue} zxdg_output_v1#32.logical_size(853, 480)
[00:04:16.612290] {Default Queue} wl_output#31.done()
[00:04:16.612291] {Default Queue} wl_callback#33.done(2)
[00:04:16.612292] {Default Queue} wl_seat#3.name("default")
[00:04:16.612292] {Default Queue} wl_seat#3.capabilities(0)
[00:04:16.612293] {Default Queue} wl_callback#40.done(2)
[00:04:16.612294] {Default Queue}  -> wl_registry#2.bind(19, "xdg_wm_base", 7, new id [unknown]#40)
[00:04:16.621904] {Default Queue}  -> wl_display#1.get_registry(new id wl_registry#33)
[00:04:16.621916] {Default Queue}  -> wl_display#1.sync(new id wl_callback#30)
[00:04:16.622011] {Display Queue} wl_display#1.delete_id(30)
[00:04:16.622014] {Default Queue} wl_registry#33.global(1, "wl_compositor", 6)
[00:04:16.622016] {Default Queue} wl_registry#33.global(2, "wl_fixes", 1)
[00:04:16.622017] {Default Queue} wl_registry#33.global(3, "wp_security_context_manager_v1", 1)
[00:04:16.622018] {Default Queue} wl_registry#33.global(4, "wl_shm", 2)
[00:04:16.622019] {Default Queue} wl_registry#33.global(5, "wp_single_pixel_buffer_manager_v1", 1)
[00:04:16.622020] {Default Queue} wl_registry#33.global(6, "wp_alpha_modifier_v1", 1)
[00:04:16.622021] {Default Queue} wl_registry#33.global(7, "wp_color_representation_manager_v1", 1)
[00:04:16.622021] {Default Queue} wl_registry#33.global(8, "wp_content_type_manager_v1", 1)
[00:04:16.622022] {Default Queue} wl_registry#33.global(9, "wp_fifo_manager_v1", 1)
[00:04:16.622023] {Default Queue} wl_registry#33.global(10, "wp_commit_timing_manager_v1", 1)
[00:04:16.622023] {Default Queue} wl_registry#33.global(11, "xdg_wm_dialog_v1", 1)
[00:04:16.622024] {Default Queue} wl_registry#33.global(12, "xdg_toplevel_drag_manager_v1", 1)
[00:04:16.622024] {Default Queue} wl_registry#33.global(13, "xdg_toplevel_icon_manager_v1", 1)
[00:04:16.622025] {Default Queue} wl_registry#33.global(14, "xdg_toplevel_tag_manager_v1", 1)
[00:04:16.622026] {Default Queue} wl_registry#33.global(15, "wp_viewporter", 1)
[00:04:16.622026] {Default Queue} wl_registry#33.global(16, "wp_fractional_scale_manager_v1", 1)
[00:04:16.622027] {Default Queue} wl_registry#33.global(17, "wl_subcompositor", 1)
[00:04:16.622028] {Default Queue} wl_registry#33.global(18, "wp_cursor_shape_manager_v1", 2)
[00:04:16.622028] {Default Queue} wl_registry#33.global(19, "xdg_wm_base", 7)
[00:04:16.622029] {Default Queue} wl_registry#33.global(20, "zxdg_decoration_manager_v1", 1)
[00:04:16.622030] {Default Queue} wl_registry#33.global(21, "org_kde_kwin_server_decoration_manager", 1)
[00:04:16.622031] {Default Queue} wl_registry#33.global(22, "xdg_activation_v1", 1)
[00:04:16.622032] {Default Queue} wl_registry#33.global(23, "zxdg_exporter_v2", 1)
[00:04:16.622032] {Default Queue} wl_registry#33.global(24, "zxdg_importer_v2", 1)
[00:04:16.622033] {Default Queue} wl_registry#33.global(25, "wl_data_device_manager", 3)
[00:04:16.622034] {Default Queue} wl_registry#33.global(26, "zwp_primary_selection_device_manager_v1", 1)
[00:04:16.622034] {Default Queue} wl_registry#33.global(27, "ext_data_control_manager_v1", 1)
[00:04:16.622035] {Default Queue} wl_registry#33.global(28, "zwlr_data_control_manager_v1", 2)
[00:04:16.622035] {Default Queue} wl_registry#33.global(29, "zwlr_export_dmabuf_manager_v1", 1)
[00:04:16.622036] {Default Queue} wl_registry#33.global(30, "zwlr_screencopy_manager_v1", 3)
[00:04:16.622037] {Default Queue} wl_registry#33.global(31, "ext_image_copy_capture_manager_v1", 1)
[00:04:16.622038] {Default Queue} wl_registry#33.global(32, "aqueous_capture_color_manager_v1", 1)
[00:04:16.622038] {Default Queue} wl_registry#33.global(33, "ext_output_image_capture_source_manager_v1", 1)
[00:04:16.622039] {Default Queue} wl_registry#33.global(34, "zwlr_foreign_toplevel_manager_v1", 3)
[00:04:16.622039] {Default Queue} wl_registry#33.global(35, "ext_foreign_toplevel_list_v1", 1)
[00:04:16.622040] {Default Queue} wl_registry#33.global(36, "ext_foreign_toplevel_image_capture_source_manager_v1", 1)
[00:04:16.622041] {Default Queue} wl_registry#33.global(37, "wp_tearing_control_manager_v1", 1)
[00:04:16.622041] {Default Queue} wl_registry#33.global(38, "aqueous_window_manager_v1", 10)
[00:04:16.622042] {Default Queue} wl_registry#33.global(39, "ext_workspace_manager_v1", 1)
[00:04:16.622042] {Default Queue} wl_registry#33.global(40, "aqueous_window_info_manager_v1", 8)
[00:04:16.622043] {Default Queue} wl_registry#33.global(41, "aqueous_xkb_bindings_v1", 3)
[00:04:16.622044] {Default Queue} wl_registry#33.global(42, "aqueous_layer_shell_v1", 1)
[00:04:16.622044] {Default Queue} wl_registry#33.global(43, "zwlr_layer_shell_v1", 4)
[00:04:16.622045] {Default Queue}  -> wl_registry#33.bind(43, "zwlr_layer_shell_v1", 4, new id [unknown]#22)
[00:04:16.622047] {Default Queue} wl_registry#33.global(44, "zwlr_gamma_control_manager_v1", 1)
[00:04:16.622047] {Default Queue} wl_registry#33.global(45, "wp_presentation", 2)
[00:04:16.622048] {Default Queue} wl_registry#33.global(46, "zxdg_output_manager_v1", 3)
[00:04:16.622049] {Default Queue} wl_registry#33.global(47, "zwlr_output_manager_v1", 4)
[00:04:16.622049] {Default Queue} wl_registry#33.global(48, "zwlr_output_power_manager_v1", 1)
[00:04:16.622050] {Default Queue} wl_registry#33.global(49, "aqueous_input_manager_v1", 2)
[00:04:16.622050] {Default Queue} wl_registry#33.global(50, "ext_idle_notifier_v1", 2)
[00:04:16.622051] {Default Queue} wl_registry#33.global(51, "zwp_relative_pointer_manager_v1", 1)
[00:04:16.622052] {Default Queue} wl_registry#33.global(52, "zwp_pointer_gestures_v1", 3)
[00:04:16.622052] {Default Queue} wl_registry#33.global(53, "zwlr_virtual_pointer_manager_v1", 2)
[00:04:16.622053] {Default Queue} wl_registry#33.global(54, "zwp_virtual_keyboard_manager_v1", 1)
[00:04:16.622053] {Default Queue} wl_registry#33.global(55, "zwp_pointer_constraints_v1", 1)
[00:04:16.622054] {Default Queue} wl_registry#33.global(56, "zwp_input_method_manager_v2", 1)
[00:04:16.622055] {Default Queue} wl_registry#33.global(57, "zwp_text_input_manager_v3", 1)
[00:04:16.622055] {Default Queue} wl_registry#33.global(58, "zwp_tablet_manager_v2", 1)
[00:04:16.622056] {Default Queue} wl_registry#33.global(59, "wp_pointer_warp_v1", 1)
[00:04:16.622057] {Default Queue} wl_registry#33.global(60, "wl_seat", 9)
[00:04:16.622057] {Default Queue} wl_registry#33.global(61, "aqueous_libinput_config_v1", 2)
[00:04:16.622058] {Default Queue} wl_registry#33.global(62, "aqueous_xkb_config_v1", 2)
[00:04:16.622058] {Default Queue} wl_registry#33.global(63, "zwp_idle_inhibit_manager_v1", 1)
[00:04:16.622059] {Default Queue} wl_registry#33.global(64, "ext_session_lock_manager_v1", 1)
[00:04:16.622059] {Default Queue} wl_registry#33.global(65, "aqueous_shell_manager_v1", 2)
[00:04:16.622061] {Default Queue} wl_registry#33.global(66, "zwp_keyboard_shortcuts_inhibit_manager_v1", 1)
[00:04:16.622061] {Default Queue} wl_registry#33.global(67, "xdg_system_bell_v1", 1)
[00:04:16.622062] {Default Queue} wl_registry#33.global(68, "wl_output", 4)
[00:04:16.622063] {Default Queue} wl_registry#33.global(69, "wl_output", 4)
[00:04:16.622064] {Default Queue} wl_callback#30.done(2)
[00:04:16.622066] {Default Queue}  -> wl_display#1.get_registry(new id wl_registry#30)
[00:04:16.622069] {Default Queue}  -> wl_display#1.get_registry(new id wl_registry#41)
[00:04:16.622501] {Default Queue}  -> wl_display#1.get_registry(new id wl_registry#42)
[00:04:16.622504] {Default Queue}  -> wl_display#1.sync(new id wl_callback#43)
[00:04:16.622522] {Default Queue} wl_registry#30.global(1, "wl_compositor", 6)
[00:04:16.622524] {Default Queue}  -> wl_registry#30.bind(1, "wl_compositor", 6, new id [unknown]#44)
[00:04:16.622527] {Default Queue} wl_registry#30.global(2, "wl_fixes", 1)
[00:04:16.622528] {Default Queue} wl_registry#30.global(3, "wp_security_context_manager_v1", 1)
[00:04:16.622528] {Default Queue} wl_registry#30.global(4, "wl_shm", 2)
[00:04:16.622529] {Default Queue} wl_registry#30.global(5, "wp_single_pixel_buffer_manager_v1", 1)
[00:04:16.622530] {Default Queue} wl_registry#30.global(6, "wp_alpha_modifier_v1", 1)
[00:04:16.622530] {Default Queue} wl_registry#30.global(7, "wp_color_representation_manager_v1", 1)
[00:04:16.622531] {Default Queue} wl_registry#30.global(8, "wp_content_type_manager_v1", 1)
[00:04:16.622532] {Default Queue} wl_registry#30.global(9, "wp_fifo_manager_v1", 1)
[00:04:16.622532] {Default Queue} wl_registry#30.global(10, "wp_commit_timing_manager_v1", 1)
[00:04:16.622533] {Default Queue} wl_registry#30.global(11, "xdg_wm_dialog_v1", 1)
[00:04:16.622533] {Default Queue} wl_registry#30.global(12, "xdg_toplevel_drag_manager_v1", 1)
[00:04:16.622534] {Default Queue} wl_registry#30.global(13, "xdg_toplevel_icon_manager_v1", 1)
[00:04:16.622534] {Default Queue} wl_registry#30.global(14, "xdg_toplevel_tag_manager_v1", 1)
[00:04:16.622535] {Default Queue} wl_registry#30.global(15, "wp_viewporter", 1)
[00:04:16.622536] {Default Queue} wl_registry#30.global(16, "wp_fractional_scale_manager_v1", 1)
[00:04:16.622536] {Default Queue} wl_registry#30.global(17, "wl_subcompositor", 1)
[00:04:16.622537] {Default Queue} wl_registry#30.global(18, "wp_cursor_shape_manager_v1", 2)
[00:04:16.622537] {Default Queue} wl_registry#30.global(19, "xdg_wm_base", 7)
[00:04:16.622538] {Default Queue} wl_registry#30.global(20, "zxdg_decoration_manager_v1", 1)
[00:04:16.622538] {Default Queue} wl_registry#30.global(21, "org_kde_kwin_server_decoration_manager", 1)
[00:04:16.622539] {Default Queue} wl_registry#30.global(22, "xdg_activation_v1", 1)
[00:04:16.622539] {Default Queue} wl_registry#30.global(23, "zxdg_exporter_v2", 1)
[00:04:16.622540] {Default Queue} wl_registry#30.global(24, "zxdg_importer_v2", 1)
[00:04:16.622541] {Default Queue} wl_registry#30.global(25, "wl_data_device_manager", 3)
[00:04:16.622541] {Default Queue} wl_registry#30.global(26, "zwp_primary_selection_device_manager_v1", 1)
[00:04:16.622542] {Default Queue} wl_registry#30.global(27, "ext_data_control_manager_v1", 1)
[00:04:16.622542] {Default Queue} wl_registry#30.global(28, "zwlr_data_control_manager_v1", 2)
[00:04:16.622543] {Default Queue} wl_registry#30.global(29, "zwlr_export_dmabuf_manager_v1", 1)
[00:04:16.622543] {Default Queue} wl_registry#30.global(30, "zwlr_screencopy_manager_v1", 3)
[00:04:16.622544] {Default Queue} wl_registry#30.global(31, "ext_image_copy_capture_manager_v1", 1)
[00:04:16.622545] {Default Queue} wl_registry#30.global(32, "aqueous_capture_color_manager_v1", 1)
[00:04:16.622545] {Default Queue} wl_registry#30.global(33, "ext_output_image_capture_source_manager_v1", 1)
[00:04:16.622546] {Default Queue} wl_registry#30.global(34, "zwlr_foreign_toplevel_manager_v1", 3)
[00:04:16.622546] {Default Queue} wl_registry#30.global(35, "ext_foreign_toplevel_list_v1", 1)
[00:04:16.622547] {Default Queue} wl_registry#30.global(36, "ext_foreign_toplevel_image_capture_source_manager_v1", 1)
[00:04:16.622548] {Default Queue} wl_registry#30.global(37, "wp_tearing_control_manager_v1", 1)
[00:04:16.622548] {Default Queue} wl_registry#30.global(38, "aqueous_window_manager_v1", 10)
[00:04:16.622549] {Default Queue} wl_registry#30.global(39, "ext_workspace_manager_v1", 1)
[00:04:16.622549] {Default Queue} wl_registry#30.global(40, "aqueous_window_info_manager_v1", 8)
[00:04:16.622550] {Default Queue} wl_registry#30.global(41, "aqueous_xkb_bindings_v1", 3)
[00:04:16.622551] {Default Queue} wl_registry#30.global(42, "aqueous_layer_shell_v1", 1)
[00:04:16.622551] {Default Queue} wl_registry#30.global(43, "zwlr_layer_shell_v1", 4)
[00:04:16.622552] {Default Queue} wl_registry#30.global(44, "zwlr_gamma_control_manager_v1", 1)
[00:04:16.622552] {Default Queue} wl_registry#30.global(45, "wp_presentation", 2)
[00:04:16.622553] {Default Queue} wl_registry#30.global(46, "zxdg_output_manager_v1", 3)
[00:04:16.622553] {Default Queue} wl_registry#30.global(47, "zwlr_output_manager_v1", 4)
[00:04:16.622554] {Default Queue} wl_registry#30.global(48, "zwlr_output_power_manager_v1", 1)
[00:04:16.622555] {Default Queue} wl_registry#30.global(49, "aqueous_input_manager_v1", 2)
[00:04:16.622555] {Default Queue} wl_registry#30.global(50, "ext_idle_notifier_v1", 2)
[00:04:16.622556] {Default Queue} wl_registry#30.global(51, "zwp_relative_pointer_manager_v1", 1)
[00:04:16.622556] {Default Queue} wl_registry#30.global(52, "zwp_pointer_gestures_v1", 3)
[00:04:16.622557] {Default Queue} wl_registry#30.global(53, "zwlr_virtual_pointer_manager_v1", 2)
[00:04:16.622557] {Default Queue} wl_registry#30.global(54, "zwp_virtual_keyboard_manager_v1", 1)
[00:04:16.622558] {Default Queue} wl_registry#30.global(55, "zwp_pointer_constraints_v1", 1)
[00:04:16.622559] {Default Queue} wl_registry#30.global(56, "zwp_input_method_manager_v2", 1)
[00:04:16.622559] {Default Queue} wl_registry#30.global(57, "zwp_text_input_manager_v3", 1)
[00:04:16.622560] {Default Queue} wl_registry#30.global(58, "zwp_tablet_manager_v2", 1)
[00:04:16.622560] {Default Queue} wl_registry#30.global(59, "wp_pointer_warp_v1", 1)
[00:04:16.622561] {Default Queue} wl_registry#30.global(60, "wl_seat", 9)
[00:04:16.622562] {Default Queue} wl_registry#30.global(61, "aqueous_libinput_config_v1", 2)
[00:04:16.622562] {Default Queue} wl_registry#30.global(62, "aqueous_xkb_config_v1", 2)
[00:04:16.622563] {Default Queue} wl_registry#30.global(63, "zwp_idle_inhibit_manager_v1", 1)
[00:04:16.622563] {Default Queue} wl_registry#30.global(64, "ext_session_lock_manager_v1", 1)
[00:04:16.622564] {Default Queue} wl_registry#30.global(65, "aqueous_shell_manager_v1", 2)
[00:04:16.622565] {Default Queue}  -> wl_registry#30.bind(65, "aqueous_shell_manager_v1", 2, new id [unknown]#45)
[00:04:16.622567] {Default Queue} wl_registry#30.global(66, "zwp_keyboard_shortcuts_inhibit_manager_v1", 1)
[00:04:16.622572] {Default Queue} wl_registry#30.global(67, "xdg_system_bell_v1", 1)
[00:04:16.622573] {Default Queue} wl_registry#30.global(68, "wl_output", 4)
[00:04:16.622574] {Default Queue} wl_registry#30.global(69, "wl_output", 4)
[00:04:16.622574] {Default Queue} wl_registry#41.global(1, "wl_compositor", 6)
[00:04:16.622575] {Default Queue} wl_registry#41.global(2, "wl_fixes", 1)
[00:04:16.622576] {Default Queue} wl_registry#41.global(3, "wp_security_context_manager_v1", 1)
[00:04:16.622577] {Default Queue} wl_registry#41.global(4, "wl_shm", 2)
[00:04:16.622577] {Default Queue} wl_registry#41.global(5, "wp_single_pixel_buffer_manager_v1", 1)
[00:04:16.622578] {Default Queue} wl_registry#41.global(6, "wp_alpha_modifier_v1", 1)
[00:04:16.622579] {Default Queue} wl_registry#41.global(7, "wp_color_representation_manager_v1", 1)
[00:04:16.622579] {Default Queue} wl_registry#41.global(8, "wp_content_type_manager_v1", 1)
[00:04:16.622580] {Default Queue} wl_registry#41.global(9, "wp_fifo_manager_v1", 1)
[00:04:16.622580] {Default Queue} wl_registry#41.global(10, "wp_commit_timing_manager_v1", 1)
[00:04:16.622581] {Default Queue} wl_registry#41.global(11, "xdg_wm_dialog_v1", 1)
[00:04:16.622582] {Default Queue} wl_registry#41.global(12, "xdg_toplevel_drag_manager_v1", 1)
[00:04:16.622582] {Default Queue} wl_registry#41.global(13, "xdg_toplevel_icon_manager_v1", 1)
[00:04:16.622583] {Default Queue} wl_registry#41.global(14, "xdg_toplevel_tag_manager_v1", 1)
[00:04:16.622583] {Default Queue} wl_registry#41.global(15, "wp_viewporter", 1)
[00:04:16.622584] {Default Queue} wl_registry#41.global(16, "wp_fractional_scale_manager_v1", 1)
[00:04:16.622585] {Default Queue} wl_registry#41.global(17, "wl_subcompositor", 1)
[00:04:16.622585] {Default Queue} wl_registry#41.global(18, "wp_cursor_shape_manager_v1", 2)
[00:04:16.622586] {Default Queue} wl_registry#41.global(19, "xdg_wm_base", 7)
[00:04:16.622586] {Default Queue} wl_registry#41.global(20, "zxdg_decoration_manager_v1", 1)
[00:04:16.622587] {Default Queue} wl_registry#41.global(21, "org_kde_kwin_server_decoration_manager", 1)
[00:04:16.622587] {Default Queue} wl_registry#41.global(22, "xdg_activation_v1", 1)
[00:04:16.622588] {Default Queue} wl_registry#41.global(23, "zxdg_exporter_v2", 1)
[00:04:16.622588] {Default Queue} wl_registry#41.global(24, "zxdg_importer_v2", 1)
[00:04:16.622589] {Default Queue} wl_registry#41.global(25, "wl_data_device_manager", 3)
[00:04:16.622590] {Default Queue} wl_registry#41.global(26, "zwp_primary_selection_device_manager_v1", 1)
[00:04:16.622590] {Default Queue} wl_registry#41.global(27, "ext_data_control_manager_v1", 1)
[00:04:16.622591] {Default Queue} wl_registry#41.global(28, "zwlr_data_control_manager_v1", 2)
[00:04:16.622592] {Default Queue} wl_registry#41.global(29, "zwlr_export_dmabuf_manager_v1", 1)
[00:04:16.622593] {Default Queue} wl_registry#41.global(30, "zwlr_screencopy_manager_v1", 3)
[00:04:16.622593] {Default Queue} wl_registry#41.global(31, "ext_image_copy_capture_manager_v1", 1)
[00:04:16.622594] {Default Queue} wl_registry#41.global(32, "aqueous_capture_color_manager_v1", 1)
[00:04:16.622594] {Default Queue} wl_registry#41.global(33, "ext_output_image_capture_source_manager_v1", 1)
[00:04:16.622595] {Default Queue} wl_registry#41.global(34, "zwlr_foreign_toplevel_manager_v1", 3)
[00:04:16.622595] {Default Queue} wl_registry#41.global(35, "ext_foreign_toplevel_list_v1", 1)
[00:04:16.622596] {Default Queue} wl_registry#41.global(36, "ext_foreign_toplevel_image_capture_source_manager_v1", 1)
[00:04:16.622597] {Default Queue} wl_registry#41.global(37, "wp_tearing_control_manager_v1", 1)
[00:04:16.622597] {Default Queue} wl_registry#41.global(38, "aqueous_window_manager_v1", 10)
[00:04:16.622598] {Default Queue} wl_registry#41.global(39, "ext_workspace_manager_v1", 1)
[00:04:16.622598] {Default Queue} wl_registry#41.global(40, "aqueous_window_info_manager_v1", 8)
[00:04:16.622599] {Default Queue} wl_registry#41.global(41, "aqueous_xkb_bindings_v1", 3)
[00:04:16.622599] {Default Queue} wl_registry#41.global(42, "aqueous_layer_shell_v1", 1)
[00:04:16.622600] {Default Queue} wl_registry#41.global(43, "zwlr_layer_shell_v1", 4)
[00:04:16.622600] {Default Queue} wl_registry#41.global(44, "zwlr_gamma_control_manager_v1", 1)
[00:04:16.622601] {Default Queue} wl_registry#41.global(45, "wp_presentation", 2)
[00:04:16.622601] {Default Queue} wl_registry#41.global(46, "zxdg_output_manager_v1", 3)
[00:04:16.622602] {Default Queue} wl_registry#41.global(47, "zwlr_output_manager_v1", 4)
[00:04:16.622603] {Default Queue} wl_registry#41.global(48, "zwlr_output_power_manager_v1", 1)
[00:04:16.622603] {Default Queue} wl_registry#41.global(49, "aqueous_input_manager_v1", 2)
[00:04:16.622604] {Default Queue} wl_registry#41.global(50, "ext_idle_notifier_v1", 2)
[00:04:16.622604] {Default Queue} wl_registry#41.global(51, "zwp_relative_pointer_manager_v1", 1)
[00:04:16.622605] {Default Queue} wl_registry#41.global(52, "zwp_pointer_gestures_v1", 3)
[00:04:16.622605] {Default Queue} wl_registry#41.global(53, "zwlr_virtual_pointer_manager_v1", 2)
[00:04:16.622606] {Default Queue} wl_registry#41.global(54, "zwp_virtual_keyboard_manager_v1", 1)
[00:04:16.622607] {Default Queue} wl_registry#41.global(55, "zwp_pointer_constraints_v1", 1)
[00:04:16.622607] {Default Queue} wl_registry#41.global(56, "zwp_input_method_manager_v2", 1)
[00:04:16.622608] {Default Queue} wl_registry#41.global(57, "zwp_text_input_manager_v3", 1)
[00:04:16.622608] {Default Queue} wl_registry#41.global(58, "zwp_tablet_manager_v2", 1)
[00:04:16.622609] {Default Queue} wl_registry#41.global(59, "wp_pointer_warp_v1", 1)
[00:04:16.622609] {Default Queue} wl_registry#41.global(60, "wl_seat", 9)
[00:04:16.622610] {Default Queue} wl_registry#41.global(61, "aqueous_libinput_config_v1", 2)
[00:04:16.622610] {Default Queue} wl_registry#41.global(62, "aqueous_xkb_config_v1", 2)
[00:04:16.622611] {Default Queue} wl_registry#41.global(63, "zwp_idle_inhibit_manager_v1", 1)
[00:04:16.622612] {Default Queue} wl_registry#41.global(64, "ext_session_lock_manager_v1", 1)
[00:04:16.622612] {Default Queue} wl_registry#41.global(65, "aqueous_shell_manager_v1", 2)
[00:04:16.622613] {Default Queue} wl_registry#41.global(66, "zwp_keyboard_shortcuts_inhibit_manager_v1", 1)
[00:04:16.622613] {Default Queue} wl_registry#41.global(67, "xdg_system_bell_v1", 1)
[00:04:16.622614] {Default Queue} wl_registry#41.global(68, "wl_output", 4)
[00:04:16.622614] {Default Queue} wl_registry#41.global(69, "wl_output", 4)
[00:04:16.622621] {Display Queue} wl_display#1.delete_id(43)
[00:04:16.622622] {Default Queue} wl_registry#42.global(1, "wl_compositor", 6)
[00:04:16.622623] {Default Queue} wl_registry#42.global(2, "wl_fixes", 1)
[00:04:16.622624] {Default Queue} wl_registry#42.global(3, "wp_security_context_manager_v1", 1)
[00:04:16.622624] {Default Queue} wl_registry#42.global(4, "wl_shm", 2)
[00:04:16.622625] {Default Queue} wl_registry#42.global(5, "wp_single_pixel_buffer_manager_v1", 1)
[00:04:16.622625] {Default Queue} wl_registry#42.global(6, "wp_alpha_modifier_v1", 1)
[00:04:16.622626] {Default Queue} wl_registry#42.global(7, "wp_color_representation_manager_v1", 1)
[00:04:16.622627] {Default Queue} wl_registry#42.global(8, "wp_content_type_manager_v1", 1)
[00:04:16.622627] {Default Queue} wl_registry#42.global(9, "wp_fifo_manager_v1", 1)
[00:04:16.622628] {Default Queue} wl_registry#42.global(10, "wp_commit_timing_manager_v1", 1)
[00:04:16.622629] {Default Queue} wl_registry#42.global(11, "xdg_wm_dialog_v1", 1)
[00:04:16.622629] {Default Queue} wl_registry#42.global(12, "xdg_toplevel_drag_manager_v1", 1)
[00:04:16.622630] {Default Queue} wl_registry#42.global(13, "xdg_toplevel_icon_manager_v1", 1)
[00:04:16.622630] {Default Queue} wl_registry#42.global(14, "xdg_toplevel_tag_manager_v1", 1)
[00:04:16.622631] {Default Queue} wl_registry#42.global(15, "wp_viewporter", 1)
[00:04:16.622631] {Default Queue} wl_registry#42.global(16, "wp_fractional_scale_manager_v1", 1)
[00:04:16.622632] {Default Queue} wl_registry#42.global(17, "wl_subcompositor", 1)
[00:04:16.622633] {Default Queue} wl_registry#42.global(18, "wp_cursor_shape_manager_v1", 2)
[00:04:16.622633] {Default Queue} wl_registry#42.global(19, "xdg_wm_base", 7)
[00:04:16.622634] {Default Queue} wl_registry#42.global(20, "zxdg_decoration_manager_v1", 1)
[00:04:16.622634] {Default Queue} wl_registry#42.global(21, "org_kde_kwin_server_decoration_manager", 1)
[00:04:16.622635] {Default Queue} wl_registry#42.global(22, "xdg_activation_v1", 1)
[00:04:16.622636] {Default Queue} wl_registry#42.global(23, "zxdg_exporter_v2", 1)
[00:04:16.622636] {Default Queue} wl_registry#42.global(24, "zxdg_importer_v2", 1)
[00:04:16.622637] {Default Queue} wl_registry#42.global(25, "wl_data_device_manager", 3)
[00:04:16.622637] {Default Queue} wl_registry#42.global(26, "zwp_primary_selection_device_manager_v1", 1)
[00:04:16.622638] {Default Queue} wl_registry#42.global(27, "ext_data_control_manager_v1", 1)
[00:04:16.622638] {Default Queue} wl_registry#42.global(28, "zwlr_data_control_manager_v1", 2)
[00:04:16.622639] {Default Queue} wl_registry#42.global(29, "zwlr_export_dmabuf_manager_v1", 1)
[00:04:16.622640] {Default Queue} wl_registry#42.global(30, "zwlr_screencopy_manager_v1", 3)
[00:04:16.622640] {Default Queue} wl_registry#42.global(31, "ext_image_copy_capture_manager_v1", 1)
[00:04:16.622641] {Default Queue} wl_registry#42.global(32, "aqueous_capture_color_manager_v1", 1)
[00:04:16.622641] {Default Queue} wl_registry#42.global(33, "ext_output_image_capture_source_manager_v1", 1)
[00:04:16.622642] {Default Queue} wl_registry#42.global(34, "zwlr_foreign_toplevel_manager_v1", 3)
[00:04:16.622643] {Default Queue} wl_registry#42.global(35, "ext_foreign_toplevel_list_v1", 1)
[00:04:16.622643] {Default Queue} wl_registry#42.global(36, "ext_foreign_toplevel_image_capture_source_manager_v1", 1)
[00:04:16.622644] {Default Queue} wl_registry#42.global(37, "wp_tearing_control_manager_v1", 1)
[00:04:16.622644] {Default Queue} wl_registry#42.global(38, "aqueous_window_manager_v1", 10)
[00:04:16.622645] {Default Queue} wl_registry#42.global(39, "ext_workspace_manager_v1", 1)
[00:04:16.622646] {Default Queue} wl_registry#42.global(40, "aqueous_window_info_manager_v1", 8)
[00:04:16.622646] {Default Queue} wl_registry#42.global(41, "aqueous_xkb_bindings_v1", 3)
[00:04:16.622647] {Default Queue} wl_registry#42.global(42, "aqueous_layer_shell_v1", 1)
[00:04:16.622647] {Default Queue} wl_registry#42.global(43, "zwlr_layer_shell_v1", 4)
[00:04:16.622648] {Default Queue}  -> wl_registry#42.bind(43, "zwlr_layer_shell_v1", 4, new id [unknown]#46)
[00:04:16.622649] {Default Queue} wl_registry#42.global(44, "zwlr_gamma_control_manager_v1", 1)
[00:04:16.622650] {Default Queue} wl_registry#42.global(45, "wp_presentation", 2)
[00:04:16.622650] {Default Queue} wl_registry#42.global(46, "zxdg_output_manager_v1", 3)
[00:04:16.622651] {Default Queue} wl_registry#42.global(47, "zwlr_output_manager_v1", 4)
[00:04:16.622652] {Default Queue} wl_registry#42.global(48, "zwlr_output_power_manager_v1", 1)
[00:04:16.622652] {Default Queue} wl_registry#42.global(49, "aqueous_input_manager_v1", 2)
[00:04:16.622653] {Default Queue} wl_registry#42.global(50, "ext_idle_notifier_v1", 2)
[00:04:16.622653] {Default Queue} wl_registry#42.global(51, "zwp_relative_pointer_manager_v1", 1)
[00:04:16.622654] {Default Queue} wl_registry#42.global(52, "zwp_pointer_gestures_v1", 3)
[00:04:16.622655] {Default Queue} wl_registry#42.global(53, "zwlr_virtual_pointer_manager_v1", 2)
[00:04:16.622655] {Default Queue} wl_registry#42.global(54, "zwp_virtual_keyboard_manager_v1", 1)
[00:04:16.622656] {Default Queue} wl_registry#42.global(55, "zwp_pointer_constraints_v1", 1)
[00:04:16.622656] {Default Queue} wl_registry#42.global(56, "zwp_input_method_manager_v2", 1)
[00:04:16.622657] {Default Queue} wl_registry#42.global(57, "zwp_text_input_manager_v3", 1)
[00:04:16.622658] {Default Queue} wl_registry#42.global(58, "zwp_tablet_manager_v2", 1)
[00:04:16.622658] {Default Queue} wl_registry#42.global(59, "wp_pointer_warp_v1", 1)
[00:04:16.622659] {Default Queue} wl_registry#42.global(60, "wl_seat", 9)
[00:04:16.622660] {Default Queue} wl_registry#42.global(61, "aqueous_libinput_config_v1", 2)
[00:04:16.622660] {Default Queue} wl_registry#42.global(62, "aqueous_xkb_config_v1", 2)
[00:04:16.622661] {Default Queue} wl_registry#42.global(63, "zwp_idle_inhibit_manager_v1", 1)
[00:04:16.622661] {Default Queue} wl_registry#42.global(64, "ext_session_lock_manager_v1", 1)
[00:04:16.622662] {Default Queue}  -> wl_registry#42.bind(64, "ext_session_lock_manager_v1", 1, new id [unknown]#47)
[00:04:16.622663] {Default Queue} wl_registry#42.global(65, "aqueous_shell_manager_v1", 2)
[00:04:16.622663] {Default Queue} wl_registry#42.global(66, "zwp_keyboard_shortcuts_inhibit_manager_v1", 1)
[00:04:16.622664] {Default Queue} wl_registry#42.global(67, "xdg_system_bell_v1", 1)
[00:04:16.622665] {Default Queue} wl_registry#42.global(68, "wl_output", 4)
[00:04:16.622665] {Default Queue} wl_registry#42.global(69, "wl_output", 4)
[00:04:16.622666] {Default Queue} wl_callback#43.done(2)
[00:04:16.622666] {Default Queue} aqueous_shell_manager_v1#45.capabilities("{"schema":1,"session":"56e0fb2e64296c1edfde8f212afcdcaa","max_batch_bytes":4194304,"state":true,"commands":true,"keyboard":true,"overview":true,"config_reload":true,"shortcut_inhibition":true,"icon_metadata":true,"geometry":"committed-content-global-logical"}")
[00:04:16.622688] {Default Queue}  -> aqueous_shell_manager_v1#45.destroy()
[00:04:16.622691] {Default Queue}  -> wl_display#1.get_registry(new id wl_registry#43)
[00:04:16.623389] {Default Queue}  -> wl_display#1.get_registry(new id wl_registry#48)
[00:04:16.623395] {Default Queue}  -> wl_display#1.get_registry(new id wl_registry#49)
info(pearl): event=aqueous-availability state=connecting
info(pearl): event=ready mode=session
[00:04:16.624698] {Display Queue} wl_display#1.delete_id(45)
[00:04:16.624702] {Default Queue} wl_registry#43.global(1, "wl_compositor", 6)
[00:04:16.624705] {Default Queue} wl_registry#43.global(2, "wl_fixes", 1)
[00:04:16.624706] {Default Queue} wl_registry#43.global(3, "wp_security_context_manager_v1", 1)
[00:04:16.624706] {Default Queue} wl_registry#43.global(4, "wl_shm", 2)
[00:04:16.624707] {Default Queue} wl_registry#43.global(5, "wp_single_pixel_buffer_manager_v1", 1)
[00:04:16.624708] {Default Queue} wl_registry#43.global(6, "wp_alpha_modifier_v1", 1)
[00:04:16.624709] {Default Queue} wl_registry#43.global(7, "wp_color_representation_manager_v1", 1)
[00:04:16.624710] {Default Queue} wl_registry#43.global(8, "wp_content_type_manager_v1", 1)
[00:04:16.624710] {Default Queue} wl_registry#43.global(9, "wp_fifo_manager_v1", 1)
[00:04:16.624711] {Default Queue} wl_registry#43.global(10, "wp_commit_timing_manager_v1", 1)
[00:04:16.624712] {Default Queue} wl_registry#43.global(11, "xdg_wm_dialog_v1", 1)
[00:04:16.624712] {Default Queue} wl_registry#43.global(12, "xdg_toplevel_drag_manager_v1", 1)
[00:04:16.624713] {Default Queue} wl_registry#43.global(13, "xdg_toplevel_icon_manager_v1", 1)
[00:04:16.624713] {Default Queue} wl_registry#43.global(14, "xdg_toplevel_tag_manager_v1", 1)
[00:04:16.624714] {Default Queue} wl_registry#43.global(15, "wp_viewporter", 1)
[00:04:16.624714] {Default Queue} wl_registry#43.global(16, "wp_fractional_scale_manager_v1", 1)
[00:04:16.624715] {Default Queue} wl_registry#43.global(17, "wl_subcompositor", 1)
[00:04:16.624716] {Default Queue} wl_registry#43.global(18, "wp_cursor_shape_manager_v1", 2)
[00:04:16.624716] {Default Queue} wl_registry#43.global(19, "xdg_wm_base", 7)
[00:04:16.624717] {Default Queue} wl_registry#43.global(20, "zxdg_decoration_manager_v1", 1)
[00:04:16.624717] {Default Queue} wl_registry#43.global(21, "org_kde_kwin_server_decoration_manager", 1)
[00:04:16.624718] {Default Queue} wl_registry#43.global(22, "xdg_activation_v1", 1)
[00:04:16.624718] {Default Queue} wl_registry#43.global(23, "zxdg_exporter_v2", 1)
[00:04:16.624719] {Default Queue} wl_registry#43.global(24, "zxdg_importer_v2", 1)
[00:04:16.624720] {Default Queue} wl_registry#43.global(25, "wl_data_device_manager", 3)
[00:04:16.624720] {Default Queue} wl_registry#43.global(26, "zwp_primary_selection_device_manager_v1", 1)
[00:04:16.624721] {Default Queue} wl_registry#43.global(27, "ext_data_control_manager_v1", 1)
[00:04:16.624721] {Default Queue} wl_registry#43.global(28, "zwlr_data_control_manager_v1", 2)
[00:04:16.624722] {Default Queue} wl_registry#43.global(29, "zwlr_export_dmabuf_manager_v1", 1)
[00:04:16.624722] {Default Queue} wl_registry#43.global(30, "zwlr_screencopy_manager_v1", 3)
[00:04:16.624723] {Default Queue} wl_registry#43.global(31, "ext_image_copy_capture_manager_v1", 1)
[00:04:16.624724] {Default Queue} wl_registry#43.global(32, "aqueous_capture_color_manager_v1", 1)
[00:04:16.624724] {Default Queue} wl_registry#43.global(33, "ext_output_image_capture_source_manager_v1", 1)
[00:04:16.624725] {Default Queue} wl_registry#43.global(34, "zwlr_foreign_toplevel_manager_v1", 3)
[00:04:16.624725] {Default Queue} wl_registry#43.global(35, "ext_foreign_toplevel_list_v1", 1)
[00:04:16.624726] {Default Queue} wl_registry#43.global(36, "ext_foreign_toplevel_image_capture_source_manager_v1", 1)
[00:04:16.624727] {Default Queue} wl_registry#43.global(37, "wp_tearing_control_manager_v1", 1)
[00:04:16.624727] {Default Queue} wl_registry#43.global(38, "aqueous_window_manager_v1", 10)
[00:04:16.624728] {Default Queue} wl_registry#43.global(39, "ext_workspace_manager_v1", 1)
[00:04:16.624728] {Default Queue} wl_registry#43.global(40, "aqueous_window_info_manager_v1", 8)
[00:04:16.624729] {Default Queue} wl_registry#43.global(41, "aqueous_xkb_bindings_v1", 3)
[00:04:16.624730] {Default Queue} wl_registry#43.global(42, "aqueous_layer_shell_v1", 1)
[00:04:16.624730] {Default Queue} wl_registry#43.global(43, "zwlr_layer_shell_v1", 4)
[00:04:16.624731] {Default Queue} wl_registry#43.global(44, "zwlr_gamma_control_manager_v1", 1)
[00:04:16.624731] {Default Queue} wl_registry#43.global(45, "wp_presentation", 2)
[00:04:16.624732] {Default Queue} wl_registry#43.global(46, "zxdg_output_manager_v1", 3)
[00:04:16.624732] {Default Queue} wl_registry#43.global(47, "zwlr_output_manager_v1", 4)
[00:04:16.624733] {Default Queue} wl_registry#43.global(48, "zwlr_output_power_manager_v1", 1)
[00:04:16.624733] {Default Queue} wl_registry#43.global(49, "aqueous_input_manager_v1", 2)
[00:04:16.624734] {Default Queue} wl_registry#43.global(50, "ext_idle_notifier_v1", 2)
[00:04:16.624735] {Default Queue}  -> wl_registry#43.bind(50, "ext_idle_notifier_v1", 1, new id [unknown]#45)
[00:04:16.624736] {Default Queue} wl_registry#43.global(51, "zwp_relative_pointer_manager_v1", 1)
[00:04:16.624737] {Default Queue} wl_registry#43.global(52, "zwp_pointer_gestures_v1", 3)
[00:04:16.624738] {Default Queue} wl_registry#43.global(53, "zwlr_virtual_pointer_manager_v1", 2)
[00:04:16.624738] {Default Queue} wl_registry#43.global(54, "zwp_virtual_keyboard_manager_v1", 1)
[00:04:16.624739] {Default Queue} wl_registry#43.global(55, "zwp_pointer_constraints_v1", 1)
[00:04:16.624739] {Default Queue} wl_registry#43.global(56, "zwp_input_method_manager_v2", 1)
[00:04:16.624740] {Default Queue} wl_registry#43.global(57, "zwp_text_input_manager_v3", 1)
[00:04:16.624740] {Default Queue} wl_registry#43.global(58, "zwp_tablet_manager_v2", 1)
[00:04:16.624741] {Default Queue} wl_registry#43.global(59, "wp_pointer_warp_v1", 1)
[00:04:16.624741] {Default Queue} wl_registry#43.global(60, "wl_seat", 9)
[00:04:16.624742] {Default Queue}  -> wl_registry#43.bind(60, "wl_seat", 5, new id [unknown]#50)
[00:04:16.624745] {Default Queue} wl_registry#43.global(61, "aqueous_libinput_config_v1", 2)
[00:04:16.624746] {Default Queue} wl_registry#43.global(62, "aqueous_xkb_config_v1", 2)
[00:04:16.624746] {Default Queue} wl_registry#43.global(63, "zwp_idle_inhibit_manager_v1", 1)
[00:04:16.624747] {Default Queue} wl_registry#43.global(64, "ext_session_lock_manager_v1", 1)
[00:04:16.624747] {Default Queue} wl_registry#43.global(65, "aqueous_shell_manager_v1", 2)
[00:04:16.624748] {Default Queue} wl_registry#43.global(66, "zwp_keyboard_shortcuts_inhibit_manager_v1", 1)
[00:04:16.624749] {Default Queue} wl_registry#43.global(67, "xdg_system_bell_v1", 1)
[00:04:16.624749] {Default Queue} wl_registry#43.global(68, "wl_output", 4)
[00:04:16.624750] {Default Queue} wl_registry#43.global(69, "wl_output", 4)
[00:04:16.624750] {Default Queue} wl_registry#48.global(1, "wl_compositor", 6)
[00:04:16.624752] {Default Queue} wl_registry#48.global(2, "wl_fixes", 1)
[00:04:16.624752] {Default Queue} wl_registry#48.global(3, "wp_security_context_manager_v1", 1)
[00:04:16.624753] {Default Queue} wl_registry#48.global(4, "wl_shm", 2)
[00:04:16.624753] {Default Queue} wl_registry#48.global(5, "wp_single_pixel_buffer_manager_v1", 1)
[00:04:16.624754] {Default Queue} wl_registry#48.global(6, "wp_alpha_modifier_v1", 1)
[00:04:16.624754] {Default Queue} wl_registry#48.global(7, "wp_color_representation_manager_v1", 1)
[00:04:16.624755] {Default Queue} wl_registry#48.global(8, "wp_content_type_manager_v1", 1)
[00:04:16.624755] {Default Queue} wl_registry#48.global(9, "wp_fifo_manager_v1", 1)
[00:04:16.624756] {Default Queue} wl_registry#48.global(10, "wp_commit_timing_manager_v1", 1)
[00:04:16.624757] {Default Queue} wl_registry#48.global(11, "xdg_wm_dialog_v1", 1)
[00:04:16.624757] {Default Queue} wl_registry#48.global(12, "xdg_toplevel_drag_manager_v1", 1)
[00:04:16.624758] {Default Queue} wl_registry#48.global(13, "xdg_toplevel_icon_manager_v1", 1)
[00:04:16.624758] {Default Queue} wl_registry#48.global(14, "xdg_toplevel_tag_manager_v1", 1)
[00:04:16.624759] {Default Queue} wl_registry#48.global(15, "wp_viewporter", 1)
[00:04:16.624759] {Default Queue} wl_registry#48.global(16, "wp_fractional_scale_manager_v1", 1)
[00:04:16.624760] {Default Queue} wl_registry#48.global(17, "wl_subcompositor", 1)
[00:04:16.624761] {Default Queue} wl_registry#48.global(18, "wp_cursor_shape_manager_v1", 2)
[00:04:16.624761] {Default Queue} wl_registry#48.global(19, "xdg_wm_base", 7)
[00:04:16.624762] {Default Queue} wl_registry#48.global(20, "zxdg_decoration_manager_v1", 1)
[00:04:16.624762] {Default Queue} wl_registry#48.global(21, "org_kde_kwin_server_decoration_manager", 1)
[00:04:16.624763] {Default Queue} wl_registry#48.global(22, "xdg_activation_v1", 1)
[00:04:16.624763] {Default Queue} wl_registry#48.global(23, "zxdg_exporter_v2", 1)
[00:04:16.624764] {Default Queue} wl_registry#48.global(24, "zxdg_importer_v2", 1)
[00:04:16.624764] {Default Queue} wl_registry#48.global(25, "wl_data_device_manager", 3)
[00:04:16.624765] {Default Queue} wl_registry#48.global(26, "zwp_primary_selection_device_manager_v1", 1)
[00:04:16.624765] {Default Queue} wl_registry#48.global(27, "ext_data_control_manager_v1", 1)
[00:04:16.624766] {Default Queue}  -> wl_registry#48.bind(27, "ext_data_control_manager_v1", 1, new id [unknown]#51)
[00:04:16.624767] {Default Queue} wl_registry#48.global(28, "zwlr_data_control_manager_v1", 2)
[00:04:16.624767] {Default Queue} wl_registry#48.global(29, "zwlr_export_dmabuf_manager_v1", 1)
[00:04:16.624768] {Default Queue} wl_registry#48.global(30, "zwlr_screencopy_manager_v1", 3)
[00:04:16.624769] {Default Queue} wl_registry#48.global(31, "ext_image_copy_capture_manager_v1", 1)
[00:04:16.624769] {Default Queue} wl_registry#48.global(32, "aqueous_capture_color_manager_v1", 1)
[00:04:16.624770] {Default Queue} wl_registry#48.global(33, "ext_output_image_capture_source_manager_v1", 1)
[00:04:16.624770] {Default Queue} wl_registry#48.global(34, "zwlr_foreign_toplevel_manager_v1", 3)
[00:04:16.624771] {Default Queue} wl_registry#48.global(35, "ext_foreign_toplevel_list_v1", 1)
[00:04:16.624771] {Default Queue} wl_registry#48.global(36, "ext_foreign_toplevel_image_capture_source_manager_v1", 1)
[00:04:16.624772] {Default Queue} wl_registry#48.global(37, "wp_tearing_control_manager_v1", 1)
[00:04:16.624773] {Default Queue} wl_registry#48.global(38, "aqueous_window_manager_v1", 10)
[00:04:16.624773] {Default Queue} wl_registry#48.global(39, "ext_workspace_manager_v1", 1)
[00:04:16.624774] {Default Queue} wl_registry#48.global(40, "aqueous_window_info_manager_v1", 8)
[00:04:16.624774] {Default Queue} wl_registry#48.global(41, "aqueous_xkb_bindings_v1", 3)
[00:04:16.624775] {Default Queue} wl_registry#48.global(42, "aqueous_layer_shell_v1", 1)
[00:04:16.624775] {Default Queue} wl_registry#48.global(43, "zwlr_layer_shell_v1", 4)
[00:04:16.624776] {Default Queue} wl_registry#48.global(44, "zwlr_gamma_control_manager_v1", 1)
[00:04:16.624776] {Default Queue} wl_registry#48.global(45, "wp_presentation", 2)
[00:04:16.624777] {Default Queue} wl_registry#48.global(46, "zxdg_output_manager_v1", 3)
[00:04:16.624777] {Default Queue} wl_registry#48.global(47, "zwlr_output_manager_v1", 4)
[00:04:16.624778] {Default Queue} wl_registry#48.global(48, "zwlr_output_power_manager_v1", 1)
[00:04:16.624778] {Default Queue} wl_registry#48.global(49, "aqueous_input_manager_v1", 2)
[00:04:16.624779] {Default Queue} wl_registry#48.global(50, "ext_idle_notifier_v1", 2)
[00:04:16.624780] {Default Queue} wl_registry#48.global(51, "zwp_relative_pointer_manager_v1", 1)
[00:04:16.624780] {Default Queue} wl_registry#48.global(52, "zwp_pointer_gestures_v1", 3)
[00:04:16.624781] {Default Queue} wl_registry#48.global(53, "zwlr_virtual_pointer_manager_v1", 2)
[00:04:16.624781] {Default Queue} wl_registry#48.global(54, "zwp_virtual_keyboard_manager_v1", 1)
[00:04:16.624782] {Default Queue} wl_registry#48.global(55, "zwp_pointer_constraints_v1", 1)
[00:04:16.624782] {Default Queue} wl_registry#48.global(56, "zwp_input_method_manager_v2", 1)
[00:04:16.624783] {Default Queue} wl_registry#48.global(57, "zwp_text_input_manager_v3", 1)
[00:04:16.624783] {Default Queue} wl_registry#48.global(58, "zwp_tablet_manager_v2", 1)
[00:04:16.624784] {Default Queue} wl_registry#48.global(59, "wp_pointer_warp_v1", 1)
[00:04:16.624784] {Default Queue} wl_registry#48.global(60, "wl_seat", 9)
[00:04:16.624785] {Default Queue}  -> wl_registry#48.bind(60, "wl_seat", 5, new id [unknown]#52)
[00:04:16.624786] {Default Queue} wl_registry#48.global(61, "aqueous_libinput_config_v1", 2)
[00:04:16.624786] {Default Queue} wl_registry#48.global(62, "aqueous_xkb_config_v1", 2)
[00:04:16.624787] {Default Queue} wl_registry#48.global(63, "zwp_idle_inhibit_manager_v1", 1)
[00:04:16.624787] {Default Queue} wl_registry#48.global(64, "ext_session_lock_manager_v1", 1)
[00:04:16.624788] {Default Queue} wl_registry#48.global(65, "aqueous_shell_manager_v1", 2)
[00:04:16.624789] {Default Queue} wl_registry#48.global(66, "zwp_keyboard_shortcuts_inhibit_manager_v1", 1)
[00:04:16.624789] {Default Queue} wl_registry#48.global(67, "xdg_system_bell_v1", 1)
[00:04:16.624790] {Default Queue} wl_registry#48.global(68, "wl_output", 4)
[00:04:16.624790] {Default Queue} wl_registry#48.global(69, "wl_output", 4)
[00:04:16.624792] {Default Queue} wl_registry#49.global(1, "wl_compositor", 6)
[00:04:16.624793] {Default Queue} wl_registry#49.global(2, "wl_fixes", 1)
[00:04:16.624794] {Default Queue} wl_registry#49.global(3, "wp_security_context_manager_v1", 1)
[00:04:16.624795] {Default Queue} wl_registry#49.global(4, "wl_shm", 2)
[00:04:16.624795] {Default Queue}  -> wl_registry#49.bind(4, "wl_shm", 1, new id [unknown]#53)
[00:04:16.624796] {Default Queue} wl_registry#49.global(5, "wp_single_pixel_buffer_manager_v1", 1)
[00:04:16.624797] {Default Queue} wl_registry#49.global(6, "wp_alpha_modifier_v1", 1)
[00:04:16.624797] {Default Queue} wl_registry#49.global(7, "wp_color_representation_manager_v1", 1)
[00:04:16.624800] {Default Queue} wl_registry#49.global(8, "wp_content_type_manager_v1", 1)
[00:04:16.624801] {Default Queue} wl_registry#49.global(9, "wp_fifo_manager_v1", 1)
[00:04:16.624801] {Default Queue} wl_registry#49.global(10, "wp_commit_timing_manager_v1", 1)
[00:04:16.624802] {Default Queue} wl_registry#49.global(11, "xdg_wm_dialog_v1", 1)
[00:04:16.624802] {Default Queue} wl_registry#49.global(12, "xdg_toplevel_drag_manager_v1", 1)
[00:04:16.624803] {Default Queue} wl_registry#49.global(13, "xdg_toplevel_icon_manager_v1", 1)
[00:04:16.624804] {Default Queue} wl_registry#49.global(14, "xdg_toplevel_tag_manager_v1", 1)
[00:04:16.624804] {Default Queue} wl_registry#49.global(15, "wp_viewporter", 1)
[00:04:16.624805] {Default Queue} wl_registry#49.global(16, "wp_fractional_scale_manager_v1", 1)
[00:04:16.624806] {Default Queue} wl_registry#49.global(17, "wl_subcompositor", 1)
[00:04:16.624806] {Default Queue} wl_registry#49.global(18, "wp_cursor_shape_manager_v1", 2)
[00:04:16.624807] {Default Queue} wl_registry#49.global(19, "xdg_wm_base", 7)
[00:04:16.624807] {Default Queue} wl_registry#49.global(20, "zxdg_decoration_manager_v1", 1)
[00:04:16.624808] {Default Queue} wl_registry#49.global(21, "org_kde_kwin_server_decoration_manager", 1)
[00:04:16.624809] {Default Queue} wl_registry#49.global(22, "xdg_activation_v1", 1)
[00:04:16.624809] {Default Queue} wl_registry#49.global(23, "zxdg_exporter_v2", 1)
[00:04:16.624810] {Default Queue} wl_registry#49.global(24, "zxdg_importer_v2", 1)
[00:04:16.624810] {Default Queue} wl_registry#49.global(25, "wl_data_device_manager", 3)
[00:04:16.624811] {Default Queue} wl_registry#49.global(26, "zwp_primary_selection_device_manager_v1", 1)
[00:04:16.624812] {Default Queue} wl_registry#49.global(27, "ext_data_control_manager_v1", 1)
[00:04:16.624812] {Default Queue} wl_registry#49.global(28, "zwlr_data_control_manager_v1", 2)
[00:04:16.624813] {Default Queue} wl_registry#49.global(29, "zwlr_export_dmabuf_manager_v1", 1)
[00:04:16.624813] {Default Queue} wl_registry#49.global(30, "zwlr_screencopy_manager_v1", 3)
[00:04:16.624814] {Default Queue}  -> wl_registry#49.bind(30, "zwlr_screencopy_manager_v1", 3, new id [unknown]#54)
[00:04:16.624815] {Default Queue} wl_registry#49.global(31, "ext_image_copy_capture_manager_v1", 1)
[00:04:16.624815] {Default Queue}  -> wl_registry#49.bind(31, "ext_image_copy_capture_manager_v1", 1, new id [unknown]#55)
[00:04:16.624816] {Default Queue} wl_registry#49.global(32, "aqueous_capture_color_manager_v1", 1)
[00:04:16.624817] {Default Queue}  -> wl_registry#49.bind(32, "aqueous_capture_color_manager_v1", 1, new id [unknown]#56)
[00:04:16.624818] {Default Queue} wl_registry#49.global(33, "ext_output_image_capture_source_manager_v1", 1)
[00:04:16.624818] {Default Queue}  -> wl_registry#49.bind(33, "ext_output_image_capture_source_manager_v1", 1, new id [unknown]#57)
[00:04:16.624819] {Default Queue} wl_registry#49.global(34, "zwlr_foreign_toplevel_manager_v1", 3)
[00:04:16.624820] {Default Queue} wl_registry#49.global(35, "ext_foreign_toplevel_list_v1", 1)
[00:04:16.624821] {Default Queue}  -> wl_registry#49.bind(35, "ext_foreign_toplevel_list_v1", 1, new id [unknown]#58)
[00:04:16.624822] {Default Queue} wl_registry#49.global(36, "ext_foreign_toplevel_image_capture_source_manager_v1", 1)
[00:04:16.624822] {Default Queue}  -> wl_registry#49.bind(36, "ext_foreign_toplevel_image_capture_source_manager_v1", 1, new id [unknown]#59)
[00:04:16.624823] {Default Queue} wl_registry#49.global(37, "wp_tearing_control_manager_v1", 1)
[00:04:16.624824] {Default Queue} wl_registry#49.global(38, "aqueous_window_manager_v1", 10)
[00:04:16.624824] {Default Queue} wl_registry#49.global(39, "ext_workspace_manager_v1", 1)
[00:04:16.624825] {Default Queue} wl_registry#49.global(40, "aqueous_window_info_manager_v1", 8)
[00:04:16.624826] {Default Queue} wl_registry#49.global(41, "aqueous_xkb_bindings_v1", 3)
[00:04:16.624826] {Default Queue} wl_registry#49.global(42, "aqueous_layer_shell_v1", 1)
[00:04:16.624827] {Default Queue} wl_registry#49.global(43, "zwlr_layer_shell_v1", 4)
[00:04:16.624828] {Default Queue} wl_registry#49.global(44, "zwlr_gamma_control_manager_v1", 1)
[00:04:16.624828] {Default Queue} wl_registry#49.global(45, "wp_presentation", 2)
[00:04:16.624829] {Default Queue} wl_registry#49.global(46, "zxdg_output_manager_v1", 3)
[00:04:16.624829] {Default Queue} wl_registry#49.global(47, "zwlr_output_manager_v1", 4)
[00:04:16.624830] {Default Queue} wl_registry#49.global(48, "zwlr_output_power_manager_v1", 1)
[00:04:16.624831] {Default Queue} wl_registry#49.global(49, "aqueous_input_manager_v1", 2)
[00:04:16.624831] {Default Queue} wl_registry#49.global(50, "ext_idle_notifier_v1", 2)
[00:04:16.624832] {Default Queue} wl_registry#49.global(51, "zwp_relative_pointer_manager_v1", 1)
[00:04:16.624833] {Default Queue} wl_registry#49.global(52, "zwp_pointer_gestures_v1", 3)
[00:04:16.624833] {Default Queue} wl_registry#49.global(53, "zwlr_virtual_pointer_manager_v1", 2)
[00:04:16.624834] {Default Queue} wl_registry#49.global(54, "zwp_virtual_keyboard_manager_v1", 1)
[00:04:16.624834] {Default Queue} wl_registry#49.global(55, "zwp_pointer_constraints_v1", 1)
[00:04:16.624835] {Default Queue} wl_registry#49.global(56, "zwp_input_method_manager_v2", 1)
[00:04:16.624835] {Default Queue} wl_registry#49.global(57, "zwp_text_input_manager_v3", 1)
[00:04:16.624836] {Default Queue} wl_registry#49.global(58, "zwp_tablet_manager_v2", 1)
[00:04:16.624837] {Default Queue} wl_registry#49.global(59, "wp_pointer_warp_v1", 1)
[00:04:16.624837] {Default Queue} wl_registry#49.global(60, "wl_seat", 9)
[00:04:16.624838] {Default Queue} wl_registry#49.global(61, "aqueous_libinput_config_v1", 2)
[00:04:16.624839] {Default Queue} wl_registry#49.global(62, "aqueous_xkb_config_v1", 2)
[00:04:16.624839] {Default Queue} wl_registry#49.global(63, "zwp_idle_inhibit_manager_v1", 1)
[00:04:16.624840] {Default Queue} wl_registry#49.global(64, "ext_session_lock_manager_v1", 1)
[00:04:16.624840] {Default Queue} wl_registry#49.global(65, "aqueous_shell_manager_v1", 2)
[00:04:16.624841] {Default Queue} wl_registry#49.global(66, "zwp_keyboard_shortcuts_inhibit_manager_v1", 1)
[00:04:16.624841] {Default Queue} wl_registry#49.global(67, "xdg_system_bell_v1", 1)
[00:04:16.624842] {Default Queue} wl_registry#49.global(68, "wl_output", 4)
[00:04:16.624843] {Default Queue}  -> wl_registry#49.bind(68, "wl_output", 4, new id [unknown]#60)
[00:04:16.624844] {Default Queue} wl_registry#49.global(69, "wl_output", 4)
[00:04:16.624844] {Default Queue}  -> wl_registry#49.bind(69, "wl_output", 4, new id [unknown]#61)
[00:04:16.625176] {Default Queue} wl_seat#50.name("default")
[00:04:16.625180] {Default Queue} wl_seat#50.capabilities(0)
info(pearl): event=aqueous-availability state=subscribing
[00:04:16.625233] {Default Queue} wl_seat#52.name("default")
[00:04:16.625234] {Default Queue} wl_seat#52.capabilities(0)
[00:04:16.625235] {Default Queue} wl_shm#53.format(0)
[00:04:16.625236] {Default Queue} wl_shm#53.format(875709016)
[00:04:16.625236] {Default Queue} wl_shm#53.format(1)
[00:04:16.625237] {Default Queue} wl_shm#53.format(875708993)
[00:04:16.625237] {Default Queue} wl_shm#53.format(875708754)
[00:04:16.625238] {Default Queue} wl_shm#53.format(875714642)
[00:04:16.625238] {Default Queue} wl_shm#53.format(875708738)
[00:04:16.625238] {Default Queue} wl_shm#53.format(875714626)
[00:04:16.625239] {Default Queue} wl_shm#53.format(909199186)
[00:04:16.625239] {Default Queue} wl_shm#53.format(909199170)
[00:04:16.625240] {Default Queue} wl_shm#53.format(808669761)
[00:04:16.625240] {Default Queue} wl_shm#53.format(808669784)
[00:04:16.625241] {Default Queue} wl_shm#53.format(808665665)
[00:04:16.625241] {Default Queue} wl_shm#53.format(808665688)
[00:04:16.625242] {Default Queue} wl_shm#53.format(942948929)
[00:04:16.625242] {Default Queue} wl_output#60.geometry(0, 0, 0, 0, 0, "Unknown", "Unknown", 0)
[00:04:16.625244] {Default Queue} wl_output#60.mode(1, 1280, 720, 0)
[00:04:16.625245] {Default Queue} wl_output#60.scale(1)
[00:04:16.625246] {Default Queue} wl_output#60.name("HEADLESS-2")
[00:04:16.625247] {Default Queue} wl_output#60.description("Headless output 2")
[00:04:16.625247] {Default Queue} wl_output#60.done()
[00:04:16.625248] {Default Queue} wl_output#61.geometry(0, 0, 0, 0, 0, "Unknown", "Unknown", 0)
[00:04:16.625250] {Default Queue} wl_output#61.mode(1, 1280, 720, 0)
[00:04:16.625250] {Default Queue} wl_output#61.scale(2)
[00:04:16.625251] {Default Queue} wl_output#61.name("HEADLESS-1")
[00:04:16.625252] {Default Queue} wl_output#61.description("Headless output 1")
[00:04:16.625252] {Default Queue} wl_output#61.done()
info(pearl): event=aqueous-availability state=ready
[00:04:16.625848] {Default Queue}  -> wl_compositor#4.create_surface(new id wl_surface#62)
[00:04:16.625853] {Default Queue}  -> wp_fractional_scale_manager_v1#11.get_fractional_scale(new id wp_fractional_scale_v1#63, wl_surface#62)
[00:04:16.625857] {Default Queue}  -> wp_viewporter#10.get_viewport(new id wp_viewport#64, wl_surface#62)
[00:04:16.625903] {Default Queue}  -> xdg_toplevel_icon_manager_v1#9.create_icon(new id xdg_toplevel_icon_v1#65)
[00:04:16.625920] {Default Queue}  -> zwlr_layer_shell_v1#46.get_layer_surface(new id zwlr_layer_surface_v1#66, wl_surface#62, wl_output#28, 0, "pearl:wallpaper")
[00:04:16.625923] {Default Queue}  -> zwlr_layer_surface_v1#66.set_keyboard_interactivity(0)
[00:04:16.625925] {Default Queue}  -> zwlr_layer_surface_v1#66.set_exclusive_zone(-1)
[00:04:16.625926] {Default Queue}  -> zwlr_layer_surface_v1#66.set_anchor(15)
[00:04:16.625927] {Default Queue}  -> zwlr_layer_surface_v1#66.set_margin(0, 0, 0, 0)
[00:04:16.625928] {Default Queue}  -> zwlr_layer_surface_v1#66.set_size(0, 0)
[00:04:16.625934]  -> wl_surface#62.commit()
[00:04:16.625971] {Default Queue}  -> xdg_activation_v1#15.get_activation_token(new id xdg_activation_token_v1#67)
[00:04:16.625974]  -> xdg_activation_token_v1#67.set_serial(0, wl_seat#3)
[00:04:16.625976]  -> xdg_activation_token_v1#67.commit()
[00:04:16.626240] xdg_activation_token_v1#67.done("fab9114ba280ba6c9290e923d20a93d7")
[00:04:16.626244]  -> xdg_activation_token_v1#67.destroy()
[00:04:16.626246] {Default Queue}  -> xdg_activation_v1#15.activate("fab9114ba280ba6c9290e923d20a93d7", wl_surface#62)
[00:04:16.634330] {Default Queue}  -> wl_compositor#4.create_surface(new id wl_surface#68)
[00:04:16.634337] {Default Queue}  -> wp_fractional_scale_manager_v1#11.get_fractional_scale(new id wp_fractional_scale_v1#69, wl_surface#68)
[00:04:16.634341] {Default Queue}  -> wp_viewporter#10.get_viewport(new id wp_viewport#70, wl_surface#68)
[00:04:16.634371] {Default Queue}  -> xdg_toplevel_icon_manager_v1#9.create_icon(new id xdg_toplevel_icon_v1#71)
[00:04:16.634387] {Default Queue}  -> zwlr_layer_shell_v1#46.get_layer_surface(new id zwlr_layer_surface_v1#72, wl_surface#68, wl_output#28, 2, "pearl:bar")
[00:04:16.634390] {Default Queue}  -> zwlr_layer_surface_v1#72.set_keyboard_interactivity(0)
[00:04:16.634391] {Default Queue}  -> zwlr_layer_surface_v1#72.set_exclusive_zone(48)
[00:04:16.634391] {Default Queue}  -> zwlr_layer_surface_v1#72.set_anchor(13)
[00:04:16.634392] {Default Queue}  -> zwlr_layer_surface_v1#72.set_margin(0, 0, 0, 0)
[00:04:16.634393] {Default Queue}  -> zwlr_layer_surface_v1#72.set_size(0, 200)
[00:04:16.634399]  -> wl_surface#68.commit()
[00:04:16.634480] {Default Queue}  -> xdg_activation_v1#15.get_activation_token(new id xdg_activation_token_v1#73)
[00:04:16.634482]  -> xdg_activation_token_v1#73.set_serial(0, wl_seat#3)
[00:04:16.634484]  -> xdg_activation_token_v1#73.commit()
[00:04:16.634636] {Display Queue} wl_display#1.delete_id(67)
[00:04:16.634638] xdg_activation_token_v1#73.done("72bb8a84c936f52756a61e451d5f23a8")
[00:04:16.634640]  -> xdg_activation_token_v1#73.destroy()
[00:04:16.634641] {Default Queue}  -> xdg_activation_v1#15.activate("72bb8a84c936f52756a61e451d5f23a8", wl_surface#68)
info: event=output-mapped id=1 connector=HEADLESS-2 scale=1
[00:04:16.637287] {Default Queue}  -> wl_compositor#4.create_surface(new id wl_surface#67)
[00:04:16.637294] {Default Queue}  -> wp_fractional_scale_manager_v1#11.get_fractional_scale(new id wp_fractional_scale_v1#74, wl_surface#67)
[00:04:16.637297] {Default Queue}  -> wp_viewporter#10.get_viewport(new id wp_viewport#75, wl_surface#67)
[00:04:16.637326] {Default Queue}  -> xdg_toplevel_icon_manager_v1#9.create_icon(new id xdg_toplevel_icon_v1#76)
[00:04:16.637337] {Default Queue}  -> zwlr_layer_shell_v1#46.get_layer_surface(new id zwlr_layer_surface_v1#77, wl_surface#67, wl_output#31, 0, "pearl:wallpaper")
[00:04:16.637340] {Default Queue}  -> zwlr_layer_surface_v1#77.set_keyboard_interactivity(0)
[00:04:16.637340] {Default Queue}  -> zwlr_layer_surface_v1#77.set_exclusive_zone(-1)
[00:04:16.637341] {Default Queue}  -> zwlr_layer_surface_v1#77.set_anchor(15)
[00:04:16.637342] {Default Queue}  -> zwlr_layer_surface_v1#77.set_margin(0, 0, 0, 0)
[00:04:16.637343] {Default Queue}  -> zwlr_layer_surface_v1#77.set_size(0, 0)
[00:04:16.637347]  -> wl_surface#67.commit()
[00:04:16.637363] {Default Queue}  -> xdg_activation_v1#15.get_activation_token(new id xdg_activation_token_v1#78)
[00:04:16.637365]  -> xdg_activation_token_v1#78.set_serial(0, wl_seat#3)
[00:04:16.637366]  -> xdg_activation_token_v1#78.commit()
[00:04:16.637500] {Display Queue} wl_display#1.delete_id(73)
[00:04:16.637503] xdg_activation_token_v1#78.done("f20dcaf6d8829464798ce646d206c021")
[00:04:16.637504]  -> xdg_activation_token_v1#78.destroy()
[00:04:16.637505] {Default Queue}  -> xdg_activation_v1#15.activate("f20dcaf6d8829464798ce646d206c021", wl_surface#67)
[00:04:16.638784] {Default Queue}  -> wl_compositor#4.create_surface(new id wl_surface#73)
[00:04:16.638789] {Default Queue}  -> wp_fractional_scale_manager_v1#11.get_fractional_scale(new id wp_fractional_scale_v1#79, wl_surface#73)
[00:04:16.638790] {Default Queue}  -> wp_viewporter#10.get_viewport(new id wp_viewport#80, wl_surface#73)
[00:04:16.638805] {Default Queue}  -> xdg_toplevel_icon_manager_v1#9.create_icon(new id xdg_toplevel_icon_v1#81)
[00:04:16.638815] {Default Queue}  -> zwlr_layer_shell_v1#46.get_layer_surface(new id zwlr_layer_surface_v1#82, wl_surface#73, wl_output#31, 2, "pearl:bar")
[00:04:16.638817] {Default Queue}  -> zwlr_layer_surface_v1#82.set_keyboard_interactivity(0)
[00:04:16.638818] {Default Queue}  -> zwlr_layer_surface_v1#82.set_exclusive_zone(48)
[00:04:16.638819] {Default Queue}  -> zwlr_layer_surface_v1#82.set_anchor(13)
[00:04:16.638820] {Default Queue}  -> zwlr_layer_surface_v1#82.set_margin(0, 0, 0, 0)
[00:04:16.638821] {Default Queue}  -> zwlr_layer_surface_v1#82.set_size(0, 200)
[00:04:16.638824]  -> wl_surface#73.commit()
[00:04:16.638871] {Default Queue}  -> xdg_activation_v1#15.get_activation_token(new id xdg_activation_token_v1#83)
[00:04:16.638873]  -> xdg_activation_token_v1#83.set_serial(0, wl_seat#3)
[00:04:16.638874]  -> xdg_activation_token_v1#83.commit()
[00:04:16.638974] {Display Queue} wl_display#1.delete_id(78)
[00:04:16.638976] xdg_activation_token_v1#83.done("1d10f9cb742a69fd6e5c4805bddcb116")
[00:04:16.638977]  -> xdg_activation_token_v1#83.destroy()
[00:04:16.638978] {Default Queue}  -> xdg_activation_v1#15.activate("1d10f9cb742a69fd6e5c4805bddcb116", wl_surface#73)
info: event=output-mapped id=2 connector=HEADLESS-1 scale=1.5
info(pearl): event=settings-backend-ready session=56e0fb2e64296c1edfde8f212afcdcaa
info(pearl): event=control-ready session=56e0fb2e64296c1edfde8f212afcdcaa
[00:04:16.639412] {Default Queue} zwlr_layer_surface_v1#66.configure(3, 1280, 720)
[00:04:16.639427] {Default Queue}  -> zwlr_layer_surface_v1#66.ack_configure(3)
[00:04:16.639428] {Default Queue} zwlr_layer_surface_v1#72.configure(4, 1280, 200)
[00:04:16.639505] {Default Queue}  -> zwlr_layer_surface_v1#72.ack_configure(4)
[00:04:16.639506] {Default Queue} zwlr_layer_surface_v1#66.configure(5, 1280, 720)
[00:04:16.639507] {Default Queue}  -> zwlr_layer_surface_v1#66.ack_configure(5)
[00:04:16.639507] {Default Queue} zwlr_layer_surface_v1#77.configure(6, 853, 480)
[00:04:16.639509] {Default Queue}  -> zwlr_layer_surface_v1#77.ack_configure(6)
[00:04:16.639509] {Default Queue} zwlr_layer_surface_v1#82.configure(7, 853, 200)
[00:04:16.639555] {Default Queue}  -> zwlr_layer_surface_v1#82.ack_configure(7)
[00:04:16.639556] {Default Queue} zwlr_layer_surface_v1#77.configure(8, 853, 480)
[00:04:16.639557] {Default Queue}  -> zwlr_layer_surface_v1#77.ack_configure(8)
info: event=app-index-ready entries=160 truncated=false
[00:04:16.639657] {Default Queue}  -> wl_shm#5.create_pool(new id wl_shm_pool#78, fd 18, 3686400)
[00:04:16.639664] {Default Queue}  -> wl_shm_pool#78.create_buffer(new id wl_buffer#84, 0, 1280, 720, 5120, 0)
[00:04:16.642138] {Default Queue}  -> wl_compositor#4.create_region(new id wl_region#85)
[00:04:16.642140] {Default Queue}  -> wl_region#85.add(0, 0, 1280, 720)
[00:04:16.642142]  -> wl_surface#62.set_opaque_region(wl_region#85)
[00:04:16.642143] {Default Queue}  -> wl_region#85.destroy()
[00:04:16.642144] {Default Queue}  -> wp_viewport#64.set_destination(1280, 720)
[00:04:16.642145]  -> wl_surface#62.attach(wl_buffer#84, 0, 0)
[00:04:16.642146]  -> wl_surface#62.damage_buffer(0, 0, 1280, 720)
[00:04:16.642148]  -> wl_surface#62.frame(new id wl_callback#86)
[00:04:16.642149] {Default Queue}  -> wp_presentation#20.feedback(wl_surface#62, new id wp_presentation_feedback#87)
[00:04:16.642151]  -> wl_surface#62.commit()
[00:04:16.642582] {Default Queue}  -> wl_shm#5.create_pool(new id wl_shm_pool#88, fd 18, 245760)
[00:04:16.642586] {Default Queue}  -> wl_shm_pool#88.create_buffer(new id wl_buffer#89, 0, 1280, 48, 5120, 0)
[00:04:16.643207] {Default Queue}  -> zwlr_layer_surface_v1#72.set_size(0, 48)
[00:04:16.643210] {Default Queue}  -> wl_compositor#4.create_region(new id wl_region#90)
[00:04:16.643212] {Default Queue}  -> wl_region#90.add(18, 4, 527, 40)
[00:04:16.643213]  -> wl_surface#68.set_opaque_region(wl_region#90)
[00:04:16.643214] {Default Queue}  -> wl_region#90.destroy()
[00:04:16.643215] {Default Queue}  -> wp_viewport#70.set_destination(1280, 48)
[00:04:16.643216]  -> wl_surface#68.attach(wl_buffer#89, 0, 0)
[00:04:16.643217]  -> wl_surface#68.damage_buffer(0, 0, 1280, 48)
[00:04:16.643218]  -> wl_surface#68.frame(new id wl_callback#91)
[00:04:16.643219] {Default Queue}  -> wp_presentation#20.feedback(wl_surface#68, new id wp_presentation_feedback#92)
[00:04:16.643221]  -> wl_surface#68.commit()
[00:04:16.643309] {Default Queue}  -> wl_shm#5.create_pool(new id wl_shm_pool#93, fd 18, 1637760)
[00:04:16.643311] {Default Queue}  -> wl_shm_pool#93.create_buffer(new id wl_buffer#94, 0, 853, 480, 3412, 0)
[00:04:16.644388] {Default Queue}  -> wl_compositor#4.create_region(new id wl_region#95)
[00:04:16.644389] {Default Queue}  -> wl_region#95.add(0, 0, 853, 480)
[00:04:16.644390]  -> wl_surface#67.set_opaque_region(wl_region#95)
[00:04:16.644391] {Default Queue}  -> wl_region#95.destroy()
[00:04:16.644392] {Default Queue}  -> wp_viewport#75.set_destination(853, 480)
[00:04:16.644393]  -> wl_surface#67.attach(wl_buffer#94, 0, 0)
[00:04:16.644393]  -> wl_surface#67.damage_buffer(0, 0, 853, 480)
[00:04:16.644394]  -> wl_surface#67.frame(new id wl_callback#96)
[00:04:16.644395] {Default Queue}  -> wp_presentation#20.feedback(wl_surface#67, new id wp_presentation_feedback#97)
[00:04:16.644396]  -> wl_surface#67.commit()
[00:04:16.644700] {Default Queue}  -> wl_shm#5.create_pool(new id wl_shm_pool#98, fd 18, 348024)
[00:04:16.644702] {Default Queue}  -> wl_shm_pool#98.create_buffer(new id wl_buffer#99, 0, 853, 102, 3412, 0)
[00:04:16.644938] {Default Queue}  -> zwlr_layer_surface_v1#82.set_size(0, 102)
[00:04:16.644940] {Default Queue}  -> wl_compositor#4.create_region(new id wl_region#100)
[00:04:16.644940] {Default Queue}  -> wl_region#100.add(464, 4, 371, 94)
[00:04:16.644942]  -> wl_surface#73.set_opaque_region(wl_region#100)
[00:04:16.644942] {Default Queue}  -> wl_region#100.destroy()
[00:04:16.644943] {Default Queue}  -> wp_viewport#80.set_destination(853, 102)
[00:04:16.644944]  -> wl_surface#73.attach(wl_buffer#99, 0, 0)
[00:04:16.644945]  -> wl_surface#73.damage_buffer(0, 0, 853, 102)
[00:04:16.644946]  -> wl_surface#73.frame(new id wl_callback#101)
[00:04:16.644947] {Default Queue}  -> wp_presentation#20.feedback(wl_surface#73, new id wp_presentation_feedback#102)
[00:04:16.644948]  -> wl_surface#73.commit()
[00:04:16.644978] {Default Queue}  -> zwlr_layer_surface_v1#82.set_exclusive_zone(102)
[00:04:16.644996] {Display Queue} wl_display#1.delete_id(83)
[00:04:16.644998] {Display Queue} wl_display#1.delete_id(85)
[00:04:16.644999] {Display Queue} wl_display#1.delete_id(86)
[00:04:16.644999] {Display Queue} wl_display#1.delete_id(87)
[00:04:16.645000] {Display Queue} wl_display#1.delete_id(90)
[00:04:16.645000] {Display Queue} wl_display#1.delete_id(95)
[00:04:16.645001] {Default Queue} zwlr_layer_surface_v1#72.configure(9, 1280, 200)
[00:04:16.645002] {Default Queue}  -> zwlr_layer_surface_v1#72.ack_configure(9)
[00:04:16.645003] {Default Queue} zwlr_layer_surface_v1#66.configure(10, 1280, 720)
[00:04:16.645004] {Default Queue}  -> zwlr_layer_surface_v1#66.ack_configure(10)
[00:04:16.645005] {Default Queue} wp_fractional_scale_v1#63.preferred_scale(120)
[00:04:16.645005] {Default Queue} wl_callback#86.done(40179757)
[00:04:16.645008] {Default Queue} wp_presentation_feedback#87.sync_output(wl_output#60)
[00:04:16.645009] {Default Queue} wp_presentation_feedback#87.sync_output(wl_output#28)
[00:04:16.645010] {Default Queue} wp_presentation_feedback#87.presented(0, 40179, 757214907, 0, 0, 0, 0)
[00:04:16.645012] {Default Queue} zwlr_layer_surface_v1#72.configure(12, 1280, 48)
[00:04:16.645013] {Default Queue}  -> zwlr_layer_surface_v1#72.ack_configure(12)
[00:04:16.645014] {Default Queue} zwlr_layer_surface_v1#66.configure(13, 1280, 720)
[00:04:16.645014] {Default Queue}  -> zwlr_layer_surface_v1#66.ack_configure(13)
[00:04:16.645015] {Default Queue} wp_fractional_scale_v1#69.preferred_scale(120)
[00:04:16.645016] {Default Queue} zwlr_layer_surface_v1#72.configure(14, 1280, 48)
[00:04:16.645016] {Default Queue}  -> zwlr_layer_surface_v1#72.ack_configure(14)
[00:04:16.645017] {Default Queue} zwlr_layer_surface_v1#66.configure(15, 1280, 720)
[00:04:16.645018] {Default Queue}  -> zwlr_layer_surface_v1#66.ack_configure(15)
[00:04:16.645018] {Default Queue} zwlr_layer_surface_v1#82.configure(16, 853, 200)
[00:04:16.645019] {Default Queue}  -> zwlr_layer_surface_v1#82.ack_configure(16)
[00:04:16.645019] {Default Queue} zwlr_layer_surface_v1#77.configure(17, 853, 480)
[00:04:16.645020] {Default Queue}  -> zwlr_layer_surface_v1#77.ack_configure(17)
[00:04:16.645021] {Default Queue} wp_fractional_scale_v1#74.preferred_scale(180)
[00:04:16.645031] wl_surface#67.enter(wl_output#61)
[00:04:16.645033] wl_surface#67.enter(wl_output#31)
[00:04:16.645034] wl_surface#67.preferred_buffer_scale(2)
[00:04:16.645035] wl_surface#68.enter(wl_output#60)
[00:04:16.645055] wl_surface#68.enter(wl_output#28)
[00:04:16.645064] wl_surface#68.preferred_buffer_scale(1)
[00:04:16.645065] wl_surface#62.enter(wl_output#60)
[00:04:16.645066] wl_surface#62.enter(wl_output#28)
[00:04:16.645067] wl_surface#62.preferred_buffer_scale(1)
[00:04:16.645144] {Display Queue} wl_display#1.delete_id(100)
[00:04:16.645145] {Default Queue} zwlr_layer_surface_v1#82.configure(18, 853, 102)
[00:04:16.645146] {Default Queue}  -> zwlr_layer_surface_v1#82.ack_configure(18)
[00:04:16.645147] {Default Queue} zwlr_layer_surface_v1#77.configure(19, 853, 480)
[00:04:16.645148] {Default Queue}  -> zwlr_layer_surface_v1#77.ack_configure(19)
[00:04:16.645148] {Default Queue} wp_fractional_scale_v1#79.preferred_scale(180)
[00:04:16.645524] {Default Queue} zwlr_layer_surface_v1#82.configure(20, 853, 102)
[00:04:16.645526] {Default Queue}  -> zwlr_layer_surface_v1#82.ack_configure(20)
[00:04:16.645527] {Default Queue} zwlr_layer_surface_v1#77.configure(21, 853, 480)
[00:04:16.645527] {Default Queue}  -> zwlr_layer_surface_v1#77.ack_configure(21)
[00:04:16.645528] wl_surface#73.enter(wl_output#61)
[00:04:16.645537] wl_surface#73.enter(wl_output#31)
[00:04:16.645546] wl_surface#73.preferred_buffer_scale(2)
[00:04:16.645676] {Default Queue}  -> wl_shm#5.create_pool(new id wl_shm_pool#100, fd 18, 3686400)
[00:04:16.645678] {Default Queue}  -> wl_shm_pool#100.create_buffer(new id wl_buffer#87, 0, 1280, 720, 5120, 0)
[00:04:16.648374] {Default Queue}  -> wl_compositor#4.create_region(new id wl_region#86)
[00:04:16.648376]  -> wl_surface#62.set_input_region(wl_region#86)
[00:04:16.648378] {Default Queue}  -> wl_region#86.destroy()
[00:04:16.648379]  -> wl_surface#62.attach(wl_buffer#87, 0, 0)
[00:04:16.648380]  -> wl_surface#62.damage_buffer(0, 0, 1280, 720)
[00:04:16.648381]  -> wl_surface#62.frame(new id wl_callback#95)
[00:04:16.648382] {Default Queue}  -> wp_presentation#20.feedback(wl_surface#62, new id wp_presentation_feedback#90)
[00:04:16.648383]  -> wl_surface#62.commit()
[00:04:16.648500] {Display Queue} wl_display#1.delete_id(86)
[00:04:16.648502] {Default Queue} wl_buffer#84.release()
[00:04:16.658757] {Display Queue} wl_display#1.delete_id(95)
[00:04:16.658762] {Display Queue} wl_display#1.delete_id(91)
[00:04:16.658764] {Display Queue} wl_display#1.delete_id(90)
[00:04:16.658765] {Display Queue} wl_display#1.delete_id(92)
[00:04:16.658765] {Default Queue} wl_callback#95.done(40179773)
[00:04:16.658772] {Default Queue} wl_callback#91.done(40179773)
[00:04:16.658777] {Default Queue} wp_presentation_feedback#90.sync_output(wl_output#60)
[00:04:16.658779] {Default Queue} wp_presentation_feedback#90.sync_output(wl_output#28)
[00:04:16.658779] {Default Queue} wp_presentation_feedback#90.presented(0, 40179, 773632506, 0, 0, 0, 0)
[00:04:16.658783] {Default Queue} wp_presentation_feedback#92.sync_output(wl_output#60)
[00:04:16.658783] {Default Queue} wp_presentation_feedback#92.sync_output(wl_output#28)
[00:04:16.658784] {Default Queue} wp_presentation_feedback#92.presented(0, 40179, 773632506, 0, 0, 0, 0)
[00:04:16.658866] {Default Queue}  -> wl_shm#5.create_pool(new id wl_shm_pool#92, fd 18, 245760)
[00:04:16.658871] {Default Queue}  -> wl_shm_pool#92.create_buffer(new id wl_buffer#90, 0, 1280, 48, 5120, 0)
[00:04:16.659181] {Default Queue}  -> wl_compositor#4.create_region(new id wl_region#91)
[00:04:16.659184] {Default Queue}  -> wl_region#91.add(19, 4, 525, 1)
[00:04:16.659185] {Default Queue}  -> wl_region#91.add(577, 4, 126, 1)
[00:04:16.659186] {Default Queue}  -> wl_region#91.add(888, 4, 373, 1)
[00:04:16.659187] {Default Queue}  -> wl_region#91.add(17, 5, 529, 1)
[00:04:16.659187] {Default Queue}  -> wl_region#91.add(575, 5, 130, 1)
[00:04:16.659188] {Default Queue}  -> wl_region#91.add(886, 5, 377, 1)
[00:04:16.659188] {Default Queue}  -> wl_region#91.add(16, 6, 531, 1)
[00:04:16.659189] {Default Queue}  -> wl_region#91.add(574, 6, 132, 1)
[00:04:16.659190] {Default Queue}  -> wl_region#91.add(885, 6, 379, 1)
[00:04:16.659190] {Default Queue}  -> wl_region#91.add(15, 7, 533, 1)
[00:04:16.659191] {Default Queue}  -> wl_region#91.add(573, 7, 134, 1)
[00:04:16.659192] {Default Queue}  -> wl_region#91.add(884, 7, 381, 1)
[00:04:16.659192] {Default Queue}  -> wl_region#91.add(14, 8, 535, 1)
[00:04:16.659193] {Default Queue}  -> wl_region#91.add(572, 8, 136, 1)
[00:04:16.659193] {Default Queue}  -> wl_region#91.add(883, 8, 383, 1)
[00:04:16.659194] {Default Queue}  -> wl_region#91.add(13, 9, 537, 1)
[00:04:16.659195] {Default Queue}  -> wl_region#91.add(571, 9, 138, 1)
[00:04:16.659195] {Default Queue}  -> wl_region#91.add(882, 9, 385, 1)
[00:04:16.659196] {Default Queue}  -> wl_region#91.add(12, 10, 539, 2)
[00:04:16.659197] {Default Queue}  -> wl_region#91.add(570, 10, 140, 2)
[00:04:16.659197] {Default Queue}  -> wl_region#91.add(881, 10, 387, 2)
[00:04:16.659198] {Default Queue}  -> wl_region#91.add(11, 12, 541, 5)
[00:04:16.659198] {Default Queue}  -> wl_region#91.add(569, 12, 142, 5)
[00:04:16.659199] {Default Queue}  -> wl_region#91.add(880, 12, 389, 5)
[00:04:16.659200] {Default Queue}  -> wl_region#91.add(10, 17, 543, 14)
[00:04:16.659200] {Default Queue}  -> wl_region#91.add(568, 17, 144, 14)
[00:04:16.659201] {Default Queue}  -> wl_region#91.add(879, 17, 391, 14)
[00:04:16.659201] {Default Queue}  -> wl_region#91.add(11, 31, 541, 5)
[00:04:16.659202] {Default Queue}  -> wl_region#91.add(569, 31, 142, 5)
[00:04:16.659203] {Default Queue}  -> wl_region#91.add(880, 31, 389, 5)
[00:04:16.659203] {Default Queue}  -> wl_region#91.add(12, 36, 539, 2)
[00:04:16.659204] {Default Queue}  -> wl_region#91.add(570, 36, 140, 2)
[00:04:16.659205] {Default Queue}  -> wl_region#91.add(881, 36, 387, 2)
[00:04:16.659205] {Default Queue}  -> wl_region#91.add(13, 38, 537, 1)
[00:04:16.659206] {Default Queue}  -> wl_region#91.add(571, 38, 138, 1)
[00:04:16.659207] {Default Queue}  -> wl_region#91.add(882, 38, 385, 1)
[00:04:16.659208] {Default Queue}  -> wl_region#91.add(14, 39, 535, 1)
[00:04:16.659209] {Default Queue}  -> wl_region#91.add(572, 39, 136, 1)
[00:04:16.659210] {Default Queue}  -> wl_region#91.add(883, 39, 383, 1)
[00:04:16.659211] {Default Queue}  -> wl_region#91.add(15, 40, 533, 1)
[00:04:16.659212] {Default Queue}  -> wl_region#91.add(573, 40, 134, 1)
[00:04:16.659213] {Default Queue}  -> wl_region#91.add(884, 40, 381, 1)
[00:04:16.659214] {Default Queue}  -> wl_region#91.add(16, 41, 531, 1)
[00:04:16.659215] {Default Queue}  -> wl_region#91.add(574, 41, 132, 1)
[00:04:16.659216] {Default Queue}  -> wl_region#91.add(885, 41, 379, 1)
[00:04:16.659217] {Default Queue}  -> wl_region#91.add(17, 42, 529, 1)
[00:04:16.659218] {Default Queue}  -> wl_region#91.add(575, 42, 130, 1)
[00:04:16.659219] {Default Queue}  -> wl_region#91.add(886, 42, 377, 1)
[00:04:16.659220] {Default Queue}  -> wl_region#91.add(19, 43, 525, 1)
[00:04:16.659221] {Default Queue}  -> wl_region#91.add(577, 43, 126, 1)
[00:04:16.659222] {Default Queue}  -> wl_region#91.add(888, 43, 373, 1)
[00:04:16.659224]  -> wl_surface#68.set_input_region(wl_region#91)
[00:04:16.659225] {Default Queue}  -> wl_region#91.destroy()
[00:04:16.659227]  -> wl_surface#68.attach(wl_buffer#90, 0, 0)
[00:04:16.659229]  -> wl_surface#68.damage_buffer(0, 0, 1280, 48)
[00:04:16.659230]  -> wl_surface#68.frame(new id wl_callback#95)
[00:04:16.659232] {Default Queue}  -> wp_presentation#20.feedback(wl_surface#68, new id wp_presentation_feedback#86)
[00:04:16.659234]  -> wl_surface#68.commit()
[00:04:16.659680] {Display Queue} wl_display#1.delete_id(96)
[00:04:16.659682] {Display Queue} wl_display#1.delete_id(101)
[00:04:16.659682] {Display Queue} wl_display#1.delete_id(97)
[00:04:16.659683] {Display Queue} wl_display#1.delete_id(102)
[00:04:16.659684] {Default Queue} wl_callback#96.done(40179774)
[00:04:16.659688] {Default Queue} wl_callback#101.done(40179774)
[00:04:16.659690] {Default Queue} wp_presentation_feedback#97.sync_output(wl_output#61)
[00:04:16.659691] {Default Queue} wp_presentation_feedback#97.sync_output(wl_output#31)
[00:04:16.659692] {Default Queue} wp_presentation_feedback#97.presented(0, 40179, 774569894, 0, 0, 0, 0)
[00:04:16.659695] {Default Queue} wp_presentation_feedback#102.sync_output(wl_output#61)
[00:04:16.659696] {Default Queue} wp_presentation_feedback#102.sync_output(wl_output#31)
[00:04:16.659697] {Default Queue} wp_presentation_feedback#102.presented(0, 40179, 774569894, 0, 0, 0, 0)
[00:04:16.659803] {Default Queue}  -> wl_shm#5.create_pool(new id wl_shm_pool#102, fd 18, 3686400)
[00:04:16.659807] {Default Queue}  -> wl_shm_pool#102.create_buffer(new id wl_buffer#97, 0, 1280, 720, 5120, 0)
[00:04:16.662846] {Default Queue}  -> wl_compositor#4.create_region(new id wl_region#101)
[00:04:16.662852]  -> wl_surface#67.set_input_region(wl_region#101)
[00:04:16.662854] {Default Queue}  -> wl_region#101.destroy()
[00:04:16.662856] {Default Queue}  -> wp_viewport#75.set_destination(853, 480)
[00:04:16.662857]  -> wl_surface#67.attach(wl_buffer#97, 0, 0)
[00:04:16.662859]  -> wl_surface#67.damage_buffer(0, 0, 1280, 720)
[00:04:16.662860]  -> wl_surface#67.frame(new id wl_callback#96)
[00:04:16.662862] {Default Queue}  -> wp_presentation#20.feedback(wl_surface#67, new id wp_presentation_feedback#85)
[00:04:16.662865]  -> wl_surface#67.commit()
[00:04:16.663225] {Default Queue}  -> wl_shm#5.create_pool(new id wl_shm_pool#83, fd 19, 783360)
[00:04:16.663230] {Default Queue}  -> wl_shm_pool#83.create_buffer(new id wl_buffer#103, 0, 1280, 153, 5120, 0)
[00:04:16.663868] {Default Queue}  -> wl_compositor#4.create_region(new id wl_region#104)
[00:04:16.663871] {Default Queue}  -> wl_region#104.add(19, 4, 218, 1)
[00:04:16.663872] {Default Queue}  -> wl_region#104.add(309, 4, 126, 1)
[00:04:16.663873] {Default Queue}  -> wl_region#104.add(465, 4, 369, 1)
[00:04:16.663874] {Default Queue}  -> wl_region#104.add(17, 5, 222, 1)
[00:04:16.663875] {Default Queue}  -> wl_region#104.add(307, 5, 130, 1)
[00:04:16.663875] {Default Queue}  -> wl_region#104.add(463, 5, 373, 1)
[00:04:16.663876] {Default Queue}  -> wl_region#104.add(16, 6, 224, 1)
[00:04:16.663877] {Default Queue}  -> wl_region#104.add(306, 6, 132, 1)
[00:04:16.663877] {Default Queue}  -> wl_region#104.add(462, 6, 375, 1)
[00:04:16.663878] {Default Queue}  -> wl_region#104.add(15, 7, 226, 1)
[00:04:16.663879] {Default Queue}  -> wl_region#104.add(305, 7, 134, 1)
[00:04:16.663879] {Default Queue}  -> wl_region#104.add(461, 7, 377, 1)
[00:04:16.663880] {Default Queue}  -> wl_region#104.add(14, 8, 228, 1)
[00:04:16.663880] {Default Queue}  -> wl_region#104.add(304, 8, 136, 1)
[00:04:16.663881] {Default Queue}  -> wl_region#104.add(460, 8, 379, 1)
[00:04:16.663882] {Default Queue}  -> wl_region#104.add(13, 9, 230, 1)
[00:04:16.663882] {Default Queue}  -> wl_region#104.add(303, 9, 138, 1)
[00:04:16.663883] {Default Queue}  -> wl_region#104.add(459, 9, 381, 1)
[00:04:16.663884] {Default Queue}  -> wl_region#104.add(12, 10, 232, 2)
[00:04:16.663884] {Default Queue}  -> wl_region#104.add(302, 10, 140, 2)
[00:04:16.663885] {Default Queue}  -> wl_region#104.add(458, 10, 383, 2)
[00:04:16.663885] {Default Queue}  -> wl_region#104.add(11, 12, 234, 5)
[00:04:16.663886] {Default Queue}  -> wl_region#104.add(301, 12, 142, 5)
[00:04:16.663887] {Default Queue}  -> wl_region#104.add(457, 12, 385, 5)
[00:04:16.663887] {Default Queue}  -> wl_region#104.add(10, 17, 236, 68)
[00:04:16.663888] {Default Queue}  -> wl_region#104.add(300, 17, 144, 68)
[00:04:16.663889] {Default Queue}  -> wl_region#104.add(456, 17, 387, 68)
[00:04:16.663889] {Default Queue}  -> wl_region#104.add(11, 85, 234, 5)
[00:04:16.663890] {Default Queue}  -> wl_region#104.add(301, 85, 142, 5)
[00:04:16.663891] {Default Queue}  -> wl_region#104.add(457, 85, 385, 5)
[00:04:16.663891] {Default Queue}  -> wl_region#104.add(12, 90, 232, 2)
[00:04:16.663892] {Default Queue}  -> wl_region#104.add(302, 90, 140, 2)
[00:04:16.663892] {Default Queue}  -> wl_region#104.add(458, 90, 383, 2)
[00:04:16.663893] {Default Queue}  -> wl_region#104.add(13, 92, 230, 1)
[00:04:16.663894] {Default Queue}  -> wl_region#104.add(303, 92, 138, 1)
[00:04:16.663894] {Default Queue}  -> wl_region#104.add(459, 92, 381, 1)
[00:04:16.663895] {Default Queue}  -> wl_region#104.add(14, 93, 228, 1)
[00:04:16.663895] {Default Queue}  -> wl_region#104.add(304, 93, 136, 1)
[00:04:16.663896] {Default Queue}  -> wl_region#104.add(460, 93, 379, 1)
[00:04:16.663897] {Default Queue}  -> wl_region#104.add(15, 94, 226, 1)
[00:04:16.663897] {Default Queue}  -> wl_region#104.add(305, 94, 134, 1)
[00:04:16.663898] {Default Queue}  -> wl_region#104.add(461, 94, 377, 1)
[00:04:16.663899] {Default Queue}  -> wl_region#104.add(16, 95, 224, 1)
[00:04:16.663899] {Default Queue}  -> wl_region#104.add(306, 95, 132, 1)
[00:04:16.663900] {Default Queue}  -> wl_region#104.add(462, 95, 375, 1)
[00:04:16.663900] {Default Queue}  -> wl_region#104.add(17, 96, 222, 1)
[00:04:16.663901] {Default Queue}  -> wl_region#104.add(307, 96, 130, 1)
[00:04:16.663902] {Default Queue}  -> wl_region#104.add(463, 96, 373, 1)
[00:04:16.663902] {Default Queue}  -> wl_region#104.add(19, 97, 218, 1)
[00:04:16.663903] {Default Queue}  -> wl_region#104.add(309, 97, 126, 1)
[00:04:16.663903] {Default Queue}  -> wl_region#104.add(465, 97, 369, 1)
[00:04:16.663904]  -> wl_surface#73.set_input_region(wl_region#104)
[00:04:16.663905] {Default Queue}  -> wl_region#104.destroy()
[00:04:16.663906] {Default Queue}  -> wp_viewport#80.set_destination(853, 102)
[00:04:16.663907]  -> wl_surface#73.attach(wl_buffer#103, 0, 0)
[00:04:16.663908]  -> wl_surface#73.damage_buffer(0, 0, 1280, 153)
[00:04:16.663909]  -> wl_surface#73.frame(new id wl_callback#105)
[00:04:16.663910] {Default Queue}  -> wp_presentation#20.feedback(wl_surface#73, new id wp_presentation_feedback#106)
[00:04:16.663911]  -> wl_surface#73.commit()
[00:04:16.663947] {Display Queue} wl_display#1.delete_id(91)
[00:04:16.663949] {Default Queue} wl_buffer#89.release()
[00:04:16.664173] {Display Queue} wl_display#1.delete_id(101)
[00:04:16.664178] {Display Queue} wl_display#1.delete_id(104)
[00:04:16.664179] {Default Queue} wl_buffer#94.release()
[00:04:16.664182] {Default Queue}  -> wl_buffer#94.destroy()
[00:04:16.664183] {Default Queue}  -> wl_shm_pool#93.destroy()
[00:04:16.664234] {Default Queue} wl_buffer#99.release()
[00:04:16.664235] {Default Queue}  -> wl_buffer#99.destroy()
[00:04:16.664236] {Default Queue}  -> wl_shm_pool#98.destroy()
[00:04:16.664245] {Default Queue} zwlr_layer_surface_v1#82.configure(22, 853, 102)
[00:04:16.664252] {Default Queue}  -> zwlr_layer_surface_v1#82.ack_configure(22)
[00:04:16.664254] {Default Queue} zwlr_layer_surface_v1#77.configure(23, 853, 480)
[00:04:16.664255] {Default Queue}  -> zwlr_layer_surface_v1#77.ack_configure(23)
[00:04:16.675611] {Display Queue} wl_display#1.delete_id(94)
[00:04:16.675617] {Display Queue} wl_display#1.delete_id(93)
[00:04:16.675618] {Display Queue} wl_display#1.delete_id(99)
[00:04:16.675619] {Display Queue} wl_display#1.delete_id(98)
[00:04:16.675620] {Display Queue} wl_display#1.delete_id(95)
[00:04:16.675620] {Display Queue} wl_display#1.delete_id(86)
[00:04:16.675621] {Default Queue} wl_callback#95.done(40179790)
[00:04:16.675627] {Default Queue} wp_presentation_feedback#86.sync_output(wl_output#60)
[00:04:16.675628] {Default Queue} wp_presentation_feedback#86.sync_output(wl_output#28)
[00:04:16.675628] {Default Queue} wp_presentation_feedback#86.presented(0, 40179, 790496459, 0, 0, 0, 0)
[00:04:16.676865] {Display Queue} wl_display#1.delete_id(96)
[00:04:16.676866] {Display Queue} wl_display#1.delete_id(105)
[00:04:16.676867] {Display Queue} wl_display#1.delete_id(85)
[00:04:16.676867] {Display Queue} wl_display#1.delete_id(106)
[00:04:16.676868] {Default Queue} wl_callback#96.done(40179791)
[00:04:16.676870] {Default Queue} wl_callback#105.done(40179791)
[00:04:16.676872] {Default Queue} wp_presentation_feedback#85.sync_output(wl_output#61)
[00:04:16.676873] {Default Queue} wp_presentation_feedback#85.sync_output(wl_output#31)
[00:04:16.676873] {Default Queue} wp_presentation_feedback#85.presented(0, 40179, 791758090, 0, 0, 0, 0)
[00:04:16.676875] {Default Queue} wp_presentation_feedback#106.sync_output(wl_output#61)
[00:04:16.676875] {Default Queue} wp_presentation_feedback#106.sync_output(wl_output#31)
[00:04:16.676876] {Default Queue} wp_presentation_feedback#106.presented(0, 40179, 791758090, 0, 0, 0, 0)
[00:04:16.676897]  -> wl_surface#67.commit()
[00:04:16.676906]  -> wl_surface#73.commit()
info: event=preferences-applied revision=0 mode=static cache=false
[00:04:16.805801] {Default Queue}  -> zwlr_layer_surface_v1#82.set_exclusive_zone(48)
[00:04:16.821527]  -> wl_surface#68.attach(wl_buffer#89, 0, 0)
[00:04:16.821538]  -> wl_surface#68.damage_buffer(0, 0, 1280, 48)
[00:04:16.821540]  -> wl_surface#68.frame(new id wl_callback#106)
[00:04:16.821544] {Default Queue}  -> wp_presentation#20.feedback(wl_surface#68, new id wp_presentation_feedback#85)
[00:04:16.821547]  -> wl_surface#68.commit()
[00:04:16.822921] {Default Queue}  -> wl_shm#5.create_pool(new id wl_shm_pool#105, fd 18, 783360)
[00:04:16.822932] {Default Queue}  -> wl_shm_pool#105.create_buffer(new id wl_buffer#96, 0, 1280, 153, 5120, 0)
[00:04:16.823392]  -> wl_surface#73.attach(wl_buffer#96, 0, 0)
[00:04:16.823396]  -> wl_surface#73.damage_buffer(0, 0, 1280, 153)
[00:04:16.823399]  -> wl_surface#73.frame(new id wl_callback#86)
[00:04:16.823401] {Default Queue}  -> wp_presentation#20.feedback(wl_surface#73, new id wp_presentation_feedback#95)
[00:04:16.823403]  -> wl_surface#73.commit()
[00:04:16.824052] {Default Queue}  -> zwlr_layer_surface_v1#82.set_exclusive_zone(102)
[00:04:16.824092] {Display Queue} wl_display#1.delete_id(106)
[00:04:16.824094] {Display Queue} wl_display#1.delete_id(85)
[00:04:16.824095] {Default Queue} wl_buffer#90.release()
[00:04:16.824096] {Default Queue} wl_callback#106.done(40179937)
[00:04:16.824102] {Default Queue} wp_presentation_feedback#85.sync_output(wl_output#60)
[00:04:16.824103] {Default Queue} wp_presentation_feedback#85.sync_output(wl_output#28)
[00:04:16.824104] {Default Queue} wp_presentation_feedback#85.presented(0, 40179, 937172027, 0, 0, 0, 0)
[00:04:16.824496] {Display Queue} wl_display#1.delete_id(86)
[00:04:16.824498] {Display Queue} wl_display#1.delete_id(95)
[00:04:16.824499] {Default Queue} wl_buffer#103.release()
[00:04:16.824500] {Default Queue} zwlr_layer_surface_v1#82.configure(25, 853, 102)
[00:04:16.824502] {Default Queue}  -> zwlr_layer_surface_v1#82.ack_configure(25)
[00:04:16.824503] {Default Queue} zwlr_layer_surface_v1#77.configure(26, 853, 480)
[00:04:16.824505] {Default Queue}  -> zwlr_layer_surface_v1#77.ack_configure(26)
[00:04:16.824506] {Default Queue} wl_callback#86.done(40179939)
[00:04:16.824508] {Default Queue} wp_presentation_feedback#95.sync_output(wl_output#61)
[00:04:16.824509] {Default Queue} wp_presentation_feedback#95.sync_output(wl_output#31)
[00:04:16.824509] {Default Queue} wp_presentation_feedback#95.presented(0, 40179, 939328646, 0, 0, 0, 0)
[00:04:16.824665]  -> wl_surface#73.commit()
[00:04:16.824753] {Default Queue} zwlr_layer_surface_v1#82.configure(27, 853, 102)
[00:04:16.824755] {Default Queue}  -> zwlr_layer_surface_v1#82.ack_configure(27)
[00:04:16.824756] {Default Queue} zwlr_layer_surface_v1#77.configure(28, 853, 480)
[00:04:16.824757] {Default Queue}  -> zwlr_layer_surface_v1#77.ack_configure(28)
[00:04:16.837609]  -> wl_surface#67.commit()
[00:04:16.841733]  -> wl_surface#73.commit()
[00:04:17.000498] {Default Queue} zwlr_layer_surface_v1#72.configure(29, 1280, 48)
[00:04:17.000526] {Default Queue}  -> zwlr_layer_surface_v1#72.ack_configure(29)
[00:04:17.000528] {Default Queue} zwlr_layer_surface_v1#66.configure(30, 1280, 720)
[00:04:17.000533] {Default Queue}  -> zwlr_layer_surface_v1#66.ack_configure(30)
[00:04:17.000559]  -> wl_surface#68.commit()
[00:04:17.000591]  -> wl_surface#62.commit()
[00:04:17.007970] {Default Queue} zwlr_layer_surface_v1#72.configure(32, 1280, 48)
[00:04:17.007988] {Default Queue}  -> zwlr_layer_surface_v1#72.ack_configure(32)
[00:04:17.007990] {Default Queue} zwlr_layer_surface_v1#66.configure(34, 1280, 720)
[00:04:17.007992] {Default Queue}  -> zwlr_layer_surface_v1#66.ack_configure(34)
[00:04:17.010660] {Default Queue} zwlr_layer_surface_v1#82.configure(36, 853, 102)
[00:04:17.010674] {Default Queue}  -> zwlr_layer_surface_v1#82.ack_configure(36)
[00:04:17.010676] {Default Queue} zwlr_layer_surface_v1#77.configure(37, 853, 480)
[00:04:17.010678] {Default Queue}  -> zwlr_layer_surface_v1#77.ack_configure(37)
[00:04:17.010699]  -> wl_surface#73.commit()
[00:04:17.010730]  -> wl_surface#67.commit()
[00:04:17.012041] {Default Queue} zwlr_layer_surface_v1#82.configure(39, 853, 102)
[00:04:17.012049] {Default Queue}  -> zwlr_layer_surface_v1#82.ack_configure(39)
[00:04:17.012051] {Default Queue} zwlr_layer_surface_v1#77.configure(41, 853, 480)
[00:04:17.012053] {Default Queue}  -> zwlr_layer_surface_v1#77.ack_configure(41)
[00:04:17.021065]  -> wl_surface#62.commit()
[00:04:17.021086]  -> wl_surface#67.commit()
[00:04:17.021822] {Default Queue}  -> zwlr_layer_surface_v1#72.set_anchor(12)
[00:04:17.021834] {Default Queue}  -> zwlr_layer_surface_v1#72.set_anchor(14)
[00:04:17.021853] {Default Queue}  -> zwlr_layer_surface_v1#72.set_exclusive_zone(64)
[00:04:17.023242] {Default Queue}  -> wl_compositor#4.create_surface(new id wl_surface#95)
[00:04:17.023246] {Default Queue}  -> wp_fractional_scale_manager_v1#11.get_fractional_scale(new id wp_fractional_scale_v1#86, wl_surface#95)
[00:04:17.023248] {Default Queue}  -> wp_viewporter#10.get_viewport(new id wp_viewport#85, wl_surface#95)
[00:04:17.023274] {Default Queue}  -> xdg_toplevel_icon_manager_v1#9.create_icon(new id xdg_toplevel_icon_v1#106)
[00:04:17.023290] {Default Queue}  -> zwlr_layer_shell_v1#46.get_layer_surface(new id zwlr_layer_surface_v1#98, wl_surface#95, wl_output#28, 2, "pearl:frame-exclusion")
[00:04:17.023292] {Default Queue}  -> zwlr_layer_surface_v1#98.set_keyboard_interactivity(0)
[00:04:17.023293] {Default Queue}  -> zwlr_layer_surface_v1#98.set_exclusive_zone(8)
[00:04:17.023294] {Default Queue}  -> zwlr_layer_surface_v1#98.set_anchor(13)
[00:04:17.023294] {Default Queue}  -> zwlr_layer_surface_v1#98.set_margin(0, 0, 0, 0)
[00:04:17.023295] {Default Queue}  -> zwlr_layer_surface_v1#98.set_size(0, 200)
[00:04:17.023300]  -> wl_surface#95.commit()
[00:04:17.023324] {Default Queue}  -> xdg_activation_v1#15.get_activation_token(new id xdg_activation_token_v1#99)
[00:04:17.023327]  -> xdg_activation_token_v1#99.set_serial(0, wl_seat#3)
[00:04:17.023329]  -> xdg_activation_token_v1#99.commit()
[00:04:17.023447] xdg_activation_token_v1#99.done("e621b9680fae0f2e55db162fe56adf89")
[00:04:17.023449]  -> xdg_activation_token_v1#99.destroy()
[00:04:17.023450] {Default Queue}  -> xdg_activation_v1#15.activate("e621b9680fae0f2e55db162fe56adf89", wl_surface#95)
[00:04:17.023460] {Default Queue} zwlr_layer_surface_v1#72.configure(43, 1280, 48)
[00:04:17.023463] {Default Queue}  -> zwlr_layer_surface_v1#72.ack_configure(43)
[00:04:17.023464] {Default Queue} zwlr_layer_surface_v1#98.configure(44, 1280, 200)
[00:04:17.023473] {Default Queue}  -> zwlr_layer_surface_v1#98.ack_configure(44)
[00:04:17.023474] {Default Queue} zwlr_layer_surface_v1#66.configure(45, 1280, 720)
[00:04:17.023476] {Default Queue}  -> zwlr_layer_surface_v1#66.ack_configure(45)
[00:04:17.023561] {Default Queue}  -> wl_shm#5.create_pool(new id wl_shm_pool#93, fd 18, 40960)
[00:04:17.023566] {Default Queue}  -> wl_shm_pool#93.create_buffer(new id wl_buffer#94, 0, 1280, 8, 5120, 0)
[00:04:17.023632] {Default Queue}  -> zwlr_layer_surface_v1#98.set_size(0, 8)
[00:04:17.023633] {Default Queue}  -> wp_viewport#85.set_destination(1280, 8)
[00:04:17.023634]  -> wl_surface#95.attach(wl_buffer#94, 0, 0)
[00:04:17.023636]  -> wl_surface#95.damage_buffer(0, 0, 1280, 8)
[00:04:17.023637]  -> wl_surface#95.frame(new id wl_callback#104)
[00:04:17.023639] {Default Queue}  -> wp_presentation#20.feedback(wl_surface#95, new id wp_presentation_feedback#101)
[00:04:17.023640]  -> wl_surface#95.commit()
[00:04:17.023732] {Display Queue} wl_display#1.delete_id(99)
[00:04:17.023733] {Default Queue} zwlr_layer_surface_v1#72.configure(46, 1280, 48)
[00:04:17.023735] {Default Queue}  -> zwlr_layer_surface_v1#72.ack_configure(46)
[00:04:17.023735] {Default Queue} zwlr_layer_surface_v1#98.configure(47, 1280, 8)
[00:04:17.023737] {Default Queue}  -> zwlr_layer_surface_v1#98.ack_configure(47)
[00:04:17.023737] {Default Queue} zwlr_layer_surface_v1#66.configure(48, 1280, 720)
[00:04:17.023738] {Default Queue}  -> zwlr_layer_surface_v1#66.ack_configure(48)
[00:04:17.023738] {Default Queue} wp_fractional_scale_v1#86.preferred_scale(120)
[00:04:17.023739] {Default Queue} zwlr_layer_surface_v1#72.configure(49, 1280, 48)
[00:04:17.023740] {Default Queue}  -> zwlr_layer_surface_v1#72.ack_configure(49)
[00:04:17.023740] {Default Queue} zwlr_layer_surface_v1#98.configure(50, 1280, 8)
[00:04:17.023741] {Default Queue}  -> zwlr_layer_surface_v1#98.ack_configure(50)
[00:04:17.023742] {Default Queue} zwlr_layer_surface_v1#66.configure(51, 1280, 720)
[00:04:17.023743] {Default Queue}  -> zwlr_layer_surface_v1#66.ack_configure(51)
[00:04:17.023743] wl_surface#95.enter(wl_output#60)
[00:04:17.023745] wl_surface#95.enter(wl_output#28)
[00:04:17.023749] wl_surface#95.preferred_buffer_scale(1)
[00:04:17.024046] {Default Queue}  -> wl_buffer#90.destroy()
[00:04:17.024047] {Default Queue}  -> wl_shm_pool#92.destroy()
[00:04:17.024242] {Default Queue}  -> wl_shm#5.create_pool(new id wl_shm_pool#99, fd 18, 327680)
[00:04:17.024245] {Default Queue}  -> wl_shm_pool#99.create_buffer(new id wl_buffer#91, 0, 1280, 64, 5120, 0)
[00:04:17.024530] {Default Queue}  -> zwlr_layer_surface_v1#72.set_size(0, 64)
[00:04:17.024533] {Default Queue}  -> wl_compositor#4.create_region(new id wl_region#107)
[00:04:17.024534] {Default Queue}  -> wl_region#107.add(18, 4, 527, 56)
[00:04:17.024535]  -> wl_surface#68.set_opaque_region(wl_region#107)
[00:04:17.024536] {Default Queue}  -> wl_region#107.destroy()
[00:04:17.024537] {Default Queue}  -> wp_viewport#70.set_destination(1280, 64)
[00:04:17.024538]  -> wl_surface#68.attach(wl_buffer#91, 0, 0)
[00:04:17.024539]  -> wl_surface#68.damage_buffer(0, 0, 1280, 64)
[00:04:17.024540]  -> wl_surface#68.frame(new id wl_callback#108)
[00:04:17.024541] {Default Queue}  -> wp_presentation#20.feedback(wl_surface#68, new id wp_presentation_feedback#109)
[00:04:17.024542]  -> wl_surface#68.commit()
[00:04:17.024708] {Display Queue} wl_display#1.delete_id(90)
[00:04:17.024710] {Display Queue} wl_display#1.delete_id(92)
[00:04:17.024711] {Display Queue} wl_display#1.delete_id(107)
[00:04:17.024711] {Default Queue} wl_buffer#89.release()
[00:04:17.024713] {Default Queue}  -> wl_buffer#89.destroy()
[00:04:17.024714] {Default Queue}  -> wl_shm_pool#88.destroy()
[00:04:17.024724] {Default Queue} zwlr_layer_surface_v1#72.configure(52, 1280, 64)
[00:04:17.024727] {Default Queue}  -> zwlr_layer_surface_v1#72.ack_configure(52)
[00:04:17.024728] {Default Queue} zwlr_layer_surface_v1#98.configure(53, 1280, 8)
[00:04:17.024729] {Default Queue}  -> zwlr_layer_surface_v1#98.ack_configure(53)
[00:04:17.024729] {Default Queue} zwlr_layer_surface_v1#66.configure(54, 1280, 720)
[00:04:17.024730] {Default Queue}  -> zwlr_layer_surface_v1#66.ack_configure(54)
[00:04:17.025121]  -> wl_surface#73.commit()
[00:04:17.028476] {Default Queue}  -> wl_compositor#4.create_surface(new id wl_surface#107)
[00:04:17.028479] {Default Queue}  -> wp_fractional_scale_manager_v1#11.get_fractional_scale(new id wp_fractional_scale_v1#92, wl_surface#107)
[00:04:17.028481] {Default Queue}  -> wp_viewporter#10.get_viewport(new id wp_viewport#90, wl_surface#107)
[00:04:17.028495] {Default Queue}  -> xdg_toplevel_icon_manager_v1#9.create_icon(new id xdg_toplevel_icon_v1#110)
[00:04:17.028502] {Default Queue}  -> zwlr_layer_shell_v1#46.get_layer_surface(new id zwlr_layer_surface_v1#111, wl_surface#107, wl_output#28, 3, "pearl:popup")
[00:04:17.028504] {Default Queue}  -> zwlr_layer_surface_v1#111.set_keyboard_interactivity(1)
[00:04:17.028505] {Default Queue}  -> zwlr_layer_surface_v1#111.set_exclusive_zone(0)
[00:04:17.028505] {Default Queue}  -> zwlr_layer_surface_v1#111.set_anchor(15)
[00:04:17.028506] {Default Queue}  -> zwlr_layer_surface_v1#111.set_margin(0, 0, 0, 0)
[00:04:17.028507] {Default Queue}  -> zwlr_layer_surface_v1#111.set_size(0, 0)
[00:04:17.028510]  -> wl_surface#107.commit()
[00:04:17.028594] {Default Queue}  -> wl_display#1.get_registry(new id wl_registry#112)
[00:04:17.028602] {Default Queue}  -> xdg_activation_v1#15.get_activation_token(new id xdg_activation_token_v1#113)
[00:04:17.028604]  -> xdg_activation_token_v1#113.set_serial(0, wl_seat#3)
[00:04:17.028605]  -> xdg_activation_token_v1#113.commit()
[00:04:17.028651] {Display Queue} wl_display#1.delete_id(89)
[00:04:17.028653] {Display Queue} wl_display#1.delete_id(88)
[00:04:17.028671] xdg_activation_token_v1#113.done("9c3395c58a863cad2d6814169cc00cd9")
[00:04:17.028672]  -> xdg_activation_token_v1#113.destroy()
[00:04:17.028673] {Default Queue}  -> xdg_activation_v1#15.activate("9c3395c58a863cad2d6814169cc00cd9", wl_surface#107)
info: event=popup-opened output=1
[00:04:17.028688] {Default Queue} zwlr_layer_surface_v1#72.configure(55, 1280, 64)
[00:04:17.028691] {Default Queue}  -> zwlr_layer_surface_v1#72.ack_configure(55)
[00:04:17.028692] {Default Queue} zwlr_layer_surface_v1#98.configure(56, 1280, 8)
[00:04:17.028693] {Default Queue}  -> zwlr_layer_surface_v1#98.ack_configure(56)
[00:04:17.028693] {Default Queue} zwlr_layer_surface_v1#66.configure(57, 1280, 720)
[00:04:17.028694] {Default Queue}  -> zwlr_layer_surface_v1#66.ack_configure(57)
[00:04:17.028695] {Default Queue} zwlr_layer_surface_v1#111.configure(58, 1280, 648)
[00:04:17.028698] {Default Queue}  -> zwlr_layer_surface_v1#111.ack_configure(58)
[00:04:17.028698] {Default Queue} wl_registry#112.global(1, "wl_compositor", 6)
[00:04:17.028699] {Default Queue} wl_registry#112.global(2, "wl_fixes", 1)
[00:04:17.028700] {Default Queue} wl_registry#112.global(3, "wp_security_context_manager_v1", 1)
[00:04:17.028701] {Default Queue} wl_registry#112.global(4, "wl_shm", 2)
[00:04:17.028701] {Default Queue} wl_registry#112.global(5, "wp_single_pixel_buffer_manager_v1", 1)
[00:04:17.028702] {Default Queue} wl_registry#112.global(6, "wp_alpha_modifier_v1", 1)
[00:04:17.028703] {Default Queue} wl_registry#112.global(7, "wp_color_representation_manager_v1", 1)
[00:04:17.028703] {Default Queue} wl_registry#112.global(8, "wp_content_type_manager_v1", 1)
[00:04:17.028704] {Default Queue} wl_registry#112.global(9, "wp_fifo_manager_v1", 1)
[00:04:17.028704] {Default Queue} wl_registry#112.global(10, "wp_commit_timing_manager_v1", 1)
[00:04:17.028705] {Default Queue} wl_registry#112.global(11, "xdg_wm_dialog_v1", 1)
[00:04:17.028706] {Default Queue} wl_registry#112.global(12, "xdg_toplevel_drag_manager_v1", 1)
[00:04:17.028707] {Default Queue} wl_registry#112.global(13, "xdg_toplevel_icon_manager_v1", 1)
[00:04:17.028708] {Default Queue} wl_registry#112.global(14, "xdg_toplevel_tag_manager_v1", 1)
[00:04:17.028709] {Default Queue} wl_registry#112.global(15, "wp_viewporter", 1)
[00:04:17.028709] {Default Queue} wl_registry#112.global(16, "wp_fractional_scale_manager_v1", 1)
[00:04:17.028710] {Default Queue} wl_registry#112.global(17, "wl_subcompositor", 1)
[00:04:17.028710] {Default Queue} wl_registry#112.global(18, "wp_cursor_shape_manager_v1", 2)
[00:04:17.028711] {Default Queue} wl_registry#112.global(19, "xdg_wm_base", 7)
[00:04:17.028712] {Default Queue} wl_registry#112.global(20, "zxdg_decoration_manager_v1", 1)
[00:04:17.028712] {Default Queue} wl_registry#112.global(21, "org_kde_kwin_server_decoration_manager", 1)
[00:04:17.028713] {Default Queue} wl_registry#112.global(22, "xdg_activation_v1", 1)
[00:04:17.028714] {Default Queue} wl_registry#112.global(23, "zxdg_exporter_v2", 1)
[00:04:17.028714] {Default Queue} wl_registry#112.global(24, "zxdg_importer_v2", 1)
[00:04:17.028715] {Default Queue} wl_registry#112.global(25, "wl_data_device_manager", 3)
[00:04:17.028715] {Default Queue} wl_registry#112.global(26, "zwp_primary_selection_device_manager_v1", 1)
[00:04:17.028716] {Default Queue} wl_registry#112.global(27, "ext_data_control_manager_v1", 1)
[00:04:17.028716] {Default Queue} wl_registry#112.global(28, "zwlr_data_control_manager_v1", 2)
[00:04:17.028717] {Default Queue} wl_registry#112.global(29, "zwlr_export_dmabuf_manager_v1", 1)
[00:04:17.028718] {Default Queue} wl_registry#112.global(30, "zwlr_screencopy_manager_v1", 3)
[00:04:17.028718] {Default Queue} wl_registry#112.global(31, "ext_image_copy_capture_manager_v1", 1)
[00:04:17.028719] {Default Queue} wl_registry#112.global(32, "aqueous_capture_color_manager_v1", 1)
[00:04:17.028720] {Default Queue} wl_registry#112.global(33, "ext_output_image_capture_source_manager_v1", 1)
[00:04:17.028720] {Default Queue} wl_registry#112.global(34, "zwlr_foreign_toplevel_manager_v1", 3)
[00:04:17.028721] {Default Queue} wl_registry#112.global(35, "ext_foreign_toplevel_list_v1", 1)
[00:04:17.028722] {Default Queue} wl_registry#112.global(36, "ext_foreign_toplevel_image_capture_source_manager_v1", 1)
[00:04:17.028722] {Default Queue} wl_registry#112.global(37, "wp_tearing_control_manager_v1", 1)
[00:04:17.028723] {Default Queue} wl_registry#112.global(38, "aqueous_window_manager_v1", 10)
[00:04:17.028723] {Default Queue} wl_registry#112.global(39, "ext_workspace_manager_v1", 1)
[00:04:17.028724] {Default Queue} wl_registry#112.global(40, "aqueous_window_info_manager_v1", 8)
[00:04:17.028725] {Default Queue} wl_registry#112.global(41, "aqueous_xkb_bindings_v1", 3)
[00:04:17.028725] {Default Queue} wl_registry#112.global(42, "aqueous_layer_shell_v1", 1)
[00:04:17.028726] {Default Queue} wl_registry#112.global(43, "zwlr_layer_shell_v1", 4)
[00:04:17.028726] {Default Queue} wl_registry#112.global(44, "zwlr_gamma_control_manager_v1", 1)
[00:04:17.028727] {Default Queue} wl_registry#112.global(45, "wp_presentation", 2)
[00:04:17.028728] {Default Queue} wl_registry#112.global(46, "zxdg_output_manager_v1", 3)
[00:04:17.028728] {Default Queue} wl_registry#112.global(47, "zwlr_output_manager_v1", 4)
[00:04:17.028729] {Default Queue} wl_registry#112.global(48, "zwlr_output_power_manager_v1", 1)
[00:04:17.028729] {Default Queue} wl_registry#112.global(49, "aqueous_input_manager_v1", 2)
[00:04:17.028730] {Default Queue} wl_registry#112.global(50, "ext_idle_notifier_v1", 2)
[00:04:17.028731] {Default Queue} wl_registry#112.global(51, "zwp_relative_pointer_manager_v1", 1)
[00:04:17.028731] {Default Queue} wl_registry#112.global(52, "zwp_pointer_gestures_v1", 3)
[00:04:17.028732] {Default Queue} wl_registry#112.global(53, "zwlr_virtual_pointer_manager_v1", 2)
[00:04:17.028732] {Default Queue} wl_registry#112.global(54, "zwp_virtual_keyboard_manager_v1", 1)
[00:04:17.028733] {Default Queue} wl_registry#112.global(55, "zwp_pointer_constraints_v1", 1)
[00:04:17.028734] {Default Queue} wl_registry#112.global(56, "zwp_input_method_manager_v2", 1)
[00:04:17.028734] {Default Queue} wl_registry#112.global(57, "zwp_text_input_manager_v3", 1)
[00:04:17.028735] {Default Queue}  -> wl_registry#112.bind(57, "zwp_text_input_manager_v3", 1, new id [unknown]#88)
[00:04:17.028736] {Default Queue}  -> zwp_text_input_manager_v3#88.get_text_input(new id zwp_text_input_v3#89, wl_seat#3)
[00:04:17.028738] {Default Queue} wl_registry#112.global(58, "zwp_tablet_manager_v2", 1)
[00:04:17.028738] {Default Queue} wl_registry#112.global(59, "wp_pointer_warp_v1", 1)
[00:04:17.028739] {Default Queue} wl_registry#112.global(60, "wl_seat", 9)
[00:04:17.028740] {Default Queue} wl_registry#112.global(61, "aqueous_libinput_config_v1", 2)
[00:04:17.028740] {Default Queue} wl_registry#112.global(62, "aqueous_xkb_config_v1", 2)
[00:04:17.028741] {Default Queue} wl_registry#112.global(63, "zwp_idle_inhibit_manager_v1", 1)
[00:04:17.028741] {Default Queue} wl_registry#112.global(64, "ext_session_lock_manager_v1", 1)
[00:04:17.028742] {Default Queue} wl_registry#112.global(65, "aqueous_shell_manager_v1", 2)
[00:04:17.028743] {Default Queue} wl_registry#112.global(66, "zwp_keyboard_shortcuts_inhibit_manager_v1", 1)
[00:04:17.028743] {Default Queue} wl_registry#112.global(67, "xdg_system_bell_v1", 1)
[00:04:17.028744] {Default Queue} wl_registry#112.global(68, "wl_output", 4)
[00:04:17.028745] {Default Queue} wl_registry#112.global(69, "wl_output", 4)
[00:04:17.031438] {Default Queue}  -> wl_shm#5.create_pool(new id wl_shm_pool#114, fd 18, 3317760)
[00:04:17.031443] {Default Queue}  -> wl_shm_pool#114.create_buffer(new id wl_buffer#115, 0, 1280, 648, 5120, 0)
[00:04:17.032852] {Default Queue}  -> wl_compositor#4.create_region(new id wl_region#116)
[00:04:17.032855] {Default Queue}  -> wl_region#116.add(344, 24, 592, 600)
[00:04:17.032856]  -> wl_surface#107.set_opaque_region(wl_region#116)
[00:04:17.032857] {Default Queue}  -> wl_region#116.destroy()
[00:04:17.032858] {Default Queue}  -> wp_viewport#90.set_destination(1280, 648)
[00:04:17.032859]  -> wl_surface#107.attach(wl_buffer#115, 0, 0)
[00:04:17.032861]  -> wl_surface#107.damage_buffer(0, 0, 1280, 648)
[00:04:17.032862]  -> wl_surface#107.frame(new id wl_callback#117)
[00:04:17.032863] {Default Queue}  -> wp_presentation#20.feedback(wl_surface#107, new id wp_presentation_feedback#118)
[00:04:17.032864]  -> wl_surface#107.commit()
[00:04:17.032884] {Display Queue} wl_display#1.delete_id(113)
[00:04:17.032886] {Display Queue} wl_display#1.delete_id(108)
[00:04:17.032886] {Display Queue} wl_display#1.delete_id(104)
[00:04:17.032887] {Display Queue} wl_display#1.delete_id(109)
[00:04:17.032887] {Display Queue} wl_display#1.delete_id(101)
[00:04:17.032888] {Default Queue} wl_callback#108.done(40180147)
[00:04:17.032892] {Default Queue} wl_callback#104.done(40180147)
[00:04:17.032893] {Default Queue} wp_presentation_feedback#109.sync_output(wl_output#60)
[00:04:17.032895] {Default Queue} wp_presentation_feedback#109.sync_output(wl_output#28)
[00:04:17.032895] {Default Queue} wp_presentation_feedback#109.presented(0, 40180, 147475661, 0, 0, 0, 0)
[00:04:17.032898] {Default Queue} wp_presentation_feedback#101.sync_output(wl_output#60)
[00:04:17.032899] {Default Queue} wp_presentation_feedback#101.sync_output(wl_output#28)
[00:04:17.032900] {Default Queue} wp_presentation_feedback#101.presented(0, 40180, 147475661, 0, 0, 0, 0)
info: event=launcher-results count=113 shown=113 publish_us=6734
[00:04:17.035492] {Display Queue} wl_display#1.delete_id(116)
[00:04:17.035494] {Default Queue} zwlr_layer_surface_v1#72.configure(59, 1280, 64)
[00:04:17.035497] {Default Queue}  -> zwlr_layer_surface_v1#72.ack_configure(59)
[00:04:17.035498] {Default Queue} zwlr_layer_surface_v1#98.configure(60, 1280, 8)
[00:04:17.035499] {Default Queue}  -> zwlr_layer_surface_v1#98.ack_configure(60)
[00:04:17.035500] {Default Queue} zwlr_layer_surface_v1#66.configure(61, 1280, 720)
[00:04:17.035501] {Default Queue}  -> zwlr_layer_surface_v1#66.ack_configure(61)
[00:04:17.035501] {Default Queue} zwlr_layer_surface_v1#111.configure(62, 1280, 648)
[00:04:17.035502] {Default Queue}  -> zwlr_layer_surface_v1#111.ack_configure(62)
[00:04:17.035502] {Default Queue} wp_fractional_scale_v1#92.preferred_scale(120)
[00:04:17.035503] {Default Queue} wl_data_device#35.selection(nil)
[00:04:17.035506] {Default Queue} zwp_primary_selection_device_v1#34.selection(nil)
[00:04:17.035508] wl_surface#107.enter(wl_output#60)
[00:04:17.035528] wl_surface#107.enter(wl_output#28)
[00:04:17.035540] wl_surface#107.preferred_buffer_scale(1)
[00:04:17.035604] {Default Queue}  -> wl_shm#5.create_pool(new id wl_shm_pool#116, fd 18, 327680)
[00:04:17.035606] {Default Queue}  -> wl_shm_pool#116.create_buffer(new id wl_buffer#101, 0, 1280, 64, 5120, 0)
[00:04:17.035848] {Default Queue}  -> wl_compositor#4.create_region(new id wl_region#109)
[00:04:17.035850] {Default Queue}  -> wl_region#109.add(19, 4, 525, 1)
[00:04:17.035851] {Default Queue}  -> wl_region#109.add(577, 4, 126, 1)
[00:04:17.035852] {Default Queue}  -> wl_region#109.add(888, 4, 373, 1)
[00:04:17.035853] {Default Queue}  -> wl_region#109.add(17, 5, 529, 1)
[00:04:17.035853] {Default Queue}  -> wl_region#109.add(575, 5, 130, 1)
[00:04:17.035854] {Default Queue}  -> wl_region#109.add(886, 5, 377, 1)
[00:04:17.035855] {Default Queue}  -> wl_region#109.add(16, 6, 531, 1)
[00:04:17.035855] {Default Queue}  -> wl_region#109.add(574, 6, 132, 1)
[00:04:17.035856] {Default Queue}  -> wl_region#109.add(885, 6, 379, 1)
[00:04:17.035857] {Default Queue}  -> wl_region#109.add(15, 7, 533, 1)
[00:04:17.035857] {Default Queue}  -> wl_region#109.add(573, 7, 134, 1)
[00:04:17.035858] {Default Queue}  -> wl_region#109.add(884, 7, 381, 1)
[00:04:17.035859] {Default Queue}  -> wl_region#109.add(14, 8, 535, 1)
[00:04:17.035859] {Default Queue}  -> wl_region#109.add(572, 8, 136, 1)
[00:04:17.035860] {Default Queue}  -> wl_region#109.add(883, 8, 383, 1)
[00:04:17.035861] {Default Queue}  -> wl_region#109.add(13, 9, 537, 1)
[00:04:17.035861] {Default Queue}  -> wl_region#109.add(571, 9, 138, 1)
[00:04:17.035862] {Default Queue}  -> wl_region#109.add(882, 9, 385, 1)
[00:04:17.035863] {Default Queue}  -> wl_region#109.add(12, 10, 539, 2)
[00:04:17.035863] {Default Queue}  -> wl_region#109.add(570, 10, 140, 2)
[00:04:17.035864] {Default Queue}  -> wl_region#109.add(881, 10, 387, 2)
[00:04:17.035865] {Default Queue}  -> wl_region#109.add(11, 12, 541, 5)
[00:04:17.035865] {Default Queue}  -> wl_region#109.add(569, 12, 142, 5)
[00:04:17.035866] {Default Queue}  -> wl_region#109.add(880, 12, 389, 5)
[00:04:17.035867] {Default Queue}  -> wl_region#109.add(10, 17, 543, 30)
[00:04:17.035867] {Default Queue}  -> wl_region#109.add(568, 17, 144, 30)
[00:04:17.035868] {Default Queue}  -> wl_region#109.add(879, 17, 391, 30)
[00:04:17.035868] {Default Queue}  -> wl_region#109.add(11, 47, 541, 5)
[00:04:17.035869] {Default Queue}  -> wl_region#109.add(569, 47, 142, 5)
[00:04:17.035870] {Default Queue}  -> wl_region#109.add(880, 47, 389, 5)
[00:04:17.035870] {Default Queue}  -> wl_region#109.add(12, 52, 539, 2)
[00:04:17.035871] {Default Queue}  -> wl_region#109.add(570, 52, 140, 2)
[00:04:17.035872] {Default Queue}  -> wl_region#109.add(881, 52, 387, 2)
[00:04:17.035872] {Default Queue}  -> wl_region#109.add(13, 54, 537, 1)
[00:04:17.035873] {Default Queue}  -> wl_region#109.add(571, 54, 138, 1)
[00:04:17.035873] {Default Queue}  -> wl_region#109.add(882, 54, 385, 1)
[00:04:17.035874] {Default Queue}  -> wl_region#109.add(14, 55, 535, 1)
[00:04:17.035875] {Default Queue}  -> wl_region#109.add(572, 55, 136, 1)
[00:04:17.035875] {Default Queue}  -> wl_region#109.add(883, 55, 383, 1)
[00:04:17.035876] {Default Queue}  -> wl_region#109.add(15, 56, 533, 1)
[00:04:17.035877] {Default Queue}  -> wl_region#109.add(573, 56, 134, 1)
[00:04:17.035877] {Default Queue}  -> wl_region#109.add(884, 56, 381, 1)
[00:04:17.035878] {Default Queue}  -> wl_region#109.add(16, 57, 531, 1)
[00:04:17.035879] {Default Queue}  -> wl_region#109.add(574, 57, 132, 1)
[00:04:17.035879] {Default Queue}  -> wl_region#109.add(885, 57, 379, 1)
[00:04:17.035880] {Default Queue}  -> wl_region#109.add(17, 58, 529, 1)
[00:04:17.035881] {Default Queue}  -> wl_region#109.add(575, 58, 130, 1)
[00:04:17.035881] {Default Queue}  -> wl_region#109.add(886, 58, 377, 1)
[00:04:17.035882] {Default Queue}  -> wl_region#109.add(19, 59, 525, 1)
[00:04:17.035882] {Default Queue}  -> wl_region#109.add(577, 59, 126, 1)
[00:04:17.035883] {Default Queue}  -> wl_region#109.add(888, 59, 373, 1)
[00:04:17.035884]  -> wl_surface#68.set_input_region(wl_region#109)
[00:04:17.035885] {Default Queue}  -> wl_region#109.destroy()
[00:04:17.035886]  -> wl_surface#68.attach(wl_buffer#101, 0, 0)
[00:04:17.035887]  -> wl_surface#68.damage_buffer(0, 0, 1280, 64)
[00:04:17.035888]  -> wl_surface#68.frame(new id wl_callback#104)
[00:04:17.035889] {Default Queue}  -> wp_presentation#20.feedback(wl_surface#68, new id wp_presentation_feedback#108)
[00:04:17.035890]  -> wl_surface#68.commit()
[00:04:17.035906] {Default Queue}  -> wl_shm#5.create_pool(new id wl_shm_pool#113, fd 19, 40960)
[00:04:17.035908] {Default Queue}  -> wl_shm_pool#113.create_buffer(new id wl_buffer#119, 0, 1280, 8, 5120, 0)
[00:04:17.035924] {Default Queue}  -> wl_compositor#4.create_region(new id wl_region#120)
[00:04:17.035925]  -> wl_surface#95.set_input_region(wl_region#120)
[00:04:17.035925] {Default Queue}  -> wl_region#120.destroy()
[00:04:17.035926]  -> wl_surface#95.attach(wl_buffer#119, 0, 0)
[00:04:17.035927]  -> wl_surface#95.damage_buffer(0, 0, 1280, 8)
[00:04:17.035927]  -> wl_surface#95.frame(new id wl_callback#121)
[00:04:17.035928] {Default Queue}  -> wp_presentation#20.feedback(wl_surface#95, new id wp_presentation_feedback#122)
[00:04:17.035929]  -> wl_surface#95.commit()
[00:04:17.036029] {Display Queue} wl_display#1.delete_id(109)
[00:04:17.036031] {Display Queue} wl_display#1.delete_id(120)
[00:04:17.036032] {Default Queue} wl_buffer#91.release()
[00:04:17.036033] {Default Queue} wl_buffer#94.release()
info: event=launcher-results count=113 shown=113 publish_us=3534
[00:04:17.039566]  -> wl_surface#62.commit()
[00:04:17.049288] {Display Queue} wl_display#1.delete_id(104)
[00:04:17.049291] {Display Queue} wl_display#1.delete_id(121)
[00:04:17.049293] {Display Queue} wl_display#1.delete_id(117)
[00:04:17.049293] {Display Queue} wl_display#1.delete_id(108)
[00:04:17.049294] {Display Queue} wl_display#1.delete_id(122)
[00:04:17.049295] {Display Queue} wl_display#1.delete_id(118)
[00:04:17.049295] {Default Queue} wl_callback#104.done(40180164)
[00:04:17.049300] {Default Queue} wl_callback#121.done(40180164)
[00:04:17.049301] {Default Queue} wl_callback#117.done(40180164)
[00:04:17.049303] {Default Queue} wp_presentation_feedback#108.sync_output(wl_output#60)
[00:04:17.049304] {Default Queue} wp_presentation_feedback#108.sync_output(wl_output#28)
[00:04:17.049305] {Default Queue} wp_presentation_feedback#108.presented(0, 40180, 164172512, 0, 0, 0, 0)
[00:04:17.049308] {Default Queue} wp_presentation_feedback#122.sync_output(wl_output#60)
[00:04:17.049309] {Default Queue} wp_presentation_feedback#122.sync_output(wl_output#28)
[00:04:17.049310] {Default Queue} wp_presentation_feedback#122.presented(0, 40180, 164172512, 0, 0, 0, 0)
[00:04:17.049312] {Default Queue} wp_presentation_feedback#118.sync_output(wl_output#60)
[00:04:17.049312] {Default Queue} wp_presentation_feedback#118.sync_output(wl_output#28)
[00:04:17.049313] {Default Queue} wp_presentation_feedback#118.presented(0, 40180, 164172512, 0, 0, 0, 0)
[00:04:17.049666] {Default Queue}  -> wl_compositor#4.create_region(new id wl_region#118)
[00:04:17.049670] {Default Queue}  -> wl_region#118.add(18, 4, 506, 56)
[00:04:17.049671]  -> wl_surface#68.set_opaque_region(wl_region#118)
[00:04:17.049672] {Default Queue}  -> wl_region#118.destroy()
[00:04:17.049674]  -> wl_surface#68.attach(wl_buffer#91, 0, 0)
[00:04:17.049675]  -> wl_surface#68.damage_buffer(0, 0, 1280, 64)
[00:04:17.049677]  -> wl_surface#68.frame(new id wl_callback#122)
[00:04:17.049678] {Default Queue}  -> wp_presentation#20.feedback(wl_surface#68, new id wp_presentation_feedback#108)
[00:04:17.049680]  -> wl_surface#68.commit()
[00:04:17.061777] {Default Queue}  -> wl_shm#5.create_pool(new id wl_shm_pool#117, fd 18, 3317760)
[00:04:17.061784] {Default Queue}  -> wl_shm_pool#117.create_buffer(new id wl_buffer#121, 0, 1280, 648, 5120, 0)
[00:04:17.063250]  -> wl_surface#107.attach(wl_buffer#121, 0, 0)
[00:04:17.063253]  -> wl_surface#107.damage_buffer(0, 0, 1280, 648)
[00:04:17.063254]  -> wl_surface#107.frame(new id wl_callback#104)
[00:04:17.063256] {Default Queue}  -> wp_presentation#20.feedback(wl_surface#107, new id wp_presentation_feedback#120)
[00:04:17.063257]  -> wl_surface#107.commit()
info: event=launcher-painted latency_us=27247
[00:04:17.063299] {Display Queue} wl_display#1.delete_id(118)
[00:04:17.063301] {Default Queue} wl_buffer#101.release()
[00:04:17.063393] {Default Queue} wl_buffer#115.release()
[00:04:17.065882] {Display Queue} wl_display#1.delete_id(122)
[00:04:17.065886] {Display Queue} wl_display#1.delete_id(104)
[00:04:17.065887] {Display Queue} wl_display#1.delete_id(108)
[00:04:17.065888] {Display Queue} wl_display#1.delete_id(120)
[00:04:17.065888] {Default Queue} wl_callback#122.done(40180180)
[00:04:17.065893] {Default Queue} wl_callback#104.done(40180180)
[00:04:17.065894] {Default Queue} wp_presentation_feedback#108.sync_output(wl_output#60)
[00:04:17.065896] {Default Queue} wp_presentation_feedback#108.sync_output(wl_output#28)
[00:04:17.065896] {Default Queue} wp_presentation_feedback#108.presented(0, 40180, 180767692, 0, 0, 0, 0)
[00:04:17.065899] {Default Queue} wp_presentation_feedback#120.sync_output(wl_output#60)
[00:04:17.065900] {Default Queue} wp_presentation_feedback#120.sync_output(wl_output#28)
[00:04:17.065900] {Default Queue} wp_presentation_feedback#120.presented(0, 40180, 180767692, 0, 0, 0, 0)
[00:04:17.066126] {Default Queue}  -> wl_compositor#4.create_region(new id wl_region#120)
[00:04:17.066128] {Default Queue}  -> wl_region#120.add(19, 4, 504, 1)
[00:04:17.066130] {Default Queue}  -> wl_region#120.add(577, 4, 126, 1)
[00:04:17.066131] {Default Queue}  -> wl_region#120.add(888, 4, 373, 1)
[00:04:17.066131] {Default Queue}  -> wl_region#120.add(17, 5, 508, 1)
[00:04:17.066132] {Default Queue}  -> wl_region#120.add(575, 5, 130, 1)
[00:04:17.066133] {Default Queue}  -> wl_region#120.add(886, 5, 377, 1)
[00:04:17.066134] {Default Queue}  -> wl_region#120.add(16, 6, 510, 1)
[00:04:17.066134] {Default Queue}  -> wl_region#120.add(574, 6, 132, 1)
[00:04:17.066135] {Default Queue}  -> wl_region#120.add(885, 6, 379, 1)
[00:04:17.066136] {Default Queue}  -> wl_region#120.add(15, 7, 512, 1)
[00:04:17.066136] {Default Queue}  -> wl_region#120.add(573, 7, 134, 1)
[00:04:17.066137] {Default Queue}  -> wl_region#120.add(884, 7, 381, 1)
[00:04:17.066138] {Default Queue}  -> wl_region#120.add(14, 8, 514, 1)
[00:04:17.066138] {Default Queue}  -> wl_region#120.add(572, 8, 136, 1)
[00:04:17.066139] {Default Queue}  -> wl_region#120.add(883, 8, 383, 1)
[00:04:17.066140] {Default Queue}  -> wl_region#120.add(13, 9, 516, 1)
[00:04:17.066140] {Default Queue}  -> wl_region#120.add(571, 9, 138, 1)
[00:04:17.066141] {Default Queue}  -> wl_region#120.add(882, 9, 385, 1)
[00:04:17.066142] {Default Queue}  -> wl_region#120.add(12, 10, 518, 2)
[00:04:17.066142] {Default Queue}  -> wl_region#120.add(570, 10, 140, 2)
[00:04:17.066143] {Default Queue}  -> wl_region#120.add(881, 10, 387, 2)
[00:04:17.066144] {Default Queue}  -> wl_region#120.add(11, 12, 520, 5)
[00:04:17.066144] {Default Queue}  -> wl_region#120.add(569, 12, 142, 5)
[00:04:17.066145] {Default Queue}  -> wl_region#120.add(880, 12, 389, 5)
[00:04:17.066145] {Default Queue}  -> wl_region#120.add(10, 17, 522, 30)
[00:04:17.066146] {Default Queue}  -> wl_region#120.add(568, 17, 144, 30)
[00:04:17.066147] {Default Queue}  -> wl_region#120.add(879, 17, 391, 30)
[00:04:17.066148] {Default Queue}  -> wl_region#120.add(11, 47, 520, 5)
[00:04:17.066148] {Default Queue}  -> wl_region#120.add(569, 47, 142, 5)
[00:04:17.066149] {Default Queue}  -> wl_region#120.add(880, 47, 389, 5)
[00:04:17.066150] {Default Queue}  -> wl_region#120.add(12, 52, 518, 2)
[00:04:17.066150] {Default Queue}  -> wl_region#120.add(570, 52, 140, 2)
[00:04:17.066151] {Default Queue}  -> wl_region#120.add(881, 52, 387, 2)
[00:04:17.066152] {Default Queue}  -> wl_region#120.add(13, 54, 516, 1)
[00:04:17.066152] {Default Queue}  -> wl_region#120.add(571, 54, 138, 1)
[00:04:17.066153] {Default Queue}  -> wl_region#120.add(882, 54, 385, 1)
[00:04:17.066154] {Default Queue}  -> wl_region#120.add(14, 55, 514, 1)
[00:04:17.066154] {Default Queue}  -> wl_region#120.add(572, 55, 136, 1)
[00:04:17.066155] {Default Queue}  -> wl_region#120.add(883, 55, 383, 1)
[00:04:17.066155] {Default Queue}  -> wl_region#120.add(15, 56, 512, 1)
[00:04:17.066156] {Default Queue}  -> wl_region#120.add(573, 56, 134, 1)
[00:04:17.066157] {Default Queue}  -> wl_region#120.add(884, 56, 381, 1)
[00:04:17.066157] {Default Queue}  -> wl_region#120.add(16, 57, 510, 1)
[00:04:17.066158] {Default Queue}  -> wl_region#120.add(574, 57, 132, 1)
[00:04:17.066159] {Default Queue}  -> wl_region#120.add(885, 57, 379, 1)
[00:04:17.066159] {Default Queue}  -> wl_region#120.add(17, 58, 508, 1)
[00:04:17.066160] {Default Queue}  -> wl_region#120.add(575, 58, 130, 1)
[00:04:17.066161] {Default Queue}  -> wl_region#120.add(886, 58, 377, 1)
[00:04:17.066161] {Default Queue}  -> wl_region#120.add(19, 59, 504, 1)
[00:04:17.066162] {Default Queue}  -> wl_region#120.add(577, 59, 126, 1)
[00:04:17.066163] {Default Queue}  -> wl_region#120.add(888, 59, 373, 1)
[00:04:17.066163]  -> wl_surface#68.set_input_region(wl_region#120)
[00:04:17.066164] {Default Queue}  -> wl_region#120.destroy()
[00:04:17.066166]  -> wl_surface#68.attach(wl_buffer#101, 0, 0)
[00:04:17.066167]  -> wl_surface#68.damage_buffer(0, 0, 1280, 64)
[00:04:17.066168]  -> wl_surface#68.frame(new id wl_callback#108)
[00:04:17.066169] {Default Queue}  -> wp_presentation#20.feedback(wl_surface#68, new id wp_presentation_feedback#104)
[00:04:17.066170]  -> wl_surface#68.commit()
[00:04:17.066773]  -> wl_surface#107.attach(wl_buffer#115, 0, 0)
[00:04:17.066776]  -> wl_surface#107.damage_buffer(0, 0, 1280, 648)
[00:04:17.066777]  -> wl_surface#107.frame(new id wl_callback#122)
[00:04:17.066778] {Default Queue}  -> wp_presentation#20.feedback(wl_surface#107, new id wp_presentation_feedback#118)
[00:04:17.066779]  -> wl_surface#107.commit()
[00:04:17.066839] {Display Queue} wl_display#1.delete_id(120)
[00:04:17.066841] {Default Queue} wl_buffer#91.release()
[00:04:17.066841] {Default Queue} wl_buffer#121.release()
[00:04:17.068153] {Default Queue} wl_seat#52.capabilities(3)
[00:04:17.068156] {Default Queue} wl_seat#50.capabilities(3)
[00:04:17.068156] {Default Queue} wl_seat#3.capabilities(3)
[00:04:17.068158] {Default Queue}  -> wl_seat#3.get_pointer(new id wl_pointer#120)
[00:04:17.068167] {Default Queue}  -> zwp_pointer_gestures_v1#23.get_swipe_gesture(new id zwp_pointer_gesture_swipe_v1#109, wl_pointer#120)
[00:04:17.068169] {Default Queue}  -> zwp_pointer_gestures_v1#23.get_pinch_gesture(new id zwp_pointer_gesture_pinch_v1#123, wl_pointer#120)
[00:04:17.068170] {Default Queue}  -> zwp_pointer_gestures_v1#23.get_hold_gesture(new id zwp_pointer_gesture_hold_v1#124, wl_pointer#120)
[00:04:17.068171] {Default Queue}  -> wp_cursor_shape_manager_v1#13.get_pointer(new id wp_cursor_shape_device_v1#125, wl_pointer#120)
[00:04:17.068173] {Default Queue}  -> wl_seat#3.get_keyboard(new id wl_keyboard#126)
[00:04:17.068341] {Default Queue} wl_pointer#120.enter(67, wl_surface#107, 100.00000000, 92.00000000)
[00:04:17.068345] {Default Queue} wl_pointer#120.frame()
[00:04:17.068351] {Default Queue}  -> wp_cursor_shape_device_v1#125.set_shape(67, 1)
[00:04:17.068352] {Default Queue} wl_keyboard#126.keymap(1, fd 17, 1436)
[00:04:17.068461] {Default Queue} wl_keyboard#126.repeat_info(40, 400)
[00:04:17.068462] {Default Queue} wl_keyboard#126.enter(68, wl_surface#107, array[0])
[00:04:17.068465] {Default Queue} wl_keyboard#126.modifiers(69, 0, 0, 0, 0)
info: event=launcher-results count=113 shown=113 publish_us=4178
[00:04:17.072800]  -> wl_surface#73.attach(wl_buffer#103, 0, 0)
[00:04:17.072804]  -> wl_surface#73.damage_buffer(0, 0, 1280, 153)
[00:04:17.072806]  -> wl_surface#73.frame(new id wl_callback#127)
[00:04:17.072808] {Default Queue}  -> wp_presentation#20.feedback(wl_surface#73, new id wp_presentation_feedback#128)
[00:04:17.072810]  -> wl_surface#73.commit()
[00:04:17.072930] {Display Queue} wl_display#1.delete_id(127)
[00:04:17.072934] {Display Queue} wl_display#1.delete_id(128)
[00:04:17.072935] {Default Queue} wl_buffer#96.release()
[00:04:17.072936] {Default Queue} wl_callback#127.done(40180187)
[00:04:17.072940] {Default Queue} wp_presentation_feedback#128.sync_output(wl_output#61)
[00:04:17.072941] {Default Queue} wp_presentation_feedback#128.sync_output(wl_output#31)
[00:04:17.072942] {Default Queue} wp_presentation_feedback#128.presented(0, 40180, 187819636, 0, 0, 0, 0)
[00:04:17.082366] {Display Queue} wl_display#1.delete_id(108)
[00:04:17.082370] {Display Queue} wl_display#1.delete_id(122)
[00:04:17.082371] {Display Queue} wl_display#1.delete_id(104)
[00:04:17.082371] {Display Queue} wl_display#1.delete_id(118)
[00:04:17.082372] {Default Queue} wl_callback#108.done(40180197)
[00:04:17.082376] {Default Queue} wl_callback#122.done(40180197)
[00:04:17.082378] {Default Queue} wp_presentation_feedback#104.sync_output(wl_output#60)
[00:04:17.082379] {Default Queue} wp_presentation_feedback#104.sync_output(wl_output#28)
[00:04:17.082380] {Default Queue} wp_presentation_feedback#104.presented(0, 40180, 197251962, 0, 0, 0, 0)
[00:04:17.082382] {Default Queue} wp_presentation_feedback#118.sync_output(wl_output#60)
[00:04:17.082383] {Default Queue} wp_presentation_feedback#118.sync_output(wl_output#28)
[00:04:17.082383] {Default Queue} wp_presentation_feedback#118.presented(0, 40180, 197251962, 0, 0, 0, 0)
[00:04:17.091695]  -> wl_surface#107.attach(wl_buffer#121, 0, 0)
[00:04:17.091699]  -> wl_surface#107.damage_buffer(0, 0, 1280, 648)
[00:04:17.091701]  -> wl_surface#107.frame(new id wl_callback#118)
[00:04:17.091703] {Default Queue}  -> wp_presentation#20.feedback(wl_surface#107, new id wp_presentation_feedback#104)
[00:04:17.091704]  -> wl_surface#107.commit()
info: event=launcher-painted latency_us=23387
[00:04:17.091793] {Default Queue} wl_buffer#115.release()
[00:04:17.091968]  -> wl_surface#68.attach(wl_buffer#91, 0, 0)
[00:04:17.091970]  -> wl_surface#68.damage_buffer(0, 0, 1280, 64)
[00:04:17.091971]  -> wl_surface#68.frame(new id wl_callback#122)
[00:04:17.091972] {Default Queue}  -> wp_presentation#20.feedback(wl_surface#68, new id wp_presentation_feedback#108)
[00:04:17.091974]  -> wl_surface#68.commit()
[00:04:17.092011] {Default Queue} wl_buffer#101.release()
[00:04:17.098742] {Display Queue} wl_display#1.delete_id(122)
[00:04:17.098745] {Display Queue} wl_display#1.delete_id(118)
[00:04:17.098745] {Display Queue} wl_display#1.delete_id(108)
[00:04:17.098746] {Display Queue} wl_display#1.delete_id(104)
[00:04:17.098747] {Default Queue} wl_callback#122.done(40180213)
[00:04:17.098750] {Default Queue} wl_callback#118.done(40180213)
[00:04:17.098752] {Default Queue} wp_presentation_feedback#108.sync_output(wl_output#60)
[00:04:17.098753] {Default Queue} wp_presentation_feedback#108.sync_output(wl_output#28)
[00:04:17.098754] {Default Queue} wp_presentation_feedback#108.presented(0, 40180, 213631380, 0, 0, 0, 0)
[00:04:17.098756] {Default Queue} wp_presentation_feedback#104.sync_output(wl_output#60)
[00:04:17.098756] {Default Queue} wp_presentation_feedback#104.sync_output(wl_output#28)
[00:04:17.098757] {Default Queue} wp_presentation_feedback#104.presented(0, 40180, 213631380, 0, 0, 0, 0)
[00:04:17.099204]  -> wl_surface#107.attach(wl_buffer#115, 0, 0)
[00:04:17.099206]  -> wl_surface#107.damage_buffer(0, 0, 1280, 648)
[00:04:17.099207]  -> wl_surface#107.frame(new id wl_callback#104)
[00:04:17.099208] {Default Queue}  -> wp_presentation#20.feedback(wl_surface#107, new id wp_presentation_feedback#108)
[00:04:17.099209]  -> wl_surface#107.commit()
[00:04:17.099230] {Default Queue} wl_buffer#121.release()
[00:04:17.115009] {Display Queue} wl_display#1.delete_id(104)
[00:04:17.115013] {Display Queue} wl_display#1.delete_id(108)
[00:04:17.115015] {Default Queue} wl_callback#104.done(40180229)
[00:04:17.115020] {Default Queue} wp_presentation_feedback#108.sync_output(wl_output#60)
[00:04:17.115022] {Default Queue} wp_presentation_feedback#108.sync_output(wl_output#28)
[00:04:17.115022] {Default Queue} wp_presentation_feedback#108.presented(0, 40180, 229896677, 0, 0, 0, 0)
[00:04:17.115497]  -> wl_surface#107.attach(wl_buffer#121, 0, 0)
[00:04:17.115501]  -> wl_surface#107.damage_buffer(0, 0, 1280, 648)
[00:04:17.115502]  -> wl_surface#107.frame(new id wl_callback#108)
[00:04:17.115504] {Default Queue}  -> wp_presentation#20.feedback(wl_surface#107, new id wp_presentation_feedback#104)
[00:04:17.115505]  -> wl_surface#107.commit()
[00:04:17.115543] {Default Queue} wl_buffer#115.release()
[00:04:17.131223] {Display Queue} wl_display#1.delete_id(108)
[00:04:17.131228] {Display Queue} wl_display#1.delete_id(104)
[00:04:17.131229] {Default Queue} wl_callback#108.done(40180246)
[00:04:17.131234] {Default Queue} wp_presentation_feedback#104.sync_output(wl_output#60)
[00:04:17.131235] {Default Queue} wp_presentation_feedback#104.sync_output(wl_output#28)
[00:04:17.131236] {Default Queue} wp_presentation_feedback#104.presented(0, 40180, 246111164, 0, 0, 0, 0)
[00:04:17.131672]  -> wl_surface#107.attach(wl_buffer#115, 0, 0)
[00:04:17.131675]  -> wl_surface#107.damage_buffer(0, 0, 1280, 648)
[00:04:17.131677]  -> wl_surface#107.frame(new id wl_callback#104)
[00:04:17.131678] {Default Queue}  -> wp_presentation#20.feedback(wl_surface#107, new id wp_presentation_feedback#108)
[00:04:17.131680]  -> wl_surface#107.commit()
[00:04:17.131725] {Default Queue} wl_buffer#121.release()
[00:04:17.147340] {Display Queue} wl_display#1.delete_id(104)
[00:04:17.147342] {Display Queue} wl_display#1.delete_id(108)
[00:04:17.147343] {Default Queue} wl_callback#104.done(40180262)
[00:04:17.147346] {Default Queue} wp_presentation_feedback#108.sync_output(wl_output#60)
[00:04:17.147347] {Default Queue} wp_presentation_feedback#108.sync_output(wl_output#28)
[00:04:17.147347] {Default Queue} wp_presentation_feedback#108.presented(0, 40180, 262231510, 0, 0, 0, 0)
[00:04:17.147697]  -> wl_surface#107.attach(wl_buffer#121, 0, 0)
[00:04:17.147699]  -> wl_surface#107.damage_buffer(0, 0, 1280, 648)
[00:04:17.147700]  -> wl_surface#107.frame(new id wl_callback#108)
[00:04:17.147701] {Default Queue}  -> wp_presentation#20.feedback(wl_surface#107, new id wp_presentation_feedback#104)
[00:04:17.147702]  -> wl_surface#107.commit()
[00:04:17.147734] {Default Queue} wl_buffer#115.release()
[00:04:17.163480] {Display Queue} wl_display#1.delete_id(108)
[00:04:17.163484] {Display Queue} wl_display#1.delete_id(104)
[00:04:17.163486] {Default Queue} wl_callback#108.done(40180278)
[00:04:17.163490] {Default Queue} wp_presentation_feedback#104.sync_output(wl_output#60)
[00:04:17.163491] {Default Queue} wp_presentation_feedback#104.sync_output(wl_output#28)
[00:04:17.163492] {Default Queue} wp_presentation_feedback#104.presented(0, 40180, 278370046, 0, 0, 0, 0)
[00:04:17.163884]  -> wl_surface#107.attach(wl_buffer#115, 0, 0)
[00:04:17.163887]  -> wl_surface#107.damage_buffer(0, 0, 1280, 648)
[00:04:17.163889]  -> wl_surface#107.frame(new id wl_callback#104)
[00:04:17.163890] {Default Queue}  -> wp_presentation#20.feedback(wl_surface#107, new id wp_presentation_feedback#108)
[00:04:17.163892]  -> wl_surface#107.commit()
[00:04:17.163923] {Default Queue} wl_buffer#121.release()
[00:04:17.168252] {Default Queue} wl_keyboard#126.key(70, 0, 1, 1)
[00:04:17.168337] {Default Queue}  -> zwlr_layer_surface_v1#111.destroy()
[00:04:17.168339]  -> wl_surface#107.attach(nil, 0, 0)
[00:04:17.168341]  -> wl_surface#107.commit()
[00:04:17.168385] {Default Queue}  -> wl_buffer#121.destroy()
[00:04:17.168386] {Default Queue}  -> wl_shm_pool#117.destroy()
[00:04:17.168607] {Default Queue}  -> wp_viewport#90.destroy()
[00:04:17.168609] {Default Queue}  -> wp_fractional_scale_v1#92.destroy()
[00:04:17.168610]  -> wl_surface#107.destroy()
info: event=popup-closed
[00:04:17.170410] {Default Queue} wl_keyboard#126.key(71, 0, 1, 0)
[00:04:17.170609] discarded [unknown]#108.[event 2](0 fd, 8 byte)
[00:04:17.170612] {Display Queue} wl_display#1.delete_id(111)
[00:04:17.170613] {Display Queue} wl_display#1.delete_id(108)
[00:04:17.170614] {Display Queue} wl_display#1.delete_id(121)
[00:04:17.170614] {Display Queue} wl_display#1.delete_id(117)
[00:04:17.170615] {Display Queue} wl_display#1.delete_id(90)
[00:04:17.170616] {Display Queue} wl_display#1.delete_id(92)
[00:04:17.170616] {Display Queue} wl_display#1.delete_id(104)
[00:04:17.170617] {Display Queue} wl_display#1.delete_id(107)
[00:04:17.170617] {Default Queue} wl_keyboard#126.leave(72, nil)
[00:04:17.170619] {Default Queue} zwlr_layer_surface_v1#72.configure(73, 1280, 64)
[00:04:17.170623] {Default Queue}  -> zwlr_layer_surface_v1#72.ack_configure(73)
[00:04:17.170624] {Default Queue} zwlr_layer_surface_v1#98.configure(74, 1280, 8)
[00:04:17.170627] {Default Queue}  -> zwlr_layer_surface_v1#98.ack_configure(74)
[00:04:17.170627] {Default Queue} zwlr_layer_surface_v1#66.configure(75, 1280, 720)
[00:04:17.170629] {Default Queue}  -> zwlr_layer_surface_v1#66.ack_configure(75)
[00:04:17.170629] {Default Queue} wl_buffer#115.release()
[00:04:17.170630] {Default Queue}  -> wl_buffer#115.destroy()
[00:04:17.170631] {Default Queue}  -> wl_shm_pool#114.destroy()
[00:04:17.170683] {Default Queue} wl_pointer#120.leave(76, nil)
[00:04:17.170685] {Default Queue} wl_pointer#120.frame()
[00:04:17.170744] {Default Queue}  -> xdg_toplevel_icon_v1#110.destroy()
[00:04:17.170756]  -> wl_surface#68.commit()
[00:04:17.170762]  -> wl_surface#95.commit()
[00:04:17.170766]  -> wl_surface#62.commit()
[00:04:17.195137] {Default Queue}  -> wl_compositor#4.create_region(new id wl_region#107)
[00:04:17.195141] {Default Queue}  -> wl_region#107.add(18, 4, 527, 56)
[00:04:17.195143]  -> wl_surface#68.set_opaque_region(wl_region#107)
[00:04:17.195144] {Default Queue}  -> wl_region#107.destroy()
[00:04:17.195146]  -> wl_surface#68.attach(wl_buffer#101, 0, 0)
[00:04:17.195147]  -> wl_surface#68.damage_buffer(0, 0, 1280, 64)
[00:04:17.195148]  -> wl_surface#68.frame(new id wl_callback#104)
[00:04:17.195149] {Default Queue}  -> wp_presentation#20.feedback(wl_surface#68, new id wp_presentation_feedback#92)
[00:04:17.195150]  -> wl_surface#68.commit()
[00:04:17.195205] {Display Queue} wl_display#1.delete_id(115)
[00:04:17.195207] {Display Queue} wl_display#1.delete_id(114)
[00:04:17.195207] {Display Queue} wl_display#1.delete_id(110)
[00:04:17.195208] {Display Queue} wl_display#1.delete_id(107)
[00:04:17.195208] {Default Queue} wl_buffer#91.release()
[00:04:17.195591] {Display Queue} wl_display#1.delete_id(104)
[00:04:17.195592] {Display Queue} wl_display#1.delete_id(92)
[00:04:17.195592] {Default Queue} wl_callback#104.done(40180310)
[00:04:17.195595] {Default Queue} wp_presentation_feedback#92.sync_output(wl_output#60)
[00:04:17.195596] {Default Queue} wp_presentation_feedback#92.sync_output(wl_output#28)
[00:04:17.195597] {Default Queue} wp_presentation_feedback#92.presented(0, 40180, 310485527, 0, 0, 0, 0)
[00:04:17.195722] {Default Queue}  -> wl_compositor#4.create_region(new id wl_region#92)
[00:04:17.195724] {Default Queue}  -> wl_region#92.add(19, 4, 525, 1)
[00:04:17.195724] {Default Queue}  -> wl_region#92.add(577, 4, 126, 1)
[00:04:17.195725] {Default Queue}  -> wl_region#92.add(888, 4, 373, 1)
[00:04:17.195726] {Default Queue}  -> wl_region#92.add(17, 5, 529, 1)
[00:04:17.195727] {Default Queue}  -> wl_region#92.add(575, 5, 130, 1)
[00:04:17.195727] {Default Queue}  -> wl_region#92.add(886, 5, 377, 1)
[00:04:17.195728] {Default Queue}  -> wl_region#92.add(16, 6, 531, 1)
[00:04:17.195729] {Default Queue}  -> wl_region#92.add(574, 6, 132, 1)
[00:04:17.195729] {Default Queue}  -> wl_region#92.add(885, 6, 379, 1)
[00:04:17.195730] {Default Queue}  -> wl_region#92.add(15, 7, 533, 1)
[00:04:17.195730] {Default Queue}  -> wl_region#92.add(573, 7, 134, 1)
[00:04:17.195731] {Default Queue}  -> wl_region#92.add(884, 7, 381, 1)
[00:04:17.195732] {Default Queue}  -> wl_region#92.add(14, 8, 535, 1)
[00:04:17.195732] {Default Queue}  -> wl_region#92.add(572, 8, 136, 1)
[00:04:17.195733] {Default Queue}  -> wl_region#92.add(883, 8, 383, 1)
[00:04:17.195734] {Default Queue}  -> wl_region#92.add(13, 9, 537, 1)
[00:04:17.195734] {Default Queue}  -> wl_region#92.add(571, 9, 138, 1)
[00:04:17.195735] {Default Queue}  -> wl_region#92.add(882, 9, 385, 1)
[00:04:17.195735] {Default Queue}  -> wl_region#92.add(12, 10, 539, 2)
[00:04:17.195736] {Default Queue}  -> wl_region#92.add(570, 10, 140, 2)
[00:04:17.195737] {Default Queue}  -> wl_region#92.add(881, 10, 387, 2)
[00:04:17.195737] {Default Queue}  -> wl_region#92.add(11, 12, 541, 5)
[00:04:17.195738] {Default Queue}  -> wl_region#92.add(569, 12, 142, 5)
[00:04:17.195739] {Default Queue}  -> wl_region#92.add(880, 12, 389, 5)
[00:04:17.195739] {Default Queue}  -> wl_region#92.add(10, 17, 543, 30)
[00:04:17.195740] {Default Queue}  -> wl_region#92.add(568, 17, 144, 30)
[00:04:17.195740] {Default Queue}  -> wl_region#92.add(879, 17, 391, 30)
[00:04:17.195741] {Default Queue}  -> wl_region#92.add(11, 47, 541, 5)
[00:04:17.195742] {Default Queue}  -> wl_region#92.add(569, 47, 142, 5)
[00:04:17.195742] {Default Queue}  -> wl_region#92.add(880, 47, 389, 5)
[00:04:17.195743] {Default Queue}  -> wl_region#92.add(12, 52, 539, 2)
[00:04:17.195743] {Default Queue}  -> wl_region#92.add(570, 52, 140, 2)
[00:04:17.195744] {Default Queue}  -> wl_region#92.add(881, 52, 387, 2)
[00:04:17.195745] {Default Queue}  -> wl_region#92.add(13, 54, 537, 1)
[00:04:17.195745] {Default Queue}  -> wl_region#92.add(571, 54, 138, 1)
[00:04:17.195746] {Default Queue}  -> wl_region#92.add(882, 54, 385, 1)
[00:04:17.195746] {Default Queue}  -> wl_region#92.add(14, 55, 535, 1)
[00:04:17.195747] {Default Queue}  -> wl_region#92.add(572, 55, 136, 1)
[00:04:17.195748] {Default Queue}  -> wl_region#92.add(883, 55, 383, 1)
[00:04:17.195748] {Default Queue}  -> wl_region#92.add(15, 56, 533, 1)
[00:04:17.195749] {Default Queue}  -> wl_region#92.add(573, 56, 134, 1)
[00:04:17.195749] {Default Queue}  -> wl_region#92.add(884, 56, 381, 1)
[00:04:17.195750] {Default Queue}  -> wl_region#92.add(16, 57, 531, 1)
[00:04:17.195751] {Default Queue}  -> wl_region#92.add(574, 57, 132, 1)
[00:04:17.195751] {Default Queue}  -> wl_region#92.add(885, 57, 379, 1)
[00:04:17.195752] {Default Queue}  -> wl_region#92.add(17, 58, 529, 1)
[00:04:17.195753] {Default Queue}  -> wl_region#92.add(575, 58, 130, 1)
[00:04:17.195753] {Default Queue}  -> wl_region#92.add(886, 58, 377, 1)
[00:04:17.195754] {Default Queue}  -> wl_region#92.add(19, 59, 525, 1)
[00:04:17.195754] {Default Queue}  -> wl_region#92.add(577, 59, 126, 1)
[00:04:17.195755] {Default Queue}  -> wl_region#92.add(888, 59, 373, 1)
[00:04:17.195756]  -> wl_surface#68.set_input_region(wl_region#92)
[00:04:17.195756] {Default Queue}  -> wl_region#92.destroy()
[00:04:17.195757]  -> wl_surface#68.attach(wl_buffer#91, 0, 0)
[00:04:17.195758]  -> wl_surface#68.damage_buffer(0, 0, 1280, 64)
[00:04:17.195759]  -> wl_surface#68.frame(new id wl_callback#104)
[00:04:17.195760] {Default Queue}  -> wp_presentation#20.feedback(wl_surface#68, new id wp_presentation_feedback#107)
[00:04:17.195761]  -> wl_surface#68.commit()
[00:04:17.195789] {Display Queue} wl_display#1.delete_id(92)
[00:04:17.195790] {Default Queue} wl_buffer#101.release()
[00:04:17.211633] {Display Queue} wl_display#1.delete_id(104)
[00:04:17.211636] {Display Queue} wl_display#1.delete_id(107)
[00:04:17.211637] {Default Queue} wl_callback#104.done(40180326)
[00:04:17.211640] {Default Queue} wp_presentation_feedback#107.sync_output(wl_output#60)
[00:04:17.211641] {Default Queue} wp_presentation_feedback#107.sync_output(wl_output#28)
[00:04:17.211642] {Default Queue} wp_presentation_feedback#107.presented(0, 40180, 326522832, 0, 0, 0, 0)
[00:04:17.272525] {Default Queue} wl_seat#52.capabilities(1)
[00:04:17.272529] {Default Queue} wl_seat#50.capabilities(1)
[00:04:17.272530] {Default Queue} wl_seat#3.capabilities(1)
[00:04:17.272532] {Default Queue}  -> wl_keyboard#126.release()
[00:04:17.272975]  -> wl_surface#68.attach(wl_buffer#101, 0, 0)
[00:04:17.272978]  -> wl_surface#68.damage_buffer(0, 0, 1280, 64)
[00:04:17.272980]  -> wl_surface#68.frame(new id wl_callback#107)
[00:04:17.272981] {Default Queue}  -> wp_presentation#20.feedback(wl_surface#68, new id wp_presentation_feedback#104)
[00:04:17.272983]  -> wl_surface#68.commit()
[00:04:17.273239]  -> wl_surface#73.attach(wl_buffer#96, 0, 0)
[00:04:17.273241]  -> wl_surface#73.damage_buffer(0, 0, 1280, 153)
[00:04:17.273242]  -> wl_surface#73.frame(new id wl_callback#92)
[00:04:17.273243] {Default Queue}  -> wp_presentation#20.feedback(wl_surface#73, new id wp_presentation_feedback#110)
[00:04:17.273245]  -> wl_surface#73.commit()
[00:04:17.273399] {Display Queue} wl_display#1.delete_id(126)
[00:04:17.273404] {Display Queue} wl_display#1.delete_id(107)
[00:04:17.273405] {Display Queue} wl_display#1.delete_id(92)
[00:04:17.273412] {Display Queue} wl_display#1.delete_id(104)
[00:04:17.273414] {Display Queue} wl_display#1.delete_id(110)
[00:04:17.273415] {Default Queue} wl_buffer#91.release()
[00:04:17.273416] {Default Queue} wl_buffer#103.release()
[00:04:17.273417] {Default Queue} wl_callback#107.done(40180388)
[00:04:17.273422] {Default Queue} wl_callback#92.done(40180388)
[00:04:17.273424] {Default Queue} wp_presentation_feedback#104.sync_output(wl_output#60)
[00:04:17.273425] {Default Queue} wp_presentation_feedback#104.sync_output(wl_output#28)
[00:04:17.273425] {Default Queue} wp_presentation_feedback#104.presented(0, 40180, 388286392, 0, 0, 0, 0)
[00:04:17.273427] {Default Queue} wp_presentation_feedback#110.sync_output(wl_output#61)
[00:04:17.273428] {Default Queue} wp_presentation_feedback#110.sync_output(wl_output#31)
[00:04:17.273429] {Default Queue} wp_presentation_feedback#110.presented(0, 40180, 388288442, 0, 0, 0, 0)
[00:04:17.276918] {Default Queue}  -> wl_compositor#4.create_surface(new id wl_surface#110)
[00:04:17.276925] {Default Queue}  -> wp_fractional_scale_manager_v1#11.get_fractional_scale(new id wp_fractional_scale_v1#104, wl_surface#110)
[00:04:17.276928] {Default Queue}  -> wp_viewporter#10.get_viewport(new id wp_viewport#92, wl_surface#110)
[00:04:17.276953] {Default Queue}  -> xdg_toplevel_icon_manager_v1#9.create_icon(new id xdg_toplevel_icon_v1#107)
[00:04:17.276966] {Default Queue}  -> zwlr_layer_shell_v1#46.get_layer_surface(new id zwlr_layer_surface_v1#126, wl_surface#110, wl_output#28, 3, "pearl:popup")
[00:04:17.276969] {Default Queue}  -> zwlr_layer_surface_v1#126.set_keyboard_interactivity(1)
[00:04:17.276970] {Default Queue}  -> zwlr_layer_surface_v1#126.set_exclusive_zone(0)
[00:04:17.276970] {Default Queue}  -> zwlr_layer_surface_v1#126.set_anchor(15)
[00:04:17.276971] {Default Queue}  -> zwlr_layer_surface_v1#126.set_margin(0, 0, 0, 0)
[00:04:17.276972] {Default Queue}  -> zwlr_layer_surface_v1#126.set_size(0, 0)
[00:04:17.276976]  -> wl_surface#110.commit()
[00:04:17.277086] {Default Queue}  -> zwp_text_input_v3#89.set_surrounding_text("", 0, 0)
[00:04:17.277088] {Default Queue}  -> zwp_text_input_v3#89.set_text_change_cause(1)
[00:04:17.277093] {Default Queue}  -> zwp_text_input_v3#89.set_content_type(0, 0)
[00:04:17.277106] {Default Queue}  -> zwp_text_input_v3#89.set_cursor_rectangle(0, 0, 0, 0)
[00:04:17.277107] {Default Queue}  -> zwp_text_input_v3#89.commit()
[00:04:17.277114] {Default Queue}  -> xdg_activation_v1#15.get_activation_token(new id xdg_activation_token_v1#114)
[00:04:17.277115]  -> xdg_activation_token_v1#114.set_serial(71, wl_seat#3)
[00:04:17.277118]  -> xdg_activation_token_v1#114.commit()
[00:04:17.277194] xdg_activation_token_v1#114.done("cc4f7de9f2d6b7fddceab19bb1161174")
[00:04:17.277200]  -> xdg_activation_token_v1#114.destroy()
[00:04:17.277202] {Default Queue}  -> xdg_activation_v1#15.activate("cc4f7de9f2d6b7fddceab19bb1161174", wl_surface#110)
info: event=popup-opened output=1
[00:04:17.277230] {Default Queue} zwlr_layer_surface_v1#72.configure(77, 1280, 64)
[00:04:17.277236] {Default Queue}  -> zwlr_layer_surface_v1#72.ack_configure(77)
[00:04:17.277237] {Default Queue} zwlr_layer_surface_v1#98.configure(78, 1280, 8)
[00:04:17.277240] {Default Queue}  -> zwlr_layer_surface_v1#98.ack_configure(78)
[00:04:17.277240] {Default Queue} zwlr_layer_surface_v1#66.configure(79, 1280, 720)
[00:04:17.277242] {Default Queue}  -> zwlr_layer_surface_v1#66.ack_configure(79)
[00:04:17.277243] {Default Queue} zwlr_layer_surface_v1#126.configure(80, 1280, 648)
[00:04:17.277249] {Default Queue}  -> zwlr_layer_surface_v1#126.ack_configure(80)
[00:04:17.277282]  -> wl_surface#95.commit()
[00:04:17.277294]  -> wl_surface#62.commit()
[00:04:17.277921] {Default Queue}  -> wl_shm#5.create_pool(new id wl_shm_pool#115, fd 18, 3317760)
[00:04:17.277926] {Default Queue}  -> wl_shm_pool#115.create_buffer(new id wl_buffer#90, 0, 1280, 648, 5120, 0)
[00:04:17.278663] {Default Queue}  -> wl_compositor#4.create_region(new id wl_region#117)
[00:04:17.278668] {Default Queue}  -> wl_region#117.add(344, 24, 592, 600)
[00:04:17.278671]  -> wl_surface#110.set_opaque_region(wl_region#117)
[00:04:17.278672] {Default Queue}  -> wl_region#117.destroy()
[00:04:17.278674] {Default Queue}  -> wp_viewport#92.set_destination(1280, 648)
[00:04:17.278676]  -> wl_surface#110.attach(wl_buffer#90, 0, 0)
[00:04:17.278678]  -> wl_surface#110.damage_buffer(0, 0, 1280, 648)
[00:04:17.278680]  -> wl_surface#110.frame(new id wl_callback#121)
[00:04:17.278682] {Default Queue}  -> wp_presentation#20.feedback(wl_surface#110, new id wp_presentation_feedback#108)
[00:04:17.278684]  -> wl_surface#110.commit()
info: event=launcher-results count=113 shown=113 publish_us=4959
[00:04:17.282261] {Display Queue} wl_display#1.delete_id(114)
[00:04:17.282267] {Display Queue} wl_display#1.delete_id(117)
[00:04:17.282285] {Default Queue} zwlr_layer_surface_v1#72.configure(81, 1280, 64)
[00:04:17.282296] {Default Queue}  -> zwlr_layer_surface_v1#72.ack_configure(81)
[00:04:17.282299] {Default Queue} zwlr_layer_surface_v1#98.configure(82, 1280, 8)
[00:04:17.282305] {Default Queue}  -> zwlr_layer_surface_v1#98.ack_configure(82)
[00:04:17.282306] {Default Queue} zwlr_layer_surface_v1#66.configure(83, 1280, 720)
[00:04:17.282309] {Default Queue}  -> zwlr_layer_surface_v1#66.ack_configure(83)
[00:04:17.282310] {Default Queue} zwlr_layer_surface_v1#126.configure(84, 1280, 648)
[00:04:17.282312] {Default Queue}  -> zwlr_layer_surface_v1#126.ack_configure(84)
[00:04:17.282314] {Default Queue} wp_fractional_scale_v1#104.preferred_scale(120)
[00:04:17.282315] {Default Queue} wl_data_device#35.selection(nil)
[00:04:17.282322] {Default Queue} zwp_primary_selection_device_v1#34.selection(nil)
[00:04:17.282325] {Default Queue} wl_pointer#120.enter(87, wl_surface#110, 100.00000000, 92.00000000)
[00:04:17.282329] {Default Queue}  -> wp_cursor_shape_device_v1#125.set_shape(87, 1)
[00:04:17.282330] {Default Queue} wl_pointer#120.frame()
[00:04:17.282333] wl_surface#110.enter(wl_output#60)
[00:04:17.282466] wl_surface#110.enter(wl_output#28)
[00:04:17.282481] wl_surface#110.preferred_buffer_scale(1)
[00:04:17.282996] {Default Queue}  -> zwlr_layer_surface_v1#126.destroy()
[00:04:17.282999]  -> wl_surface#110.attach(nil, 0, 0)
[00:04:17.283001]  -> wl_surface#110.commit()
[00:04:17.283204] {Default Queue}  -> wp_viewport#92.destroy()
[00:04:17.283206] {Default Queue}  -> wp_fractional_scale_v1#104.destroy()
[00:04:17.283207]  -> wl_surface#110.destroy()
info: event=popup-closed
[00:04:17.285338] {Default Queue}  -> wl_compositor#4.create_surface(new id wl_surface#117)
[00:04:17.285341] {Default Queue}  -> wp_fractional_scale_manager_v1#11.get_fractional_scale(new id wp_fractional_scale_v1#114, wl_surface#117)
[00:04:17.285343] {Default Queue}  -> wp_viewporter#10.get_viewport(new id wp_viewport#111, wl_surface#117)
[00:04:17.285360] {Default Queue}  -> xdg_toplevel_icon_manager_v1#9.create_icon(new id xdg_toplevel_icon_v1#118)
[00:04:17.285370] {Default Queue}  -> zwlr_layer_shell_v1#46.get_layer_surface(new id zwlr_layer_surface_v1#122, wl_surface#117, wl_output#31, 3, "pearl:popup")
[00:04:17.285373] {Default Queue}  -> zwlr_layer_surface_v1#122.set_keyboard_interactivity(1)
[00:04:17.285374] {Default Queue}  -> zwlr_layer_surface_v1#122.set_exclusive_zone(0)
[00:04:17.285374] {Default Queue}  -> zwlr_layer_surface_v1#122.set_anchor(15)
[00:04:17.285375] {Default Queue}  -> zwlr_layer_surface_v1#122.set_margin(0, 0, 0, 0)
[00:04:17.285376] {Default Queue}  -> zwlr_layer_surface_v1#122.set_size(0, 0)
[00:04:17.285379]  -> wl_surface#117.commit()
[00:04:17.285449] {Default Queue}  -> zwp_text_input_v3#89.set_surrounding_text("", 0, 0)
[00:04:17.285452] {Default Queue}  -> zwp_text_input_v3#89.set_text_change_cause(1)
[00:04:17.285453] {Default Queue}  -> zwp_text_input_v3#89.set_content_type(0, 0)
[00:04:17.285463] {Default Queue}  -> zwp_text_input_v3#89.set_cursor_rectangle(0, 0, 0, 0)
[00:04:17.285464] {Default Queue}  -> zwp_text_input_v3#89.commit()
[00:04:17.285465] {Default Queue}  -> xdg_activation_v1#15.get_activation_token(new id xdg_activation_token_v1#128)
[00:04:17.285467]  -> xdg_activation_token_v1#128.set_serial(71, wl_seat#3)
[00:04:17.285468]  -> xdg_activation_token_v1#128.commit()
[00:04:17.285551] discarded [unknown]#108.[event 2](0 fd, 8 byte)
[00:04:17.285553] {Display Queue} wl_display#1.delete_id(126)
[00:04:17.285555] {Display Queue} wl_display#1.delete_id(108)
[00:04:17.285555] {Display Queue} wl_display#1.delete_id(92)
[00:04:17.285556] {Display Queue} wl_display#1.delete_id(104)
[00:04:17.285556] {Display Queue} wl_display#1.delete_id(121)
[00:04:17.285557] {Display Queue} wl_display#1.delete_id(110)
[00:04:17.285563] xdg_activation_token_v1#128.done("76fd21557a9241616a014aad526ce7a3")
[00:04:17.285564]  -> xdg_activation_token_v1#128.destroy()
[00:04:17.285565] {Default Queue}  -> xdg_activation_v1#15.activate("76fd21557a9241616a014aad526ce7a3", wl_surface#117)
info: event=popup-opened output=2
[00:04:17.285581] {Default Queue} zwlr_layer_surface_v1#72.configure(89, 1280, 64)
[00:04:17.285583] {Default Queue}  -> zwlr_layer_surface_v1#72.ack_configure(89)
[00:04:17.285584] {Default Queue} zwlr_layer_surface_v1#98.configure(90, 1280, 8)
[00:04:17.285585] {Default Queue}  -> zwlr_layer_surface_v1#98.ack_configure(90)
[00:04:17.285585] {Default Queue} zwlr_layer_surface_v1#66.configure(91, 1280, 720)
[00:04:17.285586] {Default Queue}  -> zwlr_layer_surface_v1#66.ack_configure(91)
[00:04:17.285587] {Default Queue} wl_buffer#90.release()
[00:04:17.285588] {Default Queue}  -> wl_buffer#90.destroy()
[00:04:17.285590] {Default Queue}  -> wl_shm_pool#115.destroy()
[00:04:17.285655] {Default Queue} wl_pointer#120.leave(92, nil)
[00:04:17.285658] {Default Queue} wl_pointer#120.frame()
[00:04:17.285659] {Default Queue} zwlr_layer_surface_v1#82.configure(93, 853, 102)
[00:04:17.285661] {Default Queue}  -> zwlr_layer_surface_v1#82.ack_configure(93)
[00:04:17.285662] {Default Queue} zwlr_layer_surface_v1#77.configure(94, 853, 480)
[00:04:17.285663] {Default Queue}  -> zwlr_layer_surface_v1#77.ack_configure(94)
[00:04:17.285664] {Default Queue} zwlr_layer_surface_v1#122.configure(95, 853, 378)
[00:04:17.285667] {Default Queue}  -> zwlr_layer_surface_v1#122.ack_configure(95)
[00:04:17.285670] {Default Queue}  -> xdg_toplevel_icon_v1#107.destroy()
[00:04:17.285699]  -> wl_surface#67.commit()
[00:04:17.286186] {Default Queue}  -> wl_shm#5.create_pool(new id wl_shm_pool#110, fd 18, 1289736)
[00:04:17.286190] {Default Queue}  -> wl_shm_pool#110.create_buffer(new id wl_buffer#121, 0, 853, 378, 3412, 0)
[00:04:17.286474] {Default Queue}  -> wl_compositor#4.create_region(new id wl_region#104)
[00:04:17.286476] {Default Queue}  -> wl_region#104.add(130, 0, 592, 378)
[00:04:17.286477]  -> wl_surface#117.set_opaque_region(wl_region#104)
[00:04:17.286478] {Default Queue}  -> wl_region#104.destroy()
[00:04:17.286479] {Default Queue}  -> wp_viewport#111.set_destination(853, 378)
[00:04:17.286480]  -> wl_surface#117.attach(wl_buffer#121, 0, 0)
[00:04:17.286481]  -> wl_surface#117.damage_buffer(0, 0, 853, 378)
[00:04:17.286482]  -> wl_surface#117.frame(new id wl_callback#92)
[00:04:17.286483] {Default Queue}  -> wp_presentation#20.feedback(wl_surface#117, new id wp_presentation_feedback#108)
[00:04:17.286485]  -> wl_surface#117.commit()
info: event=launcher-results count=113 shown=113 publish_us=3135
[00:04:17.288824] {Display Queue} wl_display#1.delete_id(128)
[00:04:17.288826] {Display Queue} wl_display#1.delete_id(90)
[00:04:17.288827] {Display Queue} wl_display#1.delete_id(115)
[00:04:17.288828] {Display Queue} wl_display#1.delete_id(107)
[00:04:17.288828] {Display Queue} wl_display#1.delete_id(104)
[00:04:17.288829] {Default Queue} zwlr_layer_surface_v1#82.configure(96, 853, 102)
[00:04:17.288831] {Default Queue}  -> zwlr_layer_surface_v1#82.ack_configure(96)
[00:04:17.288832] {Default Queue} zwlr_layer_surface_v1#77.configure(97, 853, 480)
[00:04:17.288834] {Default Queue}  -> zwlr_layer_surface_v1#77.ack_configure(97)
[00:04:17.288834] {Default Queue} zwlr_layer_surface_v1#122.configure(98, 853, 378)
[00:04:17.288835] {Default Queue}  -> zwlr_layer_surface_v1#122.ack_configure(98)
[00:04:17.288836] {Default Queue} wp_fractional_scale_v1#114.preferred_scale(180)
[00:04:17.289158] {Default Queue} wl_data_device#35.selection(nil)
[00:04:17.289161] {Default Queue} zwp_primary_selection_device_v1#34.selection(nil)
[00:04:17.289163] wl_surface#117.enter(wl_output#61)
[00:04:17.289177] wl_surface#117.enter(wl_output#31)
[00:04:17.289188] wl_surface#117.preferred_buffer_scale(2)
[00:04:17.289283]  -> wl_surface#62.commit()
[00:04:17.289360]  -> wl_surface#95.commit()
info: event=launcher-results count=113 shown=113 publish_us=3525
[00:04:17.292888] {Display Queue} wl_display#1.delete_id(92)
[00:04:17.292893] {Display Queue} wl_display#1.delete_id(108)
[00:04:17.292894] {Default Queue} wl_callback#92.done(40180405)
[00:04:17.292898] {Default Queue} wp_presentation_feedback#108.sync_output(wl_output#61)
[00:04:17.292899] {Default Queue} wp_presentation_feedback#108.sync_output(wl_output#31)
[00:04:17.292900] {Default Queue} wp_presentation_feedback#108.presented(0, 40180, 405074014, 0, 0, 0, 0)
[00:04:17.293043] {Default Queue}  -> zwlr_layer_surface_v1#122.destroy()
[00:04:17.293045]  -> wl_surface#117.attach(nil, 0, 0)
[00:04:17.293047]  -> wl_surface#117.commit()
[00:04:17.293159] {Default Queue}  -> wp_viewport#111.destroy()
[00:04:17.293160] {Default Queue}  -> wp_fractional_scale_v1#114.destroy()
[00:04:17.293161]  -> wl_surface#117.destroy()
[00:04:17.293167] {Default Queue}  -> xdg_toplevel_icon_v1#118.destroy()
info: event=popup-closed
[00:04:17.294481] {Default Queue}  -> wl_compositor#4.create_region(new id wl_region#108)
[00:04:17.294484] {Default Queue}  -> wl_region#108.add(18, 4, 506, 56)
[00:04:17.294485]  -> wl_surface#68.set_opaque_region(wl_region#108)
[00:04:17.294486] {Default Queue}  -> wl_region#108.destroy()
[00:04:17.294488]  -> wl_surface#68.attach(wl_buffer#91, 0, 0)
[00:04:17.294489]  -> wl_surface#68.damage_buffer(0, 0, 1280, 64)
[00:04:17.294490]  -> wl_surface#68.frame(new id wl_callback#92)
[00:04:17.294491] {Default Queue}  -> wp_presentation#20.feedback(wl_surface#68, new id wp_presentation_feedback#104)
[00:04:17.294492]  -> wl_surface#68.commit()
[00:04:17.294521]  -> wl_surface#73.commit()
[00:04:17.294529] {Display Queue} wl_display#1.delete_id(122)
[00:04:17.294530] {Display Queue} wl_display#1.delete_id(111)
[00:04:17.294531] {Display Queue} wl_display#1.delete_id(114)
[00:04:17.294532] {Display Queue} wl_display#1.delete_id(117)
[00:04:17.294532] {Display Queue} wl_display#1.delete_id(118)
[00:04:17.294533] {Default Queue} zwlr_layer_surface_v1#82.configure(102, 853, 102)
[00:04:17.294536] {Default Queue}  -> zwlr_layer_surface_v1#82.ack_configure(102)
[00:04:17.294537] {Default Queue} zwlr_layer_surface_v1#77.configure(103, 853, 480)
[00:04:17.294537] {Default Queue}  -> zwlr_layer_surface_v1#77.ack_configure(103)
[00:04:17.294538] {Default Queue} wl_buffer#121.release()
[00:04:17.294539] {Default Queue}  -> wl_buffer#121.destroy()
[00:04:17.294540] {Default Queue}  -> wl_shm_pool#110.destroy()
[00:04:17.294591] {Display Queue} wl_display#1.delete_id(108)
[00:04:17.294592] {Default Queue} wl_buffer#101.release()
[00:04:17.304893]  -> wl_surface#67.commit()
[00:04:17.305516] {Display Queue} wl_display#1.delete_id(121)
[00:04:17.305519] {Display Queue} wl_display#1.delete_id(110)
[00:04:17.305520] {Display Queue} wl_display#1.delete_id(92)
[00:04:17.305520] {Display Queue} wl_display#1.delete_id(104)
[00:04:17.305521] {Default Queue} wl_callback#92.done(40180420)
[00:04:17.305524] {Default Queue} wp_presentation_feedback#104.sync_output(wl_output#60)
[00:04:17.305525] {Default Queue} wp_presentation_feedback#104.sync_output(wl_output#28)
[00:04:17.305526] {Default Queue} wp_presentation_feedback#104.presented(0, 40180, 420407822, 0, 0, 0, 0)
[00:04:17.305743] {Default Queue}  -> wl_compositor#4.create_region(new id wl_region#104)
[00:04:17.305745] {Default Queue}  -> wl_region#104.add(18, 4, 527, 56)
[00:04:17.305747]  -> wl_surface#68.set_opaque_region(wl_region#104)
[00:04:17.305748] {Default Queue}  -> wl_region#104.destroy()
[00:04:17.305749] {Default Queue}  -> wl_compositor#4.create_region(new id wl_region#92)
[00:04:17.305750] {Default Queue}  -> wl_region#92.add(19, 4, 504, 1)
[00:04:17.305751] {Default Queue}  -> wl_region#92.add(577, 4, 126, 1)
[00:04:17.305752] {Default Queue}  -> wl_region#92.add(888, 4, 373, 1)
[00:04:17.305753] {Default Queue}  -> wl_region#92.add(17, 5, 508, 1)
[00:04:17.305753] {Default Queue}  -> wl_region#92.add(575, 5, 130, 1)
[00:04:17.305754] {Default Queue}  -> wl_region#92.add(886, 5, 377, 1)
[00:04:17.305754] {Default Queue}  -> wl_region#92.add(16, 6, 510, 1)
[00:04:17.305755] {Default Queue}  -> wl_region#92.add(574, 6, 132, 1)
[00:04:17.305756] {Default Queue}  -> wl_region#92.add(885, 6, 379, 1)
[00:04:17.305756] {Default Queue}  -> wl_region#92.add(15, 7, 512, 1)
[00:04:17.305757] {Default Queue}  -> wl_region#92.add(573, 7, 134, 1)
[00:04:17.305757] {Default Queue}  -> wl_region#92.add(884, 7, 381, 1)
[00:04:17.305758] {Default Queue}  -> wl_region#92.add(14, 8, 514, 1)
[00:04:17.305759] {Default Queue}  -> wl_region#92.add(572, 8, 136, 1)
[00:04:17.305759] {Default Queue}  -> wl_region#92.add(883, 8, 383, 1)
[00:04:17.305760] {Default Queue}  -> wl_region#92.add(13, 9, 516, 1)
[00:04:17.305761] {Default Queue}  -> wl_region#92.add(571, 9, 138, 1)
[00:04:17.305761] {Default Queue}  -> wl_region#92.add(882, 9, 385, 1)
[00:04:17.305762] {Default Queue}  -> wl_region#92.add(12, 10, 518, 2)
[00:04:17.305762] {Default Queue}  -> wl_region#92.add(570, 10, 140, 2)
[00:04:17.305763] {Default Queue}  -> wl_region#92.add(881, 10, 387, 2)
[00:04:17.305764] {Default Queue}  -> wl_region#92.add(11, 12, 520, 5)
[00:04:17.305764] {Default Queue}  -> wl_region#92.add(569, 12, 142, 5)
[00:04:17.305765] {Default Queue}  -> wl_region#92.add(880, 12, 389, 5)
[00:04:17.305766] {Default Queue}  -> wl_region#92.add(10, 17, 522, 30)
[00:04:17.305766] {Default Queue}  -> wl_region#92.add(568, 17, 144, 30)
[00:04:17.305767] {Default Queue}  -> wl_region#92.add(879, 17, 391, 30)
[00:04:17.305767] {Default Queue}  -> wl_region#92.add(11, 47, 520, 5)
[00:04:17.305768] {Default Queue}  -> wl_region#92.add(569, 47, 142, 5)
[00:04:17.305769] {Default Queue}  -> wl_region#92.add(880, 47, 389, 5)
[00:04:17.305770] {Default Queue}  -> wl_region#92.add(12, 52, 518, 2)
[00:04:17.305770] {Default Queue}  -> wl_region#92.add(570, 52, 140, 2)
[00:04:17.305771] {Default Queue}  -> wl_region#92.add(881, 52, 387, 2)
[00:04:17.305772] {Default Queue}  -> wl_region#92.add(13, 54, 516, 1)
[00:04:17.305772] {Default Queue}  -> wl_region#92.add(571, 54, 138, 1)
[00:04:17.305773] {Default Queue}  -> wl_region#92.add(882, 54, 385, 1)
[00:04:17.305774] {Default Queue}  -> wl_region#92.add(14, 55, 514, 1)
[00:04:17.305774] {Default Queue}  -> wl_region#92.add(572, 55, 136, 1)
[00:04:17.305775] {Default Queue}  -> wl_region#92.add(883, 55, 383, 1)
[00:04:17.305776] {Default Queue}  -> wl_region#92.add(15, 56, 512, 1)
[00:04:17.305776] {Default Queue}  -> wl_region#92.add(573, 56, 134, 1)
[00:04:17.305777] {Default Queue}  -> wl_region#92.add(884, 56, 381, 1)
[00:04:17.305778] {Default Queue}  -> wl_region#92.add(16, 57, 510, 1)
[00:04:17.305778] {Default Queue}  -> wl_region#92.add(574, 57, 132, 1)
[00:04:17.305779] {Default Queue}  -> wl_region#92.add(885, 57, 379, 1)
[00:04:17.305779] {Default Queue}  -> wl_region#92.add(17, 58, 508, 1)
[00:04:17.305780] {Default Queue}  -> wl_region#92.add(575, 58, 130, 1)
[00:04:17.305781] {Default Queue}  -> wl_region#92.add(886, 58, 377, 1)
[00:04:17.305781] {Default Queue}  -> wl_region#92.add(19, 59, 504, 1)
[00:04:17.305782] {Default Queue}  -> wl_region#92.add(577, 59, 126, 1)
[00:04:17.305783] {Default Queue}  -> wl_region#92.add(888, 59, 373, 1)
[00:04:17.305783]  -> wl_surface#68.set_input_region(wl_region#92)
[00:04:17.305784] {Default Queue}  -> wl_region#92.destroy()
[00:04:17.305785]  -> wl_surface#68.attach(wl_buffer#101, 0, 0)
[00:04:17.305786]  -> wl_surface#68.damage_buffer(0, 0, 1280, 64)
[00:04:17.305787]  -> wl_surface#68.frame(new id wl_callback#110)
[00:04:17.305787] {Default Queue}  -> wp_presentation#20.feedback(wl_surface#68, new id wp_presentation_feedback#121)
[00:04:17.305789]  -> wl_surface#68.commit()
[00:04:17.305849] {Display Queue} wl_display#1.delete_id(104)
[00:04:17.305851] {Display Queue} wl_display#1.delete_id(92)
[00:04:17.305851] {Default Queue} wl_buffer#91.release()
[00:04:17.307594]  -> wl_surface#73.commit()
[00:04:17.321563] {Display Queue} wl_display#1.delete_id(110)
[00:04:17.321568] {Display Queue} wl_display#1.delete_id(121)
[00:04:17.321569] {Default Queue} wl_callback#110.done(40180436)
[00:04:17.321573] {Default Queue} wp_presentation_feedback#121.sync_output(wl_output#60)
[00:04:17.321575] {Default Queue} wp_presentation_feedback#121.sync_output(wl_output#28)
[00:04:17.321575] {Default Queue} wp_presentation_feedback#121.presented(0, 40180, 436452328, 0, 0, 0, 0)
[00:04:17.321778] {Default Queue}  -> wl_compositor#4.create_region(new id wl_region#121)
[00:04:17.321780] {Default Queue}  -> wl_region#121.add(19, 4, 525, 1)
[00:04:17.321782] {Default Queue}  -> wl_region#121.add(577, 4, 126, 1)
[00:04:17.321783] {Default Queue}  -> wl_region#121.add(888, 4, 373, 1)
[00:04:17.321784] {Default Queue}  -> wl_region#121.add(17, 5, 529, 1)
[00:04:17.321784] {Default Queue}  -> wl_region#121.add(575, 5, 130, 1)
[00:04:17.321785] {Default Queue}  -> wl_region#121.add(886, 5, 377, 1)
[00:04:17.321785] {Default Queue}  -> wl_region#121.add(16, 6, 531, 1)
[00:04:17.321786] {Default Queue}  -> wl_region#121.add(574, 6, 132, 1)
[00:04:17.321787] {Default Queue}  -> wl_region#121.add(885, 6, 379, 1)
[00:04:17.321787] {Default Queue}  -> wl_region#121.add(15, 7, 533, 1)
[00:04:17.321788] {Default Queue}  -> wl_region#121.add(573, 7, 134, 1)
[00:04:17.321789] {Default Queue}  -> wl_region#121.add(884, 7, 381, 1)
[00:04:17.321789] {Default Queue}  -> wl_region#121.add(14, 8, 535, 1)
[00:04:17.321790] {Default Queue}  -> wl_region#121.add(572, 8, 136, 1)
[00:04:17.321791] {Default Queue}  -> wl_region#121.add(883, 8, 383, 1)
[00:04:17.321791] {Default Queue}  -> wl_region#121.add(13, 9, 537, 1)
[00:04:17.321792] {Default Queue}  -> wl_region#121.add(571, 9, 138, 1)
[00:04:17.321793] {Default Queue}  -> wl_region#121.add(882, 9, 385, 1)
[00:04:17.321793] {Default Queue}  -> wl_region#121.add(12, 10, 539, 2)
[00:04:17.321794] {Default Queue}  -> wl_region#121.add(570, 10, 140, 2)
[00:04:17.321795] {Default Queue}  -> wl_region#121.add(881, 10, 387, 2)
[00:04:17.321795] {Default Queue}  -> wl_region#121.add(11, 12, 541, 5)
[00:04:17.321796] {Default Queue}  -> wl_region#121.add(569, 12, 142, 5)
[00:04:17.321796] {Default Queue}  -> wl_region#121.add(880, 12, 389, 5)
[00:04:17.321797] {Default Queue}  -> wl_region#121.add(10, 17, 543, 30)
[00:04:17.321798] {Default Queue}  -> wl_region#121.add(568, 17, 144, 30)
[00:04:17.321798] {Default Queue}  -> wl_region#121.add(879, 17, 391, 30)
[00:04:17.321799] {Default Queue}  -> wl_region#121.add(11, 47, 541, 5)
[00:04:17.321800] {Default Queue}  -> wl_region#121.add(569, 47, 142, 5)
[00:04:17.321800] {Default Queue}  -> wl_region#121.add(880, 47, 389, 5)
[00:04:17.321801] {Default Queue}  -> wl_region#121.add(12, 52, 539, 2)
[00:04:17.321802] {Default Queue}  -> wl_region#121.add(570, 52, 140, 2)
[00:04:17.321802] {Default Queue}  -> wl_region#121.add(881, 52, 387, 2)
[00:04:17.321803] {Default Queue}  -> wl_region#121.add(13, 54, 537, 1)
[00:04:17.321804] {Default Queue}  -> wl_region#121.add(571, 54, 138, 1)
[00:04:17.321804] {Default Queue}  -> wl_region#121.add(882, 54, 385, 1)
[00:04:17.321805] {Default Queue}  -> wl_region#121.add(14, 55, 535, 1)
[00:04:17.321805] {Default Queue}  -> wl_region#121.add(572, 55, 136, 1)
[00:04:17.321806] {Default Queue}  -> wl_region#121.add(883, 55, 383, 1)
[00:04:17.321807] {Default Queue}  -> wl_region#121.add(15, 56, 533, 1)
[00:04:17.321807] {Default Queue}  -> wl_region#121.add(573, 56, 134, 1)
[00:04:17.321808] {Default Queue}  -> wl_region#121.add(884, 56, 381, 1)
[00:04:17.321809] {Default Queue}  -> wl_region#121.add(16, 57, 531, 1)
[00:04:17.321809] {Default Queue}  -> wl_region#121.add(574, 57, 132, 1)
[00:04:17.321810] {Default Queue}  -> wl_region#121.add(885, 57, 379, 1)
[00:04:17.321810] {Default Queue}  -> wl_region#121.add(17, 58, 529, 1)
[00:04:17.321811] {Default Queue}  -> wl_region#121.add(575, 58, 130, 1)
[00:04:17.321812] {Default Queue}  -> wl_region#121.add(886, 58, 377, 1)
[00:04:17.321812] {Default Queue}  -> wl_region#121.add(19, 59, 525, 1)
[00:04:17.321813] {Default Queue}  -> wl_region#121.add(577, 59, 126, 1)
[00:04:17.321814] {Default Queue}  -> wl_region#121.add(888, 59, 373, 1)
[00:04:17.321815]  -> wl_surface#68.set_input_region(wl_region#121)
[00:04:17.321816] {Default Queue}  -> wl_region#121.destroy()
[00:04:17.321817]  -> wl_surface#68.attach(wl_buffer#91, 0, 0)
[00:04:17.321818]  -> wl_surface#68.damage_buffer(0, 0, 1280, 64)
[00:04:17.321819]  -> wl_surface#68.frame(new id wl_callback#110)
[00:04:17.321820] {Default Queue}  -> wp_presentation#20.feedback(wl_surface#68, new id wp_presentation_feedback#92)
[00:04:17.321821]  -> wl_surface#68.commit()
[00:04:17.321867] {Display Queue} wl_display#1.delete_id(121)
[00:04:17.321868] {Default Queue} wl_buffer#101.release()
[00:04:17.328090] {Default Queue} ext_foreign_toplevel_list_v1#58.toplevel(new id ext_foreign_toplevel_handle_v1#4278190080)
[00:04:17.328104] {Default Queue} ext_foreign_toplevel_handle_v1#4278190080.title("Pearl T00 normal window")
[00:04:17.328106] {Default Queue} ext_foreign_toplevel_handle_v1#4278190080.app_id("GTK Application")
[00:04:17.328108] {Default Queue} ext_foreign_toplevel_handle_v1#4278190080.identifier("9a0c9520804cc067ab3240555089a1de")
[00:04:17.328116] {Default Queue} ext_foreign_toplevel_handle_v1#4278190080.done()
[00:04:17.328995] {Default Queue}  -> wl_compositor#4.create_surface(new id wl_surface#121)
[00:04:17.328999] {Default Queue}  -> wp_fractional_scale_manager_v1#11.get_fractional_scale(new id wp_fractional_scale_v1#104, wl_surface#121)
[00:04:17.329002] {Default Queue}  -> wp_viewporter#10.get_viewport(new id wp_viewport#108, wl_surface#121)
[00:04:17.329030] {Default Queue}  -> xdg_toplevel_icon_manager_v1#9.create_icon(new id xdg_toplevel_icon_v1#118)
[00:04:17.329043] {Default Queue}  -> zwlr_layer_shell_v1#46.get_layer_surface(new id zwlr_layer_surface_v1#117, wl_surface#121, wl_output#28, 2, "pearl:dock")
[00:04:17.329046] {Default Queue}  -> zwlr_layer_surface_v1#117.set_keyboard_interactivity(0)
[00:04:17.329047] {Default Queue}  -> zwlr_layer_surface_v1#117.set_exclusive_zone(-1)
[00:04:17.329048] {Default Queue}  -> zwlr_layer_surface_v1#117.set_anchor(1)
[00:04:17.329049] {Default Queue}  -> zwlr_layer_surface_v1#117.set_margin(8, 0, 0, 0)
[00:04:17.329050] {Default Queue}  -> zwlr_layer_surface_v1#117.set_size(200, 200)
[00:04:17.329056]  -> wl_surface#121.commit()
[00:04:17.329227] {Default Queue}  -> wl_compositor#4.create_surface(new id wl_surface#114)
[00:04:17.329232] {Default Queue}  -> wp_fractional_scale_manager_v1#11.get_fractional_scale(new id wp_fractional_scale_v1#111, wl_surface#114)
[00:04:17.329235] {Default Queue}  -> wp_viewporter#10.get_viewport(new id wp_viewport#122, wl_surface#114)
[00:04:17.329256] {Default Queue}  -> xdg_toplevel_icon_manager_v1#9.create_icon(new id xdg_toplevel_icon_v1#107)
[00:04:17.329265] {Default Queue}  -> zwlr_layer_shell_v1#46.get_layer_surface(new id zwlr_layer_surface_v1#115, wl_surface#114, wl_output#28, 3, "pearl:dock-reveal")
[00:04:17.329267] {Default Queue}  -> zwlr_layer_surface_v1#115.set_keyboard_interactivity(0)
[00:04:17.329268] {Default Queue}  -> zwlr_layer_surface_v1#115.set_exclusive_zone(-1)
[00:04:17.329269] {Default Queue}  -> zwlr_layer_surface_v1#115.set_anchor(1)
[00:04:17.329270] {Default Queue}  -> zwlr_layer_surface_v1#115.set_margin(0, 0, 0, 0)
[00:04:17.329271] {Default Queue}  -> zwlr_layer_surface_v1#115.set_size(200, 200)
[00:04:17.329275]  -> wl_surface#114.commit()
[00:04:17.329438] {Default Queue} zwlr_layer_surface_v1#72.configure(107, 1280, 64)
[00:04:17.329472] {Default Queue}  -> zwlr_layer_surface_v1#72.ack_configure(107)
[00:04:17.329474] {Default Queue} zwlr_layer_surface_v1#98.configure(108, 1280, 8)
[00:04:17.329475] {Default Queue}  -> zwlr_layer_surface_v1#98.ack_configure(108)
[00:04:17.329476] {Default Queue} zwlr_layer_surface_v1#66.configure(109, 1280, 720)
[00:04:17.329477] {Default Queue}  -> zwlr_layer_surface_v1#66.ack_configure(109)
[00:04:17.329478] {Default Queue} zwlr_layer_surface_v1#117.configure(110, 200, 200)
[00:04:17.329572] {Default Queue}  -> zwlr_layer_surface_v1#117.ack_configure(110)
[00:04:17.329574] {Default Queue} zwlr_layer_surface_v1#72.configure(111, 1280, 64)
[00:04:17.329575] {Default Queue}  -> zwlr_layer_surface_v1#72.ack_configure(111)
[00:04:17.329575] {Default Queue} zwlr_layer_surface_v1#98.configure(112, 1280, 8)
[00:04:17.329577] {Default Queue}  -> zwlr_layer_surface_v1#98.ack_configure(112)
[00:04:17.329577] {Default Queue} zwlr_layer_surface_v1#66.configure(113, 1280, 720)
[00:04:17.329578] {Default Queue}  -> zwlr_layer_surface_v1#66.ack_configure(113)
[00:04:17.329579] {Default Queue} zwlr_layer_surface_v1#117.configure(114, 200, 200)
[00:04:17.329579] {Default Queue}  -> zwlr_layer_surface_v1#117.ack_configure(114)
[00:04:17.329580] {Default Queue} zwlr_layer_surface_v1#115.configure(115, 200, 200)
[00:04:17.329585] {Default Queue}  -> zwlr_layer_surface_v1#115.ack_configure(115)
[00:04:17.329594]  -> wl_surface#95.commit()
[00:04:17.329598]  -> wl_surface#62.commit()
[00:04:17.329860] {Default Queue}  -> wl_shm#5.create_pool(new id wl_shm_pool#90, fd 18, 19200)
[00:04:17.329864] {Default Queue}  -> wl_shm_pool#90.create_buffer(new id wl_buffer#128, 0, 60, 80, 240, 0)
[00:04:17.329944] {Default Queue}  -> zwlr_layer_surface_v1#117.set_size(60, 80)
[00:04:17.329946] {Default Queue}  -> wl_compositor#4.create_region(new id wl_region#126)
[00:04:17.329947] {Default Queue}  -> wl_region#126.add(0, 14, 60, 52)
[00:04:17.329948]  -> wl_surface#121.set_opaque_region(wl_region#126)
[00:04:17.329949] {Default Queue}  -> wl_region#126.destroy()
[00:04:17.329950] {Default Queue}  -> wp_viewport#108.set_destination(60, 80)
[00:04:17.329951]  -> wl_surface#121.attach(wl_buffer#128, 0, 0)
[00:04:17.329952]  -> wl_surface#121.damage_buffer(0, 0, 60, 80)
[00:04:17.329953]  -> wl_surface#121.frame(new id wl_callback#127)
[00:04:17.329954] {Default Queue}  -> wp_presentation#20.feedback(wl_surface#121, new id wp_presentation_feedback#129)
[00:04:17.329956]  -> wl_surface#121.commit()
[00:04:17.330012] {Default Queue}  -> wl_shm#5.create_pool(new id wl_shm_pool#130, fd 18, 480)
[00:04:17.330014] {Default Queue}  -> wl_shm_pool#130.create_buffer(new id wl_buffer#131, 0, 60, 2, 240, 0)
[00:04:17.330027] {Default Queue}  -> zwlr_layer_surface_v1#115.set_size(60, 2)
[00:04:17.330029] {Default Queue}  -> wp_viewport#122.set_destination(60, 2)
[00:04:17.330030]  -> wl_surface#114.attach(wl_buffer#131, 0, 0)
[00:04:17.330030]  -> wl_surface#114.damage_buffer(0, 0, 60, 2)
[00:04:17.330032]  -> wl_surface#114.frame(new id wl_callback#132)
[00:04:17.330033] {Default Queue}  -> wp_presentation#20.feedback(wl_surface#114, new id wp_presentation_feedback#133)
[00:04:17.330033]  -> wl_surface#114.commit()
[00:04:17.330071] {Display Queue} wl_display#1.delete_id(126)
[00:04:17.330073] {Default Queue} zwlr_layer_surface_v1#72.configure(116, 1280, 64)
[00:04:17.330075] {Default Queue}  -> zwlr_layer_surface_v1#72.ack_configure(116)
[00:04:17.330075] {Default Queue} zwlr_layer_surface_v1#98.configure(117, 1280, 8)
[00:04:17.330077] {Default Queue}  -> zwlr_layer_surface_v1#98.ack_configure(117)
[00:04:17.330078] {Default Queue} zwlr_layer_surface_v1#66.configure(118, 1280, 720)
[00:04:17.330079] {Default Queue}  -> zwlr_layer_surface_v1#66.ack_configure(118)
[00:04:17.330080] {Default Queue} zwlr_layer_surface_v1#117.configure(119, 60, 80)
[00:04:17.330081] {Default Queue}  -> zwlr_layer_surface_v1#117.ack_configure(119)
[00:04:17.330082] {Default Queue} wp_fractional_scale_v1#104.preferred_scale(120)
[00:04:17.330083] {Default Queue} zwlr_layer_surface_v1#115.configure(120, 200, 200)
[00:04:17.330084] {Default Queue}  -> zwlr_layer_surface_v1#115.ack_configure(120)
[00:04:17.330085] {Default Queue} zwlr_layer_surface_v1#72.configure(121, 1280, 64)
[00:04:17.330085] {Default Queue}  -> zwlr_layer_surface_v1#72.ack_configure(121)
[00:04:17.330086] {Default Queue} zwlr_layer_surface_v1#98.configure(122, 1280, 8)
[00:04:17.330087] {Default Queue}  -> zwlr_layer_surface_v1#98.ack_configure(122)
[00:04:17.330088] {Default Queue} zwlr_layer_surface_v1#66.configure(123, 1280, 720)
[00:04:17.330088] {Default Queue}  -> zwlr_layer_surface_v1#66.ack_configure(123)
[00:04:17.330089] {Default Queue} zwlr_layer_surface_v1#117.configure(124, 60, 80)
[00:04:17.330090] {Default Queue}  -> zwlr_layer_surface_v1#117.ack_configure(124)
[00:04:17.330090] {Default Queue} zwlr_layer_surface_v1#115.configure(125, 200, 200)
[00:04:17.330091] {Default Queue}  -> zwlr_layer_surface_v1#115.ack_configure(125)
[00:04:17.330092] wl_surface#121.enter(wl_output#60)
[00:04:17.330106] wl_surface#121.enter(wl_output#28)
[00:04:17.330109] wl_surface#121.preferred_buffer_scale(1)
[00:04:17.330187] {Default Queue} zwlr_layer_surface_v1#72.configure(126, 1280, 64)
[00:04:17.330188] {Default Queue}  -> zwlr_layer_surface_v1#72.ack_configure(126)
[00:04:17.330189] {Default Queue} zwlr_layer_surface_v1#98.configure(127, 1280, 8)
[00:04:17.330190] {Default Queue}  -> zwlr_layer_surface_v1#98.ack_configure(127)
[00:04:17.330190] {Default Queue} zwlr_layer_surface_v1#66.configure(128, 1280, 720)
[00:04:17.330191] {Default Queue}  -> zwlr_layer_surface_v1#66.ack_configure(128)
[00:04:17.330192] {Default Queue} zwlr_layer_surface_v1#117.configure(129, 60, 80)
[00:04:17.330192] {Default Queue}  -> zwlr_layer_surface_v1#117.ack_configure(129)
[00:04:17.330193] {Default Queue} zwlr_layer_surface_v1#115.configure(130, 60, 2)
[00:04:17.330194] {Default Queue}  -> zwlr_layer_surface_v1#115.ack_configure(130)
[00:04:17.330194] {Default Queue} wp_fractional_scale_v1#111.preferred_scale(120)
[00:04:17.330195] {Default Queue} zwlr_layer_surface_v1#72.configure(131, 1280, 64)
[00:04:17.330196] {Default Queue}  -> zwlr_layer_surface_v1#72.ack_configure(131)
[00:04:17.330196] {Default Queue} zwlr_layer_surface_v1#98.configure(132, 1280, 8)
[00:04:17.330197] {Default Queue}  -> zwlr_layer_surface_v1#98.ack_configure(132)
[00:04:17.330197] {Default Queue} zwlr_layer_surface_v1#66.configure(133, 1280, 720)
[00:04:17.330198] {Default Queue}  -> zwlr_layer_surface_v1#66.ack_configure(133)
[00:04:17.330198] {Default Queue} zwlr_layer_surface_v1#117.configure(134, 60, 80)
[00:04:17.330199] {Default Queue}  -> zwlr_layer_surface_v1#117.ack_configure(134)
[00:04:17.330200] {Default Queue} zwlr_layer_surface_v1#115.configure(135, 60, 2)
[00:04:17.330200] {Default Queue}  -> zwlr_layer_surface_v1#115.ack_configure(135)
[00:04:17.330201] wl_surface#114.enter(wl_output#60)
[00:04:17.330202] wl_surface#114.enter(wl_output#28)
[00:04:17.330203] wl_surface#114.preferred_buffer_scale(1)
[00:04:17.337817] {Display Queue} wl_display#1.delete_id(110)
[00:04:17.337822] {Display Queue} wl_display#1.delete_id(127)
[00:04:17.337823] {Display Queue} wl_display#1.delete_id(132)
[00:04:17.337823] {Display Queue} wl_display#1.delete_id(92)
[00:04:17.337824] {Display Queue} wl_display#1.delete_id(129)
[00:04:17.337825] {Display Queue} wl_display#1.delete_id(133)
[00:04:17.337825] {Default Queue} wl_callback#110.done(40180452)
[00:04:17.337829] {Default Queue} wl_callback#127.done(40180452)
[00:04:17.337830] {Default Queue} wl_callback#132.done(40180452)
[00:04:17.337831] {Default Queue} wp_presentation_feedback#92.sync_output(wl_output#60)
[00:04:17.337832] {Default Queue} wp_presentation_feedback#92.sync_output(wl_output#28)
[00:04:17.337833] {Default Queue} wp_presentation_feedback#92.presented(0, 40180, 452704575, 0, 0, 0, 0)
[00:04:17.337835] {Default Queue} wp_presentation_feedback#129.sync_output(wl_output#60)
[00:04:17.337836] {Default Queue} wp_presentation_feedback#129.sync_output(wl_output#28)
[00:04:17.337837] {Default Queue} wp_presentation_feedback#129.presented(0, 40180, 452704575, 0, 0, 0, 0)
[00:04:17.337838] {Default Queue} wp_presentation_feedback#133.sync_output(wl_output#60)
[00:04:17.337838] {Default Queue} wp_presentation_feedback#133.sync_output(wl_output#28)
[00:04:17.337839] {Default Queue} wp_presentation_feedback#133.presented(0, 40180, 452704575, 0, 0, 0, 0)
[00:04:17.338172] {Default Queue}  -> wl_compositor#4.create_region(new id wl_region#133)
[00:04:17.338175] {Default Queue}  -> wl_region#133.add(18, 4, 639, 56)
[00:04:17.338177]  -> wl_surface#68.set_opaque_region(wl_region#133)
[00:04:17.338178] {Default Queue}  -> wl_region#133.destroy()
[00:04:17.338179]  -> wl_surface#68.attach(wl_buffer#101, 0, 0)
[00:04:17.338180]  -> wl_surface#68.damage_buffer(0, 0, 1280, 64)
[00:04:17.338181]  -> wl_surface#68.frame(new id wl_callback#129)
[00:04:17.338182] {Default Queue}  -> wp_presentation#20.feedback(wl_surface#68, new id wp_presentation_feedback#92)
[00:04:17.338184]  -> wl_surface#68.commit()
[00:04:17.338237] {Default Queue}  -> wl_shm#5.create_pool(new id wl_shm_pool#132, fd 18, 19200)
[00:04:17.338239] {Default Queue}  -> wl_shm_pool#132.create_buffer(new id wl_buffer#127, 0, 60, 80, 240, 0)
[00:04:17.338288] {Default Queue}  -> wl_compositor#4.create_region(new id wl_region#110)
[00:04:17.338290] {Default Queue}  -> wl_region#110.add(9, 0, 42, 1)
[00:04:17.338290] {Default Queue}  -> wl_region#110.add(7, 1, 46, 1)
[00:04:17.338291] {Default Queue}  -> wl_region#110.add(6, 2, 48, 1)
[00:04:17.338292] {Default Queue}  -> wl_region#110.add(5, 3, 50, 1)
[00:04:17.338293] {Default Queue}  -> wl_region#110.add(4, 4, 52, 1)
[00:04:17.338293] {Default Queue}  -> wl_region#110.add(3, 5, 54, 1)
[00:04:17.338294] {Default Queue}  -> wl_region#110.add(2, 6, 56, 2)
[00:04:17.338295] {Default Queue}  -> wl_region#110.add(1, 8, 58, 5)
[00:04:17.338295] {Default Queue}  -> wl_region#110.add(0, 13, 60, 54)
[00:04:17.338296] {Default Queue}  -> wl_region#110.add(1, 67, 58, 5)
[00:04:17.338297] {Default Queue}  -> wl_region#110.add(2, 72, 56, 2)
[00:04:17.338297] {Default Queue}  -> wl_region#110.add(3, 74, 54, 1)
[00:04:17.338298] {Default Queue}  -> wl_region#110.add(4, 75, 52, 1)
[00:04:17.338298] {Default Queue}  -> wl_region#110.add(5, 76, 50, 1)
[00:04:17.338299] {Default Queue}  -> wl_region#110.add(6, 77, 48, 1)
[00:04:17.338300] {Default Queue}  -> wl_region#110.add(7, 78, 46, 1)
[00:04:17.338300] {Default Queue}  -> wl_region#110.add(9, 79, 42, 1)
[00:04:17.338301]  -> wl_surface#121.set_input_region(wl_region#110)
[00:04:17.338302] {Default Queue}  -> wl_region#110.destroy()
[00:04:17.338303]  -> wl_surface#121.attach(wl_buffer#127, 0, 0)
[00:04:17.338303]  -> wl_surface#121.damage_buffer(0, 0, 60, 80)
[00:04:17.338304]  -> wl_surface#121.frame(new id wl_callback#126)
[00:04:17.338305] {Default Queue}  -> wp_presentation#20.feedback(wl_surface#121, new id wp_presentation_feedback#134)
[00:04:17.338306]  -> wl_surface#121.commit()
[00:04:17.338310]  -> wl_surface#114.commit()
[00:04:17.338318] {Display Queue} wl_display#1.delete_id(133)
[00:04:17.338320] {Default Queue} wl_buffer#91.release()
[00:04:17.338339] {Display Queue} wl_display#1.delete_id(110)
[00:04:17.338340] {Default Queue} wl_buffer#128.release()
[00:04:17.339105]  -> wl_surface#95.commit()
[00:04:17.353934] {Display Queue} wl_display#1.delete_id(129)
[00:04:17.353938] {Display Queue} wl_display#1.delete_id(126)
[00:04:17.353939] {Display Queue} wl_display#1.delete_id(92)
[00:04:17.353940] {Display Queue} wl_display#1.delete_id(134)
[00:04:17.353940] {Default Queue} wl_callback#129.done(40180468)
[00:04:17.353944] {Default Queue} wl_callback#126.done(40180468)
[00:04:17.353946] {Default Queue} wp_presentation_feedback#92.sync_output(wl_output#60)
[00:04:17.353947] {Default Queue} wp_presentation_feedback#92.sync_output(wl_output#28)
[00:04:17.353948] {Default Queue} wp_presentation_feedback#92.presented(0, 40180, 468823711, 0, 0, 0, 0)
[00:04:17.353949] {Default Queue} wp_presentation_feedback#134.sync_output(wl_output#60)
[00:04:17.353950] {Default Queue} wp_presentation_feedback#134.sync_output(wl_output#28)
[00:04:17.353951] {Default Queue} wp_presentation_feedback#134.presented(0, 40180, 468823711, 0, 0, 0, 0)
[00:04:17.354148] {Default Queue}  -> wl_compositor#4.create_region(new id wl_region#134)
[00:04:17.354151] {Default Queue}  -> wl_region#134.add(19, 4, 637, 1)
[00:04:17.354152] {Default Queue}  -> wl_region#134.add(686, 4, 126, 1)
[00:04:17.354153] {Default Queue}  -> wl_region#134.add(888, 4, 373, 1)
[00:04:17.354153] {Default Queue}  -> wl_region#134.add(17, 5, 641, 1)
[00:04:17.354154] {Default Queue}  -> wl_region#134.add(684, 5, 130, 1)
[00:04:17.354154] {Default Queue}  -> wl_region#134.add(886, 5, 377, 1)
[00:04:17.354155] {Default Queue}  -> wl_region#134.add(16, 6, 643, 1)
[00:04:17.354156] {Default Queue}  -> wl_region#134.add(683, 6, 132, 1)
[00:04:17.354156] {Default Queue}  -> wl_region#134.add(885, 6, 379, 1)
[00:04:17.354157] {Default Queue}  -> wl_region#134.add(15, 7, 645, 1)
[00:04:17.354158] {Default Queue}  -> wl_region#134.add(682, 7, 134, 1)
[00:04:17.354158] {Default Queue}  -> wl_region#134.add(884, 7, 381, 1)
[00:04:17.354159] {Default Queue}  -> wl_region#134.add(14, 8, 647, 1)
[00:04:17.354159] {Default Queue}  -> wl_region#134.add(681, 8, 136, 1)
[00:04:17.354160] {Default Queue}  -> wl_region#134.add(883, 8, 383, 1)
[00:04:17.354161] {Default Queue}  -> wl_region#134.add(13, 9, 649, 1)
[00:04:17.354161] {Default Queue}  -> wl_region#134.add(680, 9, 138, 1)
[00:04:17.354162] {Default Queue}  -> wl_region#134.add(882, 9, 385, 1)
[00:04:17.354163] {Default Queue}  -> wl_region#134.add(12, 10, 651, 2)
[00:04:17.354163] {Default Queue}  -> wl_region#134.add(679, 10, 140, 2)
[00:04:17.354164] {Default Queue}  -> wl_region#134.add(881, 10, 387, 2)
[00:04:17.354164] {Default Queue}  -> wl_region#134.add(11, 12, 653, 5)
[00:04:17.354165] {Default Queue}  -> wl_region#134.add(678, 12, 142, 5)
[00:04:17.354166] {Default Queue}  -> wl_region#134.add(880, 12, 389, 5)
[00:04:17.354166] {Default Queue}  -> wl_region#134.add(10, 17, 655, 30)
[00:04:17.354167] {Default Queue}  -> wl_region#134.add(677, 17, 144, 30)
[00:04:17.354168] {Default Queue}  -> wl_region#134.add(879, 17, 391, 30)
[00:04:17.354168] {Default Queue}  -> wl_region#134.add(11, 47, 653, 5)
[00:04:17.354169] {Default Queue}  -> wl_region#134.add(678, 47, 142, 5)
[00:04:17.354170] {Default Queue}  -> wl_region#134.add(880, 47, 389, 5)
[00:04:17.354170] {Default Queue}  -> wl_region#134.add(12, 52, 651, 2)
[00:04:17.354171] {Default Queue}  -> wl_region#134.add(679, 52, 140, 2)
[00:04:17.354171] {Default Queue}  -> wl_region#134.add(881, 52, 387, 2)
[00:04:17.354172] {Default Queue}  -> wl_region#134.add(13, 54, 649, 1)
[00:04:17.354173] {Default Queue}  -> wl_region#134.add(680, 54, 138, 1)
[00:04:17.354173] {Default Queue}  -> wl_region#134.add(882, 54, 385, 1)
[00:04:17.354174] {Default Queue}  -> wl_region#134.add(14, 55, 647, 1)
[00:04:17.354175] {Default Queue}  -> wl_region#134.add(681, 55, 136, 1)
[00:04:17.354175] {Default Queue}  -> wl_region#134.add(883, 55, 383, 1)
[00:04:17.354176] {Default Queue}  -> wl_region#134.add(15, 56, 645, 1)
[00:04:17.354176] {Default Queue}  -> wl_region#134.add(682, 56, 134, 1)
[00:04:17.354177] {Default Queue}  -> wl_region#134.add(884, 56, 381, 1)
[00:04:17.354178] {Default Queue}  -> wl_region#134.add(16, 57, 643, 1)
[00:04:17.354178] {Default Queue}  -> wl_region#134.add(683, 57, 132, 1)
[00:04:17.354179] {Default Queue}  -> wl_region#134.add(885, 57, 379, 1)
[00:04:17.354180] {Default Queue}  -> wl_region#134.add(17, 58, 641, 1)
[00:04:17.354180] {Default Queue}  -> wl_region#134.add(684, 58, 130, 1)
[00:04:17.354181] {Default Queue}  -> wl_region#134.add(886, 58, 377, 1)
[00:04:17.354182] {Default Queue}  -> wl_region#134.add(19, 59, 637, 1)
[00:04:17.354182] {Default Queue}  -> wl_region#134.add(686, 59, 126, 1)
[00:04:17.354183] {Default Queue}  -> wl_region#134.add(888, 59, 373, 1)
[00:04:17.354184]  -> wl_surface#68.set_input_region(wl_region#134)
[00:04:17.354185] {Default Queue}  -> wl_region#134.destroy()
[00:04:17.354186]  -> wl_surface#68.attach(wl_buffer#91, 0, 0)
[00:04:17.354187]  -> wl_surface#68.damage_buffer(0, 0, 1280, 64)
[00:04:17.354188]  -> wl_surface#68.frame(new id wl_callback#92)
[00:04:17.354189] {Default Queue}  -> wp_presentation#20.feedback(wl_surface#68, new id wp_presentation_feedback#126)
[00:04:17.354190]  -> wl_surface#68.commit()
[00:04:17.354209]  -> wl_surface#62.commit()
[00:04:17.354230] {Display Queue} wl_display#1.delete_id(134)
[00:04:17.354232] {Default Queue} wl_buffer#101.release()
[00:04:17.355957] {Default Queue}  -> zwlr_layer_surface_v1#117.destroy()
[00:04:17.355961]  -> wl_surface#121.attach(nil, 0, 0)
[00:04:17.355963]  -> wl_surface#121.commit()
[00:04:17.356013] {Default Queue}  -> wl_shm#5.create_pool(new id wl_shm_pool#134, fd 18, 480)
[00:04:17.356016] {Default Queue}  -> wl_shm_pool#134.create_buffer(new id wl_buffer#129, 0, 60, 2, 240, 0)
[00:04:17.356033]  -> wl_surface#114.attach(wl_buffer#129, 0, 0)
[00:04:17.356035]  -> wl_surface#114.damage_buffer(0, 0, 60, 2)
[00:04:17.356036]  -> wl_surface#114.frame(new id wl_callback#110)
[00:04:17.356037] {Default Queue}  -> wp_presentation#20.feedback(wl_surface#114, new id wp_presentation_feedback#133)
[00:04:17.356039]  -> wl_surface#114.commit()
[00:04:17.356048] {Display Queue} wl_display#1.delete_id(117)
[00:04:17.356050] {Default Queue} zwlr_layer_surface_v1#72.configure(138, 1280, 64)
[00:04:17.356052] {Default Queue}  -> zwlr_layer_surface_v1#72.ack_configure(138)
[00:04:17.356053] {Default Queue} zwlr_layer_surface_v1#98.configure(139, 1280, 8)
[00:04:17.356055] {Default Queue}  -> zwlr_layer_surface_v1#98.ack_configure(139)
[00:04:17.356055] {Default Queue} zwlr_layer_surface_v1#66.configure(140, 1280, 720)
[00:04:17.356056] {Default Queue}  -> zwlr_layer_surface_v1#66.ack_configure(140)
[00:04:17.356057] {Default Queue} zwlr_layer_surface_v1#115.configure(141, 60, 2)
[00:04:17.356058] {Default Queue}  -> zwlr_layer_surface_v1#115.ack_configure(141)
[00:04:17.356059] {Default Queue} wl_buffer#127.release()
[00:04:17.356060] {Default Queue}  -> wl_buffer#127.destroy()
[00:04:17.356060] {Default Queue}  -> wl_shm_pool#132.destroy()
[00:04:17.356068] {Default Queue} wl_buffer#131.release()
[00:04:17.356072]  -> wl_surface#95.commit()
[00:04:17.370635] {Display Queue} wl_display#1.delete_id(127)
[00:04:17.370645] {Display Queue} wl_display#1.delete_id(132)
[00:04:17.370646] {Display Queue} wl_display#1.delete_id(92)
[00:04:17.370647] {Display Queue} wl_display#1.delete_id(110)
[00:04:17.370648] {Display Queue} wl_display#1.delete_id(126)
[00:04:17.370649] {Display Queue} wl_display#1.delete_id(133)
[00:04:17.370650] {Default Queue} wl_callback#92.done(40180485)
[00:04:17.370660] {Default Queue} wl_callback#110.done(40180485)
[00:04:17.370662] {Default Queue} wp_presentation_feedback#126.sync_output(wl_output#60)
[00:04:17.370664] {Default Queue} wp_presentation_feedback#126.sync_output(wl_output#28)
[00:04:17.370665] {Default Queue} wp_presentation_feedback#126.presented(0, 40180, 485497342, 0, 0, 0, 0)
[00:04:17.370667] {Default Queue} wp_presentation_feedback#133.sync_output(wl_output#60)
[00:04:17.370668] {Default Queue} wp_presentation_feedback#133.sync_output(wl_output#28)
[00:04:17.370669] {Default Queue} wp_presentation_feedback#133.presented(0, 40180, 485497342, 0, 0, 0, 0)
[00:04:17.370691]  -> wl_surface#68.commit()
[00:04:17.370711]  -> wl_surface#114.commit()
[00:04:17.371133]  -> wl_surface#62.commit()
[00:04:17.657873] {Default Queue}  -> wl_compositor#4.create_surface(new id wl_surface#133)
[00:04:17.657881] {Default Queue}  -> wp_fractional_scale_manager_v1#11.get_fractional_scale(new id wp_fractional_scale_v1#126, wl_surface#133)
[00:04:17.657884] {Default Queue}  -> wp_viewporter#10.get_viewport(new id wp_viewport#110, wl_surface#133)
[00:04:17.657914] {Default Queue}  -> xdg_toplevel_icon_manager_v1#9.create_icon(new id xdg_toplevel_icon_v1#92)
[00:04:17.657933] {Default Queue}  -> zwlr_layer_shell_v1#46.get_layer_surface(new id zwlr_layer_surface_v1#132, wl_surface#133, wl_output#28, 3, "pearl:osd")
[00:04:17.657936] {Default Queue}  -> zwlr_layer_surface_v1#132.set_keyboard_interactivity(0)
[00:04:17.657937] {Default Queue}  -> zwlr_layer_surface_v1#132.set_exclusive_zone(0)
[00:04:17.657938] {Default Queue}  -> zwlr_layer_surface_v1#132.set_anchor(2)
[00:04:17.657938] {Default Queue}  -> zwlr_layer_surface_v1#132.set_margin(0, 0, 24, 0)
[00:04:17.657940] {Default Queue}  -> zwlr_layer_surface_v1#132.set_size(200, 200)
[00:04:17.657945]  -> wl_surface#133.commit()
[00:04:17.657980] {Default Queue}  -> xdg_activation_v1#15.get_activation_token(new id xdg_activation_token_v1#127)
[00:04:17.657983]  -> xdg_activation_token_v1#127.set_serial(71, wl_seat#3)
[00:04:17.657985]  -> xdg_activation_token_v1#127.commit()
[00:04:17.658266] xdg_activation_token_v1#127.done("c652fcb0c85af73a088e856ab6410fe1")
[00:04:17.658273]  -> xdg_activation_token_v1#127.destroy()
[00:04:17.658275] {Default Queue}  -> xdg_activation_v1#15.activate("c652fcb0c85af73a088e856ab6410fe1", wl_surface#133)
[00:04:17.658310] {Default Queue} zwlr_layer_surface_v1#72.configure(142, 1280, 64)
[00:04:17.658318] {Default Queue}  -> zwlr_layer_surface_v1#72.ack_configure(142)
[00:04:17.658320] {Default Queue} zwlr_layer_surface_v1#98.configure(143, 1280, 8)
[00:04:17.658323] {Default Queue}  -> zwlr_layer_surface_v1#98.ack_configure(143)
[00:04:17.658323] {Default Queue} zwlr_layer_surface_v1#66.configure(144, 1280, 720)
[00:04:17.658325] {Default Queue}  -> zwlr_layer_surface_v1#66.ack_configure(144)
[00:04:17.658326] {Default Queue} zwlr_layer_surface_v1#115.configure(145, 60, 2)
[00:04:17.658329] {Default Queue}  -> zwlr_layer_surface_v1#115.ack_configure(145)
[00:04:17.658330] {Default Queue} zwlr_layer_surface_v1#132.configure(146, 200, 200)
[00:04:17.658508] {Default Queue}  -> zwlr_layer_surface_v1#132.ack_configure(146)
[00:04:17.658535]  -> wl_surface#68.commit()
[00:04:17.658552]  -> wl_surface#95.commit()
[00:04:17.658558]  -> wl_surface#62.commit()
[00:04:17.658565]  -> wl_surface#114.commit()
[00:04:17.658801] {Default Queue}  -> wl_shm#5.create_pool(new id wl_shm_pool#117, fd 18, 92160)
[00:04:17.658808] {Default Queue}  -> wl_shm_pool#117.create_buffer(new id wl_buffer#135, 0, 320, 72, 1280, 0)
[00:04:17.658970] {Default Queue}  -> zwlr_layer_surface_v1#132.set_size(320, 72)
[00:04:17.658973] {Default Queue}  -> wl_compositor#4.create_region(new id wl_region#136)
[00:04:17.658974] {Default Queue}  -> wl_region#136.add(14, 0, 292, 72)
[00:04:17.658975]  -> wl_surface#133.set_opaque_region(wl_region#136)
[00:04:17.658976] {Default Queue}  -> wl_region#136.destroy()
[00:04:17.658977] {Default Queue}  -> wl_compositor#4.create_region(new id wl_region#137)
[00:04:17.658977]  -> wl_surface#133.set_input_region(wl_region#137)
[00:04:17.658978] {Default Queue}  -> wl_region#137.destroy()
[00:04:17.658979] {Default Queue}  -> wp_viewport#110.set_destination(320, 72)
[00:04:17.658981]  -> wl_surface#133.attach(wl_buffer#135, 0, 0)
[00:04:17.658982]  -> wl_surface#133.damage_buffer(0, 0, 320, 72)
[00:04:17.658983]  -> wl_surface#133.frame(new id wl_callback#138)
[00:04:17.658984] {Default Queue}  -> wp_presentation#20.feedback(wl_surface#133, new id wp_presentation_feedback#139)
[00:04:17.658986]  -> wl_surface#133.commit()
[00:04:17.659216] {Display Queue} wl_display#1.delete_id(127)
[00:04:17.659218] {Display Queue} wl_display#1.delete_id(136)
[00:04:17.659219] {Display Queue} wl_display#1.delete_id(137)
[00:04:17.659220] {Default Queue} zwlr_layer_surface_v1#72.configure(147, 1280, 64)
[00:04:17.659224] {Default Queue}  -> zwlr_layer_surface_v1#72.ack_configure(147)
[00:04:17.659224] {Default Queue} zwlr_layer_surface_v1#98.configure(148, 1280, 8)
[00:04:17.659226] {Default Queue}  -> zwlr_layer_surface_v1#98.ack_configure(148)
[00:04:17.659226] {Default Queue} zwlr_layer_surface_v1#66.configure(149, 1280, 720)
[00:04:17.659227] {Default Queue}  -> zwlr_layer_surface_v1#66.ack_configure(149)
[00:04:17.659228] {Default Queue} zwlr_layer_surface_v1#115.configure(150, 60, 2)
[00:04:17.659229] {Default Queue}  -> zwlr_layer_surface_v1#115.ack_configure(150)
[00:04:17.659230] {Default Queue} zwlr_layer_surface_v1#132.configure(151, 320, 72)
[00:04:17.659232] {Default Queue}  -> zwlr_layer_surface_v1#132.ack_configure(151)
[00:04:17.659232] {Default Queue} wp_fractional_scale_v1#126.preferred_scale(120)
[00:04:17.659233] {Default Queue} zwlr_layer_surface_v1#72.configure(152, 1280, 64)
[00:04:17.659234] {Default Queue}  -> zwlr_layer_surface_v1#72.ack_configure(152)
[00:04:17.659237] {Default Queue} zwlr_layer_surface_v1#98.configure(153, 1280, 8)
[00:04:17.659237] {Default Queue}  -> zwlr_layer_surface_v1#98.ack_configure(153)
[00:04:17.659238] {Default Queue} zwlr_layer_surface_v1#66.configure(154, 1280, 720)
[00:04:17.659239] {Default Queue}  -> zwlr_layer_surface_v1#66.ack_configure(154)
[00:04:17.659239] {Default Queue} zwlr_layer_surface_v1#115.configure(155, 60, 2)
[00:04:17.659240] {Default Queue}  -> zwlr_layer_surface_v1#115.ack_configure(155)
[00:04:17.659240] {Default Queue} zwlr_layer_surface_v1#132.configure(156, 320, 72)
[00:04:17.659241] {Default Queue}  -> zwlr_layer_surface_v1#132.ack_configure(156)
[00:04:17.659242] wl_surface#133.enter(wl_output#60)
[00:04:17.659250] wl_surface#133.enter(wl_output#28)
[00:04:17.659251] wl_surface#133.preferred_buffer_scale(1)
[00:04:17.661934] {Display Queue} wl_display#1.delete_id(138)
[00:04:17.661940] {Display Queue} wl_display#1.delete_id(139)
[00:04:17.661942] {Default Queue} wl_callback#138.done(40180776)
[00:04:17.661951] {Default Queue} wp_presentation_feedback#139.sync_output(wl_output#60)
[00:04:17.661953] {Default Queue} wp_presentation_feedback#139.sync_output(wl_output#28)
[00:04:17.661954] {Default Queue} wp_presentation_feedback#139.presented(0, 40180, 776807410, 0, 0, 0, 0)
[00:04:17.662029] {Default Queue}  -> wl_shm#5.create_pool(new id wl_shm_pool#139, fd 18, 92160)
[00:04:17.662035] {Default Queue}  -> wl_shm_pool#139.create_buffer(new id wl_buffer#138, 0, 320, 72, 1280, 0)
[00:04:17.662128]  -> wl_surface#133.attach(wl_buffer#138, 0, 0)
[00:04:17.662130]  -> wl_surface#133.damage_buffer(0, 0, 320, 72)
[00:04:17.662131]  -> wl_surface#133.frame(new id wl_callback#137)
[00:04:17.662133] {Default Queue}  -> wp_presentation#20.feedback(wl_surface#133, new id wp_presentation_feedback#136)
[00:04:17.662135]  -> wl_surface#133.commit()
[00:04:17.662181] {Default Queue} wl_buffer#135.release()
[00:04:17.668295]  -> wl_surface#114.commit()
[00:04:17.670285]  -> wl_surface#62.commit()
[00:04:17.672284]  -> wl_surface#95.commit()
[00:04:17.673280]  -> wl_surface#68.commit()
[00:04:17.677949] {Display Queue} wl_display#1.delete_id(137)
[00:04:17.677952] {Display Queue} wl_display#1.delete_id(136)
[00:04:17.677953] {Default Queue} wl_callback#137.done(40180792)
[00:04:17.677956] {Default Queue} wp_presentation_feedback#136.sync_output(wl_output#60)
[00:04:17.677958] {Default Queue} wp_presentation_feedback#136.sync_output(wl_output#28)
[00:04:17.677959] {Default Queue} wp_presentation_feedback#136.presented(0, 40180, 792839175, 0, 0, 0, 0)
[00:04:18.622842] {Default Queue}  -> wl_buffer#131.destroy()
[00:04:18.622849] {Default Queue}  -> wl_shm_pool#130.destroy()
[00:04:18.622886] {Default Queue}  -> wl_shm#5.create_pool(new id wl_shm_pool#136, fd 18, 704)
[00:04:18.622890] {Default Queue}  -> wl_shm_pool#136.create_buffer(new id wl_buffer#137, 0, 88, 2, 352, 0)
[00:04:18.622923] {Default Queue}  -> zwlr_layer_surface_v1#115.set_size(88, 2)
[00:04:18.622925] {Default Queue}  -> wp_viewport#122.set_destination(88, 2)
[00:04:18.622927]  -> wl_surface#114.attach(wl_buffer#137, 0, 0)
[00:04:18.622928]  -> wl_surface#114.damage_buffer(0, 0, 88, 2)
[00:04:18.622929]  -> wl_surface#114.frame(new id wl_callback#127)
[00:04:18.622931] {Default Queue}  -> wp_presentation#20.feedback(wl_surface#114, new id wp_presentation_feedback#140)
[00:04:18.622933]  -> wl_surface#114.commit()
[00:04:18.623230] {Display Queue} wl_display#1.delete_id(131)
[00:04:18.623233] {Display Queue} wl_display#1.delete_id(130)
[00:04:18.623233] {Display Queue} wl_display#1.delete_id(127)
[00:04:18.623234] {Display Queue} wl_display#1.delete_id(140)
[00:04:18.623235] {Default Queue} wl_buffer#129.release()
[00:04:18.623236] {Default Queue}  -> wl_buffer#129.destroy()
[00:04:18.623236] {Default Queue}  -> wl_shm_pool#134.destroy()
[00:04:18.623240] {Default Queue} zwlr_layer_surface_v1#72.configure(161, 1280, 64)
[00:04:18.623244] {Default Queue}  -> zwlr_layer_surface_v1#72.ack_configure(161)
[00:04:18.623245] {Default Queue} zwlr_layer_surface_v1#98.configure(162, 1280, 8)
[00:04:18.623248] {Default Queue}  -> zwlr_layer_surface_v1#98.ack_configure(162)
[00:04:18.623248] {Default Queue} zwlr_layer_surface_v1#66.configure(163, 1280, 720)
[00:04:18.623250] {Default Queue}  -> zwlr_layer_surface_v1#66.ack_configure(163)
[00:04:18.623251] {Default Queue} zwlr_layer_surface_v1#115.configure(164, 88, 2)
[00:04:18.623252] {Default Queue}  -> zwlr_layer_surface_v1#115.ack_configure(164)
[00:04:18.623253] {Default Queue} zwlr_layer_surface_v1#132.configure(165, 320, 72)
[00:04:18.623255] {Default Queue}  -> zwlr_layer_surface_v1#132.ack_configure(165)
[00:04:18.623255] {Default Queue} wl_callback#127.done(40181737)
[00:04:18.623258] {Default Queue} wp_presentation_feedback#140.sync_output(wl_output#60)
[00:04:18.623259] {Default Queue} wp_presentation_feedback#140.sync_output(wl_output#28)
[00:04:18.623260] {Default Queue} wp_presentation_feedback#140.presented(0, 40181, 738055834, 0, 0, 0, 0)
[00:04:18.623270]  -> wl_surface#68.commit()
[00:04:18.623281]  -> wl_surface#95.commit()
[00:04:18.623286]  -> wl_surface#62.commit()
[00:04:18.623291]  -> wl_surface#133.commit()
[00:04:18.623295]  -> wl_surface#114.commit()
[00:04:19.158449] {Default Queue}  -> zwlr_layer_surface_v1#132.destroy()
[00:04:19.158457]  -> wl_surface#133.attach(nil, 0, 0)
[00:04:19.158460]  -> wl_surface#133.commit()
[00:04:19.158499] {Default Queue}  -> wl_buffer#135.destroy()
[00:04:19.158500] {Default Queue}  -> wl_shm_pool#117.destroy()
[00:04:19.158532] {Default Queue}  -> wp_viewport#110.destroy()
[00:04:19.158533] {Default Queue}  -> wp_fractional_scale_v1#126.destroy()
[00:04:19.158534]  -> wl_surface#133.destroy()
[00:04:19.158545] {Default Queue}  -> xdg_toplevel_icon_v1#92.destroy()
[00:04:19.158882] {Display Queue} wl_display#1.delete_id(129)
[00:04:19.158887] {Display Queue} wl_display#1.delete_id(134)
[00:04:19.158888] {Display Queue} wl_display#1.delete_id(132)
[00:04:19.158889] {Display Queue} wl_display#1.delete_id(135)
[00:04:19.158889] {Display Queue} wl_display#1.delete_id(117)
[00:04:19.158890] {Display Queue} wl_display#1.delete_id(110)
[00:04:19.158890] {Display Queue} wl_display#1.delete_id(126)
[00:04:19.158891] {Display Queue} wl_display#1.delete_id(133)
[00:04:19.158891] {Display Queue} wl_display#1.delete_id(92)
[00:04:19.158892] {Default Queue} zwlr_layer_surface_v1#72.configure(166, 1280, 64)
[00:04:19.158901] {Default Queue}  -> zwlr_layer_surface_v1#72.ack_configure(166)
[00:04:19.158902] {Default Queue} zwlr_layer_surface_v1#98.configure(167, 1280, 8)
[00:04:19.158905] {Default Queue}  -> zwlr_layer_surface_v1#98.ack_configure(167)
[00:04:19.158906] {Default Queue} zwlr_layer_surface_v1#66.configure(168, 1280, 720)
[00:04:19.158907] {Default Queue}  -> zwlr_layer_surface_v1#66.ack_configure(168)
[00:04:19.158908] {Default Queue} zwlr_layer_surface_v1#115.configure(169, 88, 2)
[00:04:19.158910] {Default Queue}  -> zwlr_layer_surface_v1#115.ack_configure(169)
[00:04:19.158911] {Default Queue} wl_buffer#138.release()
[00:04:19.158913] {Default Queue}  -> wl_buffer#138.destroy()
[00:04:19.158914] {Default Queue}  -> wl_shm_pool#139.destroy()
[00:04:19.158940]  -> wl_surface#68.commit()
[00:04:19.158957]  -> wl_surface#95.commit()
[00:04:19.158963]  -> wl_surface#62.commit()
[00:04:19.158969]  -> wl_surface#114.commit()
[00:04:19.169360] {Default Queue}  -> wl_compositor#4.create_surface(new id wl_surface#92)
[00:04:19.169373] {Default Queue}  -> wp_fractional_scale_manager_v1#11.get_fractional_scale(new id wp_fractional_scale_v1#133, wl_surface#92)
[00:04:19.169376] {Default Queue}  -> wp_viewporter#10.get_viewport(new id wp_viewport#126, wl_surface#92)
[00:04:19.169410] {Default Queue}  -> xdg_toplevel_icon_manager_v1#9.create_icon(new id xdg_toplevel_icon_v1#110)
[00:04:19.169437] {Default Queue}  -> zwlr_layer_shell_v1#46.get_layer_surface(new id zwlr_layer_surface_v1#117, wl_surface#92, wl_output#28, 3, "pearl:popup")
[00:04:19.169441] {Default Queue}  -> zwlr_layer_surface_v1#117.set_keyboard_interactivity(1)
[00:04:19.169442] {Default Queue}  -> zwlr_layer_surface_v1#117.set_exclusive_zone(0)
[00:04:19.169443] {Default Queue}  -> zwlr_layer_surface_v1#117.set_anchor(15)
[00:04:19.169444] {Default Queue}  -> zwlr_layer_surface_v1#117.set_margin(0, 0, 0, 0)
[00:04:19.169446] {Default Queue}  -> zwlr_layer_surface_v1#117.set_size(0, 0)
[00:04:19.169455]  -> wl_surface#92.commit()
[00:04:19.169666] {Default Queue}  -> zwp_text_input_v3#89.set_surrounding_text("", 0, 0)
[00:04:19.169669] {Default Queue}  -> zwp_text_input_v3#89.set_text_change_cause(1)
[00:04:19.169671] {Default Queue}  -> zwp_text_input_v3#89.set_content_type(0, 0)
[00:04:19.169696] {Default Queue}  -> zwp_text_input_v3#89.set_cursor_rectangle(0, 0, 0, 0)
[00:04:19.169700] {Default Queue}  -> zwp_text_input_v3#89.commit()
[00:04:19.169704] {Default Queue}  -> xdg_activation_v1#15.get_activation_token(new id xdg_activation_token_v1#135)
[00:04:19.169707]  -> xdg_activation_token_v1#135.set_serial(71, wl_seat#3)
[00:04:19.169710]  -> xdg_activation_token_v1#135.commit()
[00:04:19.169930] {Display Queue} wl_display#1.delete_id(138)
[00:04:19.169936] {Display Queue} wl_display#1.delete_id(139)
[00:04:19.169941] xdg_activation_token_v1#135.done("e5633bf5f0bd3cc54724f8698ec37850")
[00:04:19.169943]  -> xdg_activation_token_v1#135.destroy()
[00:04:19.169945] {Default Queue}  -> xdg_activation_v1#15.activate("e5633bf5f0bd3cc54724f8698ec37850", wl_surface#92)
info: event=popup-opened output=1
[00:04:19.169980] {Default Queue} zwlr_layer_surface_v1#72.configure(170, 1280, 64)
[00:04:19.169987] {Default Queue}  -> zwlr_layer_surface_v1#72.ack_configure(170)
[00:04:19.169988] {Default Queue} zwlr_layer_surface_v1#98.configure(171, 1280, 8)
[00:04:19.169991] {Default Queue}  -> zwlr_layer_surface_v1#98.ack_configure(171)
[00:04:19.169991] {Default Queue} zwlr_layer_surface_v1#66.configure(172, 1280, 720)
[00:04:19.169993] {Default Queue}  -> zwlr_layer_surface_v1#66.ack_configure(172)
[00:04:19.169993] {Default Queue} zwlr_layer_surface_v1#115.configure(173, 88, 2)
[00:04:19.169996] {Default Queue}  -> zwlr_layer_surface_v1#115.ack_configure(173)
[00:04:19.169996] {Default Queue} zwlr_layer_surface_v1#117.configure(174, 1280, 648)
[00:04:19.170004] {Default Queue}  -> zwlr_layer_surface_v1#117.ack_configure(174)
[00:04:19.170044]  -> wl_surface#114.commit()
[00:04:19.170733] {Default Queue}  -> wl_shm#5.create_pool(new id wl_shm_pool#139, fd 18, 3317760)
[00:04:19.170740] {Default Queue}  -> wl_shm_pool#139.create_buffer(new id wl_buffer#138, 0, 1280, 648, 5120, 0)
[00:04:19.171521] {Default Queue}  -> wl_compositor#4.create_region(new id wl_region#132)
[00:04:19.171524] {Default Queue}  -> wl_region#132.add(344, 24, 592, 600)
[00:04:19.171525]  -> wl_surface#92.set_opaque_region(wl_region#132)
[00:04:19.171526] {Default Queue}  -> wl_region#132.destroy()
[00:04:19.171527] {Default Queue}  -> wp_viewport#126.set_destination(1280, 648)
[00:04:19.171529]  -> wl_surface#92.attach(wl_buffer#138, 0, 0)
[00:04:19.171530]  -> wl_surface#92.damage_buffer(0, 0, 1280, 648)
[00:04:19.171531]  -> wl_surface#92.frame(new id wl_callback#134)
[00:04:19.171533] {Default Queue}  -> wp_presentation#20.feedback(wl_surface#92, new id wp_presentation_feedback#129)
[00:04:19.171535]  -> wl_surface#92.commit()
info: event=launcher-results count=114 shown=114 publish_us=4305
[00:04:19.174347] {Display Queue} wl_display#1.delete_id(135)
[00:04:19.174352] {Display Queue} wl_display#1.delete_id(132)
[00:04:19.174353] {Default Queue} zwlr_layer_surface_v1#72.configure(175, 1280, 64)
[00:04:19.174361] {Default Queue}  -> zwlr_layer_surface_v1#72.ack_configure(175)
[00:04:19.174363] {Default Queue} zwlr_layer_surface_v1#98.configure(176, 1280, 8)
[00:04:19.174366] {Default Queue}  -> zwlr_layer_surface_v1#98.ack_configure(176)
[00:04:19.174367] {Default Queue} zwlr_layer_surface_v1#66.configure(177, 1280, 720)
[00:04:19.174370] {Default Queue}  -> zwlr_layer_surface_v1#66.ack_configure(177)
[00:04:19.174371] {Default Queue} zwlr_layer_surface_v1#115.configure(178, 88, 2)
[00:04:19.174377] {Default Queue}  -> zwlr_layer_surface_v1#115.ack_configure(178)
[00:04:19.174378] {Default Queue} zwlr_layer_surface_v1#117.configure(179, 1280, 648)
[00:04:19.174379] {Default Queue}  -> zwlr_layer_surface_v1#117.ack_configure(179)
[00:04:19.174380] {Default Queue} wp_fractional_scale_v1#133.preferred_scale(120)
[00:04:19.174382] {Default Queue} wl_data_device#35.selection(nil)
[00:04:19.174388] {Default Queue} zwp_primary_selection_device_v1#34.selection(nil)
[00:04:19.174392] {Default Queue} wl_pointer#120.enter(185, wl_surface#92, 640.00000000, 588.00000000)
[00:04:19.174397] {Default Queue}  -> wp_cursor_shape_device_v1#125.set_shape(185, 1)
[00:04:19.174399] {Default Queue} wl_pointer#120.frame()
[00:04:19.174405] wl_surface#92.enter(wl_output#60)
[00:04:19.174480] wl_surface#92.enter(wl_output#28)
[00:04:19.174494] wl_surface#92.preferred_buffer_scale(1)
[00:04:19.174666]  -> wl_surface#68.commit()
[00:04:19.174680]  -> wl_surface#95.commit()
[00:04:19.174688]  -> wl_surface#62.commit()
info: event=launcher-results count=114 shown=114 publish_us=4633
[00:04:19.180084] {Display Queue} wl_display#1.delete_id(134)
[00:04:19.180092] {Display Queue} wl_display#1.delete_id(129)
[00:04:19.180093] {Default Queue} wl_callback#134.done(40182290)
[00:04:19.180100] {Default Queue} wp_presentation_feedback#129.sync_output(wl_output#60)
[00:04:19.180102] {Default Queue} wp_presentation_feedback#129.sync_output(wl_output#28)
[00:04:19.180102] {Default Queue} wp_presentation_feedback#129.presented(0, 40182, 290376246, 0, 0, 0, 0)
[00:04:19.190773] {Default Queue}  -> wl_shm#5.create_pool(new id wl_shm_pool#129, fd 18, 3317760)
[00:04:19.190780] {Default Queue}  -> wl_shm_pool#129.create_buffer(new id wl_buffer#134, 0, 1280, 648, 5120, 0)
[00:04:19.191784]  -> wl_surface#92.attach(wl_buffer#134, 0, 0)
[00:04:19.191787]  -> wl_surface#92.damage_buffer(0, 0, 1280, 648)
[00:04:19.191789]  -> wl_surface#92.frame(new id wl_callback#132)
[00:04:19.191791] {Default Queue}  -> wp_presentation#20.feedback(wl_surface#92, new id wp_presentation_feedback#135)
[00:04:19.191794]  -> wl_surface#92.commit()
info: event=launcher-painted latency_us=16399
[00:04:19.191913] {Default Queue}  -> wl_shm#5.create_pool(new id wl_shm_pool#140, fd 18, 704)
[00:04:19.191915] {Default Queue}  -> wl_shm_pool#140.create_buffer(new id wl_buffer#127, 0, 88, 2, 352, 0)
[00:04:19.191925]  -> wl_surface#114.attach(wl_buffer#127, 0, 0)
[00:04:19.191927]  -> wl_surface#114.damage_buffer(0, 0, 88, 2)
[00:04:19.191928]  -> wl_surface#114.frame(new id wl_callback#130)
[00:04:19.191929] {Default Queue}  -> wp_presentation#20.feedback(wl_surface#114, new id wp_presentation_feedback#131)
[00:04:19.191930]  -> wl_surface#114.commit()
[00:04:19.192187] {Default Queue}  -> wl_compositor#4.create_region(new id wl_region#141)
[00:04:19.192189] {Default Queue}  -> wl_region#141.add(18, 4, 506, 56)
[00:04:19.192191]  -> wl_surface#68.set_opaque_region(wl_region#141)
[00:04:19.192192] {Default Queue}  -> wl_region#141.destroy()
[00:04:19.192193]  -> wl_surface#68.attach(wl_buffer#101, 0, 0)
[00:04:19.192194]  -> wl_surface#68.damage_buffer(0, 0, 1280, 64)
[00:04:19.192195]  -> wl_surface#68.frame(new id wl_callback#142)
[00:04:19.192195] {Default Queue}  -> wp_presentation#20.feedback(wl_surface#68, new id wp_presentation_feedback#143)
[00:04:19.192196]  -> wl_surface#68.commit()
[00:04:19.192295] {Display Queue} wl_display#1.delete_id(132)
[00:04:19.192297] {Display Queue} wl_display#1.delete_id(135)
[00:04:19.192298] {Default Queue} wl_buffer#138.release()
[00:04:19.192299] {Default Queue} wl_callback#132.done(40182307)
[00:04:19.192304] {Default Queue} wp_presentation_feedback#135.sync_output(wl_output#60)
[00:04:19.192305] {Default Queue} wp_presentation_feedback#135.sync_output(wl_output#28)
[00:04:19.192306] {Default Queue} wp_presentation_feedback#135.presented(0, 40182, 307183098, 0, 0, 0, 0)
[00:04:19.192824]  -> wl_surface#92.attach(wl_buffer#138, 0, 0)
[00:04:19.192826]  -> wl_surface#92.damage_buffer(0, 0, 1280, 648)
[00:04:19.192827]  -> wl_surface#92.frame(new id wl_callback#135)
[00:04:19.192828] {Default Queue}  -> wp_presentation#20.feedback(wl_surface#92, new id wp_presentation_feedback#132)
[00:04:19.192829]  -> wl_surface#92.commit()
[00:04:19.192840] {Display Queue} wl_display#1.delete_id(141)
[00:04:19.192841] {Default Queue} wl_buffer#137.release()
[00:04:19.192842] {Default Queue} wl_buffer#91.release()
[00:04:19.192860] {Default Queue} wl_buffer#134.release()
[00:04:19.208822] {Display Queue} wl_display#1.delete_id(142)
[00:04:19.208831] {Display Queue} wl_display#1.delete_id(130)
[00:04:19.208832] {Display Queue} wl_display#1.delete_id(135)
[00:04:19.208833] {Display Queue} wl_display#1.delete_id(143)
[00:04:19.208834] {Display Queue} wl_display#1.delete_id(131)
[00:04:19.208834] {Display Queue} wl_display#1.delete_id(132)
[00:04:19.208835] {Default Queue} wl_callback#142.done(40182323)
[00:04:19.208843] {Default Queue} wl_callback#130.done(40182323)
[00:04:19.208845] {Default Queue} wl_callback#135.done(40182323)
[00:04:19.208849] {Default Queue} wp_presentation_feedback#143.sync_output(wl_output#60)
[00:04:19.208850] {Default Queue} wp_presentation_feedback#143.sync_output(wl_output#28)
[00:04:19.208851] {Default Queue} wp_presentation_feedback#143.presented(0, 40182, 323683757, 0, 0, 0, 0)
[00:04:19.208853] {Default Queue} wp_presentation_feedback#131.sync_output(wl_output#60)
[00:04:19.208854] {Default Queue} wp_presentation_feedback#131.sync_output(wl_output#28)
[00:04:19.208855] {Default Queue} wp_presentation_feedback#131.presented(0, 40182, 323683757, 0, 0, 0, 0)
[00:04:19.208857] {Default Queue} wp_presentation_feedback#132.sync_output(wl_output#60)
[00:04:19.208858] {Default Queue} wp_presentation_feedback#132.sync_output(wl_output#28)
[00:04:19.208858] {Default Queue} wp_presentation_feedback#132.presented(0, 40182, 323683757, 0, 0, 0, 0)
[00:04:19.209846]  -> wl_surface#92.attach(wl_buffer#134, 0, 0)
[00:04:19.209852]  -> wl_surface#92.damage_buffer(0, 0, 1280, 648)
[00:04:19.209853]  -> wl_surface#92.frame(new id wl_callback#132)
[00:04:19.209856] {Default Queue}  -> wp_presentation#20.feedback(wl_surface#92, new id wp_presentation_feedback#131)
[00:04:19.209858]  -> wl_surface#92.commit()
[00:04:19.210084] {Default Queue}  -> wl_compositor#4.create_region(new id wl_region#143)
[00:04:19.210088] {Default Queue}  -> wl_region#143.add(19, 4, 504, 1)
[00:04:19.210089] {Default Queue}  -> wl_region#143.add(577, 4, 126, 1)
[00:04:19.210090] {Default Queue}  -> wl_region#143.add(888, 4, 373, 1)
[00:04:19.210091] {Default Queue}  -> wl_region#143.add(17, 5, 508, 1)
[00:04:19.210092] {Default Queue}  -> wl_region#143.add(575, 5, 130, 1)
[00:04:19.210093] {Default Queue}  -> wl_region#143.add(886, 5, 377, 1)
[00:04:19.210094] {Default Queue}  -> wl_region#143.add(16, 6, 510, 1)
[00:04:19.210094] {Default Queue}  -> wl_region#143.add(574, 6, 132, 1)
[00:04:19.210095] {Default Queue}  -> wl_region#143.add(885, 6, 379, 1)
[00:04:19.210096] {Default Queue}  -> wl_region#143.add(15, 7, 512, 1)
[00:04:19.210097] {Default Queue}  -> wl_region#143.add(573, 7, 134, 1)
[00:04:19.210097] {Default Queue}  -> wl_region#143.add(884, 7, 381, 1)
[00:04:19.210098] {Default Queue}  -> wl_region#143.add(14, 8, 514, 1)
[00:04:19.210105] {Default Queue}  -> wl_region#143.add(572, 8, 136, 1)
[00:04:19.210106] {Default Queue}  -> wl_region#143.add(883, 8, 383, 1)
[00:04:19.210107] {Default Queue}  -> wl_region#143.add(13, 9, 516, 1)
[00:04:19.210108] {Default Queue}  -> wl_region#143.add(571, 9, 138, 1)
[00:04:19.210109] {Default Queue}  -> wl_region#143.add(882, 9, 385, 1)
[00:04:19.210109] {Default Queue}  -> wl_region#143.add(12, 10, 518, 2)
[00:04:19.210110] {Default Queue}  -> wl_region#143.add(570, 10, 140, 2)
[00:04:19.210111] {Default Queue}  -> wl_region#143.add(881, 10, 387, 2)
[00:04:19.210111] {Default Queue}  -> wl_region#143.add(11, 12, 520, 5)
[00:04:19.210112] {Default Queue}  -> wl_region#143.add(569, 12, 142, 5)
[00:04:19.210113] {Default Queue}  -> wl_region#143.add(880, 12, 389, 5)
[00:04:19.210113] {Default Queue}  -> wl_region#143.add(10, 17, 522, 30)
[00:04:19.210114] {Default Queue}  -> wl_region#143.add(568, 17, 144, 30)
[00:04:19.210115] {Default Queue}  -> wl_region#143.add(879, 17, 391, 30)
[00:04:19.210115] {Default Queue}  -> wl_region#143.add(11, 47, 520, 5)
[00:04:19.210116] {Default Queue}  -> wl_region#143.add(569, 47, 142, 5)
[00:04:19.210116] {Default Queue}  -> wl_region#143.add(880, 47, 389, 5)
[00:04:19.210117] {Default Queue}  -> wl_region#143.add(12, 52, 518, 2)
[00:04:19.210118] {Default Queue}  -> wl_region#143.add(570, 52, 140, 2)
[00:04:19.210118] {Default Queue}  -> wl_region#143.add(881, 52, 387, 2)
[00:04:19.210119] {Default Queue}  -> wl_region#143.add(13, 54, 516, 1)
[00:04:19.210120] {Default Queue}  -> wl_region#143.add(571, 54, 138, 1)
[00:04:19.210120] {Default Queue}  -> wl_region#143.add(882, 54, 385, 1)
[00:04:19.210121] {Default Queue}  -> wl_region#143.add(14, 55, 514, 1)
[00:04:19.210121] {Default Queue}  -> wl_region#143.add(572, 55, 136, 1)
[00:04:19.210122] {Default Queue}  -> wl_region#143.add(883, 55, 383, 1)
[00:04:19.210123] {Default Queue}  -> wl_region#143.add(15, 56, 512, 1)
[00:04:19.210123] {Default Queue}  -> wl_region#143.add(573, 56, 134, 1)
[00:04:19.210124] {Default Queue}  -> wl_region#143.add(884, 56, 381, 1)
[00:04:19.210125] {Default Queue}  -> wl_region#143.add(16, 57, 510, 1)
[00:04:19.210125] {Default Queue}  -> wl_region#143.add(574, 57, 132, 1)
[00:04:19.210126] {Default Queue}  -> wl_region#143.add(885, 57, 379, 1)
[00:04:19.210127] {Default Queue}  -> wl_region#143.add(17, 58, 508, 1)
[00:04:19.210127] {Default Queue}  -> wl_region#143.add(575, 58, 130, 1)
[00:04:19.210128] {Default Queue}  -> wl_region#143.add(886, 58, 377, 1)
[00:04:19.210128] {Default Queue}  -> wl_region#143.add(19, 59, 504, 1)
[00:04:19.210129] {Default Queue}  -> wl_region#143.add(577, 59, 126, 1)
[00:04:19.210130] {Default Queue}  -> wl_region#143.add(888, 59, 373, 1)
[00:04:19.210130]  -> wl_surface#68.set_input_region(wl_region#143)
[00:04:19.210131] {Default Queue}  -> wl_region#143.destroy()
[00:04:19.210132]  -> wl_surface#68.attach(wl_buffer#91, 0, 0)
[00:04:19.210133]  -> wl_surface#68.damage_buffer(0, 0, 1280, 64)
[00:04:19.210135]  -> wl_surface#68.frame(new id wl_callback#135)
[00:04:19.210136] {Default Queue}  -> wp_presentation#20.feedback(wl_surface#68, new id wp_presentation_feedback#130)
[00:04:19.210137]  -> wl_surface#68.commit()
[00:04:19.210157] {Default Queue} wl_buffer#138.release()
[00:04:19.210212] {Display Queue} wl_display#1.delete_id(143)
[00:04:19.210214] {Default Queue} wl_buffer#101.release()
[00:04:19.225198] {Display Queue} wl_display#1.delete_id(135)
[00:04:19.225206] {Display Queue} wl_display#1.delete_id(132)
[00:04:19.225207] {Display Queue} wl_display#1.delete_id(130)
[00:04:19.225208] {Display Queue} wl_display#1.delete_id(131)
[00:04:19.225209] {Default Queue} wl_callback#135.done(40182340)
[00:04:19.225215] {Default Queue} wl_callback#132.done(40182340)
[00:04:19.225220] {Default Queue} wp_presentation_feedback#130.sync_output(wl_output#60)
[00:04:19.225221] {Default Queue} wp_presentation_feedback#130.sync_output(wl_output#28)
[00:04:19.225222] {Default Queue} wp_presentation_feedback#130.presented(0, 40182, 340067826, 0, 0, 0, 0)
[00:04:19.225225] {Default Queue} wp_presentation_feedback#131.sync_output(wl_output#60)
[00:04:19.225225] {Default Queue} wp_presentation_feedback#131.sync_output(wl_output#28)
[00:04:19.225226] {Default Queue} wp_presentation_feedback#131.presented(0, 40182, 340067826, 0, 0, 0, 0)
[00:04:19.226014]  -> wl_surface#92.attach(wl_buffer#138, 0, 0)
[00:04:19.226019]  -> wl_surface#92.damage_buffer(0, 0, 1280, 648)
[00:04:19.226020]  -> wl_surface#92.frame(new id wl_callback#131)
[00:04:19.226022] {Default Queue}  -> wp_presentation#20.feedback(wl_surface#92, new id wp_presentation_feedback#130)
[00:04:19.226024]  -> wl_surface#92.commit()
[00:04:19.226081] {Default Queue} wl_buffer#134.release()
[00:04:19.241695] {Display Queue} wl_display#1.delete_id(131)
[00:04:19.241704] {Display Queue} wl_display#1.delete_id(130)
[00:04:19.241706] {Default Queue} wl_callback#131.done(40182356)
[00:04:19.241716] {Default Queue} wp_presentation_feedback#130.sync_output(wl_output#60)
[00:04:19.241717] {Default Queue} wp_presentation_feedback#130.sync_output(wl_output#28)
[00:04:19.241718] {Default Queue} wp_presentation_feedback#130.presented(0, 40182, 356559245, 0, 0, 0, 0)
[00:04:19.242530]  -> wl_surface#92.attach(wl_buffer#134, 0, 0)
[00:04:19.242535]  -> wl_surface#92.damage_buffer(0, 0, 1280, 648)
[00:04:19.242536]  -> wl_surface#92.frame(new id wl_callback#130)
[00:04:19.242539] {Default Queue}  -> wp_presentation#20.feedback(wl_surface#92, new id wp_presentation_feedback#131)
[00:04:19.242541]  -> wl_surface#92.commit()
[00:04:19.242599] {Default Queue} wl_buffer#138.release()
[00:04:19.258064] {Display Queue} wl_display#1.delete_id(130)
[00:04:19.258072] {Display Queue} wl_display#1.delete_id(131)
[00:04:19.258073] {Default Queue} wl_callback#130.done(40182372)
[00:04:19.258082] {Default Queue} wp_presentation_feedback#131.sync_output(wl_output#60)
[00:04:19.258083] {Default Queue} wp_presentation_feedback#131.sync_output(wl_output#28)
[00:04:19.258084] {Default Queue} wp_presentation_feedback#131.presented(0, 40182, 372933103, 0, 0, 0, 0)
[00:04:19.258828]  -> wl_surface#92.attach(wl_buffer#138, 0, 0)
[00:04:19.258832]  -> wl_surface#92.damage_buffer(0, 0, 1280, 648)
[00:04:19.258834]  -> wl_surface#92.frame(new id wl_callback#131)
[00:04:19.258836] {Default Queue}  -> wp_presentation#20.feedback(wl_surface#92, new id wp_presentation_feedback#130)
[00:04:19.258838]  -> wl_surface#92.commit()
[00:04:19.258917] {Default Queue} wl_buffer#134.release()
[00:04:19.274454] {Display Queue} wl_display#1.delete_id(131)
[00:04:19.274463] {Display Queue} wl_display#1.delete_id(130)
[00:04:19.274464] {Default Queue} wl_callback#131.done(40182389)
[00:04:19.274474] {Default Queue} wp_presentation_feedback#130.sync_output(wl_output#60)
[00:04:19.274475] {Default Queue} wp_presentation_feedback#130.sync_output(wl_output#28)
[00:04:19.274476] {Default Queue} wp_presentation_feedback#130.presented(0, 40182, 389320042, 0, 0, 0, 0)
[00:04:19.275307]  -> wl_surface#92.attach(wl_buffer#134, 0, 0)
[00:04:19.275312]  -> wl_surface#92.damage_buffer(0, 0, 1280, 648)
[00:04:19.275314]  -> wl_surface#92.frame(new id wl_callback#130)
[00:04:19.275316] {Default Queue}  -> wp_presentation#20.feedback(wl_surface#92, new id wp_presentation_feedback#131)
[00:04:19.275318]  -> wl_surface#92.commit()
[00:04:19.275363] {Default Queue} wl_buffer#138.release()
[00:04:19.290840] {Display Queue} wl_display#1.delete_id(130)
[00:04:19.290848] {Display Queue} wl_display#1.delete_id(131)
[00:04:19.290850] {Default Queue} wl_callback#130.done(40182405)
[00:04:19.290860] {Default Queue} wp_presentation_feedback#131.sync_output(wl_output#60)
[00:04:19.290861] {Default Queue} wp_presentation_feedback#131.sync_output(wl_output#28)
[00:04:19.290862] {Default Queue} wp_presentation_feedback#131.presented(0, 40182, 405705470, 0, 0, 0, 0)
[00:04:19.291652]  -> wl_surface#92.attach(wl_buffer#138, 0, 0)
[00:04:19.291657]  -> wl_surface#92.damage_buffer(0, 0, 1280, 648)
[00:04:19.291658]  -> wl_surface#92.frame(new id wl_callback#131)
[00:04:19.291660] {Default Queue}  -> wp_presentation#20.feedback(wl_surface#92, new id wp_presentation_feedback#130)
[00:04:19.291662]  -> wl_surface#92.commit()
[00:04:19.291723] {Default Queue} wl_buffer#134.release()
[00:04:19.307243] {Display Queue} wl_display#1.delete_id(131)
[00:04:19.307253] {Display Queue} wl_display#1.delete_id(130)
[00:04:19.307254] {Default Queue} wl_callback#131.done(40182422)
[00:04:19.307264] {Default Queue} wp_presentation_feedback#130.sync_output(wl_output#60)
[00:04:19.307266] {Default Queue} wp_presentation_feedback#130.sync_output(wl_output#28)
[00:04:19.307267] {Default Queue} wp_presentation_feedback#130.presented(0, 40182, 422107928, 0, 0, 0, 0)
[00:04:19.308172]  -> wl_surface#92.attach(wl_buffer#134, 0, 0)
[00:04:19.308177]  -> wl_surface#92.damage_buffer(0, 0, 1280, 648)
[00:04:19.308179]  -> wl_surface#92.frame(new id wl_callback#130)
[00:04:19.308181] {Default Queue}  -> wp_presentation#20.feedback(wl_surface#92, new id wp_presentation_feedback#131)
[00:04:19.308183]  -> wl_surface#92.commit()
[00:04:19.308250] {Default Queue} wl_buffer#138.release()
[00:04:19.322174] {Default Queue} wl_pointer#120.leave(186, wl_surface#92)
[00:04:19.322189] {Default Queue} wl_pointer#120.frame()
[00:04:19.322832] {Default Queue} wl_pointer#120.enter(187, wl_surface#92, 25.00000000, 85.00000000)
[00:04:19.322843] {Default Queue}  -> wp_cursor_shape_device_v1#125.set_shape(187, 1)
[00:04:19.322846] {Default Queue} wl_pointer#120.frame()
[00:04:19.322851] {Default Queue} wl_pointer#120.frame()
[00:04:19.323523] {Display Queue} wl_display#1.delete_id(130)
[00:04:19.323525] {Display Queue} wl_display#1.delete_id(131)
[00:04:19.323526] {Default Queue} wl_callback#130.done(40182438)
[00:04:19.323532] {Default Queue} wp_presentation_feedback#131.sync_output(wl_output#60)
[00:04:19.323533] {Default Queue} wp_presentation_feedback#131.sync_output(wl_output#28)
[00:04:19.323534] {Default Queue} wp_presentation_feedback#131.presented(0, 40182, 438413856, 0, 0, 0, 0)
[00:04:19.324194]  -> wl_surface#92.attach(wl_buffer#138, 0, 0)
[00:04:19.324198]  -> wl_surface#92.damage_buffer(0, 0, 1280, 648)
[00:04:19.324199]  -> wl_surface#92.frame(new id wl_callback#131)
[00:04:19.324202] {Default Queue}  -> wp_presentation#20.feedback(wl_surface#92, new id wp_presentation_feedback#130)
[00:04:19.324203]  -> wl_surface#92.commit()
[00:04:19.324243] {Default Queue} wl_buffer#134.release()
[00:04:19.339742] {Display Queue} wl_display#1.delete_id(131)
[00:04:19.339747] {Display Queue} wl_display#1.delete_id(130)
[00:04:19.339749] {Default Queue} wl_callback#131.done(40182454)
[00:04:19.339753] {Default Queue} wp_presentation_feedback#130.sync_output(wl_output#60)
[00:04:19.339755] {Default Queue} wp_presentation_feedback#130.sync_output(wl_output#28)
[00:04:19.339756] {Default Queue} wp_presentation_feedback#130.presented(0, 40182, 454628033, 0, 0, 0, 0)
[00:04:19.340242]  -> wl_surface#92.attach(wl_buffer#134, 0, 0)
[00:04:19.340245]  -> wl_surface#92.damage_buffer(0, 0, 1280, 648)
[00:04:19.340247]  -> wl_surface#92.frame(new id wl_callback#130)
[00:04:19.340248] {Default Queue}  -> wp_presentation#20.feedback(wl_surface#92, new id wp_presentation_feedback#131)
[00:04:19.340250]  -> wl_surface#92.commit()
[00:04:19.340292] {Default Queue} wl_buffer#138.release()
[00:04:19.356156] {Display Queue} wl_display#1.delete_id(130)
[00:04:19.356165] {Display Queue} wl_display#1.delete_id(131)
[00:04:19.356166] {Default Queue} wl_callback#130.done(40182471)
[00:04:19.356175] {Default Queue} wp_presentation_feedback#131.sync_output(wl_output#60)
[00:04:19.356176] {Default Queue} wp_presentation_feedback#131.sync_output(wl_output#28)
[00:04:19.356177] {Default Queue} wp_presentation_feedback#131.presented(0, 40182, 471024501, 0, 0, 0, 0)
[00:04:19.357165]  -> wl_surface#92.attach(wl_buffer#138, 0, 0)
[00:04:19.357170]  -> wl_surface#92.damage_buffer(0, 0, 1280, 648)
[00:04:19.357172]  -> wl_surface#92.frame(new id wl_callback#131)
[00:04:19.357174] {Default Queue}  -> wp_presentation#20.feedback(wl_surface#92, new id wp_presentation_feedback#130)
[00:04:19.357177]  -> wl_surface#92.commit()
[00:04:19.357249] {Default Queue} wl_buffer#134.release()
[00:04:19.372534] {Display Queue} wl_display#1.delete_id(131)
[00:04:19.372543] {Display Queue} wl_display#1.delete_id(130)
[00:04:19.372544] {Default Queue} wl_callback#131.done(40182487)
[00:04:19.372554] {Default Queue} wp_presentation_feedback#130.sync_output(wl_output#60)
[00:04:19.372555] {Default Queue} wp_presentation_feedback#130.sync_output(wl_output#28)
[00:04:19.372556] {Default Queue} wp_presentation_feedback#130.presented(0, 40182, 487401950, 0, 0, 0, 0)
[00:04:19.373484]  -> wl_surface#92.attach(wl_buffer#134, 0, 0)
[00:04:19.373492]  -> wl_surface#92.damage_buffer(0, 0, 1280, 648)
[00:04:19.373494]  -> wl_surface#92.frame(new id wl_callback#130)
[00:04:19.373497] {Default Queue}  -> wp_presentation#20.feedback(wl_surface#92, new id wp_presentation_feedback#131)
[00:04:19.373499]  -> wl_surface#92.commit()
[00:04:19.373574] {Default Queue} wl_buffer#138.release()
[00:04:19.389032] {Display Queue} wl_display#1.delete_id(130)
[00:04:19.389040] {Display Queue} wl_display#1.delete_id(131)
[00:04:19.389042] {Default Queue} wl_callback#130.done(40182503)
[00:04:19.389053] {Default Queue} wp_presentation_feedback#131.sync_output(wl_output#60)
[00:04:19.389055] {Default Queue} wp_presentation_feedback#131.sync_output(wl_output#28)
[00:04:19.389056] {Default Queue} wp_presentation_feedback#131.presented(0, 40182, 503895329, 0, 0, 0, 0)
[00:04:19.389949]  -> wl_surface#92.attach(wl_buffer#138, 0, 0)
[00:04:19.389954]  -> wl_surface#92.damage_buffer(0, 0, 1280, 648)
[00:04:19.389956]  -> wl_surface#92.frame(new id wl_callback#131)
[00:04:19.389958] {Default Queue}  -> wp_presentation#20.feedback(wl_surface#92, new id wp_presentation_feedback#130)
[00:04:19.389960]  -> wl_surface#92.commit()
[00:04:19.390017] {Default Queue} wl_buffer#134.release()
[00:04:19.405738] {Display Queue} wl_display#1.delete_id(131)
[00:04:19.405750] {Display Queue} wl_display#1.delete_id(130)
[00:04:19.405752] {Default Queue} wl_callback#131.done(40182520)
[00:04:19.405761] {Default Queue} wp_presentation_feedback#130.sync_output(wl_output#60)
[00:04:19.405763] {Default Queue} wp_presentation_feedback#130.sync_output(wl_output#28)
[00:04:19.405764] {Default Queue} wp_presentation_feedback#130.presented(0, 40182, 520600460, 0, 0, 0, 0)
[00:04:19.406741]  -> wl_surface#92.attach(wl_buffer#134, 0, 0)
[00:04:19.406748]  -> wl_surface#92.damage_buffer(0, 0, 1280, 648)
[00:04:19.406750]  -> wl_surface#92.frame(new id wl_callback#130)
[00:04:19.406752] {Default Queue}  -> wp_presentation#20.feedback(wl_surface#92, new id wp_presentation_feedback#131)
[00:04:19.406754]  -> wl_surface#92.commit()
[00:04:19.406818] {Default Queue} wl_buffer#138.release()
[00:04:19.422155] {Display Queue} wl_display#1.delete_id(130)
[00:04:19.422164] {Display Queue} wl_display#1.delete_id(131)
[00:04:19.422166] {Default Queue} wl_callback#130.done(40182537)
[00:04:19.422178] {Default Queue} wp_presentation_feedback#131.sync_output(wl_output#60)
[00:04:19.422179] {Default Queue} wp_presentation_feedback#131.sync_output(wl_output#28)
[00:04:19.422180] {Default Queue} wp_presentation_feedback#131.presented(0, 40182, 537019379, 0, 0, 0, 0)
[00:04:19.423000]  -> wl_surface#92.attach(wl_buffer#138, 0, 0)
[00:04:19.423005]  -> wl_surface#92.damage_buffer(0, 0, 1280, 648)
[00:04:19.423007]  -> wl_surface#92.frame(new id wl_callback#131)
[00:04:19.423010] {Default Queue}  -> wp_presentation#20.feedback(wl_surface#92, new id wp_presentation_feedback#130)
[00:04:19.423012]  -> wl_surface#92.commit()
[00:04:19.423078] {Default Queue} wl_buffer#134.release()
[00:04:19.423558] {Default Queue} wl_pointer#120.button(188, 40182538, 272, 1)
[00:04:19.423569] {Default Queue} wl_pointer#120.frame()
[00:04:19.423577] {Default Queue} wl_pointer#120.button(189, 40182538, 272, 0)
[00:04:19.423579] {Default Queue} wl_pointer#120.frame()
[00:04:19.423876] {Default Queue}  -> zwlr_layer_surface_v1#117.destroy()
[00:04:19.423882]  -> wl_surface#92.attach(nil, 0, 0)
[00:04:19.423884]  -> wl_surface#92.commit()
[00:04:19.423914] {Default Queue}  -> wl_buffer#134.destroy()
[00:04:19.423915] {Default Queue}  -> wl_shm_pool#129.destroy()
[00:04:19.424277] {Default Queue}  -> wp_viewport#126.destroy()
[00:04:19.424279] {Default Queue}  -> wp_fractional_scale_v1#133.destroy()
[00:04:19.424280]  -> wl_surface#92.destroy()
info: event=popup-closed
[00:04:19.426998] discarded [unknown]#130.[event 2](0 fd, 8 byte)
[00:04:19.427009] {Display Queue} wl_display#1.delete_id(117)
[00:04:19.427012] {Display Queue} wl_display#1.delete_id(130)
[00:04:19.427013] {Display Queue} wl_display#1.delete_id(134)
[00:04:19.427013] {Display Queue} wl_display#1.delete_id(129)
[00:04:19.427014] {Display Queue} wl_display#1.delete_id(126)
[00:04:19.427014] {Display Queue} wl_display#1.delete_id(133)
[00:04:19.427015] {Display Queue} wl_display#1.delete_id(131)
[00:04:19.427015] {Display Queue} wl_display#1.delete_id(92)
[00:04:19.427016] {Default Queue} zwlr_layer_surface_v1#72.configure(191, 1280, 64)
[00:04:19.427022] {Default Queue}  -> zwlr_layer_surface_v1#72.ack_configure(191)
[00:04:19.427023] {Default Queue} zwlr_layer_surface_v1#98.configure(192, 1280, 8)
[00:04:19.427026] {Default Queue}  -> zwlr_layer_surface_v1#98.ack_configure(192)
[00:04:19.427026] {Default Queue} zwlr_layer_surface_v1#66.configure(193, 1280, 720)
[00:04:19.427028] {Default Queue}  -> zwlr_layer_surface_v1#66.ack_configure(193)
[00:04:19.427028] {Default Queue} zwlr_layer_surface_v1#115.configure(194, 88, 2)
[00:04:19.427033] {Default Queue}  -> zwlr_layer_surface_v1#115.ack_configure(194)
[00:04:19.427033] {Default Queue} wl_buffer#138.release()
[00:04:19.427035] {Default Queue}  -> wl_buffer#138.destroy()
[00:04:19.427035] {Default Queue}  -> wl_shm_pool#139.destroy()
[00:04:19.427101] {Default Queue} wl_pointer#120.leave(195, nil)
[00:04:19.427105] {Default Queue} wl_pointer#120.frame()
[00:04:19.427112] {Default Queue}  -> xdg_toplevel_icon_v1#110.destroy()
[00:04:19.427217]  -> wl_surface#68.commit()
[00:04:19.427229]  -> wl_surface#95.commit()
[00:04:19.427235]  -> wl_surface#62.commit()
[00:04:19.427239]  -> wl_surface#114.commit()
[00:04:19.436890]  -> wl_surface#114.attach(wl_buffer#137, 0, 0)
[00:04:19.436900]  -> wl_surface#114.damage_buffer(0, 0, 88, 2)
[00:04:19.436903]  -> wl_surface#114.frame(new id wl_callback#92)
[00:04:19.436907] {Default Queue}  -> wp_presentation#20.feedback(wl_surface#114, new id wp_presentation_feedback#131)
[00:04:19.436910]  -> wl_surface#114.commit()
[00:04:19.436980] {Display Queue} wl_display#1.delete_id(138)
[00:04:19.436983] {Display Queue} wl_display#1.delete_id(139)
[00:04:19.436983] {Display Queue} wl_display#1.delete_id(110)
[00:04:19.436984] {Default Queue} wl_buffer#127.release()
[00:04:19.438471] {Display Queue} wl_display#1.delete_id(92)
[00:04:19.438478] {Display Queue} wl_display#1.delete_id(131)
[00:04:19.438481] {Default Queue} wl_callback#92.done(40182553)
[00:04:19.438488] {Default Queue} wp_presentation_feedback#131.sync_output(wl_output#60)
[00:04:19.438489] {Default Queue} wp_presentation_feedback#131.sync_output(wl_output#28)
[00:04:19.438490] {Default Queue} wp_presentation_feedback#131.presented(0, 40182, 553340647, 0, 0, 0, 0)
[00:04:19.440894] {Default Queue}  -> wl_compositor#4.create_region(new id wl_region#131)
[00:04:19.440900] {Default Queue}  -> wl_region#131.add(18, 4, 639, 56)
[00:04:19.440902]  -> wl_surface#68.set_opaque_region(wl_region#131)
[00:04:19.440903] {Default Queue}  -> wl_region#131.destroy()
[00:04:19.440905]  -> wl_surface#68.attach(wl_buffer#101, 0, 0)
[00:04:19.440906]  -> wl_surface#68.damage_buffer(0, 0, 1280, 64)
[00:04:19.440908]  -> wl_surface#68.frame(new id wl_callback#92)
[00:04:19.440909] {Default Queue}  -> wp_presentation#20.feedback(wl_surface#68, new id wp_presentation_feedback#110)
[00:04:19.440911]  -> wl_surface#68.commit()
[00:04:19.441034] {Display Queue} wl_display#1.delete_id(131)
[00:04:19.441040] {Default Queue} wl_buffer#91.release()
[00:04:19.454535] {Display Queue} wl_display#1.delete_id(92)
[00:04:19.454541] {Display Queue} wl_display#1.delete_id(110)
[00:04:19.454542] {Default Queue} wl_callback#92.done(40182569)
[00:04:19.454552] {Default Queue} wp_presentation_feedback#110.sync_output(wl_output#60)
[00:04:19.454554] {Default Queue} wp_presentation_feedback#110.sync_output(wl_output#28)
[00:04:19.454555] {Default Queue} wp_presentation_feedback#110.presented(0, 40182, 569410102, 0, 0, 0, 0)
[00:04:19.454832] {Default Queue}  -> wl_compositor#4.create_region(new id wl_region#110)
[00:04:19.454835] {Default Queue}  -> wl_region#110.add(19, 4, 637, 1)
[00:04:19.454837] {Default Queue}  -> wl_region#110.add(686, 4, 126, 1)
[00:04:19.454838] {Default Queue}  -> wl_region#110.add(888, 4, 373, 1)
[00:04:19.454839] {Default Queue}  -> wl_region#110.add(17, 5, 641, 1)
[00:04:19.454840] {Default Queue}  -> wl_region#110.add(684, 5, 130, 1)
[00:04:19.454841] {Default Queue}  -> wl_region#110.add(886, 5, 377, 1)
[00:04:19.454842] {Default Queue}  -> wl_region#110.add(16, 6, 643, 1)
[00:04:19.454843] {Default Queue}  -> wl_region#110.add(683, 6, 132, 1)
[00:04:19.454844] {Default Queue}  -> wl_region#110.add(885, 6, 379, 1)
[00:04:19.454845] {Default Queue}  -> wl_region#110.add(15, 7, 645, 1)
[00:04:19.454846] {Default Queue}  -> wl_region#110.add(682, 7, 134, 1)
[00:04:19.454847] {Default Queue}  -> wl_region#110.add(884, 7, 381, 1)
[00:04:19.454848] {Default Queue}  -> wl_region#110.add(14, 8, 647, 1)
[00:04:19.454849] {Default Queue}  -> wl_region#110.add(681, 8, 136, 1)
[00:04:19.454849] {Default Queue}  -> wl_region#110.add(883, 8, 383, 1)
[00:04:19.454850] {Default Queue}  -> wl_region#110.add(13, 9, 649, 1)
[00:04:19.454851] {Default Queue}  -> wl_region#110.add(680, 9, 138, 1)
[00:04:19.454852] {Default Queue}  -> wl_region#110.add(882, 9, 385, 1)
[00:04:19.454853] {Default Queue}  -> wl_region#110.add(12, 10, 651, 2)
[00:04:19.454854] {Default Queue}  -> wl_region#110.add(679, 10, 140, 2)
[00:04:19.454855] {Default Queue}  -> wl_region#110.add(881, 10, 387, 2)
[00:04:19.454856] {Default Queue}  -> wl_region#110.add(11, 12, 653, 5)
[00:04:19.454856] {Default Queue}  -> wl_region#110.add(678, 12, 142, 5)
[00:04:19.454857] {Default Queue}  -> wl_region#110.add(880, 12, 389, 5)
[00:04:19.454858] {Default Queue}  -> wl_region#110.add(10, 17, 655, 30)
[00:04:19.454859] {Default Queue}  -> wl_region#110.add(677, 17, 144, 30)
[00:04:19.454860] {Default Queue}  -> wl_region#110.add(879, 17, 391, 30)
[00:04:19.454861] {Default Queue}  -> wl_region#110.add(11, 47, 653, 5)
[00:04:19.454862] {Default Queue}  -> wl_region#110.add(678, 47, 142, 5)
[00:04:19.454862] {Default Queue}  -> wl_region#110.add(880, 47, 389, 5)
[00:04:19.454863] {Default Queue}  -> wl_region#110.add(12, 52, 651, 2)
[00:04:19.454864] {Default Queue}  -> wl_region#110.add(679, 52, 140, 2)
[00:04:19.454864] {Default Queue}  -> wl_region#110.add(881, 52, 387, 2)
[00:04:19.454865] {Default Queue}  -> wl_region#110.add(13, 54, 649, 1)
[00:04:19.454866] {Default Queue}  -> wl_region#110.add(680, 54, 138, 1)
[00:04:19.454868] {Default Queue}  -> wl_region#110.add(882, 54, 385, 1)
[00:04:19.454869] {Default Queue}  -> wl_region#110.add(14, 55, 647, 1)
[00:04:19.454870] {Default Queue}  -> wl_region#110.add(681, 55, 136, 1)
[00:04:19.454871] {Default Queue}  -> wl_region#110.add(883, 55, 383, 1)
[00:04:19.454871] {Default Queue}  -> wl_region#110.add(15, 56, 645, 1)
[00:04:19.454872] {Default Queue}  -> wl_region#110.add(682, 56, 134, 1)
[00:04:19.454873] {Default Queue}  -> wl_region#110.add(884, 56, 381, 1)
[00:04:19.454874] {Default Queue}  -> wl_region#110.add(16, 57, 643, 1)
[00:04:19.454876] {Default Queue}  -> wl_region#110.add(683, 57, 132, 1)
[00:04:19.454877] {Default Queue}  -> wl_region#110.add(885, 57, 379, 1)
[00:04:19.454878] {Default Queue}  -> wl_region#110.add(17, 58, 641, 1)
[00:04:19.454879] {Default Queue}  -> wl_region#110.add(684, 58, 130, 1)
[00:04:19.454880] {Default Queue}  -> wl_region#110.add(886, 58, 377, 1)
[00:04:19.454881] {Default Queue}  -> wl_region#110.add(19, 59, 637, 1)
[00:04:19.454882] {Default Queue}  -> wl_region#110.add(686, 59, 126, 1)
[00:04:19.454883] {Default Queue}  -> wl_region#110.add(888, 59, 373, 1)
[00:04:19.454884]  -> wl_surface#68.set_input_region(wl_region#110)
[00:04:19.454885] {Default Queue}  -> wl_region#110.destroy()
[00:04:19.454886]  -> wl_surface#68.attach(wl_buffer#91, 0, 0)
[00:04:19.454888]  -> wl_surface#68.damage_buffer(0, 0, 1280, 64)
[00:04:19.454889]  -> wl_surface#68.frame(new id wl_callback#92)
[00:04:19.454891] {Default Queue}  -> wp_presentation#20.feedback(wl_surface#68, new id wp_presentation_feedback#131)
[00:04:19.454892]  -> wl_surface#68.commit()
[00:04:19.454975] {Display Queue} wl_display#1.delete_id(110)
[00:04:19.454977] {Default Queue} wl_buffer#101.release()
[00:04:19.470714] {Display Queue} wl_display#1.delete_id(92)
[00:04:19.470728] {Display Queue} wl_display#1.delete_id(131)
[00:04:19.470730] {Default Queue} wl_callback#92.done(40182585)
[00:04:19.470744] {Default Queue} wp_presentation_feedback#131.sync_output(wl_output#60)
[00:04:19.470745] {Default Queue} wp_presentation_feedback#131.sync_output(wl_output#28)
[00:04:19.470746] {Default Queue} wp_presentation_feedback#131.presented(0, 40182, 585565399, 0, 0, 0, 0)
[00:04:19.833133] {Default Queue} ext_foreign_toplevel_handle_v1#4278190080.closed()
[00:04:19.833152] {Default Queue}  -> ext_foreign_toplevel_handle_v1#4278190080.destroy()
[00:04:19.833815] {Default Queue}  -> zwlr_layer_surface_v1#115.destroy()
[00:04:19.833824]  -> wl_surface#114.attach(nil, 0, 0)
[00:04:19.833828]  -> wl_surface#114.commit()
[00:04:19.834445] {Default Queue}  -> wl_compositor#4.create_region(new id wl_region#131)
[00:04:19.834452] {Default Queue}  -> wl_region#131.add(18, 4, 527, 56)
[00:04:19.834454]  -> wl_surface#68.set_opaque_region(wl_region#131)
[00:04:19.834455] {Default Queue}  -> wl_region#131.destroy()
[00:04:19.834456]  -> wl_surface#68.attach(wl_buffer#101, 0, 0)
[00:04:19.834458]  -> wl_surface#68.damage_buffer(0, 0, 1280, 64)
[00:04:19.834460]  -> wl_surface#68.frame(new id wl_callback#92)
[00:04:19.834462] {Default Queue}  -> wp_presentation#20.feedback(wl_surface#68, new id wp_presentation_feedback#110)
[00:04:19.834464]  -> wl_surface#68.commit()
[00:04:19.834558] {Display Queue} wl_display#1.delete_id(115)
[00:04:19.834562] {Default Queue} zwlr_layer_surface_v1#72.configure(204, 1280, 64)
[00:04:19.834568] {Default Queue}  -> zwlr_layer_surface_v1#72.ack_configure(204)
[00:04:19.834569] {Default Queue} zwlr_layer_surface_v1#98.configure(205, 1280, 8)
[00:04:19.834573] {Default Queue}  -> zwlr_layer_surface_v1#98.ack_configure(205)
[00:04:19.834573] {Default Queue} zwlr_layer_surface_v1#66.configure(206, 1280, 720)
[00:04:19.834576] {Default Queue}  -> zwlr_layer_surface_v1#66.ack_configure(206)
[00:04:19.834576] {Default Queue} wl_buffer#137.release()
[00:04:19.834580] {Default Queue}  -> wl_buffer#137.destroy()
[00:04:19.834581] {Default Queue}  -> wl_shm_pool#136.destroy()
[00:04:19.834594] {Display Queue} wl_display#1.delete_id(131)
[00:04:19.834595] {Default Queue} wl_buffer#91.release()
[00:04:19.834607]  -> wl_surface#95.commit()
[00:04:19.834616]  -> wl_surface#62.commit()
[00:04:19.835975] {Default Queue}  -> wl_compositor#4.create_surface(new id wl_surface#131)
[00:04:19.835980] {Default Queue}  -> wp_fractional_scale_manager_v1#11.get_fractional_scale(new id wp_fractional_scale_v1#115, wl_surface#131)
[00:04:19.835984] {Default Queue}  -> wp_viewporter#10.get_viewport(new id wp_viewport#139, wl_surface#131)
[00:04:19.836034] {Default Queue}  -> xdg_toplevel_icon_manager_v1#9.create_icon(new id xdg_toplevel_icon_v1#138)
[00:04:19.836053] {Default Queue}  -> zwlr_layer_shell_v1#46.get_layer_surface(new id zwlr_layer_surface_v1#133, wl_surface#131, wl_output#31, 3, "pearl:popup")
[00:04:19.836056] {Default Queue}  -> zwlr_layer_surface_v1#133.set_keyboard_interactivity(1)
[00:04:19.836058] {Default Queue}  -> zwlr_layer_surface_v1#133.set_exclusive_zone(0)
[00:04:19.836058] {Default Queue}  -> zwlr_layer_surface_v1#133.set_anchor(15)
[00:04:19.836060] {Default Queue}  -> zwlr_layer_surface_v1#133.set_margin(0, 0, 0, 0)
[00:04:19.836062] {Default Queue}  -> zwlr_layer_surface_v1#133.set_size(0, 0)
[00:04:19.836066]  -> wl_surface#131.commit()
[00:04:19.836249] {Default Queue}  -> zwp_text_input_v3#89.set_surrounding_text("", 0, 0)
[00:04:19.836251] {Default Queue}  -> zwp_text_input_v3#89.set_text_change_cause(1)
[00:04:19.836253] {Default Queue}  -> zwp_text_input_v3#89.set_content_type(0, 0)
[00:04:19.836270] {Default Queue}  -> zwp_text_input_v3#89.set_cursor_rectangle(0, 0, 0, 0)
[00:04:19.836272] {Default Queue}  -> zwp_text_input_v3#89.commit()
[00:04:19.836275] {Default Queue}  -> xdg_activation_v1#15.get_activation_token(new id xdg_activation_token_v1#126)
[00:04:19.836279]  -> xdg_activation_token_v1#126.set_serial(188, wl_seat#3)
[00:04:19.836282]  -> xdg_activation_token_v1#126.commit()
[00:04:19.836364] {Display Queue} wl_display#1.delete_id(137)
[00:04:19.836367] {Display Queue} wl_display#1.delete_id(136)
[00:04:19.836402] xdg_activation_token_v1#126.done("95eda59f084d7489bf1a2b1acf0f74ef")
[00:04:19.836406]  -> xdg_activation_token_v1#126.destroy()
[00:04:19.836407] {Default Queue}  -> xdg_activation_v1#15.activate("95eda59f084d7489bf1a2b1acf0f74ef", wl_surface#131)
info: event=popup-opened output=2
[00:04:19.836439] {Default Queue} zwlr_layer_surface_v1#82.configure(207, 853, 102)
[00:04:19.836446] {Default Queue}  -> zwlr_layer_surface_v1#82.ack_configure(207)
[00:04:19.836448] {Default Queue} zwlr_layer_surface_v1#77.configure(208, 853, 480)
[00:04:19.836450] {Default Queue}  -> zwlr_layer_surface_v1#77.ack_configure(208)
[00:04:19.836451] {Default Queue} zwlr_layer_surface_v1#133.configure(209, 853, 378)
[00:04:19.836459] {Default Queue}  -> zwlr_layer_surface_v1#133.ack_configure(209)
[00:04:19.836509]  -> wl_surface#73.commit()
[00:04:19.836524]  -> wl_surface#67.commit()
[00:04:19.837395] {Default Queue}  -> wl_shm#5.create_pool(new id wl_shm_pool#136, fd 18, 1289736)
[00:04:19.837402] {Default Queue}  -> wl_shm_pool#136.create_buffer(new id wl_buffer#137, 0, 853, 378, 3412, 0)
[00:04:19.837926] {Default Queue}  -> wl_compositor#4.create_region(new id wl_region#129)
[00:04:19.837928] {Default Queue}  -> wl_region#129.add(130, 0, 592, 378)
[00:04:19.837930]  -> wl_surface#131.set_opaque_region(wl_region#129)
[00:04:19.837931] {Default Queue}  -> wl_region#129.destroy()
[00:04:19.837932] {Default Queue}  -> wp_viewport#139.set_destination(853, 378)
[00:04:19.837934]  -> wl_surface#131.attach(wl_buffer#137, 0, 0)
[00:04:19.837935]  -> wl_surface#131.damage_buffer(0, 0, 853, 378)
[00:04:19.837936]  -> wl_surface#131.frame(new id wl_callback#134)
[00:04:19.837938] {Default Queue}  -> wp_presentation#20.feedback(wl_surface#131, new id wp_presentation_feedback#130)
[00:04:19.837940]  -> wl_surface#131.commit()
info: event=launcher-results count=113 shown=113 publish_us=4049
[00:04:19.840531] discarded [unknown]#42.[event 1](0 fd, 12 byte)
[00:04:19.840533] discarded [unknown]#33.[event 1](0 fd, 12 byte)
[00:04:19.840541] {Display Queue} wl_display#1.delete_id(126)
[00:04:19.840543] {Display Queue} wl_display#1.delete_id(110)
[00:04:19.840544] {Display Queue} wl_display#1.delete_id(129)
[00:04:19.840545] {Default Queue} wl_registry#112.global_remove(69)
[00:04:19.840546] {Default Queue} wl_registry#49.global_remove(69)
[00:04:19.840549] {Default Queue}  -> wl_output#61.release()
[00:04:19.840551] {Default Queue} wl_registry#48.global_remove(69)
[00:04:19.840553] {Default Queue} wl_registry#43.global_remove(69)
[00:04:19.840554] {Default Queue} wl_registry#41.global_remove(69)
[00:04:19.840555] {Default Queue} wl_registry#30.global_remove(69)
[00:04:19.840555] {Default Queue} wl_registry#2.global_remove(69)
[00:04:19.840578] {Default Queue}  -> zwlr_layer_surface_v1#77.destroy()
[00:04:19.840580]  -> wl_surface#67.attach(nil, 0, 0)
[00:04:19.840581]  -> wl_surface#67.commit()
[00:04:19.840597] {Default Queue}  -> wp_viewport#75.destroy()
[00:04:19.840598] {Default Queue}  -> wp_fractional_scale_v1#74.destroy()
[00:04:19.840599]  -> wl_surface#67.destroy()
[00:04:19.840606] {Default Queue}  -> xdg_toplevel_icon_v1#76.destroy()
[00:04:19.840618] {Default Queue}  -> wl_compositor#4.create_surface(new id wl_surface#129)
[00:04:19.840620] {Default Queue}  -> wp_fractional_scale_manager_v1#11.get_fractional_scale(new id wp_fractional_scale_v1#126, wl_surface#129)
[00:04:19.840622] {Default Queue}  -> wp_viewporter#10.get_viewport(new id wp_viewport#117, wl_surface#129)
[00:04:19.840642] {Default Queue}  -> xdg_toplevel_icon_manager_v1#9.create_icon(new id xdg_toplevel_icon_v1#132)
[00:04:19.840654] {Default Queue}  -> zwlr_layer_shell_v1#46.get_layer_surface(new id zwlr_layer_surface_v1#135, wl_surface#129, nil, 0, "pearl:wallpaper")
[00:04:19.840656] {Default Queue}  -> zwlr_layer_surface_v1#135.set_keyboard_interactivity(0)
[00:04:19.840657] {Default Queue}  -> zwlr_layer_surface_v1#135.set_exclusive_zone(-1)
[00:04:19.840658] {Default Queue}  -> zwlr_layer_surface_v1#135.set_anchor(15)
[00:04:19.840659] {Default Queue}  -> zwlr_layer_surface_v1#135.set_margin(0, 0, 0, 0)
[00:04:19.840660] {Default Queue}  -> zwlr_layer_surface_v1#135.set_size(0, 0)
[00:04:19.840663]  -> wl_surface#129.commit()
[00:04:19.840753] {Default Queue}  -> zwlr_layer_surface_v1#82.destroy()
[00:04:19.840755]  -> wl_surface#73.attach(nil, 0, 0)
[00:04:19.840756]  -> wl_surface#73.commit()
[00:04:19.840761] {Default Queue}  -> wl_buffer#103.destroy()
[00:04:19.840762] {Default Queue}  -> wl_shm_pool#83.destroy()
[00:04:19.840834] {Default Queue}  -> wp_viewport#80.destroy()
[00:04:19.840835] {Default Queue}  -> wp_fractional_scale_v1#79.destroy()
[00:04:19.840836]  -> wl_surface#73.destroy()
[00:04:19.840841] {Default Queue}  -> xdg_toplevel_icon_v1#81.destroy()
[00:04:19.840847] {Default Queue}  -> wl_compositor#4.create_surface(new id wl_surface#143)
[00:04:19.840848] {Default Queue}  -> wp_fractional_scale_manager_v1#11.get_fractional_scale(new id wp_fractional_scale_v1#142, wl_surface#143)
[00:04:19.840849] {Default Queue}  -> wp_viewporter#10.get_viewport(new id wp_viewport#141, wl_surface#143)
[00:04:19.840859] {Default Queue}  -> xdg_toplevel_icon_manager_v1#9.create_icon(new id xdg_toplevel_icon_v1#144)
[00:04:19.840897] {Default Queue}  -> zwlr_layer_shell_v1#46.get_layer_surface(new id zwlr_layer_surface_v1#145, wl_surface#143, nil, 2, "pearl:bar")
[00:04:19.840898] {Default Queue}  -> zwlr_layer_surface_v1#145.set_keyboard_interactivity(0)
[00:04:19.840899] {Default Queue}  -> zwlr_layer_surface_v1#145.set_exclusive_zone(102)
[00:04:19.840899] {Default Queue}  -> zwlr_layer_surface_v1#145.set_anchor(13)
[00:04:19.840900] {Default Queue}  -> zwlr_layer_surface_v1#145.set_margin(0, 0, 0, 0)
[00:04:19.840901] {Default Queue}  -> zwlr_layer_surface_v1#145.set_size(0, 200)
[00:04:19.840903]  -> wl_surface#143.commit()
[00:04:19.841173] {Default Queue}  -> zwlr_layer_surface_v1#133.destroy()
[00:04:19.841175]  -> wl_surface#131.attach(nil, 0, 0)
[00:04:19.841176]  -> wl_surface#131.commit()
[00:04:19.841299] {Default Queue}  -> wp_viewport#139.destroy()
[00:04:19.841300] {Default Queue}  -> wp_fractional_scale_v1#115.destroy()
[00:04:19.841300]  -> wl_surface#131.destroy()
[00:04:19.841305] {Default Queue}  -> xdg_toplevel_icon_v1#138.destroy()
[00:04:19.841312] {Default Queue}  -> wl_compositor#4.create_surface(new id wl_surface#146)
[00:04:19.841313] {Default Queue}  -> wp_fractional_scale_manager_v1#11.get_fractional_scale(new id wp_fractional_scale_v1#147, wl_surface#146)
[00:04:19.841315] {Default Queue}  -> wp_viewporter#10.get_viewport(new id wp_viewport#148, wl_surface#146)
[00:04:19.841328] {Default Queue}  -> xdg_toplevel_icon_manager_v1#9.create_icon(new id xdg_toplevel_icon_v1#149)
[00:04:19.841633] {Default Queue}  -> zwlr_layer_shell_v1#46.get_layer_surface(new id zwlr_layer_surface_v1#150, wl_surface#146, nil, 3, "pearl:popup")
[00:04:19.841635] {Default Queue}  -> zwlr_layer_surface_v1#150.set_keyboard_interactivity(1)
[00:04:19.841636] {Default Queue}  -> zwlr_layer_surface_v1#150.set_exclusive_zone(0)
[00:04:19.841637] {Default Queue}  -> zwlr_layer_surface_v1#150.set_anchor(15)
[00:04:19.841637] {Default Queue}  -> zwlr_layer_surface_v1#150.set_margin(0, 0, 0, 0)
[00:04:19.841638] {Default Queue}  -> zwlr_layer_surface_v1#150.set_size(0, 0)
[00:04:19.841641]  -> wl_surface#146.commit()
[00:04:19.841647] {Default Queue} wl_output#60.geometry(0, 0, 0, 0, 0, "Unknown", "Unknown", 0)
[00:04:19.841649] {Default Queue} wl_output#60.scale(1)
[00:04:19.841650] {Default Queue} wl_output#28.geometry(0, 0, 0, 0, 0, "Unknown", "Unknown", 0)
[00:04:19.841654] {Default Queue} wl_output#28.scale(1)
[00:04:19.841655] {Default Queue} wp_presentation_feedback#110.sync_output(wl_output#60)
[00:04:19.841656] {Default Queue} wp_presentation_feedback#110.sync_output(wl_output#28)
[00:04:19.841657] {Default Queue} wp_presentation_feedback#110.presented(0, 40182, 953233138, 0, 0, 0, 0)
[00:04:19.841659] {Default Queue} wl_output#60.done()
[00:04:19.841661] {Default Queue} wl_output#28.done()
[00:04:19.841661] {Default Queue} discarded zwlr_layer_surface_v1#82.configure(211, 853, 102)
[00:04:19.841662] {Default Queue} discarded zwlr_layer_surface_v1#77.configure(212, 853, 480)
[00:04:19.841663] {Default Queue} discarded zwlr_layer_surface_v1#133.configure(213, 853, 378)
[00:04:19.841664] {Default Queue} wl_data_device#35.selection(nil)
[00:04:19.841667] {Default Queue} zwp_primary_selection_device_v1#34.selection(nil)
[00:04:19.841765] discarded [unknown]#82.[event 0](0 fd, 20 byte)
[00:04:19.841766] discarded [unknown]#133.[event 0](0 fd, 20 byte)
[00:04:19.841768] discarded [unknown]#133.[event 0](0 fd, 20 byte)
[00:04:19.841769] discarded [unknown]#130.[event 2](0 fd, 8 byte)
[00:04:19.841773] {Display Queue} wl_display#1.delete_id(61)
[00:04:19.841774] {Display Queue} wl_display#1.delete_id(77)
[00:04:19.841775] {Display Queue} wl_display#1.delete_id(75)
[00:04:19.841776] {Display Queue} wl_display#1.delete_id(74)
[00:04:19.841777] {Display Queue} wl_display#1.delete_id(67)
[00:04:19.841778] {Display Queue} wl_display#1.delete_id(76)
[00:04:19.841779] {Display Queue} wl_display#1.delete_id(82)
[00:04:19.841780] {Display Queue} wl_display#1.delete_id(103)
[00:04:19.841781] {Display Queue} wl_display#1.delete_id(83)
[00:04:19.841782] {Display Queue} wl_display#1.delete_id(80)
[00:04:19.841782] {Display Queue} wl_display#1.delete_id(79)
[00:04:19.841783] {Display Queue} wl_display#1.delete_id(73)
[00:04:19.841784] {Display Queue} wl_display#1.delete_id(81)
[00:04:19.841785] {Display Queue} wl_display#1.delete_id(133)
[00:04:19.841786] {Display Queue} wl_display#1.delete_id(130)
[00:04:19.841787] {Display Queue} wl_display#1.delete_id(139)
[00:04:19.841788] {Display Queue} wl_display#1.delete_id(115)
[00:04:19.841789] {Display Queue} wl_display#1.delete_id(134)
[00:04:19.841789] {Display Queue} wl_display#1.delete_id(131)
[00:04:19.841790] {Display Queue} wl_display#1.delete_id(138)
[00:04:19.841791] {Default Queue} wl_buffer#97.release()
[00:04:19.841794] {Default Queue}  -> wl_buffer#97.destroy()
[00:04:19.841795] {Default Queue}  -> wl_shm_pool#102.destroy()
[00:04:19.841876] {Default Queue} zwlr_layer_surface_v1#72.configure(218, 1280, 64)
[00:04:19.841880] {Default Queue}  -> zwlr_layer_surface_v1#72.ack_configure(218)
[00:04:19.841881] {Default Queue} zwlr_layer_surface_v1#98.configure(219, 1280, 8)
[00:04:19.841884] {Default Queue}  -> zwlr_layer_surface_v1#98.ack_configure(219)
[00:04:19.841885] {Default Queue} zwlr_layer_surface_v1#66.configure(220, 1280, 720)
[00:04:19.841888] {Default Queue}  -> zwlr_layer_surface_v1#66.ack_configure(220)
[00:04:19.841889] {Default Queue} zwlr_layer_surface_v1#135.configure(221, 1280, 720)
[00:04:19.841901] {Default Queue}  -> zwlr_layer_surface_v1#135.ack_configure(221)
[00:04:19.841902] {Default Queue} wl_buffer#96.release()
[00:04:19.841903] {Default Queue}  -> wl_buffer#96.destroy()
[00:04:19.841904] {Default Queue}  -> wl_shm_pool#105.destroy()
[00:04:19.841925] {Default Queue} zwlr_layer_surface_v1#72.configure(223, 1280, 64)
[00:04:19.841927] {Default Queue}  -> zwlr_layer_surface_v1#72.ack_configure(223)
[00:04:19.841927] {Default Queue} zwlr_layer_surface_v1#98.configure(224, 1280, 8)
[00:04:19.841928] {Default Queue}  -> zwlr_layer_surface_v1#98.ack_configure(224)
[00:04:19.841929] {Default Queue} zwlr_layer_surface_v1#145.configure(225, 1280, 200)
[00:04:19.841971] {Default Queue}  -> zwlr_layer_surface_v1#145.ack_configure(225)
[00:04:19.841972] {Default Queue} zwlr_layer_surface_v1#66.configure(226, 1280, 720)
[00:04:19.841973] {Default Queue}  -> zwlr_layer_surface_v1#66.ack_configure(226)
[00:04:19.841973] {Default Queue} zwlr_layer_surface_v1#135.configure(227, 1280, 720)
[00:04:19.841974] {Default Queue}  -> zwlr_layer_surface_v1#135.ack_configure(227)
[00:04:19.841975] {Default Queue} wl_buffer#137.release()
[00:04:19.841976] {Default Queue}  -> wl_buffer#137.destroy()
[00:04:19.841977] {Default Queue}  -> wl_shm_pool#136.destroy()
[00:04:19.842005] {Default Queue} zwlr_layer_surface_v1#72.configure(229, 1280, 64)
[00:04:19.842006] {Default Queue}  -> zwlr_layer_surface_v1#72.ack_configure(229)
[00:04:19.842007] {Default Queue} zwlr_layer_surface_v1#98.configure(230, 1280, 8)
[00:04:19.842008] {Default Queue}  -> zwlr_layer_surface_v1#98.ack_configure(230)
[00:04:19.842008] {Default Queue} zwlr_layer_surface_v1#145.configure(231, 1280, 200)
[00:04:19.842028] {Default Queue}  -> zwlr_layer_surface_v1#145.ack_configure(231)
[00:04:19.842029] {Default Queue} zwlr_layer_surface_v1#66.configure(232, 1280, 720)
[00:04:19.842030] {Default Queue}  -> zwlr_layer_surface_v1#66.ack_configure(232)
[00:04:19.842030] {Default Queue} zwlr_layer_surface_v1#135.configure(233, 1280, 720)
[00:04:19.842031] {Default Queue}  -> zwlr_layer_surface_v1#135.ack_configure(233)
[00:04:19.842031] {Default Queue} zwlr_layer_surface_v1#150.configure(234, 1280, 648)
[00:04:19.842195] {Default Queue}  -> zwlr_layer_surface_v1#150.ack_configure(234)
[00:04:19.842350] {Default Queue}  -> wl_shm#5.create_pool(new id wl_shm_pool#138, fd 18, 3686400)
[00:04:19.842355] {Default Queue}  -> wl_shm_pool#138.create_buffer(new id wl_buffer#131, 0, 1280, 720, 5120, 0)
[00:04:19.845161] {Default Queue}  -> wl_compositor#4.create_region(new id wl_region#134)
[00:04:19.845167] {Default Queue}  -> wl_region#134.add(0, 0, 1280, 720)
[00:04:19.845170]  -> wl_surface#129.set_opaque_region(wl_region#134)
[00:04:19.845171] {Default Queue}  -> wl_region#134.destroy()
[00:04:19.845173] {Default Queue}  -> wl_compositor#4.create_region(new id wl_region#115)
[00:04:19.845174]  -> wl_surface#129.set_input_region(wl_region#115)
[00:04:19.845175] {Default Queue}  -> wl_region#115.destroy()
[00:04:19.845176] {Default Queue}  -> wp_viewport#117.set_destination(1280, 720)
[00:04:19.845178]  -> wl_surface#129.attach(wl_buffer#131, 0, 0)
[00:04:19.845179]  -> wl_surface#129.damage_buffer(0, 0, 1280, 720)
[00:04:19.845180]  -> wl_surface#129.frame(new id wl_callback#139)
[00:04:19.845184] {Default Queue}  -> wp_presentation#20.feedback(wl_surface#129, new id wp_presentation_feedback#130)
[00:04:19.845187]  -> wl_surface#129.commit()
[00:04:19.845955] {Default Queue}  -> wl_shm#5.create_pool(new id wl_shm_pool#133, fd 18, 522240)
[00:04:19.845961] {Default Queue}  -> wl_shm_pool#133.create_buffer(new id wl_buffer#81, 0, 1280, 102, 5120, 0)
[00:04:19.846280] {Default Queue}  -> zwlr_layer_surface_v1#145.set_size(0, 102)
[00:04:19.846282] {Default Queue}  -> wl_compositor#4.create_region(new id wl_region#73)
[00:04:19.846283] {Default Queue}  -> wl_region#73.add(891, 4, 371, 94)
[00:04:19.846285]  -> wl_surface#143.set_opaque_region(wl_region#73)
[00:04:19.846286] {Default Queue}  -> wl_region#73.destroy()
[00:04:19.846286] {Default Queue}  -> wl_compositor#4.create_region(new id wl_region#79)
[00:04:19.846287] {Default Queue}  -> wl_region#79.add(19, 4, 218, 1)
[00:04:19.846288] {Default Queue}  -> wl_region#79.add(309, 4, 126, 1)
[00:04:19.846288] {Default Queue}  -> wl_region#79.add(465, 4, 369, 1)
[00:04:19.846289] {Default Queue}  -> wl_region#79.add(17, 5, 222, 1)
[00:04:19.846290] {Default Queue}  -> wl_region#79.add(307, 5, 130, 1)
[00:04:19.846290] {Default Queue}  -> wl_region#79.add(463, 5, 373, 1)
[00:04:19.846291] {Default Queue}  -> wl_region#79.add(16, 6, 224, 1)
[00:04:19.846292] {Default Queue}  -> wl_region#79.add(306, 6, 132, 1)
[00:04:19.846292] {Default Queue}  -> wl_region#79.add(462, 6, 375, 1)
[00:04:19.846293] {Default Queue}  -> wl_region#79.add(15, 7, 226, 1)
[00:04:19.846294] {Default Queue}  -> wl_region#79.add(305, 7, 134, 1)
[00:04:19.846294] {Default Queue}  -> wl_region#79.add(461, 7, 377, 1)
[00:04:19.846295] {Default Queue}  -> wl_region#79.add(14, 8, 228, 1)
[00:04:19.846296] {Default Queue}  -> wl_region#79.add(304, 8, 136, 1)
[00:04:19.846296] {Default Queue}  -> wl_region#79.add(460, 8, 379, 1)
[00:04:19.846297] {Default Queue}  -> wl_region#79.add(13, 9, 230, 1)
[00:04:19.846298] {Default Queue}  -> wl_region#79.add(303, 9, 138, 1)
[00:04:19.846299] {Default Queue}  -> wl_region#79.add(459, 9, 381, 1)
[00:04:19.846299] {Default Queue}  -> wl_region#79.add(12, 10, 232, 2)
[00:04:19.846300] {Default Queue}  -> wl_region#79.add(302, 10, 140, 2)
[00:04:19.846301] {Default Queue}  -> wl_region#79.add(458, 10, 383, 2)
[00:04:19.846301] {Default Queue}  -> wl_region#79.add(11, 12, 234, 5)
[00:04:19.846302] {Default Queue}  -> wl_region#79.add(301, 12, 142, 5)
[00:04:19.846303] {Default Queue}  -> wl_region#79.add(457, 12, 385, 5)
[00:04:19.846303] {Default Queue}  -> wl_region#79.add(10, 17, 236, 68)
[00:04:19.846304] {Default Queue}  -> wl_region#79.add(300, 17, 144, 68)
[00:04:19.846304] {Default Queue}  -> wl_region#79.add(456, 17, 387, 68)
[00:04:19.846305] {Default Queue}  -> wl_region#79.add(11, 85, 234, 5)
[00:04:19.846306] {Default Queue}  -> wl_region#79.add(301, 85, 142, 5)
[00:04:19.846306] {Default Queue}  -> wl_region#79.add(457, 85, 385, 5)
[00:04:19.846307] {Default Queue}  -> wl_region#79.add(12, 90, 232, 2)
[00:04:19.846308] {Default Queue}  -> wl_region#79.add(302, 90, 140, 2)
[00:04:19.846308] {Default Queue}  -> wl_region#79.add(458, 90, 383, 2)
[00:04:19.846309] {Default Queue}  -> wl_region#79.add(13, 92, 230, 1)
[00:04:19.846309] {Default Queue}  -> wl_region#79.add(303, 92, 138, 1)
[00:04:19.846310] {Default Queue}  -> wl_region#79.add(459, 92, 381, 1)
[00:04:19.846311] {Default Queue}  -> wl_region#79.add(14, 93, 228, 1)
[00:04:19.846311] {Default Queue}  -> wl_region#79.add(304, 93, 136, 1)
[00:04:19.846312] {Default Queue}  -> wl_region#79.add(460, 93, 379, 1)
[00:04:19.846312] {Default Queue}  -> wl_region#79.add(15, 94, 226, 1)
[00:04:19.846313] {Default Queue}  -> wl_region#79.add(305, 94, 134, 1)
[00:04:19.846314] {Default Queue}  -> wl_region#79.add(461, 94, 377, 1)
[00:04:19.846314] {Default Queue}  -> wl_region#79.add(16, 95, 224, 1)
[00:04:19.846315] {Default Queue}  -> wl_region#79.add(306, 95, 132, 1)
[00:04:19.846316] {Default Queue}  -> wl_region#79.add(462, 95, 375, 1)
[00:04:19.846316] {Default Queue}  -> wl_region#79.add(17, 96, 222, 1)
[00:04:19.846317] {Default Queue}  -> wl_region#79.add(307, 96, 130, 1)
[00:04:19.846317] {Default Queue}  -> wl_region#79.add(463, 96, 373, 1)
[00:04:19.846318] {Default Queue}  -> wl_region#79.add(19, 97, 218, 1)
[00:04:19.846319] {Default Queue}  -> wl_region#79.add(309, 97, 126, 1)
[00:04:19.846319] {Default Queue}  -> wl_region#79.add(465, 97, 369, 1)
[00:04:19.846320]  -> wl_surface#143.set_input_region(wl_region#79)
[00:04:19.846321] {Default Queue}  -> wl_region#79.destroy()
[00:04:19.846321] {Default Queue}  -> wp_viewport#141.set_destination(1280, 102)
[00:04:19.846322]  -> wl_surface#143.attach(wl_buffer#81, 0, 0)
[00:04:19.846323]  -> wl_surface#143.damage_buffer(0, 0, 1280, 102)
[00:04:19.846324]  -> wl_surface#143.frame(new id wl_callback#80)
[00:04:19.846326] {Default Queue}  -> wp_presentation#20.feedback(wl_surface#143, new id wp_presentation_feedback#83)
[00:04:19.846327]  -> wl_surface#143.commit()
[00:04:19.858966] {Default Queue}  -> wl_shm#5.create_pool(new id wl_shm_pool#103, fd 18, 3317760)
[00:04:19.858975] {Default Queue}  -> wl_shm_pool#103.create_buffer(new id wl_buffer#82, 0, 1280, 648, 5120, 0)
[00:04:19.859819] {Default Queue}  -> wl_compositor#4.create_region(new id wl_region#76)
[00:04:19.859822] {Default Queue}  -> wl_region#76.add(130, 0, 592, 378)
[00:04:19.859824]  -> wl_surface#146.set_opaque_region(wl_region#76)
[00:04:19.859825] {Default Queue}  -> wl_region#76.destroy()
[00:04:19.859826] {Default Queue}  -> wp_viewport#148.set_destination(1280, 648)
[00:04:19.859828]  -> wl_surface#146.attach(wl_buffer#82, 0, 0)
[00:04:19.859829]  -> wl_surface#146.damage_buffer(0, 0, 1280, 648)
[00:04:19.859830]  -> wl_surface#146.frame(new id wl_callback#67)
[00:04:19.859832] {Default Queue}  -> wp_presentation#20.feedback(wl_surface#146, new id wp_presentation_feedback#74)
[00:04:19.859834]  -> wl_surface#146.commit()
[00:04:19.859889] {Display Queue} wl_display#1.delete_id(97)
[00:04:19.859892] {Display Queue} wl_display#1.delete_id(102)
[00:04:19.859893] {Display Queue} wl_display#1.delete_id(96)
[00:04:19.859893] {Display Queue} wl_display#1.delete_id(105)
[00:04:19.859894] {Display Queue} wl_display#1.delete_id(137)
[00:04:19.859894] {Display Queue} wl_display#1.delete_id(136)
[00:04:19.859895] {Display Queue} wl_display#1.delete_id(134)
[00:04:19.859895] {Display Queue} wl_display#1.delete_id(115)
[00:04:19.859896] {Display Queue} wl_display#1.delete_id(73)
[00:04:19.859896] {Display Queue} wl_display#1.delete_id(79)
[00:04:19.859897] {Display Queue} wl_display#1.delete_id(139)
[00:04:19.859897] {Display Queue} wl_display#1.delete_id(92)
[00:04:19.859898] {Display Queue} wl_display#1.delete_id(80)
[00:04:19.859899] {Display Queue} wl_display#1.delete_id(130)
[00:04:19.859899] {Display Queue} wl_display#1.delete_id(83)
[00:04:19.859900] {Default Queue} zwlr_layer_surface_v1#72.configure(235, 1280, 64)
[00:04:19.859905] {Default Queue}  -> zwlr_layer_surface_v1#72.ack_configure(235)
[00:04:19.859906] {Default Queue} zwlr_layer_surface_v1#98.configure(236, 1280, 8)
[00:04:19.859908] {Default Queue}  -> zwlr_layer_surface_v1#98.ack_configure(236)
[00:04:19.859909] {Default Queue} zwlr_layer_surface_v1#145.configure(237, 1280, 200)
[00:04:19.859910] {Default Queue}  -> zwlr_layer_surface_v1#145.ack_configure(237)
[00:04:19.859911] {Default Queue} zwlr_layer_surface_v1#66.configure(238, 1280, 720)
[00:04:19.859912] {Default Queue}  -> zwlr_layer_surface_v1#66.ack_configure(238)
[00:04:19.859913] {Default Queue} zwlr_layer_surface_v1#135.configure(239, 1280, 720)
[00:04:19.859914] {Default Queue}  -> zwlr_layer_surface_v1#135.ack_configure(239)
[00:04:19.859914] {Default Queue} zwlr_layer_surface_v1#150.configure(240, 1280, 648)
[00:04:19.859915] {Default Queue}  -> zwlr_layer_surface_v1#150.ack_configure(240)
[00:04:19.859915] {Default Queue} wp_fractional_scale_v1#126.preferred_scale(120)
[00:04:19.859916] {Default Queue} zwlr_layer_surface_v1#72.configure(241, 1280, 64)
[00:04:19.859917] {Default Queue}  -> zwlr_layer_surface_v1#72.ack_configure(241)
[00:04:19.859918] {Default Queue} zwlr_layer_surface_v1#98.configure(242, 1280, 8)
[00:04:19.859918] {Default Queue}  -> zwlr_layer_surface_v1#98.ack_configure(242)
[00:04:19.859919] {Default Queue} zwlr_layer_surface_v1#145.configure(243, 1280, 102)
[00:04:19.859920] {Default Queue}  -> zwlr_layer_surface_v1#145.ack_configure(243)
[00:04:19.859920] {Default Queue} zwlr_layer_surface_v1#66.configure(244, 1280, 720)
[00:04:19.859921] {Default Queue}  -> zwlr_layer_surface_v1#66.ack_configure(244)
[00:04:19.859922] {Default Queue} zwlr_layer_surface_v1#135.configure(245, 1280, 720)
[00:04:19.859922] {Default Queue}  -> zwlr_layer_surface_v1#135.ack_configure(245)
[00:04:19.859923] {Default Queue} zwlr_layer_surface_v1#150.configure(246, 1280, 546)
[00:04:19.859923] {Default Queue}  -> zwlr_layer_surface_v1#150.ack_configure(246)
[00:04:19.859924] {Default Queue} wp_fractional_scale_v1#142.preferred_scale(120)
[00:04:19.859925] {Default Queue} zwlr_layer_surface_v1#72.configure(247, 1280, 64)
[00:04:19.859925] {Default Queue}  -> zwlr_layer_surface_v1#72.ack_configure(247)
[00:04:19.859926] {Default Queue} zwlr_layer_surface_v1#98.configure(248, 1280, 8)
[00:04:19.859927] {Default Queue}  -> zwlr_layer_surface_v1#98.ack_configure(248)
[00:04:19.859927] {Default Queue} zwlr_layer_surface_v1#145.configure(249, 1280, 102)
[00:04:19.859928] {Default Queue}  -> zwlr_layer_surface_v1#145.ack_configure(249)
[00:04:19.859929] {Default Queue} zwlr_layer_surface_v1#66.configure(250, 1280, 720)
[00:04:19.859929] {Default Queue}  -> zwlr_layer_surface_v1#66.ack_configure(250)
[00:04:19.859930] {Default Queue} zwlr_layer_surface_v1#135.configure(251, 1280, 720)
[00:04:19.859931] {Default Queue}  -> zwlr_layer_surface_v1#135.ack_configure(251)
[00:04:19.859931] {Default Queue} zwlr_layer_surface_v1#150.configure(252, 1280, 546)
[00:04:19.859932] {Default Queue}  -> zwlr_layer_surface_v1#150.ack_configure(252)
[00:04:19.859932] {Default Queue} wl_pointer#120.enter(253, wl_surface#143, 25.00000000, 85.00000000)
[00:04:19.859936] {Default Queue}  -> wp_cursor_shape_device_v1#125.set_shape(253, 1)
[00:04:19.859937] {Default Queue} wl_pointer#120.frame()
[00:04:19.859941] {Default Queue} wl_callback#139.done(40182970)
[00:04:19.859945] {Default Queue} wl_callback#92.done(40182970)
[00:04:19.859947] {Default Queue} wl_callback#80.done(40182970)
[00:04:19.859949] {Default Queue} wp_presentation_feedback#130.sync_output(wl_output#60)
[00:04:19.859950] {Default Queue} wp_presentation_feedback#130.sync_output(wl_output#28)
[00:04:19.859950] {Default Queue} wp_presentation_feedback#130.presented(0, 40182, 970220992, 0, 0, 0, 0)
[00:04:19.859952] {Default Queue} wp_presentation_feedback#83.sync_output(wl_output#60)
[00:04:19.859953] {Default Queue} wp_presentation_feedback#83.sync_output(wl_output#28)
[00:04:19.859954] {Default Queue} wp_presentation_feedback#83.presented(0, 40182, 970220992, 0, 0, 0, 0)
[00:04:19.859955] wl_surface#143.enter(wl_output#60)
[00:04:19.860036] wl_surface#143.enter(wl_output#28)
[00:04:19.860046] wl_surface#143.preferred_buffer_scale(1)
[00:04:19.860047] wl_surface#129.enter(wl_output#60)
[00:04:19.860049] wl_surface#129.enter(wl_output#28)
[00:04:19.860049] wl_surface#129.preferred_buffer_scale(1)
[00:04:19.860277] {Display Queue} wl_display#1.delete_id(76)
[00:04:19.860279] {Default Queue} zwlr_layer_surface_v1#72.configure(254, 1280, 64)
[00:04:19.860282] {Default Queue}  -> zwlr_layer_surface_v1#72.ack_configure(254)
[00:04:19.860283] {Default Queue} zwlr_layer_surface_v1#98.configure(255, 1280, 8)
[00:04:19.860283] {Default Queue}  -> zwlr_layer_surface_v1#98.ack_configure(255)
[00:04:19.860284] {Default Queue} zwlr_layer_surface_v1#145.configure(256, 1280, 102)
[00:04:19.860285] {Default Queue}  -> zwlr_layer_surface_v1#145.ack_configure(256)
[00:04:19.860286] {Default Queue} zwlr_layer_surface_v1#66.configure(257, 1280, 720)
[00:04:19.860286] {Default Queue}  -> zwlr_layer_surface_v1#66.ack_configure(257)
[00:04:19.860287] {Default Queue} zwlr_layer_surface_v1#135.configure(258, 1280, 720)
[00:04:19.860288] {Default Queue}  -> zwlr_layer_surface_v1#135.ack_configure(258)
[00:04:19.860288] {Default Queue} zwlr_layer_surface_v1#150.configure(259, 1280, 546)
[00:04:19.860289] {Default Queue}  -> zwlr_layer_surface_v1#150.ack_configure(259)
[00:04:19.860290] {Default Queue} wp_fractional_scale_v1#147.preferred_scale(120)
[00:04:19.860290] {Default Queue} wl_data_device#35.selection(nil)
[00:04:19.860294] {Default Queue} zwp_primary_selection_device_v1#34.selection(nil)
[00:04:19.860296] wl_surface#146.enter(wl_output#60)
[00:04:19.860465] wl_surface#146.enter(wl_output#28)
[00:04:19.860580] wl_surface#146.preferred_buffer_scale(1)
[00:04:19.860709] {Default Queue}  -> wl_shm#5.create_pool(new id wl_shm_pool#76, fd 18, 522240)
[00:04:19.860712] {Default Queue}  -> wl_shm_pool#76.create_buffer(new id wl_buffer#83, 0, 1280, 102, 5120, 0)
[00:04:19.860987] {Default Queue}  -> wl_compositor#4.create_region(new id wl_region#130)
[00:04:19.860989] {Default Queue}  -> wl_region#130.add(19, 4, 218, 1)
[00:04:19.860989] {Default Queue}  -> wl_region#130.add(577, 4, 126, 1)
[00:04:19.860990] {Default Queue}  -> wl_region#130.add(892, 4, 369, 1)
[00:04:19.860991] {Default Queue}  -> wl_region#130.add(17, 5, 222, 1)
[00:04:19.860992] {Default Queue}  -> wl_region#130.add(575, 5, 130, 1)
[00:04:19.860992] {Default Queue}  -> wl_region#130.add(890, 5, 373, 1)
[00:04:19.860993] {Default Queue}  -> wl_region#130.add(16, 6, 224, 1)
[00:04:19.860994] {Default Queue}  -> wl_region#130.add(574, 6, 132, 1)
[00:04:19.860994] {Default Queue}  -> wl_region#130.add(889, 6, 375, 1)
[00:04:19.860995] {Default Queue}  -> wl_region#130.add(15, 7, 226, 1)
[00:04:19.860996] {Default Queue}  -> wl_region#130.add(573, 7, 134, 1)
[00:04:19.860996] {Default Queue}  -> wl_region#130.add(888, 7, 377, 1)
[00:04:19.860997] {Default Queue}  -> wl_region#130.add(14, 8, 228, 1)
[00:04:19.860997] {Default Queue}  -> wl_region#130.add(572, 8, 136, 1)
[00:04:19.860998] {Default Queue}  -> wl_region#130.add(887, 8, 379, 1)
[00:04:19.860999] {Default Queue}  -> wl_region#130.add(13, 9, 230, 1)
[00:04:19.860999] {Default Queue}  -> wl_region#130.add(571, 9, 138, 1)
[00:04:19.861000] {Default Queue}  -> wl_region#130.add(886, 9, 381, 1)
[00:04:19.861001] {Default Queue}  -> wl_region#130.add(12, 10, 232, 2)
[00:04:19.861001] {Default Queue}  -> wl_region#130.add(570, 10, 140, 2)
[00:04:19.861002] {Default Queue}  -> wl_region#130.add(885, 10, 383, 2)
[00:04:19.861003] {Default Queue}  -> wl_region#130.add(11, 12, 234, 5)
[00:04:19.861003] {Default Queue}  -> wl_region#130.add(569, 12, 142, 5)
[00:04:19.861004] {Default Queue}  -> wl_region#130.add(884, 12, 385, 5)
[00:04:19.861005] {Default Queue}  -> wl_region#130.add(10, 17, 236, 68)
[00:04:19.861005] {Default Queue}  -> wl_region#130.add(568, 17, 144, 68)
[00:04:19.861006] {Default Queue}  -> wl_region#130.add(883, 17, 387, 68)
[00:04:19.861007] {Default Queue}  -> wl_region#130.add(11, 85, 234, 5)
[00:04:19.861007] {Default Queue}  -> wl_region#130.add(569, 85, 142, 5)
[00:04:19.861008] {Default Queue}  -> wl_region#130.add(884, 85, 385, 5)
[00:04:19.861008] {Default Queue}  -> wl_region#130.add(12, 90, 232, 2)
[00:04:19.861009] {Default Queue}  -> wl_region#130.add(570, 90, 140, 2)
[00:04:19.861010] {Default Queue}  -> wl_region#130.add(885, 90, 383, 2)
[00:04:19.861010] {Default Queue}  -> wl_region#130.add(13, 92, 230, 1)
[00:04:19.861011] {Default Queue}  -> wl_region#130.add(571, 92, 138, 1)
[00:04:19.861012] {Default Queue}  -> wl_region#130.add(886, 92, 381, 1)
[00:04:19.861012] {Default Queue}  -> wl_region#130.add(14, 93, 228, 1)
[00:04:19.861013] {Default Queue}  -> wl_region#130.add(572, 93, 136, 1)
[00:04:19.861014] {Default Queue}  -> wl_region#130.add(887, 93, 379, 1)
[00:04:19.861014] {Default Queue}  -> wl_region#130.add(15, 94, 226, 1)
[00:04:19.861015] {Default Queue}  -> wl_region#130.add(573, 94, 134, 1)
[00:04:19.861015] {Default Queue}  -> wl_region#130.add(888, 94, 377, 1)
[00:04:19.861016] {Default Queue}  -> wl_region#130.add(16, 95, 224, 1)
[00:04:19.861017] {Default Queue}  -> wl_region#130.add(574, 95, 132, 1)
[00:04:19.861017] {Default Queue}  -> wl_region#130.add(889, 95, 375, 1)
[00:04:19.861018] {Default Queue}  -> wl_region#130.add(17, 96, 222, 1)
[00:04:19.861019] {Default Queue}  -> wl_region#130.add(575, 96, 130, 1)
[00:04:19.861019] {Default Queue}  -> wl_region#130.add(890, 96, 373, 1)
[00:04:19.861020] {Default Queue}  -> wl_region#130.add(19, 97, 218, 1)
[00:04:19.861021] {Default Queue}  -> wl_region#130.add(577, 97, 126, 1)
[00:04:19.861021] {Default Queue}  -> wl_region#130.add(892, 97, 369, 1)
[00:04:19.861022]  -> wl_surface#143.set_input_region(wl_region#130)
[00:04:19.861023] {Default Queue}  -> wl_region#130.destroy()
[00:04:19.861024]  -> wl_surface#143.attach(wl_buffer#83, 0, 0)
[00:04:19.861025]  -> wl_surface#143.damage_buffer(0, 0, 1280, 102)
[00:04:19.861026]  -> wl_surface#143.frame(new id wl_callback#80)
[00:04:19.861027] {Default Queue}  -> wp_presentation#20.feedback(wl_surface#143, new id wp_presentation_feedback#92)
[00:04:19.861028]  -> wl_surface#143.commit()
[00:04:19.861103] {Display Queue} wl_display#1.delete_id(130)
[00:04:19.861105] {Default Queue} wl_buffer#81.release()
[00:04:19.861118]  -> wl_surface#95.commit()
[00:04:19.861123]  -> wl_surface#62.commit()
[00:04:19.861143] {Default Queue}  -> wl_shm#5.create_pool(new id wl_shm_pool#130, fd 18, 3686400)
[00:04:19.861145] {Default Queue}  -> wl_shm_pool#130.create_buffer(new id wl_buffer#139, 0, 1280, 720, 5120, 0)
[00:04:19.863553]  -> wl_surface#129.attach(wl_buffer#139, 0, 0)
[00:04:19.863555]  -> wl_surface#129.damage_buffer(0, 0, 1280, 720)
[00:04:19.863557]  -> wl_surface#129.frame(new id wl_callback#79)
[00:04:19.863558] {Default Queue}  -> wp_presentation#20.feedback(wl_surface#129, new id wp_presentation_feedback#73)
[00:04:19.863560]  -> wl_surface#129.commit()
[00:04:19.863789] {Default Queue}  -> wl_compositor#4.create_region(new id wl_region#115)
[00:04:19.863791] {Default Queue}  -> wl_region#115.add(19, 4, 525, 1)
[00:04:19.863792] {Default Queue}  -> wl_region#115.add(577, 4, 126, 1)
[00:04:19.863793] {Default Queue}  -> wl_region#115.add(888, 4, 373, 1)
[00:04:19.863794] {Default Queue}  -> wl_region#115.add(17, 5, 529, 1)
[00:04:19.863795] {Default Queue}  -> wl_region#115.add(575, 5, 130, 1)
[00:04:19.863795] {Default Queue}  -> wl_region#115.add(886, 5, 377, 1)
[00:04:19.863796] {Default Queue}  -> wl_region#115.add(16, 6, 531, 1)
[00:04:19.863797] {Default Queue}  -> wl_region#115.add(574, 6, 132, 1)
[00:04:19.863798] {Default Queue}  -> wl_region#115.add(885, 6, 379, 1)
[00:04:19.863798] {Default Queue}  -> wl_region#115.add(15, 7, 533, 1)
[00:04:19.863799] {Default Queue}  -> wl_region#115.add(573, 7, 134, 1)
[00:04:19.863799] {Default Queue}  -> wl_region#115.add(884, 7, 381, 1)
[00:04:19.863800] {Default Queue}  -> wl_region#115.add(14, 8, 535, 1)
[00:04:19.863801] {Default Queue}  -> wl_region#115.add(572, 8, 136, 1)
[00:04:19.863801] {Default Queue}  -> wl_region#115.add(883, 8, 383, 1)
[00:04:19.863802] {Default Queue}  -> wl_region#115.add(13, 9, 537, 1)
[00:04:19.863803] {Default Queue}  -> wl_region#115.add(571, 9, 138, 1)
[00:04:19.863803] {Default Queue}  -> wl_region#115.add(882, 9, 385, 1)
[00:04:19.863804] {Default Queue}  -> wl_region#115.add(12, 10, 539, 2)
[00:04:19.863805] {Default Queue}  -> wl_region#115.add(570, 10, 140, 2)
[00:04:19.863805] {Default Queue}  -> wl_region#115.add(881, 10, 387, 2)
[00:04:19.863806] {Default Queue}  -> wl_region#115.add(11, 12, 541, 5)
[00:04:19.863807] {Default Queue}  -> wl_region#115.add(569, 12, 142, 5)
[00:04:19.863807] {Default Queue}  -> wl_region#115.add(880, 12, 389, 5)
[00:04:19.863808] {Default Queue}  -> wl_region#115.add(10, 17, 543, 30)
[00:04:19.863808] {Default Queue}  -> wl_region#115.add(568, 17, 144, 30)
[00:04:19.863809] {Default Queue}  -> wl_region#115.add(879, 17, 391, 30)
[00:04:19.863810] {Default Queue}  -> wl_region#115.add(11, 47, 541, 5)
[00:04:19.863810] {Default Queue}  -> wl_region#115.add(569, 47, 142, 5)
[00:04:19.863811] {Default Queue}  -> wl_region#115.add(880, 47, 389, 5)
[00:04:19.863812] {Default Queue}  -> wl_region#115.add(12, 52, 539, 2)
[00:04:19.863812] {Default Queue}  -> wl_region#115.add(570, 52, 140, 2)
[00:04:19.863813] {Default Queue}  -> wl_region#115.add(881, 52, 387, 2)
[00:04:19.863813] {Default Queue}  -> wl_region#115.add(13, 54, 537, 1)
[00:04:19.863814] {Default Queue}  -> wl_region#115.add(571, 54, 138, 1)
[00:04:19.863815] {Default Queue}  -> wl_region#115.add(882, 54, 385, 1)
[00:04:19.863815] {Default Queue}  -> wl_region#115.add(14, 55, 535, 1)
[00:04:19.863816] {Default Queue}  -> wl_region#115.add(572, 55, 136, 1)
[00:04:19.863817] {Default Queue}  -> wl_region#115.add(883, 55, 383, 1)
[00:04:19.863817] {Default Queue}  -> wl_region#115.add(15, 56, 533, 1)
[00:04:19.863818] {Default Queue}  -> wl_region#115.add(573, 56, 134, 1)
[00:04:19.863819] {Default Queue}  -> wl_region#115.add(884, 56, 381, 1)
[00:04:19.863819] {Default Queue}  -> wl_region#115.add(16, 57, 531, 1)
[00:04:19.863820] {Default Queue}  -> wl_region#115.add(574, 57, 132, 1)
[00:04:19.863821] {Default Queue}  -> wl_region#115.add(885, 57, 379, 1)
[00:04:19.863821] {Default Queue}  -> wl_region#115.add(17, 58, 529, 1)
[00:04:19.863822] {Default Queue}  -> wl_region#115.add(575, 58, 130, 1)
[00:04:19.863823] {Default Queue}  -> wl_region#115.add(886, 58, 377, 1)
[00:04:19.863823] {Default Queue}  -> wl_region#115.add(19, 59, 525, 1)
[00:04:19.863824] {Default Queue}  -> wl_region#115.add(577, 59, 126, 1)
[00:04:19.863825] {Default Queue}  -> wl_region#115.add(888, 59, 373, 1)
[00:04:19.863825]  -> wl_surface#68.set_input_region(wl_region#115)
[00:04:19.863826] {Default Queue}  -> wl_region#115.destroy()
[00:04:19.863827]  -> wl_surface#68.attach(wl_buffer#91, 0, 0)
[00:04:19.863828]  -> wl_surface#68.damage_buffer(0, 0, 1280, 64)
[00:04:19.863829]  -> wl_surface#68.frame(new id wl_callback#134)
[00:04:19.863830] {Default Queue}  -> wp_presentation#20.feedback(wl_surface#68, new id wp_presentation_feedback#136)
[00:04:19.863831]  -> wl_surface#68.commit()
[00:04:19.864055] {Default Queue}  -> zwlr_layer_surface_v1#150.destroy()
[00:04:19.864059]  -> wl_surface#146.attach(nil, 0, 0)
[00:04:19.864059]  -> wl_surface#146.commit()
[00:04:19.864414] {Default Queue}  -> wp_viewport#148.destroy()
[00:04:19.864416] {Default Queue}  -> wp_fractional_scale_v1#147.destroy()
[00:04:19.864417]  -> wl_surface#146.destroy()
[00:04:19.864429] {Default Queue}  -> xdg_toplevel_icon_v1#149.destroy()
info: event=popup-closed
[00:04:19.867321] {Default Queue}  -> zwlr_layer_surface_v1#135.destroy()
[00:04:19.867331]  -> wl_surface#129.attach(nil, 0, 0)
[00:04:19.867334]  -> wl_surface#129.commit()
[00:04:19.867368] {Default Queue}  -> wp_viewport#117.destroy()
[00:04:19.867370] {Default Queue}  -> wp_fractional_scale_v1#126.destroy()
[00:04:19.867371]  -> wl_surface#129.destroy()
[00:04:19.867381] {Default Queue}  -> xdg_toplevel_icon_v1#132.destroy()
[00:04:19.867641] {Default Queue}  -> zwlr_layer_surface_v1#145.destroy()
[00:04:19.867644]  -> wl_surface#143.attach(nil, 0, 0)
[00:04:19.867645]  -> wl_surface#143.commit()
[00:04:19.867657] {Default Queue}  -> wl_buffer#81.destroy()
[00:04:19.867658] {Default Queue}  -> wl_shm_pool#133.destroy()
[00:04:19.867723] {Default Queue}  -> wp_viewport#141.destroy()
[00:04:19.867724] {Default Queue}  -> wp_fractional_scale_v1#142.destroy()
[00:04:19.867725]  -> wl_surface#143.destroy()
[00:04:19.868291] {Default Queue}  -> zxdg_output_v1#32.destroy()
[00:04:19.868295] {Default Queue}  -> wl_output#31.release()
[00:04:19.868341] {Display Queue} wl_display#1.delete_id(115)
[00:04:19.868344] {Default Queue} wl_buffer#131.release()
[00:04:19.868347] {Default Queue}  -> wl_buffer#131.destroy()
[00:04:19.868348] {Default Queue}  -> wl_shm_pool#138.destroy()
[00:04:19.868481] {Default Queue} wl_buffer#101.release()
[00:04:19.868627] discarded [unknown]#145.[event 0](0 fd, 20 byte)
[00:04:19.868632] discarded [unknown]#135.[event 0](0 fd, 20 byte)
[00:04:19.868634] discarded [unknown]#74.[event 2](0 fd, 8 byte)
[00:04:19.868639] discarded [unknown]#145.[event 0](0 fd, 20 byte)
[00:04:19.868640] discarded [unknown]#73.[event 2](0 fd, 8 byte)
[00:04:19.868644] discarded [unknown]#92.[event 2](0 fd, 8 byte)
[00:04:19.868658] {Display Queue} wl_display#1.delete_id(150)
[00:04:19.868664] {Display Queue} wl_display#1.delete_id(74)
[00:04:19.868665] {Display Queue} wl_display#1.delete_id(148)
[00:04:19.868666] {Display Queue} wl_display#1.delete_id(147)
[00:04:19.868667] {Display Queue} wl_display#1.delete_id(67)
[00:04:19.868667] {Display Queue} wl_display#1.delete_id(146)
[00:04:19.868668] {Display Queue} wl_display#1.delete_id(149)
[00:04:19.868668] {Display Queue} wl_display#1.delete_id(135)
[00:04:19.868669] {Display Queue} wl_display#1.delete_id(73)
[00:04:19.868669] {Display Queue} wl_display#1.delete_id(117)
[00:04:19.868670] {Display Queue} wl_display#1.delete_id(126)
[00:04:19.868670] {Display Queue} wl_display#1.delete_id(79)
[00:04:19.868671] {Display Queue} wl_display#1.delete_id(129)
[00:04:19.868672] {Display Queue} wl_display#1.delete_id(132)
[00:04:19.868672] {Display Queue} wl_display#1.delete_id(145)
[00:04:19.868673] {Display Queue} wl_display#1.delete_id(92)
[00:04:19.868674] {Display Queue} wl_display#1.delete_id(81)
[00:04:19.868674] {Display Queue} wl_display#1.delete_id(133)
[00:04:19.868675] {Display Queue} wl_display#1.delete_id(141)
[00:04:19.868676] {Display Queue} wl_display#1.delete_id(142)
[00:04:19.868676] {Display Queue} wl_display#1.delete_id(80)
[00:04:19.868677] {Display Queue} wl_display#1.delete_id(143)
[00:04:19.868677] {Display Queue} wl_display#1.delete_id(32)
[00:04:19.868678] {Display Queue} wl_display#1.delete_id(31)
[00:04:19.868678] {Default Queue} zwlr_layer_surface_v1#72.configure(263, 1280, 64)
[00:04:19.868708] {Default Queue}  -> zwlr_layer_surface_v1#72.ack_configure(263)
[00:04:19.868709] {Default Queue} zwlr_layer_surface_v1#98.configure(264, 1280, 8)
[00:04:19.868714] {Default Queue}  -> zwlr_layer_surface_v1#98.ack_configure(264)
[00:04:19.868715] {Default Queue} zwlr_layer_surface_v1#66.configure(266, 1280, 720)
[00:04:19.868719] {Default Queue}  -> zwlr_layer_surface_v1#66.ack_configure(266)
[00:04:19.868720] {Default Queue} wl_buffer#82.release()
[00:04:19.868724] {Default Queue}  -> wl_buffer#82.destroy()
[00:04:19.868725] {Default Queue}  -> wl_shm_pool#103.destroy()
[00:04:19.868836] {Default Queue} zwlr_layer_surface_v1#72.configure(268, 1280, 64)
[00:04:19.868837] {Default Queue}  -> zwlr_layer_surface_v1#72.ack_configure(268)
[00:04:19.868838] {Default Queue} zwlr_layer_surface_v1#98.configure(269, 1280, 8)
[00:04:19.868839] {Default Queue}  -> zwlr_layer_surface_v1#98.ack_configure(269)
[00:04:19.868840] {Default Queue} zwlr_layer_surface_v1#66.configure(271, 1280, 720)
[00:04:19.868841] {Default Queue}  -> zwlr_layer_surface_v1#66.ack_configure(271)
[00:04:19.868842] {Default Queue} wl_buffer#139.release()
[00:04:19.868844] {Default Queue}  -> wl_buffer#139.destroy()
[00:04:19.868845] {Default Queue}  -> wl_shm_pool#130.destroy()
[00:04:19.869031] {Default Queue} zwlr_layer_surface_v1#72.configure(272, 1280, 64)
[00:04:19.869045] {Default Queue}  -> zwlr_layer_surface_v1#72.ack_configure(272)
[00:04:19.869048] {Default Queue} zwlr_layer_surface_v1#98.configure(273, 1280, 8)
[00:04:19.869051] {Default Queue}  -> zwlr_layer_surface_v1#98.ack_configure(273)
[00:04:19.869052] {Default Queue} zwlr_layer_surface_v1#66.configure(274, 1280, 720)
[00:04:19.869054] {Default Queue}  -> zwlr_layer_surface_v1#66.ack_configure(274)
[00:04:19.869055] {Default Queue} wl_buffer#83.release()
[00:04:19.869057] {Default Queue}  -> wl_buffer#83.destroy()
[00:04:19.869059] {Default Queue}  -> wl_shm_pool#76.destroy()
[00:04:19.869089] {Default Queue} wl_pointer#120.leave(275, nil)
[00:04:19.869103] {Default Queue} wl_pointer#120.frame()
[00:04:19.869118] {Default Queue}  -> xdg_toplevel_icon_v1#144.destroy()
[00:04:19.870794]  -> wl_surface#62.commit()
[00:04:19.872811]  -> wl_surface#95.commit()
[00:04:19.872910] discarded [unknown]#42.[event 0](0 fd, 32 byte)
[00:04:19.872913] discarded [unknown]#33.[event 0](0 fd, 32 byte)
[00:04:19.872922] {Display Queue} wl_display#1.delete_id(131)
[00:04:19.872925] {Display Queue} wl_display#1.delete_id(138)
[00:04:19.872926] {Display Queue} wl_display#1.delete_id(82)
[00:04:19.872926] {Display Queue} wl_display#1.delete_id(103)
[00:04:19.872927] {Display Queue} wl_display#1.delete_id(139)
[00:04:19.872928] {Display Queue} wl_display#1.delete_id(130)
[00:04:19.872928] {Display Queue} wl_display#1.delete_id(83)
[00:04:19.872929] {Display Queue} wl_display#1.delete_id(76)
[00:04:19.872930] {Display Queue} wl_display#1.delete_id(144)
[00:04:19.872930] {Display Queue} wl_display#1.delete_id(136)
[00:04:19.872931] {Default Queue} wl_registry#112.global(70, "wl_output", 4)
[00:04:19.872934] {Default Queue} wl_registry#49.global(70, "wl_output", 4)
[00:04:19.872938] {Default Queue}  -> wl_registry#49.bind(70, "wl_output", 4, new id [unknown]#144)
[00:04:19.872947] {Default Queue} wl_registry#48.global(70, "wl_output", 4)
[00:04:19.872949] {Default Queue} wl_registry#43.global(70, "wl_output", 4)
[00:04:19.872952] {Default Queue} wl_registry#41.global(70, "wl_output", 4)
[00:04:19.872954] {Default Queue} wl_registry#30.global(70, "wl_output", 4)
[00:04:19.872954] {Default Queue} wl_registry#2.global(70, "wl_output", 4)
[00:04:19.872957] {Default Queue}  -> wl_registry#2.bind(70, "wl_output", 4, new id [unknown]#76)
[00:04:19.872967] {Default Queue}  -> zxdg_output_manager_v1#21.get_xdg_output(new id zxdg_output_v1#83, wl_output#76)
[00:04:19.872988] {Default Queue}  -> wl_display#1.sync(new id wl_callback#130)
[00:04:19.872991] {Default Queue} wl_output#60.geometry(0, 0, 0, 0, 0, "Unknown", "Unknown", 0)
[00:04:19.872993] {Default Queue} wl_output#60.scale(1)
[00:04:19.872994] {Default Queue} wl_output#28.geometry(0, 0, 0, 0, 0, "Unknown", "Unknown", 0)
[00:04:19.873005] {Default Queue} wl_output#28.scale(1)
[00:04:19.873006] {Default Queue} wp_presentation_feedback#136.sync_output(wl_output#60)
[00:04:19.873007] {Default Queue} wp_presentation_feedback#136.sync_output(wl_output#28)
[00:04:19.873008] {Default Queue} wp_presentation_feedback#136.presented(0, 40182, 987694230, 0, 0, 0, 0)
[00:04:19.873012] {Default Queue} wl_output#60.done()
[00:04:19.873014] {Default Queue} wl_output#28.done()
[00:04:19.873020] {Default Queue} wl_output#144.geometry(0, 0, 0, 0, 0, "Unknown", "Unknown", 0)
[00:04:19.873022] {Default Queue} wl_output#144.mode(1, 1280, 720, 0)
[00:04:19.873022] {Default Queue} wl_output#144.scale(2)
[00:04:19.873023] {Default Queue} wl_output#144.name("HEADLESS-1")
[00:04:19.873024] {Default Queue} wl_output#144.description("Headless output 1")
[00:04:19.873025] {Default Queue} wl_output#144.done()
[00:04:19.873125] {Display Queue} wl_display#1.delete_id(130)
[00:04:19.873126] {Default Queue} wl_output#76.geometry(0, 0, 0, 0, 0, "Unknown", "Unknown", 0)
[00:04:19.873129] {Default Queue} wl_output#76.mode(1, 1280, 720, 0)
[00:04:19.873130] {Default Queue} wl_output#76.scale(2)
[00:04:19.873132] {Default Queue} wl_output#76.name("HEADLESS-1")
[00:04:19.873134] {Default Queue} wl_output#76.description("Headless output 1")
[00:04:19.873135] {Default Queue} wl_output#76.done()
[00:04:19.873136] {Default Queue} zxdg_output_v1#83.name("HEADLESS-1")
[00:04:19.873137] {Default Queue} zxdg_output_v1#83.description("Headless output 1")
[00:04:19.873138] {Default Queue} zxdg_output_v1#83.logical_position(-854, 0)
[00:04:19.873139] {Default Queue} zxdg_output_v1#83.logical_size(853, 480)
[00:04:19.873139] {Default Queue} wl_output#76.done()
[00:04:19.873142] {Default Queue} wl_callback#130.done(276)
[00:04:19.873452] {Default Queue}  -> wl_compositor#4.create_surface(new id wl_surface#130)
[00:04:19.873455] {Default Queue}  -> wp_fractional_scale_manager_v1#11.get_fractional_scale(new id wp_fractional_scale_v1#136, wl_surface#130)
[00:04:19.873458] {Default Queue}  -> wp_viewporter#10.get_viewport(new id wp_viewport#139, wl_surface#130)
[00:04:19.873493] {Default Queue}  -> xdg_toplevel_icon_manager_v1#9.create_icon(new id xdg_toplevel_icon_v1#103)
[00:04:19.873515] {Default Queue}  -> zwlr_layer_shell_v1#46.get_layer_surface(new id zwlr_layer_surface_v1#82, wl_surface#130, wl_output#76, 0, "pearl:wallpaper")
[00:04:19.873518] {Default Queue}  -> zwlr_layer_surface_v1#82.set_keyboard_interactivity(0)
[00:04:19.873518] {Default Queue}  -> zwlr_layer_surface_v1#82.set_exclusive_zone(-1)
[00:04:19.873519] {Default Queue}  -> zwlr_layer_surface_v1#82.set_anchor(15)
[00:04:19.873520] {Default Queue}  -> zwlr_layer_surface_v1#82.set_margin(0, 0, 0, 0)
[00:04:19.873522] {Default Queue}  -> zwlr_layer_surface_v1#82.set_size(0, 0)
[00:04:19.873528]  -> wl_surface#130.commit()
[00:04:19.873564] {Default Queue}  -> xdg_activation_v1#15.get_activation_token(new id xdg_activation_token_v1#138)
[00:04:19.873566]  -> xdg_activation_token_v1#138.set_serial(188, wl_seat#3)
[00:04:19.873568]  -> xdg_activation_token_v1#138.commit()
[00:04:19.873710] xdg_activation_token_v1#138.done("1a05cb47aa5cfccd419af83d4b982dd1")
[00:04:19.873712]  -> xdg_activation_token_v1#138.destroy()
[00:04:19.873713] {Default Queue}  -> xdg_activation_v1#15.activate("1a05cb47aa5cfccd419af83d4b982dd1", wl_surface#130)
[00:04:19.875802] {Default Queue}  -> wl_compositor#4.create_surface(new id wl_surface#131)
[00:04:19.875807] {Default Queue}  -> wp_fractional_scale_manager_v1#11.get_fractional_scale(new id wp_fractional_scale_v1#31, wl_surface#131)
[00:04:19.875810] {Default Queue}  -> wp_viewporter#10.get_viewport(new id wp_viewport#32, wl_surface#131)
[00:04:19.875835] {Default Queue}  -> xdg_toplevel_icon_manager_v1#9.create_icon(new id xdg_toplevel_icon_v1#143)
[00:04:19.875848] {Default Queue}  -> zwlr_layer_shell_v1#46.get_layer_surface(new id zwlr_layer_surface_v1#80, wl_surface#131, wl_output#76, 2, "pearl:bar")
[00:04:19.875850] {Default Queue}  -> zwlr_layer_surface_v1#80.set_keyboard_interactivity(0)
[00:04:19.875851] {Default Queue}  -> zwlr_layer_surface_v1#80.set_exclusive_zone(48)
[00:04:19.875852] {Default Queue}  -> zwlr_layer_surface_v1#80.set_anchor(13)
[00:04:19.875853] {Default Queue}  -> zwlr_layer_surface_v1#80.set_margin(0, 0, 0, 0)
[00:04:19.875854] {Default Queue}  -> zwlr_layer_surface_v1#80.set_size(0, 200)
[00:04:19.875858]  -> wl_surface#131.commit()
[00:04:19.875921] {Default Queue}  -> xdg_activation_v1#15.get_activation_token(new id xdg_activation_token_v1#142)
[00:04:19.875923]  -> xdg_activation_token_v1#142.set_serial(188, wl_seat#3)
[00:04:19.875924]  -> xdg_activation_token_v1#142.commit()
[00:04:19.876061] {Display Queue} wl_display#1.delete_id(138)
[00:04:19.876065] xdg_activation_token_v1#142.done("92540c098ea8d4a973a53e1bfcd692b6")
[00:04:19.876067]  -> xdg_activation_token_v1#142.destroy()
[00:04:19.876069] {Default Queue}  -> xdg_activation_v1#15.activate("92540c098ea8d4a973a53e1bfcd692b6", wl_surface#131)
info: event=output-mapped id=2 connector=HEADLESS-1 scale=1.5
[00:04:19.878035] {Default Queue} zwlr_layer_surface_v1#82.configure(277, 853, 480)
[00:04:19.878050] {Default Queue}  -> zwlr_layer_surface_v1#82.ack_configure(277)
[00:04:19.878053] {Default Queue} zwlr_layer_surface_v1#80.configure(278, 853, 200)
[00:04:19.878687] {Default Queue}  -> zwlr_layer_surface_v1#80.ack_configure(278)
[00:04:19.878693] {Default Queue} zwlr_layer_surface_v1#82.configure(279, 853, 480)
[00:04:19.878695] {Default Queue}  -> zwlr_layer_surface_v1#82.ack_configure(279)
[00:04:19.878925] {Default Queue}  -> wl_shm#5.create_pool(new id wl_shm_pool#138, fd 18, 1637760)
[00:04:19.878931] {Default Queue}  -> wl_shm_pool#138.create_buffer(new id wl_buffer#141, 0, 853, 480, 3412, 0)
[00:04:19.880373] {Default Queue}  -> wl_compositor#4.create_region(new id wl_region#133)
[00:04:19.880379] {Default Queue}  -> wl_region#133.add(0, 0, 853, 480)
[00:04:19.880382]  -> wl_surface#130.set_opaque_region(wl_region#133)
[00:04:19.880383] {Default Queue}  -> wl_region#133.destroy()
[00:04:19.880386] {Default Queue}  -> wp_viewport#139.set_destination(853, 480)
[00:04:19.880388]  -> wl_surface#130.attach(wl_buffer#141, 0, 0)
[00:04:19.880390]  -> wl_surface#130.damage_buffer(0, 0, 853, 480)
[00:04:19.880391]  -> wl_surface#130.frame(new id wl_callback#81)
[00:04:19.880396] {Default Queue}  -> wp_presentation#20.feedback(wl_surface#130, new id wp_presentation_feedback#92)
[00:04:19.880399]  -> wl_surface#130.commit()
[00:04:19.881365] {Default Queue}  -> wl_shm#5.create_pool(new id wl_shm_pool#145, fd 18, 348024)
[00:04:19.881375] {Default Queue}  -> wl_shm_pool#145.create_buffer(new id wl_buffer#132, 0, 853, 102, 3412, 0)
[00:04:19.881727] {Default Queue}  -> zwlr_layer_surface_v1#80.set_size(0, 102)
[00:04:19.881730] {Default Queue}  -> wl_compositor#4.create_region(new id wl_region#129)
[00:04:19.881731] {Default Queue}  -> wl_region#129.add(464, 4, 371, 94)
[00:04:19.881735]  -> wl_surface#131.set_opaque_region(wl_region#129)
[00:04:19.881736] {Default Queue}  -> wl_region#129.destroy()
[00:04:19.881737] {Default Queue}  -> wp_viewport#32.set_destination(853, 102)
[00:04:19.881739]  -> wl_surface#131.attach(wl_buffer#132, 0, 0)
[00:04:19.881740]  -> wl_surface#131.damage_buffer(0, 0, 853, 102)
[00:04:19.881741]  -> wl_surface#131.frame(new id wl_callback#79)
[00:04:19.881744] {Default Queue}  -> wp_presentation#20.feedback(wl_surface#131, new id wp_presentation_feedback#126)
[00:04:19.881746]  -> wl_surface#131.commit()
[00:04:19.882463] {Default Queue}  -> zwlr_layer_surface_v1#80.set_exclusive_zone(102)
[00:04:19.882492] {Display Queue} wl_display#1.delete_id(142)
[00:04:19.882494] {Display Queue} wl_display#1.delete_id(133)
[00:04:19.882495] {Default Queue} zwlr_layer_surface_v1#80.configure(280, 853, 200)
[00:04:19.882497] {Default Queue}  -> zwlr_layer_surface_v1#80.ack_configure(280)
[00:04:19.882498] {Default Queue} zwlr_layer_surface_v1#82.configure(281, 853, 480)
[00:04:19.882499] {Default Queue}  -> zwlr_layer_surface_v1#82.ack_configure(281)
[00:04:19.882500] {Default Queue} wp_fractional_scale_v1#136.preferred_scale(180)
[00:04:19.882513] wl_surface#130.enter(wl_output#76)
[00:04:19.882517] wl_surface#130.enter(wl_output#144)
[00:04:19.882518] wl_surface#130.preferred_buffer_scale(2)
[00:04:19.885565] {Display Queue} wl_display#1.delete_id(92)
[00:04:19.885570] {Default Queue} zwlr_layer_surface_v1#80.configure(282, 480, 200)
[00:04:19.885576] {Default Queue}  -> zwlr_layer_surface_v1#80.ack_configure(282)
[00:04:19.885577] {Default Queue} zwlr_layer_surface_v1#82.configure(283, 480, 853)
[00:04:19.885578] {Default Queue}  -> zwlr_layer_surface_v1#82.ack_configure(283)
[00:04:19.885579] {Default Queue} wl_output#76.geometry(0, 0, 0, 0, 0, "Unknown", "Unknown", 1)
[00:04:19.885595] {Default Queue} wl_output#144.geometry(0, 0, 0, 0, 0, "Unknown", "Unknown", 1)
[00:04:19.885598] {Default Queue} zxdg_output_v1#83.logical_position(-854, 0)
[00:04:19.885599] {Default Queue} zxdg_output_v1#83.logical_size(480, 853)
[00:04:19.885600] {Default Queue} wl_output#60.geometry(0, 0, 0, 0, 0, "Unknown", "Unknown", 0)
[00:04:19.885602] {Default Queue} wl_output#60.scale(1)
[00:04:19.885603] {Default Queue} wl_output#28.geometry(0, 0, 0, 0, 0, "Unknown", "Unknown", 0)
[00:04:19.885605] {Default Queue} wl_output#28.scale(1)
[00:04:19.885606] {Default Queue} wl_output#76.geometry(0, 0, 0, 0, 0, "Unknown", "Unknown", 1)
[00:04:19.885608] {Default Queue} wl_output#76.scale(2)
[00:04:19.885608] {Default Queue} wl_output#144.geometry(0, 0, 0, 0, 0, "Unknown", "Unknown", 1)
[00:04:19.885609] {Default Queue} wl_output#144.scale(2)
[00:04:19.885610] {Default Queue} wp_presentation_feedback#92.sync_output(wl_output#76)
[00:04:19.885612] {Default Queue} wp_presentation_feedback#92.sync_output(wl_output#144)
[00:04:19.885613] {Default Queue} wp_presentation_feedback#92.presented(0, 40183, 304764, 0, 0, 0, 0)
[00:04:19.885617] {Default Queue} wl_output#76.done()
[00:04:19.885623] {Default Queue} wl_output#144.done()
[00:04:19.885624] {Default Queue} wl_output#60.done()
[00:04:19.885624] {Default Queue} wl_output#28.done()
[00:04:19.885754] {Display Queue} wl_display#1.delete_id(129)
[00:04:19.885756] {Default Queue} zwlr_layer_surface_v1#80.configure(285, 480, 102)
[00:04:19.885757] {Default Queue}  -> zwlr_layer_surface_v1#80.ack_configure(285)
[00:04:19.885758] {Default Queue} zwlr_layer_surface_v1#82.configure(286, 480, 853)
[00:04:19.885759] {Default Queue}  -> zwlr_layer_surface_v1#82.ack_configure(286)
[00:04:19.885759] {Default Queue} wp_fractional_scale_v1#31.preferred_scale(180)
[00:04:19.886481] {Default Queue} zwlr_layer_surface_v1#80.configure(287, 480, 102)
[00:04:19.886483] {Default Queue}  -> zwlr_layer_surface_v1#80.ack_configure(287)
[00:04:19.886484] {Default Queue} zwlr_layer_surface_v1#82.configure(288, 480, 853)
[00:04:19.886485] {Default Queue}  -> zwlr_layer_surface_v1#82.ack_configure(288)
[00:04:19.886486] wl_surface#131.enter(wl_output#76)
[00:04:19.886497] wl_surface#131.enter(wl_output#144)
[00:04:19.886507] wl_surface#131.preferred_buffer_scale(2)
[00:04:19.889226] {Default Queue}  -> wl_compositor#4.create_surface(new id wl_surface#129)
[00:04:19.889233] {Default Queue}  -> wp_fractional_scale_manager_v1#11.get_fractional_scale(new id wp_fractional_scale_v1#92, wl_surface#129)
[00:04:19.889235] {Default Queue}  -> wp_viewporter#10.get_viewport(new id wp_viewport#133, wl_surface#129)
[00:04:19.889263] {Default Queue}  -> xdg_toplevel_icon_manager_v1#9.create_icon(new id xdg_toplevel_icon_v1#142)
[00:04:19.889280] {Default Queue}  -> zwlr_layer_shell_v1#46.get_layer_surface(new id zwlr_layer_surface_v1#117, wl_surface#129, wl_output#76, 3, "pearl:popup")
[00:04:19.889283] {Default Queue}  -> zwlr_layer_surface_v1#117.set_keyboard_interactivity(1)
[00:04:19.889284] {Default Queue}  -> zwlr_layer_surface_v1#117.set_exclusive_zone(0)
[00:04:19.889285] {Default Queue}  -> zwlr_layer_surface_v1#117.set_anchor(15)
[00:04:19.889286] {Default Queue}  -> zwlr_layer_surface_v1#117.set_margin(0, 0, 0, 0)
[00:04:19.889288] {Default Queue}  -> zwlr_layer_surface_v1#117.set_size(0, 0)
[00:04:19.889293]  -> wl_surface#129.commit()
[00:04:19.889413] {Default Queue}  -> zwp_text_input_v3#89.set_surrounding_text("", 0, 0)
[00:04:19.889415] {Default Queue}  -> zwp_text_input_v3#89.set_text_change_cause(1)
[00:04:19.889417] {Default Queue}  -> zwp_text_input_v3#89.set_content_type(0, 0)
[00:04:19.889431] {Default Queue}  -> zwp_text_input_v3#89.set_cursor_rectangle(0, 0, 0, 0)
[00:04:19.889433] {Default Queue}  -> zwp_text_input_v3#89.commit()
[00:04:19.889436] {Default Queue}  -> xdg_activation_v1#15.get_activation_token(new id xdg_activation_token_v1#73)
[00:04:19.889438]  -> xdg_activation_token_v1#73.set_serial(188, wl_seat#3)
[00:04:19.889440]  -> xdg_activation_token_v1#73.commit()
[00:04:19.889503] xdg_activation_token_v1#73.done("205c420948a0822cbea0a02e122c78b6")
[00:04:19.889509]  -> xdg_activation_token_v1#73.destroy()
[00:04:19.889511] {Default Queue}  -> xdg_activation_v1#15.activate("205c420948a0822cbea0a02e122c78b6", wl_surface#129)
info: event=popup-opened output=2
[00:04:19.889541] {Default Queue} zwlr_layer_surface_v1#80.configure(289, 480, 102)
[00:04:19.889559] {Default Queue}  -> zwlr_layer_surface_v1#80.ack_configure(289)
[00:04:19.889561] {Default Queue} zwlr_layer_surface_v1#82.configure(290, 480, 853)
[00:04:19.889562] {Default Queue}  -> zwlr_layer_surface_v1#82.ack_configure(290)
[00:04:19.889563] {Default Queue} zwlr_layer_surface_v1#117.configure(291, 480, 805)
[00:04:19.889570] {Default Queue}  -> zwlr_layer_surface_v1#117.ack_configure(291)
[00:04:19.890263] {Default Queue}  -> wl_shm#5.create_pool(new id wl_shm_pool#135, fd 18, 1545600)
[00:04:19.890268] {Default Queue}  -> wl_shm_pool#135.create_buffer(new id wl_buffer#149, 0, 480, 805, 1920, 0)
[00:04:19.890714] {Default Queue}  -> wl_compositor#4.create_region(new id wl_region#146)
[00:04:19.890716] {Default Queue}  -> wl_region#146.add(0, 116, 480, 572)
[00:04:19.890717]  -> wl_surface#129.set_opaque_region(wl_region#146)
[00:04:19.890718] {Default Queue}  -> wl_region#146.destroy()
[00:04:19.890720] {Default Queue}  -> wp_viewport#133.set_destination(480, 805)
[00:04:19.890721]  -> wl_surface#129.attach(wl_buffer#149, 0, 0)
[00:04:19.890722]  -> wl_surface#129.damage_buffer(0, 0, 480, 805)
[00:04:19.890723]  -> wl_surface#129.frame(new id wl_callback#67)
[00:04:19.890725] {Default Queue}  -> wp_presentation#20.feedback(wl_surface#129, new id wp_presentation_feedback#147)
[00:04:19.890726]  -> wl_surface#129.commit()
info: event=launcher-results count=113 shown=113 publish_us=3762
[00:04:19.893356] {Display Queue} wl_display#1.delete_id(73)
[00:04:19.893360] {Display Queue} wl_display#1.delete_id(146)
[00:04:19.893361] {Default Queue} zwlr_layer_surface_v1#80.configure(292, 480, 102)
[00:04:19.893365] {Default Queue}  -> zwlr_layer_surface_v1#80.ack_configure(292)
[00:04:19.893366] {Default Queue} zwlr_layer_surface_v1#82.configure(293, 480, 853)
[00:04:19.893368] {Default Queue}  -> zwlr_layer_surface_v1#82.ack_configure(293)
[00:04:19.893368] {Default Queue} zwlr_layer_surface_v1#117.configure(294, 480, 805)
[00:04:19.893369] {Default Queue}  -> zwlr_layer_surface_v1#117.ack_configure(294)
[00:04:19.893370] {Default Queue} wp_fractional_scale_v1#92.preferred_scale(180)
[00:04:19.893779] {Default Queue} wl_data_device#35.selection(nil)
[00:04:19.893784] {Default Queue} zwp_primary_selection_device_v1#34.selection(nil)
[00:04:19.893787] wl_surface#129.enter(wl_output#76)
[00:04:19.893803] wl_surface#129.enter(wl_output#144)
[00:04:19.893814] wl_surface#129.preferred_buffer_scale(2)
info: event=launcher-results count=113 shown=113 publish_us=4323
[00:04:19.902479] {Display Queue} wl_display#1.delete_id(134)
[00:04:19.902487] {Default Queue} wl_callback#134.done(40183017)
[00:04:19.903088] {Default Queue}  -> wl_compositor#4.create_region(new id wl_region#134)
[00:04:19.903107] {Default Queue}  -> wl_region#134.add(18, 4, 506, 56)
[00:04:19.903112]  -> wl_surface#68.set_opaque_region(wl_region#134)
[00:04:19.903114] {Default Queue}  -> wl_region#134.destroy()
[00:04:19.903117]  -> wl_surface#68.attach(wl_buffer#101, 0, 0)
[00:04:19.903119]  -> wl_surface#68.damage_buffer(0, 0, 1280, 64)
[00:04:19.903121]  -> wl_surface#68.frame(new id wl_callback#146)
[00:04:19.903125] {Default Queue}  -> wp_presentation#20.feedback(wl_surface#68, new id wp_presentation_feedback#73)
[00:04:19.903129]  -> wl_surface#68.commit()
[00:04:19.909827] {Display Queue} wl_display#1.delete_id(81)
[00:04:19.909837] {Display Queue} wl_display#1.delete_id(79)
[00:04:19.909839] {Display Queue} wl_display#1.delete_id(67)
[00:04:19.909839] {Display Queue} wl_display#1.delete_id(126)
[00:04:19.909840] {Display Queue} wl_display#1.delete_id(147)
[00:04:19.909841] {Default Queue} wl_callback#81.done(40183024)
[00:04:19.909853] {Default Queue} wl_callback#79.done(40183024)
[00:04:19.909855] {Default Queue} wl_callback#67.done(40183024)
[00:04:19.909857] {Default Queue} wp_presentation_feedback#126.sync_output(wl_output#76)
[00:04:19.909859] {Default Queue} wp_presentation_feedback#126.sync_output(wl_output#144)
[00:04:19.909859] {Default Queue} wp_presentation_feedback#126.presented(0, 40183, 24689505, 0, 0, 0, 0)
[00:04:19.909862] {Default Queue} wp_presentation_feedback#147.sync_output(wl_output#76)
[00:04:19.909863] {Default Queue} wp_presentation_feedback#147.sync_output(wl_output#144)
[00:04:19.909864] {Default Queue} wp_presentation_feedback#147.presented(0, 40183, 24689505, 0, 0, 0, 0)
[00:04:19.909874] {Display Queue} wl_display#1.delete_id(134)
[00:04:19.909875] {Default Queue} wl_buffer#91.release()
[00:04:19.910047] {Default Queue}  -> wl_shm#5.create_pool(new id wl_shm_pool#134, fd 18, 3686400)
[00:04:19.910053] {Default Queue}  -> wl_shm_pool#134.create_buffer(new id wl_buffer#147, 0, 720, 1280, 2880, 0)
[00:04:19.913371] {Default Queue}  -> wl_compositor#4.create_region(new id wl_region#126)
[00:04:19.913384] {Default Queue}  -> wl_region#126.add(0, 0, 480, 853)
[00:04:19.913388]  -> wl_surface#130.set_opaque_region(wl_region#126)
[00:04:19.913389] {Default Queue}  -> wl_region#126.destroy()
[00:04:19.913390] {Default Queue}  -> wl_compositor#4.create_region(new id wl_region#67)
[00:04:19.913392]  -> wl_surface#130.set_input_region(wl_region#67)
[00:04:19.913393] {Default Queue}  -> wl_region#67.destroy()
[00:04:19.913395] {Default Queue}  -> wp_viewport#139.set_destination(480, 853)
[00:04:19.913398]  -> wl_surface#130.attach(wl_buffer#147, 0, 0)
[00:04:19.913399]  -> wl_surface#130.damage_buffer(0, 0, 720, 1280)
[00:04:19.913400]  -> wl_surface#130.frame(new id wl_callback#79)
[00:04:19.913404] {Default Queue}  -> wp_presentation#20.feedback(wl_surface#130, new id wp_presentation_feedback#81)
[00:04:19.913408]  -> wl_surface#130.commit()
[00:04:19.913953] {Default Queue}  -> wl_shm#5.create_pool(new id wl_shm_pool#148, fd 18, 1765764)
[00:04:19.913960] {Default Queue}  -> wl_shm_pool#148.create_buffer(new id wl_buffer#74, 0, 1001, 441, 4004, 0)
[00:04:19.914643] {Default Queue}  -> zwlr_layer_surface_v1#80.set_size(0, 294)
[00:04:19.914647] {Default Queue}  -> wl_compositor#4.create_region(new id wl_region#150)
[00:04:19.914648] {Default Queue}  -> wl_region#150.add(278, 4, 371, 286)
[00:04:19.914650]  -> wl_surface#131.set_opaque_region(wl_region#150)
[00:04:19.914651] {Default Queue}  -> wl_region#150.destroy()
[00:04:19.914652] {Default Queue}  -> wl_compositor#4.create_region(new id wl_region#115)
[00:04:19.914653] {Default Queue}  -> wl_region#115.add(19, 4, 218, 1)
[00:04:19.914654] {Default Queue}  -> wl_region#115.add(309, 4, 126, 1)
[00:04:19.914654] {Default Queue}  -> wl_region#115.add(465, 4, 369, 1)
[00:04:19.914655] {Default Queue}  -> wl_region#115.add(17, 5, 222, 1)
[00:04:19.914656] {Default Queue}  -> wl_region#115.add(307, 5, 130, 1)
[00:04:19.914656] {Default Queue}  -> wl_region#115.add(463, 5, 373, 1)
[00:04:19.914657] {Default Queue}  -> wl_region#115.add(16, 6, 224, 1)
[00:04:19.914658] {Default Queue}  -> wl_region#115.add(306, 6, 132, 1)
[00:04:19.914658] {Default Queue}  -> wl_region#115.add(462, 6, 375, 1)
[00:04:19.914659] {Default Queue}  -> wl_region#115.add(15, 7, 226, 1)
[00:04:19.914660] {Default Queue}  -> wl_region#115.add(305, 7, 134, 1)
[00:04:19.914660] {Default Queue}  -> wl_region#115.add(461, 7, 377, 1)
[00:04:19.914661] {Default Queue}  -> wl_region#115.add(14, 8, 228, 1)
[00:04:19.914662] {Default Queue}  -> wl_region#115.add(304, 8, 136, 1)
[00:04:19.914662] {Default Queue}  -> wl_region#115.add(460, 8, 379, 1)
[00:04:19.914663] {Default Queue}  -> wl_region#115.add(13, 9, 230, 1)
[00:04:19.914664] {Default Queue}  -> wl_region#115.add(303, 9, 138, 1)
[00:04:19.914664] {Default Queue}  -> wl_region#115.add(459, 9, 381, 1)
[00:04:19.914665] {Default Queue}  -> wl_region#115.add(12, 10, 232, 2)
[00:04:19.914666] {Default Queue}  -> wl_region#115.add(302, 10, 140, 2)
[00:04:19.914666] {Default Queue}  -> wl_region#115.add(458, 10, 383, 2)
[00:04:19.914667] {Default Queue}  -> wl_region#115.add(11, 12, 234, 5)
[00:04:19.914668] {Default Queue}  -> wl_region#115.add(301, 12, 142, 5)
[00:04:19.914668] {Default Queue}  -> wl_region#115.add(457, 12, 385, 5)
[00:04:19.914669] {Default Queue}  -> wl_region#115.add(10, 17, 236, 68)
[00:04:19.914669] {Default Queue}  -> wl_region#115.add(300, 17, 144, 68)
[00:04:19.914670] {Default Queue}  -> wl_region#115.add(456, 17, 387, 68)
[00:04:19.914671] {Default Queue}  -> wl_region#115.add(11, 85, 234, 5)
[00:04:19.914671] {Default Queue}  -> wl_region#115.add(301, 85, 142, 5)
[00:04:19.914672] {Default Queue}  -> wl_region#115.add(457, 85, 385, 5)
[00:04:19.914673] {Default Queue}  -> wl_region#115.add(12, 90, 232, 2)
[00:04:19.914673] {Default Queue}  -> wl_region#115.add(302, 90, 140, 2)
[00:04:19.914674] {Default Queue}  -> wl_region#115.add(458, 90, 383, 2)
[00:04:19.914675] {Default Queue}  -> wl_region#115.add(13, 92, 230, 1)
[00:04:19.914675] {Default Queue}  -> wl_region#115.add(303, 92, 138, 1)
[00:04:19.914676] {Default Queue}  -> wl_region#115.add(459, 92, 381, 1)
[00:04:19.914677] {Default Queue}  -> wl_region#115.add(14, 93, 228, 1)
[00:04:19.914678] {Default Queue}  -> wl_region#115.add(304, 93, 136, 1)
[00:04:19.914678] {Default Queue}  -> wl_region#115.add(460, 93, 379, 1)
[00:04:19.914679] {Default Queue}  -> wl_region#115.add(15, 94, 226, 1)
[00:04:19.914680] {Default Queue}  -> wl_region#115.add(305, 94, 134, 1)
[00:04:19.914680] {Default Queue}  -> wl_region#115.add(461, 94, 377, 1)
[00:04:19.914681] {Default Queue}  -> wl_region#115.add(16, 95, 224, 1)
[00:04:19.914682] {Default Queue}  -> wl_region#115.add(306, 95, 132, 1)
[00:04:19.914682] {Default Queue}  -> wl_region#115.add(462, 95, 375, 1)
[00:04:19.914683] {Default Queue}  -> wl_region#115.add(17, 96, 222, 1)
[00:04:19.914684] {Default Queue}  -> wl_region#115.add(307, 96, 130, 1)
[00:04:19.914684] {Default Queue}  -> wl_region#115.add(463, 96, 373, 1)
[00:04:19.914685] {Default Queue}  -> wl_region#115.add(19, 97, 218, 1)
[00:04:19.914685] {Default Queue}  -> wl_region#115.add(309, 97, 126, 1)
[00:04:19.914686] {Default Queue}  -> wl_region#115.add(465, 97, 369, 1)
[00:04:19.914687]  -> wl_surface#131.set_input_region(wl_region#115)
[00:04:19.914687] {Default Queue}  -> wl_region#115.destroy()
[00:04:19.914688] {Default Queue}  -> wp_viewport#32.set_destination(667, 294)
[00:04:19.914689]  -> wl_surface#131.attach(wl_buffer#74, 0, 0)
[00:04:19.914690]  -> wl_surface#131.damage_buffer(0, 0, 1001, 441)
[00:04:19.914691]  -> wl_surface#131.frame(new id wl_callback#137)
[00:04:19.914693] {Default Queue}  -> wp_presentation#20.feedback(wl_surface#131, new id wp_presentation_feedback#105)
[00:04:19.914694]  -> wl_surface#131.commit()
[00:04:19.914806] {Default Queue}  -> zwlr_layer_surface_v1#80.set_exclusive_zone(294)
[00:04:19.926913] {Default Queue}  -> wl_shm#5.create_pool(new id wl_shm_pool#96, fd 18, 3479040)
[00:04:19.926922] {Default Queue}  -> wl_shm_pool#96.create_buffer(new id wl_buffer#102, 0, 720, 1208, 2880, 0)
[00:04:19.929183] {Default Queue}  -> wp_viewport#133.set_destination(480, 805)
[00:04:19.929188]  -> wl_surface#129.attach(wl_buffer#102, 0, 0)
[00:04:19.929190]  -> wl_surface#129.damage_buffer(0, 0, 720, 1208)
[00:04:19.929192]  -> wl_surface#129.frame(new id wl_callback#97)
[00:04:19.929195] {Default Queue}  -> wp_presentation#20.feedback(wl_surface#129, new id wp_presentation_feedback#75)
[00:04:19.929197]  -> wl_surface#129.commit()
info: event=launcher-painted latency_us=35180
[00:04:19.929269] {Display Queue} wl_display#1.delete_id(126)
[00:04:19.929272] {Display Queue} wl_display#1.delete_id(67)
[00:04:19.929273] {Display Queue} wl_display#1.delete_id(150)
[00:04:19.929274] {Display Queue} wl_display#1.delete_id(115)
[00:04:19.929275] {Display Queue} wl_display#1.delete_id(146)
[00:04:19.929276] {Display Queue} wl_display#1.delete_id(73)
[00:04:19.929277] {Default Queue} wl_buffer#141.release()
[00:04:19.929279] {Default Queue}  -> wl_buffer#141.destroy()
[00:04:19.929281] {Default Queue}  -> wl_shm_pool#138.destroy()
[00:04:19.929347] {Default Queue} wl_buffer#132.release()
[00:04:19.929349] {Default Queue}  -> wl_buffer#132.destroy()
[00:04:19.929350] {Default Queue}  -> wl_shm_pool#145.destroy()
[00:04:19.929362] {Default Queue} zwlr_layer_surface_v1#80.configure(297, 480, 294)
[00:04:19.929370] {Default Queue}  -> zwlr_layer_surface_v1#80.ack_configure(297)
[00:04:19.929371] {Default Queue} zwlr_layer_surface_v1#82.configure(298, 480, 853)
[00:04:19.929374] {Default Queue}  -> zwlr_layer_surface_v1#82.ack_configure(298)
[00:04:19.929374] {Default Queue} zwlr_layer_surface_v1#117.configure(299, 480, 751)
[00:04:19.929375] {Default Queue}  -> zwlr_layer_surface_v1#117.ack_configure(299)
[00:04:19.929376] {Default Queue} wl_callback#146.done(40183032)
[00:04:19.929384] {Default Queue} wp_presentation_feedback#73.sync_output(wl_output#60)
[00:04:19.929385] {Default Queue} wp_presentation_feedback#73.sync_output(wl_output#28)
[00:04:19.929385] {Default Queue} wp_presentation_feedback#73.presented(0, 40183, 32482536, 0, 0, 0, 0)
[00:04:19.929820] {Default Queue}  -> wl_compositor#4.create_region(new id wl_region#73)
[00:04:19.929823] {Default Queue}  -> wl_region#73.add(19, 4, 504, 1)
[00:04:19.929825] {Default Queue}  -> wl_region#73.add(577, 4, 126, 1)
[00:04:19.929826] {Default Queue}  -> wl_region#73.add(888, 4, 373, 1)
[00:04:19.929826] {Default Queue}  -> wl_region#73.add(17, 5, 508, 1)
[00:04:19.929827] {Default Queue}  -> wl_region#73.add(575, 5, 130, 1)
[00:04:19.929828] {Default Queue}  -> wl_region#73.add(886, 5, 377, 1)
[00:04:19.929828] {Default Queue}  -> wl_region#73.add(16, 6, 510, 1)
[00:04:19.929829] {Default Queue}  -> wl_region#73.add(574, 6, 132, 1)
[00:04:19.929830] {Default Queue}  -> wl_region#73.add(885, 6, 379, 1)
[00:04:19.929830] {Default Queue}  -> wl_region#73.add(15, 7, 512, 1)
[00:04:19.929831] {Default Queue}  -> wl_region#73.add(573, 7, 134, 1)
[00:04:19.929832] {Default Queue}  -> wl_region#73.add(884, 7, 381, 1)
[00:04:19.929832] {Default Queue}  -> wl_region#73.add(14, 8, 514, 1)
[00:04:19.929833] {Default Queue}  -> wl_region#73.add(572, 8, 136, 1)
[00:04:19.929834] {Default Queue}  -> wl_region#73.add(883, 8, 383, 1)
[00:04:19.929834] {Default Queue}  -> wl_region#73.add(13, 9, 516, 1)
[00:04:19.929835] {Default Queue}  -> wl_region#73.add(571, 9, 138, 1)
[00:04:19.929836] {Default Queue}  -> wl_region#73.add(882, 9, 385, 1)
[00:04:19.929836] {Default Queue}  -> wl_region#73.add(12, 10, 518, 2)
[00:04:19.929837] {Default Queue}  -> wl_region#73.add(570, 10, 140, 2)
[00:04:19.929838] {Default Queue}  -> wl_region#73.add(881, 10, 387, 2)
[00:04:19.929838] {Default Queue}  -> wl_region#73.add(11, 12, 520, 5)
[00:04:19.929839] {Default Queue}  -> wl_region#73.add(569, 12, 142, 5)
[00:04:19.929840] {Default Queue}  -> wl_region#73.add(880, 12, 389, 5)
[00:04:19.929840] {Default Queue}  -> wl_region#73.add(10, 17, 522, 30)
[00:04:19.929841] {Default Queue}  -> wl_region#73.add(568, 17, 144, 30)
[00:04:19.929841] {Default Queue}  -> wl_region#73.add(879, 17, 391, 30)
[00:04:19.929842] {Default Queue}  -> wl_region#73.add(11, 47, 520, 5)
[00:04:19.929843] {Default Queue}  -> wl_region#73.add(569, 47, 142, 5)
[00:04:19.929843] {Default Queue}  -> wl_region#73.add(880, 47, 389, 5)
[00:04:19.929844] {Default Queue}  -> wl_region#73.add(12, 52, 518, 2)
[00:04:19.929845] {Default Queue}  -> wl_region#73.add(570, 52, 140, 2)
[00:04:19.929845] {Default Queue}  -> wl_region#73.add(881, 52, 387, 2)
[00:04:19.929846] {Default Queue}  -> wl_region#73.add(13, 54, 516, 1)
[00:04:19.929847] {Default Queue}  -> wl_region#73.add(571, 54, 138, 1)
[00:04:19.929847] {Default Queue}  -> wl_region#73.add(882, 54, 385, 1)
[00:04:19.929848] {Default Queue}  -> wl_region#73.add(14, 55, 514, 1)
[00:04:19.929849] {Default Queue}  -> wl_region#73.add(572, 55, 136, 1)
[00:04:19.929849] {Default Queue}  -> wl_region#73.add(883, 55, 383, 1)
[00:04:19.929850] {Default Queue}  -> wl_region#73.add(15, 56, 512, 1)
[00:04:19.929851] {Default Queue}  -> wl_region#73.add(573, 56, 134, 1)
[00:04:19.929851] {Default Queue}  -> wl_region#73.add(884, 56, 381, 1)
[00:04:19.929852] {Default Queue}  -> wl_region#73.add(16, 57, 510, 1)
[00:04:19.929852] {Default Queue}  -> wl_region#73.add(574, 57, 132, 1)
[00:04:19.929853] {Default Queue}  -> wl_region#73.add(885, 57, 379, 1)
[00:04:19.929854] {Default Queue}  -> wl_region#73.add(17, 58, 508, 1)
[00:04:19.929854] {Default Queue}  -> wl_region#73.add(575, 58, 130, 1)
[00:04:19.929855] {Default Queue}  -> wl_region#73.add(886, 58, 377, 1)
[00:04:19.929856] {Default Queue}  -> wl_region#73.add(19, 59, 504, 1)
[00:04:19.929856] {Default Queue}  -> wl_region#73.add(577, 59, 126, 1)
[00:04:19.929857] {Default Queue}  -> wl_region#73.add(888, 59, 373, 1)
[00:04:19.929858]  -> wl_surface#68.set_input_region(wl_region#73)
[00:04:19.929859] {Default Queue}  -> wl_region#73.destroy()
[00:04:19.929860]  -> wl_surface#68.attach(wl_buffer#91, 0, 0)
[00:04:19.929860]  -> wl_surface#68.damage_buffer(0, 0, 1280, 64)
[00:04:19.929861]  -> wl_surface#68.frame(new id wl_callback#146)
[00:04:19.929863] {Default Queue}  -> wp_presentation#20.feedback(wl_surface#68, new id wp_presentation_feedback#115)
[00:04:19.929864]  -> wl_surface#68.commit()
[00:04:19.929884] {Display Queue} wl_display#1.delete_id(79)
[00:04:19.929885] {Display Queue} wl_display#1.delete_id(137)
[00:04:19.929886] {Display Queue} wl_display#1.delete_id(81)
[00:04:19.929886] {Display Queue} wl_display#1.delete_id(105)
[00:04:19.929887] {Default Queue} wl_callback#79.done(40183044)
[00:04:19.929890] {Default Queue} wl_callback#137.done(40183044)
[00:04:19.929891] {Default Queue} wp_presentation_feedback#81.sync_output(wl_output#76)
[00:04:19.929892] {Default Queue} wp_presentation_feedback#81.sync_output(wl_output#144)
[00:04:19.929892] {Default Queue} wp_presentation_feedback#81.presented(0, 40183, 44677386, 0, 0, 0, 0)
[00:04:19.929894] {Default Queue} wp_presentation_feedback#105.sync_output(wl_output#76)
[00:04:19.929895] {Default Queue} wp_presentation_feedback#105.sync_output(wl_output#144)
[00:04:19.929896] {Default Queue} wp_presentation_feedback#105.presented(0, 40183, 44677386, 0, 0, 0, 0)
[00:04:19.929938] {Default Queue}  -> wl_shm#5.create_pool(new id wl_shm_pool#105, fd 18, 3686400)
[00:04:19.929940] {Default Queue}  -> wl_shm_pool#105.create_buffer(new id wl_buffer#81, 0, 720, 1280, 2880, 0)
[00:04:19.932875]  -> wl_surface#130.attach(wl_buffer#81, 0, 0)
[00:04:19.932881]  -> wl_surface#130.damage_buffer(0, 0, 720, 1280)
[00:04:19.932883]  -> wl_surface#130.frame(new id wl_callback#137)
[00:04:19.932885] {Default Queue}  -> wp_presentation#20.feedback(wl_surface#130, new id wp_presentation_feedback#79)
[00:04:19.932888]  -> wl_surface#130.commit()
[00:04:19.932974] {Default Queue}  -> wl_shm#5.create_pool(new id wl_shm_pool#150, fd 19, 1765764)
[00:04:19.932977] {Default Queue}  -> wl_shm_pool#150.create_buffer(new id wl_buffer#67, 0, 1001, 441, 4004, 0)
[00:04:19.933917] {Default Queue}  -> wl_compositor#4.create_region(new id wl_region#126)
[00:04:19.933925] {Default Queue}  -> wl_region#126.add(19, 4, 74, 1)
[00:04:19.933926] {Default Queue}  -> wl_region#126.add(123, 4, 126, 1)
[00:04:19.933927] {Default Queue}  -> wl_region#126.add(279, 4, 369, 1)
[00:04:19.933928] {Default Queue}  -> wl_region#126.add(17, 5, 78, 1)
[00:04:19.933929] {Default Queue}  -> wl_region#126.add(121, 5, 130, 1)
[00:04:19.933930] {Default Queue}  -> wl_region#126.add(277, 5, 373, 1)
[00:04:19.933931] {Default Queue}  -> wl_region#126.add(16, 6, 80, 1)
[00:04:19.933931] {Default Queue}  -> wl_region#126.add(120, 6, 132, 1)
[00:04:19.933932] {Default Queue}  -> wl_region#126.add(276, 6, 375, 1)
[00:04:19.933933] {Default Queue}  -> wl_region#126.add(15, 7, 82, 1)
[00:04:19.933934] {Default Queue}  -> wl_region#126.add(119, 7, 134, 1)
[00:04:19.933935] {Default Queue}  -> wl_region#126.add(275, 7, 377, 1)
[00:04:19.933936] {Default Queue}  -> wl_region#126.add(14, 8, 84, 1)
[00:04:19.933937] {Default Queue}  -> wl_region#126.add(118, 8, 136, 1)
[00:04:19.933937] {Default Queue}  -> wl_region#126.add(274, 8, 379, 1)
[00:04:19.933938] {Default Queue}  -> wl_region#126.add(13, 9, 86, 1)
[00:04:19.933939] {Default Queue}  -> wl_region#126.add(117, 9, 138, 1)
[00:04:19.933940] {Default Queue}  -> wl_region#126.add(273, 9, 381, 1)
[00:04:19.933941] {Default Queue}  -> wl_region#126.add(12, 10, 88, 2)
[00:04:19.933942] {Default Queue}  -> wl_region#126.add(116, 10, 140, 2)
[00:04:19.933942] {Default Queue}  -> wl_region#126.add(272, 10, 383, 2)
[00:04:19.933943] {Default Queue}  -> wl_region#126.add(11, 12, 90, 5)
[00:04:19.933944] {Default Queue}  -> wl_region#126.add(115, 12, 142, 5)
[00:04:19.933945] {Default Queue}  -> wl_region#126.add(271, 12, 385, 5)
[00:04:19.933946] {Default Queue}  -> wl_region#126.add(10, 17, 92, 260)
[00:04:19.933947] {Default Queue}  -> wl_region#126.add(114, 17, 144, 260)
[00:04:19.933957] {Default Queue}  -> wl_region#126.add(270, 17, 387, 260)
[00:04:19.933958] {Default Queue}  -> wl_region#126.add(11, 277, 90, 5)
[00:04:19.933959] {Default Queue}  -> wl_region#126.add(115, 277, 142, 5)
[00:04:19.933959] {Default Queue}  -> wl_region#126.add(271, 277, 385, 5)
[00:04:19.933960] {Default Queue}  -> wl_region#126.add(12, 282, 88, 2)
[00:04:19.933960] {Default Queue}  -> wl_region#126.add(116, 282, 140, 2)
[00:04:19.933961] {Default Queue}  -> wl_region#126.add(272, 282, 383, 2)
[00:04:19.933962] {Default Queue}  -> wl_region#126.add(13, 284, 86, 1)
[00:04:19.933962] {Default Queue}  -> wl_region#126.add(117, 284, 138, 1)
[00:04:19.933963] {Default Queue}  -> wl_region#126.add(273, 284, 381, 1)
[00:04:19.933964] {Default Queue}  -> wl_region#126.add(14, 285, 84, 1)
[00:04:19.933964] {Default Queue}  -> wl_region#126.add(118, 285, 136, 1)
[00:04:19.933965] {Default Queue}  -> wl_region#126.add(274, 285, 379, 1)
[00:04:19.933966] {Default Queue}  -> wl_region#126.add(15, 286, 82, 1)
[00:04:19.933966] {Default Queue}  -> wl_region#126.add(119, 286, 134, 1)
[00:04:19.933967] {Default Queue}  -> wl_region#126.add(275, 286, 377, 1)
[00:04:19.933968] {Default Queue}  -> wl_region#126.add(16, 287, 80, 1)
[00:04:19.933968] {Default Queue}  -> wl_region#126.add(120, 287, 132, 1)
[00:04:19.933969] {Default Queue}  -> wl_region#126.add(276, 287, 375, 1)
[00:04:19.933970] {Default Queue}  -> wl_region#126.add(17, 288, 78, 1)
[00:04:19.933970] {Default Queue}  -> wl_region#126.add(121, 288, 130, 1)
[00:04:19.933971] {Default Queue}  -> wl_region#126.add(277, 288, 373, 1)
[00:04:19.933972] {Default Queue}  -> wl_region#126.add(19, 289, 74, 1)
[00:04:19.933973] {Default Queue}  -> wl_region#126.add(123, 289, 126, 1)
[00:04:19.933973] {Default Queue}  -> wl_region#126.add(279, 289, 369, 1)
[00:04:19.933974]  -> wl_surface#131.set_input_region(wl_region#126)
[00:04:19.933975] {Default Queue}  -> wl_region#126.destroy()
[00:04:19.933976]  -> wl_surface#131.attach(wl_buffer#67, 0, 0)
[00:04:19.933977]  -> wl_surface#131.damage_buffer(0, 0, 1001, 441)
[00:04:19.933979]  -> wl_surface#131.frame(new id wl_callback#77)
[00:04:19.933980] {Default Queue}  -> wp_presentation#20.feedback(wl_surface#131, new id wp_presentation_feedback#61)
[00:04:19.933982]  -> wl_surface#131.commit()
[00:04:19.934043] {Display Queue} wl_display#1.delete_id(141)
[00:04:19.934046] {Display Queue} wl_display#1.delete_id(138)
[00:04:19.934047] {Display Queue} wl_display#1.delete_id(132)
[00:04:19.934047] {Display Queue} wl_display#1.delete_id(145)
[00:04:19.934048] {Display Queue} wl_display#1.delete_id(73)
[00:04:19.934048] {Display Queue} wl_display#1.delete_id(146)
[00:04:19.934049] {Display Queue} wl_display#1.delete_id(115)
[00:04:19.934050] {Default Queue} wl_buffer#149.release()
[00:04:19.934051] {Default Queue}  -> wl_buffer#149.destroy()
[00:04:19.934053] {Default Queue}  -> wl_shm_pool#135.destroy()
[00:04:19.934160] {Default Queue} wl_buffer#101.release()
[00:04:19.934162] {Default Queue} wl_callback#146.done(40183048)
[00:04:19.934169] {Default Queue} wp_presentation_feedback#115.sync_output(wl_output#60)
[00:04:19.934171] {Default Queue} wp_presentation_feedback#115.sync_output(wl_output#28)
[00:04:19.934171] {Default Queue} wp_presentation_feedback#115.presented(0, 40183, 48757873, 0, 0, 0, 0)
info: event=launcher-results count=113 shown=113 publish_us=6326
[00:04:19.940723] {Display Queue} wl_display#1.delete_id(126)
[00:04:19.940733] {Default Queue} wl_buffer#147.release()
[00:04:19.940735] {Default Queue} wl_buffer#74.release()
[00:04:19.940736] {Default Queue} zwlr_layer_surface_v1#80.configure(300, 480, 294)
[00:04:19.940743] {Default Queue}  -> zwlr_layer_surface_v1#80.ack_configure(300)
[00:04:19.940745] {Default Queue} zwlr_layer_surface_v1#82.configure(301, 480, 853)
[00:04:19.940747] {Default Queue}  -> zwlr_layer_surface_v1#82.ack_configure(301)
[00:04:19.940748] {Default Queue} zwlr_layer_surface_v1#117.configure(302, 480, 559)
[00:04:19.940749] {Default Queue}  -> zwlr_layer_surface_v1#117.ack_configure(302)
info: event=launcher-results count=113 shown=113 publish_us=5850
[00:04:19.948829] {Display Queue} wl_display#1.delete_id(149)
[00:04:19.948838] {Display Queue} wl_display#1.delete_id(135)
[00:04:19.948839] {Display Queue} wl_display#1.delete_id(137)
[00:04:19.948840] {Display Queue} wl_display#1.delete_id(77)
[00:04:19.948841] {Display Queue} wl_display#1.delete_id(97)
[00:04:19.948841] {Display Queue} wl_display#1.delete_id(79)
[00:04:19.948842] {Display Queue} wl_display#1.delete_id(61)
[00:04:19.948842] {Display Queue} wl_display#1.delete_id(75)
[00:04:19.948843] {Default Queue} wl_callback#137.done(40183063)
[00:04:19.948853] {Default Queue} wl_callback#77.done(40183063)
[00:04:19.948856] {Default Queue} wl_callback#97.done(40183063)
[00:04:19.948857] {Default Queue} wp_presentation_feedback#79.sync_output(wl_output#76)
[00:04:19.948859] {Default Queue} wp_presentation_feedback#79.sync_output(wl_output#144)
[00:04:19.948859] {Default Queue} wp_presentation_feedback#79.presented(0, 40183, 63686828, 0, 0, 0, 0)
[00:04:19.948862] {Default Queue} wp_presentation_feedback#61.sync_output(wl_output#76)
[00:04:19.948863] {Default Queue} wp_presentation_feedback#61.sync_output(wl_output#144)
[00:04:19.948864] {Default Queue} wp_presentation_feedback#61.presented(0, 40183, 63686828, 0, 0, 0, 0)
[00:04:19.948865] {Default Queue} wp_presentation_feedback#75.sync_output(wl_output#76)
[00:04:19.948866] {Default Queue} wp_presentation_feedback#75.sync_output(wl_output#144)
[00:04:19.948867] {Default Queue} wp_presentation_feedback#75.presented(0, 40183, 63686828, 0, 0, 0, 0)
[00:04:19.948888]  -> wl_surface#130.commit()
[00:04:19.948897]  -> wl_surface#131.commit()
[00:04:19.961921] {Default Queue}  -> wl_shm#5.create_pool(new id wl_shm_pool#75, fd 18, 2416320)
[00:04:19.961929] {Default Queue}  -> wl_shm_pool#75.create_buffer(new id wl_buffer#61, 0, 720, 839, 2880, 0)
[00:04:19.963121] {Default Queue}  -> wl_compositor#4.create_region(new id wl_region#79)
[00:04:19.963125] {Default Queue}  -> wl_region#79.add(0, 14, 480, 531)
[00:04:19.963127]  -> wl_surface#129.set_opaque_region(wl_region#79)
[00:04:19.963129] {Default Queue}  -> wl_region#79.destroy()
[00:04:19.963130] {Default Queue}  -> wp_viewport#133.set_destination(480, 559)
[00:04:19.963132]  -> wl_surface#129.attach(wl_buffer#61, 0, 0)
[00:04:19.963133]  -> wl_surface#129.damage_buffer(0, 0, 720, 839)
[00:04:19.963134]  -> wl_surface#129.frame(new id wl_callback#97)
[00:04:19.963137] {Default Queue}  -> wp_presentation#20.feedback(wl_surface#129, new id wp_presentation_feedback#77)
[00:04:19.963138]  -> wl_surface#129.commit()
info: event=launcher-painted latency_us=22280
[00:04:19.963324] {Display Queue} wl_display#1.delete_id(79)
[00:04:19.963328] {Default Queue} wl_buffer#102.release()
[00:04:19.963330] {Default Queue}  -> wl_buffer#102.destroy()
[00:04:19.963332] {Default Queue}  -> wl_shm_pool#96.destroy()
[00:04:19.966252] {Display Queue} wl_display#1.delete_id(102)
[00:04:19.966262] {Display Queue} wl_display#1.delete_id(96)
[00:04:19.966263] {Display Queue} wl_display#1.delete_id(97)
[00:04:19.966264] {Display Queue} wl_display#1.delete_id(77)
[00:04:19.966265] {Default Queue} wl_callback#97.done(40183081)
[00:04:19.966281] {Default Queue} wp_presentation_feedback#77.sync_output(wl_output#76)
[00:04:19.966283] {Default Queue} wp_presentation_feedback#77.sync_output(wl_output#144)
[00:04:19.966283] {Default Queue} wp_presentation_feedback#77.presented(0, 40183, 81109806, 0, 0, 0, 0)
[00:04:19.966880] {Default Queue}  -> wl_shm#5.create_pool(new id wl_shm_pool#77, fd 18, 2416320)
[00:04:19.966886] {Default Queue}  -> wl_shm_pool#77.create_buffer(new id wl_buffer#97, 0, 720, 839, 2880, 0)
[00:04:19.968559]  -> wl_surface#129.attach(wl_buffer#97, 0, 0)
[00:04:19.968569]  -> wl_surface#129.damage_buffer(0, 0, 720, 839)
[00:04:19.968572]  -> wl_surface#129.frame(new id wl_callback#96)
[00:04:19.968576] {Default Queue}  -> wp_presentation#20.feedback(wl_surface#129, new id wp_presentation_feedback#102)
[00:04:19.968579]  -> wl_surface#129.commit()
[00:04:19.968756] {Default Queue} wl_buffer#61.release()
[00:04:19.983350] {Display Queue} wl_display#1.delete_id(96)
[00:04:19.983358] {Display Queue} wl_display#1.delete_id(102)
[00:04:19.983359] {Default Queue} wl_callback#96.done(40183098)
[00:04:19.983368] {Default Queue} wp_presentation_feedback#102.sync_output(wl_output#76)
[00:04:19.983370] {Default Queue} wp_presentation_feedback#102.sync_output(wl_output#144)
[00:04:19.983371] {Default Queue} wp_presentation_feedback#102.presented(0, 40183, 98218011, 0, 0, 0, 0)
[00:04:19.984585]  -> wl_surface#129.attach(wl_buffer#61, 0, 0)
[00:04:19.984590]  -> wl_surface#129.damage_buffer(0, 0, 720, 839)
[00:04:19.984592]  -> wl_surface#129.frame(new id wl_callback#102)
[00:04:19.984595] {Default Queue}  -> wp_presentation#20.feedback(wl_surface#129, new id wp_presentation_feedback#96)
[00:04:19.984597]  -> wl_surface#129.commit()
[00:04:19.984674] {Default Queue} wl_buffer#97.release()
[00:04:20.000801] {Display Queue} wl_display#1.delete_id(102)
[00:04:20.000812] {Display Queue} wl_display#1.delete_id(96)
[00:04:20.000814] {Default Queue} wl_callback#102.done(40183115)
[00:04:20.000834] {Default Queue} wp_presentation_feedback#96.sync_output(wl_output#76)
[00:04:20.000835] {Default Queue} wp_presentation_feedback#96.sync_output(wl_output#144)
[00:04:20.000836] {Default Queue} wp_presentation_feedback#96.presented(0, 40183, 115648429, 0, 0, 0, 0)
[00:04:20.002610]  -> wl_surface#129.attach(wl_buffer#97, 0, 0)
[00:04:20.002618]  -> wl_surface#129.damage_buffer(0, 0, 720, 839)
[00:04:20.002621]  -> wl_surface#129.frame(new id wl_callback#96)
[00:04:20.002626] {Default Queue}  -> wp_presentation#20.feedback(wl_surface#129, new id wp_presentation_feedback#102)
[00:04:20.002629]  -> wl_surface#129.commit()
[00:04:20.002735] {Default Queue} wl_buffer#61.release()
[00:04:20.019974] {Display Queue} wl_display#1.delete_id(96)
[00:04:20.019985] {Display Queue} wl_display#1.delete_id(102)
[00:04:20.019986] {Default Queue} wl_callback#96.done(40183134)
[00:04:20.020000] {Default Queue} wp_presentation_feedback#102.sync_output(wl_output#76)
[00:04:20.020002] {Default Queue} wp_presentation_feedback#102.sync_output(wl_output#144)
[00:04:20.020003] {Default Queue} wp_presentation_feedback#102.presented(0, 40183, 134831263, 0, 0, 0, 0)
[00:04:20.021150]  -> wl_surface#129.attach(wl_buffer#61, 0, 0)
[00:04:20.021160]  -> wl_surface#129.damage_buffer(0, 0, 720, 839)
[00:04:20.021163]  -> wl_surface#129.frame(new id wl_callback#102)
[00:04:20.021168] {Default Queue}  -> wp_presentation#20.feedback(wl_surface#129, new id wp_presentation_feedback#96)
[00:04:20.021171]  -> wl_surface#129.commit()
[00:04:20.021278] {Default Queue} wl_buffer#97.release()
[00:04:20.036163] {Display Queue} wl_display#1.delete_id(102)
[00:04:20.036176] {Display Queue} wl_display#1.delete_id(96)
[00:04:20.036178] {Default Queue} wl_callback#102.done(40183150)
[00:04:20.036213] {Default Queue} wp_presentation_feedback#96.sync_output(wl_output#76)
[00:04:20.036215] {Default Queue} wp_presentation_feedback#96.sync_output(wl_output#144)
[00:04:20.036216] {Default Queue} wp_presentation_feedback#96.presented(0, 40183, 150996709, 0, 0, 0, 0)
[00:04:20.037487]  -> wl_surface#129.attach(wl_buffer#97, 0, 0)
[00:04:20.037497]  -> wl_surface#129.damage_buffer(0, 0, 720, 839)
[00:04:20.037500]  -> wl_surface#129.frame(new id wl_callback#96)
[00:04:20.037503] {Default Queue}  -> wp_presentation#20.feedback(wl_surface#129, new id wp_presentation_feedback#102)
[00:04:20.037506]  -> wl_surface#129.commit()
[00:04:20.037604] {Default Queue} wl_buffer#61.release()
[00:04:20.053405] {Display Queue} wl_display#1.delete_id(96)
[00:04:20.053415] {Display Queue} wl_display#1.delete_id(102)
[00:04:20.053417] {Default Queue} wl_callback#96.done(40183168)
[00:04:20.053433] {Default Queue} wp_presentation_feedback#102.sync_output(wl_output#76)
[00:04:20.053435] {Default Queue} wp_presentation_feedback#102.sync_output(wl_output#144)
[00:04:20.053436] {Default Queue} wp_presentation_feedback#102.presented(0, 40183, 168264585, 0, 0, 0, 0)
[00:04:20.054463]  -> wl_surface#129.attach(wl_buffer#61, 0, 0)
[00:04:20.054468]  -> wl_surface#129.damage_buffer(0, 0, 720, 839)
[00:04:20.054469]  -> wl_surface#129.frame(new id wl_callback#102)
[00:04:20.054472] {Default Queue}  -> wp_presentation#20.feedback(wl_surface#129, new id wp_presentation_feedback#96)
[00:04:20.054474]  -> wl_surface#129.commit()
[00:04:20.054549] {Default Queue} wl_buffer#97.release()
[00:04:20.070810] {Display Queue} wl_display#1.delete_id(102)
[00:04:20.070819] {Display Queue} wl_display#1.delete_id(96)
[00:04:20.070820] {Default Queue} wl_callback#102.done(40183185)
[00:04:20.070833] {Default Queue} wp_presentation_feedback#96.sync_output(wl_output#76)
[00:04:20.070834] {Default Queue} wp_presentation_feedback#96.sync_output(wl_output#144)
[00:04:20.070835] {Default Queue} wp_presentation_feedback#96.presented(0, 40183, 185664823, 0, 0, 0, 0)
[00:04:20.072042]  -> wl_surface#129.attach(wl_buffer#97, 0, 0)
[00:04:20.072050]  -> wl_surface#129.damage_buffer(0, 0, 720, 839)
[00:04:20.072052]  -> wl_surface#129.frame(new id wl_callback#96)
[00:04:20.072055] {Default Queue}  -> wp_presentation#20.feedback(wl_surface#129, new id wp_presentation_feedback#102)
[00:04:20.072057]  -> wl_surface#129.commit()
[00:04:20.072134] {Default Queue} wl_buffer#61.release()
[00:04:20.087935] {Display Queue} wl_display#1.delete_id(96)
[00:04:20.087944] {Display Queue} wl_display#1.delete_id(102)
[00:04:20.087945] {Default Queue} wl_callback#96.done(40183202)
[00:04:20.087956] {Default Queue} wp_presentation_feedback#102.sync_output(wl_output#76)
[00:04:20.087957] {Default Queue} wp_presentation_feedback#102.sync_output(wl_output#144)
[00:04:20.087958] {Default Queue} wp_presentation_feedback#102.presented(0, 40183, 202801488, 0, 0, 0, 0)
[00:04:20.088888]  -> wl_surface#129.attach(wl_buffer#61, 0, 0)
[00:04:20.088894]  -> wl_surface#129.damage_buffer(0, 0, 720, 839)
[00:04:20.088896]  -> wl_surface#129.frame(new id wl_callback#102)
[00:04:20.088898] {Default Queue}  -> wp_presentation#20.feedback(wl_surface#129, new id wp_presentation_feedback#96)
[00:04:20.088900]  -> wl_surface#129.commit()
[00:04:20.088958] {Default Queue} wl_buffer#97.release()
[00:04:20.105040] {Display Queue} wl_display#1.delete_id(102)
[00:04:20.105048] {Display Queue} wl_display#1.delete_id(96)
[00:04:20.105049] {Default Queue} wl_callback#102.done(40183219)
[00:04:20.105062] {Default Queue} wp_presentation_feedback#96.sync_output(wl_output#76)
[00:04:20.105064] {Default Queue} wp_presentation_feedback#96.sync_output(wl_output#144)
[00:04:20.105066] {Default Queue} wp_presentation_feedback#96.presented(0, 40183, 219907233, 0, 0, 0, 0)
[00:04:20.105990]  -> wl_surface#129.attach(wl_buffer#97, 0, 0)
[00:04:20.105996]  -> wl_surface#129.damage_buffer(0, 0, 720, 839)
[00:04:20.105998]  -> wl_surface#129.frame(new id wl_callback#96)
[00:04:20.106000] {Default Queue}  -> wp_presentation#20.feedback(wl_surface#129, new id wp_presentation_feedback#102)
[00:04:20.106002]  -> wl_surface#129.commit()
[00:04:20.106061] {Default Queue} wl_buffer#61.release()
[00:04:20.122917] {Display Queue} wl_display#1.delete_id(96)
[00:04:20.122926] {Display Queue} wl_display#1.delete_id(102)
[00:04:20.122927] {Default Queue} wl_callback#96.done(40183237)
[00:04:20.122939] {Default Queue} wp_presentation_feedback#102.sync_output(wl_output#76)
[00:04:20.122940] {Default Queue} wp_presentation_feedback#102.sync_output(wl_output#144)
[00:04:20.122941] {Default Queue} wp_presentation_feedback#102.presented(0, 40183, 237779495, 0, 0, 0, 0)
[00:04:20.123893]  -> wl_surface#129.attach(wl_buffer#61, 0, 0)
[00:04:20.123897]  -> wl_surface#129.damage_buffer(0, 0, 720, 839)
[00:04:20.123899]  -> wl_surface#129.frame(new id wl_callback#102)
[00:04:20.123901] {Default Queue}  -> wp_presentation#20.feedback(wl_surface#129, new id wp_presentation_feedback#96)
[00:04:20.123903]  -> wl_surface#129.commit()
[00:04:20.123952] {Default Queue} wl_buffer#97.release()
[00:04:20.139123] {Display Queue} wl_display#1.delete_id(102)
[00:04:20.139136] {Display Queue} wl_display#1.delete_id(96)
[00:04:20.139138] {Default Queue} wl_callback#102.done(40183253)
[00:04:20.139156] {Default Queue} wp_presentation_feedback#96.sync_output(wl_output#76)
[00:04:20.139159] {Default Queue} wp_presentation_feedback#96.sync_output(wl_output#144)
[00:04:20.139160] {Default Queue} wp_presentation_feedback#96.presented(0, 40183, 253966451, 0, 0, 0, 0)
[00:04:20.140532]  -> wl_surface#129.attach(wl_buffer#97, 0, 0)
[00:04:20.140542]  -> wl_surface#129.damage_buffer(0, 0, 720, 839)
[00:04:20.140545]  -> wl_surface#129.frame(new id wl_callback#96)
[00:04:20.140549] {Default Queue}  -> wp_presentation#20.feedback(wl_surface#129, new id wp_presentation_feedback#102)
[00:04:20.140552]  -> wl_surface#129.commit()
[00:04:20.140654] {Default Queue} wl_buffer#61.release()
[00:04:20.156185] {Display Queue} wl_display#1.delete_id(96)
[00:04:20.156194] {Display Queue} wl_display#1.delete_id(102)
[00:04:20.156196] {Default Queue} wl_callback#96.done(40183271)
[00:04:20.156209] {Default Queue} wp_presentation_feedback#102.sync_output(wl_output#76)
[00:04:20.156211] {Default Queue} wp_presentation_feedback#102.sync_output(wl_output#144)
[00:04:20.156212] {Default Queue} wp_presentation_feedback#102.presented(0, 40183, 271051866, 0, 0, 0, 0)
[00:04:20.157151]  -> wl_surface#129.attach(wl_buffer#61, 0, 0)
[00:04:20.157157]  -> wl_surface#129.damage_buffer(0, 0, 720, 839)
[00:04:20.157158]  -> wl_surface#129.frame(new id wl_callback#102)
[00:04:20.157161] {Default Queue}  -> wp_presentation#20.feedback(wl_surface#129, new id wp_presentation_feedback#96)
[00:04:20.157162]  -> wl_surface#129.commit()
[00:04:20.157219] {Default Queue} wl_buffer#97.release()
[00:04:20.173274] {Display Queue} wl_display#1.delete_id(102)
[00:04:20.173284] {Display Queue} wl_display#1.delete_id(96)
[00:04:20.173285] {Default Queue} wl_callback#102.done(40183288)
[00:04:20.173295] {Default Queue} wp_presentation_feedback#96.sync_output(wl_output#76)
[00:04:20.173296] {Default Queue} wp_presentation_feedback#96.sync_output(wl_output#144)
[00:04:20.173297] {Default Queue} wp_presentation_feedback#96.presented(0, 40183, 288140911, 0, 0, 0, 0)
[00:04:20.174358]  -> wl_surface#129.attach(wl_buffer#97, 0, 0)
[00:04:20.174363]  -> wl_surface#129.damage_buffer(0, 0, 720, 839)
[00:04:20.174365]  -> wl_surface#129.frame(new id wl_callback#96)
[00:04:20.174367] {Default Queue}  -> wp_presentation#20.feedback(wl_surface#129, new id wp_presentation_feedback#102)
[00:04:20.174369]  -> wl_surface#129.commit()
[00:04:20.174437] {Default Queue} wl_buffer#61.release()
[00:04:20.190345] {Display Queue} wl_display#1.delete_id(96)
[00:04:20.190353] {Display Queue} wl_display#1.delete_id(102)
[00:04:20.190354] {Default Queue} wl_callback#96.done(40183305)
[00:04:20.190362] {Default Queue} wp_presentation_feedback#102.sync_output(wl_output#76)
[00:04:20.190364] {Default Queue} wp_presentation_feedback#102.sync_output(wl_output#144)
[00:04:20.190365] {Default Queue} wp_presentation_feedback#102.presented(0, 40183, 305213555, 0, 0, 0, 0)
[00:04:20.191241]  -> wl_surface#129.attach(wl_buffer#61, 0, 0)
[00:04:20.191246]  -> wl_surface#129.damage_buffer(0, 0, 720, 839)
[00:04:20.191248]  -> wl_surface#129.frame(new id wl_callback#102)
[00:04:20.191250] {Default Queue}  -> wp_presentation#20.feedback(wl_surface#129, new id wp_presentation_feedback#96)
[00:04:20.191252]  -> wl_surface#129.commit()
[00:04:20.191339] {Default Queue} wl_buffer#97.release()
[00:04:20.207249] {Display Queue} wl_display#1.delete_id(102)
[00:04:20.207254] {Display Queue} wl_display#1.delete_id(96)
[00:04:20.207256] {Default Queue} wl_callback#102.done(40183322)
[00:04:20.207264] {Default Queue} wp_presentation_feedback#96.sync_output(wl_output#76)
[00:04:20.207266] {Default Queue} wp_presentation_feedback#96.sync_output(wl_output#144)
[00:04:20.207267] {Default Queue} wp_presentation_feedback#96.presented(0, 40183, 322133629, 0, 0, 0, 0)
[00:04:20.230811] {Default Queue}  -> zwlr_layer_surface_v1#117.destroy()
[00:04:20.230822]  -> wl_surface#129.attach(nil, 0, 0)
[00:04:20.230826]  -> wl_surface#129.commit()
[00:04:20.230875] {Default Queue}  -> wl_buffer#97.destroy()
[00:04:20.230877] {Default Queue}  -> wl_shm_pool#77.destroy()
[00:04:20.231429] {Default Queue}  -> wp_viewport#133.destroy()
[00:04:20.231432] {Default Queue}  -> wp_fractional_scale_v1#92.destroy()
[00:04:20.231433]  -> wl_surface#129.destroy()
[00:04:20.231450] {Default Queue}  -> xdg_toplevel_icon_v1#142.destroy()
info: event=popup-closed
[00:04:20.237505] {Display Queue} wl_display#1.delete_id(117)
[00:04:20.237516] {Display Queue} wl_display#1.delete_id(97)
[00:04:20.237517] {Display Queue} wl_display#1.delete_id(77)
[00:04:20.237518] {Display Queue} wl_display#1.delete_id(133)
[00:04:20.237519] {Display Queue} wl_display#1.delete_id(92)
[00:04:20.237519] {Display Queue} wl_display#1.delete_id(129)
[00:04:20.237520] {Display Queue} wl_display#1.delete_id(142)
[00:04:20.237520] {Default Queue} zwlr_layer_surface_v1#80.configure(304, 480, 294)
[00:04:20.237540] {Default Queue}  -> zwlr_layer_surface_v1#80.ack_configure(304)
[00:04:20.237542] {Default Queue} zwlr_layer_surface_v1#82.configure(305, 480, 853)
[00:04:20.237545] {Default Queue}  -> zwlr_layer_surface_v1#82.ack_configure(305)
[00:04:20.237546] {Default Queue} wl_buffer#61.release()
[00:04:20.237551] {Default Queue}  -> wl_buffer#61.destroy()
[00:04:20.237553] {Default Queue}  -> wl_shm_pool#75.destroy()
[00:04:20.237801]  -> wl_surface#131.commit()
[00:04:20.237833]  -> wl_surface#130.commit()
[00:04:20.238722] {Default Queue}  -> wl_compositor#4.create_region(new id wl_region#142)
[00:04:20.238728] {Default Queue}  -> wl_region#142.add(18, 4, 527, 56)
[00:04:20.238730]  -> wl_surface#68.set_opaque_region(wl_region#142)
[00:04:20.238731] {Default Queue}  -> wl_region#142.destroy()
[00:04:20.238732]  -> wl_surface#68.attach(wl_buffer#101, 0, 0)
[00:04:20.238734]  -> wl_surface#68.damage_buffer(0, 0, 1280, 64)
[00:04:20.238735]  -> wl_surface#68.frame(new id wl_callback#129)
[00:04:20.238738] {Default Queue}  -> wp_presentation#20.feedback(wl_surface#68, new id wp_presentation_feedback#92)
[00:04:20.238740]  -> wl_surface#68.commit()
[00:04:20.238879] {Display Queue} wl_display#1.delete_id(61)
[00:04:20.238884] {Display Queue} wl_display#1.delete_id(75)
[00:04:20.238885] {Display Queue} wl_display#1.delete_id(142)
[00:04:20.238886] {Default Queue} wl_buffer#91.release()
[00:04:20.253394] {Display Queue} wl_display#1.delete_id(129)
[00:04:20.253404] {Display Queue} wl_display#1.delete_id(92)
[00:04:20.253406] {Default Queue} wl_callback#129.done(40183368)
[00:04:20.253418] {Default Queue} wp_presentation_feedback#92.sync_output(wl_output#60)
[00:04:20.253420] {Default Queue} wp_presentation_feedback#92.sync_output(wl_output#28)
[00:04:20.253421] {Default Queue} wp_presentation_feedback#92.presented(0, 40183, 368259746, 0, 0, 0, 0)
[00:04:20.253763] {Default Queue}  -> wl_compositor#4.create_region(new id wl_region#92)
[00:04:20.253767] {Default Queue}  -> wl_region#92.add(19, 4, 525, 1)
[00:04:20.253769] {Default Queue}  -> wl_region#92.add(577, 4, 126, 1)
[00:04:20.253770] {Default Queue}  -> wl_region#92.add(888, 4, 373, 1)
[00:04:20.253770] {Default Queue}  -> wl_region#92.add(17, 5, 529, 1)
[00:04:20.253771] {Default Queue}  -> wl_region#92.add(575, 5, 130, 1)
[00:04:20.253772] {Default Queue}  -> wl_region#92.add(886, 5, 377, 1)
[00:04:20.253772] {Default Queue}  -> wl_region#92.add(16, 6, 531, 1)
[00:04:20.253773] {Default Queue}  -> wl_region#92.add(574, 6, 132, 1)
[00:04:20.253774] {Default Queue}  -> wl_region#92.add(885, 6, 379, 1)
[00:04:20.253774] {Default Queue}  -> wl_region#92.add(15, 7, 533, 1)
[00:04:20.253775] {Default Queue}  -> wl_region#92.add(573, 7, 134, 1)
[00:04:20.253776] {Default Queue}  -> wl_region#92.add(884, 7, 381, 1)
[00:04:20.253776] {Default Queue}  -> wl_region#92.add(14, 8, 535, 1)
[00:04:20.253777] {Default Queue}  -> wl_region#92.add(572, 8, 136, 1)
[00:04:20.253778] {Default Queue}  -> wl_region#92.add(883, 8, 383, 1)
[00:04:20.253778] {Default Queue}  -> wl_region#92.add(13, 9, 537, 1)
[00:04:20.253779] {Default Queue}  -> wl_region#92.add(571, 9, 138, 1)
[00:04:20.253780] {Default Queue}  -> wl_region#92.add(882, 9, 385, 1)
[00:04:20.253780] {Default Queue}  -> wl_region#92.add(12, 10, 539, 2)
[00:04:20.253781] {Default Queue}  -> wl_region#92.add(570, 10, 140, 2)
[00:04:20.253782] {Default Queue}  -> wl_region#92.add(881, 10, 387, 2)
[00:04:20.253782] {Default Queue}  -> wl_region#92.add(11, 12, 541, 5)
[00:04:20.253783] {Default Queue}  -> wl_region#92.add(569, 12, 142, 5)
[00:04:20.253783] {Default Queue}  -> wl_region#92.add(880, 12, 389, 5)
[00:04:20.253784] {Default Queue}  -> wl_region#92.add(10, 17, 543, 30)
[00:04:20.253785] {Default Queue}  -> wl_region#92.add(568, 17, 144, 30)
[00:04:20.253785] {Default Queue}  -> wl_region#92.add(879, 17, 391, 30)
[00:04:20.253786] {Default Queue}  -> wl_region#92.add(11, 47, 541, 5)
[00:04:20.253787] {Default Queue}  -> wl_region#92.add(569, 47, 142, 5)
[00:04:20.253787] {Default Queue}  -> wl_region#92.add(880, 47, 389, 5)
[00:04:20.253788] {Default Queue}  -> wl_region#92.add(12, 52, 539, 2)
[00:04:20.253789] {Default Queue}  -> wl_region#92.add(570, 52, 140, 2)
[00:04:20.253789] {Default Queue}  -> wl_region#92.add(881, 52, 387, 2)
[00:04:20.253790] {Default Queue}  -> wl_region#92.add(13, 54, 537, 1)
[00:04:20.253790] {Default Queue}  -> wl_region#92.add(571, 54, 138, 1)
[00:04:20.253791] {Default Queue}  -> wl_region#92.add(882, 54, 385, 1)
[00:04:20.253792] {Default Queue}  -> wl_region#92.add(14, 55, 535, 1)
[00:04:20.253792] {Default Queue}  -> wl_region#92.add(572, 55, 136, 1)
[00:04:20.253793] {Default Queue}  -> wl_region#92.add(883, 55, 383, 1)
[00:04:20.253794] {Default Queue}  -> wl_region#92.add(15, 56, 533, 1)
[00:04:20.253794] {Default Queue}  -> wl_region#92.add(573, 56, 134, 1)
[00:04:20.253795] {Default Queue}  -> wl_region#92.add(884, 56, 381, 1)
[00:04:20.253795] {Default Queue}  -> wl_region#92.add(16, 57, 531, 1)
[00:04:20.253796] {Default Queue}  -> wl_region#92.add(574, 57, 132, 1)
[00:04:20.253797] {Default Queue}  -> wl_region#92.add(885, 57, 379, 1)
[00:04:20.253797] {Default Queue}  -> wl_region#92.add(17, 58, 529, 1)
[00:04:20.253798] {Default Queue}  -> wl_region#92.add(575, 58, 130, 1)
[00:04:20.253799] {Default Queue}  -> wl_region#92.add(886, 58, 377, 1)
[00:04:20.253799] {Default Queue}  -> wl_region#92.add(19, 59, 525, 1)
[00:04:20.253800] {Default Queue}  -> wl_region#92.add(577, 59, 126, 1)
[00:04:20.253800] {Default Queue}  -> wl_region#92.add(888, 59, 373, 1)
[00:04:20.253801]  -> wl_surface#68.set_input_region(wl_region#92)
[00:04:20.253802] {Default Queue}  -> wl_region#92.destroy()
[00:04:20.253804]  -> wl_surface#68.attach(wl_buffer#91, 0, 0)
[00:04:20.253805]  -> wl_surface#68.damage_buffer(0, 0, 1280, 64)
[00:04:20.253806]  -> wl_surface#68.frame(new id wl_callback#129)
[00:04:20.253808] {Default Queue}  -> wp_presentation#20.feedback(wl_surface#68, new id wp_presentation_feedback#142)
[00:04:20.253809]  -> wl_surface#68.commit()
[00:04:20.253889] {Display Queue} wl_display#1.delete_id(92)
[00:04:20.253891] {Default Queue} wl_buffer#101.release()
[00:04:20.269585] {Display Queue} wl_display#1.delete_id(129)
[00:04:20.269596] {Display Queue} wl_display#1.delete_id(142)
[00:04:20.269598] {Default Queue} wl_callback#129.done(40183384)
[00:04:20.269607] {Default Queue} wp_presentation_feedback#142.sync_output(wl_output#60)
[00:04:20.269610] {Default Queue} wp_presentation_feedback#142.sync_output(wl_output#28)
[00:04:20.269611] {Default Queue} wp_presentation_feedback#142.presented(0, 40183, 384430423, 0, 0, 0, 0)
