[04:53:39.643050] {Default Queue}  -> wl_display#1.get_registry(new id wl_registry#2)
[04:53:39.643057] {Default Queue}  -> wl_display#1.sync(new id wl_callback#3)
[04:53:39.674010] {Display Queue} wl_display#1.delete_id(3)
[04:53:39.674015] {Default Queue} wl_registry#2.global(1, "wl_compositor", 6)
[04:53:39.674020] {Default Queue}  -> wl_registry#2.bind(1, "wl_compositor", 6, new id [unknown]#4)
[04:53:39.674022] {Default Queue} wl_registry#2.global(2, "wl_fixes", 1)
[04:53:39.674026] {Default Queue} wl_registry#2.global(3, "wp_security_context_manager_v1", 1)
[04:53:39.674027] {Default Queue} wl_registry#2.global(4, "wl_shm", 2)
[04:53:39.674028] {Default Queue}  -> wl_registry#2.bind(4, "wl_shm", 1, new id [unknown]#5)
[04:53:39.674030] {Default Queue} wl_registry#2.global(5, "wp_single_pixel_buffer_manager_v1", 1)
[04:53:39.674031] {Default Queue}  -> wl_registry#2.bind(5, "wp_single_pixel_buffer_manager_v1", 1, new id [unknown]#6)
[04:53:39.674031] {Default Queue} wl_registry#2.global(6, "wp_alpha_modifier_v1", 1)
[04:53:39.674032] {Default Queue} wl_registry#2.global(7, "wp_color_representation_manager_v1", 1)
[04:53:39.674033] {Default Queue}  -> wl_registry#2.bind(7, "wp_color_representation_manager_v1", 1, new id [unknown]#7)
[04:53:39.674034] {Default Queue} wl_registry#2.global(8, "wp_content_type_manager_v1", 1)
[04:53:39.674035] {Default Queue} wl_registry#2.global(9, "wp_fifo_manager_v1", 1)
[04:53:39.674036] {Default Queue} wl_registry#2.global(10, "wp_commit_timing_manager_v1", 1)
[04:53:39.674037] {Default Queue} wl_registry#2.global(11, "xdg_wm_dialog_v1", 1)
[04:53:39.674038] {Default Queue}  -> wl_registry#2.bind(11, "xdg_wm_dialog_v1", 1, new id [unknown]#8)
[04:53:39.674038] {Default Queue} wl_registry#2.global(12, "xdg_toplevel_drag_manager_v1", 1)
[04:53:39.674039] {Default Queue} wl_registry#2.global(13, "xdg_toplevel_icon_manager_v1", 1)
[04:53:39.674040] {Default Queue}  -> wl_registry#2.bind(13, "xdg_toplevel_icon_manager_v1", 1, new id [unknown]#9)
[04:53:39.674041] {Default Queue} wl_registry#2.global(14, "xdg_toplevel_tag_manager_v1", 1)
[04:53:39.674041] {Default Queue} wl_registry#2.global(15, "wp_viewporter", 1)
[04:53:39.674044] {Default Queue}  -> wl_registry#2.bind(15, "wp_viewporter", 1, new id [unknown]#10)
[04:53:39.674045] {Default Queue} wl_registry#2.global(16, "wp_fractional_scale_manager_v1", 1)
[04:53:39.674045] {Default Queue}  -> wl_registry#2.bind(16, "wp_fractional_scale_manager_v1", 1, new id [unknown]#11)
[04:53:39.674047] {Default Queue} wl_registry#2.global(17, "wl_subcompositor", 1)
[04:53:39.674048] {Default Queue}  -> wl_registry#2.bind(17, "wl_subcompositor", 1, new id [unknown]#12)
[04:53:39.674048] {Default Queue} wl_registry#2.global(18, "wp_cursor_shape_manager_v1", 2)
[04:53:39.674049] {Default Queue}  -> wl_registry#2.bind(18, "wp_cursor_shape_manager_v1", 1, new id [unknown]#13)
[04:53:39.674050] {Default Queue} wl_registry#2.global(19, "xdg_wm_base", 7)
[04:53:39.674050] {Default Queue} wl_registry#2.global(20, "zxdg_decoration_manager_v1", 1)
[04:53:39.674051] {Default Queue} wl_registry#2.global(21, "org_kde_kwin_server_decoration_manager", 1)
[04:53:39.674052] {Default Queue}  -> wl_registry#2.bind(21, "org_kde_kwin_server_decoration_manager", 1, new id [unknown]#14)
[04:53:39.674053] {Default Queue} wl_registry#2.global(22, "xdg_activation_v1", 1)
[04:53:39.674054] {Default Queue}  -> wl_registry#2.bind(22, "xdg_activation_v1", 1, new id [unknown]#15)
[04:53:39.674054] {Default Queue} wl_registry#2.global(23, "zxdg_exporter_v2", 1)
[04:53:39.674055] {Default Queue}  -> wl_registry#2.bind(23, "zxdg_exporter_v2", 1, new id [unknown]#16)
[04:53:39.674056] {Default Queue} wl_registry#2.global(24, "zxdg_importer_v2", 1)
[04:53:39.674056] {Default Queue}  -> wl_registry#2.bind(24, "zxdg_importer_v2", 1, new id [unknown]#17)
[04:53:39.674057] {Default Queue} wl_registry#2.global(25, "wl_data_device_manager", 3)
[04:53:39.674058] {Default Queue}  -> wl_registry#2.bind(25, "wl_data_device_manager", 3, new id [unknown]#18)
[04:53:39.674059] {Default Queue} wl_registry#2.global(26, "zwp_primary_selection_device_manager_v1", 1)
[04:53:39.674059] {Default Queue}  -> wl_registry#2.bind(26, "zwp_primary_selection_device_manager_v1", 1, new id [unknown]#19)
[04:53:39.674060] {Default Queue} wl_registry#2.global(27, "ext_data_control_manager_v1", 1)
[04:53:39.674061] {Default Queue} wl_registry#2.global(28, "zwlr_data_control_manager_v1", 2)
[04:53:39.674062] {Default Queue} wl_registry#2.global(29, "zwlr_export_dmabuf_manager_v1", 1)
[04:53:39.674062] {Default Queue} wl_registry#2.global(30, "zwlr_screencopy_manager_v1", 3)
[04:53:39.674063] {Default Queue} wl_registry#2.global(31, "ext_image_copy_capture_manager_v1", 1)
[04:53:39.674065] {Default Queue} wl_registry#2.global(32, "aqueous_capture_color_manager_v1", 1)
[04:53:39.674066] {Default Queue} wl_registry#2.global(33, "ext_output_image_capture_source_manager_v1", 1)
[04:53:39.674067] {Default Queue} wl_registry#2.global(34, "zwlr_foreign_toplevel_manager_v1", 3)
[04:53:39.674067] {Default Queue} wl_registry#2.global(35, "ext_foreign_toplevel_list_v1", 1)
[04:53:39.674068] {Default Queue} wl_registry#2.global(36, "ext_foreign_toplevel_image_capture_source_manager_v1", 1)
[04:53:39.674069] {Default Queue} wl_registry#2.global(37, "wp_tearing_control_manager_v1", 1)
[04:53:39.674070] {Default Queue} wl_registry#2.global(38, "zwp_linux_dmabuf_v1", 5)
[04:53:39.674070] {Default Queue}  -> wl_registry#2.bind(38, "zwp_linux_dmabuf_v1", 5, new id [unknown]#20)
[04:53:39.674072] {Default Queue}  -> zwp_linux_dmabuf_v1#20.get_default_feedback(new id zwp_linux_dmabuf_feedback_v1#21)
[04:53:39.674073] {Default Queue}  -> wl_display#1.sync(new id wl_callback#22)
[04:53:39.674074] {Default Queue} wl_registry#2.global(39, "wp_linux_drm_syncobj_manager_v1", 1)
[04:53:39.674075] {Default Queue} wl_registry#2.global(40, "wp_color_manager_v1", 3)
[04:53:39.674076] {Default Queue} wl_registry#2.global(41, "aqueous_window_manager_v1", 10)
[04:53:39.674077] {Default Queue} wl_registry#2.global(42, "ext_workspace_manager_v1", 1)
[04:53:39.674077] {Default Queue} wl_registry#2.global(43, "aqueous_window_info_manager_v1", 8)
[04:53:39.674078] {Default Queue} wl_registry#2.global(44, "aqueous_xkb_bindings_v1", 3)
[04:53:39.674079] {Default Queue} wl_registry#2.global(45, "aqueous_layer_shell_v1", 1)
[04:53:39.674080] {Default Queue} wl_registry#2.global(46, "zwlr_layer_shell_v1", 4)
[04:53:39.674080] {Default Queue} wl_registry#2.global(47, "zwlr_gamma_control_manager_v1", 1)
[04:53:39.674081] {Default Queue} wl_registry#2.global(48, "wp_presentation", 2)
[04:53:39.674082] {Default Queue}  -> wl_registry#2.bind(48, "wp_presentation", 1, new id [unknown]#23)
[04:53:39.674083] {Default Queue} wl_registry#2.global(49, "zxdg_output_manager_v1", 3)
[04:53:39.674084] {Default Queue}  -> wl_registry#2.bind(49, "zxdg_output_manager_v1", 3, new id [unknown]#24)
[04:53:39.674085] {Default Queue}  -> wl_display#1.sync(new id wl_callback#25)
[04:53:39.674086] {Default Queue} wl_registry#2.global(50, "zwlr_output_manager_v1", 4)
[04:53:39.674087] {Default Queue} wl_registry#2.global(51, "zwlr_output_power_manager_v1", 1)
[04:53:39.674088] {Default Queue} wl_registry#2.global(52, "aqueous_input_manager_v1", 2)
[04:53:39.674089] {Default Queue} wl_registry#2.global(53, "ext_idle_notifier_v1", 2)
[04:53:39.674089] {Default Queue} wl_registry#2.global(54, "zwp_relative_pointer_manager_v1", 1)
[04:53:39.674090] {Default Queue} wl_registry#2.global(55, "zwp_pointer_gestures_v1", 3)
[04:53:39.674091] {Default Queue}  -> wl_registry#2.bind(55, "zwp_pointer_gestures_v1", 3, new id [unknown]#26)
[04:53:39.674092] {Default Queue} wl_registry#2.global(56, "zwlr_virtual_pointer_manager_v1", 2)
[04:53:39.674093] {Default Queue} wl_registry#2.global(57, "zwp_virtual_keyboard_manager_v1", 1)
[04:53:39.674094] {Default Queue} wl_registry#2.global(58, "zwp_pointer_constraints_v1", 1)
[04:53:39.674094] {Default Queue} wl_registry#2.global(59, "zwp_input_method_manager_v2", 1)
[04:53:39.674095] {Default Queue} wl_registry#2.global(60, "zwp_text_input_manager_v3", 1)
[04:53:39.674096] {Default Queue} wl_registry#2.global(61, "zwp_tablet_manager_v2", 1)
[04:53:39.674097] {Default Queue}  -> wl_registry#2.bind(61, "zwp_tablet_manager_v2", 1, new id [unknown]#27)
[04:53:39.674098] {Default Queue} wl_registry#2.global(62, "wp_pointer_warp_v1", 1)
[04:53:39.674099] {Default Queue} wl_registry#2.global(63, "wl_seat", 9)
[04:53:39.674100] {Default Queue} wl_registry#2.global(64, "aqueous_libinput_config_v1", 2)
[04:53:39.674101] {Default Queue} wl_registry#2.global(65, "aqueous_xkb_config_v1", 2)
[04:53:39.674101] {Default Queue} wl_registry#2.global(66, "zwp_idle_inhibit_manager_v1", 1)
[04:53:39.674102] {Default Queue}  -> wl_registry#2.bind(66, "zwp_idle_inhibit_manager_v1", 1, new id [unknown]#28)
[04:53:39.674103] {Default Queue} wl_registry#2.global(67, "ext_session_lock_manager_v1", 1)
[04:53:39.674104] {Default Queue} wl_registry#2.global(68, "aqueous_shell_manager_v1", 2)
[04:53:39.674104] {Default Queue} wl_registry#2.global(69, "zwp_keyboard_shortcuts_inhibit_manager_v1", 1)
[04:53:39.674105] {Default Queue}  -> wl_registry#2.bind(69, "zwp_keyboard_shortcuts_inhibit_manager_v1", 1, new id [unknown]#29)
[04:53:39.674106] {Default Queue} wl_registry#2.global(70, "ext_background_effect_manager_v1", 1)
[04:53:39.674107] {Default Queue} wl_registry#2.global(71, "xdg_system_bell_v1", 1)
[04:53:39.674108] {Default Queue}  -> wl_registry#2.bind(71, "xdg_system_bell_v1", 1, new id [unknown]#30)
[04:53:39.674109] {Default Queue} wl_registry#2.global(72, "wl_output", 4)
[04:53:39.674110] {Default Queue}  -> wl_registry#2.bind(72, "wl_output", 4, new id [unknown]#31)
[04:53:39.674141] {Default Queue}  -> zxdg_output_manager_v1#24.get_xdg_output(new id zxdg_output_v1#32, wl_output#31)
[04:53:39.674145] {Default Queue}  -> wl_display#1.sync(new id wl_callback#33)
[04:53:39.674146] {Default Queue} wl_registry#2.global(73, "wl_output", 4)
[04:53:39.674147] {Default Queue}  -> wl_registry#2.bind(73, "wl_output", 4, new id [unknown]#34)
[04:53:39.674148] {Default Queue}  -> zxdg_output_manager_v1#24.get_xdg_output(new id zxdg_output_v1#35, wl_output#34)
[04:53:39.674149] {Default Queue}  -> wl_display#1.sync(new id wl_callback#36)
[04:53:39.674150] {Default Queue} wl_callback#3.done(5)
[04:53:39.674152] {Default Queue}  -> wl_registry#2.bind(63, "wl_seat", 9, new id [unknown]#3)
[04:53:39.675176] {Default Queue}  -> zwp_primary_selection_device_manager_v1#19.get_device(new id zwp_primary_selection_device_v1#37, wl_seat#3)
[04:53:39.675179] {Default Queue}  -> wl_data_device_manager#18.get_data_device(new id wl_data_device#38, wl_seat#3)
[04:53:39.675203] {Default Queue}  -> wl_compositor#4.create_surface(new id wl_surface#39)
[04:53:39.675205] {Default Queue}  -> wp_viewporter#10.get_viewport(new id wp_viewport#40, wl_surface#39)
[04:53:39.675207] {Default Queue}  -> wp_fractional_scale_manager_v1#11.get_fractional_scale(new id wp_fractional_scale_v1#41, wl_surface#39)
[04:53:39.675208] {Default Queue}  -> zwp_tablet_manager_v2#27.get_tablet_seat(new id zwp_tablet_seat_v2#42, wl_seat#3)
[04:53:39.675210] {Default Queue}  -> wl_display#1.sync(new id wl_callback#43)
[04:53:39.675272] {Display Queue} wl_display#1.delete_id(22)
[04:53:39.675276] {Display Queue} wl_display#1.delete_id(25)
[04:53:39.675278] {Display Queue} wl_display#1.delete_id(33)
[04:53:39.675278] {Display Queue} wl_display#1.delete_id(36)
[04:53:39.675279] {Display Queue} wl_display#1.delete_id(43)
[04:53:39.675279] {Default Queue} wl_shm#5.format(538982482)
[04:53:39.675280] {Default Queue} wl_shm#5.format(1210064978)
[04:53:39.675281] {Default Queue} wl_shm#5.format(1176510546)
[04:53:39.675281] {Default Queue} wl_shm#5.format(943215175)
[04:53:39.675282] {Default Queue} wl_shm#5.format(1210077767)
[04:53:39.675282] {Default Queue} wl_shm#5.format(1176523335)
[04:53:39.675283] {Default Queue} wl_shm#5.format(1)
[04:53:39.675283] {Default Queue} wl_shm#5.format(875709016)
[04:53:39.675284] {Default Queue} wl_shm#5.format(0)
[04:53:39.675284] {Default Queue} wl_shm#5.format(875708993)
[04:53:39.675285] {Default Queue} wl_shm#5.format(842088786)
[04:53:39.675285] {Default Queue} wl_shm#5.format(842094674)
[04:53:39.675286] {Default Queue} wl_shm#5.format(842088770)
[04:53:39.675286] {Default Queue} wl_shm#5.format(842094658)
[04:53:39.675287] {Default Queue} wl_shm#5.format(909199186)
[04:53:39.675287] {Default Queue} wl_shm#5.format(909199170)
[04:53:39.675288] {Default Queue} wl_shm#5.format(892420434)
[04:53:39.675288] {Default Queue} wl_shm#5.format(892426322)
[04:53:39.675289] {Default Queue} wl_shm#5.format(892420418)
[04:53:39.675289] {Default Queue} wl_shm#5.format(892426306)
[04:53:39.675289] {Default Queue} wl_shm#5.format(892424769)
[04:53:39.675290] {Default Queue} wl_shm#5.format(892424792)
[04:53:39.675290] {Default Queue} wl_shm#5.format(808669761)
[04:53:39.675291] {Default Queue} wl_shm#5.format(808669784)
[04:53:39.675291] {Default Queue} wl_shm#5.format(808665665)
[04:53:39.675292] {Default Queue} wl_shm#5.format(808665688)
[04:53:39.675292] {Default Queue} wl_shm#5.format(942948929)
[04:53:39.675293] {Default Queue} wl_shm#5.format(942948952)
[04:53:39.675293] {Default Queue} wl_shm#5.format(1211384385)
[04:53:39.675294] {Default Queue} wl_shm#5.format(1211384408)
[04:53:39.675294] {Default Queue} wl_shm#5.format(1178092097)
[04:53:39.675295] {Default Queue} wp_color_representation_manager_v1#7.supported_alpha_mode(0)
[04:53:39.675296] {Default Queue} wp_color_representation_manager_v1#7.supported_coefficients_and_ranges(1, 1)
[04:53:39.675297] {Default Queue} wp_color_representation_manager_v1#7.supported_coefficients_and_ranges(2, 2)
[04:53:39.675298] {Default Queue} wp_color_representation_manager_v1#7.supported_coefficients_and_ranges(2, 1)
[04:53:39.675298] {Default Queue} wp_color_representation_manager_v1#7.supported_coefficients_and_ranges(4, 2)
[04:53:39.675299] {Default Queue} wp_color_representation_manager_v1#7.supported_coefficients_and_ranges(4, 1)
[04:53:39.675300] {Default Queue} wp_color_representation_manager_v1#7.supported_coefficients_and_ranges(6, 2)
[04:53:39.675300] {Default Queue} wp_color_representation_manager_v1#7.supported_coefficients_and_ranges(6, 1)
[04:53:39.675301] {Default Queue} wp_color_representation_manager_v1#7.done()
[04:53:39.675301] {Default Queue} discarded xdg_toplevel_icon_manager_v1#9.icon_size(32)
[04:53:39.675302] {Default Queue} discarded xdg_toplevel_icon_manager_v1#9.icon_size(64)
[04:53:39.675303] {Default Queue} discarded xdg_toplevel_icon_manager_v1#9.icon_size(128)
[04:53:39.675303] {Default Queue} discarded xdg_toplevel_icon_manager_v1#9.done()
[04:53:39.675304] {Default Queue} org_kde_kwin_server_decoration_manager#14.default_mode(1)
[04:53:39.675304] {Default Queue} zwp_linux_dmabuf_feedback_v1#21.main_device(array[8])
[04:53:39.675306] {Default Queue} zwp_linux_dmabuf_feedback_v1#21.format_table(fd 7, 3200)
[04:53:39.675311] {Default Queue} zwp_linux_dmabuf_feedback_v1#21.tranche_target_device(array[8])
[04:53:39.675312] {Default Queue} zwp_linux_dmabuf_feedback_v1#21.tranche_flags(0)
[04:53:39.675312] {Default Queue} zwp_linux_dmabuf_feedback_v1#21.tranche_formats(array[400])
[04:53:39.675324] {Default Queue} zwp_linux_dmabuf_feedback_v1#21.tranche_done()
[04:53:39.675325] {Default Queue} zwp_linux_dmabuf_feedback_v1#21.done()
[04:53:39.675325] {Default Queue} wl_callback#22.done(5)
[04:53:39.675327] {Default Queue} discarded wp_presentation#23.clock_id(1)
[04:53:39.675327] {Default Queue} wl_callback#25.done(5)
[04:53:39.675328] {Default Queue} wl_output#31.geometry(0, 0, 0, 0, 0, "Unknown", "Unknown", 0)
[04:53:39.675331] {Default Queue} wl_output#31.mode(1, 1280, 720, 0)
[04:53:39.675332] {Default Queue} wl_output#31.scale(1)
[04:53:39.675333] {Default Queue} wl_output#31.name("HEADLESS-2")
[04:53:39.675334] {Default Queue} wl_output#31.description("Headless output 2")
[04:53:39.675335] {Default Queue} wl_output#31.done()
[04:53:39.675335] {Default Queue} zxdg_output_v1#32.name("HEADLESS-2")
[04:53:39.675336] {Default Queue} zxdg_output_v1#32.description("Headless output 2")
[04:53:39.675337] {Default Queue} zxdg_output_v1#32.logical_position(0, 0)
[04:53:39.675338] {Default Queue} zxdg_output_v1#32.logical_size(1280, 720)
[04:53:39.675338] {Default Queue} wl_output#31.done()
[04:53:39.675339] {Default Queue} wl_callback#33.done(5)
[04:53:39.675340] {Default Queue} wl_output#34.geometry(0, 0, 0, 0, 0, "Unknown", "Unknown", 0)
[04:53:39.675341] {Default Queue} wl_output#34.mode(1, 1280, 720, 0)
[04:53:39.675342] {Default Queue} wl_output#34.scale(1)
[04:53:39.675343] {Default Queue} wl_output#34.name("HEADLESS-1")
[04:53:39.675343] {Default Queue} wl_output#34.description("Headless output 1")
[04:53:39.675344] {Default Queue} wl_output#34.done()
[04:53:39.675345] {Default Queue} zxdg_output_v1#35.name("HEADLESS-1")
[04:53:39.675345] {Default Queue} zxdg_output_v1#35.description("Headless output 1")
[04:53:39.675346] {Default Queue} zxdg_output_v1#35.logical_position(1280, 0)
[04:53:39.675346] {Default Queue} zxdg_output_v1#35.logical_size(1280, 720)
[04:53:39.675347] {Default Queue} wl_output#34.done()
[04:53:39.675347] {Default Queue} wl_callback#36.done(5)
[04:53:39.675348] {Default Queue} wl_seat#3.name("default")
[04:53:39.675349] {Default Queue} wl_seat#3.capabilities(0)
[04:53:39.675350] {Default Queue} wl_callback#43.done(5)
[04:53:39.675351] {Default Queue}  -> wl_registry#2.bind(19, "xdg_wm_base", 7, new id [unknown]#43)
[04:53:39.684078] {Default Queue}  -> wl_display#1.get_registry(new id wl_registry#36)
[04:53:39.684083] {Default Queue}  -> wl_display#1.sync(new id wl_callback#33)
[04:53:39.684162] {Display Queue} wl_display#1.delete_id(33)
[04:53:39.684165] {Default Queue} wl_registry#36.global(1, "wl_compositor", 6)
[04:53:39.684167] {Default Queue} wl_registry#36.global(2, "wl_fixes", 1)
[04:53:39.684167] {Default Queue} wl_registry#36.global(3, "wp_security_context_manager_v1", 1)
[04:53:39.684168] {Default Queue} wl_registry#36.global(4, "wl_shm", 2)
[04:53:39.684169] {Default Queue} wl_registry#36.global(5, "wp_single_pixel_buffer_manager_v1", 1)
[04:53:39.684170] {Default Queue} wl_registry#36.global(6, "wp_alpha_modifier_v1", 1)
[04:53:39.684171] {Default Queue} wl_registry#36.global(7, "wp_color_representation_manager_v1", 1)
[04:53:39.684171] {Default Queue} wl_registry#36.global(8, "wp_content_type_manager_v1", 1)
[04:53:39.684172] {Default Queue} wl_registry#36.global(9, "wp_fifo_manager_v1", 1)
[04:53:39.684172] {Default Queue} wl_registry#36.global(10, "wp_commit_timing_manager_v1", 1)
[04:53:39.684173] {Default Queue} wl_registry#36.global(11, "xdg_wm_dialog_v1", 1)
[04:53:39.684174] {Default Queue} wl_registry#36.global(12, "xdg_toplevel_drag_manager_v1", 1)
[04:53:39.684174] {Default Queue} wl_registry#36.global(13, "xdg_toplevel_icon_manager_v1", 1)
[04:53:39.684175] {Default Queue} wl_registry#36.global(14, "xdg_toplevel_tag_manager_v1", 1)
[04:53:39.684175] {Default Queue} wl_registry#36.global(15, "wp_viewporter", 1)
[04:53:39.684176] {Default Queue} wl_registry#36.global(16, "wp_fractional_scale_manager_v1", 1)
[04:53:39.684176] {Default Queue} wl_registry#36.global(17, "wl_subcompositor", 1)
[04:53:39.684177] {Default Queue} wl_registry#36.global(18, "wp_cursor_shape_manager_v1", 2)
[04:53:39.684178] {Default Queue} wl_registry#36.global(19, "xdg_wm_base", 7)
[04:53:39.684178] {Default Queue} wl_registry#36.global(20, "zxdg_decoration_manager_v1", 1)
[04:53:39.684179] {Default Queue} wl_registry#36.global(21, "org_kde_kwin_server_decoration_manager", 1)
[04:53:39.684179] {Default Queue} wl_registry#36.global(22, "xdg_activation_v1", 1)
[04:53:39.684180] {Default Queue} wl_registry#36.global(23, "zxdg_exporter_v2", 1)
[04:53:39.684181] {Default Queue} wl_registry#36.global(24, "zxdg_importer_v2", 1)
[04:53:39.684181] {Default Queue} wl_registry#36.global(25, "wl_data_device_manager", 3)
[04:53:39.684182] {Default Queue} wl_registry#36.global(26, "zwp_primary_selection_device_manager_v1", 1)
[04:53:39.684182] {Default Queue} wl_registry#36.global(27, "ext_data_control_manager_v1", 1)
[04:53:39.684183] {Default Queue} wl_registry#36.global(28, "zwlr_data_control_manager_v1", 2)
[04:53:39.684183] {Default Queue} wl_registry#36.global(29, "zwlr_export_dmabuf_manager_v1", 1)
[04:53:39.684184] {Default Queue} wl_registry#36.global(30, "zwlr_screencopy_manager_v1", 3)
[04:53:39.684185] {Default Queue} wl_registry#36.global(31, "ext_image_copy_capture_manager_v1", 1)
[04:53:39.684185] {Default Queue} wl_registry#36.global(32, "aqueous_capture_color_manager_v1", 1)
[04:53:39.684186] {Default Queue} wl_registry#36.global(33, "ext_output_image_capture_source_manager_v1", 1)
[04:53:39.684186] {Default Queue} wl_registry#36.global(34, "zwlr_foreign_toplevel_manager_v1", 3)
[04:53:39.684187] {Default Queue} wl_registry#36.global(35, "ext_foreign_toplevel_list_v1", 1)
[04:53:39.684187] {Default Queue} wl_registry#36.global(36, "ext_foreign_toplevel_image_capture_source_manager_v1", 1)
[04:53:39.684188] {Default Queue} wl_registry#36.global(37, "wp_tearing_control_manager_v1", 1)
[04:53:39.684189] {Default Queue} wl_registry#36.global(38, "zwp_linux_dmabuf_v1", 5)
[04:53:39.684189] {Default Queue} wl_registry#36.global(39, "wp_linux_drm_syncobj_manager_v1", 1)
[04:53:39.684190] {Default Queue} wl_registry#36.global(40, "wp_color_manager_v1", 3)
[04:53:39.684191] {Default Queue} wl_registry#36.global(41, "aqueous_window_manager_v1", 10)
[04:53:39.684191] {Default Queue} wl_registry#36.global(42, "ext_workspace_manager_v1", 1)
[04:53:39.684192] {Default Queue} wl_registry#36.global(43, "aqueous_window_info_manager_v1", 8)
[04:53:39.684192] {Default Queue} wl_registry#36.global(44, "aqueous_xkb_bindings_v1", 3)
[04:53:39.684193] {Default Queue} wl_registry#36.global(45, "aqueous_layer_shell_v1", 1)
[04:53:39.684194] {Default Queue} wl_registry#36.global(46, "zwlr_layer_shell_v1", 4)
[04:53:39.684195] {Default Queue}  -> wl_registry#36.bind(46, "zwlr_layer_shell_v1", 4, new id [unknown]#25)
[04:53:39.684196] {Default Queue} wl_registry#36.global(47, "zwlr_gamma_control_manager_v1", 1)
[04:53:39.684196] {Default Queue} wl_registry#36.global(48, "wp_presentation", 2)
[04:53:39.684197] {Default Queue} wl_registry#36.global(49, "zxdg_output_manager_v1", 3)
[04:53:39.684198] {Default Queue} wl_registry#36.global(50, "zwlr_output_manager_v1", 4)
[04:53:39.684198] {Default Queue} wl_registry#36.global(51, "zwlr_output_power_manager_v1", 1)
[04:53:39.684199] {Default Queue} wl_registry#36.global(52, "aqueous_input_manager_v1", 2)
[04:53:39.684199] {Default Queue} wl_registry#36.global(53, "ext_idle_notifier_v1", 2)
[04:53:39.684200] {Default Queue} wl_registry#36.global(54, "zwp_relative_pointer_manager_v1", 1)
[04:53:39.684200] {Default Queue} wl_registry#36.global(55, "zwp_pointer_gestures_v1", 3)
[04:53:39.684201] {Default Queue} wl_registry#36.global(56, "zwlr_virtual_pointer_manager_v1", 2)
[04:53:39.684202] {Default Queue} wl_registry#36.global(57, "zwp_virtual_keyboard_manager_v1", 1)
[04:53:39.684202] {Default Queue} wl_registry#36.global(58, "zwp_pointer_constraints_v1", 1)
[04:53:39.684203] {Default Queue} wl_registry#36.global(59, "zwp_input_method_manager_v2", 1)
[04:53:39.684203] {Default Queue} wl_registry#36.global(60, "zwp_text_input_manager_v3", 1)
[04:53:39.684204] {Default Queue} wl_registry#36.global(61, "zwp_tablet_manager_v2", 1)
[04:53:39.684205] {Default Queue} wl_registry#36.global(62, "wp_pointer_warp_v1", 1)
[04:53:39.684205] {Default Queue} wl_registry#36.global(63, "wl_seat", 9)
[04:53:39.684207] {Default Queue} wl_registry#36.global(64, "aqueous_libinput_config_v1", 2)
[04:53:39.684207] {Default Queue} wl_registry#36.global(65, "aqueous_xkb_config_v1", 2)
[04:53:39.684208] {Default Queue} wl_registry#36.global(66, "zwp_idle_inhibit_manager_v1", 1)
[04:53:39.684209] {Default Queue} wl_registry#36.global(67, "ext_session_lock_manager_v1", 1)
[04:53:39.684209] {Default Queue} wl_registry#36.global(68, "aqueous_shell_manager_v1", 2)
[04:53:39.684210] {Default Queue} wl_registry#36.global(69, "zwp_keyboard_shortcuts_inhibit_manager_v1", 1)
[04:53:39.684211] {Default Queue} wl_registry#36.global(70, "ext_background_effect_manager_v1", 1)
[04:53:39.684211] {Default Queue} wl_registry#36.global(71, "xdg_system_bell_v1", 1)
[04:53:39.684212] {Default Queue} wl_registry#36.global(72, "wl_output", 4)
[04:53:39.684213] {Default Queue} wl_registry#36.global(73, "wl_output", 4)
[04:53:39.684213] {Default Queue} wl_callback#33.done(6)
[04:53:39.684215] {Default Queue}  -> wl_display#1.get_registry(new id wl_registry#33)
[04:53:39.684220] {Default Queue}  -> wl_display#1.get_registry(new id wl_registry#22)
[04:53:39.684474] {Default Queue}  -> wl_display#1.get_registry(new id wl_registry#44)
[04:53:39.684476] {Default Queue}  -> wl_display#1.sync(new id wl_callback#45)
[04:53:39.684489] {Default Queue} wl_registry#33.global(1, "wl_compositor", 6)
[04:53:39.684491] {Default Queue}  -> wl_registry#33.bind(1, "wl_compositor", 6, new id [unknown]#46)
[04:53:39.684493] {Default Queue} wl_registry#33.global(2, "wl_fixes", 1)
[04:53:39.684493] {Default Queue} wl_registry#33.global(3, "wp_security_context_manager_v1", 1)
[04:53:39.684494] {Default Queue} wl_registry#33.global(4, "wl_shm", 2)
[04:53:39.684495] {Default Queue} wl_registry#33.global(5, "wp_single_pixel_buffer_manager_v1", 1)
[04:53:39.684495] {Default Queue} wl_registry#33.global(6, "wp_alpha_modifier_v1", 1)
[04:53:39.684496] {Default Queue} wl_registry#33.global(7, "wp_color_representation_manager_v1", 1)
[04:53:39.684496] {Default Queue} wl_registry#33.global(8, "wp_content_type_manager_v1", 1)
[04:53:39.684497] {Default Queue} wl_registry#33.global(9, "wp_fifo_manager_v1", 1)
[04:53:39.684498] {Default Queue} wl_registry#33.global(10, "wp_commit_timing_manager_v1", 1)
[04:53:39.684498] {Default Queue} wl_registry#33.global(11, "xdg_wm_dialog_v1", 1)
[04:53:39.684499] {Default Queue} wl_registry#33.global(12, "xdg_toplevel_drag_manager_v1", 1)
[04:53:39.684499] {Default Queue} wl_registry#33.global(13, "xdg_toplevel_icon_manager_v1", 1)
[04:53:39.684500] {Default Queue} wl_registry#33.global(14, "xdg_toplevel_tag_manager_v1", 1)
[04:53:39.684501] {Default Queue} wl_registry#33.global(15, "wp_viewporter", 1)
[04:53:39.684501] {Default Queue} wl_registry#33.global(16, "wp_fractional_scale_manager_v1", 1)
[04:53:39.684502] {Default Queue} wl_registry#33.global(17, "wl_subcompositor", 1)
[04:53:39.684502] {Default Queue} wl_registry#33.global(18, "wp_cursor_shape_manager_v1", 2)
[04:53:39.684503] {Default Queue} wl_registry#33.global(19, "xdg_wm_base", 7)
[04:53:39.684503] {Default Queue} wl_registry#33.global(20, "zxdg_decoration_manager_v1", 1)
[04:53:39.684504] {Default Queue} wl_registry#33.global(21, "org_kde_kwin_server_decoration_manager", 1)
[04:53:39.684505] {Default Queue} wl_registry#33.global(22, "xdg_activation_v1", 1)
[04:53:39.684505] {Default Queue} wl_registry#33.global(23, "zxdg_exporter_v2", 1)
[04:53:39.684506] {Default Queue} wl_registry#33.global(24, "zxdg_importer_v2", 1)
[04:53:39.684506] {Default Queue} wl_registry#33.global(25, "wl_data_device_manager", 3)
[04:53:39.684507] {Default Queue} wl_registry#33.global(26, "zwp_primary_selection_device_manager_v1", 1)
[04:53:39.684507] {Default Queue} wl_registry#33.global(27, "ext_data_control_manager_v1", 1)
[04:53:39.684508] {Default Queue} wl_registry#33.global(28, "zwlr_data_control_manager_v1", 2)
[04:53:39.684508] {Default Queue} wl_registry#33.global(29, "zwlr_export_dmabuf_manager_v1", 1)
[04:53:39.684509] {Default Queue} wl_registry#33.global(30, "zwlr_screencopy_manager_v1", 3)
[04:53:39.684510] {Default Queue} wl_registry#33.global(31, "ext_image_copy_capture_manager_v1", 1)
[04:53:39.684510] {Default Queue} wl_registry#33.global(32, "aqueous_capture_color_manager_v1", 1)
[04:53:39.684511] {Default Queue} wl_registry#33.global(33, "ext_output_image_capture_source_manager_v1", 1)
[04:53:39.684511] {Default Queue} wl_registry#33.global(34, "zwlr_foreign_toplevel_manager_v1", 3)
[04:53:39.684512] {Default Queue} wl_registry#33.global(35, "ext_foreign_toplevel_list_v1", 1)
[04:53:39.684512] {Default Queue} wl_registry#33.global(36, "ext_foreign_toplevel_image_capture_source_manager_v1", 1)
[04:53:39.684513] {Default Queue} wl_registry#33.global(37, "wp_tearing_control_manager_v1", 1)
[04:53:39.684514] {Default Queue} wl_registry#33.global(38, "zwp_linux_dmabuf_v1", 5)
[04:53:39.684514] {Default Queue} wl_registry#33.global(39, "wp_linux_drm_syncobj_manager_v1", 1)
[04:53:39.684515] {Default Queue} wl_registry#33.global(40, "wp_color_manager_v1", 3)
[04:53:39.684515] {Default Queue} wl_registry#33.global(41, "aqueous_window_manager_v1", 10)
[04:53:39.684516] {Default Queue} wl_registry#33.global(42, "ext_workspace_manager_v1", 1)
[04:53:39.684516] {Default Queue} wl_registry#33.global(43, "aqueous_window_info_manager_v1", 8)
[04:53:39.684517] {Default Queue} wl_registry#33.global(44, "aqueous_xkb_bindings_v1", 3)
[04:53:39.684518] {Default Queue} wl_registry#33.global(45, "aqueous_layer_shell_v1", 1)
[04:53:39.684518] {Default Queue} wl_registry#33.global(46, "zwlr_layer_shell_v1", 4)
[04:53:39.684519] {Default Queue} wl_registry#33.global(47, "zwlr_gamma_control_manager_v1", 1)
[04:53:39.684519] {Default Queue} wl_registry#33.global(48, "wp_presentation", 2)
[04:53:39.684520] {Default Queue} wl_registry#33.global(49, "zxdg_output_manager_v1", 3)
[04:53:39.684520] {Default Queue} wl_registry#33.global(50, "zwlr_output_manager_v1", 4)
[04:53:39.684521] {Default Queue} wl_registry#33.global(51, "zwlr_output_power_manager_v1", 1)
[04:53:39.684521] {Default Queue} wl_registry#33.global(52, "aqueous_input_manager_v1", 2)
[04:53:39.684522] {Default Queue} wl_registry#33.global(53, "ext_idle_notifier_v1", 2)
[04:53:39.684523] {Default Queue} wl_registry#33.global(54, "zwp_relative_pointer_manager_v1", 1)
[04:53:39.684523] {Default Queue} wl_registry#33.global(55, "zwp_pointer_gestures_v1", 3)
[04:53:39.684524] {Default Queue} wl_registry#33.global(56, "zwlr_virtual_pointer_manager_v1", 2)
[04:53:39.684524] {Default Queue} wl_registry#33.global(57, "zwp_virtual_keyboard_manager_v1", 1)
[04:53:39.684525] {Default Queue} wl_registry#33.global(58, "zwp_pointer_constraints_v1", 1)
[04:53:39.684525] {Default Queue} wl_registry#33.global(59, "zwp_input_method_manager_v2", 1)
[04:53:39.684526] {Default Queue} wl_registry#33.global(60, "zwp_text_input_manager_v3", 1)
[04:53:39.684526] {Default Queue} wl_registry#33.global(61, "zwp_tablet_manager_v2", 1)
[04:53:39.684527] {Default Queue} wl_registry#33.global(62, "wp_pointer_warp_v1", 1)
[04:53:39.684528] {Default Queue} wl_registry#33.global(63, "wl_seat", 9)
[04:53:39.684528] {Default Queue} wl_registry#33.global(64, "aqueous_libinput_config_v1", 2)
[04:53:39.684529] {Default Queue} wl_registry#33.global(65, "aqueous_xkb_config_v1", 2)
[04:53:39.684532] {Default Queue} wl_registry#33.global(66, "zwp_idle_inhibit_manager_v1", 1)
[04:53:39.684532] {Default Queue} wl_registry#33.global(67, "ext_session_lock_manager_v1", 1)
[04:53:39.684533] {Default Queue} wl_registry#33.global(68, "aqueous_shell_manager_v1", 2)
[04:53:39.684534] {Default Queue}  -> wl_registry#33.bind(68, "aqueous_shell_manager_v1", 2, new id [unknown]#47)
[04:53:39.684535] {Default Queue} wl_registry#33.global(69, "zwp_keyboard_shortcuts_inhibit_manager_v1", 1)
[04:53:39.684536] {Default Queue} wl_registry#33.global(70, "ext_background_effect_manager_v1", 1)
[04:53:39.684537] {Default Queue}  -> wl_registry#33.bind(70, "ext_background_effect_manager_v1", 1, new id [unknown]#48)
[04:53:39.684538] {Default Queue} wl_registry#33.global(71, "xdg_system_bell_v1", 1)
[04:53:39.684539] {Default Queue} wl_registry#33.global(72, "wl_output", 4)
[04:53:39.684539] {Default Queue} wl_registry#33.global(73, "wl_output", 4)
[04:53:39.684540] {Default Queue} wl_registry#22.global(1, "wl_compositor", 6)
[04:53:39.684541] {Default Queue} wl_registry#22.global(2, "wl_fixes", 1)
[04:53:39.684541] {Default Queue} wl_registry#22.global(3, "wp_security_context_manager_v1", 1)
[04:53:39.684542] {Default Queue} wl_registry#22.global(4, "wl_shm", 2)
[04:53:39.684542] {Default Queue} wl_registry#22.global(5, "wp_single_pixel_buffer_manager_v1", 1)
[04:53:39.684543] {Default Queue} wl_registry#22.global(6, "wp_alpha_modifier_v1", 1)
[04:53:39.684543] {Default Queue} wl_registry#22.global(7, "wp_color_representation_manager_v1", 1)
[04:53:39.684544] {Default Queue} wl_registry#22.global(8, "wp_content_type_manager_v1", 1)
[04:53:39.684544] {Default Queue} wl_registry#22.global(9, "wp_fifo_manager_v1", 1)
[04:53:39.684545] {Default Queue} wl_registry#22.global(10, "wp_commit_timing_manager_v1", 1)
[04:53:39.684546] {Default Queue} wl_registry#22.global(11, "xdg_wm_dialog_v1", 1)
[04:53:39.684546] {Default Queue} wl_registry#22.global(12, "xdg_toplevel_drag_manager_v1", 1)
[04:53:39.684547] {Default Queue} wl_registry#22.global(13, "xdg_toplevel_icon_manager_v1", 1)
[04:53:39.684547] {Default Queue} wl_registry#22.global(14, "xdg_toplevel_tag_manager_v1", 1)
[04:53:39.684548] {Default Queue} wl_registry#22.global(15, "wp_viewporter", 1)
[04:53:39.684548] {Default Queue} wl_registry#22.global(16, "wp_fractional_scale_manager_v1", 1)
[04:53:39.684549] {Default Queue} wl_registry#22.global(17, "wl_subcompositor", 1)
[04:53:39.684550] {Default Queue} wl_registry#22.global(18, "wp_cursor_shape_manager_v1", 2)
[04:53:39.684551] {Default Queue} wl_registry#22.global(19, "xdg_wm_base", 7)
[04:53:39.684551] {Default Queue} wl_registry#22.global(20, "zxdg_decoration_manager_v1", 1)
[04:53:39.684552] {Default Queue} wl_registry#22.global(21, "org_kde_kwin_server_decoration_manager", 1)
[04:53:39.684552] {Default Queue} wl_registry#22.global(22, "xdg_activation_v1", 1)
[04:53:39.684553] {Default Queue} wl_registry#22.global(23, "zxdg_exporter_v2", 1)
[04:53:39.684553] {Default Queue} wl_registry#22.global(24, "zxdg_importer_v2", 1)
[04:53:39.684554] {Default Queue} wl_registry#22.global(25, "wl_data_device_manager", 3)
[04:53:39.684554] {Default Queue} wl_registry#22.global(26, "zwp_primary_selection_device_manager_v1", 1)
[04:53:39.684555] {Default Queue} wl_registry#22.global(27, "ext_data_control_manager_v1", 1)
[04:53:39.684555] {Default Queue} wl_registry#22.global(28, "zwlr_data_control_manager_v1", 2)
[04:53:39.684556] {Default Queue} wl_registry#22.global(29, "zwlr_export_dmabuf_manager_v1", 1)
[04:53:39.684556] {Default Queue} wl_registry#22.global(30, "zwlr_screencopy_manager_v1", 3)
[04:53:39.684557] {Default Queue} wl_registry#22.global(31, "ext_image_copy_capture_manager_v1", 1)
[04:53:39.684558] {Default Queue} wl_registry#22.global(32, "aqueous_capture_color_manager_v1", 1)
[04:53:39.684558] {Default Queue} wl_registry#22.global(33, "ext_output_image_capture_source_manager_v1", 1)
[04:53:39.684559] {Default Queue} wl_registry#22.global(34, "zwlr_foreign_toplevel_manager_v1", 3)
[04:53:39.684559] {Default Queue} wl_registry#22.global(35, "ext_foreign_toplevel_list_v1", 1)
[04:53:39.684560] {Default Queue} wl_registry#22.global(36, "ext_foreign_toplevel_image_capture_source_manager_v1", 1)
[04:53:39.684560] {Default Queue} wl_registry#22.global(37, "wp_tearing_control_manager_v1", 1)
[04:53:39.684561] {Default Queue} wl_registry#22.global(38, "zwp_linux_dmabuf_v1", 5)
[04:53:39.684561] {Default Queue} wl_registry#22.global(39, "wp_linux_drm_syncobj_manager_v1", 1)
[04:53:39.684562] {Default Queue} wl_registry#22.global(40, "wp_color_manager_v1", 3)
[04:53:39.684562] {Default Queue} wl_registry#22.global(41, "aqueous_window_manager_v1", 10)
[04:53:39.684563] {Default Queue} wl_registry#22.global(42, "ext_workspace_manager_v1", 1)
[04:53:39.684563] {Default Queue} wl_registry#22.global(43, "aqueous_window_info_manager_v1", 8)
[04:53:39.684564] {Default Queue} wl_registry#22.global(44, "aqueous_xkb_bindings_v1", 3)
[04:53:39.684564] {Default Queue} wl_registry#22.global(45, "aqueous_layer_shell_v1", 1)
[04:53:39.684565] {Default Queue} wl_registry#22.global(46, "zwlr_layer_shell_v1", 4)
[04:53:39.684565] {Default Queue} wl_registry#22.global(47, "zwlr_gamma_control_manager_v1", 1)
[04:53:39.684566] {Default Queue} wl_registry#22.global(48, "wp_presentation", 2)
[04:53:39.684566] {Default Queue} wl_registry#22.global(49, "zxdg_output_manager_v1", 3)
[04:53:39.684567] {Default Queue} wl_registry#22.global(50, "zwlr_output_manager_v1", 4)
[04:53:39.684568] {Default Queue} wl_registry#22.global(51, "zwlr_output_power_manager_v1", 1)
[04:53:39.684613] {Default Queue} wl_registry#22.global(52, "aqueous_input_manager_v1", 2)
[04:53:39.684616] {Default Queue} wl_registry#22.global(53, "ext_idle_notifier_v1", 2)
[04:53:39.684616] {Default Queue} wl_registry#22.global(54, "zwp_relative_pointer_manager_v1", 1)
[04:53:39.684617] {Default Queue} wl_registry#22.global(55, "zwp_pointer_gestures_v1", 3)
[04:53:39.684618] {Default Queue} wl_registry#22.global(56, "zwlr_virtual_pointer_manager_v1", 2)
[04:53:39.684618] {Default Queue} wl_registry#22.global(57, "zwp_virtual_keyboard_manager_v1", 1)
[04:53:39.684619] {Default Queue} wl_registry#22.global(58, "zwp_pointer_constraints_v1", 1)
[04:53:39.684620] {Default Queue} wl_registry#22.global(59, "zwp_input_method_manager_v2", 1)
[04:53:39.684620] {Default Queue} wl_registry#22.global(60, "zwp_text_input_manager_v3", 1)
[04:53:39.684621] {Default Queue} wl_registry#22.global(61, "zwp_tablet_manager_v2", 1)
[04:53:39.684621] {Default Queue} wl_registry#22.global(62, "wp_pointer_warp_v1", 1)
[04:53:39.684622] {Default Queue} wl_registry#22.global(63, "wl_seat", 9)
[04:53:39.684623] {Default Queue} wl_registry#22.global(64, "aqueous_libinput_config_v1", 2)
[04:53:39.684624] {Default Queue} wl_registry#22.global(65, "aqueous_xkb_config_v1", 2)
[04:53:39.684624] {Default Queue} wl_registry#22.global(66, "zwp_idle_inhibit_manager_v1", 1)
[04:53:39.684625] {Default Queue} wl_registry#22.global(67, "ext_session_lock_manager_v1", 1)
[04:53:39.684625] {Default Queue} wl_registry#22.global(68, "aqueous_shell_manager_v1", 2)
[04:53:39.684626] {Default Queue} wl_registry#22.global(69, "zwp_keyboard_shortcuts_inhibit_manager_v1", 1)
[04:53:39.684627] {Default Queue} wl_registry#22.global(70, "ext_background_effect_manager_v1", 1)
[04:53:39.684627] {Default Queue} wl_registry#22.global(71, "xdg_system_bell_v1", 1)
[04:53:39.684628] {Default Queue} wl_registry#22.global(72, "wl_output", 4)
[04:53:39.684629] {Default Queue} wl_registry#22.global(73, "wl_output", 4)
[04:53:39.684646] {Display Queue} wl_display#1.delete_id(45)
[04:53:39.684648] {Default Queue} wl_registry#44.global(1, "wl_compositor", 6)
[04:53:39.684669] {Default Queue} wl_registry#44.global(2, "wl_fixes", 1)
[04:53:39.684670] {Default Queue} wl_registry#44.global(3, "wp_security_context_manager_v1", 1)
[04:53:39.684671] {Default Queue} wl_registry#44.global(4, "wl_shm", 2)
[04:53:39.684671] {Default Queue} wl_registry#44.global(5, "wp_single_pixel_buffer_manager_v1", 1)
[04:53:39.684672] {Default Queue} wl_registry#44.global(6, "wp_alpha_modifier_v1", 1)
[04:53:39.684673] {Default Queue} wl_registry#44.global(7, "wp_color_representation_manager_v1", 1)
[04:53:39.684673] {Default Queue} wl_registry#44.global(8, "wp_content_type_manager_v1", 1)
[04:53:39.684674] {Default Queue} wl_registry#44.global(9, "wp_fifo_manager_v1", 1)
[04:53:39.684674] {Default Queue} wl_registry#44.global(10, "wp_commit_timing_manager_v1", 1)
[04:53:39.684675] {Default Queue} wl_registry#44.global(11, "xdg_wm_dialog_v1", 1)
[04:53:39.684675] {Default Queue} wl_registry#44.global(12, "xdg_toplevel_drag_manager_v1", 1)
[04:53:39.684676] {Default Queue} wl_registry#44.global(13, "xdg_toplevel_icon_manager_v1", 1)
[04:53:39.684677] {Default Queue} wl_registry#44.global(14, "xdg_toplevel_tag_manager_v1", 1)
[04:53:39.684677] {Default Queue} wl_registry#44.global(15, "wp_viewporter", 1)
[04:53:39.684678] {Default Queue} wl_registry#44.global(16, "wp_fractional_scale_manager_v1", 1)
[04:53:39.684678] {Default Queue} wl_registry#44.global(17, "wl_subcompositor", 1)
[04:53:39.684679] {Default Queue} wl_registry#44.global(18, "wp_cursor_shape_manager_v1", 2)
[04:53:39.684679] {Default Queue} wl_registry#44.global(19, "xdg_wm_base", 7)
[04:53:39.684680] {Default Queue} wl_registry#44.global(20, "zxdg_decoration_manager_v1", 1)
[04:53:39.684681] {Default Queue} wl_registry#44.global(21, "org_kde_kwin_server_decoration_manager", 1)
[04:53:39.684681] {Default Queue} wl_registry#44.global(22, "xdg_activation_v1", 1)
[04:53:39.684682] {Default Queue} wl_registry#44.global(23, "zxdg_exporter_v2", 1)
[04:53:39.684682] {Default Queue} wl_registry#44.global(24, "zxdg_importer_v2", 1)
[04:53:39.684683] {Default Queue} wl_registry#44.global(25, "wl_data_device_manager", 3)
[04:53:39.684684] {Default Queue} wl_registry#44.global(26, "zwp_primary_selection_device_manager_v1", 1)
[04:53:39.684684] {Default Queue} wl_registry#44.global(27, "ext_data_control_manager_v1", 1)
[04:53:39.684685] {Default Queue} wl_registry#44.global(28, "zwlr_data_control_manager_v1", 2)
[04:53:39.684685] {Default Queue} wl_registry#44.global(29, "zwlr_export_dmabuf_manager_v1", 1)
[04:53:39.684686] {Default Queue} wl_registry#44.global(30, "zwlr_screencopy_manager_v1", 3)
[04:53:39.684686] {Default Queue} wl_registry#44.global(31, "ext_image_copy_capture_manager_v1", 1)
[04:53:39.684687] {Default Queue} wl_registry#44.global(32, "aqueous_capture_color_manager_v1", 1)
[04:53:39.684688] {Default Queue} wl_registry#44.global(33, "ext_output_image_capture_source_manager_v1", 1)
[04:53:39.684688] {Default Queue} wl_registry#44.global(34, "zwlr_foreign_toplevel_manager_v1", 3)
[04:53:39.684689] {Default Queue} wl_registry#44.global(35, "ext_foreign_toplevel_list_v1", 1)
[04:53:39.684689] {Default Queue} wl_registry#44.global(36, "ext_foreign_toplevel_image_capture_source_manager_v1", 1)
[04:53:39.684690] {Default Queue} wl_registry#44.global(37, "wp_tearing_control_manager_v1", 1)
[04:53:39.684691] {Default Queue} wl_registry#44.global(38, "zwp_linux_dmabuf_v1", 5)
[04:53:39.684691] {Default Queue} wl_registry#44.global(39, "wp_linux_drm_syncobj_manager_v1", 1)
[04:53:39.684692] {Default Queue} wl_registry#44.global(40, "wp_color_manager_v1", 3)
[04:53:39.684692] {Default Queue} wl_registry#44.global(41, "aqueous_window_manager_v1", 10)
[04:53:39.684693] {Default Queue} wl_registry#44.global(42, "ext_workspace_manager_v1", 1)
[04:53:39.684694] {Default Queue} wl_registry#44.global(43, "aqueous_window_info_manager_v1", 8)
[04:53:39.684694] {Default Queue} wl_registry#44.global(44, "aqueous_xkb_bindings_v1", 3)
[04:53:39.684695] {Default Queue} wl_registry#44.global(45, "aqueous_layer_shell_v1", 1)
[04:53:39.684696] {Default Queue} wl_registry#44.global(46, "zwlr_layer_shell_v1", 4)
[04:53:39.684697] {Default Queue}  -> wl_registry#44.bind(46, "zwlr_layer_shell_v1", 4, new id [unknown]#49)
[04:53:39.684699] {Default Queue} wl_registry#44.global(47, "zwlr_gamma_control_manager_v1", 1)
[04:53:39.684699] {Default Queue} wl_registry#44.global(48, "wp_presentation", 2)
[04:53:39.684700] {Default Queue} wl_registry#44.global(49, "zxdg_output_manager_v1", 3)
[04:53:39.684700] {Default Queue} wl_registry#44.global(50, "zwlr_output_manager_v1", 4)
[04:53:39.684701] {Default Queue} wl_registry#44.global(51, "zwlr_output_power_manager_v1", 1)
[04:53:39.684702] {Default Queue} wl_registry#44.global(52, "aqueous_input_manager_v1", 2)
[04:53:39.684702] {Default Queue} wl_registry#44.global(53, "ext_idle_notifier_v1", 2)
[04:53:39.684703] {Default Queue} wl_registry#44.global(54, "zwp_relative_pointer_manager_v1", 1)
[04:53:39.684703] {Default Queue} wl_registry#44.global(55, "zwp_pointer_gestures_v1", 3)
[04:53:39.684704] {Default Queue} wl_registry#44.global(56, "zwlr_virtual_pointer_manager_v1", 2)
[04:53:39.684705] {Default Queue} wl_registry#44.global(57, "zwp_virtual_keyboard_manager_v1", 1)
[04:53:39.684705] {Default Queue} wl_registry#44.global(58, "zwp_pointer_constraints_v1", 1)
[04:53:39.684706] {Default Queue} wl_registry#44.global(59, "zwp_input_method_manager_v2", 1)
[04:53:39.684706] {Default Queue} wl_registry#44.global(60, "zwp_text_input_manager_v3", 1)
[04:53:39.684707] {Default Queue} wl_registry#44.global(61, "zwp_tablet_manager_v2", 1)
[04:53:39.684708] {Default Queue} wl_registry#44.global(62, "wp_pointer_warp_v1", 1)
[04:53:39.684708] {Default Queue} wl_registry#44.global(63, "wl_seat", 9)
[04:53:39.684709] {Default Queue} wl_registry#44.global(64, "aqueous_libinput_config_v1", 2)
[04:53:39.684709] {Default Queue} wl_registry#44.global(65, "aqueous_xkb_config_v1", 2)
[04:53:39.684710] {Default Queue} wl_registry#44.global(66, "zwp_idle_inhibit_manager_v1", 1)
[04:53:39.684711] {Default Queue} wl_registry#44.global(67, "ext_session_lock_manager_v1", 1)
[04:53:39.684711] {Default Queue}  -> wl_registry#44.bind(67, "ext_session_lock_manager_v1", 1, new id [unknown]#50)
[04:53:39.684713] {Default Queue} wl_registry#44.global(68, "aqueous_shell_manager_v1", 2)
[04:53:39.684713] {Default Queue} wl_registry#44.global(69, "zwp_keyboard_shortcuts_inhibit_manager_v1", 1)
[04:53:39.684714] {Default Queue} wl_registry#44.global(70, "ext_background_effect_manager_v1", 1)
[04:53:39.684714] {Default Queue} wl_registry#44.global(71, "xdg_system_bell_v1", 1)
[04:53:39.684715] {Default Queue} wl_registry#44.global(72, "wl_output", 4)
[04:53:39.684716] {Default Queue} wl_registry#44.global(73, "wl_output", 4)
[04:53:39.684716] {Default Queue} wl_callback#45.done(6)
[04:53:39.684717] {Default Queue} aqueous_shell_manager_v1#47.capabilities("{"schema":1,"session":"8b8ac78bc26e2fe4e87bb658114e1d0a","max_batch_bytes":4194304,"state":true,"commands":true,"keyboard":true,"overview":true,"config_reload":true,"shortcut_inhibition":true,"icon_metadata":true,"geometry":"committed-content-global-logical"}")
[04:53:39.684734] {Default Queue}  -> aqueous_shell_manager_v1#47.destroy()
[04:53:39.684738] {Default Queue} ext_background_effect_manager_v1#48.capabilities(1)
info: event=blur-capability available=true
[04:53:39.684749] {Default Queue}  -> wl_display#1.get_registry(new id wl_registry#45)
[04:53:39.685310] {Default Queue}  -> wl_display#1.get_registry(new id wl_registry#51)
[04:53:39.685313] {Default Queue}  -> wl_display#1.get_registry(new id wl_registry#52)
info(pearl): event=aqueous-availability state=connecting
info(pearl): event=ready mode=session
[04:53:39.685597] {Display Queue} wl_display#1.delete_id(47)
[04:53:39.685599] {Default Queue} wl_registry#45.global(1, "wl_compositor", 6)
[04:53:39.685600] {Default Queue} wl_registry#45.global(2, "wl_fixes", 1)
[04:53:39.685601] {Default Queue} wl_registry#45.global(3, "wp_security_context_manager_v1", 1)
[04:53:39.685602] {Default Queue} wl_registry#45.global(4, "wl_shm", 2)
[04:53:39.685602] {Default Queue} wl_registry#45.global(5, "wp_single_pixel_buffer_manager_v1", 1)
[04:53:39.685603] {Default Queue} wl_registry#45.global(6, "wp_alpha_modifier_v1", 1)
[04:53:39.685603] {Default Queue} wl_registry#45.global(7, "wp_color_representation_manager_v1", 1)
[04:53:39.685604] {Default Queue} wl_registry#45.global(8, "wp_content_type_manager_v1", 1)
[04:53:39.685604] {Default Queue} wl_registry#45.global(9, "wp_fifo_manager_v1", 1)
[04:53:39.685605] {Default Queue} wl_registry#45.global(10, "wp_commit_timing_manager_v1", 1)
[04:53:39.685606] {Default Queue} wl_registry#45.global(11, "xdg_wm_dialog_v1", 1)
[04:53:39.685606] {Default Queue} wl_registry#45.global(12, "xdg_toplevel_drag_manager_v1", 1)
[04:53:39.685607] {Default Queue} wl_registry#45.global(13, "xdg_toplevel_icon_manager_v1", 1)
[04:53:39.685607] {Default Queue} wl_registry#45.global(14, "xdg_toplevel_tag_manager_v1", 1)
[04:53:39.685608] {Default Queue} wl_registry#45.global(15, "wp_viewporter", 1)
[04:53:39.685608] {Default Queue} wl_registry#45.global(16, "wp_fractional_scale_manager_v1", 1)
[04:53:39.685609] {Default Queue} wl_registry#45.global(17, "wl_subcompositor", 1)
[04:53:39.685609] {Default Queue} wl_registry#45.global(18, "wp_cursor_shape_manager_v1", 2)
[04:53:39.685610] {Default Queue} wl_registry#45.global(19, "xdg_wm_base", 7)
[04:53:39.685610] {Default Queue} wl_registry#45.global(20, "zxdg_decoration_manager_v1", 1)
[04:53:39.685611] {Default Queue} wl_registry#45.global(21, "org_kde_kwin_server_decoration_manager", 1)
[04:53:39.685612] {Default Queue} wl_registry#45.global(22, "xdg_activation_v1", 1)
[04:53:39.685612] {Default Queue} wl_registry#45.global(23, "zxdg_exporter_v2", 1)
[04:53:39.685613] {Default Queue} wl_registry#45.global(24, "zxdg_importer_v2", 1)
[04:53:39.685613] {Default Queue} wl_registry#45.global(25, "wl_data_device_manager", 3)
[04:53:39.685614] {Default Queue} wl_registry#45.global(26, "zwp_primary_selection_device_manager_v1", 1)
[04:53:39.685614] {Default Queue} wl_registry#45.global(27, "ext_data_control_manager_v1", 1)
[04:53:39.685615] {Default Queue} wl_registry#45.global(28, "zwlr_data_control_manager_v1", 2)
[04:53:39.685615] {Default Queue} wl_registry#45.global(29, "zwlr_export_dmabuf_manager_v1", 1)
[04:53:39.685616] {Default Queue} wl_registry#45.global(30, "zwlr_screencopy_manager_v1", 3)
[04:53:39.685616] {Default Queue} wl_registry#45.global(31, "ext_image_copy_capture_manager_v1", 1)
[04:53:39.685617] {Default Queue} wl_registry#45.global(32, "aqueous_capture_color_manager_v1", 1)
[04:53:39.685617] {Default Queue} wl_registry#45.global(33, "ext_output_image_capture_source_manager_v1", 1)
[04:53:39.685618] {Default Queue} wl_registry#45.global(34, "zwlr_foreign_toplevel_manager_v1", 3)
[04:53:39.685619] {Default Queue} wl_registry#45.global(35, "ext_foreign_toplevel_list_v1", 1)
[04:53:39.685619] {Default Queue} wl_registry#45.global(36, "ext_foreign_toplevel_image_capture_source_manager_v1", 1)
[04:53:39.685620] {Default Queue} wl_registry#45.global(37, "wp_tearing_control_manager_v1", 1)
[04:53:39.685620] {Default Queue} wl_registry#45.global(38, "zwp_linux_dmabuf_v1", 5)
[04:53:39.685621] {Default Queue} wl_registry#45.global(39, "wp_linux_drm_syncobj_manager_v1", 1)
[04:53:39.685622] {Default Queue} wl_registry#45.global(40, "wp_color_manager_v1", 3)
[04:53:39.685622] {Default Queue} wl_registry#45.global(41, "aqueous_window_manager_v1", 10)
[04:53:39.685623] {Default Queue} wl_registry#45.global(42, "ext_workspace_manager_v1", 1)
[04:53:39.685623] {Default Queue} wl_registry#45.global(43, "aqueous_window_info_manager_v1", 8)
[04:53:39.685624] {Default Queue} wl_registry#45.global(44, "aqueous_xkb_bindings_v1", 3)
[04:53:39.685624] {Default Queue} wl_registry#45.global(45, "aqueous_layer_shell_v1", 1)
[04:53:39.685625] {Default Queue} wl_registry#45.global(46, "zwlr_layer_shell_v1", 4)
[04:53:39.685625] {Default Queue} wl_registry#45.global(47, "zwlr_gamma_control_manager_v1", 1)
[04:53:39.685626] {Default Queue} wl_registry#45.global(48, "wp_presentation", 2)
[04:53:39.685626] {Default Queue} wl_registry#45.global(49, "zxdg_output_manager_v1", 3)
[04:53:39.685627] {Default Queue} wl_registry#45.global(50, "zwlr_output_manager_v1", 4)
[04:53:39.685627] {Default Queue} wl_registry#45.global(51, "zwlr_output_power_manager_v1", 1)
[04:53:39.685628] {Default Queue} wl_registry#45.global(52, "aqueous_input_manager_v1", 2)
[04:53:39.685628] {Default Queue} wl_registry#45.global(53, "ext_idle_notifier_v1", 2)
[04:53:39.685629] {Default Queue}  -> wl_registry#45.bind(53, "ext_idle_notifier_v1", 1, new id [unknown]#47)
[04:53:39.685631] {Default Queue} wl_registry#45.global(54, "zwp_relative_pointer_manager_v1", 1)
[04:53:39.685631] {Default Queue} wl_registry#45.global(55, "zwp_pointer_gestures_v1", 3)
[04:53:39.685632] {Default Queue} wl_registry#45.global(56, "zwlr_virtual_pointer_manager_v1", 2)
[04:53:39.685632] {Default Queue} wl_registry#45.global(57, "zwp_virtual_keyboard_manager_v1", 1)
[04:53:39.685633] {Default Queue} wl_registry#45.global(58, "zwp_pointer_constraints_v1", 1)
[04:53:39.685633] {Default Queue} wl_registry#45.global(59, "zwp_input_method_manager_v2", 1)
[04:53:39.685634] {Default Queue} wl_registry#45.global(60, "zwp_text_input_manager_v3", 1)
[04:53:39.685634] {Default Queue} wl_registry#45.global(61, "zwp_tablet_manager_v2", 1)
[04:53:39.685635] {Default Queue} wl_registry#45.global(62, "wp_pointer_warp_v1", 1)
[04:53:39.685635] {Default Queue} wl_registry#45.global(63, "wl_seat", 9)
[04:53:39.685636] {Default Queue}  -> wl_registry#45.bind(63, "wl_seat", 5, new id [unknown]#53)
[04:53:39.685638] {Default Queue} wl_registry#45.global(64, "aqueous_libinput_config_v1", 2)
[04:53:39.685638] {Default Queue} wl_registry#45.global(65, "aqueous_xkb_config_v1", 2)
[04:53:39.685639] {Default Queue} wl_registry#45.global(66, "zwp_idle_inhibit_manager_v1", 1)
[04:53:39.685640] {Default Queue} wl_registry#45.global(67, "ext_session_lock_manager_v1", 1)
[04:53:39.685640] {Default Queue} wl_registry#45.global(68, "aqueous_shell_manager_v1", 2)
[04:53:39.685641] {Default Queue} wl_registry#45.global(69, "zwp_keyboard_shortcuts_inhibit_manager_v1", 1)
[04:53:39.685641] {Default Queue} wl_registry#45.global(70, "ext_background_effect_manager_v1", 1)
[04:53:39.685642] {Default Queue} wl_registry#45.global(71, "xdg_system_bell_v1", 1)
[04:53:39.685642] {Default Queue} wl_registry#45.global(72, "wl_output", 4)
[04:53:39.685643] {Default Queue} wl_registry#45.global(73, "wl_output", 4)
[04:53:39.685643] {Default Queue} wl_registry#51.global(1, "wl_compositor", 6)
[04:53:39.685644] {Default Queue} wl_registry#51.global(2, "wl_fixes", 1)
[04:53:39.685645] {Default Queue} wl_registry#51.global(3, "wp_security_context_manager_v1", 1)
[04:53:39.685646] {Default Queue} wl_registry#51.global(4, "wl_shm", 2)
[04:53:39.685646] {Default Queue} wl_registry#51.global(5, "wp_single_pixel_buffer_manager_v1", 1)
[04:53:39.685647] {Default Queue} wl_registry#51.global(6, "wp_alpha_modifier_v1", 1)
[04:53:39.685647] {Default Queue} wl_registry#51.global(7, "wp_color_representation_manager_v1", 1)
[04:53:39.685648] {Default Queue} wl_registry#51.global(8, "wp_content_type_manager_v1", 1)
[04:53:39.685648] {Default Queue} wl_registry#51.global(9, "wp_fifo_manager_v1", 1)
[04:53:39.685649] {Default Queue} wl_registry#51.global(10, "wp_commit_timing_manager_v1", 1)
[04:53:39.685649] {Default Queue} wl_registry#51.global(11, "xdg_wm_dialog_v1", 1)
[04:53:39.685650] {Default Queue} wl_registry#51.global(12, "xdg_toplevel_drag_manager_v1", 1)
[04:53:39.685650] {Default Queue} wl_registry#51.global(13, "xdg_toplevel_icon_manager_v1", 1)
[04:53:39.685651] {Default Queue} wl_registry#51.global(14, "xdg_toplevel_tag_manager_v1", 1)
[04:53:39.685652] {Default Queue} wl_registry#51.global(15, "wp_viewporter", 1)
[04:53:39.685652] {Default Queue} wl_registry#51.global(16, "wp_fractional_scale_manager_v1", 1)
[04:53:39.685653] {Default Queue} wl_registry#51.global(17, "wl_subcompositor", 1)
[04:53:39.685653] {Default Queue} wl_registry#51.global(18, "wp_cursor_shape_manager_v1", 2)
[04:53:39.685654] {Default Queue} wl_registry#51.global(19, "xdg_wm_base", 7)
[04:53:39.685654] {Default Queue} wl_registry#51.global(20, "zxdg_decoration_manager_v1", 1)
[04:53:39.685655] {Default Queue} wl_registry#51.global(21, "org_kde_kwin_server_decoration_manager", 1)
[04:53:39.685655] {Default Queue} wl_registry#51.global(22, "xdg_activation_v1", 1)
[04:53:39.685656] {Default Queue} wl_registry#51.global(23, "zxdg_exporter_v2", 1)
[04:53:39.685656] {Default Queue} wl_registry#51.global(24, "zxdg_importer_v2", 1)
[04:53:39.685657] {Default Queue} wl_registry#51.global(25, "wl_data_device_manager", 3)
[04:53:39.685657] {Default Queue} wl_registry#51.global(26, "zwp_primary_selection_device_manager_v1", 1)
[04:53:39.685658] {Default Queue} wl_registry#51.global(27, "ext_data_control_manager_v1", 1)
[04:53:39.685659] {Default Queue}  -> wl_registry#51.bind(27, "ext_data_control_manager_v1", 1, new id [unknown]#54)
[04:53:39.685659] {Default Queue} wl_registry#51.global(28, "zwlr_data_control_manager_v1", 2)
[04:53:39.685660] {Default Queue} wl_registry#51.global(29, "zwlr_export_dmabuf_manager_v1", 1)
[04:53:39.685660] {Default Queue} wl_registry#51.global(30, "zwlr_screencopy_manager_v1", 3)
[04:53:39.685661] {Default Queue} wl_registry#51.global(31, "ext_image_copy_capture_manager_v1", 1)
[04:53:39.685661] {Default Queue} wl_registry#51.global(32, "aqueous_capture_color_manager_v1", 1)
[04:53:39.685662] {Default Queue} wl_registry#51.global(33, "ext_output_image_capture_source_manager_v1", 1)
[04:53:39.685663] {Default Queue} wl_registry#51.global(34, "zwlr_foreign_toplevel_manager_v1", 3)
[04:53:39.685663] {Default Queue} wl_registry#51.global(35, "ext_foreign_toplevel_list_v1", 1)
[04:53:39.685664] {Default Queue} wl_registry#51.global(36, "ext_foreign_toplevel_image_capture_source_manager_v1", 1)
[04:53:39.685664] {Default Queue} wl_registry#51.global(37, "wp_tearing_control_manager_v1", 1)
[04:53:39.685665] {Default Queue} wl_registry#51.global(38, "zwp_linux_dmabuf_v1", 5)
[04:53:39.685665] {Default Queue} wl_registry#51.global(39, "wp_linux_drm_syncobj_manager_v1", 1)
[04:53:39.685666] {Default Queue} wl_registry#51.global(40, "wp_color_manager_v1", 3)
[04:53:39.685666] {Default Queue} wl_registry#51.global(41, "aqueous_window_manager_v1", 10)
[04:53:39.685667] {Default Queue} wl_registry#51.global(42, "ext_workspace_manager_v1", 1)
[04:53:39.685667] {Default Queue} wl_registry#51.global(43, "aqueous_window_info_manager_v1", 8)
[04:53:39.685668] {Default Queue} wl_registry#51.global(44, "aqueous_xkb_bindings_v1", 3)
[04:53:39.685669] {Default Queue} wl_registry#51.global(45, "aqueous_layer_shell_v1", 1)
[04:53:39.685669] {Default Queue} wl_registry#51.global(46, "zwlr_layer_shell_v1", 4)
[04:53:39.685670] {Default Queue} wl_registry#51.global(47, "zwlr_gamma_control_manager_v1", 1)
[04:53:39.685670] {Default Queue} wl_registry#51.global(48, "wp_presentation", 2)
[04:53:39.685671] {Default Queue} wl_registry#51.global(49, "zxdg_output_manager_v1", 3)
[04:53:39.685671] {Default Queue} wl_registry#51.global(50, "zwlr_output_manager_v1", 4)
[04:53:39.685672] {Default Queue} wl_registry#51.global(51, "zwlr_output_power_manager_v1", 1)
[04:53:39.685672] {Default Queue} wl_registry#51.global(52, "aqueous_input_manager_v1", 2)
[04:53:39.685673] {Default Queue} wl_registry#51.global(53, "ext_idle_notifier_v1", 2)
[04:53:39.685674] {Default Queue} wl_registry#51.global(54, "zwp_relative_pointer_manager_v1", 1)
[04:53:39.685674] {Default Queue} wl_registry#51.global(55, "zwp_pointer_gestures_v1", 3)
[04:53:39.685675] {Default Queue} wl_registry#51.global(56, "zwlr_virtual_pointer_manager_v1", 2)
[04:53:39.685675] {Default Queue} wl_registry#51.global(57, "zwp_virtual_keyboard_manager_v1", 1)
[04:53:39.685676] {Default Queue} wl_registry#51.global(58, "zwp_pointer_constraints_v1", 1)
[04:53:39.685676] {Default Queue} wl_registry#51.global(59, "zwp_input_method_manager_v2", 1)
[04:53:39.685677] {Default Queue} wl_registry#51.global(60, "zwp_text_input_manager_v3", 1)
[04:53:39.685677] {Default Queue} wl_registry#51.global(61, "zwp_tablet_manager_v2", 1)
[04:53:39.685678] {Default Queue} wl_registry#51.global(62, "wp_pointer_warp_v1", 1)
[04:53:39.685678] {Default Queue} wl_registry#51.global(63, "wl_seat", 9)
[04:53:39.685679] {Default Queue}  -> wl_registry#51.bind(63, "wl_seat", 5, new id [unknown]#55)
[04:53:39.685680] {Default Queue} wl_registry#51.global(64, "aqueous_libinput_config_v1", 2)
[04:53:39.685680] {Default Queue} wl_registry#51.global(65, "aqueous_xkb_config_v1", 2)
[04:53:39.685681] {Default Queue} wl_registry#51.global(66, "zwp_idle_inhibit_manager_v1", 1)
[04:53:39.685681] {Default Queue} wl_registry#51.global(67, "ext_session_lock_manager_v1", 1)
[04:53:39.685682] {Default Queue} wl_registry#51.global(68, "aqueous_shell_manager_v1", 2)
[04:53:39.685682] {Default Queue} wl_registry#51.global(69, "zwp_keyboard_shortcuts_inhibit_manager_v1", 1)
[04:53:39.685683] {Default Queue} wl_registry#51.global(70, "ext_background_effect_manager_v1", 1)
[04:53:39.685684] {Default Queue} wl_registry#51.global(71, "xdg_system_bell_v1", 1)
[04:53:39.685684] {Default Queue} wl_registry#51.global(72, "wl_output", 4)
[04:53:39.685685] {Default Queue} wl_registry#51.global(73, "wl_output", 4)
[04:53:39.685685] {Default Queue} wl_registry#52.global(1, "wl_compositor", 6)
[04:53:39.685686] {Default Queue} wl_registry#52.global(2, "wl_fixes", 1)
[04:53:39.685686] {Default Queue} wl_registry#52.global(3, "wp_security_context_manager_v1", 1)
[04:53:39.685687] {Default Queue} wl_registry#52.global(4, "wl_shm", 2)
[04:53:39.685688] {Default Queue}  -> wl_registry#52.bind(4, "wl_shm", 1, new id [unknown]#56)
[04:53:39.685688] {Default Queue} wl_registry#52.global(5, "wp_single_pixel_buffer_manager_v1", 1)
[04:53:39.685689] {Default Queue} wl_registry#52.global(6, "wp_alpha_modifier_v1", 1)
[04:53:39.685689] {Default Queue} wl_registry#52.global(7, "wp_color_representation_manager_v1", 1)
[04:53:39.685690] {Default Queue} wl_registry#52.global(8, "wp_content_type_manager_v1", 1)
[04:53:39.685691] {Default Queue} wl_registry#52.global(9, "wp_fifo_manager_v1", 1)
[04:53:39.685691] {Default Queue} wl_registry#52.global(10, "wp_commit_timing_manager_v1", 1)
[04:53:39.685692] {Default Queue} wl_registry#52.global(11, "xdg_wm_dialog_v1", 1)
[04:53:39.685692] {Default Queue} wl_registry#52.global(12, "xdg_toplevel_drag_manager_v1", 1)
[04:53:39.685693] {Default Queue} wl_registry#52.global(13, "xdg_toplevel_icon_manager_v1", 1)
[04:53:39.685693] {Default Queue} wl_registry#52.global(14, "xdg_toplevel_tag_manager_v1", 1)
[04:53:39.685694] {Default Queue} wl_registry#52.global(15, "wp_viewporter", 1)
[04:53:39.685694] {Default Queue} wl_registry#52.global(16, "wp_fractional_scale_manager_v1", 1)
[04:53:39.685695] {Default Queue} wl_registry#52.global(17, "wl_subcompositor", 1)
[04:53:39.685695] {Default Queue} wl_registry#52.global(18, "wp_cursor_shape_manager_v1", 2)
[04:53:39.685696] {Default Queue} wl_registry#52.global(19, "xdg_wm_base", 7)
[04:53:39.685696] {Default Queue} wl_registry#52.global(20, "zxdg_decoration_manager_v1", 1)
[04:53:39.685697] {Default Queue} wl_registry#52.global(21, "org_kde_kwin_server_decoration_manager", 1)
[04:53:39.685698] {Default Queue} wl_registry#52.global(22, "xdg_activation_v1", 1)
[04:53:39.685698] {Default Queue} wl_registry#52.global(23, "zxdg_exporter_v2", 1)
[04:53:39.685699] {Default Queue} wl_registry#52.global(24, "zxdg_importer_v2", 1)
[04:53:39.685699] {Default Queue} wl_registry#52.global(25, "wl_data_device_manager", 3)
[04:53:39.685700] {Default Queue} wl_registry#52.global(26, "zwp_primary_selection_device_manager_v1", 1)
[04:53:39.685701] {Default Queue} wl_registry#52.global(27, "ext_data_control_manager_v1", 1)
[04:53:39.685701] {Default Queue} wl_registry#52.global(28, "zwlr_data_control_manager_v1", 2)
[04:53:39.685702] {Default Queue} wl_registry#52.global(29, "zwlr_export_dmabuf_manager_v1", 1)
[04:53:39.685702] {Default Queue} wl_registry#52.global(30, "zwlr_screencopy_manager_v1", 3)
[04:53:39.685703] {Default Queue}  -> wl_registry#52.bind(30, "zwlr_screencopy_manager_v1", 3, new id [unknown]#57)
[04:53:39.685703] {Default Queue} wl_registry#52.global(31, "ext_image_copy_capture_manager_v1", 1)
[04:53:39.685704] {Default Queue} wl_registry#52.global(32, "aqueous_capture_color_manager_v1", 1)
[04:53:39.685705] {Default Queue} wl_registry#52.global(33, "ext_output_image_capture_source_manager_v1", 1)
[04:53:39.685705] {Default Queue} wl_registry#52.global(34, "zwlr_foreign_toplevel_manager_v1", 3)
[04:53:39.685706] {Default Queue} wl_registry#52.global(35, "ext_foreign_toplevel_list_v1", 1)
[04:53:39.685706] {Default Queue} wl_registry#52.global(36, "ext_foreign_toplevel_image_capture_source_manager_v1", 1)
[04:53:39.685707] {Default Queue} wl_registry#52.global(37, "wp_tearing_control_manager_v1", 1)
[04:53:39.685707] {Default Queue} wl_registry#52.global(38, "zwp_linux_dmabuf_v1", 5)
[04:53:39.685708] {Default Queue} wl_registry#52.global(39, "wp_linux_drm_syncobj_manager_v1", 1)
[04:53:39.685708] {Default Queue} wl_registry#52.global(40, "wp_color_manager_v1", 3)
[04:53:39.685709] {Default Queue} wl_registry#52.global(41, "aqueous_window_manager_v1", 10)
[04:53:39.685709] {Default Queue} wl_registry#52.global(42, "ext_workspace_manager_v1", 1)
[04:53:39.685710] {Default Queue} wl_registry#52.global(43, "aqueous_window_info_manager_v1", 8)
[04:53:39.685710] {Default Queue} wl_registry#52.global(44, "aqueous_xkb_bindings_v1", 3)
[04:53:39.685711] {Default Queue} wl_registry#52.global(45, "aqueous_layer_shell_v1", 1)
[04:53:39.685711] {Default Queue} wl_registry#52.global(46, "zwlr_layer_shell_v1", 4)
[04:53:39.685712] {Default Queue} wl_registry#52.global(47, "zwlr_gamma_control_manager_v1", 1)
[04:53:39.685712] {Default Queue} wl_registry#52.global(48, "wp_presentation", 2)
[04:53:39.685713] {Default Queue} wl_registry#52.global(49, "zxdg_output_manager_v1", 3)
[04:53:39.685713] {Default Queue} wl_registry#52.global(50, "zwlr_output_manager_v1", 4)
[04:53:39.685714] {Default Queue} wl_registry#52.global(51, "zwlr_output_power_manager_v1", 1)
[04:53:39.685715] {Default Queue} wl_registry#52.global(52, "aqueous_input_manager_v1", 2)
[04:53:39.685715] {Default Queue} wl_registry#52.global(53, "ext_idle_notifier_v1", 2)
[04:53:39.685716] {Default Queue} wl_registry#52.global(54, "zwp_relative_pointer_manager_v1", 1)
[04:53:39.685716] {Default Queue} wl_registry#52.global(55, "zwp_pointer_gestures_v1", 3)
[04:53:39.685717] {Default Queue} wl_registry#52.global(56, "zwlr_virtual_pointer_manager_v1", 2)
[04:53:39.685717] {Default Queue} wl_registry#52.global(57, "zwp_virtual_keyboard_manager_v1", 1)
[04:53:39.685718] {Default Queue} wl_registry#52.global(58, "zwp_pointer_constraints_v1", 1)
[04:53:39.685718] {Default Queue} wl_registry#52.global(59, "zwp_input_method_manager_v2", 1)
[04:53:39.685719] {Default Queue} wl_registry#52.global(60, "zwp_text_input_manager_v3", 1)
[04:53:39.685719] {Default Queue} wl_registry#52.global(61, "zwp_tablet_manager_v2", 1)
[04:53:39.685720] {Default Queue} wl_registry#52.global(62, "wp_pointer_warp_v1", 1)
[04:53:39.685720] {Default Queue} wl_registry#52.global(63, "wl_seat", 9)
[04:53:39.685721] {Default Queue} wl_registry#52.global(64, "aqueous_libinput_config_v1", 2)
[04:53:39.685721] {Default Queue} wl_registry#52.global(65, "aqueous_xkb_config_v1", 2)
[04:53:39.685722] {Default Queue} wl_registry#52.global(66, "zwp_idle_inhibit_manager_v1", 1)
[04:53:39.685722] {Default Queue} wl_registry#52.global(67, "ext_session_lock_manager_v1", 1)
[04:53:39.685723] {Default Queue} wl_registry#52.global(68, "aqueous_shell_manager_v1", 2)
[04:53:39.685723] {Default Queue} wl_registry#52.global(69, "zwp_keyboard_shortcuts_inhibit_manager_v1", 1)
[04:53:39.685724] {Default Queue} wl_registry#52.global(70, "ext_background_effect_manager_v1", 1)
[04:53:39.685724] {Default Queue} wl_registry#52.global(71, "xdg_system_bell_v1", 1)
[04:53:39.685725] {Default Queue} wl_registry#52.global(72, "wl_output", 4)
[04:53:39.685726] {Default Queue}  -> wl_registry#52.bind(72, "wl_output", 4, new id [unknown]#58)
[04:53:39.685727] {Default Queue} wl_registry#52.global(73, "wl_output", 4)
[04:53:39.685727] {Default Queue}  -> wl_registry#52.bind(73, "wl_output", 4, new id [unknown]#59)
[04:53:39.685883] {Default Queue} wl_seat#53.name("default")
[04:53:39.685884] {Default Queue} wl_seat#53.capabilities(0)
[04:53:39.686016] {Default Queue} wl_seat#55.name("default")
[04:53:39.686017] {Default Queue} wl_seat#55.capabilities(0)
[04:53:39.686018] {Default Queue} wl_shm#56.format(538982482)
[04:53:39.686019] {Default Queue} wl_shm#56.format(1210064978)
[04:53:39.686019] {Default Queue} wl_shm#56.format(1176510546)
[04:53:39.686020] {Default Queue} wl_shm#56.format(943215175)
[04:53:39.686020] {Default Queue} wl_shm#56.format(1210077767)
[04:53:39.686021] {Default Queue} wl_shm#56.format(1176523335)
[04:53:39.686021] {Default Queue} wl_shm#56.format(1)
[04:53:39.686022] {Default Queue} wl_shm#56.format(875709016)
[04:53:39.686022] {Default Queue} wl_shm#56.format(0)
[04:53:39.686023] {Default Queue} wl_shm#56.format(875708993)
[04:53:39.686023] {Default Queue} wl_shm#56.format(842088786)
[04:53:39.686024] {Default Queue} wl_shm#56.format(842094674)
[04:53:39.686024] {Default Queue} wl_shm#56.format(842088770)
[04:53:39.686025] {Default Queue} wl_shm#56.format(842094658)
[04:53:39.686025] {Default Queue} wl_shm#56.format(909199186)
[04:53:39.686025] {Default Queue} wl_shm#56.format(909199170)
[04:53:39.686026] {Default Queue} wl_shm#56.format(892420434)
[04:53:39.686026] {Default Queue} wl_shm#56.format(892426322)
[04:53:39.686027] {Default Queue} wl_shm#56.format(892420418)
[04:53:39.686027] {Default Queue} wl_shm#56.format(892426306)
[04:53:39.686028] {Default Queue} wl_shm#56.format(892424769)
[04:53:39.686028] {Default Queue} wl_shm#56.format(892424792)
[04:53:39.686029] {Default Queue} wl_shm#56.format(808669761)
[04:53:39.686029] {Default Queue} wl_shm#56.format(808669784)
[04:53:39.686030] {Default Queue} wl_shm#56.format(808665665)
[04:53:39.686030] {Default Queue} wl_shm#56.format(808665688)
[04:53:39.686030] {Default Queue} wl_shm#56.format(942948929)
[04:53:39.686031] {Default Queue} wl_shm#56.format(942948952)
[04:53:39.686031] {Default Queue} wl_shm#56.format(1211384385)
[04:53:39.686032] {Default Queue} wl_shm#56.format(1211384408)
[04:53:39.686032] {Default Queue} wl_shm#56.format(1178092097)
[04:53:39.686033] {Default Queue} wl_output#58.geometry(0, 0, 0, 0, 0, "Unknown", "Unknown", 0)
[04:53:39.686034] {Default Queue} wl_output#58.mode(1, 1280, 720, 0)
[04:53:39.686035] {Default Queue} wl_output#58.scale(1)
[04:53:39.686036] {Default Queue} wl_output#58.name("HEADLESS-2")
[04:53:39.686037] {Default Queue} wl_output#58.description("Headless output 2")
[04:53:39.686037] {Default Queue} wl_output#58.done()
[04:53:39.686038] {Default Queue} wl_output#59.geometry(0, 0, 0, 0, 0, "Unknown", "Unknown", 0)
[04:53:39.686039] {Default Queue} wl_output#59.mode(1, 1280, 720, 0)
[04:53:39.686040] {Default Queue} wl_output#59.scale(1)
[04:53:39.686040] {Default Queue} wl_output#59.name("HEADLESS-1")
[04:53:39.686041] {Default Queue} wl_output#59.description("Headless output 1")
[04:53:39.686041] {Default Queue} wl_output#59.done()
info(pearl): event=aqueous-availability state=subscribing
info(pearl): event=aqueous-availability state=ready
[04:53:39.686576] {Default Queue}  -> wl_compositor#4.create_surface(new id wl_surface#60)
[04:53:39.686579] {Default Queue}  -> wp_fractional_scale_manager_v1#11.get_fractional_scale(new id wp_fractional_scale_v1#61, wl_surface#60)
[04:53:39.686581] {Default Queue}  -> wp_viewporter#10.get_viewport(new id wp_viewport#62, wl_surface#60)
[04:53:39.686616] {Default Queue}  -> xdg_toplevel_icon_manager_v1#9.create_icon(new id xdg_toplevel_icon_v1#63)
[04:53:39.686629] {Default Queue}  -> zwlr_layer_shell_v1#49.get_layer_surface(new id zwlr_layer_surface_v1#64, wl_surface#60, wl_output#31, 0, "pearl:wallpaper")
[04:53:39.686631] {Default Queue}  -> zwlr_layer_surface_v1#64.set_keyboard_interactivity(0)
[04:53:39.686632] {Default Queue}  -> zwlr_layer_surface_v1#64.set_exclusive_zone(-1)
[04:53:39.686632] {Default Queue}  -> zwlr_layer_surface_v1#64.set_anchor(15)
[04:53:39.686633] {Default Queue}  -> zwlr_layer_surface_v1#64.set_margin(0, 0, 0, 0)
[04:53:39.686635] {Default Queue}  -> zwlr_layer_surface_v1#64.set_size(0, 0)
[04:53:39.686639]  -> wl_surface#60.commit()
[04:53:39.686665] {Default Queue}  -> xdg_activation_v1#15.get_activation_token(new id xdg_activation_token_v1#65)
[04:53:39.686667]  -> xdg_activation_token_v1#65.set_serial(0, wl_seat#3)
[04:53:39.686668]  -> xdg_activation_token_v1#65.commit()
[04:53:39.686790] xdg_activation_token_v1#65.done("3b026623f83fdb0a1228244868017a0a")
[04:53:39.686792]  -> xdg_activation_token_v1#65.destroy()
[04:53:39.686793] {Default Queue}  -> xdg_activation_v1#15.activate("3b026623f83fdb0a1228244868017a0a", wl_surface#60)
[04:53:39.693509] {Default Queue}  -> wl_compositor#4.create_surface(new id wl_surface#66)
[04:53:39.693514] {Default Queue}  -> wp_fractional_scale_manager_v1#11.get_fractional_scale(new id wp_fractional_scale_v1#67, wl_surface#66)
[04:53:39.693516] {Default Queue}  -> wp_viewporter#10.get_viewport(new id wp_viewport#68, wl_surface#66)
[04:53:39.693536] {Default Queue}  -> xdg_toplevel_icon_manager_v1#9.create_icon(new id xdg_toplevel_icon_v1#69)
[04:53:39.693547] {Default Queue}  -> zwlr_layer_shell_v1#49.get_layer_surface(new id zwlr_layer_surface_v1#70, wl_surface#66, wl_output#31, 2, "pearl:bar")
[04:53:39.693549] {Default Queue}  -> zwlr_layer_surface_v1#70.set_keyboard_interactivity(0)
[04:53:39.693550] {Default Queue}  -> zwlr_layer_surface_v1#70.set_exclusive_zone(48)
[04:53:39.693551] {Default Queue}  -> zwlr_layer_surface_v1#70.set_anchor(13)
[04:53:39.693552] {Default Queue}  -> zwlr_layer_surface_v1#70.set_margin(0, 0, 0, 0)
[04:53:39.693553] {Default Queue}  -> zwlr_layer_surface_v1#70.set_size(0, 200)
[04:53:39.693557]  -> wl_surface#66.commit()
[04:53:39.693667] {Default Queue}  -> xdg_activation_v1#15.get_activation_token(new id xdg_activation_token_v1#71)
[04:53:39.693669]  -> xdg_activation_token_v1#71.set_serial(0, wl_seat#3)
[04:53:39.693671]  -> xdg_activation_token_v1#71.commit()
[04:53:39.693787] {Display Queue} wl_display#1.delete_id(65)
[04:53:39.693789] xdg_activation_token_v1#71.done("37926989aaf75f17af70269220aa5385")
[04:53:39.693790]  -> xdg_activation_token_v1#71.destroy()
[04:53:39.693791] {Default Queue}  -> xdg_activation_v1#15.activate("37926989aaf75f17af70269220aa5385", wl_surface#66)
info: event=output-mapped id=1 connector=HEADLESS-2 scale=1
[04:53:39.696156] {Default Queue}  -> wl_compositor#4.create_surface(new id wl_surface#65)
[04:53:39.696161] {Default Queue}  -> wp_fractional_scale_manager_v1#11.get_fractional_scale(new id wp_fractional_scale_v1#72, wl_surface#65)
[04:53:39.696163] {Default Queue}  -> wp_viewporter#10.get_viewport(new id wp_viewport#73, wl_surface#65)
[04:53:39.696175] {Default Queue}  -> xdg_toplevel_icon_manager_v1#9.create_icon(new id xdg_toplevel_icon_v1#74)
[04:53:39.696183] {Default Queue}  -> zwlr_layer_shell_v1#49.get_layer_surface(new id zwlr_layer_surface_v1#75, wl_surface#65, wl_output#31, 3, "pearl:dock-reveal")
[04:53:39.696185] {Default Queue}  -> zwlr_layer_surface_v1#75.set_keyboard_interactivity(0)
[04:53:39.696186] {Default Queue}  -> zwlr_layer_surface_v1#75.set_exclusive_zone(-1)
[04:53:39.696187] {Default Queue}  -> zwlr_layer_surface_v1#75.set_anchor(2)
[04:53:39.696188] {Default Queue}  -> zwlr_layer_surface_v1#75.set_margin(0, 0, 0, 0)
[04:53:39.696189] {Default Queue}  -> zwlr_layer_surface_v1#75.set_size(200, 200)
[04:53:39.696192]  -> wl_surface#65.commit()
[04:53:39.696265] {Default Queue}  -> wl_compositor#4.create_surface(new id wl_surface#76)
[04:53:39.696266] {Default Queue}  -> wp_fractional_scale_manager_v1#11.get_fractional_scale(new id wp_fractional_scale_v1#77, wl_surface#76)
[04:53:39.696268] {Default Queue}  -> wp_viewporter#10.get_viewport(new id wp_viewport#78, wl_surface#76)
[04:53:39.696275] {Default Queue}  -> xdg_toplevel_icon_manager_v1#9.create_icon(new id xdg_toplevel_icon_v1#79)
[04:53:39.696279] {Default Queue}  -> zwlr_layer_shell_v1#49.get_layer_surface(new id zwlr_layer_surface_v1#80, wl_surface#76, wl_output#34, 0, "pearl:wallpaper")
[04:53:39.696280] {Default Queue}  -> zwlr_layer_surface_v1#80.set_keyboard_interactivity(0)
[04:53:39.696281] {Default Queue}  -> zwlr_layer_surface_v1#80.set_exclusive_zone(-1)
[04:53:39.696281] {Default Queue}  -> zwlr_layer_surface_v1#80.set_anchor(15)
[04:53:39.696282] {Default Queue}  -> zwlr_layer_surface_v1#80.set_margin(0, 0, 0, 0)
[04:53:39.696283] {Default Queue}  -> zwlr_layer_surface_v1#80.set_size(0, 0)
[04:53:39.696285]  -> wl_surface#76.commit()
[04:53:39.696294] {Default Queue}  -> xdg_activation_v1#15.get_activation_token(new id xdg_activation_token_v1#81)
[04:53:39.696296]  -> xdg_activation_token_v1#81.set_serial(0, wl_seat#3)
[04:53:39.696297]  -> xdg_activation_token_v1#81.commit()
[04:53:39.696406] {Display Queue} wl_display#1.delete_id(71)
[04:53:39.696408] xdg_activation_token_v1#81.done("7bc8c5c459ad5b050d6f4347cd405f60")
[04:53:39.696409]  -> xdg_activation_token_v1#81.destroy()
[04:53:39.696410] {Default Queue}  -> xdg_activation_v1#15.activate("7bc8c5c459ad5b050d6f4347cd405f60", wl_surface#76)
[04:53:39.697596] {Default Queue}  -> wl_compositor#4.create_surface(new id wl_surface#71)
[04:53:39.697599] {Default Queue}  -> wp_fractional_scale_manager_v1#11.get_fractional_scale(new id wp_fractional_scale_v1#82, wl_surface#71)
[04:53:39.697601] {Default Queue}  -> wp_viewporter#10.get_viewport(new id wp_viewport#83, wl_surface#71)
[04:53:39.697612] {Default Queue}  -> xdg_toplevel_icon_manager_v1#9.create_icon(new id xdg_toplevel_icon_v1#84)
[04:53:39.697618] {Default Queue}  -> zwlr_layer_shell_v1#49.get_layer_surface(new id zwlr_layer_surface_v1#85, wl_surface#71, wl_output#34, 2, "pearl:bar")
[04:53:39.697620] {Default Queue}  -> zwlr_layer_surface_v1#85.set_keyboard_interactivity(0)
[04:53:39.697621] {Default Queue}  -> zwlr_layer_surface_v1#85.set_exclusive_zone(48)
[04:53:39.697622] {Default Queue}  -> zwlr_layer_surface_v1#85.set_anchor(13)
[04:53:39.697622] {Default Queue}  -> zwlr_layer_surface_v1#85.set_margin(0, 0, 0, 0)
[04:53:39.697623] {Default Queue}  -> zwlr_layer_surface_v1#85.set_size(0, 200)
[04:53:39.697626]  -> wl_surface#71.commit()
[04:53:39.697715] {Default Queue}  -> xdg_activation_v1#15.get_activation_token(new id xdg_activation_token_v1#86)
[04:53:39.697717]  -> xdg_activation_token_v1#86.set_serial(0, wl_seat#3)
[04:53:39.697718]  -> xdg_activation_token_v1#86.commit()
[04:53:39.697795] {Display Queue} wl_display#1.delete_id(81)
[04:53:39.697797] xdg_activation_token_v1#86.done("63846c060d15288ff13d67a54606550c")
[04:53:39.697798]  -> xdg_activation_token_v1#86.destroy()
[04:53:39.697799] {Default Queue}  -> xdg_activation_v1#15.activate("63846c060d15288ff13d67a54606550c", wl_surface#71)
info: event=output-mapped id=2 connector=HEADLESS-1 scale=1
info(pearl): event=control-ready session=8b8ac78bc26e2fe4e87bb658114e1d0a
[04:53:39.698344] {Default Queue} zwlr_layer_surface_v1#64.configure(7, 1280, 720)
[04:53:39.698357] {Default Queue}  -> zwlr_layer_surface_v1#64.ack_configure(7)
[04:53:39.698358] {Default Queue} zwlr_layer_surface_v1#70.configure(8, 1280, 200)
[04:53:39.698423] {Default Queue}  -> zwlr_layer_surface_v1#70.ack_configure(8)
[04:53:39.698424] {Default Queue} zwlr_layer_surface_v1#64.configure(9, 1280, 720)
[04:53:39.698425] {Default Queue}  -> zwlr_layer_surface_v1#64.ack_configure(9)
[04:53:39.698425] {Default Queue} zwlr_layer_surface_v1#70.configure(10, 1280, 200)
[04:53:39.698426] {Default Queue}  -> zwlr_layer_surface_v1#70.ack_configure(10)
[04:53:39.698427] {Default Queue} zwlr_layer_surface_v1#64.configure(11, 1280, 720)
[04:53:39.698428] {Default Queue}  -> zwlr_layer_surface_v1#64.ack_configure(11)
[04:53:39.698429] {Default Queue} zwlr_layer_surface_v1#75.configure(12, 200, 200)
[04:53:39.698434] {Default Queue}  -> zwlr_layer_surface_v1#75.ack_configure(12)
[04:53:39.698435] {Default Queue} zwlr_layer_surface_v1#80.configure(13, 1280, 720)
[04:53:39.698436] {Default Queue}  -> zwlr_layer_surface_v1#80.ack_configure(13)
[04:53:39.698437] {Default Queue} zwlr_layer_surface_v1#85.configure(14, 1280, 200)
[04:53:39.698485] {Default Queue}  -> zwlr_layer_surface_v1#85.ack_configure(14)
[04:53:39.698486] {Default Queue} zwlr_layer_surface_v1#80.configure(15, 1280, 720)
[04:53:39.698487] {Default Queue}  -> zwlr_layer_surface_v1#80.ack_configure(15)
info: event=app-index-ready entries=158 truncated=false
[04:53:39.698563] {Default Queue}  -> wl_shm#5.create_pool(new id wl_shm_pool#81, fd 16, 3686400)
[04:53:39.698570] {Default Queue}  -> wl_shm_pool#81.create_buffer(new id wl_buffer#87, 0, 1280, 720, 5120, 0)
[04:53:39.701251] {Default Queue}  -> wl_compositor#4.create_region(new id wl_region#88)
[04:53:39.701257] {Default Queue}  -> wl_region#88.add(0, 0, 1280, 720)
[04:53:39.701260]  -> wl_surface#60.set_opaque_region(wl_region#88)
[04:53:39.701261] {Default Queue}  -> wl_region#88.destroy()
[04:53:39.701263] {Default Queue}  -> wp_viewport#62.set_destination(1280, 720)
[04:53:39.701264]  -> wl_surface#60.attach(wl_buffer#87, 0, 0)
[04:53:39.701266]  -> wl_surface#60.damage_buffer(0, 0, 1280, 720)
[04:53:39.701267]  -> wl_surface#60.frame(new id wl_callback#89)
[04:53:39.701269] {Default Queue}  -> wp_presentation#23.feedback(wl_surface#60, new id wp_presentation_feedback#90)
[04:53:39.701271]  -> wl_surface#60.commit()
[04:53:39.701752] {Default Queue}  -> wl_shm#5.create_pool(new id wl_shm_pool#91, fd 16, 245760)
[04:53:39.701756] {Default Queue}  -> wl_shm_pool#91.create_buffer(new id wl_buffer#92, 0, 1280, 48, 5120, 0)
[04:53:39.702313] {Default Queue}  -> zwlr_layer_surface_v1#70.set_size(0, 48)
[04:53:39.702316] {Default Queue}  -> wl_compositor#4.create_region(new id wl_region#93)
[04:53:39.702317] {Default Queue}  -> wl_region#93.add(76, 4, 6, 40)
[04:53:39.702318]  -> wl_surface#66.set_opaque_region(wl_region#93)
[04:53:39.702319] {Default Queue}  -> wl_region#93.destroy()
[04:53:39.702320] {Default Queue}  -> wp_viewport#68.set_destination(1280, 48)
[04:53:39.702321]  -> wl_surface#66.attach(wl_buffer#92, 0, 0)
[04:53:39.702322]  -> wl_surface#66.damage_buffer(0, 0, 1280, 48)
[04:53:39.702323]  -> wl_surface#66.frame(new id wl_callback#94)
[04:53:39.702324] {Default Queue}  -> wp_presentation#23.feedback(wl_surface#66, new id wp_presentation_feedback#95)
[04:53:39.702325]  -> wl_surface#66.commit()
[04:53:39.702347] {Default Queue}  -> ext_background_effect_manager_v1#48.get_background_effect(new id ext_background_effect_surface_v1#96, wl_surface#66)
[04:53:39.702349] {Default Queue}  -> wl_compositor#46.create_region(new id wl_region#97)
[04:53:39.702362] {Default Queue}  -> wl_region#97.add(19, 4, 641, 1)
[04:53:39.702363] {Default Queue}  -> wl_region#97.add(690, 4, 105, 1)
[04:53:39.702364] {Default Queue}  -> wl_region#97.add(888, 4, 373, 1)
[04:53:39.702364] {Default Queue}  -> wl_region#97.add(17, 5, 645, 1)
[04:53:39.702366] {Default Queue}  -> wl_region#97.add(688, 5, 109, 1)
[04:53:39.702367] {Default Queue}  -> wl_region#97.add(886, 5, 377, 1)
[04:53:39.702367] {Default Queue}  -> wl_region#97.add(16, 6, 647, 1)
[04:53:39.702368] {Default Queue}  -> wl_region#97.add(687, 6, 111, 1)
[04:53:39.702368] {Default Queue}  -> wl_region#97.add(885, 6, 379, 1)
[04:53:39.702369] {Default Queue}  -> wl_region#97.add(15, 7, 649, 1)
[04:53:39.702370] {Default Queue}  -> wl_region#97.add(686, 7, 113, 1)
[04:53:39.702370] {Default Queue}  -> wl_region#97.add(884, 7, 381, 1)
[04:53:39.702371] {Default Queue}  -> wl_region#97.add(14, 8, 651, 1)
[04:53:39.702372] {Default Queue}  -> wl_region#97.add(685, 8, 115, 1)
[04:53:39.702372] {Default Queue}  -> wl_region#97.add(883, 8, 383, 1)
[04:53:39.702373] {Default Queue}  -> wl_region#97.add(13, 9, 653, 1)
[04:53:39.702373] {Default Queue}  -> wl_region#97.add(684, 9, 117, 1)
[04:53:39.702374] {Default Queue}  -> wl_region#97.add(882, 9, 385, 1)
[04:53:39.702375] {Default Queue}  -> wl_region#97.add(12, 10, 655, 2)
[04:53:39.702375] {Default Queue}  -> wl_region#97.add(683, 10, 119, 2)
[04:53:39.702376] {Default Queue}  -> wl_region#97.add(881, 10, 387, 2)
[04:53:39.702377] {Default Queue}  -> wl_region#97.add(11, 12, 657, 5)
[04:53:39.702377] {Default Queue}  -> wl_region#97.add(682, 12, 121, 5)
[04:53:39.702378] {Default Queue}  -> wl_region#97.add(880, 12, 389, 5)
[04:53:39.702378] {Default Queue}  -> wl_region#97.add(10, 17, 659, 14)
[04:53:39.702379] {Default Queue}  -> wl_region#97.add(681, 17, 123, 14)
[04:53:39.702380] {Default Queue}  -> wl_region#97.add(879, 17, 391, 14)
[04:53:39.702380] {Default Queue}  -> wl_region#97.add(11, 31, 657, 5)
[04:53:39.702381] {Default Queue}  -> wl_region#97.add(682, 31, 121, 5)
[04:53:39.702381] {Default Queue}  -> wl_region#97.add(880, 31, 389, 5)
[04:53:39.702382] {Default Queue}  -> wl_region#97.add(12, 36, 655, 2)
[04:53:39.702383] {Default Queue}  -> wl_region#97.add(683, 36, 119, 2)
[04:53:39.702383] {Default Queue}  -> wl_region#97.add(881, 36, 387, 2)
[04:53:39.702384] {Default Queue}  -> wl_region#97.add(13, 38, 653, 1)
[04:53:39.702384] {Default Queue}  -> wl_region#97.add(684, 38, 117, 1)
[04:53:39.702385] {Default Queue}  -> wl_region#97.add(882, 38, 385, 1)
[04:53:39.702386] {Default Queue}  -> wl_region#97.add(14, 39, 651, 1)
[04:53:39.702386] {Default Queue}  -> wl_region#97.add(685, 39, 115, 1)
[04:53:39.702387] {Default Queue}  -> wl_region#97.add(883, 39, 383, 1)
[04:53:39.702388] {Default Queue}  -> wl_region#97.add(15, 40, 649, 1)
[04:53:39.702388] {Default Queue}  -> wl_region#97.add(686, 40, 113, 1)
[04:53:39.702389] {Default Queue}  -> wl_region#97.add(884, 40, 381, 1)
[04:53:39.702389] {Default Queue}  -> wl_region#97.add(16, 41, 647, 1)
[04:53:39.702390] {Default Queue}  -> wl_region#97.add(687, 41, 111, 1)
[04:53:39.702391] {Default Queue}  -> wl_region#97.add(885, 41, 379, 1)
[04:53:39.702391] {Default Queue}  -> wl_region#97.add(17, 42, 645, 1)
[04:53:39.702392] {Default Queue}  -> wl_region#97.add(688, 42, 109, 1)
[04:53:39.702392] {Default Queue}  -> wl_region#97.add(886, 42, 377, 1)
[04:53:39.702393] {Default Queue}  -> wl_region#97.add(19, 43, 641, 1)
[04:53:39.702394] {Default Queue}  -> wl_region#97.add(690, 43, 105, 1)
[04:53:39.702394] {Default Queue}  -> wl_region#97.add(888, 43, 373, 1)
[04:53:39.702395] {Default Queue}  -> ext_background_effect_surface_v1#96.set_blur_region(wl_region#97)
[04:53:39.702396] {Default Queue}  -> wl_region#97.destroy()
[04:53:39.702452] {Default Queue}  -> wl_shm#5.create_pool(new id wl_shm_pool#98, fd 16, 704)
[04:53:39.702454] {Default Queue}  -> wl_shm_pool#98.create_buffer(new id wl_buffer#99, 0, 88, 2, 352, 0)
[04:53:39.702474] {Default Queue}  -> zwlr_layer_surface_v1#75.set_size(88, 2)
[04:53:39.702475] {Default Queue}  -> wp_viewport#73.set_destination(88, 2)
[04:53:39.702476]  -> wl_surface#65.attach(wl_buffer#99, 0, 0)
[04:53:39.702477]  -> wl_surface#65.damage_buffer(0, 0, 88, 2)
[04:53:39.702478]  -> wl_surface#65.frame(new id wl_callback#100)
[04:53:39.702479] {Default Queue}  -> wp_presentation#23.feedback(wl_surface#65, new id wp_presentation_feedback#101)
[04:53:39.702480]  -> wl_surface#65.commit()
[04:53:39.702515] {Default Queue}  -> wl_shm#5.create_pool(new id wl_shm_pool#102, fd 17, 3686400)
[04:53:39.702516] {Default Queue}  -> wl_shm_pool#102.create_buffer(new id wl_buffer#103, 0, 1280, 720, 5120, 0)
[04:53:39.704895] {Default Queue}  -> wl_compositor#4.create_region(new id wl_region#104)
[04:53:39.704896] {Default Queue}  -> wl_region#104.add(0, 0, 1280, 720)
[04:53:39.704897]  -> wl_surface#76.set_opaque_region(wl_region#104)
[04:53:39.704897] {Default Queue}  -> wl_region#104.destroy()
[04:53:39.704898] {Default Queue}  -> wp_viewport#78.set_destination(1280, 720)
[04:53:39.704899]  -> wl_surface#76.attach(wl_buffer#103, 0, 0)
[04:53:39.704899]  -> wl_surface#76.damage_buffer(0, 0, 1280, 720)
[04:53:39.704900]  -> wl_surface#76.frame(new id wl_callback#105)
[04:53:39.704901] {Default Queue}  -> wp_presentation#23.feedback(wl_surface#76, new id wp_presentation_feedback#106)
[04:53:39.704902]  -> wl_surface#76.commit()
[04:53:39.705250] {Default Queue}  -> wl_shm#5.create_pool(new id wl_shm_pool#107, fd 16, 245760)
[04:53:39.705253] {Default Queue}  -> wl_shm_pool#107.create_buffer(new id wl_buffer#108, 0, 1280, 48, 5120, 0)
[04:53:39.705540] {Default Queue}  -> zwlr_layer_surface_v1#85.set_size(0, 48)
[04:53:39.705542] {Default Queue}  -> wl_compositor#4.create_region(new id wl_region#109)
[04:53:39.705543] {Default Queue}  -> wl_region#109.add(76, 4, 6, 40)
[04:53:39.705544]  -> wl_surface#71.set_opaque_region(wl_region#109)
[04:53:39.705545] {Default Queue}  -> wl_region#109.destroy()
[04:53:39.705546] {Default Queue}  -> wp_viewport#83.set_destination(1280, 48)
[04:53:39.705546]  -> wl_surface#71.attach(wl_buffer#108, 0, 0)
[04:53:39.705547]  -> wl_surface#71.damage_buffer(0, 0, 1280, 48)
[04:53:39.705548]  -> wl_surface#71.frame(new id wl_callback#110)
[04:53:39.705549] {Default Queue}  -> wp_presentation#23.feedback(wl_surface#71, new id wp_presentation_feedback#111)
[04:53:39.705550]  -> wl_surface#71.commit()
[04:53:39.705567] {Default Queue}  -> ext_background_effect_manager_v1#48.get_background_effect(new id ext_background_effect_surface_v1#112, wl_surface#71)
[04:53:39.705569] {Default Queue}  -> wl_compositor#46.create_region(new id wl_region#113)
[04:53:39.705580] {Default Queue}  -> wl_region#113.add(19, 4, 525, 1)
[04:53:39.705581] {Default Queue}  -> wl_region#113.add(588, 4, 105, 1)
[04:53:39.705582] {Default Queue}  -> wl_region#113.add(888, 4, 373, 1)
[04:53:39.705583] {Default Queue}  -> wl_region#113.add(17, 5, 529, 1)
[04:53:39.705583] {Default Queue}  -> wl_region#113.add(586, 5, 109, 1)
[04:53:39.705584] {Default Queue}  -> wl_region#113.add(886, 5, 377, 1)
[04:53:39.705587] {Default Queue}  -> wl_region#113.add(16, 6, 531, 1)
[04:53:39.705588] {Default Queue}  -> wl_region#113.add(585, 6, 111, 1)
[04:53:39.705588] {Default Queue}  -> wl_region#113.add(885, 6, 379, 1)
[04:53:39.705589] {Default Queue}  -> wl_region#113.add(15, 7, 533, 1)
[04:53:39.705589] {Default Queue}  -> wl_region#113.add(584, 7, 113, 1)
[04:53:39.705590] {Default Queue}  -> wl_region#113.add(884, 7, 381, 1)
[04:53:39.705591] {Default Queue}  -> wl_region#113.add(14, 8, 535, 1)
[04:53:39.705591] {Default Queue}  -> wl_region#113.add(583, 8, 115, 1)
[04:53:39.705592] {Default Queue}  -> wl_region#113.add(883, 8, 383, 1)
[04:53:39.705592] {Default Queue}  -> wl_region#113.add(13, 9, 537, 1)
[04:53:39.705593] {Default Queue}  -> wl_region#113.add(582, 9, 117, 1)
[04:53:39.705593] {Default Queue}  -> wl_region#113.add(882, 9, 385, 1)
[04:53:39.705594] {Default Queue}  -> wl_region#113.add(12, 10, 539, 2)
[04:53:39.705595] {Default Queue}  -> wl_region#113.add(581, 10, 119, 2)
[04:53:39.705595] {Default Queue}  -> wl_region#113.add(881, 10, 387, 2)
[04:53:39.705596] {Default Queue}  -> wl_region#113.add(11, 12, 541, 5)
[04:53:39.705596] {Default Queue}  -> wl_region#113.add(580, 12, 121, 5)
[04:53:39.705597] {Default Queue}  -> wl_region#113.add(880, 12, 389, 5)
[04:53:39.705598] {Default Queue}  -> wl_region#113.add(10, 17, 543, 14)
[04:53:39.705598] {Default Queue}  -> wl_region#113.add(579, 17, 123, 14)
[04:53:39.705599] {Default Queue}  -> wl_region#113.add(879, 17, 391, 14)
[04:53:39.705599] {Default Queue}  -> wl_region#113.add(11, 31, 541, 5)
[04:53:39.705600] {Default Queue}  -> wl_region#113.add(580, 31, 121, 5)
[04:53:39.705601] {Default Queue}  -> wl_region#113.add(880, 31, 389, 5)
[04:53:39.705601] {Default Queue}  -> wl_region#113.add(12, 36, 539, 2)
[04:53:39.705602] {Default Queue}  -> wl_region#113.add(581, 36, 119, 2)
[04:53:39.705602] {Default Queue}  -> wl_region#113.add(881, 36, 387, 2)
[04:53:39.705603] {Default Queue}  -> wl_region#113.add(13, 38, 537, 1)
[04:53:39.705603] {Default Queue}  -> wl_region#113.add(582, 38, 117, 1)
[04:53:39.705604] {Default Queue}  -> wl_region#113.add(882, 38, 385, 1)
[04:53:39.705605] {Default Queue}  -> wl_region#113.add(14, 39, 535, 1)
[04:53:39.705605] {Default Queue}  -> wl_region#113.add(583, 39, 115, 1)
[04:53:39.705606] {Default Queue}  -> wl_region#113.add(883, 39, 383, 1)
[04:53:39.705606] {Default Queue}  -> wl_region#113.add(15, 40, 533, 1)
[04:53:39.705607] {Default Queue}  -> wl_region#113.add(584, 40, 113, 1)
[04:53:39.705608] {Default Queue}  -> wl_region#113.add(884, 40, 381, 1)
[04:53:39.705608] {Default Queue}  -> wl_region#113.add(16, 41, 531, 1)
[04:53:39.705609] {Default Queue}  -> wl_region#113.add(585, 41, 111, 1)
[04:53:39.705609] {Default Queue}  -> wl_region#113.add(885, 41, 379, 1)
[04:53:39.705610] {Default Queue}  -> wl_region#113.add(17, 42, 529, 1)
[04:53:39.705610] {Default Queue}  -> wl_region#113.add(586, 42, 109, 1)
[04:53:39.705611] {Default Queue}  -> wl_region#113.add(886, 42, 377, 1)
[04:53:39.705612] {Default Queue}  -> wl_region#113.add(19, 43, 525, 1)
[04:53:39.705612] {Default Queue}  -> wl_region#113.add(588, 43, 105, 1)
[04:53:39.705613] {Default Queue}  -> wl_region#113.add(888, 43, 373, 1)
[04:53:39.705613] {Default Queue}  -> ext_background_effect_surface_v1#112.set_blur_region(wl_region#113)
[04:53:39.705614] {Default Queue}  -> wl_region#113.destroy()
[04:53:39.705634] {Display Queue} wl_display#1.delete_id(86)
[04:53:39.705636] {Display Queue} wl_display#1.delete_id(88)
[04:53:39.705636] {Display Queue} wl_display#1.delete_id(93)
[04:53:39.705637] {Display Queue} wl_display#1.delete_id(97)
[04:53:39.705637] {Display Queue} wl_display#1.delete_id(104)
[04:53:39.705638] {Default Queue} zwlr_layer_surface_v1#70.configure(16, 1280, 200)
[04:53:39.705641] {Default Queue}  -> zwlr_layer_surface_v1#70.ack_configure(16)
[04:53:39.705641] {Default Queue} zwlr_layer_surface_v1#64.configure(17, 1280, 720)
[04:53:39.705642] {Default Queue}  -> zwlr_layer_surface_v1#64.ack_configure(17)
[04:53:39.705643] {Default Queue} zwlr_layer_surface_v1#75.configure(18, 200, 200)
[04:53:39.705645] {Default Queue}  -> zwlr_layer_surface_v1#75.ack_configure(18)
[04:53:39.705645] {Default Queue} wp_fractional_scale_v1#61.preferred_scale(120)
[04:53:39.705646] {Default Queue} wl_buffer#87.release()
[04:53:39.705647] {Default Queue} zwlr_layer_surface_v1#70.configure(19, 1280, 48)
[04:53:39.705648] {Default Queue}  -> zwlr_layer_surface_v1#70.ack_configure(19)
[04:53:39.705648] {Default Queue} zwlr_layer_surface_v1#64.configure(20, 1280, 720)
[04:53:39.705649] {Default Queue}  -> zwlr_layer_surface_v1#64.ack_configure(20)
[04:53:39.705650] {Default Queue} zwlr_layer_surface_v1#75.configure(21, 200, 200)
[04:53:39.705650] {Default Queue}  -> zwlr_layer_surface_v1#75.ack_configure(21)
[04:53:39.705651] {Default Queue} wp_fractional_scale_v1#67.preferred_scale(120)
[04:53:39.705651] {Default Queue} zwlr_layer_surface_v1#70.configure(22, 1280, 48)
[04:53:39.705652] {Default Queue}  -> zwlr_layer_surface_v1#70.ack_configure(22)
[04:53:39.705653] {Default Queue} zwlr_layer_surface_v1#64.configure(23, 1280, 720)
[04:53:39.705653] {Default Queue}  -> zwlr_layer_surface_v1#64.ack_configure(23)
[04:53:39.705654] {Default Queue} zwlr_layer_surface_v1#75.configure(24, 200, 200)
[04:53:39.705654] {Default Queue}  -> zwlr_layer_surface_v1#75.ack_configure(24)
[04:53:39.705655] {Default Queue} wl_buffer#92.release()
[04:53:39.705656] {Default Queue} zwlr_layer_surface_v1#70.configure(26, 1280, 48)
[04:53:39.705656] {Default Queue}  -> zwlr_layer_surface_v1#70.ack_configure(26)
[04:53:39.705657] {Default Queue} zwlr_layer_surface_v1#64.configure(27, 1280, 720)
[04:53:39.705657] {Default Queue}  -> zwlr_layer_surface_v1#64.ack_configure(27)
[04:53:39.705658] {Default Queue} zwlr_layer_surface_v1#75.configure(28, 88, 2)
[04:53:39.705659] {Default Queue}  -> zwlr_layer_surface_v1#75.ack_configure(28)
[04:53:39.705659] {Default Queue} wp_fractional_scale_v1#72.preferred_scale(120)
[04:53:39.705660] {Default Queue} zwlr_layer_surface_v1#70.configure(29, 1280, 48)
[04:53:39.705660] {Default Queue}  -> zwlr_layer_surface_v1#70.ack_configure(29)
[04:53:39.705661] {Default Queue} zwlr_layer_surface_v1#64.configure(30, 1280, 720)
[04:53:39.705662] {Default Queue}  -> zwlr_layer_surface_v1#64.ack_configure(30)
[04:53:39.705662] {Default Queue} zwlr_layer_surface_v1#75.configure(31, 88, 2)
[04:53:39.705663] {Default Queue}  -> zwlr_layer_surface_v1#75.ack_configure(31)
[04:53:39.705663] {Default Queue} wl_buffer#99.release()
[04:53:39.705664] {Default Queue} zwlr_layer_surface_v1#85.configure(32, 1280, 200)
[04:53:39.705664] {Default Queue}  -> zwlr_layer_surface_v1#85.ack_configure(32)
[04:53:39.705665] {Default Queue} zwlr_layer_surface_v1#80.configure(33, 1280, 720)
[04:53:39.705666] {Default Queue}  -> zwlr_layer_surface_v1#80.ack_configure(33)
[04:53:39.705666] {Default Queue} wp_fractional_scale_v1#77.preferred_scale(120)
[04:53:39.705667] {Default Queue} wl_buffer#103.release()
[04:53:39.705667] wl_surface#76.enter(wl_output#59)
[04:53:39.705669] wl_surface#76.enter(wl_output#34)
[04:53:39.705670] wl_surface#76.preferred_buffer_scale(1)
[04:53:39.705671] wl_surface#65.enter(wl_output#58)
[04:53:39.705672] wl_surface#65.enter(wl_output#31)
[04:53:39.705673] wl_surface#65.preferred_buffer_scale(1)
[04:53:39.705673] wl_surface#66.enter(wl_output#58)
[04:53:39.705692] wl_surface#66.enter(wl_output#31)
[04:53:39.705701] wl_surface#66.preferred_buffer_scale(1)
[04:53:39.705701] wl_surface#60.enter(wl_output#58)
[04:53:39.705702] wl_surface#60.enter(wl_output#31)
[04:53:39.705703] wl_surface#60.preferred_buffer_scale(1)
[04:53:39.705775] {Display Queue} wl_display#1.delete_id(109)
[04:53:39.705776] {Display Queue} wl_display#1.delete_id(113)
[04:53:39.705777] {Default Queue} zwlr_layer_surface_v1#85.configure(34, 1280, 48)
[04:53:39.705778] {Default Queue}  -> zwlr_layer_surface_v1#85.ack_configure(34)
[04:53:39.705778] {Default Queue} zwlr_layer_surface_v1#80.configure(35, 1280, 720)
[04:53:39.705779] {Default Queue}  -> zwlr_layer_surface_v1#80.ack_configure(35)
[04:53:39.705780] {Default Queue} wp_fractional_scale_v1#82.preferred_scale(120)
[04:53:39.705780] {Default Queue} zwlr_layer_surface_v1#85.configure(36, 1280, 48)
[04:53:39.705781] {Default Queue}  -> zwlr_layer_surface_v1#85.ack_configure(36)
[04:53:39.705782] {Default Queue} zwlr_layer_surface_v1#80.configure(37, 1280, 720)
[04:53:39.705782] {Default Queue}  -> zwlr_layer_surface_v1#80.ack_configure(37)
[04:53:39.705783] {Default Queue} wl_buffer#108.release()
[04:53:39.705783] wl_surface#71.enter(wl_output#59)
[04:53:39.705794] wl_surface#71.enter(wl_output#34)
[04:53:39.705802] wl_surface#71.preferred_buffer_scale(1)
[04:53:39.711836] {Display Queue} wl_display#1.delete_id(89)
[04:53:39.711840] {Display Queue} wl_display#1.delete_id(94)
[04:53:39.711842] {Display Queue} wl_display#1.delete_id(100)
[04:53:39.711843] {Display Queue} wl_display#1.delete_id(90)
[04:53:39.711843] {Display Queue} wl_display#1.delete_id(95)
[04:53:39.711844] {Display Queue} wl_display#1.delete_id(101)
[04:53:39.711844] {Default Queue} wl_callback#89.done(56393327)
[04:53:39.711852] {Default Queue} wl_callback#94.done(56393327)
[04:53:39.711853] {Default Queue} wl_callback#100.done(56393327)
[04:53:39.711854] {Default Queue} wp_presentation_feedback#90.sync_output(wl_output#58)
[04:53:39.711855] {Default Queue} wp_presentation_feedback#90.sync_output(wl_output#31)
[04:53:39.711856] {Default Queue} wp_presentation_feedback#90.presented(0, 56393, 327612034, 0, 0, 0, 0)
[04:53:39.711858] {Default Queue} wp_presentation_feedback#95.sync_output(wl_output#58)
[04:53:39.711859] {Default Queue} wp_presentation_feedback#95.sync_output(wl_output#31)
[04:53:39.711860] {Default Queue} wp_presentation_feedback#95.presented(0, 56393, 327612034, 0, 0, 0, 0)
[04:53:39.711861] {Default Queue} wp_presentation_feedback#101.sync_output(wl_output#58)
[04:53:39.711861] {Default Queue} wp_presentation_feedback#101.sync_output(wl_output#31)
[04:53:39.711862] {Default Queue} wp_presentation_feedback#101.presented(0, 56393, 327612034, 0, 0, 0, 0)
[04:53:39.711863] wl_surface#65.preferred_buffer_transform(0)
[04:53:39.711864] wl_surface#66.preferred_buffer_transform(0)
[04:53:39.711865] wl_surface#60.preferred_buffer_transform(0)
[04:53:39.711892] {Default Queue}  -> wl_compositor#4.create_region(new id wl_region#101)
[04:53:39.711894]  -> wl_surface#60.set_input_region(wl_region#101)
[04:53:39.711895] {Default Queue}  -> wl_region#101.destroy()
[04:53:39.711896]  -> wl_surface#60.attach(wl_buffer#87, 0, 0)
[04:53:39.711897]  -> wl_surface#60.frame(new id wl_callback#95)
[04:53:39.711898] {Default Queue}  -> wp_presentation#23.feedback(wl_surface#60, new id wp_presentation_feedback#90)
[04:53:39.711899]  -> wl_surface#60.commit()
[04:53:39.711947] {Default Queue}  -> wl_compositor#4.create_region(new id wl_region#100)
[04:53:39.711948] {Default Queue}  -> wl_region#100.add(19, 4, 641, 1)
[04:53:39.711949] {Default Queue}  -> wl_region#100.add(690, 4, 105, 1)
[04:53:39.711950] {Default Queue}  -> wl_region#100.add(888, 4, 373, 1)
[04:53:39.711951] {Default Queue}  -> wl_region#100.add(17, 5, 645, 1)
[04:53:39.711951] {Default Queue}  -> wl_region#100.add(688, 5, 109, 1)
[04:53:39.711952] {Default Queue}  -> wl_region#100.add(886, 5, 377, 1)
[04:53:39.711952] {Default Queue}  -> wl_region#100.add(16, 6, 647, 1)
[04:53:39.711953] {Default Queue}  -> wl_region#100.add(687, 6, 111, 1)
[04:53:39.711954] {Default Queue}  -> wl_region#100.add(885, 6, 379, 1)
[04:53:39.711954] {Default Queue}  -> wl_region#100.add(15, 7, 649, 1)
[04:53:39.711955] {Default Queue}  -> wl_region#100.add(686, 7, 113, 1)
[04:53:39.711956] {Default Queue}  -> wl_region#100.add(884, 7, 381, 1)
[04:53:39.711956] {Default Queue}  -> wl_region#100.add(14, 8, 651, 1)
[04:53:39.711957] {Default Queue}  -> wl_region#100.add(685, 8, 115, 1)
[04:53:39.711957] {Default Queue}  -> wl_region#100.add(883, 8, 383, 1)
[04:53:39.711958] {Default Queue}  -> wl_region#100.add(13, 9, 653, 1)
[04:53:39.711958] {Default Queue}  -> wl_region#100.add(684, 9, 117, 1)
[04:53:39.711959] {Default Queue}  -> wl_region#100.add(882, 9, 385, 1)
[04:53:39.711960] {Default Queue}  -> wl_region#100.add(12, 10, 655, 2)
[04:53:39.711960] {Default Queue}  -> wl_region#100.add(683, 10, 119, 2)
[04:53:39.711961] {Default Queue}  -> wl_region#100.add(881, 10, 387, 2)
[04:53:39.711961] {Default Queue}  -> wl_region#100.add(11, 12, 657, 5)
[04:53:39.711962] {Default Queue}  -> wl_region#100.add(682, 12, 121, 5)
[04:53:39.711963] {Default Queue}  -> wl_region#100.add(880, 12, 389, 5)
[04:53:39.711963] {Default Queue}  -> wl_region#100.add(10, 17, 659, 14)
[04:53:39.711964] {Default Queue}  -> wl_region#100.add(681, 17, 123, 14)
[04:53:39.711964] {Default Queue}  -> wl_region#100.add(879, 17, 391, 14)
[04:53:39.711965] {Default Queue}  -> wl_region#100.add(11, 31, 657, 5)
[04:53:39.711966] {Default Queue}  -> wl_region#100.add(682, 31, 121, 5)
[04:53:39.711966] {Default Queue}  -> wl_region#100.add(880, 31, 389, 5)
[04:53:39.711967] {Default Queue}  -> wl_region#100.add(12, 36, 655, 2)
[04:53:39.711967] {Default Queue}  -> wl_region#100.add(683, 36, 119, 2)
[04:53:39.711968] {Default Queue}  -> wl_region#100.add(881, 36, 387, 2)
[04:53:39.711969] {Default Queue}  -> wl_region#100.add(13, 38, 653, 1)
[04:53:39.711969] {Default Queue}  -> wl_region#100.add(684, 38, 117, 1)
[04:53:39.711970] {Default Queue}  -> wl_region#100.add(882, 38, 385, 1)
[04:53:39.711970] {Default Queue}  -> wl_region#100.add(14, 39, 651, 1)
[04:53:39.711971] {Default Queue}  -> wl_region#100.add(685, 39, 115, 1)
[04:53:39.711972] {Default Queue}  -> wl_region#100.add(883, 39, 383, 1)
[04:53:39.711972] {Default Queue}  -> wl_region#100.add(15, 40, 649, 1)
[04:53:39.711973] {Default Queue}  -> wl_region#100.add(686, 40, 113, 1)
[04:53:39.711973] {Default Queue}  -> wl_region#100.add(884, 40, 381, 1)
[04:53:39.711974] {Default Queue}  -> wl_region#100.add(16, 41, 647, 1)
[04:53:39.711974] {Default Queue}  -> wl_region#100.add(687, 41, 111, 1)
[04:53:39.711975] {Default Queue}  -> wl_region#100.add(885, 41, 379, 1)
[04:53:39.711976] {Default Queue}  -> wl_region#100.add(17, 42, 645, 1)
[04:53:39.711976] {Default Queue}  -> wl_region#100.add(688, 42, 109, 1)
[04:53:39.711977] {Default Queue}  -> wl_region#100.add(886, 42, 377, 1)
[04:53:39.711977] {Default Queue}  -> wl_region#100.add(19, 43, 641, 1)
[04:53:39.711978] {Default Queue}  -> wl_region#100.add(690, 43, 105, 1)
[04:53:39.711979] {Default Queue}  -> wl_region#100.add(888, 43, 373, 1)
[04:53:39.711979]  -> wl_surface#66.set_input_region(wl_region#100)
[04:53:39.711980] {Default Queue}  -> wl_region#100.destroy()
[04:53:39.711980]  -> wl_surface#66.attach(wl_buffer#92, 0, 0)
[04:53:39.711981]  -> wl_surface#66.frame(new id wl_callback#94)
[04:53:39.711982] {Default Queue}  -> wp_presentation#23.feedback(wl_surface#66, new id wp_presentation_feedback#89)
[04:53:39.711983]  -> wl_surface#66.commit()
[04:53:39.711997]  -> wl_surface#65.attach(wl_buffer#99, 0, 0)
[04:53:39.711998]  -> wl_surface#65.frame(new id wl_callback#113)
[04:53:39.711999] {Default Queue}  -> wp_presentation#23.feedback(wl_surface#65, new id wp_presentation_feedback#109)
[04:53:39.711999]  -> wl_surface#65.commit()
[04:53:39.713967] {Display Queue} wl_display#1.delete_id(105)
[04:53:39.713971] {Display Queue} wl_display#1.delete_id(110)
[04:53:39.713972] {Display Queue} wl_display#1.delete_id(106)
[04:53:39.713973] {Display Queue} wl_display#1.delete_id(111)
[04:53:39.713973] {Default Queue} wl_callback#105.done(56393327)
[04:53:39.713977] {Default Queue} wl_callback#110.done(56393327)
[04:53:39.713979] {Default Queue} wp_presentation_feedback#106.sync_output(wl_output#59)
[04:53:39.713980] {Default Queue} wp_presentation_feedback#106.sync_output(wl_output#34)
[04:53:39.713981] {Default Queue} wp_presentation_feedback#106.presented(0, 56393, 329680843, 0, 0, 0, 0)
[04:53:39.713983] {Default Queue} wp_presentation_feedback#111.sync_output(wl_output#59)
[04:53:39.713983] {Default Queue} wp_presentation_feedback#111.sync_output(wl_output#34)
[04:53:39.713984] {Default Queue} wp_presentation_feedback#111.presented(0, 56393, 329680843, 0, 0, 0, 0)
[04:53:39.713985] wl_surface#71.preferred_buffer_transform(0)
[04:53:39.713986] wl_surface#76.preferred_buffer_transform(0)
[04:53:39.714013] {Default Queue}  -> wl_compositor#4.create_region(new id wl_region#111)
[04:53:39.714014]  -> wl_surface#76.set_input_region(wl_region#111)
[04:53:39.714015] {Default Queue}  -> wl_region#111.destroy()
[04:53:39.714016]  -> wl_surface#76.attach(wl_buffer#103, 0, 0)
[04:53:39.714017]  -> wl_surface#76.frame(new id wl_callback#106)
[04:53:39.714019] {Default Queue}  -> wp_presentation#23.feedback(wl_surface#76, new id wp_presentation_feedback#110)
[04:53:39.714020]  -> wl_surface#76.commit()
[04:53:39.714059] {Default Queue}  -> wl_compositor#4.create_region(new id wl_region#105)
[04:53:39.714060] {Default Queue}  -> wl_region#105.add(19, 4, 525, 1)
[04:53:39.714061] {Default Queue}  -> wl_region#105.add(588, 4, 105, 1)
[04:53:39.714061] {Default Queue}  -> wl_region#105.add(888, 4, 373, 1)
[04:53:39.714062] {Default Queue}  -> wl_region#105.add(17, 5, 529, 1)
[04:53:39.714062] {Default Queue}  -> wl_region#105.add(586, 5, 109, 1)
[04:53:39.714063] {Default Queue}  -> wl_region#105.add(886, 5, 377, 1)
[04:53:39.714064] {Default Queue}  -> wl_region#105.add(16, 6, 531, 1)
[04:53:39.714064] {Default Queue}  -> wl_region#105.add(585, 6, 111, 1)
[04:53:39.714065] {Default Queue}  -> wl_region#105.add(885, 6, 379, 1)
[04:53:39.714065] {Default Queue}  -> wl_region#105.add(15, 7, 533, 1)
[04:53:39.714066] {Default Queue}  -> wl_region#105.add(584, 7, 113, 1)
[04:53:39.714067] {Default Queue}  -> wl_region#105.add(884, 7, 381, 1)
[04:53:39.714067] {Default Queue}  -> wl_region#105.add(14, 8, 535, 1)
[04:53:39.714068] {Default Queue}  -> wl_region#105.add(583, 8, 115, 1)
[04:53:39.714068] {Default Queue}  -> wl_region#105.add(883, 8, 383, 1)
[04:53:39.714069] {Default Queue}  -> wl_region#105.add(13, 9, 537, 1)
[04:53:39.714070] {Default Queue}  -> wl_region#105.add(582, 9, 117, 1)
[04:53:39.714070] {Default Queue}  -> wl_region#105.add(882, 9, 385, 1)
[04:53:39.714071] {Default Queue}  -> wl_region#105.add(12, 10, 539, 2)
[04:53:39.714071] {Default Queue}  -> wl_region#105.add(581, 10, 119, 2)
[04:53:39.714072] {Default Queue}  -> wl_region#105.add(881, 10, 387, 2)
[04:53:39.714073] {Default Queue}  -> wl_region#105.add(11, 12, 541, 5)
[04:53:39.714073] {Default Queue}  -> wl_region#105.add(580, 12, 121, 5)
[04:53:39.714074] {Default Queue}  -> wl_region#105.add(880, 12, 389, 5)
[04:53:39.714074] {Default Queue}  -> wl_region#105.add(10, 17, 543, 14)
[04:53:39.714075] {Default Queue}  -> wl_region#105.add(579, 17, 123, 14)
[04:53:39.714076] {Default Queue}  -> wl_region#105.add(879, 17, 391, 14)
[04:53:39.714076] {Default Queue}  -> wl_region#105.add(11, 31, 541, 5)
[04:53:39.714077] {Default Queue}  -> wl_region#105.add(580, 31, 121, 5)
[04:53:39.714077] {Default Queue}  -> wl_region#105.add(880, 31, 389, 5)
[04:53:39.714078] {Default Queue}  -> wl_region#105.add(12, 36, 539, 2)
[04:53:39.714079] {Default Queue}  -> wl_region#105.add(581, 36, 119, 2)
[04:53:39.714079] {Default Queue}  -> wl_region#105.add(881, 36, 387, 2)
[04:53:39.714080] {Default Queue}  -> wl_region#105.add(13, 38, 537, 1)
[04:53:39.714080] {Default Queue}  -> wl_region#105.add(582, 38, 117, 1)
[04:53:39.714081] {Default Queue}  -> wl_region#105.add(882, 38, 385, 1)
[04:53:39.714081] {Default Queue}  -> wl_region#105.add(14, 39, 535, 1)
[04:53:39.714082] {Default Queue}  -> wl_region#105.add(583, 39, 115, 1)
[04:53:39.714083] {Default Queue}  -> wl_region#105.add(883, 39, 383, 1)
[04:53:39.714083] {Default Queue}  -> wl_region#105.add(15, 40, 533, 1)
[04:53:39.714084] {Default Queue}  -> wl_region#105.add(584, 40, 113, 1)
[04:53:39.714084] {Default Queue}  -> wl_region#105.add(884, 40, 381, 1)
[04:53:39.714085] {Default Queue}  -> wl_region#105.add(16, 41, 531, 1)
[04:53:39.714085] {Default Queue}  -> wl_region#105.add(585, 41, 111, 1)
[04:53:39.714086] {Default Queue}  -> wl_region#105.add(885, 41, 379, 1)
[04:53:39.714087] {Default Queue}  -> wl_region#105.add(17, 42, 529, 1)
[04:53:39.714087] {Default Queue}  -> wl_region#105.add(586, 42, 109, 1)
[04:53:39.714088] {Default Queue}  -> wl_region#105.add(886, 42, 377, 1)
[04:53:39.714088] {Default Queue}  -> wl_region#105.add(19, 43, 525, 1)
[04:53:39.714089] {Default Queue}  -> wl_region#105.add(588, 43, 105, 1)
[04:53:39.714090] {Default Queue}  -> wl_region#105.add(888, 43, 373, 1)
[04:53:39.714090]  -> wl_surface#71.set_input_region(wl_region#105)
[04:53:39.714091] {Default Queue}  -> wl_region#105.destroy()
[04:53:39.714092]  -> wl_surface#71.attach(wl_buffer#108, 0, 0)
[04:53:39.714092]  -> wl_surface#71.frame(new id wl_callback#104)
[04:53:39.714093] {Default Queue}  -> wp_presentation#23.feedback(wl_surface#71, new id wp_presentation_feedback#97)
[04:53:39.714094]  -> wl_surface#71.commit()
[04:53:39.714102] {Display Queue} wl_display#1.delete_id(101)
[04:53:39.714103] {Display Queue} wl_display#1.delete_id(100)
[04:53:39.714104] {Default Queue} wl_buffer#87.release()
[04:53:39.714104] {Default Queue} wl_buffer#92.release()
[04:53:39.714105] {Default Queue} wl_buffer#99.release()
[04:53:39.714190] {Display Queue} wl_display#1.delete_id(111)
[04:53:39.714191] {Display Queue} wl_display#1.delete_id(105)
[04:53:39.714192] {Default Queue} wl_buffer#103.release()
[04:53:39.714192] {Default Queue} wl_buffer#108.release()
[04:53:39.715749] {Default Queue}  -> wl_compositor#4.create_surface(new id wl_surface#105)
[04:53:39.715755] {Default Queue}  -> wp_fractional_scale_manager_v1#11.get_fractional_scale(new id wp_fractional_scale_v1#111, wl_surface#105)
[04:53:39.715757] {Default Queue}  -> wp_viewporter#10.get_viewport(new id wp_viewport#100, wl_surface#105)
[04:53:39.715775] {Default Queue}  -> xdg_toplevel_icon_manager_v1#9.create_icon(new id xdg_toplevel_icon_v1#101)
[04:53:39.715786] {Default Queue}  -> zwlr_layer_shell_v1#49.get_layer_surface(new id zwlr_layer_surface_v1#93, wl_surface#105, wl_output#31, 3, "pearl:popup")
[04:53:39.715789] {Default Queue}  -> zwlr_layer_surface_v1#93.set_keyboard_interactivity(1)
[04:53:39.715790] {Default Queue}  -> zwlr_layer_surface_v1#93.set_exclusive_zone(0)
[04:53:39.715790] {Default Queue}  -> zwlr_layer_surface_v1#93.set_anchor(15)
[04:53:39.715791] {Default Queue}  -> zwlr_layer_surface_v1#93.set_margin(0, 0, 0, 0)
[04:53:39.715792] {Default Queue}  -> zwlr_layer_surface_v1#93.set_size(0, 0)
[04:53:39.715797]  -> wl_surface#105.commit()
[04:53:39.715878] {Default Queue}  -> ext_background_effect_manager_v1#48.get_background_effect(new id ext_background_effect_surface_v1#88, wl_surface#105)
[04:53:39.715880] {Default Queue}  -> wl_compositor#46.create_region(new id wl_region#86)
[04:53:39.715886] {Default Queue}  -> wl_region#86.add(-11, -20, 22, 1)
[04:53:39.715888] {Default Queue}  -> wl_region#86.add(-13, -19, 26, 1)
[04:53:39.715888] {Default Queue}  -> wl_region#86.add(-14, -18, 28, 1)
[04:53:39.715889] {Default Queue}  -> wl_region#86.add(-15, -17, 30, 1)
[04:53:39.715890] {Default Queue}  -> wl_region#86.add(-16, -16, 32, 1)
[04:53:39.715890] {Default Queue}  -> wl_region#86.add(-17, -15, 34, 1)
[04:53:39.715891] {Default Queue}  -> wl_region#86.add(-18, -14, 36, 2)
[04:53:39.715892] {Default Queue}  -> wl_region#86.add(-19, -12, 38, 5)
[04:53:39.715892] {Default Queue}  -> wl_region#86.add(-20, -7, 40, 14)
[04:53:39.715893] {Default Queue}  -> wl_region#86.add(-19, 7, 38, 5)
[04:53:39.715893] {Default Queue}  -> wl_region#86.add(-18, 12, 36, 2)
[04:53:39.715894] {Default Queue}  -> wl_region#86.add(-17, 14, 34, 1)
[04:53:39.715895] {Default Queue}  -> wl_region#86.add(-16, 15, 32, 1)
[04:53:39.715895] {Default Queue}  -> wl_region#86.add(-15, 16, 30, 1)
[04:53:39.715896] {Default Queue}  -> wl_region#86.add(-14, 17, 28, 1)
[04:53:39.715897] {Default Queue}  -> wl_region#86.add(-13, 18, 26, 1)
[04:53:39.715897] {Default Queue}  -> wl_region#86.add(-11, 19, 22, 1)
[04:53:39.715898] {Default Queue}  -> ext_background_effect_surface_v1#88.set_blur_region(wl_region#86)
[04:53:39.715900] {Default Queue}  -> wl_region#86.destroy()
[04:53:39.715949] {Default Queue}  -> wl_display#1.get_registry(new id wl_registry#114)
[04:53:39.715957] {Default Queue}  -> xdg_activation_v1#15.get_activation_token(new id xdg_activation_token_v1#115)
[04:53:39.715959]  -> xdg_activation_token_v1#115.set_serial(0, wl_seat#3)
[04:53:39.715960]  -> xdg_activation_token_v1#115.commit()
[04:53:39.716061] {Display Queue} wl_display#1.delete_id(86)
[04:53:39.716089] xdg_activation_token_v1#115.done("074cd5bce2cbf199a734db97b2689620")
[04:53:39.716094]  -> xdg_activation_token_v1#115.destroy()
[04:53:39.716095] {Default Queue}  -> xdg_activation_v1#15.activate("074cd5bce2cbf199a734db97b2689620", wl_surface#105)
info: event=popup-opened output=1
[04:53:39.716111] {Default Queue} zwlr_layer_surface_v1#70.configure(38, 1280, 48)
[04:53:39.716115] {Default Queue}  -> zwlr_layer_surface_v1#70.ack_configure(38)
[04:53:39.716116] {Default Queue} zwlr_layer_surface_v1#64.configure(39, 1280, 720)
[04:53:39.716117] {Default Queue}  -> zwlr_layer_surface_v1#64.ack_configure(39)
[04:53:39.716118] {Default Queue} zwlr_layer_surface_v1#75.configure(40, 88, 2)
[04:53:39.716121] {Default Queue}  -> zwlr_layer_surface_v1#75.ack_configure(40)
[04:53:39.716122] {Default Queue} zwlr_layer_surface_v1#93.configure(41, 1280, 672)
[04:53:39.716125] {Default Queue}  -> zwlr_layer_surface_v1#93.ack_configure(41)
[04:53:39.716126] {Default Queue} wl_registry#114.global(1, "wl_compositor", 6)
[04:53:39.716127] {Default Queue} wl_registry#114.global(2, "wl_fixes", 1)
[04:53:39.716127] {Default Queue} wl_registry#114.global(3, "wp_security_context_manager_v1", 1)
[04:53:39.716128] {Default Queue} wl_registry#114.global(4, "wl_shm", 2)
[04:53:39.716128] {Default Queue} wl_registry#114.global(5, "wp_single_pixel_buffer_manager_v1", 1)
[04:53:39.716129] {Default Queue} wl_registry#114.global(6, "wp_alpha_modifier_v1", 1)
[04:53:39.716130] {Default Queue} wl_registry#114.global(7, "wp_color_representation_manager_v1", 1)
[04:53:39.716130] {Default Queue} wl_registry#114.global(8, "wp_content_type_manager_v1", 1)
[04:53:39.716131] {Default Queue} wl_registry#114.global(9, "wp_fifo_manager_v1", 1)
[04:53:39.716131] {Default Queue} wl_registry#114.global(10, "wp_commit_timing_manager_v1", 1)
[04:53:39.716132] {Default Queue} wl_registry#114.global(11, "xdg_wm_dialog_v1", 1)
[04:53:39.716133] {Default Queue} wl_registry#114.global(12, "xdg_toplevel_drag_manager_v1", 1)
[04:53:39.716133] {Default Queue} wl_registry#114.global(13, "xdg_toplevel_icon_manager_v1", 1)
[04:53:39.716134] {Default Queue} wl_registry#114.global(14, "xdg_toplevel_tag_manager_v1", 1)
[04:53:39.716134] {Default Queue} wl_registry#114.global(15, "wp_viewporter", 1)
[04:53:39.716135] {Default Queue} wl_registry#114.global(16, "wp_fractional_scale_manager_v1", 1)
[04:53:39.716136] {Default Queue} wl_registry#114.global(17, "wl_subcompositor", 1)
[04:53:39.716136] {Default Queue} wl_registry#114.global(18, "wp_cursor_shape_manager_v1", 2)
[04:53:39.716137] {Default Queue} wl_registry#114.global(19, "xdg_wm_base", 7)
[04:53:39.716137] {Default Queue} wl_registry#114.global(20, "zxdg_decoration_manager_v1", 1)
[04:53:39.716138] {Default Queue} wl_registry#114.global(21, "org_kde_kwin_server_decoration_manager", 1)
[04:53:39.716138] {Default Queue} wl_registry#114.global(22, "xdg_activation_v1", 1)
[04:53:39.716139] {Default Queue} wl_registry#114.global(23, "zxdg_exporter_v2", 1)
[04:53:39.716140] {Default Queue} wl_registry#114.global(24, "zxdg_importer_v2", 1)
[04:53:39.716140] {Default Queue} wl_registry#114.global(25, "wl_data_device_manager", 3)
[04:53:39.716141] {Default Queue} wl_registry#114.global(26, "zwp_primary_selection_device_manager_v1", 1)
[04:53:39.716142] {Default Queue} wl_registry#114.global(27, "ext_data_control_manager_v1", 1)
[04:53:39.716142] {Default Queue} wl_registry#114.global(28, "zwlr_data_control_manager_v1", 2)
[04:53:39.716143] {Default Queue} wl_registry#114.global(29, "zwlr_export_dmabuf_manager_v1", 1)
[04:53:39.716144] {Default Queue} wl_registry#114.global(30, "zwlr_screencopy_manager_v1", 3)
[04:53:39.716144] {Default Queue} wl_registry#114.global(31, "ext_image_copy_capture_manager_v1", 1)
[04:53:39.716145] {Default Queue} wl_registry#114.global(32, "aqueous_capture_color_manager_v1", 1)
[04:53:39.716146] {Default Queue} wl_registry#114.global(33, "ext_output_image_capture_source_manager_v1", 1)
[04:53:39.716146] {Default Queue} wl_registry#114.global(34, "zwlr_foreign_toplevel_manager_v1", 3)
[04:53:39.716147] {Default Queue} wl_registry#114.global(35, "ext_foreign_toplevel_list_v1", 1)
[04:53:39.716147] {Default Queue} wl_registry#114.global(36, "ext_foreign_toplevel_image_capture_source_manager_v1", 1)
[04:53:39.716148] {Default Queue} wl_registry#114.global(37, "wp_tearing_control_manager_v1", 1)
[04:53:39.716149] {Default Queue} wl_registry#114.global(38, "zwp_linux_dmabuf_v1", 5)
[04:53:39.716149] {Default Queue} wl_registry#114.global(39, "wp_linux_drm_syncobj_manager_v1", 1)
[04:53:39.716150] {Default Queue} wl_registry#114.global(40, "wp_color_manager_v1", 3)
[04:53:39.716150] {Default Queue} wl_registry#114.global(41, "aqueous_window_manager_v1", 10)
[04:53:39.716151] {Default Queue} wl_registry#114.global(42, "ext_workspace_manager_v1", 1)
[04:53:39.716151] {Default Queue} wl_registry#114.global(43, "aqueous_window_info_manager_v1", 8)
[04:53:39.716152] {Default Queue} wl_registry#114.global(44, "aqueous_xkb_bindings_v1", 3)
[04:53:39.716153] {Default Queue} wl_registry#114.global(45, "aqueous_layer_shell_v1", 1)
[04:53:39.716153] {Default Queue} wl_registry#114.global(46, "zwlr_layer_shell_v1", 4)
[04:53:39.716154] {Default Queue} wl_registry#114.global(47, "zwlr_gamma_control_manager_v1", 1)
[04:53:39.716154] {Default Queue} wl_registry#114.global(48, "wp_presentation", 2)
[04:53:39.716155] {Default Queue} wl_registry#114.global(49, "zxdg_output_manager_v1", 3)
[04:53:39.716156] {Default Queue} wl_registry#114.global(50, "zwlr_output_manager_v1", 4)
[04:53:39.716156] {Default Queue} wl_registry#114.global(51, "zwlr_output_power_manager_v1", 1)
[04:53:39.716157] {Default Queue} wl_registry#114.global(52, "aqueous_input_manager_v1", 2)
[04:53:39.716158] {Default Queue} wl_registry#114.global(53, "ext_idle_notifier_v1", 2)
[04:53:39.716158] {Default Queue} wl_registry#114.global(54, "zwp_relative_pointer_manager_v1", 1)
[04:53:39.716159] {Default Queue} wl_registry#114.global(55, "zwp_pointer_gestures_v1", 3)
[04:53:39.716160] {Default Queue} wl_registry#114.global(56, "zwlr_virtual_pointer_manager_v1", 2)
[04:53:39.716160] {Default Queue} wl_registry#114.global(57, "zwp_virtual_keyboard_manager_v1", 1)
[04:53:39.716161] {Default Queue} wl_registry#114.global(58, "zwp_pointer_constraints_v1", 1)
[04:53:39.716162] {Default Queue} wl_registry#114.global(59, "zwp_input_method_manager_v2", 1)
[04:53:39.716163] {Default Queue} wl_registry#114.global(60, "zwp_text_input_manager_v3", 1)
[04:53:39.716163] {Default Queue}  -> wl_registry#114.bind(60, "zwp_text_input_manager_v3", 1, new id [unknown]#86)
[04:53:39.716165] {Default Queue}  -> zwp_text_input_manager_v3#86.get_text_input(new id zwp_text_input_v3#116, wl_seat#3)
[04:53:39.716166] {Default Queue} wl_registry#114.global(61, "zwp_tablet_manager_v2", 1)
[04:53:39.716166] {Default Queue} wl_registry#114.global(62, "wp_pointer_warp_v1", 1)
[04:53:39.716167] {Default Queue} wl_registry#114.global(63, "wl_seat", 9)
[04:53:39.716168] {Default Queue} wl_registry#114.global(64, "aqueous_libinput_config_v1", 2)
[04:53:39.716168] {Default Queue} wl_registry#114.global(65, "aqueous_xkb_config_v1", 2)
[04:53:39.716169] {Default Queue} wl_registry#114.global(66, "zwp_idle_inhibit_manager_v1", 1)
[04:53:39.716169] {Default Queue} wl_registry#114.global(67, "ext_session_lock_manager_v1", 1)
[04:53:39.716170] {Default Queue} wl_registry#114.global(68, "aqueous_shell_manager_v1", 2)
[04:53:39.716171] {Default Queue} wl_registry#114.global(69, "zwp_keyboard_shortcuts_inhibit_manager_v1", 1)
[04:53:39.716171] {Default Queue} wl_registry#114.global(70, "ext_background_effect_manager_v1", 1)
[04:53:39.716172] {Default Queue} wl_registry#114.global(71, "xdg_system_bell_v1", 1)
[04:53:39.716172] {Default Queue} wl_registry#114.global(72, "wl_output", 4)
[04:53:39.716173] {Default Queue} wl_registry#114.global(73, "wl_output", 4)
[04:53:39.718430] {Default Queue}  -> wl_shm#5.create_pool(new id wl_shm_pool#117, fd 16, 3440640)
[04:53:39.718436] {Default Queue}  -> wl_shm_pool#117.create_buffer(new id wl_buffer#118, 0, 1280, 672, 5120, 0)
[04:53:39.719470] {Default Queue}  -> wl_compositor#4.create_region(new id wl_region#119)
[04:53:39.719473] {Default Queue}  -> wl_region#119.add(377, 90, 526, 54)
[04:53:39.719474]  -> wl_surface#105.set_opaque_region(wl_region#119)
[04:53:39.719475] {Default Queue}  -> wl_region#119.destroy()
[04:53:39.719476] {Default Queue}  -> wp_viewport#100.set_destination(1280, 672)
[04:53:39.719477]  -> wl_surface#105.attach(wl_buffer#118, 0, 0)
[04:53:39.719479]  -> wl_surface#105.damage_buffer(0, 0, 1280, 672)
[04:53:39.719480]  -> wl_surface#105.frame(new id wl_callback#120)
[04:53:39.719481] {Default Queue}  -> wp_presentation#23.feedback(wl_surface#105, new id wp_presentation_feedback#121)
[04:53:39.719483]  -> wl_surface#105.commit()
[04:53:39.719487] {Default Queue}  -> wl_compositor#46.create_region(new id wl_region#122)
[04:53:39.719516] {Default Queue}  -> wl_region#122.add(339, 36, 602, 1)
[04:53:39.719517] {Default Queue}  -> wl_region#122.add(337, 37, 606, 1)
[04:53:39.719518] {Default Queue}  -> wl_region#122.add(336, 38, 608, 1)
[04:53:39.719518] {Default Queue}  -> wl_region#122.add(335, 39, 610, 1)
[04:53:39.719519] {Default Queue}  -> wl_region#122.add(334, 40, 612, 1)
[04:53:39.719520] {Default Queue}  -> wl_region#122.add(333, 41, 614, 1)
[04:53:39.719520] {Default Queue}  -> wl_region#122.add(332, 42, 616, 2)
[04:53:39.719521] {Default Queue}  -> wl_region#122.add(331, 44, 618, 5)
[04:53:39.719522] {Default Queue}  -> wl_region#122.add(330, 49, 620, 574)
[04:53:39.719522] {Default Queue}  -> wl_region#122.add(331, 623, 618, 5)
[04:53:39.719523] {Default Queue}  -> wl_region#122.add(332, 628, 616, 2)
[04:53:39.719524] {Default Queue}  -> wl_region#122.add(333, 630, 614, 1)
[04:53:39.719524] {Default Queue}  -> wl_region#122.add(334, 631, 612, 1)
[04:53:39.719525] {Default Queue}  -> wl_region#122.add(335, 632, 610, 1)
[04:53:39.719526] {Default Queue}  -> wl_region#122.add(336, 633, 608, 1)
[04:53:39.719526] {Default Queue}  -> wl_region#122.add(337, 634, 606, 1)
[04:53:39.719527] {Default Queue}  -> wl_region#122.add(339, 635, 602, 1)
[04:53:39.719528] {Default Queue}  -> ext_background_effect_surface_v1#88.set_blur_region(wl_region#122)
[04:53:39.719529] {Default Queue}  -> wl_region#122.destroy()
info: event=launcher-results count=112 shown=112 publish_us=5847
[04:53:39.722044] {Display Queue} wl_display#1.delete_id(115)
[04:53:39.722048] {Display Queue} wl_display#1.delete_id(119)
[04:53:39.722049] {Display Queue} wl_display#1.delete_id(122)
[04:53:39.722050] {Default Queue} zwlr_layer_surface_v1#70.configure(42, 1280, 48)
[04:53:39.722054] {Default Queue}  -> zwlr_layer_surface_v1#70.ack_configure(42)
[04:53:39.722055] {Default Queue} zwlr_layer_surface_v1#64.configure(43, 1280, 720)
[04:53:39.722056] {Default Queue}  -> zwlr_layer_surface_v1#64.ack_configure(43)
[04:53:39.722057] {Default Queue} zwlr_layer_surface_v1#75.configure(44, 88, 2)
[04:53:39.722059] {Default Queue}  -> zwlr_layer_surface_v1#75.ack_configure(44)
[04:53:39.722059] {Default Queue} zwlr_layer_surface_v1#93.configure(45, 1280, 672)
[04:53:39.722060] {Default Queue}  -> zwlr_layer_surface_v1#93.ack_configure(45)
[04:53:39.722061] {Default Queue} wp_fractional_scale_v1#111.preferred_scale(120)
[04:53:39.722061] {Default Queue} wl_buffer#118.release()
[04:53:39.722062] {Default Queue} wl_data_device#38.selection(nil)
[04:53:39.722066] {Default Queue} zwp_primary_selection_device_v1#37.selection(nil)
[04:53:39.722068] wl_surface#105.enter(wl_output#58)
[04:53:39.722119] wl_surface#105.enter(wl_output#31)
[04:53:39.722130] wl_surface#105.preferred_buffer_scale(1)
info: event=launcher-results count=112 shown=112 publish_us=3380
[04:53:39.728358] {Display Queue} wl_display#1.delete_id(95)
[04:53:39.728362] {Display Queue} wl_display#1.delete_id(94)
[04:53:39.728363] {Display Queue} wl_display#1.delete_id(113)
[04:53:39.728363] {Display Queue} wl_display#1.delete_id(120)
[04:53:39.728364] {Display Queue} wl_display#1.delete_id(90)
[04:53:39.728365] {Display Queue} wl_display#1.delete_id(89)
[04:53:39.728365] {Display Queue} wl_display#1.delete_id(109)
[04:53:39.728365] {Display Queue} wl_display#1.delete_id(121)
[04:53:39.728366] {Default Queue} wl_callback#95.done(56393344)
[04:53:39.728370] {Default Queue} wl_callback#94.done(56393344)
[04:53:39.728371] {Default Queue} wl_callback#113.done(56393344)
[04:53:39.728373] {Default Queue} wl_callback#120.done(56393344)
[04:53:39.728374] {Default Queue} wp_presentation_feedback#90.sync_output(wl_output#58)
[04:53:39.728375] {Default Queue} wp_presentation_feedback#90.sync_output(wl_output#31)
[04:53:39.728376] {Default Queue} wp_presentation_feedback#90.presented(0, 56393, 344130976, 0, 0, 0, 0)
[04:53:39.728377] {Default Queue} wp_presentation_feedback#89.sync_output(wl_output#58)
[04:53:39.728378] {Default Queue} wp_presentation_feedback#89.sync_output(wl_output#31)
[04:53:39.728379] {Default Queue} wp_presentation_feedback#89.presented(0, 56393, 344130976, 0, 0, 0, 0)
[04:53:39.728380] {Default Queue} wp_presentation_feedback#109.sync_output(wl_output#58)
[04:53:39.728381] {Default Queue} wp_presentation_feedback#109.sync_output(wl_output#31)
[04:53:39.728381] {Default Queue} wp_presentation_feedback#109.presented(0, 56393, 344130976, 0, 0, 0, 0)
[04:53:39.728382] {Default Queue} wp_presentation_feedback#121.sync_output(wl_output#58)
[04:53:39.728383] {Default Queue} wp_presentation_feedback#121.sync_output(wl_output#31)
[04:53:39.728383] {Default Queue} wp_presentation_feedback#121.presented(0, 56393, 344130976, 0, 0, 0, 0)
[04:53:39.728385] wl_surface#105.preferred_buffer_transform(0)
[04:53:39.728395]  -> wl_surface#60.commit()
[04:53:39.728579]  -> wl_surface#66.attach(wl_buffer#92, 0, 0)
[04:53:39.728581]  -> wl_surface#66.damage_buffer(4, 4, 806, 40)
[04:53:39.728582]  -> wl_surface#66.frame(new id wl_callback#121)
[04:53:39.728583] {Default Queue}  -> wp_presentation#23.feedback(wl_surface#66, new id wp_presentation_feedback#109)
[04:53:39.728584]  -> wl_surface#66.commit()
[04:53:39.728605] {Default Queue}  -> wl_compositor#46.create_region(new id wl_region#89)
[04:53:39.728617] {Default Queue}  -> wl_region#89.add(19, 4, 504, 1)
[04:53:39.728618] {Default Queue}  -> wl_region#89.add(588, 4, 105, 1)
[04:53:39.728619] {Default Queue}  -> wl_region#89.add(888, 4, 373, 1)
[04:53:39.728620] {Default Queue}  -> wl_region#89.add(17, 5, 508, 1)
[04:53:39.728620] {Default Queue}  -> wl_region#89.add(586, 5, 109, 1)
[04:53:39.728621] {Default Queue}  -> wl_region#89.add(886, 5, 377, 1)
[04:53:39.728621] {Default Queue}  -> wl_region#89.add(16, 6, 510, 1)
[04:53:39.728622] {Default Queue}  -> wl_region#89.add(585, 6, 111, 1)
[04:53:39.728623] {Default Queue}  -> wl_region#89.add(885, 6, 379, 1)
[04:53:39.728623] {Default Queue}  -> wl_region#89.add(15, 7, 512, 1)
[04:53:39.728624] {Default Queue}  -> wl_region#89.add(584, 7, 113, 1)
[04:53:39.728624] {Default Queue}  -> wl_region#89.add(884, 7, 381, 1)
[04:53:39.728625] {Default Queue}  -> wl_region#89.add(14, 8, 514, 1)
[04:53:39.728626] {Default Queue}  -> wl_region#89.add(583, 8, 115, 1)
[04:53:39.728626] {Default Queue}  -> wl_region#89.add(883, 8, 383, 1)
[04:53:39.728627] {Default Queue}  -> wl_region#89.add(13, 9, 516, 1)
[04:53:39.728627] {Default Queue}  -> wl_region#89.add(582, 9, 117, 1)
[04:53:39.728628] {Default Queue}  -> wl_region#89.add(882, 9, 385, 1)
[04:53:39.728629] {Default Queue}  -> wl_region#89.add(12, 10, 518, 2)
[04:53:39.728629] {Default Queue}  -> wl_region#89.add(581, 10, 119, 2)
[04:53:39.728630] {Default Queue}  -> wl_region#89.add(881, 10, 387, 2)
[04:53:39.728631] {Default Queue}  -> wl_region#89.add(11, 12, 520, 5)
[04:53:39.728631] {Default Queue}  -> wl_region#89.add(580, 12, 121, 5)
[04:53:39.728632] {Default Queue}  -> wl_region#89.add(880, 12, 389, 5)
[04:53:39.728633] {Default Queue}  -> wl_region#89.add(10, 17, 522, 14)
[04:53:39.728633] {Default Queue}  -> wl_region#89.add(579, 17, 123, 14)
[04:53:39.728634] {Default Queue}  -> wl_region#89.add(879, 17, 391, 14)
[04:53:39.728634] {Default Queue}  -> wl_region#89.add(11, 31, 520, 5)
[04:53:39.728635] {Default Queue}  -> wl_region#89.add(580, 31, 121, 5)
[04:53:39.728636] {Default Queue}  -> wl_region#89.add(880, 31, 389, 5)
[04:53:39.728636] {Default Queue}  -> wl_region#89.add(12, 36, 518, 2)
[04:53:39.728637] {Default Queue}  -> wl_region#89.add(581, 36, 119, 2)
[04:53:39.728637] {Default Queue}  -> wl_region#89.add(881, 36, 387, 2)
[04:53:39.728638] {Default Queue}  -> wl_region#89.add(13, 38, 516, 1)
[04:53:39.728639] {Default Queue}  -> wl_region#89.add(582, 38, 117, 1)
[04:53:39.728639] {Default Queue}  -> wl_region#89.add(882, 38, 385, 1)
[04:53:39.728640] {Default Queue}  -> wl_region#89.add(14, 39, 514, 1)
[04:53:39.728640] {Default Queue}  -> wl_region#89.add(583, 39, 115, 1)
[04:53:39.728641] {Default Queue}  -> wl_region#89.add(883, 39, 383, 1)
[04:53:39.728642] {Default Queue}  -> wl_region#89.add(15, 40, 512, 1)
[04:53:39.728642] {Default Queue}  -> wl_region#89.add(584, 40, 113, 1)
[04:53:39.728643] {Default Queue}  -> wl_region#89.add(884, 40, 381, 1)
[04:53:39.728643] {Default Queue}  -> wl_region#89.add(16, 41, 510, 1)
[04:53:39.728644] {Default Queue}  -> wl_region#89.add(585, 41, 111, 1)
[04:53:39.728645] {Default Queue}  -> wl_region#89.add(885, 41, 379, 1)
[04:53:39.728645] {Default Queue}  -> wl_region#89.add(17, 42, 508, 1)
[04:53:39.728646] {Default Queue}  -> wl_region#89.add(586, 42, 109, 1)
[04:53:39.728646] {Default Queue}  -> wl_region#89.add(886, 42, 377, 1)
[04:53:39.728647] {Default Queue}  -> wl_region#89.add(19, 43, 504, 1)
[04:53:39.728648] {Default Queue}  -> wl_region#89.add(588, 43, 105, 1)
[04:53:39.728648] {Default Queue}  -> wl_region#89.add(888, 43, 373, 1)
[04:53:39.728649] {Default Queue}  -> ext_background_effect_surface_v1#96.set_blur_region(wl_region#89)
[04:53:39.728650] {Default Queue}  -> wl_region#89.destroy()
[04:53:39.728665]  -> wl_surface#65.attach(wl_buffer#99, 0, 0)
[04:53:39.728666]  -> wl_surface#65.frame(new id wl_callback#90)
[04:53:39.728666] {Default Queue}  -> wp_presentation#23.feedback(wl_surface#65, new id wp_presentation_feedback#120)
[04:53:39.728667]  -> wl_surface#65.commit()
[04:53:39.740974] {Default Queue}  -> wl_compositor#4.create_region(new id wl_region#113)
[04:53:39.740980] {Default Queue}  -> wl_region#113.add(365, 158, 550, 62)
[04:53:39.740983]  -> wl_surface#105.set_opaque_region(wl_region#113)
[04:53:39.740984] {Default Queue}  -> wl_region#113.destroy()
[04:53:39.740985]  -> wl_surface#105.attach(wl_buffer#118, 0, 0)
[04:53:39.740987]  -> wl_surface#105.damage_buffer(346, 86, 588, 62)
[04:53:39.740988]  -> wl_surface#105.damage_buffer(353, 158, 574, 426)
[04:53:39.740988]  -> wl_surface#105.damage_buffer(351, 600, 285, 15)
[04:53:39.740989]  -> wl_surface#105.frame(new id wl_callback#94)
[04:53:39.740991] {Default Queue}  -> wp_presentation#23.feedback(wl_surface#105, new id wp_presentation_feedback#95)
[04:53:39.740993]  -> wl_surface#105.commit()
info: event=launcher-painted latency_us=18467
[04:53:39.741042] {Display Queue} wl_display#1.delete_id(106)
[04:53:39.741044] {Display Queue} wl_display#1.delete_id(104)
[04:53:39.741044] {Display Queue} wl_display#1.delete_id(110)
[04:53:39.741045] {Display Queue} wl_display#1.delete_id(97)
[04:53:39.741045] {Display Queue} wl_display#1.delete_id(89)
[04:53:39.741046] {Default Queue} wl_callback#106.done(56393344)
[04:53:39.741050] {Default Queue} wl_callback#104.done(56393344)
[04:53:39.741053] {Default Queue} wp_presentation_feedback#110.sync_output(wl_output#59)
[04:53:39.741054] {Default Queue} wp_presentation_feedback#110.sync_output(wl_output#34)
[04:53:39.741054] {Default Queue} wp_presentation_feedback#110.presented(0, 56393, 344399618, 0, 0, 0, 0)
[04:53:39.741057] {Default Queue} wp_presentation_feedback#97.sync_output(wl_output#59)
[04:53:39.741057] {Default Queue} wp_presentation_feedback#97.sync_output(wl_output#34)
[04:53:39.741058] {Default Queue} wp_presentation_feedback#97.presented(0, 56393, 344399618, 0, 0, 0, 0)
[04:53:39.741059] {Default Queue} wl_buffer#92.release()
[04:53:39.741299]  -> wl_surface#71.attach(wl_buffer#108, 0, 0)
[04:53:39.741302]  -> wl_surface#71.damage_buffer(4, 4, 555, 40)
[04:53:39.741303]  -> wl_surface#71.frame(new id wl_callback#97)
[04:53:39.741304] {Default Queue}  -> wp_presentation#23.feedback(wl_surface#71, new id wp_presentation_feedback#110)
[04:53:39.741305]  -> wl_surface#71.commit()
[04:53:39.741327] {Default Queue}  -> wl_compositor#46.create_region(new id wl_region#104)
[04:53:39.741341] {Default Queue}  -> wl_region#104.add(19, 4, 504, 1)
[04:53:39.741343] {Default Queue}  -> wl_region#104.add(588, 4, 105, 1)
[04:53:39.741344] {Default Queue}  -> wl_region#104.add(888, 4, 373, 1)
[04:53:39.741345] {Default Queue}  -> wl_region#104.add(17, 5, 508, 1)
[04:53:39.741345] {Default Queue}  -> wl_region#104.add(586, 5, 109, 1)
[04:53:39.741346] {Default Queue}  -> wl_region#104.add(886, 5, 377, 1)
[04:53:39.741346] {Default Queue}  -> wl_region#104.add(16, 6, 510, 1)
[04:53:39.741347] {Default Queue}  -> wl_region#104.add(585, 6, 111, 1)
[04:53:39.741348] {Default Queue}  -> wl_region#104.add(885, 6, 379, 1)
[04:53:39.741349] {Default Queue}  -> wl_region#104.add(15, 7, 512, 1)
[04:53:39.741350] {Default Queue}  -> wl_region#104.add(584, 7, 113, 1)
[04:53:39.741350] {Default Queue}  -> wl_region#104.add(884, 7, 381, 1)
[04:53:39.741351] {Default Queue}  -> wl_region#104.add(14, 8, 514, 1)
[04:53:39.741352] {Default Queue}  -> wl_region#104.add(583, 8, 115, 1)
[04:53:39.741352] {Default Queue}  -> wl_region#104.add(883, 8, 383, 1)
[04:53:39.741353] {Default Queue}  -> wl_region#104.add(13, 9, 516, 1)
[04:53:39.741353] {Default Queue}  -> wl_region#104.add(582, 9, 117, 1)
[04:53:39.741354] {Default Queue}  -> wl_region#104.add(882, 9, 385, 1)
[04:53:39.741355] {Default Queue}  -> wl_region#104.add(12, 10, 518, 2)
[04:53:39.741355] {Default Queue}  -> wl_region#104.add(581, 10, 119, 2)
[04:53:39.741356] {Default Queue}  -> wl_region#104.add(881, 10, 387, 2)
[04:53:39.741356] {Default Queue}  -> wl_region#104.add(11, 12, 520, 5)
[04:53:39.741357] {Default Queue}  -> wl_region#104.add(580, 12, 121, 5)
[04:53:39.741358] {Default Queue}  -> wl_region#104.add(880, 12, 389, 5)
[04:53:39.741358] {Default Queue}  -> wl_region#104.add(10, 17, 522, 14)
[04:53:39.741359] {Default Queue}  -> wl_region#104.add(579, 17, 123, 14)
[04:53:39.741360] {Default Queue}  -> wl_region#104.add(879, 17, 391, 14)
[04:53:39.741360] {Default Queue}  -> wl_region#104.add(11, 31, 520, 5)
[04:53:39.741361] {Default Queue}  -> wl_region#104.add(580, 31, 121, 5)
[04:53:39.741361] {Default Queue}  -> wl_region#104.add(880, 31, 389, 5)
[04:53:39.741362] {Default Queue}  -> wl_region#104.add(12, 36, 518, 2)
[04:53:39.741363] {Default Queue}  -> wl_region#104.add(581, 36, 119, 2)
[04:53:39.741363] {Default Queue}  -> wl_region#104.add(881, 36, 387, 2)
[04:53:39.741364] {Default Queue}  -> wl_region#104.add(13, 38, 516, 1)
[04:53:39.741365] {Default Queue}  -> wl_region#104.add(582, 38, 117, 1)
[04:53:39.741365] {Default Queue}  -> wl_region#104.add(882, 38, 385, 1)
[04:53:39.741366] {Default Queue}  -> wl_region#104.add(14, 39, 514, 1)
[04:53:39.741367] {Default Queue}  -> wl_region#104.add(583, 39, 115, 1)
[04:53:39.741367] {Default Queue}  -> wl_region#104.add(883, 39, 383, 1)
[04:53:39.741368] {Default Queue}  -> wl_region#104.add(15, 40, 512, 1)
[04:53:39.741369] {Default Queue}  -> wl_region#104.add(584, 40, 113, 1)
[04:53:39.741369] {Default Queue}  -> wl_region#104.add(884, 40, 381, 1)
[04:53:39.741370] {Default Queue}  -> wl_region#104.add(16, 41, 510, 1)
[04:53:39.741371] {Default Queue}  -> wl_region#104.add(585, 41, 111, 1)
[04:53:39.741371] {Default Queue}  -> wl_region#104.add(885, 41, 379, 1)
[04:53:39.741372] {Default Queue}  -> wl_region#104.add(17, 42, 508, 1)
[04:53:39.741373] {Default Queue}  -> wl_region#104.add(586, 42, 109, 1)
[04:53:39.741373] {Default Queue}  -> wl_region#104.add(886, 42, 377, 1)
[04:53:39.741374] {Default Queue}  -> wl_region#104.add(19, 43, 504, 1)
[04:53:39.741374] {Default Queue}  -> wl_region#104.add(588, 43, 105, 1)
[04:53:39.741375] {Default Queue}  -> wl_region#104.add(888, 43, 373, 1)
[04:53:39.741376] {Default Queue}  -> ext_background_effect_surface_v1#112.set_blur_region(wl_region#104)
[04:53:39.741377] {Default Queue}  -> wl_region#104.destroy()
[04:53:39.741386] {Display Queue} wl_display#1.delete_id(113)
[04:53:39.741387] {Default Queue} wl_buffer#99.release()
[04:53:39.741388] {Default Queue} wl_buffer#118.release()
[04:53:39.741421] {Display Queue} wl_display#1.delete_id(104)
[04:53:39.741422] {Default Queue} wl_buffer#108.release()
[04:53:39.744581] {Display Queue} wl_display#1.delete_id(121)
[04:53:39.744585] {Display Queue} wl_display#1.delete_id(90)
[04:53:39.744586] {Display Queue} wl_display#1.delete_id(94)
[04:53:39.744587] {Display Queue} wl_display#1.delete_id(109)
[04:53:39.744588] {Display Queue} wl_display#1.delete_id(120)
[04:53:39.744588] {Display Queue} wl_display#1.delete_id(95)
[04:53:39.744589] {Default Queue} wl_callback#121.done(56393360)
[04:53:39.744594] {Default Queue} wl_callback#90.done(56393360)
[04:53:39.744595] {Default Queue} wl_callback#94.done(56393360)
[04:53:39.744597] {Default Queue} wp_presentation_feedback#109.sync_output(wl_output#58)
[04:53:39.744597] {Default Queue} wp_presentation_feedback#109.sync_output(wl_output#31)
[04:53:39.744598] {Default Queue} wp_presentation_feedback#109.presented(0, 56393, 360356325, 0, 0, 0, 0)
[04:53:39.744600] {Default Queue} wp_presentation_feedback#120.sync_output(wl_output#58)
[04:53:39.744601] {Default Queue} wp_presentation_feedback#120.sync_output(wl_output#31)
[04:53:39.744602] {Default Queue} wp_presentation_feedback#120.presented(0, 56393, 360356325, 0, 0, 0, 0)
[04:53:39.744603] {Default Queue} wp_presentation_feedback#95.sync_output(wl_output#58)
[04:53:39.744604] {Default Queue} wp_presentation_feedback#95.sync_output(wl_output#31)
[04:53:39.744604] {Default Queue} wp_presentation_feedback#95.presented(0, 56393, 360356325, 0, 0, 0, 0)
[04:53:39.744664] {Default Queue}  -> wl_compositor#4.create_region(new id wl_region#95)
[04:53:39.744666] {Default Queue}  -> wl_region#95.add(19, 4, 504, 1)
[04:53:39.744667] {Default Queue}  -> wl_region#95.add(588, 4, 105, 1)
[04:53:39.744668] {Default Queue}  -> wl_region#95.add(888, 4, 373, 1)
[04:53:39.744668] {Default Queue}  -> wl_region#95.add(17, 5, 508, 1)
[04:53:39.744669] {Default Queue}  -> wl_region#95.add(586, 5, 109, 1)
[04:53:39.744670] {Default Queue}  -> wl_region#95.add(886, 5, 377, 1)
[04:53:39.744670] {Default Queue}  -> wl_region#95.add(16, 6, 510, 1)
[04:53:39.744671] {Default Queue}  -> wl_region#95.add(585, 6, 111, 1)
[04:53:39.744672] {Default Queue}  -> wl_region#95.add(885, 6, 379, 1)
[04:53:39.744672] {Default Queue}  -> wl_region#95.add(15, 7, 512, 1)
[04:53:39.744673] {Default Queue}  -> wl_region#95.add(584, 7, 113, 1)
[04:53:39.744673] {Default Queue}  -> wl_region#95.add(884, 7, 381, 1)
[04:53:39.744674] {Default Queue}  -> wl_region#95.add(14, 8, 514, 1)
[04:53:39.744675] {Default Queue}  -> wl_region#95.add(583, 8, 115, 1)
[04:53:39.744675] {Default Queue}  -> wl_region#95.add(883, 8, 383, 1)
[04:53:39.744676] {Default Queue}  -> wl_region#95.add(13, 9, 516, 1)
[04:53:39.744676] {Default Queue}  -> wl_region#95.add(582, 9, 117, 1)
[04:53:39.744677] {Default Queue}  -> wl_region#95.add(882, 9, 385, 1)
[04:53:39.744678] {Default Queue}  -> wl_region#95.add(12, 10, 518, 2)
[04:53:39.744678] {Default Queue}  -> wl_region#95.add(581, 10, 119, 2)
[04:53:39.744679] {Default Queue}  -> wl_region#95.add(881, 10, 387, 2)
[04:53:39.744680] {Default Queue}  -> wl_region#95.add(11, 12, 520, 5)
[04:53:39.744680] {Default Queue}  -> wl_region#95.add(580, 12, 121, 5)
[04:53:39.744681] {Default Queue}  -> wl_region#95.add(880, 12, 389, 5)
[04:53:39.744681] {Default Queue}  -> wl_region#95.add(10, 17, 522, 14)
[04:53:39.744682] {Default Queue}  -> wl_region#95.add(579, 17, 123, 14)
[04:53:39.744683] {Default Queue}  -> wl_region#95.add(879, 17, 391, 14)
[04:53:39.744683] {Default Queue}  -> wl_region#95.add(11, 31, 520, 5)
[04:53:39.744684] {Default Queue}  -> wl_region#95.add(580, 31, 121, 5)
[04:53:39.744685] {Default Queue}  -> wl_region#95.add(880, 31, 389, 5)
[04:53:39.744685] {Default Queue}  -> wl_region#95.add(12, 36, 518, 2)
[04:53:39.744686] {Default Queue}  -> wl_region#95.add(581, 36, 119, 2)
[04:53:39.744687] {Default Queue}  -> wl_region#95.add(881, 36, 387, 2)
[04:53:39.744687] {Default Queue}  -> wl_region#95.add(13, 38, 516, 1)
[04:53:39.744688] {Default Queue}  -> wl_region#95.add(582, 38, 117, 1)
[04:53:39.744688] {Default Queue}  -> wl_region#95.add(882, 38, 385, 1)
[04:53:39.744689] {Default Queue}  -> wl_region#95.add(14, 39, 514, 1)
[04:53:39.744690] {Default Queue}  -> wl_region#95.add(583, 39, 115, 1)
[04:53:39.744690] {Default Queue}  -> wl_region#95.add(883, 39, 383, 1)
[04:53:39.744691] {Default Queue}  -> wl_region#95.add(15, 40, 512, 1)
[04:53:39.744691] {Default Queue}  -> wl_region#95.add(584, 40, 113, 1)
[04:53:39.744692] {Default Queue}  -> wl_region#95.add(884, 40, 381, 1)
[04:53:39.744693] {Default Queue}  -> wl_region#95.add(16, 41, 510, 1)
[04:53:39.744693] {Default Queue}  -> wl_region#95.add(585, 41, 111, 1)
[04:53:39.744694] {Default Queue}  -> wl_region#95.add(885, 41, 379, 1)
[04:53:39.744694] {Default Queue}  -> wl_region#95.add(17, 42, 508, 1)
[04:53:39.744695] {Default Queue}  -> wl_region#95.add(586, 42, 109, 1)
[04:53:39.744696] {Default Queue}  -> wl_region#95.add(886, 42, 377, 1)
[04:53:39.744696] {Default Queue}  -> wl_region#95.add(19, 43, 504, 1)
[04:53:39.744697] {Default Queue}  -> wl_region#95.add(588, 43, 105, 1)
[04:53:39.744698] {Default Queue}  -> wl_region#95.add(888, 43, 373, 1)
[04:53:39.744698]  -> wl_surface#66.set_input_region(wl_region#95)
[04:53:39.744699] {Default Queue}  -> wl_region#95.destroy()
[04:53:39.744700]  -> wl_surface#66.attach(wl_buffer#92, 0, 0)
[04:53:39.744701]  -> wl_surface#66.frame(new id wl_callback#120)
[04:53:39.744703] {Default Queue}  -> wp_presentation#23.feedback(wl_surface#66, new id wp_presentation_feedback#109)
[04:53:39.744704]  -> wl_surface#66.commit()
[04:53:39.745058]  -> wl_surface#105.attach(wl_buffer#118, 0, 0)
[04:53:39.745061]  -> wl_surface#105.damage_buffer(346, 86, 588, 62)
[04:53:39.745062]  -> wl_surface#105.frame(new id wl_callback#94)
[04:53:39.745063] {Default Queue}  -> wp_presentation#23.feedback(wl_surface#105, new id wp_presentation_feedback#90)
[04:53:39.745063]  -> wl_surface#105.commit()
[04:53:39.745076] {Display Queue} wl_display#1.delete_id(97)
[04:53:39.745077] {Display Queue} wl_display#1.delete_id(110)
[04:53:39.745078] {Default Queue} wl_callback#97.done(56393360)
[04:53:39.745080] {Default Queue} wp_presentation_feedback#110.sync_output(wl_output#59)
[04:53:39.745080] {Default Queue} wp_presentation_feedback#110.sync_output(wl_output#34)
[04:53:39.745081] {Default Queue} wp_presentation_feedback#110.presented(0, 56393, 360466986, 0, 0, 0, 0)
[04:53:39.745113] {Default Queue}  -> wl_compositor#4.create_region(new id wl_region#110)
[04:53:39.745115] {Default Queue}  -> wl_region#110.add(19, 4, 504, 1)
[04:53:39.745116] {Default Queue}  -> wl_region#110.add(588, 4, 105, 1)
[04:53:39.745116] {Default Queue}  -> wl_region#110.add(888, 4, 373, 1)
[04:53:39.745117] {Default Queue}  -> wl_region#110.add(17, 5, 508, 1)
[04:53:39.745118] {Default Queue}  -> wl_region#110.add(586, 5, 109, 1)
[04:53:39.745118] {Default Queue}  -> wl_region#110.add(886, 5, 377, 1)
[04:53:39.745119] {Default Queue}  -> wl_region#110.add(16, 6, 510, 1)
[04:53:39.745119] {Default Queue}  -> wl_region#110.add(585, 6, 111, 1)
[04:53:39.745120] {Default Queue}  -> wl_region#110.add(885, 6, 379, 1)
[04:53:39.745121] {Default Queue}  -> wl_region#110.add(15, 7, 512, 1)
[04:53:39.745121] {Default Queue}  -> wl_region#110.add(584, 7, 113, 1)
[04:53:39.745122] {Default Queue}  -> wl_region#110.add(884, 7, 381, 1)
[04:53:39.745123] {Default Queue}  -> wl_region#110.add(14, 8, 514, 1)
[04:53:39.745123] {Default Queue}  -> wl_region#110.add(583, 8, 115, 1)
[04:53:39.745124] {Default Queue}  -> wl_region#110.add(883, 8, 383, 1)
[04:53:39.745125] {Default Queue}  -> wl_region#110.add(13, 9, 516, 1)
[04:53:39.745125] {Default Queue}  -> wl_region#110.add(582, 9, 117, 1)
[04:53:39.745126] {Default Queue}  -> wl_region#110.add(882, 9, 385, 1)
[04:53:39.745126] {Default Queue}  -> wl_region#110.add(12, 10, 518, 2)
[04:53:39.745127] {Default Queue}  -> wl_region#110.add(581, 10, 119, 2)
[04:53:39.745128] {Default Queue}  -> wl_region#110.add(881, 10, 387, 2)
[04:53:39.745128] {Default Queue}  -> wl_region#110.add(11, 12, 520, 5)
[04:53:39.745129] {Default Queue}  -> wl_region#110.add(580, 12, 121, 5)
[04:53:39.745129] {Default Queue}  -> wl_region#110.add(880, 12, 389, 5)
[04:53:39.745130] {Default Queue}  -> wl_region#110.add(10, 17, 522, 14)
[04:53:39.745131] {Default Queue}  -> wl_region#110.add(579, 17, 123, 14)
[04:53:39.745131] {Default Queue}  -> wl_region#110.add(879, 17, 391, 14)
[04:53:39.745132] {Default Queue}  -> wl_region#110.add(11, 31, 520, 5)
[04:53:39.745133] {Default Queue}  -> wl_region#110.add(580, 31, 121, 5)
[04:53:39.745133] {Default Queue}  -> wl_region#110.add(880, 31, 389, 5)
[04:53:39.745134] {Default Queue}  -> wl_region#110.add(12, 36, 518, 2)
[04:53:39.745135] {Default Queue}  -> wl_region#110.add(581, 36, 119, 2)
[04:53:39.745136] {Default Queue}  -> wl_region#110.add(881, 36, 387, 2)
[04:53:39.745136] {Default Queue}  -> wl_region#110.add(13, 38, 516, 1)
[04:53:39.745137] {Default Queue}  -> wl_region#110.add(582, 38, 117, 1)
[04:53:39.745137] {Default Queue}  -> wl_region#110.add(882, 38, 385, 1)
[04:53:39.745138] {Default Queue}  -> wl_region#110.add(14, 39, 514, 1)
[04:53:39.745139] {Default Queue}  -> wl_region#110.add(583, 39, 115, 1)
[04:53:39.745139] {Default Queue}  -> wl_region#110.add(883, 39, 383, 1)
[04:53:39.745140] {Default Queue}  -> wl_region#110.add(15, 40, 512, 1)
[04:53:39.745140] {Default Queue}  -> wl_region#110.add(584, 40, 113, 1)
[04:53:39.745141] {Default Queue}  -> wl_region#110.add(884, 40, 381, 1)
[04:53:39.745142] {Default Queue}  -> wl_region#110.add(16, 41, 510, 1)
[04:53:39.745142] {Default Queue}  -> wl_region#110.add(585, 41, 111, 1)
[04:53:39.745143] {Default Queue}  -> wl_region#110.add(885, 41, 379, 1)
[04:53:39.745143] {Default Queue}  -> wl_region#110.add(17, 42, 508, 1)
[04:53:39.745144] {Default Queue}  -> wl_region#110.add(586, 42, 109, 1)
[04:53:39.745145] {Default Queue}  -> wl_region#110.add(886, 42, 377, 1)
[04:53:39.745145] {Default Queue}  -> wl_region#110.add(19, 43, 504, 1)
[04:53:39.745146] {Default Queue}  -> wl_region#110.add(588, 43, 105, 1)
[04:53:39.745146] {Default Queue}  -> wl_region#110.add(888, 43, 373, 1)
[04:53:39.745147]  -> wl_surface#71.set_input_region(wl_region#110)
[04:53:39.745148] {Default Queue}  -> wl_region#110.destroy()
[04:53:39.745148]  -> wl_surface#71.attach(wl_buffer#108, 0, 0)
[04:53:39.745149]  -> wl_surface#71.frame(new id wl_callback#97)
[04:53:39.745150] {Default Queue}  -> wp_presentation#23.feedback(wl_surface#71, new id wp_presentation_feedback#121)
[04:53:39.745151]  -> wl_surface#71.commit()
[04:53:39.745158] {Display Queue} wl_display#1.delete_id(95)
[04:53:39.745158] {Default Queue} wl_buffer#92.release()
[04:53:39.745159] {Default Queue} wl_buffer#118.release()
[04:53:39.745178] {Display Queue} wl_display#1.delete_id(110)
[04:53:39.745182] {Default Queue} wl_buffer#108.release()
[04:53:39.760844] {Display Queue} wl_display#1.delete_id(120)
[04:53:39.760849] {Display Queue} wl_display#1.delete_id(94)
[04:53:39.760851] {Display Queue} wl_display#1.delete_id(109)
[04:53:39.760851] {Display Queue} wl_display#1.delete_id(90)
[04:53:39.760852] {Default Queue} wl_callback#120.done(56393376)
[04:53:39.760856] {Default Queue} wl_callback#94.done(56393376)
[04:53:39.760859] {Default Queue} wp_presentation_feedback#109.sync_output(wl_output#58)
[04:53:39.760860] {Default Queue} wp_presentation_feedback#109.sync_output(wl_output#31)
[04:53:39.760861] {Default Queue} wp_presentation_feedback#109.presented(0, 56393, 376617864, 0, 0, 0, 0)
[04:53:39.760863] {Default Queue} wp_presentation_feedback#90.sync_output(wl_output#58)
[04:53:39.760864] {Default Queue} wp_presentation_feedback#90.sync_output(wl_output#31)
[04:53:39.760864] {Default Queue} wp_presentation_feedback#90.presented(0, 56393, 376617864, 0, 0, 0, 0)
[04:53:39.761218]  -> wl_surface#105.attach(wl_buffer#118, 0, 0)
[04:53:39.761221]  -> wl_surface#105.damage_buffer(346, 86, 588, 62)
[04:53:39.761223]  -> wl_surface#105.frame(new id wl_callback#90)
[04:53:39.761224] {Default Queue}  -> wp_presentation#23.feedback(wl_surface#105, new id wp_presentation_feedback#109)
[04:53:39.761226]  -> wl_surface#105.commit()
[04:53:39.761240] {Display Queue} wl_display#1.delete_id(97)
[04:53:39.761241] {Display Queue} wl_display#1.delete_id(121)
[04:53:39.761241] {Default Queue} wl_callback#97.done(56393376)
[04:53:39.761243] {Default Queue} wp_presentation_feedback#121.sync_output(wl_output#59)
[04:53:39.761243] {Default Queue} wp_presentation_feedback#121.sync_output(wl_output#34)
[04:53:39.761244] {Default Queue} wp_presentation_feedback#121.presented(0, 56393, 376696085, 0, 0, 0, 0)
[04:53:39.761288] {Default Queue} wl_buffer#118.release()
[04:53:39.777052] {Display Queue} wl_display#1.delete_id(90)
[04:53:39.777055] {Display Queue} wl_display#1.delete_id(109)
[04:53:39.777056] {Default Queue} wl_callback#90.done(56393392)
[04:53:39.777060] {Default Queue} wp_presentation_feedback#109.sync_output(wl_output#58)
[04:53:39.777061] {Default Queue} wp_presentation_feedback#109.sync_output(wl_output#31)
[04:53:39.777061] {Default Queue} wp_presentation_feedback#109.presented(0, 56393, 392833494, 0, 0, 0, 0)
[04:53:39.777381]  -> wl_surface#105.attach(wl_buffer#118, 0, 0)
[04:53:39.777384]  -> wl_surface#105.damage_buffer(346, 86, 588, 62)
[04:53:39.777385]  -> wl_surface#105.frame(new id wl_callback#109)
[04:53:39.777387] {Default Queue}  -> wp_presentation#23.feedback(wl_surface#105, new id wp_presentation_feedback#90)
[04:53:39.777388]  -> wl_surface#105.commit()
[04:53:39.777437] {Default Queue} wl_buffer#118.release()
[04:53:39.793258] {Display Queue} wl_display#1.delete_id(109)
[04:53:39.793262] {Display Queue} wl_display#1.delete_id(90)
[04:53:39.793263] {Default Queue} wl_callback#109.done(56393409)
[04:53:39.793268] {Default Queue} wp_presentation_feedback#90.sync_output(wl_output#58)
[04:53:39.793269] {Default Queue} wp_presentation_feedback#90.sync_output(wl_output#31)
[04:53:39.793270] {Default Queue} wp_presentation_feedback#90.presented(0, 56393, 409036922, 0, 0, 0, 0)
[04:53:39.793584]  -> wl_surface#105.attach(wl_buffer#118, 0, 0)
[04:53:39.793587]  -> wl_surface#105.damage_buffer(346, 86, 588, 62)
[04:53:39.793589]  -> wl_surface#105.frame(new id wl_callback#90)
[04:53:39.793590] {Default Queue}  -> wp_presentation#23.feedback(wl_surface#105, new id wp_presentation_feedback#109)
[04:53:39.793592]  -> wl_surface#105.commit()
[04:53:39.793636] {Default Queue} wl_buffer#118.release()
[04:53:39.809458] {Display Queue} wl_display#1.delete_id(90)
[04:53:39.809463] {Display Queue} wl_display#1.delete_id(109)
[04:53:39.809464] {Default Queue} wl_callback#90.done(56393425)
[04:53:39.809468] {Default Queue} wp_presentation_feedback#109.sync_output(wl_output#58)
[04:53:39.809469] {Default Queue} wp_presentation_feedback#109.sync_output(wl_output#31)
[04:53:39.809470] {Default Queue} wp_presentation_feedback#109.presented(0, 56393, 425236361, 0, 0, 0, 0)
[04:53:39.809738]  -> wl_surface#105.attach(wl_buffer#118, 0, 0)
[04:53:39.809740]  -> wl_surface#105.damage_buffer(346, 86, 588, 62)
[04:53:39.809741]  -> wl_surface#105.frame(new id wl_callback#109)
[04:53:39.809742] {Default Queue}  -> wp_presentation#23.feedback(wl_surface#105, new id wp_presentation_feedback#90)
[04:53:39.809744]  -> wl_surface#105.commit()
[04:53:39.809795] {Default Queue} wl_buffer#118.release()
[04:53:39.825622] {Display Queue} wl_display#1.delete_id(109)
[04:53:39.825626] {Display Queue} wl_display#1.delete_id(90)
[04:53:39.825627] {Default Queue} wl_callback#109.done(56393441)
[04:53:39.825631] {Default Queue} wp_presentation_feedback#90.sync_output(wl_output#58)
[04:53:39.825632] {Default Queue} wp_presentation_feedback#90.sync_output(wl_output#31)
[04:53:39.825633] {Default Queue} wp_presentation_feedback#90.presented(0, 56393, 441403850, 0, 0, 0, 0)
[04:53:39.825873]  -> wl_surface#105.attach(wl_buffer#118, 0, 0)
[04:53:39.825875]  -> wl_surface#105.damage_buffer(346, 86, 588, 62)
[04:53:39.825876]  -> wl_surface#105.frame(new id wl_callback#90)
[04:53:39.825877] {Default Queue}  -> wp_presentation#23.feedback(wl_surface#105, new id wp_presentation_feedback#109)
[04:53:39.825879]  -> wl_surface#105.commit()
[04:53:39.825915] {Default Queue} wl_buffer#118.release()
[04:53:39.841889] {Display Queue} wl_display#1.delete_id(90)
[04:53:39.841896] {Display Queue} wl_display#1.delete_id(109)
[04:53:39.841897] {Default Queue} wl_callback#90.done(56393457)
[04:53:39.841905] {Default Queue} wp_presentation_feedback#109.sync_output(wl_output#58)
[04:53:39.841906] {Default Queue} wp_presentation_feedback#109.sync_output(wl_output#31)
[04:53:39.841907] {Default Queue} wp_presentation_feedback#109.presented(0, 56393, 457653749, 0, 0, 0, 0)
[04:53:39.842400]  -> wl_surface#105.attach(wl_buffer#118, 0, 0)
[04:53:39.842407]  -> wl_surface#105.damage_buffer(346, 86, 588, 62)
[04:53:39.842410]  -> wl_surface#105.frame(new id wl_callback#109)
[04:53:39.842412] {Default Queue}  -> wp_presentation#23.feedback(wl_surface#105, new id wp_presentation_feedback#90)
[04:53:39.842414]  -> wl_surface#105.commit()
[04:53:39.842475] {Default Queue} wl_buffer#118.release()
[04:53:39.858073] {Display Queue} wl_display#1.delete_id(109)
[04:53:39.858077] {Display Queue} wl_display#1.delete_id(90)
[04:53:39.858078] {Default Queue} wl_callback#109.done(56393473)
[04:53:39.858083] {Default Queue} wp_presentation_feedback#90.sync_output(wl_output#58)
[04:53:39.858084] {Default Queue} wp_presentation_feedback#90.sync_output(wl_output#31)
[04:53:39.858085] {Default Queue} wp_presentation_feedback#90.presented(0, 56393, 473850518, 0, 0, 0, 0)
[04:53:39.858438]  -> wl_surface#105.attach(wl_buffer#118, 0, 0)
[04:53:39.858441]  -> wl_surface#105.damage_buffer(346, 86, 588, 62)
[04:53:39.858442]  -> wl_surface#105.frame(new id wl_callback#90)
[04:53:39.858443] {Default Queue}  -> wp_presentation#23.feedback(wl_surface#105, new id wp_presentation_feedback#109)
[04:53:39.858445]  -> wl_surface#105.commit()
[04:53:39.858490] {Default Queue} wl_buffer#118.release()
[04:53:39.864453]  -> wl_surface#65.attach(wl_buffer#99, 0, 0)
[04:53:39.864455]  -> wl_surface#65.frame(new id wl_callback#121)
[04:53:39.864456] {Default Queue}  -> wp_presentation#23.feedback(wl_surface#65, new id wp_presentation_feedback#97)
[04:53:39.864457]  -> wl_surface#65.commit()
info: event=launcher-results count=112 shown=112 publish_us=4285
[04:53:39.868728] {Default Queue} wl_buffer#99.release()
info: event=preferences-applied revision=0 mode=static cache=false
info: event=launcher-results count=112 shown=112 publish_us=3214
[04:53:39.875339] {Display Queue} wl_display#1.delete_id(121)
[04:53:39.875343] {Display Queue} wl_display#1.delete_id(90)
[04:53:39.875344] {Display Queue} wl_display#1.delete_id(97)
[04:53:39.875344] {Display Queue} wl_display#1.delete_id(109)
[04:53:39.875345] {Default Queue} wl_callback#121.done(56393490)
[04:53:39.875350] {Default Queue} wl_callback#90.done(56393490)
[04:53:39.875351] {Default Queue} wp_presentation_feedback#97.sync_output(wl_output#58)
[04:53:39.875352] {Default Queue} wp_presentation_feedback#97.sync_output(wl_output#31)
[04:53:39.875353] {Default Queue} wp_presentation_feedback#97.presented(0, 56393, 490048756, 0, 0, 0, 0)
[04:53:39.875355] {Default Queue} wp_presentation_feedback#109.sync_output(wl_output#58)
[04:53:39.875356] {Default Queue} wp_presentation_feedback#109.sync_output(wl_output#31)
[04:53:39.875356] {Default Queue} wp_presentation_feedback#109.presented(0, 56393, 490048756, 0, 0, 0, 0)
[04:53:39.875400]  -> wl_surface#65.attach(wl_buffer#99, 0, 0)
[04:53:39.875402]  -> wl_surface#65.frame(new id wl_callback#109)
[04:53:39.875403] {Default Queue}  -> wp_presentation#23.feedback(wl_surface#65, new id wp_presentation_feedback#97)
[04:53:39.875404]  -> wl_surface#65.commit()
[04:53:39.884616]  -> wl_surface#105.attach(wl_buffer#118, 0, 0)
[04:53:39.884624]  -> wl_surface#105.damage_buffer(346, 86, 588, 62)
[04:53:39.884626]  -> wl_surface#105.frame(new id wl_callback#90)
[04:53:39.884628] {Default Queue}  -> wp_presentation#23.feedback(wl_surface#105, new id wp_presentation_feedback#121)
[04:53:39.884630]  -> wl_surface#105.commit()
info: event=launcher-painted latency_us=12532
[04:53:39.884757] {Default Queue} wl_buffer#99.release()
[04:53:39.884762] {Default Queue} wl_buffer#118.release()
[04:53:39.886461]  -> wl_surface#66.attach(wl_buffer#92, 0, 0)
[04:53:39.886465]  -> wl_surface#66.damage_buffer(873, 4, 403, 11)
[04:53:39.886466]  -> wl_surface#66.damage_buffer(22, 15, 18, 18)
[04:53:39.886467]  -> wl_surface#66.damage_buffer(873, 15, 403, 18)
[04:53:39.886468]  -> wl_surface#66.damage_buffer(873, 33, 403, 11)
[04:53:39.886469]  -> wl_surface#66.frame(new id wl_callback#94)
[04:53:39.886470] {Default Queue}  -> wp_presentation#23.feedback(wl_surface#66, new id wp_presentation_feedback#120)
[04:53:39.886471]  -> wl_surface#66.commit()
[04:53:39.887628]  -> wl_surface#71.attach(wl_buffer#108, 0, 0)
[04:53:39.887632]  -> wl_surface#71.damage_buffer(873, 4, 403, 11)
[04:53:39.887633]  -> wl_surface#71.damage_buffer(22, 15, 18, 18)
[04:53:39.887633]  -> wl_surface#71.damage_buffer(873, 15, 403, 18)
[04:53:39.887634]  -> wl_surface#71.damage_buffer(873, 33, 403, 11)
[04:53:39.887635]  -> wl_surface#71.frame(new id wl_callback#110)
[04:53:39.887636] {Default Queue}  -> wp_presentation#23.feedback(wl_surface#71, new id wp_presentation_feedback#95)
[04:53:39.887638]  -> wl_surface#71.commit()
[04:53:39.888051] {Default Queue} wl_buffer#92.release()
[04:53:39.888066] {Default Queue} wl_buffer#108.release()
[04:53:39.890573] {Display Queue} wl_display#1.delete_id(94)
[04:53:39.890575] {Display Queue} wl_display#1.delete_id(109)
[04:53:39.890575] {Display Queue} wl_display#1.delete_id(90)
[04:53:39.890576] {Display Queue} wl_display#1.delete_id(120)
[04:53:39.890577] {Display Queue} wl_display#1.delete_id(97)
[04:53:39.890578] {Display Queue} wl_display#1.delete_id(121)
[04:53:39.890578] {Default Queue} wl_callback#94.done(56393506)
[04:53:39.890583] {Default Queue} wl_callback#109.done(56393506)
[04:53:39.890584] {Default Queue} wl_callback#90.done(56393506)
[04:53:39.890586] {Default Queue} wp_presentation_feedback#120.sync_output(wl_output#58)
[04:53:39.890587] {Default Queue} wp_presentation_feedback#120.sync_output(wl_output#31)
[04:53:39.890588] {Default Queue} wp_presentation_feedback#120.presented(0, 56393, 506349376, 0, 0, 0, 0)
[04:53:39.890590] {Default Queue} wp_presentation_feedback#97.sync_output(wl_output#58)
[04:53:39.890592] {Default Queue} wp_presentation_feedback#97.sync_output(wl_output#31)
[04:53:39.890592] {Default Queue} wp_presentation_feedback#97.presented(0, 56393, 506349376, 0, 0, 0, 0)
[04:53:39.890594] {Default Queue} wp_presentation_feedback#121.sync_output(wl_output#58)
[04:53:39.890594] {Default Queue} wp_presentation_feedback#121.sync_output(wl_output#31)
[04:53:39.890595] {Default Queue} wp_presentation_feedback#121.presented(0, 56393, 506349376, 0, 0, 0, 0)
[04:53:39.891029]  -> wl_surface#105.attach(wl_buffer#118, 0, 0)
[04:53:39.891032]  -> wl_surface#105.damage_buffer(346, 86, 588, 62)
[04:53:39.891034]  -> wl_surface#105.frame(new id wl_callback#121)
[04:53:39.891036] {Default Queue}  -> wp_presentation#23.feedback(wl_surface#105, new id wp_presentation_feedback#97)
[04:53:39.891037]  -> wl_surface#105.commit()
[04:53:39.891049] {Display Queue} wl_display#1.delete_id(110)
[04:53:39.891051] {Display Queue} wl_display#1.delete_id(95)
[04:53:39.891052] {Default Queue} wl_callback#110.done(56393506)
[04:53:39.891054] {Default Queue} wp_presentation_feedback#95.sync_output(wl_output#59)
[04:53:39.891055] {Default Queue} wp_presentation_feedback#95.sync_output(wl_output#34)
[04:53:39.891056] {Default Queue} wp_presentation_feedback#95.presented(0, 56393, 506462617, 0, 0, 0, 0)
[04:53:39.891104] {Default Queue} wl_buffer#118.release()
[04:53:39.906787] {Display Queue} wl_display#1.delete_id(121)
[04:53:39.906792] {Display Queue} wl_display#1.delete_id(97)
[04:53:39.906794] {Default Queue} wl_callback#121.done(56393522)
[04:53:39.906799] {Default Queue} wp_presentation_feedback#97.sync_output(wl_output#58)
[04:53:39.906800] {Default Queue} wp_presentation_feedback#97.sync_output(wl_output#31)
[04:53:39.906801] {Default Queue} wp_presentation_feedback#97.presented(0, 56393, 522563095, 0, 0, 0, 0)
[04:53:39.907116]  -> wl_surface#105.attach(wl_buffer#118, 0, 0)
[04:53:39.907119]  -> wl_surface#105.damage_buffer(346, 86, 588, 62)
[04:53:39.907120]  -> wl_surface#105.frame(new id wl_callback#97)
[04:53:39.907122] {Default Queue}  -> wp_presentation#23.feedback(wl_surface#105, new id wp_presentation_feedback#121)
[04:53:39.907123]  -> wl_surface#105.commit()
[04:53:39.907172] {Default Queue} wl_buffer#118.release()
[04:53:39.923011] {Display Queue} wl_display#1.delete_id(97)
[04:53:39.923015] {Display Queue} wl_display#1.delete_id(121)
[04:53:39.923017] {Default Queue} wl_callback#97.done(56393538)
[04:53:39.923022] {Default Queue} wp_presentation_feedback#121.sync_output(wl_output#58)
[04:53:39.923023] {Default Queue} wp_presentation_feedback#121.sync_output(wl_output#31)
[04:53:39.923024] {Default Queue} wp_presentation_feedback#121.presented(0, 56393, 538788414, 0, 0, 0, 0)
[04:53:39.923348]  -> wl_surface#105.attach(wl_buffer#118, 0, 0)
[04:53:39.923351]  -> wl_surface#105.damage_buffer(346, 86, 588, 62)
[04:53:39.923352]  -> wl_surface#105.frame(new id wl_callback#121)
[04:53:39.923354] {Default Queue}  -> wp_presentation#23.feedback(wl_surface#105, new id wp_presentation_feedback#97)
[04:53:39.923355]  -> wl_surface#105.commit()
[04:53:39.923408] {Default Queue} wl_buffer#118.release()
[04:53:39.939194] {Display Queue} wl_display#1.delete_id(121)
[04:53:39.939197] {Display Queue} wl_display#1.delete_id(97)
[04:53:39.939199] {Default Queue} wl_callback#121.done(56393554)
[04:53:39.939205] {Default Queue} wp_presentation_feedback#97.sync_output(wl_output#58)
[04:53:39.939207] {Default Queue} wp_presentation_feedback#97.sync_output(wl_output#31)
[04:53:39.939208] {Default Queue} wp_presentation_feedback#97.presented(0, 56393, 554973833, 0, 0, 0, 0)
[04:53:39.939537]  -> wl_surface#105.attach(wl_buffer#118, 0, 0)
[04:53:39.939539]  -> wl_surface#105.damage_buffer(346, 86, 588, 62)
[04:53:39.939541]  -> wl_surface#105.frame(new id wl_callback#97)
[04:53:39.939542] {Default Queue}  -> wp_presentation#23.feedback(wl_surface#105, new id wp_presentation_feedback#121)
[04:53:39.939544]  -> wl_surface#105.commit()
[04:53:39.939597] {Default Queue} wl_buffer#118.release()
[04:53:39.955504] {Display Queue} wl_display#1.delete_id(97)
[04:53:39.955509] {Display Queue} wl_display#1.delete_id(121)
[04:53:39.955510] {Default Queue} wl_callback#97.done(56393571)
[04:53:39.955518] {Default Queue} wp_presentation_feedback#121.sync_output(wl_output#58)
[04:53:39.955519] {Default Queue} wp_presentation_feedback#121.sync_output(wl_output#31)
[04:53:39.955521] {Default Queue} wp_presentation_feedback#121.presented(0, 56393, 571272993, 0, 0, 0, 0)
[04:53:39.955956]  -> wl_surface#105.attach(wl_buffer#118, 0, 0)
[04:53:39.955959]  -> wl_surface#105.damage_buffer(346, 86, 588, 62)
[04:53:39.955960]  -> wl_surface#105.frame(new id wl_callback#121)
[04:53:39.955962] {Default Queue}  -> wp_presentation#23.feedback(wl_surface#105, new id wp_presentation_feedback#97)
[04:53:39.955963]  -> wl_surface#105.commit()
[04:53:39.956029] {Default Queue} wl_buffer#118.release()
[04:53:39.971703] {Display Queue} wl_display#1.delete_id(121)
[04:53:39.971705] {Display Queue} wl_display#1.delete_id(97)
[04:53:39.971706] {Default Queue} wl_callback#121.done(56393587)
[04:53:39.971710] {Default Queue} wp_presentation_feedback#97.sync_output(wl_output#58)
[04:53:39.971711] {Default Queue} wp_presentation_feedback#97.sync_output(wl_output#31)
[04:53:39.971712] {Default Queue} wp_presentation_feedback#97.presented(0, 56393, 587483512, 0, 0, 0, 0)
[04:53:39.972068]  -> wl_surface#105.attach(wl_buffer#118, 0, 0)
[04:53:39.972070]  -> wl_surface#105.damage_buffer(346, 86, 588, 62)
[04:53:39.972071]  -> wl_surface#105.frame(new id wl_callback#97)
[04:53:39.972073] {Default Queue}  -> wp_presentation#23.feedback(wl_surface#105, new id wp_presentation_feedback#121)
[04:53:39.972075]  -> wl_surface#105.commit()
[04:53:39.972131] {Default Queue} wl_buffer#118.release()
[04:53:39.987928] {Display Queue} wl_display#1.delete_id(97)
[04:53:39.987932] {Display Queue} wl_display#1.delete_id(121)
[04:53:39.987933] {Default Queue} wl_callback#97.done(56393603)
[04:53:39.987936] {Default Queue} wp_presentation_feedback#121.sync_output(wl_output#58)
[04:53:39.987938] {Default Queue} wp_presentation_feedback#121.sync_output(wl_output#31)
[04:53:39.987939] {Default Queue} wp_presentation_feedback#121.presented(0, 56393, 603700251, 0, 0, 0, 0)
[04:53:39.988272]  -> wl_surface#105.attach(wl_buffer#118, 0, 0)
[04:53:39.988277]  -> wl_surface#105.damage_buffer(346, 86, 588, 62)
[04:53:39.988279]  -> wl_surface#105.frame(new id wl_callback#121)
[04:53:39.988281] {Default Queue}  -> wp_presentation#23.feedback(wl_surface#105, new id wp_presentation_feedback#97)
[04:53:39.988284]  -> wl_surface#105.commit()
[04:53:39.988355] {Default Queue} wl_buffer#118.release()
[04:53:40.004104] {Display Queue} wl_display#1.delete_id(121)
[04:53:40.004108] {Display Queue} wl_display#1.delete_id(97)
[04:53:40.004109] {Default Queue} wl_callback#121.done(56393619)
[04:53:40.004114] {Default Queue} wp_presentation_feedback#97.sync_output(wl_output#58)
[04:53:40.004116] {Default Queue} wp_presentation_feedback#97.sync_output(wl_output#31)
[04:53:40.004117] {Default Queue} wp_presentation_feedback#97.presented(0, 56393, 619882229, 0, 0, 0, 0)
[04:53:40.004439]  -> wl_surface#105.attach(wl_buffer#118, 0, 0)
[04:53:40.004441]  -> wl_surface#105.damage_buffer(346, 86, 588, 62)
[04:53:40.004443]  -> wl_surface#105.frame(new id wl_callback#97)
[04:53:40.004444] {Default Queue}  -> wp_presentation#23.feedback(wl_surface#105, new id wp_presentation_feedback#121)
[04:53:40.004445]  -> wl_surface#105.commit()
[04:53:40.004503] {Default Queue} wl_buffer#118.release()
[04:53:40.021958] {Display Queue} wl_display#1.delete_id(97)
[04:53:40.021963] {Display Queue} wl_display#1.delete_id(121)
[04:53:40.021965] {Default Queue} wl_callback#97.done(56393637)
[04:53:40.021970] {Default Queue} wp_presentation_feedback#121.sync_output(wl_output#58)
[04:53:40.021972] {Default Queue} wp_presentation_feedback#121.sync_output(wl_output#31)
[04:53:40.021973] {Default Queue} wp_presentation_feedback#121.presented(0, 56393, 637732653, 0, 0, 0, 0)
[04:53:40.022330]  -> wl_surface#105.attach(wl_buffer#118, 0, 0)
[04:53:40.022333]  -> wl_surface#105.damage_buffer(346, 86, 588, 62)
[04:53:40.022335]  -> wl_surface#105.frame(new id wl_callback#121)
[04:53:40.022336] {Default Queue}  -> wp_presentation#23.feedback(wl_surface#105, new id wp_presentation_feedback#97)
[04:53:40.022338]  -> wl_surface#105.commit()
[04:53:40.022392] {Default Queue} wl_buffer#118.release()
[04:53:40.037621] {Display Queue} wl_display#1.delete_id(121)
[04:53:40.037624] {Display Queue} wl_display#1.delete_id(97)
[04:53:40.037626] {Default Queue} wl_callback#121.done(56393653)
[04:53:40.037628] {Default Queue} wp_presentation_feedback#97.sync_output(wl_output#58)
[04:53:40.037630] {Default Queue} wp_presentation_feedback#97.sync_output(wl_output#31)
[04:53:40.037631] {Default Queue} wp_presentation_feedback#97.presented(0, 56393, 653394267, 0, 0, 0, 0)
[04:53:40.078542]  -> wl_surface#66.attach(wl_buffer#92, 0, 0)
[04:53:40.078549]  -> wl_surface#66.damage_buffer(862, 4, 414, 40)
[04:53:40.078550]  -> wl_surface#66.frame(new id wl_callback#97)
[04:53:40.078553] {Default Queue}  -> wp_presentation#23.feedback(wl_surface#66, new id wp_presentation_feedback#121)
[04:53:40.078555]  -> wl_surface#66.commit()
[04:53:40.078590] {Default Queue}  -> wl_compositor#46.create_region(new id wl_region#95)
[04:53:40.078604] {Default Queue}  -> wl_region#95.add(19, 4, 504, 1)
[04:53:40.078606] {Default Queue}  -> wl_region#95.add(588, 4, 105, 1)
[04:53:40.078607] {Default Queue}  -> wl_region#95.add(877, 4, 384, 1)
[04:53:40.078607] {Default Queue}  -> wl_region#95.add(17, 5, 508, 1)
[04:53:40.078608] {Default Queue}  -> wl_region#95.add(586, 5, 109, 1)
[04:53:40.078609] {Default Queue}  -> wl_region#95.add(875, 5, 388, 1)
[04:53:40.078609] {Default Queue}  -> wl_region#95.add(16, 6, 510, 1)
[04:53:40.078610] {Default Queue}  -> wl_region#95.add(585, 6, 111, 1)
[04:53:40.078610] {Default Queue}  -> wl_region#95.add(874, 6, 390, 1)
[04:53:40.078611] {Default Queue}  -> wl_region#95.add(15, 7, 512, 1)
[04:53:40.078612] {Default Queue}  -> wl_region#95.add(584, 7, 113, 1)
[04:53:40.078612] {Default Queue}  -> wl_region#95.add(873, 7, 392, 1)
[04:53:40.078613] {Default Queue}  -> wl_region#95.add(14, 8, 514, 1)
[04:53:40.078614] {Default Queue}  -> wl_region#95.add(583, 8, 115, 1)
[04:53:40.078614] {Default Queue}  -> wl_region#95.add(872, 8, 394, 1)
[04:53:40.078615] {Default Queue}  -> wl_region#95.add(13, 9, 516, 1)
[04:53:40.078615] {Default Queue}  -> wl_region#95.add(582, 9, 117, 1)
[04:53:40.078616] {Default Queue}  -> wl_region#95.add(871, 9, 396, 1)
[04:53:40.078617] {Default Queue}  -> wl_region#95.add(12, 10, 518, 2)
[04:53:40.078617] {Default Queue}  -> wl_region#95.add(581, 10, 119, 2)
[04:53:40.078618] {Default Queue}  -> wl_region#95.add(870, 10, 398, 2)
[04:53:40.078618] {Default Queue}  -> wl_region#95.add(11, 12, 520, 5)
[04:53:40.078619] {Default Queue}  -> wl_region#95.add(580, 12, 121, 5)
[04:53:40.078620] {Default Queue}  -> wl_region#95.add(869, 12, 400, 5)
[04:53:40.078620] {Default Queue}  -> wl_region#95.add(10, 17, 522, 14)
[04:53:40.078621] {Default Queue}  -> wl_region#95.add(579, 17, 123, 14)
[04:53:40.078622] {Default Queue}  -> wl_region#95.add(868, 17, 402, 14)
[04:53:40.078622] {Default Queue}  -> wl_region#95.add(11, 31, 520, 5)
[04:53:40.078623] {Default Queue}  -> wl_region#95.add(580, 31, 121, 5)
[04:53:40.078623] {Default Queue}  -> wl_region#95.add(869, 31, 400, 5)
[04:53:40.078624] {Default Queue}  -> wl_region#95.add(12, 36, 518, 2)
[04:53:40.078625] {Default Queue}  -> wl_region#95.add(581, 36, 119, 2)
[04:53:40.078625] {Default Queue}  -> wl_region#95.add(870, 36, 398, 2)
[04:53:40.078626] {Default Queue}  -> wl_region#95.add(13, 38, 516, 1)
[04:53:40.078626] {Default Queue}  -> wl_region#95.add(582, 38, 117, 1)
[04:53:40.078627] {Default Queue}  -> wl_region#95.add(871, 38, 396, 1)
[04:53:40.078627] {Default Queue}  -> wl_region#95.add(14, 39, 514, 1)
[04:53:40.078628] {Default Queue}  -> wl_region#95.add(583, 39, 115, 1)
[04:53:40.078629] {Default Queue}  -> wl_region#95.add(872, 39, 394, 1)
[04:53:40.078629] {Default Queue}  -> wl_region#95.add(15, 40, 512, 1)
[04:53:40.078630] {Default Queue}  -> wl_region#95.add(584, 40, 113, 1)
[04:53:40.078630] {Default Queue}  -> wl_region#95.add(873, 40, 392, 1)
[04:53:40.078631] {Default Queue}  -> wl_region#95.add(16, 41, 510, 1)
[04:53:40.078632] {Default Queue}  -> wl_region#95.add(585, 41, 111, 1)
[04:53:40.078632] {Default Queue}  -> wl_region#95.add(874, 41, 390, 1)
[04:53:40.078633] {Default Queue}  -> wl_region#95.add(17, 42, 508, 1)
[04:53:40.078633] {Default Queue}  -> wl_region#95.add(586, 42, 109, 1)
[04:53:40.078634] {Default Queue}  -> wl_region#95.add(875, 42, 388, 1)
[04:53:40.078635] {Default Queue}  -> wl_region#95.add(19, 43, 504, 1)
[04:53:40.078635] {Default Queue}  -> wl_region#95.add(588, 43, 105, 1)
[04:53:40.078636] {Default Queue}  -> wl_region#95.add(877, 43, 384, 1)
[04:53:40.078637] {Default Queue}  -> ext_background_effect_surface_v1#96.set_blur_region(wl_region#95)
[04:53:40.078638] {Default Queue}  -> wl_region#95.destroy()
[04:53:40.078660]  -> wl_surface#65.attach(wl_buffer#99, 0, 0)
[04:53:40.078661]  -> wl_surface#65.frame(new id wl_callback#110)
[04:53:40.078662] {Default Queue}  -> wp_presentation#23.feedback(wl_surface#65, new id wp_presentation_feedback#120)
[04:53:40.078663]  -> wl_surface#65.commit()
[04:53:40.078843]  -> wl_surface#71.attach(wl_buffer#108, 0, 0)
[04:53:40.078844]  -> wl_surface#71.damage_buffer(862, 4, 414, 40)
[04:53:40.078845]  -> wl_surface#71.frame(new id wl_callback#90)
[04:53:40.078846] {Default Queue}  -> wp_presentation#23.feedback(wl_surface#71, new id wp_presentation_feedback#109)
[04:53:40.078847]  -> wl_surface#71.commit()
[04:53:40.078865] {Default Queue}  -> wl_compositor#46.create_region(new id wl_region#94)
[04:53:40.078877] {Default Queue}  -> wl_region#94.add(19, 4, 504, 1)
[04:53:40.078878] {Default Queue}  -> wl_region#94.add(588, 4, 105, 1)
[04:53:40.078879] {Default Queue}  -> wl_region#94.add(877, 4, 384, 1)
[04:53:40.078880] {Default Queue}  -> wl_region#94.add(17, 5, 508, 1)
[04:53:40.078880] {Default Queue}  -> wl_region#94.add(586, 5, 109, 1)
[04:53:40.078881] {Default Queue}  -> wl_region#94.add(875, 5, 388, 1)
[04:53:40.078882] {Default Queue}  -> wl_region#94.add(16, 6, 510, 1)
[04:53:40.078882] {Default Queue}  -> wl_region#94.add(585, 6, 111, 1)
[04:53:40.078883] {Default Queue}  -> wl_region#94.add(874, 6, 390, 1)
[04:53:40.078883] {Default Queue}  -> wl_region#94.add(15, 7, 512, 1)
[04:53:40.078884] {Default Queue}  -> wl_region#94.add(584, 7, 113, 1)
[04:53:40.078885] {Default Queue}  -> wl_region#94.add(873, 7, 392, 1)
[04:53:40.078885] {Default Queue}  -> wl_region#94.add(14, 8, 514, 1)
[04:53:40.078886] {Default Queue}  -> wl_region#94.add(583, 8, 115, 1)
[04:53:40.078886] {Default Queue}  -> wl_region#94.add(872, 8, 394, 1)
[04:53:40.078887] {Default Queue}  -> wl_region#94.add(13, 9, 516, 1)
[04:53:40.078888] {Default Queue}  -> wl_region#94.add(582, 9, 117, 1)
[04:53:40.078888] {Default Queue}  -> wl_region#94.add(871, 9, 396, 1)
[04:53:40.078889] {Default Queue}  -> wl_region#94.add(12, 10, 518, 2)
[04:53:40.078889] {Default Queue}  -> wl_region#94.add(581, 10, 119, 2)
[04:53:40.078890] {Default Queue}  -> wl_region#94.add(870, 10, 398, 2)
[04:53:40.078891] {Default Queue}  -> wl_region#94.add(11, 12, 520, 5)
[04:53:40.078891] {Default Queue}  -> wl_region#94.add(580, 12, 121, 5)
[04:53:40.078892] {Default Queue}  -> wl_region#94.add(869, 12, 400, 5)
[04:53:40.078892] {Default Queue}  -> wl_region#94.add(10, 17, 522, 14)
[04:53:40.078893] {Default Queue}  -> wl_region#94.add(579, 17, 123, 14)
[04:53:40.078894] {Default Queue}  -> wl_region#94.add(868, 17, 402, 14)
[04:53:40.078894] {Default Queue}  -> wl_region#94.add(11, 31, 520, 5)
[04:53:40.078895] {Default Queue}  -> wl_region#94.add(580, 31, 121, 5)
[04:53:40.078895] {Default Queue}  -> wl_region#94.add(869, 31, 400, 5)
[04:53:40.078896] {Default Queue}  -> wl_region#94.add(12, 36, 518, 2)
[04:53:40.078896] {Default Queue}  -> wl_region#94.add(581, 36, 119, 2)
[04:53:40.078897] {Default Queue}  -> wl_region#94.add(870, 36, 398, 2)
[04:53:40.078898] {Default Queue}  -> wl_region#94.add(13, 38, 516, 1)
[04:53:40.078898] {Default Queue}  -> wl_region#94.add(582, 38, 117, 1)
[04:53:40.078899] {Default Queue}  -> wl_region#94.add(871, 38, 396, 1)
[04:53:40.078899] {Default Queue}  -> wl_region#94.add(14, 39, 514, 1)
[04:53:40.078900] {Default Queue}  -> wl_region#94.add(583, 39, 115, 1)
[04:53:40.078901] {Default Queue}  -> wl_region#94.add(872, 39, 394, 1)
[04:53:40.078901] {Default Queue}  -> wl_region#94.add(15, 40, 512, 1)
[04:53:40.078902] {Default Queue}  -> wl_region#94.add(584, 40, 113, 1)
[04:53:40.078902] {Default Queue}  -> wl_region#94.add(873, 40, 392, 1)
[04:53:40.078903] {Default Queue}  -> wl_region#94.add(16, 41, 510, 1)
[04:53:40.078904] {Default Queue}  -> wl_region#94.add(585, 41, 111, 1)
[04:53:40.078904] {Default Queue}  -> wl_region#94.add(874, 41, 390, 1)
[04:53:40.078905] {Default Queue}  -> wl_region#94.add(17, 42, 508, 1)
[04:53:40.078905] {Default Queue}  -> wl_region#94.add(586, 42, 109, 1)
[04:53:40.078906] {Default Queue}  -> wl_region#94.add(875, 42, 388, 1)
[04:53:40.078907] {Default Queue}  -> wl_region#94.add(19, 43, 504, 1)
[04:53:40.078907] {Default Queue}  -> wl_region#94.add(588, 43, 105, 1)
[04:53:40.078908] {Default Queue}  -> wl_region#94.add(877, 43, 384, 1)
[04:53:40.078908] {Default Queue}  -> ext_background_effect_surface_v1#112.set_blur_region(wl_region#94)
[04:53:40.078909] {Default Queue}  -> wl_region#94.destroy()
[04:53:40.078920] {Display Queue} wl_display#1.delete_id(95)
[04:53:40.078922] {Display Queue} wl_display#1.delete_id(97)
[04:53:40.078923] {Display Queue} wl_display#1.delete_id(121)
[04:53:40.078923] {Default Queue} wl_buffer#92.release()
[04:53:40.078924] {Default Queue} wl_callback#97.done(56393694)
[04:53:40.078928] {Default Queue} wp_presentation_feedback#121.sync_output(wl_output#58)
[04:53:40.078929] {Default Queue} wp_presentation_feedback#121.sync_output(wl_output#31)
[04:53:40.078930] {Default Queue} wp_presentation_feedback#121.presented(0, 56393, 694654176, 0, 0, 0, 0)
info: event=launcher-results count=112 shown=112 publish_us=5134
[04:53:40.083378] {Display Queue} wl_display#1.delete_id(94)
[04:53:40.083382] {Default Queue} wl_buffer#99.release()
[04:53:40.083383] {Default Queue} wl_buffer#108.release()
[04:53:40.083434] {Default Queue}  -> wl_compositor#4.create_region(new id wl_region#94)
[04:53:40.083436] {Default Queue}  -> wl_region#94.add(19, 4, 504, 1)
[04:53:40.083438] {Default Queue}  -> wl_region#94.add(588, 4, 105, 1)
[04:53:40.083439] {Default Queue}  -> wl_region#94.add(877, 4, 384, 1)
[04:53:40.083439] {Default Queue}  -> wl_region#94.add(17, 5, 508, 1)
[04:53:40.083440] {Default Queue}  -> wl_region#94.add(586, 5, 109, 1)
[04:53:40.083441] {Default Queue}  -> wl_region#94.add(875, 5, 388, 1)
[04:53:40.083441] {Default Queue}  -> wl_region#94.add(16, 6, 510, 1)
[04:53:40.083442] {Default Queue}  -> wl_region#94.add(585, 6, 111, 1)
[04:53:40.083443] {Default Queue}  -> wl_region#94.add(874, 6, 390, 1)
[04:53:40.083443] {Default Queue}  -> wl_region#94.add(15, 7, 512, 1)
[04:53:40.083444] {Default Queue}  -> wl_region#94.add(584, 7, 113, 1)
[04:53:40.083444] {Default Queue}  -> wl_region#94.add(873, 7, 392, 1)
[04:53:40.083445] {Default Queue}  -> wl_region#94.add(14, 8, 514, 1)
[04:53:40.083446] {Default Queue}  -> wl_region#94.add(583, 8, 115, 1)
[04:53:40.083446] {Default Queue}  -> wl_region#94.add(872, 8, 394, 1)
[04:53:40.083447] {Default Queue}  -> wl_region#94.add(13, 9, 516, 1)
[04:53:40.083448] {Default Queue}  -> wl_region#94.add(582, 9, 117, 1)
[04:53:40.083448] {Default Queue}  -> wl_region#94.add(871, 9, 396, 1)
[04:53:40.083449] {Default Queue}  -> wl_region#94.add(12, 10, 518, 2)
[04:53:40.083449] {Default Queue}  -> wl_region#94.add(581, 10, 119, 2)
[04:53:40.083450] {Default Queue}  -> wl_region#94.add(870, 10, 398, 2)
[04:53:40.083451] {Default Queue}  -> wl_region#94.add(11, 12, 520, 5)
[04:53:40.083451] {Default Queue}  -> wl_region#94.add(580, 12, 121, 5)
[04:53:40.083452] {Default Queue}  -> wl_region#94.add(869, 12, 400, 5)
[04:53:40.083452] {Default Queue}  -> wl_region#94.add(10, 17, 522, 14)
[04:53:40.083453] {Default Queue}  -> wl_region#94.add(579, 17, 123, 14)
[04:53:40.083454] {Default Queue}  -> wl_region#94.add(868, 17, 402, 14)
[04:53:40.083454] {Default Queue}  -> wl_region#94.add(11, 31, 520, 5)
[04:53:40.083455] {Default Queue}  -> wl_region#94.add(580, 31, 121, 5)
[04:53:40.083455] {Default Queue}  -> wl_region#94.add(869, 31, 400, 5)
[04:53:40.083456] {Default Queue}  -> wl_region#94.add(12, 36, 518, 2)
[04:53:40.083457] {Default Queue}  -> wl_region#94.add(581, 36, 119, 2)
[04:53:40.083457] {Default Queue}  -> wl_region#94.add(870, 36, 398, 2)
[04:53:40.083458] {Default Queue}  -> wl_region#94.add(13, 38, 516, 1)
[04:53:40.083458] {Default Queue}  -> wl_region#94.add(582, 38, 117, 1)
[04:53:40.083459] {Default Queue}  -> wl_region#94.add(871, 38, 396, 1)
[04:53:40.083460] {Default Queue}  -> wl_region#94.add(14, 39, 514, 1)
[04:53:40.083460] {Default Queue}  -> wl_region#94.add(583, 39, 115, 1)
[04:53:40.083461] {Default Queue}  -> wl_region#94.add(872, 39, 394, 1)
[04:53:40.083461] {Default Queue}  -> wl_region#94.add(15, 40, 512, 1)
[04:53:40.083462] {Default Queue}  -> wl_region#94.add(584, 40, 113, 1)
[04:53:40.083463] {Default Queue}  -> wl_region#94.add(873, 40, 392, 1)
[04:53:40.083463] {Default Queue}  -> wl_region#94.add(16, 41, 510, 1)
[04:53:40.083464] {Default Queue}  -> wl_region#94.add(585, 41, 111, 1)
[04:53:40.083464] {Default Queue}  -> wl_region#94.add(874, 41, 390, 1)
[04:53:40.083466] {Default Queue}  -> wl_region#94.add(17, 42, 508, 1)
[04:53:40.083467] {Default Queue}  -> wl_region#94.add(586, 42, 109, 1)
[04:53:40.083467] {Default Queue}  -> wl_region#94.add(875, 42, 388, 1)
[04:53:40.083468] {Default Queue}  -> wl_region#94.add(19, 43, 504, 1)
[04:53:40.083468] {Default Queue}  -> wl_region#94.add(588, 43, 105, 1)
[04:53:40.083469] {Default Queue}  -> wl_region#94.add(877, 43, 384, 1)
[04:53:40.083470]  -> wl_surface#66.set_input_region(wl_region#94)
[04:53:40.083471] {Default Queue}  -> wl_region#94.destroy()
[04:53:40.083472]  -> wl_surface#66.attach(wl_buffer#92, 0, 0)
[04:53:40.083473]  -> wl_surface#66.frame(new id wl_callback#121)
[04:53:40.083474] {Default Queue}  -> wp_presentation#23.feedback(wl_surface#66, new id wp_presentation_feedback#97)
[04:53:40.083476]  -> wl_surface#66.commit()
[04:53:40.092004]  -> wl_surface#105.attach(wl_buffer#118, 0, 0)
[04:53:40.092009]  -> wl_surface#105.frame(new id wl_callback#95)
[04:53:40.092011] {Default Queue}  -> wp_presentation#23.feedback(wl_surface#105, new id wp_presentation_feedback#104)
[04:53:40.092013]  -> wl_surface#105.commit()
info: event=launcher-painted latency_us=13800
[04:53:40.092119] {Display Queue} wl_display#1.delete_id(94)
[04:53:40.092124] {Default Queue} wl_buffer#92.release()
[04:53:40.092125] {Default Queue} wl_buffer#118.release()
[04:53:40.095047] {Display Queue} wl_display#1.delete_id(121)
[04:53:40.095049] {Display Queue} wl_display#1.delete_id(110)
[04:53:40.095050] {Display Queue} wl_display#1.delete_id(95)
[04:53:40.095050] {Display Queue} wl_display#1.delete_id(97)
[04:53:40.095051] {Display Queue} wl_display#1.delete_id(120)
[04:53:40.095052] {Display Queue} wl_display#1.delete_id(104)
[04:53:40.095052] {Default Queue} wl_callback#121.done(56393710)
[04:53:40.095055] {Default Queue} wl_callback#110.done(56393710)
[04:53:40.095056] {Default Queue} wl_callback#95.done(56393710)
[04:53:40.095058] {Default Queue} wp_presentation_feedback#97.sync_output(wl_output#58)
[04:53:40.095059] {Default Queue} wp_presentation_feedback#97.sync_output(wl_output#31)
[04:53:40.095060] {Default Queue} wp_presentation_feedback#97.presented(0, 56393, 710826405, 0, 0, 0, 0)
[04:53:40.095062] {Default Queue} wp_presentation_feedback#120.sync_output(wl_output#58)
[04:53:40.095063] {Default Queue} wp_presentation_feedback#120.sync_output(wl_output#31)
[04:53:40.095063] {Default Queue} wp_presentation_feedback#120.presented(0, 56393, 710826405, 0, 0, 0, 0)
[04:53:40.095065] {Default Queue} wp_presentation_feedback#104.sync_output(wl_output#58)
[04:53:40.095066] {Default Queue} wp_presentation_feedback#104.sync_output(wl_output#31)
[04:53:40.095066] {Default Queue} wp_presentation_feedback#104.presented(0, 56393, 710826405, 0, 0, 0, 0)
[04:53:40.095093] {Display Queue} wl_display#1.delete_id(90)
[04:53:40.095094] {Display Queue} wl_display#1.delete_id(109)
[04:53:40.095095] {Default Queue} wl_callback#90.done(56393710)
[04:53:40.095096] {Default Queue} wp_presentation_feedback#109.sync_output(wl_output#59)
[04:53:40.095097] {Default Queue} wp_presentation_feedback#109.sync_output(wl_output#34)
[04:53:40.095097] {Default Queue} wp_presentation_feedback#109.presented(0, 56393, 710880595, 0, 0, 0, 0)
[04:53:40.095133] {Default Queue}  -> wl_compositor#4.create_region(new id wl_region#109)
[04:53:40.095135] {Default Queue}  -> wl_region#109.add(19, 4, 504, 1)
[04:53:40.095136] {Default Queue}  -> wl_region#109.add(588, 4, 105, 1)
[04:53:40.095137] {Default Queue}  -> wl_region#109.add(877, 4, 384, 1)
[04:53:40.095138] {Default Queue}  -> wl_region#109.add(17, 5, 508, 1)
[04:53:40.095139] {Default Queue}  -> wl_region#109.add(586, 5, 109, 1)
[04:53:40.095139] {Default Queue}  -> wl_region#109.add(875, 5, 388, 1)
[04:53:40.095140] {Default Queue}  -> wl_region#109.add(16, 6, 510, 1)
[04:53:40.095141] {Default Queue}  -> wl_region#109.add(585, 6, 111, 1)
[04:53:40.095141] {Default Queue}  -> wl_region#109.add(874, 6, 390, 1)
[04:53:40.095142] {Default Queue}  -> wl_region#109.add(15, 7, 512, 1)
[04:53:40.095143] {Default Queue}  -> wl_region#109.add(584, 7, 113, 1)
[04:53:40.095143] {Default Queue}  -> wl_region#109.add(873, 7, 392, 1)
[04:53:40.095144] {Default Queue}  -> wl_region#109.add(14, 8, 514, 1)
[04:53:40.095145] {Default Queue}  -> wl_region#109.add(583, 8, 115, 1)
[04:53:40.095145] {Default Queue}  -> wl_region#109.add(872, 8, 394, 1)
[04:53:40.095146] {Default Queue}  -> wl_region#109.add(13, 9, 516, 1)
[04:53:40.095147] {Default Queue}  -> wl_region#109.add(582, 9, 117, 1)
[04:53:40.095147] {Default Queue}  -> wl_region#109.add(871, 9, 396, 1)
[04:53:40.095148] {Default Queue}  -> wl_region#109.add(12, 10, 518, 2)
[04:53:40.095148] {Default Queue}  -> wl_region#109.add(581, 10, 119, 2)
[04:53:40.095149] {Default Queue}  -> wl_region#109.add(870, 10, 398, 2)
[04:53:40.095150] {Default Queue}  -> wl_region#109.add(11, 12, 520, 5)
[04:53:40.095150] {Default Queue}  -> wl_region#109.add(580, 12, 121, 5)
[04:53:40.095151] {Default Queue}  -> wl_region#109.add(869, 12, 400, 5)
[04:53:40.095151] {Default Queue}  -> wl_region#109.add(10, 17, 522, 14)
[04:53:40.095152] {Default Queue}  -> wl_region#109.add(579, 17, 123, 14)
[04:53:40.095153] {Default Queue}  -> wl_region#109.add(868, 17, 402, 14)
[04:53:40.095153] {Default Queue}  -> wl_region#109.add(11, 31, 520, 5)
[04:53:40.095154] {Default Queue}  -> wl_region#109.add(580, 31, 121, 5)
[04:53:40.095155] {Default Queue}  -> wl_region#109.add(869, 31, 400, 5)
[04:53:40.095155] {Default Queue}  -> wl_region#109.add(12, 36, 518, 2)
[04:53:40.095156] {Default Queue}  -> wl_region#109.add(581, 36, 119, 2)
[04:53:40.095156] {Default Queue}  -> wl_region#109.add(870, 36, 398, 2)
[04:53:40.095157] {Default Queue}  -> wl_region#109.add(13, 38, 516, 1)
[04:53:40.095158] {Default Queue}  -> wl_region#109.add(582, 38, 117, 1)
[04:53:40.095158] {Default Queue}  -> wl_region#109.add(871, 38, 396, 1)
[04:53:40.095159] {Default Queue}  -> wl_region#109.add(14, 39, 514, 1)
[04:53:40.095159] {Default Queue}  -> wl_region#109.add(583, 39, 115, 1)
[04:53:40.095160] {Default Queue}  -> wl_region#109.add(872, 39, 394, 1)
[04:53:40.095161] {Default Queue}  -> wl_region#109.add(15, 40, 512, 1)
[04:53:40.095161] {Default Queue}  -> wl_region#109.add(584, 40, 113, 1)
[04:53:40.095162] {Default Queue}  -> wl_region#109.add(873, 40, 392, 1)
[04:53:40.095162] {Default Queue}  -> wl_region#109.add(16, 41, 510, 1)
[04:53:40.095163] {Default Queue}  -> wl_region#109.add(585, 41, 111, 1)
[04:53:40.095164] {Default Queue}  -> wl_region#109.add(874, 41, 390, 1)
[04:53:40.095164] {Default Queue}  -> wl_region#109.add(17, 42, 508, 1)
[04:53:40.095165] {Default Queue}  -> wl_region#109.add(586, 42, 109, 1)
[04:53:40.095165] {Default Queue}  -> wl_region#109.add(875, 42, 388, 1)
[04:53:40.095166] {Default Queue}  -> wl_region#109.add(19, 43, 504, 1)
[04:53:40.095167] {Default Queue}  -> wl_region#109.add(588, 43, 105, 1)
[04:53:40.095167] {Default Queue}  -> wl_region#109.add(877, 43, 384, 1)
[04:53:40.095168]  -> wl_surface#71.set_input_region(wl_region#109)
[04:53:40.095169] {Default Queue}  -> wl_region#109.destroy()
[04:53:40.095170]  -> wl_surface#71.attach(wl_buffer#108, 0, 0)
[04:53:40.095171]  -> wl_surface#71.frame(new id wl_callback#90)
[04:53:40.095172] {Default Queue}  -> wp_presentation#23.feedback(wl_surface#71, new id wp_presentation_feedback#104)
[04:53:40.095172]  -> wl_surface#71.commit()
[04:53:40.095212] {Display Queue} wl_display#1.delete_id(109)
[04:53:40.095213] {Default Queue} wl_buffer#108.release()
[04:53:40.111237] {Display Queue} wl_display#1.delete_id(90)
[04:53:40.111241] {Display Queue} wl_display#1.delete_id(104)
[04:53:40.111242] {Default Queue} wl_callback#90.done(56393727)
[04:53:40.111246] {Default Queue} wp_presentation_feedback#104.sync_output(wl_output#59)
[04:53:40.111247] {Default Queue} wp_presentation_feedback#104.sync_output(wl_output#34)
[04:53:40.111248] {Default Queue} wp_presentation_feedback#104.presented(0, 56393, 727018454, 0, 0, 0, 0)
[04:53:40.526938]  -> wl_surface#65.attach(wl_buffer#99, 0, 0)
[04:53:40.526944]  -> wl_surface#65.frame(new id wl_callback#104)
[04:53:40.526948] {Default Queue}  -> wp_presentation#23.feedback(wl_surface#65, new id wp_presentation_feedback#90)
[04:53:40.526950]  -> wl_surface#65.commit()
info: event=launcher-results count=112 shown=112 publish_us=4560
[04:53:40.531460] {Default Queue} wl_buffer#99.release()
[04:53:40.539918]  -> wl_surface#105.attach(wl_buffer#118, 0, 0)
[04:53:40.539924]  -> wl_surface#105.frame(new id wl_callback#109)
[04:53:40.539927] {Default Queue}  -> wp_presentation#23.feedback(wl_surface#105, new id wp_presentation_feedback#120)
[04:53:40.539930]  -> wl_surface#105.commit()
info: event=launcher-painted latency_us=13062
[04:53:40.540446]  -> wl_surface#66.attach(wl_buffer#92, 0, 0)
[04:53:40.540450]  -> wl_surface#66.damage_buffer(1099, 18, 19, 12)
[04:53:40.540452]  -> wl_surface#66.frame(new id wl_callback#97)
[04:53:40.540453] {Default Queue}  -> wp_presentation#23.feedback(wl_surface#66, new id wp_presentation_feedback#95)
[04:53:40.540455]  -> wl_surface#66.commit()
[04:53:40.540516]  -> wl_surface#71.attach(wl_buffer#108, 0, 0)
[04:53:40.540518]  -> wl_surface#71.damage_buffer(1099, 18, 19, 12)
[04:53:40.540519]  -> wl_surface#71.frame(new id wl_callback#110)
[04:53:40.540520] {Default Queue}  -> wp_presentation#23.feedback(wl_surface#71, new id wp_presentation_feedback#121)
[04:53:40.540521]  -> wl_surface#71.commit()
info: event=launcher-results count=112 shown=112 publish_us=3893
[04:53:40.544234] {Display Queue} wl_display#1.delete_id(104)
[04:53:40.544238] {Default Queue} wl_callback#104.done(56394156)
[04:53:40.544241] {Default Queue} wl_buffer#118.release()
[04:53:40.544242] {Default Queue} wl_buffer#92.release()
[04:53:40.544242] {Default Queue} wl_buffer#108.release()
[04:53:40.544260]  -> wl_surface#65.attach(wl_buffer#99, 0, 0)
[04:53:40.544262]  -> wl_surface#65.frame(new id wl_callback#104)
[04:53:40.544263] {Default Queue}  -> wp_presentation#23.feedback(wl_surface#65, new id wp_presentation_feedback#94)
[04:53:40.544264]  -> wl_surface#65.commit()
[04:53:40.544330] {Display Queue} wl_display#1.delete_id(90)
[04:53:40.544333] {Default Queue} wp_presentation_feedback#90.discarded()
[04:53:40.544334] {Default Queue} wl_buffer#99.release()
info: event=launcher-results count=112 shown=112 publish_us=3458
[04:53:40.556739] {Display Queue} wl_display#1.delete_id(97)
[04:53:40.556745] {Display Queue} wl_display#1.delete_id(104)
[04:53:40.556746] {Display Queue} wl_display#1.delete_id(109)
[04:53:40.556746] {Display Queue} wl_display#1.delete_id(95)
[04:53:40.556747] {Default Queue} wl_callback#97.done(56394172)
[04:53:40.556751] {Default Queue} wl_callback#104.done(56394172)
[04:53:40.556755] {Default Queue} wl_callback#109.done(56394172)
[04:53:40.556756] {Default Queue} wp_presentation_feedback#95.sync_output(wl_output#58)
[04:53:40.556758] {Default Queue} wp_presentation_feedback#95.sync_output(wl_output#31)
[04:53:40.556759] {Default Queue} wp_presentation_feedback#95.presented(0, 56394, 172487487, 0, 0, 0, 0)
[04:53:40.556797]  -> wl_surface#65.attach(wl_buffer#99, 0, 0)
[04:53:40.556799]  -> wl_surface#65.frame(new id wl_callback#95)
[04:53:40.556800] {Default Queue}  -> wp_presentation#23.feedback(wl_surface#65, new id wp_presentation_feedback#109)
[04:53:40.556802]  -> wl_surface#65.commit()
[04:53:40.565635]  -> wl_surface#105.attach(wl_buffer#118, 0, 0)
[04:53:40.565642]  -> wl_surface#105.frame(new id wl_callback#104)
[04:53:40.565645] {Default Queue}  -> wp_presentation#23.feedback(wl_surface#105, new id wp_presentation_feedback#97)
[04:53:40.565647]  -> wl_surface#105.commit()
info: event=launcher-painted latency_us=21359
[04:53:40.565687] {Display Queue} wl_display#1.delete_id(110)
[04:53:40.565690] {Display Queue} wl_display#1.delete_id(121)
[04:53:40.565691] {Default Queue} wl_callback#110.done(56394172)
[04:53:40.565694] {Default Queue} wp_presentation_feedback#121.sync_output(wl_output#59)
[04:53:40.565695] {Default Queue} wp_presentation_feedback#121.sync_output(wl_output#34)
[04:53:40.565696] {Default Queue} wp_presentation_feedback#121.presented(0, 56394, 172585237, 0, 0, 0, 0)
[04:53:40.565757] {Display Queue} wl_display#1.delete_id(94)
[04:53:40.565758] {Display Queue} wl_display#1.delete_id(120)
[04:53:40.565759] {Default Queue} wp_presentation_feedback#94.discarded()
[04:53:40.565760] {Default Queue} wl_buffer#99.release()
[04:53:40.565761] {Default Queue} wp_presentation_feedback#120.discarded()
[04:53:40.565761] {Default Queue} wl_buffer#118.release()
[04:53:40.572972] {Display Queue} wl_display#1.delete_id(95)
[04:53:40.572977] {Display Queue} wl_display#1.delete_id(104)
[04:53:40.572979] {Default Queue} wl_callback#95.done(56394188)
[04:53:40.572982] {Default Queue} wl_callback#104.done(56394188)
[04:53:41.525281] {Display Queue} wl_display#1.delete_id(109)
[04:53:41.525289] {Display Queue} wl_display#1.delete_id(97)
[04:53:41.525291] {Default Queue} wp_presentation_feedback#109.sync_output(wl_output#58)
[04:53:41.525293] {Default Queue} wp_presentation_feedback#109.sync_output(wl_output#31)
[04:53:41.525294] {Default Queue} wp_presentation_feedback#109.presented(0, 56395, 141027955, 0, 0, 0, 0)
[04:53:41.525300] {Default Queue} wp_presentation_feedback#97.sync_output(wl_output#58)
[04:53:41.525301] {Default Queue} wp_presentation_feedback#97.sync_output(wl_output#31)
[04:53:41.525302] {Default Queue} wp_presentation_feedback#97.presented(0, 56395, 141027955, 0, 0, 0, 0)
[04:53:41.528517]  -> wl_surface#65.attach(wl_buffer#99, 0, 0)
[04:53:41.528523]  -> wl_surface#65.frame(new id wl_callback#97)
[04:53:41.528525] {Default Queue}  -> wp_presentation#23.feedback(wl_surface#65, new id wp_presentation_feedback#109)
[04:53:41.528529]  -> wl_surface#65.commit()
info: event=launcher-results count=112 shown=112 publish_us=4626
[04:53:41.533121] {Default Queue} wl_buffer#99.release()
[04:53:41.541673]  -> wl_surface#105.attach(wl_buffer#118, 0, 0)
[04:53:41.541678]  -> wl_surface#105.frame(new id wl_callback#104)
[04:53:41.541680] {Default Queue}  -> wp_presentation#23.feedback(wl_surface#105, new id wp_presentation_feedback#95)
[04:53:41.541682]  -> wl_surface#105.commit()
info: event=launcher-painted latency_us=13245
[04:53:41.541719] {Display Queue} wl_display#1.delete_id(97)
[04:53:41.541721] {Default Queue} wl_callback#97.done(56395157)
[04:53:41.541796] {Default Queue} wl_buffer#118.release()
[04:53:41.542228]  -> wl_surface#66.attach(wl_buffer#92, 0, 0)
[04:53:41.542233]  -> wl_surface#66.damage_buffer(1099, 18, 19, 11)
[04:53:41.542235]  -> wl_surface#66.frame(new id wl_callback#97)
[04:53:41.542236] {Default Queue}  -> wp_presentation#23.feedback(wl_surface#66, new id wp_presentation_feedback#120)
[04:53:41.542238]  -> wl_surface#66.commit()
[04:53:41.542257]  -> wl_surface#65.attach(wl_buffer#99, 0, 0)
[04:53:41.542259]  -> wl_surface#65.frame(new id wl_callback#94)
[04:53:41.542260] {Default Queue}  -> wp_presentation#23.feedback(wl_surface#65, new id wp_presentation_feedback#121)
[04:53:41.542261]  -> wl_surface#65.commit()
[04:53:41.542313]  -> wl_surface#71.attach(wl_buffer#108, 0, 0)
[04:53:41.542314]  -> wl_surface#71.damage_buffer(1099, 18, 19, 11)
[04:53:41.542315]  -> wl_surface#71.frame(new id wl_callback#110)
[04:53:41.542316] {Default Queue}  -> wp_presentation#23.feedback(wl_surface#71, new id wp_presentation_feedback#90)
[04:53:41.542317]  -> wl_surface#71.commit()
info: event=launcher-results count=112 shown=112 publish_us=4063
[04:53:41.546168] {Display Queue} wl_display#1.delete_id(109)
[04:53:41.546172] {Default Queue} wl_buffer#92.release()
[04:53:41.546173] {Default Queue} wp_presentation_feedback#109.discarded()
[04:53:41.546175] {Default Queue} wl_buffer#99.release()
[04:53:41.546176] {Default Queue} wl_buffer#108.release()
info: event=launcher-results count=112 shown=112 publish_us=3603
[04:53:41.558613] {Display Queue} wl_display#1.delete_id(97)
[04:53:41.558619] {Display Queue} wl_display#1.delete_id(94)
[04:53:41.558621] {Display Queue} wl_display#1.delete_id(104)
[04:53:41.558622] {Display Queue} wl_display#1.delete_id(120)
[04:53:41.558622] {Default Queue} wl_callback#97.done(56395174)
[04:53:41.558627] {Default Queue} wl_callback#94.done(56395174)
[04:53:41.558631] {Default Queue} wl_callback#104.done(56395174)
[04:53:41.558633] {Default Queue} wp_presentation_feedback#120.sync_output(wl_output#58)
[04:53:41.558635] {Default Queue} wp_presentation_feedback#120.sync_output(wl_output#31)
[04:53:41.558636] {Default Queue} wp_presentation_feedback#120.presented(0, 56395, 174368721, 0, 0, 0, 0)
[04:53:41.558679]  -> wl_surface#65.attach(wl_buffer#99, 0, 0)
[04:53:41.558682]  -> wl_surface#65.frame(new id wl_callback#120)
[04:53:41.558684] {Default Queue}  -> wp_presentation#23.feedback(wl_surface#65, new id wp_presentation_feedback#104)
[04:53:41.558685]  -> wl_surface#65.commit()
[04:53:41.568300]  -> wl_surface#105.attach(wl_buffer#118, 0, 0)
[04:53:41.568306]  -> wl_surface#105.frame(new id wl_callback#94)
[04:53:41.568309] {Default Queue}  -> wp_presentation#23.feedback(wl_surface#105, new id wp_presentation_feedback#97)
[04:53:41.568312]  -> wl_surface#105.commit()
info: event=launcher-painted latency_us=22105
[04:53:41.568354] {Display Queue} wl_display#1.delete_id(110)
[04:53:41.568356] {Display Queue} wl_display#1.delete_id(90)
[04:53:41.568356] {Default Queue} wl_callback#110.done(56395174)
[04:53:41.568360] {Default Queue} wp_presentation_feedback#90.sync_output(wl_output#59)
[04:53:41.568361] {Default Queue} wp_presentation_feedback#90.sync_output(wl_output#34)
[04:53:41.568361] {Default Queue} wp_presentation_feedback#90.presented(0, 56395, 174441272, 0, 0, 0, 0)
[04:53:41.568410] {Display Queue} wl_display#1.delete_id(121)
[04:53:41.568411] {Display Queue} wl_display#1.delete_id(95)
[04:53:41.568412] {Default Queue} wp_presentation_feedback#121.discarded()
[04:53:41.568413] {Default Queue} wl_buffer#99.release()
[04:53:41.568414] {Default Queue} wp_presentation_feedback#95.discarded()
[04:53:41.568415] {Default Queue} wl_buffer#118.release()
[04:53:41.573491] {Display Queue} wl_display#1.delete_id(120)
[04:53:41.573496] {Display Queue} wl_display#1.delete_id(94)
[04:53:41.573498] {Default Queue} wl_callback#120.done(56395189)
[04:53:41.573502] {Default Queue} wl_callback#94.done(56395189)
[04:53:41.684886]  -> wl_surface#65.attach(wl_buffer#99, 0, 0)
[04:53:41.684892]  -> wl_surface#65.frame(new id wl_callback#94)
[04:53:41.684895] {Default Queue}  -> wp_presentation#23.feedback(wl_surface#65, new id wp_presentation_feedback#120)
[04:53:41.684898]  -> wl_surface#65.commit()
info: event=launcher-results count=112 shown=112 publish_us=4575
[04:53:41.689423] {Display Queue} wl_display#1.delete_id(104)
[04:53:41.689427] {Display Queue} wl_display#1.delete_id(94)
[04:53:41.689428] {Default Queue} wp_presentation_feedback#104.discarded()
[04:53:41.689430] {Default Queue} wl_buffer#99.release()
[04:53:41.689431] {Default Queue} wl_callback#94.done(56395300)
[04:53:41.698693]  -> wl_surface#105.attach(wl_buffer#118, 0, 0)
[04:53:41.698700]  -> wl_surface#105.frame(new id wl_callback#94)
[04:53:41.698703] {Default Queue}  -> wp_presentation#23.feedback(wl_surface#105, new id wp_presentation_feedback#104)
[04:53:41.698705]  -> wl_surface#105.commit()
info: event=launcher-painted latency_us=13894
[04:53:41.698913] {Display Queue} wl_display#1.delete_id(97)
[04:53:41.698916] {Default Queue} wp_presentation_feedback#97.discarded()
[04:53:41.698918] {Default Queue} wl_buffer#118.release()
[04:53:41.701083] {Display Queue} wl_display#1.delete_id(94)
[04:53:41.701084] {Default Queue} wl_callback#94.done(56395316)
[04:53:42.527159] {Display Queue} wl_display#1.delete_id(120)
[04:53:42.527165] {Display Queue} wl_display#1.delete_id(104)
[04:53:42.527166] {Default Queue} ext_background_effect_manager_v1#48.capabilities(0)
info: event=blur-capability available=false
[04:53:42.527300] {Default Queue}  -> ext_background_effect_surface_v1#96.set_blur_region(nil)
[04:53:42.527345] {Default Queue}  -> ext_background_effect_surface_v1#112.set_blur_region(nil)
[04:53:42.527395] {Default Queue}  -> ext_background_effect_surface_v1#88.set_blur_region(nil)
[04:53:42.527397] {Default Queue} wp_presentation_feedback#120.sync_output(wl_output#58)
[04:53:42.527398] {Default Queue} wp_presentation_feedback#120.sync_output(wl_output#31)
[04:53:42.527399] {Default Queue} wp_presentation_feedback#120.presented(0, 56396, 142928650, 0, 0, 0, 0)
[04:53:42.527402] {Default Queue} wp_presentation_feedback#104.sync_output(wl_output#58)
[04:53:42.527402] {Default Queue} wp_presentation_feedback#104.sync_output(wl_output#31)
[04:53:42.527403] {Default Queue} wp_presentation_feedback#104.presented(0, 56396, 142928650, 0, 0, 0, 0)
[04:53:42.527950] {Default Queue}  -> wl_compositor#4.create_region(new id wl_region#104)
[04:53:42.527953] {Default Queue}  -> wl_region#104.add(18, 4, 506, 40)
[04:53:42.527955]  -> wl_surface#66.set_opaque_region(wl_region#104)
[04:53:42.527956] {Default Queue}  -> wl_region#104.destroy()
[04:53:42.527957]  -> wl_surface#66.attach(wl_buffer#92, 0, 0)
[04:53:42.527959]  -> wl_surface#66.damage_buffer(4, 4, 1272, 40)
[04:53:42.527960]  -> wl_surface#66.frame(new id wl_callback#120)
[04:53:42.527962] {Default Queue}  -> wp_presentation#23.feedback(wl_surface#66, new id wp_presentation_feedback#94)
[04:53:42.527963]  -> wl_surface#66.commit()
[04:53:42.528377] {Default Queue}  -> wl_compositor#4.create_region(new id wl_region#97)
[04:53:42.528379] {Default Queue}  -> wl_region#97.add(18, 4, 506, 40)
[04:53:42.528380]  -> wl_surface#71.set_opaque_region(wl_region#97)
[04:53:42.528381] {Default Queue}  -> wl_region#97.destroy()
[04:53:42.528382]  -> wl_surface#71.attach(wl_buffer#108, 0, 0)
[04:53:42.528383]  -> wl_surface#71.damage_buffer(4, 4, 1272, 40)
[04:53:42.528383]  -> wl_surface#71.frame(new id wl_callback#95)
[04:53:42.528384] {Default Queue}  -> wp_presentation#23.feedback(wl_surface#71, new id wp_presentation_feedback#121)
[04:53:42.528385]  -> wl_surface#71.commit()
[04:53:42.530921] {Default Queue}  -> wl_compositor#4.create_region(new id wl_region#90)
[04:53:42.530924] {Default Queue}  -> wl_region#90.add(344, 36, 592, 600)
[04:53:42.530925]  -> wl_surface#105.set_opaque_region(wl_region#90)
[04:53:42.530926] {Default Queue}  -> wl_region#90.destroy()
[04:53:42.530927]  -> wl_surface#105.attach(wl_buffer#118, 0, 0)
[04:53:42.530928]  -> wl_surface#105.damage_buffer(330, 36, 620, 600)
[04:53:42.530929]  -> wl_surface#105.frame(new id wl_callback#110)
[04:53:42.530930] {Default Queue}  -> wp_presentation#23.feedback(wl_surface#105, new id wp_presentation_feedback#109)
[04:53:42.530930]  -> wl_surface#105.commit()
[04:53:42.531131] {Display Queue} wl_display#1.delete_id(104)
[04:53:42.531133] {Display Queue} wl_display#1.delete_id(97)
[04:53:42.531134] {Display Queue} wl_display#1.delete_id(90)
[04:53:42.531134] {Default Queue} wl_buffer#92.release()
[04:53:42.531135] {Default Queue} wl_buffer#108.release()
[04:53:42.531136] {Default Queue} wl_buffer#118.release()
[04:53:42.531170]  -> wl_surface#65.attach(wl_buffer#99, 0, 0)
[04:53:42.531172]  -> wl_surface#65.frame(new id wl_callback#90)
[04:53:42.531173] {Default Queue}  -> wp_presentation#23.feedback(wl_surface#65, new id wp_presentation_feedback#97)
[04:53:42.531174]  -> wl_surface#65.commit()
info: event=launcher-results count=112 shown=112 publish_us=4252
[04:53:42.535378] {Default Queue} wl_buffer#99.release()
info: event=launcher-results count=112 shown=112 publish_us=3439
info: event=launcher-results count=112 shown=112 publish_us=3248
[04:53:42.544280] {Display Queue} wl_display#1.delete_id(120)
[04:53:42.544287] {Display Queue} wl_display#1.delete_id(90)
[04:53:42.544288] {Display Queue} wl_display#1.delete_id(110)
[04:53:42.544288] {Display Queue} wl_display#1.delete_id(94)
[04:53:42.544289] {Display Queue} wl_display#1.delete_id(97)
[04:53:42.544290] {Display Queue} wl_display#1.delete_id(109)
[04:53:42.544290] {Default Queue} wl_callback#120.done(56396160)
[04:53:42.544296] {Default Queue} wl_callback#90.done(56396160)
[04:53:42.544298] {Default Queue} wl_callback#110.done(56396160)
[04:53:42.544300] {Default Queue} wp_presentation_feedback#94.sync_output(wl_output#58)
[04:53:42.544301] {Default Queue} wp_presentation_feedback#94.sync_output(wl_output#31)
[04:53:42.544302] {Default Queue} wp_presentation_feedback#94.presented(0, 56396, 160025387, 0, 0, 0, 0)
[04:53:42.544305] {Default Queue} wp_presentation_feedback#97.sync_output(wl_output#58)
[04:53:42.544306] {Default Queue} wp_presentation_feedback#97.sync_output(wl_output#31)
[04:53:42.544306] {Default Queue} wp_presentation_feedback#97.presented(0, 56396, 160025387, 0, 0, 0, 0)
[04:53:42.544308] {Default Queue} wp_presentation_feedback#109.sync_output(wl_output#58)
[04:53:42.544309] {Default Queue} wp_presentation_feedback#109.sync_output(wl_output#31)
[04:53:42.544310] {Default Queue} wp_presentation_feedback#109.presented(0, 56396, 160025387, 0, 0, 0, 0)
[04:53:42.544318] {Display Queue} wl_display#1.delete_id(95)
[04:53:42.544319] {Display Queue} wl_display#1.delete_id(121)
[04:53:42.544320] {Default Queue} wl_callback#95.done(56396160)
[04:53:42.544322] {Default Queue} wp_presentation_feedback#121.sync_output(wl_output#59)
[04:53:42.544322] {Default Queue} wp_presentation_feedback#121.sync_output(wl_output#34)
[04:53:42.544323] {Default Queue} wp_presentation_feedback#121.presented(0, 56396, 160086817, 0, 0, 0, 0)
[04:53:42.544503]  -> wl_surface#66.attach(wl_buffer#92, 0, 0)
[04:53:42.544506]  -> wl_surface#66.damage_buffer(1099, 18, 19, 12)
[04:53:42.544508]  -> wl_surface#66.frame(new id wl_callback#121)
[04:53:42.544510] {Default Queue}  -> wp_presentation#23.feedback(wl_surface#66, new id wp_presentation_feedback#95)
[04:53:42.544511]  -> wl_surface#66.commit()
[04:53:42.544540]  -> wl_surface#65.attach(wl_buffer#99, 0, 0)
[04:53:42.544541]  -> wl_surface#65.frame(new id wl_callback#109)
[04:53:42.544542] {Default Queue}  -> wp_presentation#23.feedback(wl_surface#65, new id wp_presentation_feedback#97)
[04:53:42.544543]  -> wl_surface#65.commit()
[04:53:42.553523]  -> wl_surface#105.attach(wl_buffer#118, 0, 0)
[04:53:42.553531]  -> wl_surface#105.frame(new id wl_callback#94)
[04:53:42.553533] {Default Queue}  -> wp_presentation#23.feedback(wl_surface#105, new id wp_presentation_feedback#110)
[04:53:42.553535]  -> wl_surface#105.commit()
info: event=launcher-painted latency_us=14556
[04:53:42.553631]  -> wl_surface#71.attach(wl_buffer#108, 0, 0)
[04:53:42.553634]  -> wl_surface#71.damage_buffer(1099, 18, 19, 12)
[04:53:42.553635]  -> wl_surface#71.frame(new id wl_callback#90)
[04:53:42.553636] {Default Queue}  -> wp_presentation#23.feedback(wl_surface#71, new id wp_presentation_feedback#120)
[04:53:42.553637]  -> wl_surface#71.commit()
[04:53:42.553746] {Default Queue} wl_buffer#92.release()
[04:53:42.553748] {Default Queue} wl_buffer#99.release()
[04:53:42.553749] {Default Queue} wl_buffer#118.release()
[04:53:42.553749] {Default Queue} wl_buffer#108.release()
[04:53:42.560415] {Display Queue} wl_display#1.delete_id(121)
[04:53:42.560420] {Display Queue} wl_display#1.delete_id(109)
[04:53:42.560421] {Display Queue} wl_display#1.delete_id(94)
[04:53:42.560422] {Display Queue} wl_display#1.delete_id(95)
[04:53:42.560423] {Default Queue} wl_callback#121.done(56396176)
[04:53:42.560428] {Default Queue} wl_callback#109.done(56396176)
[04:53:42.560430] {Default Queue} wl_callback#94.done(56396176)
[04:53:42.560434] {Default Queue} wp_presentation_feedback#95.sync_output(wl_output#58)
[04:53:42.560436] {Default Queue} wp_presentation_feedback#95.sync_output(wl_output#31)
[04:53:42.560437] {Default Queue} wp_presentation_feedback#95.presented(0, 56396, 176185445, 0, 0, 0, 0)
[04:53:42.560467] {Display Queue} wl_display#1.delete_id(90)
[04:53:42.560468] {Display Queue} wl_display#1.delete_id(120)
[04:53:42.560469] {Default Queue} wl_callback#90.done(56396176)
[04:53:42.560471] {Default Queue} wp_presentation_feedback#120.sync_output(wl_output#59)
[04:53:42.560472] {Default Queue} wp_presentation_feedback#120.sync_output(wl_output#34)
[04:53:42.560472] {Default Queue} wp_presentation_feedback#120.presented(0, 56396, 176253276, 0, 0, 0, 0)
[04:53:43.528635] {Display Queue} wl_display#1.delete_id(97)
[04:53:43.528640] {Display Queue} wl_display#1.delete_id(110)
[04:53:43.528641] {Default Queue} ext_background_effect_manager_v1#48.capabilities(1)
info: event=blur-capability available=true
[04:53:43.528731] {Default Queue}  -> wl_compositor#46.create_region(new id wl_region#120)
[04:53:43.528746] {Default Queue}  -> wl_region#120.add(19, 4, 504, 1)
[04:53:43.528748] {Default Queue}  -> wl_region#120.add(588, 4, 105, 1)
[04:53:43.528749] {Default Queue}  -> wl_region#120.add(877, 4, 384, 1)
[04:53:43.528750] {Default Queue}  -> wl_region#120.add(17, 5, 508, 1)
[04:53:43.528750] {Default Queue}  -> wl_region#120.add(586, 5, 109, 1)
[04:53:43.528751] {Default Queue}  -> wl_region#120.add(875, 5, 388, 1)
[04:53:43.528752] {Default Queue}  -> wl_region#120.add(16, 6, 510, 1)
[04:53:43.528752] {Default Queue}  -> wl_region#120.add(585, 6, 111, 1)
[04:53:43.528753] {Default Queue}  -> wl_region#120.add(874, 6, 390, 1)
[04:53:43.528754] {Default Queue}  -> wl_region#120.add(15, 7, 512, 1)
[04:53:43.528754] {Default Queue}  -> wl_region#120.add(584, 7, 113, 1)
[04:53:43.528755] {Default Queue}  -> wl_region#120.add(873, 7, 392, 1)
[04:53:43.528756] {Default Queue}  -> wl_region#120.add(14, 8, 514, 1)
[04:53:43.528756] {Default Queue}  -> wl_region#120.add(583, 8, 115, 1)
[04:53:43.528757] {Default Queue}  -> wl_region#120.add(872, 8, 394, 1)
[04:53:43.528757] {Default Queue}  -> wl_region#120.add(13, 9, 516, 1)
[04:53:43.528758] {Default Queue}  -> wl_region#120.add(582, 9, 117, 1)
[04:53:43.528758] {Default Queue}  -> wl_region#120.add(871, 9, 396, 1)
[04:53:43.528759] {Default Queue}  -> wl_region#120.add(12, 10, 518, 2)
[04:53:43.528760] {Default Queue}  -> wl_region#120.add(581, 10, 119, 2)
[04:53:43.528760] {Default Queue}  -> wl_region#120.add(870, 10, 398, 2)
[04:53:43.528761] {Default Queue}  -> wl_region#120.add(11, 12, 520, 5)
[04:53:43.528761] {Default Queue}  -> wl_region#120.add(580, 12, 121, 5)
[04:53:43.528762] {Default Queue}  -> wl_region#120.add(869, 12, 400, 5)
[04:53:43.528763] {Default Queue}  -> wl_region#120.add(10, 17, 522, 14)
[04:53:43.528763] {Default Queue}  -> wl_region#120.add(579, 17, 123, 14)
[04:53:43.528764] {Default Queue}  -> wl_region#120.add(868, 17, 402, 14)
[04:53:43.528764] {Default Queue}  -> wl_region#120.add(11, 31, 520, 5)
[04:53:43.528765] {Default Queue}  -> wl_region#120.add(580, 31, 121, 5)
[04:53:43.528765] {Default Queue}  -> wl_region#120.add(869, 31, 400, 5)
[04:53:43.528766] {Default Queue}  -> wl_region#120.add(12, 36, 518, 2)
[04:53:43.528767] {Default Queue}  -> wl_region#120.add(581, 36, 119, 2)
[04:53:43.528767] {Default Queue}  -> wl_region#120.add(870, 36, 398, 2)
[04:53:43.528768] {Default Queue}  -> wl_region#120.add(13, 38, 516, 1)
[04:53:43.528768] {Default Queue}  -> wl_region#120.add(582, 38, 117, 1)
[04:53:43.528769] {Default Queue}  -> wl_region#120.add(871, 38, 396, 1)
[04:53:43.528770] {Default Queue}  -> wl_region#120.add(14, 39, 514, 1)
[04:53:43.528770] {Default Queue}  -> wl_region#120.add(583, 39, 115, 1)
[04:53:43.528771] {Default Queue}  -> wl_region#120.add(872, 39, 394, 1)
[04:53:43.528772] {Default Queue}  -> wl_region#120.add(15, 40, 512, 1)
[04:53:43.528772] {Default Queue}  -> wl_region#120.add(584, 40, 113, 1)
[04:53:43.528773] {Default Queue}  -> wl_region#120.add(873, 40, 392, 1)
[04:53:43.528773] {Default Queue}  -> wl_region#120.add(16, 41, 510, 1)
[04:53:43.528774] {Default Queue}  -> wl_region#120.add(585, 41, 111, 1)
[04:53:43.528775] {Default Queue}  -> wl_region#120.add(874, 41, 390, 1)
[04:53:43.528775] {Default Queue}  -> wl_region#120.add(17, 42, 508, 1)
[04:53:43.528776] {Default Queue}  -> wl_region#120.add(586, 42, 109, 1)
[04:53:43.528776] {Default Queue}  -> wl_region#120.add(875, 42, 388, 1)
[04:53:43.528777] {Default Queue}  -> wl_region#120.add(19, 43, 504, 1)
[04:53:43.528777] {Default Queue}  -> wl_region#120.add(588, 43, 105, 1)
[04:53:43.528778] {Default Queue}  -> wl_region#120.add(877, 43, 384, 1)
[04:53:43.528779] {Default Queue}  -> ext_background_effect_surface_v1#96.set_blur_region(wl_region#120)
[04:53:43.528780] {Default Queue}  -> wl_region#120.destroy()
[04:53:43.528819] {Default Queue}  -> wl_compositor#46.create_region(new id wl_region#90)
[04:53:43.528830] {Default Queue}  -> wl_region#90.add(19, 4, 504, 1)
[04:53:43.528831] {Default Queue}  -> wl_region#90.add(588, 4, 105, 1)
[04:53:43.528831] {Default Queue}  -> wl_region#90.add(877, 4, 384, 1)
[04:53:43.528832] {Default Queue}  -> wl_region#90.add(17, 5, 508, 1)
[04:53:43.528833] {Default Queue}  -> wl_region#90.add(586, 5, 109, 1)
[04:53:43.528833] {Default Queue}  -> wl_region#90.add(875, 5, 388, 1)
[04:53:43.528834] {Default Queue}  -> wl_region#90.add(16, 6, 510, 1)
[04:53:43.528835] {Default Queue}  -> wl_region#90.add(585, 6, 111, 1)
[04:53:43.528835] {Default Queue}  -> wl_region#90.add(874, 6, 390, 1)
[04:53:43.528836] {Default Queue}  -> wl_region#90.add(15, 7, 512, 1)
[04:53:43.528836] {Default Queue}  -> wl_region#90.add(584, 7, 113, 1)
[04:53:43.528837] {Default Queue}  -> wl_region#90.add(873, 7, 392, 1)
[04:53:43.528837] {Default Queue}  -> wl_region#90.add(14, 8, 514, 1)
[04:53:43.528838] {Default Queue}  -> wl_region#90.add(583, 8, 115, 1)
[04:53:43.528839] {Default Queue}  -> wl_region#90.add(872, 8, 394, 1)
[04:53:43.528839] {Default Queue}  -> wl_region#90.add(13, 9, 516, 1)
[04:53:43.528840] {Default Queue}  -> wl_region#90.add(582, 9, 117, 1)
[04:53:43.528840] {Default Queue}  -> wl_region#90.add(871, 9, 396, 1)
[04:53:43.528841] {Default Queue}  -> wl_region#90.add(12, 10, 518, 2)
[04:53:43.528842] {Default Queue}  -> wl_region#90.add(581, 10, 119, 2)
[04:53:43.528842] {Default Queue}  -> wl_region#90.add(870, 10, 398, 2)
[04:53:43.528843] {Default Queue}  -> wl_region#90.add(11, 12, 520, 5)
[04:53:43.528843] {Default Queue}  -> wl_region#90.add(580, 12, 121, 5)
[04:53:43.528844] {Default Queue}  -> wl_region#90.add(869, 12, 400, 5)
[04:53:43.528845] {Default Queue}  -> wl_region#90.add(10, 17, 522, 14)
[04:53:43.528845] {Default Queue}  -> wl_region#90.add(579, 17, 123, 14)
[04:53:43.528846] {Default Queue}  -> wl_region#90.add(868, 17, 402, 14)
[04:53:43.528846] {Default Queue}  -> wl_region#90.add(11, 31, 520, 5)
[04:53:43.528847] {Default Queue}  -> wl_region#90.add(580, 31, 121, 5)
[04:53:43.528847] {Default Queue}  -> wl_region#90.add(869, 31, 400, 5)
[04:53:43.528848] {Default Queue}  -> wl_region#90.add(12, 36, 518, 2)
[04:53:43.528849] {Default Queue}  -> wl_region#90.add(581, 36, 119, 2)
[04:53:43.528849] {Default Queue}  -> wl_region#90.add(870, 36, 398, 2)
[04:53:43.528850] {Default Queue}  -> wl_region#90.add(13, 38, 516, 1)
[04:53:43.528850] {Default Queue}  -> wl_region#90.add(582, 38, 117, 1)
[04:53:43.528851] {Default Queue}  -> wl_region#90.add(871, 38, 396, 1)
[04:53:43.528852] {Default Queue}  -> wl_region#90.add(14, 39, 514, 1)
[04:53:43.528852] {Default Queue}  -> wl_region#90.add(583, 39, 115, 1)
[04:53:43.528853] {Default Queue}  -> wl_region#90.add(872, 39, 394, 1)
[04:53:43.528853] {Default Queue}  -> wl_region#90.add(15, 40, 512, 1)
[04:53:43.528854] {Default Queue}  -> wl_region#90.add(584, 40, 113, 1)
[04:53:43.528854] {Default Queue}  -> wl_region#90.add(873, 40, 392, 1)
[04:53:43.528855] {Default Queue}  -> wl_region#90.add(16, 41, 510, 1)
[04:53:43.528856] {Default Queue}  -> wl_region#90.add(585, 41, 111, 1)
[04:53:43.528856] {Default Queue}  -> wl_region#90.add(874, 41, 390, 1)
[04:53:43.528857] {Default Queue}  -> wl_region#90.add(17, 42, 508, 1)
[04:53:43.528857] {Default Queue}  -> wl_region#90.add(586, 42, 109, 1)
[04:53:43.528858] {Default Queue}  -> wl_region#90.add(875, 42, 388, 1)
[04:53:43.528859] {Default Queue}  -> wl_region#90.add(19, 43, 504, 1)
[04:53:43.528859] {Default Queue}  -> wl_region#90.add(588, 43, 105, 1)
[04:53:43.528860] {Default Queue}  -> wl_region#90.add(877, 43, 384, 1)
[04:53:43.528860] {Default Queue}  -> ext_background_effect_surface_v1#112.set_blur_region(wl_region#90)
[04:53:43.528861] {Default Queue}  -> wl_region#90.destroy()
[04:53:43.528906] {Default Queue}  -> wl_compositor#46.create_region(new id wl_region#95)
[04:53:43.528933] {Default Queue}  -> wl_region#95.add(339, 36, 602, 1)
[04:53:43.528934] {Default Queue}  -> wl_region#95.add(337, 37, 606, 1)
[04:53:43.528935] {Default Queue}  -> wl_region#95.add(336, 38, 608, 1)
[04:53:43.528936] {Default Queue}  -> wl_region#95.add(335, 39, 610, 1)
[04:53:43.528936] {Default Queue}  -> wl_region#95.add(334, 40, 612, 1)
[04:53:43.528937] {Default Queue}  -> wl_region#95.add(333, 41, 614, 1)
[04:53:43.528938] {Default Queue}  -> wl_region#95.add(332, 42, 616, 2)
[04:53:43.528938] {Default Queue}  -> wl_region#95.add(331, 44, 618, 5)
[04:53:43.528939] {Default Queue}  -> wl_region#95.add(330, 49, 620, 574)
[04:53:43.528939] {Default Queue}  -> wl_region#95.add(331, 623, 618, 5)
[04:53:43.528940] {Default Queue}  -> wl_region#95.add(332, 628, 616, 2)
[04:53:43.528941] {Default Queue}  -> wl_region#95.add(333, 630, 614, 1)
[04:53:43.528941] {Default Queue}  -> wl_region#95.add(334, 631, 612, 1)
[04:53:43.528942] {Default Queue}  -> wl_region#95.add(335, 632, 610, 1)
[04:53:43.528942] {Default Queue}  -> wl_region#95.add(336, 633, 608, 1)
[04:53:43.528943] {Default Queue}  -> wl_region#95.add(337, 634, 606, 1)
[04:53:43.528944] {Default Queue}  -> wl_region#95.add(339, 635, 602, 1)
[04:53:43.528944] {Default Queue}  -> ext_background_effect_surface_v1#88.set_blur_region(wl_region#95)
[04:53:43.528945] {Default Queue}  -> wl_region#95.destroy()
[04:53:43.528946] {Default Queue} wp_presentation_feedback#97.sync_output(wl_output#58)
[04:53:43.528948] {Default Queue} wp_presentation_feedback#97.sync_output(wl_output#31)
[04:53:43.528949] {Default Queue} wp_presentation_feedback#97.presented(0, 56397, 144406370, 0, 0, 0, 0)
[04:53:43.528951] {Default Queue} wp_presentation_feedback#110.sync_output(wl_output#58)
[04:53:43.528951] {Default Queue} wp_presentation_feedback#110.sync_output(wl_output#31)
[04:53:43.528952] {Default Queue} wp_presentation_feedback#110.presented(0, 56397, 144406370, 0, 0, 0, 0)
[04:53:43.529510] {Default Queue}  -> wl_compositor#4.create_region(new id wl_region#110)
[04:53:43.529513] {Default Queue}  -> wl_region#110.add(76, 4, 6, 40)
[04:53:43.529514]  -> wl_surface#66.set_opaque_region(wl_region#110)
[04:53:43.529515] {Default Queue}  -> wl_region#110.destroy()
[04:53:43.529516]  -> wl_surface#66.attach(wl_buffer#92, 0, 0)
[04:53:43.529518]  -> wl_surface#66.damage_buffer(4, 4, 1272, 40)
[04:53:43.529519]  -> wl_surface#66.frame(new id wl_callback#97)
[04:53:43.529520] {Default Queue}  -> wp_presentation#23.feedback(wl_surface#66, new id wp_presentation_feedback#94)
[04:53:43.529521]  -> wl_surface#66.commit()
[04:53:43.529957] {Default Queue}  -> wl_compositor#4.create_region(new id wl_region#109)
[04:53:43.529959] {Default Queue}  -> wl_region#109.add(76, 4, 6, 40)
[04:53:43.529960]  -> wl_surface#71.set_opaque_region(wl_region#109)
[04:53:43.529961] {Default Queue}  -> wl_region#109.destroy()
[04:53:43.529962]  -> wl_surface#71.attach(wl_buffer#108, 0, 0)
[04:53:43.529963]  -> wl_surface#71.damage_buffer(4, 4, 1272, 40)
[04:53:43.529964]  -> wl_surface#71.frame(new id wl_callback#121)
[04:53:43.529965] {Default Queue}  -> wp_presentation#23.feedback(wl_surface#71, new id wp_presentation_feedback#104)
[04:53:43.529965]  -> wl_surface#71.commit()
[04:53:43.532508] {Default Queue}  -> wl_compositor#4.create_region(new id wl_region#113)
[04:53:43.532511] {Default Queue}  -> wl_region#113.add(365, 158, 550, 62)
[04:53:43.532513]  -> wl_surface#105.set_opaque_region(wl_region#113)
[04:53:43.532514] {Default Queue}  -> wl_region#113.destroy()
[04:53:43.532514]  -> wl_surface#105.attach(wl_buffer#118, 0, 0)
[04:53:43.532515]  -> wl_surface#105.damage_buffer(330, 36, 620, 600)
[04:53:43.532516]  -> wl_surface#105.frame(new id wl_callback#106)
[04:53:43.532517] {Default Queue}  -> wp_presentation#23.feedback(wl_surface#105, new id wp_presentation_feedback#89)
[04:53:43.532518]  -> wl_surface#105.commit()
[04:53:43.532647]  -> wl_surface#65.attach(wl_buffer#99, 0, 0)
[04:53:43.532649]  -> wl_surface#65.frame(new id wl_callback#122)
[04:53:43.532650] {Default Queue}  -> wp_presentation#23.feedback(wl_surface#65, new id wp_presentation_feedback#119)
[04:53:43.532651]  -> wl_surface#65.commit()
[04:53:43.532687] {Display Queue} wl_display#1.delete_id(120)
[04:53:43.532689] {Display Queue} wl_display#1.delete_id(90)
[04:53:43.532690] {Display Queue} wl_display#1.delete_id(95)
[04:53:43.532690] {Display Queue} wl_display#1.delete_id(110)
[04:53:43.532691] {Display Queue} wl_display#1.delete_id(109)
[04:53:43.532691] {Display Queue} wl_display#1.delete_id(113)
[04:53:43.532692] {Default Queue} wl_buffer#92.release()
[04:53:43.532693] {Default Queue} wl_buffer#108.release()
[04:53:43.532693] {Default Queue} wl_buffer#118.release()
[04:53:43.532694] {Default Queue} wl_buffer#99.release()
info: event=launcher-results count=112 shown=112 publish_us=4422
info: event=launcher-results count=112 shown=112 publish_us=3372
info: event=launcher-results count=112 shown=112 publish_us=3416
[04:53:43.545190] {Display Queue} wl_display#1.delete_id(97)
[04:53:43.545198] {Display Queue} wl_display#1.delete_id(122)
[04:53:43.545199] {Display Queue} wl_display#1.delete_id(106)
[04:53:43.545200] {Display Queue} wl_display#1.delete_id(94)
[04:53:43.545201] {Display Queue} wl_display#1.delete_id(119)
[04:53:43.545201] {Display Queue} wl_display#1.delete_id(89)
[04:53:43.545202] {Default Queue} wl_callback#97.done(56397160)
[04:53:43.545211] {Default Queue} wl_callback#122.done(56397160)
[04:53:43.545214] {Default Queue} wl_callback#106.done(56397160)
[04:53:43.545216] {Default Queue} wp_presentation_feedback#94.sync_output(wl_output#58)
[04:53:43.545217] {Default Queue} wp_presentation_feedback#94.sync_output(wl_output#31)
[04:53:43.545218] {Default Queue} wp_presentation_feedback#94.presented(0, 56397, 160957222, 0, 0, 0, 0)
[04:53:43.545221] {Default Queue} wp_presentation_feedback#119.sync_output(wl_output#58)
[04:53:43.545222] {Default Queue} wp_presentation_feedback#119.sync_output(wl_output#31)
[04:53:43.545223] {Default Queue} wp_presentation_feedback#119.presented(0, 56397, 160957222, 0, 0, 0, 0)
[04:53:43.545225] {Default Queue} wp_presentation_feedback#89.sync_output(wl_output#58)
[04:53:43.545226] {Default Queue} wp_presentation_feedback#89.sync_output(wl_output#31)
[04:53:43.545226] {Default Queue} wp_presentation_feedback#89.presented(0, 56397, 160957222, 0, 0, 0, 0)
[04:53:43.545444]  -> wl_surface#66.attach(wl_buffer#92, 0, 0)
[04:53:43.545447]  -> wl_surface#66.damage_buffer(1099, 18, 20, 11)
[04:53:43.545449]  -> wl_surface#66.damage_buffer(1099, 29, 19, 1)
[04:53:43.545450]  -> wl_surface#66.frame(new id wl_callback#89)
[04:53:43.545451] {Default Queue}  -> wp_presentation#23.feedback(wl_surface#66, new id wp_presentation_feedback#119)
[04:53:43.545453]  -> wl_surface#66.commit()
[04:53:43.545483]  -> wl_surface#65.attach(wl_buffer#99, 0, 0)
[04:53:43.545485]  -> wl_surface#65.frame(new id wl_callback#94)
[04:53:43.545486] {Default Queue}  -> wp_presentation#23.feedback(wl_surface#65, new id wp_presentation_feedback#106)
[04:53:43.545487]  -> wl_surface#65.commit()
[04:53:43.554926]  -> wl_surface#105.attach(wl_buffer#118, 0, 0)
[04:53:43.554932]  -> wl_surface#105.frame(new id wl_callback#122)
[04:53:43.554935] {Default Queue}  -> wp_presentation#23.feedback(wl_surface#105, new id wp_presentation_feedback#97)
[04:53:43.554937]  -> wl_surface#105.commit()
info: event=launcher-painted latency_us=14194
[04:53:43.554981] {Display Queue} wl_display#1.delete_id(121)
[04:53:43.554983] {Display Queue} wl_display#1.delete_id(104)
[04:53:43.554984] {Default Queue} wl_callback#121.done(56397161)
[04:53:43.554989] {Default Queue} wp_presentation_feedback#104.sync_output(wl_output#59)
[04:53:43.554990] {Default Queue} wp_presentation_feedback#104.sync_output(wl_output#34)
[04:53:43.554990] {Default Queue} wp_presentation_feedback#104.presented(0, 56397, 161188615, 0, 0, 0, 0)
[04:53:43.555061] {Default Queue} wl_buffer#92.release()
[04:53:43.555062] {Default Queue} wl_buffer#99.release()
[04:53:43.555063] {Default Queue} wl_buffer#118.release()
[04:53:43.555087] {Default Queue}  -> ext_background_effect_surface_v1#88.destroy()
[04:53:43.555118] {Default Queue}  -> zwlr_layer_surface_v1#93.destroy()
[04:53:43.555121]  -> wl_surface#105.attach(nil, 0, 0)
[04:53:43.555122]  -> wl_surface#105.commit()
[04:53:43.555142] {Default Queue}  -> wl_buffer#118.destroy()
[04:53:43.555144] {Default Queue}  -> wl_shm_pool#117.destroy()
[04:53:43.555331] {Default Queue}  -> wp_viewport#100.destroy()
[04:53:43.555333] {Default Queue}  -> wp_fractional_scale_v1#111.destroy()
[04:53:43.555333]  -> wl_surface#105.destroy()
[04:53:43.555343] {Default Queue}  -> xdg_toplevel_icon_v1#101.destroy()
info: event=popup-closed
[04:53:43.557393]  -> wl_surface#71.attach(wl_buffer#108, 0, 0)
[04:53:43.557398]  -> wl_surface#71.damage_buffer(1099, 18, 20, 11)
[04:53:43.557399]  -> wl_surface#71.damage_buffer(1099, 29, 19, 1)
[04:53:43.557400]  -> wl_surface#71.frame(new id wl_callback#104)
[04:53:43.557402] {Default Queue}  -> wp_presentation#23.feedback(wl_surface#71, new id wp_presentation_feedback#121)
[04:53:43.557403]  -> wl_surface#71.commit()
[04:53:43.557619] discarded [unknown]#97.[event 2](0 fd, 8 byte)
[04:53:43.557625] {Display Queue} wl_display#1.delete_id(88)
[04:53:43.557628] {Display Queue} wl_display#1.delete_id(93)
[04:53:43.557629] {Display Queue} wl_display#1.delete_id(97)
[04:53:43.557630] {Display Queue} wl_display#1.delete_id(118)
[04:53:43.557630] {Display Queue} wl_display#1.delete_id(117)
[04:53:43.557631] {Display Queue} wl_display#1.delete_id(100)
[04:53:43.557631] {Display Queue} wl_display#1.delete_id(111)
[04:53:43.557632] {Display Queue} wl_display#1.delete_id(122)
[04:53:43.557632] {Display Queue} wl_display#1.delete_id(105)
[04:53:43.557633] {Display Queue} wl_display#1.delete_id(101)
[04:53:43.557633] {Default Queue} zwlr_layer_surface_v1#70.configure(53, 1280, 48)
[04:53:43.557638] {Default Queue}  -> zwlr_layer_surface_v1#70.ack_configure(53)
[04:53:43.557639] {Default Queue} zwlr_layer_surface_v1#64.configure(54, 1280, 720)
[04:53:43.557642] {Default Queue}  -> zwlr_layer_surface_v1#64.ack_configure(54)
[04:53:43.557643] {Default Queue} zwlr_layer_surface_v1#75.configure(55, 88, 2)
[04:53:43.557646] {Default Queue}  -> zwlr_layer_surface_v1#75.ack_configure(55)
[04:53:43.557652] {Default Queue} wl_buffer#108.release()
[04:53:43.557740]  -> wl_surface#60.commit()
[04:53:43.559082] {Default Queue}  -> wl_compositor#4.create_surface(new id wl_surface#101)
[04:53:43.559086] {Default Queue}  -> wp_fractional_scale_manager_v1#11.get_fractional_scale(new id wp_fractional_scale_v1#105, wl_surface#101)
[04:53:43.559089] {Default Queue}  -> wp_viewporter#10.get_viewport(new id wp_viewport#122, wl_surface#101)
[04:53:43.559106] {Default Queue}  -> xdg_toplevel_icon_manager_v1#9.create_icon(new id xdg_toplevel_icon_v1#111)
[04:53:43.559116] {Default Queue}  -> zwlr_layer_shell_v1#49.get_layer_surface(new id zwlr_layer_surface_v1#100, wl_surface#101, wl_output#31, 3, "pearl:popup")
[04:53:43.559118] {Default Queue}  -> zwlr_layer_surface_v1#100.set_keyboard_interactivity(1)
[04:53:43.559119] {Default Queue}  -> zwlr_layer_surface_v1#100.set_exclusive_zone(0)
[04:53:43.559120] {Default Queue}  -> zwlr_layer_surface_v1#100.set_anchor(15)
[04:53:43.559121] {Default Queue}  -> zwlr_layer_surface_v1#100.set_margin(0, 0, 0, 0)
[04:53:43.559122] {Default Queue}  -> zwlr_layer_surface_v1#100.set_size(0, 0)
[04:53:43.559126]  -> wl_surface#101.commit()
[04:53:43.559198] {Default Queue}  -> ext_background_effect_manager_v1#48.get_background_effect(new id ext_background_effect_surface_v1#117, wl_surface#101)
[04:53:43.559201] {Default Queue}  -> wl_compositor#46.create_region(new id wl_region#118)
[04:53:43.559209] {Default Queue}  -> wl_region#118.add(-11, -20, 22, 1)
[04:53:43.559210] {Default Queue}  -> wl_region#118.add(-13, -19, 26, 1)
[04:53:43.559211] {Default Queue}  -> wl_region#118.add(-14, -18, 28, 1)
[04:53:43.559212] {Default Queue}  -> wl_region#118.add(-15, -17, 30, 1)
[04:53:43.559213] {Default Queue}  -> wl_region#118.add(-16, -16, 32, 1)
[04:53:43.559213] {Default Queue}  -> wl_region#118.add(-17, -15, 34, 1)
[04:53:43.559214] {Default Queue}  -> wl_region#118.add(-18, -14, 36, 2)
[04:53:43.559215] {Default Queue}  -> wl_region#118.add(-19, -12, 38, 5)
[04:53:43.559215] {Default Queue}  -> wl_region#118.add(-20, -7, 40, 14)
[04:53:43.559216] {Default Queue}  -> wl_region#118.add(-19, 7, 38, 5)
[04:53:43.559217] {Default Queue}  -> wl_region#118.add(-18, 12, 36, 2)
[04:53:43.559217] {Default Queue}  -> wl_region#118.add(-17, 14, 34, 1)
[04:53:43.559218] {Default Queue}  -> wl_region#118.add(-16, 15, 32, 1)
[04:53:43.559219] {Default Queue}  -> wl_region#118.add(-15, 16, 30, 1)
[04:53:43.559219] {Default Queue}  -> wl_region#118.add(-14, 17, 28, 1)
[04:53:43.559220] {Default Queue}  -> wl_region#118.add(-13, 18, 26, 1)
[04:53:43.559220] {Default Queue}  -> wl_region#118.add(-11, 19, 22, 1)
[04:53:43.559221] {Default Queue}  -> ext_background_effect_surface_v1#117.set_blur_region(wl_region#118)
[04:53:43.559222] {Default Queue}  -> wl_region#118.destroy()
[04:53:43.559287] {Default Queue}  -> zwp_text_input_v3#116.set_surrounding_text("", 0, 0)
[04:53:43.559289] {Default Queue}  -> zwp_text_input_v3#116.set_text_change_cause(1)
[04:53:43.559293] {Default Queue}  -> zwp_text_input_v3#116.set_content_type(0, 0)
[04:53:43.559301] {Default Queue}  -> zwp_text_input_v3#116.set_cursor_rectangle(0, 0, 0, 0)
[04:53:43.559302] {Default Queue}  -> zwp_text_input_v3#116.commit()
[04:53:43.559304] {Default Queue}  -> xdg_activation_v1#15.get_activation_token(new id xdg_activation_token_v1#97)
[04:53:43.559306]  -> xdg_activation_token_v1#97.set_serial(0, wl_seat#3)
[04:53:43.559307]  -> xdg_activation_token_v1#97.commit()
[04:53:43.559333] {Display Queue} wl_display#1.delete_id(118)
[04:53:43.559346] xdg_activation_token_v1#97.done("017f145dbb31cdfc034bc0a4ffa90217")
[04:53:43.559351]  -> xdg_activation_token_v1#97.destroy()
[04:53:43.559353] {Default Queue}  -> xdg_activation_v1#15.activate("017f145dbb31cdfc034bc0a4ffa90217", wl_surface#101)
info: event=popup-opened output=1
[04:53:43.559375] {Default Queue} zwlr_layer_surface_v1#70.configure(61, 1280, 48)
[04:53:43.559407] {Default Queue}  -> zwlr_layer_surface_v1#70.ack_configure(61)
[04:53:43.559408] {Default Queue} zwlr_layer_surface_v1#64.configure(62, 1280, 720)
[04:53:43.559410] {Default Queue}  -> zwlr_layer_surface_v1#64.ack_configure(62)
[04:53:43.559411] {Default Queue} zwlr_layer_surface_v1#75.configure(63, 88, 2)
[04:53:43.559413] {Default Queue}  -> zwlr_layer_surface_v1#75.ack_configure(63)
[04:53:43.559413] {Default Queue} zwlr_layer_surface_v1#100.configure(64, 1280, 672)
[04:53:43.559418] {Default Queue}  -> zwlr_layer_surface_v1#100.ack_configure(64)
[04:53:43.559953] {Default Queue}  -> wl_shm#5.create_pool(new id wl_shm_pool#118, fd 16, 3440640)
[04:53:43.559958] {Default Queue}  -> wl_shm_pool#118.create_buffer(new id wl_buffer#93, 0, 1280, 672, 5120, 0)
[04:53:43.560665] {Default Queue}  -> wl_compositor#4.create_region(new id wl_region#88)
[04:53:43.560668] {Default Queue}  -> wl_region#88.add(377, 90, 526, 54)
[04:53:43.560669]  -> wl_surface#101.set_opaque_region(wl_region#88)
[04:53:43.560670] {Default Queue}  -> wl_region#88.destroy()
[04:53:43.560671] {Default Queue}  -> wp_viewport#122.set_destination(1280, 672)
[04:53:43.560673]  -> wl_surface#101.attach(wl_buffer#93, 0, 0)
[04:53:43.560674]  -> wl_surface#101.damage_buffer(0, 0, 1280, 672)
[04:53:43.560675]  -> wl_surface#101.frame(new id wl_callback#113)
[04:53:43.560676] {Default Queue}  -> wp_presentation#23.feedback(wl_surface#101, new id wp_presentation_feedback#109)
[04:53:43.560678]  -> wl_surface#101.commit()
[04:53:43.560682] {Default Queue}  -> wl_compositor#46.create_region(new id wl_region#110)
[04:53:43.560710] {Default Queue}  -> wl_region#110.add(339, 36, 602, 1)
[04:53:43.560711] {Default Queue}  -> wl_region#110.add(337, 37, 606, 1)
[04:53:43.560712] {Default Queue}  -> wl_region#110.add(336, 38, 608, 1)
[04:53:43.560713] {Default Queue}  -> wl_region#110.add(335, 39, 610, 1)
[04:53:43.560714] {Default Queue}  -> wl_region#110.add(334, 40, 612, 1)
[04:53:43.560715] {Default Queue}  -> wl_region#110.add(333, 41, 614, 1)
[04:53:43.560716] {Default Queue}  -> wl_region#110.add(332, 42, 616, 2)
[04:53:43.560717] {Default Queue}  -> wl_region#110.add(331, 44, 618, 5)
[04:53:43.560717] {Default Queue}  -> wl_region#110.add(330, 49, 620, 574)
[04:53:43.560718] {Default Queue}  -> wl_region#110.add(331, 623, 618, 5)
[04:53:43.560719] {Default Queue}  -> wl_region#110.add(332, 628, 616, 2)
[04:53:43.560720] {Default Queue}  -> wl_region#110.add(333, 630, 614, 1)
[04:53:43.560721] {Default Queue}  -> wl_region#110.add(334, 631, 612, 1)
[04:53:43.560722] {Default Queue}  -> wl_region#110.add(335, 632, 610, 1)
[04:53:43.560723] {Default Queue}  -> wl_region#110.add(336, 633, 608, 1)
[04:53:43.560724] {Default Queue}  -> wl_region#110.add(337, 634, 606, 1)
[04:53:43.560725] {Default Queue}  -> wl_region#110.add(339, 635, 602, 1)
[04:53:43.560726] {Default Queue}  -> ext_background_effect_surface_v1#117.set_blur_region(wl_region#110)
[04:53:43.560727] {Default Queue}  -> wl_region#110.destroy()
info: event=launcher-results count=112 shown=112 publish_us=3677
[04:53:43.563117] {Display Queue} wl_display#1.delete_id(97)
[04:53:43.563120] {Display Queue} wl_display#1.delete_id(88)
[04:53:43.563121] {Display Queue} wl_display#1.delete_id(110)
[04:53:43.563122] {Display Queue} wl_display#1.delete_id(89)
[04:53:43.563123] {Display Queue} wl_display#1.delete_id(94)
[04:53:43.563124] {Display Queue} wl_display#1.delete_id(113)
[04:53:43.563124] {Display Queue} wl_display#1.delete_id(119)
[04:53:43.563125] {Display Queue} wl_display#1.delete_id(106)
[04:53:43.563125] {Display Queue} wl_display#1.delete_id(109)
[04:53:43.563126] {Display Queue} wl_display#1.delete_id(104)
[04:53:43.563126] {Display Queue} wl_display#1.delete_id(121)
[04:53:43.563127] {Default Queue} zwlr_layer_surface_v1#70.configure(65, 1280, 48)
[04:53:43.563130] {Default Queue}  -> zwlr_layer_surface_v1#70.ack_configure(65)
[04:53:43.563131] {Default Queue} zwlr_layer_surface_v1#64.configure(66, 1280, 720)
[04:53:43.563132] {Default Queue}  -> zwlr_layer_surface_v1#64.ack_configure(66)
[04:53:43.563133] {Default Queue} zwlr_layer_surface_v1#75.configure(67, 88, 2)
[04:53:43.563134] {Default Queue}  -> zwlr_layer_surface_v1#75.ack_configure(67)
[04:53:43.563134] {Default Queue} zwlr_layer_surface_v1#100.configure(68, 1280, 672)
[04:53:43.563135] {Default Queue}  -> zwlr_layer_surface_v1#100.ack_configure(68)
[04:53:43.563136] {Default Queue} wp_fractional_scale_v1#105.preferred_scale(120)
[04:53:43.563136] {Default Queue} wl_buffer#93.release()
[04:53:43.563137] {Default Queue} wl_data_device#38.selection(nil)
[04:53:43.563141] {Default Queue} zwp_primary_selection_device_v1#37.selection(nil)
[04:53:43.563143] {Default Queue} wl_callback#89.done(56397177)
[04:53:43.563146] {Default Queue} wl_callback#94.done(56397177)
[04:53:43.563147] {Default Queue} wl_callback#113.done(56397177)
[04:53:43.563148] {Default Queue} wp_presentation_feedback#119.sync_output(wl_output#58)
[04:53:43.563149] {Default Queue} wp_presentation_feedback#119.sync_output(wl_output#31)
[04:53:43.563150] {Default Queue} wp_presentation_feedback#119.presented(0, 56397, 177580075, 0, 0, 0, 0)
[04:53:43.563152] {Default Queue} wp_presentation_feedback#106.sync_output(wl_output#58)
[04:53:43.563153] {Default Queue} wp_presentation_feedback#106.sync_output(wl_output#31)
[04:53:43.563154] {Default Queue} wp_presentation_feedback#106.presented(0, 56397, 177580075, 0, 0, 0, 0)
[04:53:43.563155] {Default Queue} wp_presentation_feedback#109.sync_output(wl_output#58)
[04:53:43.563156] {Default Queue} wp_presentation_feedback#109.sync_output(wl_output#31)
[04:53:43.563156] {Default Queue} wp_presentation_feedback#109.presented(0, 56397, 177580075, 0, 0, 0, 0)
[04:53:43.563157] {Default Queue} wl_callback#104.done(56397177)
[04:53:43.563158] {Default Queue} wp_presentation_feedback#121.sync_output(wl_output#59)
[04:53:43.563159] {Default Queue} wp_presentation_feedback#121.sync_output(wl_output#34)
[04:53:43.563160] {Default Queue} wp_presentation_feedback#121.presented(0, 56397, 177675566, 0, 0, 0, 0)
[04:53:43.563161] wl_surface#101.enter(wl_output#58)
[04:53:43.563188] wl_surface#101.enter(wl_output#31)
[04:53:43.563199] wl_surface#101.preferred_buffer_scale(1)
[04:53:43.563200] wl_surface#101.preferred_buffer_transform(0)
[04:53:43.563492]  -> wl_surface#66.attach(wl_buffer#92, 0, 0)
[04:53:43.563497]  -> wl_surface#66.damage_buffer(4, 4, 806, 40)
[04:53:43.563499]  -> wl_surface#66.frame(new id wl_callback#121)
[04:53:43.563500] {Default Queue}  -> wp_presentation#23.feedback(wl_surface#66, new id wp_presentation_feedback#104)
[04:53:43.563502]  -> wl_surface#66.commit()
[04:53:43.563525] {Default Queue}  -> wl_compositor#46.create_region(new id wl_region#109)
[04:53:43.563538] {Default Queue}  -> wl_region#109.add(19, 4, 641, 1)
[04:53:43.563539] {Default Queue}  -> wl_region#109.add(690, 4, 105, 1)
[04:53:43.563540] {Default Queue}  -> wl_region#109.add(877, 4, 384, 1)
[04:53:43.563541] {Default Queue}  -> wl_region#109.add(17, 5, 645, 1)
[04:53:43.563542] {Default Queue}  -> wl_region#109.add(688, 5, 109, 1)
[04:53:43.563542] {Default Queue}  -> wl_region#109.add(875, 5, 388, 1)
[04:53:43.563543] {Default Queue}  -> wl_region#109.add(16, 6, 647, 1)
[04:53:43.563544] {Default Queue}  -> wl_region#109.add(687, 6, 111, 1)
[04:53:43.563544] {Default Queue}  -> wl_region#109.add(874, 6, 390, 1)
[04:53:43.563545] {Default Queue}  -> wl_region#109.add(15, 7, 649, 1)
[04:53:43.563545] {Default Queue}  -> wl_region#109.add(686, 7, 113, 1)
[04:53:43.563546] {Default Queue}  -> wl_region#109.add(873, 7, 392, 1)
[04:53:43.563547] {Default Queue}  -> wl_region#109.add(14, 8, 651, 1)
[04:53:43.563547] {Default Queue}  -> wl_region#109.add(685, 8, 115, 1)
[04:53:43.563548] {Default Queue}  -> wl_region#109.add(872, 8, 394, 1)
[04:53:43.563548] {Default Queue}  -> wl_region#109.add(13, 9, 653, 1)
[04:53:43.563549] {Default Queue}  -> wl_region#109.add(684, 9, 117, 1)
[04:53:43.563550] {Default Queue}  -> wl_region#109.add(871, 9, 396, 1)
[04:53:43.563550] {Default Queue}  -> wl_region#109.add(12, 10, 655, 2)
[04:53:43.563551] {Default Queue}  -> wl_region#109.add(683, 10, 119, 2)
[04:53:43.563551] {Default Queue}  -> wl_region#109.add(870, 10, 398, 2)
[04:53:43.563552] {Default Queue}  -> wl_region#109.add(11, 12, 657, 5)
[04:53:43.563553] {Default Queue}  -> wl_region#109.add(682, 12, 121, 5)
[04:53:43.563553] {Default Queue}  -> wl_region#109.add(869, 12, 400, 5)
[04:53:43.563554] {Default Queue}  -> wl_region#109.add(10, 17, 659, 14)
[04:53:43.563554] {Default Queue}  -> wl_region#109.add(681, 17, 123, 14)
[04:53:43.563555] {Default Queue}  -> wl_region#109.add(868, 17, 402, 14)
[04:53:43.563556] {Default Queue}  -> wl_region#109.add(11, 31, 657, 5)
[04:53:43.563556] {Default Queue}  -> wl_region#109.add(682, 31, 121, 5)
[04:53:43.563557] {Default Queue}  -> wl_region#109.add(869, 31, 400, 5)
[04:53:43.563557] {Default Queue}  -> wl_region#109.add(12, 36, 655, 2)
[04:53:43.563558] {Default Queue}  -> wl_region#109.add(683, 36, 119, 2)
[04:53:43.563559] {Default Queue}  -> wl_region#109.add(870, 36, 398, 2)
[04:53:43.563559] {Default Queue}  -> wl_region#109.add(13, 38, 653, 1)
[04:53:43.563560] {Default Queue}  -> wl_region#109.add(684, 38, 117, 1)
[04:53:43.563561] {Default Queue}  -> wl_region#109.add(871, 38, 396, 1)
[04:53:43.563561] {Default Queue}  -> wl_region#109.add(14, 39, 651, 1)
[04:53:43.563562] {Default Queue}  -> wl_region#109.add(685, 39, 115, 1)
[04:53:43.563563] {Default Queue}  -> wl_region#109.add(872, 39, 394, 1)
[04:53:43.563563] {Default Queue}  -> wl_region#109.add(15, 40, 649, 1)
[04:53:43.563564] {Default Queue}  -> wl_region#109.add(686, 40, 113, 1)
[04:53:43.563564] {Default Queue}  -> wl_region#109.add(873, 40, 392, 1)
[04:53:43.563565] {Default Queue}  -> wl_region#109.add(16, 41, 647, 1)
[04:53:43.563566] {Default Queue}  -> wl_region#109.add(687, 41, 111, 1)
[04:53:43.563566] {Default Queue}  -> wl_region#109.add(874, 41, 390, 1)
[04:53:43.563567] {Default Queue}  -> wl_region#109.add(17, 42, 645, 1)
[04:53:43.563567] {Default Queue}  -> wl_region#109.add(688, 42, 109, 1)
[04:53:43.563568] {Default Queue}  -> wl_region#109.add(875, 42, 388, 1)
[04:53:43.563569] {Default Queue}  -> wl_region#109.add(19, 43, 641, 1)
[04:53:43.563569] {Default Queue}  -> wl_region#109.add(690, 43, 105, 1)
[04:53:43.563570] {Default Queue}  -> wl_region#109.add(877, 43, 384, 1)
[04:53:43.563570] {Default Queue}  -> ext_background_effect_surface_v1#96.set_blur_region(wl_region#109)
[04:53:43.563571] {Default Queue}  -> wl_region#109.destroy()
[04:53:43.563594]  -> wl_surface#65.attach(wl_buffer#99, 0, 0)
[04:53:43.563595]  -> wl_surface#65.frame(new id wl_callback#106)
[04:53:43.563595] {Default Queue}  -> wp_presentation#23.feedback(wl_surface#65, new id wp_presentation_feedback#119)
[04:53:43.563596]  -> wl_surface#65.commit()
[04:53:43.572461] {Default Queue}  -> wl_compositor#4.create_region(new id wl_region#113)
[04:53:43.572467] {Default Queue}  -> wl_region#113.add(365, 158, 550, 62)
[04:53:43.572469]  -> wl_surface#101.set_opaque_region(wl_region#113)
[04:53:43.572471] {Default Queue}  -> wl_region#113.destroy()
[04:53:43.572472]  -> wl_surface#101.attach(wl_buffer#93, 0, 0)
[04:53:43.572474]  -> wl_surface#101.damage_buffer(346, 86, 588, 62)
[04:53:43.572475]  -> wl_surface#101.damage_buffer(353, 158, 574, 426)
[04:53:43.572475]  -> wl_surface#101.damage_buffer(351, 600, 285, 15)
[04:53:43.572476]  -> wl_surface#101.frame(new id wl_callback#94)
[04:53:43.572478] {Default Queue}  -> wp_presentation#23.feedback(wl_surface#101, new id wp_presentation_feedback#89)
[04:53:43.572480]  -> wl_surface#101.commit()
info: event=launcher-painted latency_us=13069
[04:53:43.572652]  -> wl_surface#71.attach(wl_buffer#108, 0, 0)
[04:53:43.572654]  -> wl_surface#71.damage_buffer(4, 4, 555, 40)
[04:53:43.572655]  -> wl_surface#71.frame(new id wl_callback#110)
[04:53:43.572656] {Default Queue}  -> wp_presentation#23.feedback(wl_surface#71, new id wp_presentation_feedback#88)
[04:53:43.572657]  -> wl_surface#71.commit()
[04:53:43.572679] {Default Queue}  -> wl_compositor#46.create_region(new id wl_region#97)
[04:53:43.572692] {Default Queue}  -> wl_region#97.add(19, 4, 525, 1)
[04:53:43.572693] {Default Queue}  -> wl_region#97.add(588, 4, 105, 1)
[04:53:43.572694] {Default Queue}  -> wl_region#97.add(877, 4, 384, 1)
[04:53:43.572694] {Default Queue}  -> wl_region#97.add(17, 5, 529, 1)
[04:53:43.572695] {Default Queue}  -> wl_region#97.add(586, 5, 109, 1)
[04:53:43.572696] {Default Queue}  -> wl_region#97.add(875, 5, 388, 1)
[04:53:43.572696] {Default Queue}  -> wl_region#97.add(16, 6, 531, 1)
[04:53:43.572697] {Default Queue}  -> wl_region#97.add(585, 6, 111, 1)
[04:53:43.572698] {Default Queue}  -> wl_region#97.add(874, 6, 390, 1)
[04:53:43.572698] {Default Queue}  -> wl_region#97.add(15, 7, 533, 1)
[04:53:43.572699] {Default Queue}  -> wl_region#97.add(584, 7, 113, 1)
[04:53:43.572700] {Default Queue}  -> wl_region#97.add(873, 7, 392, 1)
[04:53:43.572700] {Default Queue}  -> wl_region#97.add(14, 8, 535, 1)
[04:53:43.572701] {Default Queue}  -> wl_region#97.add(583, 8, 115, 1)
[04:53:43.572701] {Default Queue}  -> wl_region#97.add(872, 8, 394, 1)
[04:53:43.572702] {Default Queue}  -> wl_region#97.add(13, 9, 537, 1)
[04:53:43.572703] {Default Queue}  -> wl_region#97.add(582, 9, 117, 1)
[04:53:43.572703] {Default Queue}  -> wl_region#97.add(871, 9, 396, 1)
[04:53:43.572704] {Default Queue}  -> wl_region#97.add(12, 10, 539, 2)
[04:53:43.572705] {Default Queue}  -> wl_region#97.add(581, 10, 119, 2)
[04:53:43.572705] {Default Queue}  -> wl_region#97.add(870, 10, 398, 2)
[04:53:43.572706] {Default Queue}  -> wl_region#97.add(11, 12, 541, 5)
[04:53:43.572707] {Default Queue}  -> wl_region#97.add(580, 12, 121, 5)
[04:53:43.572707] {Default Queue}  -> wl_region#97.add(869, 12, 400, 5)
[04:53:43.572708] {Default Queue}  -> wl_region#97.add(10, 17, 543, 14)
[04:53:43.572708] {Default Queue}  -> wl_region#97.add(579, 17, 123, 14)
[04:53:43.572709] {Default Queue}  -> wl_region#97.add(868, 17, 402, 14)
[04:53:43.572710] {Default Queue}  -> wl_region#97.add(11, 31, 541, 5)
[04:53:43.572710] {Default Queue}  -> wl_region#97.add(580, 31, 121, 5)
[04:53:43.572711] {Default Queue}  -> wl_region#97.add(869, 31, 400, 5)
[04:53:43.572712] {Default Queue}  -> wl_region#97.add(12, 36, 539, 2)
[04:53:43.572712] {Default Queue}  -> wl_region#97.add(581, 36, 119, 2)
[04:53:43.572713] {Default Queue}  -> wl_region#97.add(870, 36, 398, 2)
[04:53:43.572714] {Default Queue}  -> wl_region#97.add(13, 38, 537, 1)
[04:53:43.572714] {Default Queue}  -> wl_region#97.add(582, 38, 117, 1)
[04:53:43.572715] {Default Queue}  -> wl_region#97.add(871, 38, 396, 1)
[04:53:43.572715] {Default Queue}  -> wl_region#97.add(14, 39, 535, 1)
[04:53:43.572716] {Default Queue}  -> wl_region#97.add(583, 39, 115, 1)
[04:53:43.572717] {Default Queue}  -> wl_region#97.add(872, 39, 394, 1)
[04:53:43.572717] {Default Queue}  -> wl_region#97.add(15, 40, 533, 1)
[04:53:43.572718] {Default Queue}  -> wl_region#97.add(584, 40, 113, 1)
[04:53:43.572718] {Default Queue}  -> wl_region#97.add(873, 40, 392, 1)
[04:53:43.572719] {Default Queue}  -> wl_region#97.add(16, 41, 531, 1)
[04:53:43.572720] {Default Queue}  -> wl_region#97.add(585, 41, 111, 1)
[04:53:43.572720] {Default Queue}  -> wl_region#97.add(874, 41, 390, 1)
[04:53:43.572721] {Default Queue}  -> wl_region#97.add(17, 42, 529, 1)
[04:53:43.572721] {Default Queue}  -> wl_region#97.add(586, 42, 109, 1)
[04:53:43.572722] {Default Queue}  -> wl_region#97.add(875, 42, 388, 1)
[04:53:43.572723] {Default Queue}  -> wl_region#97.add(19, 43, 525, 1)
[04:53:43.572723] {Default Queue}  -> wl_region#97.add(588, 43, 105, 1)
[04:53:43.572724] {Default Queue}  -> wl_region#97.add(877, 43, 384, 1)
[04:53:43.572725] {Default Queue}  -> ext_background_effect_surface_v1#112.set_blur_region(wl_region#97)
[04:53:43.572726] {Default Queue}  -> wl_region#97.destroy()
[04:53:43.572755] {Display Queue} wl_display#1.delete_id(109)
[04:53:43.572757] {Default Queue} wl_buffer#92.release()
[04:53:43.572848]  -> wl_surface#60.commit()
[04:53:43.573296] {Display Queue} wl_display#1.delete_id(113)
[04:53:43.573298] {Display Queue} wl_display#1.delete_id(97)
[04:53:43.573299] {Default Queue} wl_buffer#99.release()
[04:53:43.573300] {Default Queue} wl_buffer#93.release()
[04:53:43.573301] {Default Queue} wl_buffer#108.release()
info: event=launcher-results count=112 shown=112 publish_us=3872
[04:53:43.577998] {Display Queue} wl_display#1.delete_id(121)
[04:53:43.578000] {Display Queue} wl_display#1.delete_id(106)
[04:53:43.578001] {Display Queue} wl_display#1.delete_id(94)
[04:53:43.578002] {Display Queue} wl_display#1.delete_id(104)
[04:53:43.578002] {Display Queue} wl_display#1.delete_id(119)
[04:53:43.578003] {Display Queue} wl_display#1.delete_id(89)
[04:53:43.578003] {Default Queue} wl_callback#121.done(56397193)
[04:53:43.578007] {Default Queue} wl_callback#106.done(56397193)
[04:53:43.578009] {Default Queue} wl_callback#94.done(56397193)
[04:53:43.578010] {Default Queue} wp_presentation_feedback#104.sync_output(wl_output#58)
[04:53:43.578011] {Default Queue} wp_presentation_feedback#104.sync_output(wl_output#31)
[04:53:43.578012] {Default Queue} wp_presentation_feedback#104.presented(0, 56397, 193767024, 0, 0, 0, 0)
[04:53:43.578014] {Default Queue} wp_presentation_feedback#119.sync_output(wl_output#58)
[04:53:43.578014] {Default Queue} wp_presentation_feedback#119.sync_output(wl_output#31)
[04:53:43.578015] {Default Queue} wp_presentation_feedback#119.presented(0, 56397, 193767024, 0, 0, 0, 0)
[04:53:43.578017] {Default Queue} wp_presentation_feedback#89.sync_output(wl_output#58)
[04:53:43.578018] {Default Queue} wp_presentation_feedback#89.sync_output(wl_output#31)
[04:53:43.578018] {Default Queue} wp_presentation_feedback#89.presented(0, 56397, 193767024, 0, 0, 0, 0)
[04:53:43.578184] {Default Queue}  -> wl_compositor#4.create_region(new id wl_region#89)
[04:53:43.578186] {Default Queue}  -> wl_region#89.add(19, 4, 641, 1)
[04:53:43.578188] {Default Queue}  -> wl_region#89.add(690, 4, 105, 1)
[04:53:43.578189] {Default Queue}  -> wl_region#89.add(877, 4, 384, 1)
[04:53:43.578189] {Default Queue}  -> wl_region#89.add(17, 5, 645, 1)
[04:53:43.578190] {Default Queue}  -> wl_region#89.add(688, 5, 109, 1)
[04:53:43.578191] {Default Queue}  -> wl_region#89.add(875, 5, 388, 1)
[04:53:43.578191] {Default Queue}  -> wl_region#89.add(16, 6, 647, 1)
[04:53:43.578192] {Default Queue}  -> wl_region#89.add(687, 6, 111, 1)
[04:53:43.578193] {Default Queue}  -> wl_region#89.add(874, 6, 390, 1)
[04:53:43.578193] {Default Queue}  -> wl_region#89.add(15, 7, 649, 1)
[04:53:43.578194] {Default Queue}  -> wl_region#89.add(686, 7, 113, 1)
[04:53:43.578195] {Default Queue}  -> wl_region#89.add(873, 7, 392, 1)
[04:53:43.578195] {Default Queue}  -> wl_region#89.add(14, 8, 651, 1)
[04:53:43.578196] {Default Queue}  -> wl_region#89.add(685, 8, 115, 1)
[04:53:43.578197] {Default Queue}  -> wl_region#89.add(872, 8, 394, 1)
[04:53:43.578197] {Default Queue}  -> wl_region#89.add(13, 9, 653, 1)
[04:53:43.578198] {Default Queue}  -> wl_region#89.add(684, 9, 117, 1)
[04:53:43.578199] {Default Queue}  -> wl_region#89.add(871, 9, 396, 1)
[04:53:43.578199] {Default Queue}  -> wl_region#89.add(12, 10, 655, 2)
[04:53:43.578200] {Default Queue}  -> wl_region#89.add(683, 10, 119, 2)
[04:53:43.578200] {Default Queue}  -> wl_region#89.add(870, 10, 398, 2)
[04:53:43.578201] {Default Queue}  -> wl_region#89.add(11, 12, 657, 5)
[04:53:43.578202] {Default Queue}  -> wl_region#89.add(682, 12, 121, 5)
[04:53:43.578202] {Default Queue}  -> wl_region#89.add(869, 12, 400, 5)
[04:53:43.578203] {Default Queue}  -> wl_region#89.add(10, 17, 659, 14)
[04:53:43.578204] {Default Queue}  -> wl_region#89.add(681, 17, 123, 14)
[04:53:43.578205] {Default Queue}  -> wl_region#89.add(868, 17, 402, 14)
[04:53:43.578205] {Default Queue}  -> wl_region#89.add(11, 31, 657, 5)
[04:53:43.578210] {Default Queue}  -> wl_region#89.add(682, 31, 121, 5)
[04:53:43.578210] {Default Queue}  -> wl_region#89.add(869, 31, 400, 5)
[04:53:43.578211] {Default Queue}  -> wl_region#89.add(12, 36, 655, 2)
[04:53:43.578212] {Default Queue}  -> wl_region#89.add(683, 36, 119, 2)
[04:53:43.578212] {Default Queue}  -> wl_region#89.add(870, 36, 398, 2)
[04:53:43.578213] {Default Queue}  -> wl_region#89.add(13, 38, 653, 1)
[04:53:43.578214] {Default Queue}  -> wl_region#89.add(684, 38, 117, 1)
[04:53:43.578214] {Default Queue}  -> wl_region#89.add(871, 38, 396, 1)
[04:53:43.578215] {Default Queue}  -> wl_region#89.add(14, 39, 651, 1)
[04:53:43.578216] {Default Queue}  -> wl_region#89.add(685, 39, 115, 1)
[04:53:43.578216] {Default Queue}  -> wl_region#89.add(872, 39, 394, 1)
[04:53:43.578217] {Default Queue}  -> wl_region#89.add(15, 40, 649, 1)
[04:53:43.578217] {Default Queue}  -> wl_region#89.add(686, 40, 113, 1)
[04:53:43.578218] {Default Queue}  -> wl_region#89.add(873, 40, 392, 1)
[04:53:43.578219] {Default Queue}  -> wl_region#89.add(16, 41, 647, 1)
[04:53:43.578219] {Default Queue}  -> wl_region#89.add(687, 41, 111, 1)
[04:53:43.578220] {Default Queue}  -> wl_region#89.add(874, 41, 390, 1)
[04:53:43.578221] {Default Queue}  -> wl_region#89.add(17, 42, 645, 1)
[04:53:43.578221] {Default Queue}  -> wl_region#89.add(688, 42, 109, 1)
[04:53:43.578222] {Default Queue}  -> wl_region#89.add(875, 42, 388, 1)
[04:53:43.578222] {Default Queue}  -> wl_region#89.add(19, 43, 641, 1)
[04:53:43.578223] {Default Queue}  -> wl_region#89.add(690, 43, 105, 1)
[04:53:43.578224] {Default Queue}  -> wl_region#89.add(877, 43, 384, 1)
[04:53:43.578225]  -> wl_surface#66.set_input_region(wl_region#89)
[04:53:43.578226] {Default Queue}  -> wl_region#89.destroy()
[04:53:43.578227]  -> wl_surface#66.attach(wl_buffer#92, 0, 0)
[04:53:43.578228]  -> wl_surface#66.damage_buffer(4, 4, 806, 40)
[04:53:43.578229]  -> wl_surface#66.frame(new id wl_callback#119)
[04:53:43.578230] {Default Queue}  -> wp_presentation#23.feedback(wl_surface#66, new id wp_presentation_feedback#104)
[04:53:43.578231]  -> wl_surface#66.commit()
[04:53:43.578251] {Default Queue}  -> wl_compositor#46.create_region(new id wl_region#94)
[04:53:43.578263] {Default Queue}  -> wl_region#94.add(19, 4, 504, 1)
[04:53:43.578263] {Default Queue}  -> wl_region#94.add(588, 4, 105, 1)
[04:53:43.578264] {Default Queue}  -> wl_region#94.add(877, 4, 384, 1)
[04:53:43.578265] {Default Queue}  -> wl_region#94.add(17, 5, 508, 1)
[04:53:43.578265] {Default Queue}  -> wl_region#94.add(586, 5, 109, 1)
[04:53:43.578266] {Default Queue}  -> wl_region#94.add(875, 5, 388, 1)
[04:53:43.578267] {Default Queue}  -> wl_region#94.add(16, 6, 510, 1)
[04:53:43.578267] {Default Queue}  -> wl_region#94.add(585, 6, 111, 1)
[04:53:43.578268] {Default Queue}  -> wl_region#94.add(874, 6, 390, 1)
[04:53:43.578269] {Default Queue}  -> wl_region#94.add(15, 7, 512, 1)
[04:53:43.578269] {Default Queue}  -> wl_region#94.add(584, 7, 113, 1)
[04:53:43.578270] {Default Queue}  -> wl_region#94.add(873, 7, 392, 1)
[04:53:43.578270] {Default Queue}  -> wl_region#94.add(14, 8, 514, 1)
[04:53:43.578271] {Default Queue}  -> wl_region#94.add(583, 8, 115, 1)
[04:53:43.578272] {Default Queue}  -> wl_region#94.add(872, 8, 394, 1)
[04:53:43.578272] {Default Queue}  -> wl_region#94.add(13, 9, 516, 1)
[04:53:43.578273] {Default Queue}  -> wl_region#94.add(582, 9, 117, 1)
[04:53:43.578274] {Default Queue}  -> wl_region#94.add(871, 9, 396, 1)
[04:53:43.578274] {Default Queue}  -> wl_region#94.add(12, 10, 518, 2)
[04:53:43.578275] {Default Queue}  -> wl_region#94.add(581, 10, 119, 2)
[04:53:43.578276] {Default Queue}  -> wl_region#94.add(870, 10, 398, 2)
[04:53:43.578276] {Default Queue}  -> wl_region#94.add(11, 12, 520, 5)
[04:53:43.578277] {Default Queue}  -> wl_region#94.add(580, 12, 121, 5)
[04:53:43.578277] {Default Queue}  -> wl_region#94.add(869, 12, 400, 5)
[04:53:43.578278] {Default Queue}  -> wl_region#94.add(10, 17, 522, 14)
[04:53:43.578279] {Default Queue}  -> wl_region#94.add(579, 17, 123, 14)
[04:53:43.578279] {Default Queue}  -> wl_region#94.add(868, 17, 402, 14)
[04:53:43.578280] {Default Queue}  -> wl_region#94.add(11, 31, 520, 5)
[04:53:43.578281] {Default Queue}  -> wl_region#94.add(580, 31, 121, 5)
[04:53:43.578281] {Default Queue}  -> wl_region#94.add(869, 31, 400, 5)
[04:53:43.578282] {Default Queue}  -> wl_region#94.add(12, 36, 518, 2)
[04:53:43.578283] {Default Queue}  -> wl_region#94.add(581, 36, 119, 2)
[04:53:43.578283] {Default Queue}  -> wl_region#94.add(870, 36, 398, 2)
[04:53:43.578284] {Default Queue}  -> wl_region#94.add(13, 38, 516, 1)
[04:53:43.578285] {Default Queue}  -> wl_region#94.add(582, 38, 117, 1)
[04:53:43.578285] {Default Queue}  -> wl_region#94.add(871, 38, 396, 1)
[04:53:43.578286] {Default Queue}  -> wl_region#94.add(14, 39, 514, 1)
[04:53:43.578286] {Default Queue}  -> wl_region#94.add(583, 39, 115, 1)
[04:53:43.578287] {Default Queue}  -> wl_region#94.add(872, 39, 394, 1)
[04:53:43.578288] {Default Queue}  -> wl_region#94.add(15, 40, 512, 1)
[04:53:43.578288] {Default Queue}  -> wl_region#94.add(584, 40, 113, 1)
[04:53:43.578289] {Default Queue}  -> wl_region#94.add(873, 40, 392, 1)
[04:53:43.578290] {Default Queue}  -> wl_region#94.add(16, 41, 510, 1)
[04:53:43.578290] {Default Queue}  -> wl_region#94.add(585, 41, 111, 1)
[04:53:43.578291] {Default Queue}  -> wl_region#94.add(874, 41, 390, 1)
[04:53:43.578291] {Default Queue}  -> wl_region#94.add(17, 42, 508, 1)
[04:53:43.578292] {Default Queue}  -> wl_region#94.add(586, 42, 109, 1)
[04:53:43.578293] {Default Queue}  -> wl_region#94.add(875, 42, 388, 1)
[04:53:43.578293] {Default Queue}  -> wl_region#94.add(19, 43, 504, 1)
[04:53:43.578294] {Default Queue}  -> wl_region#94.add(588, 43, 105, 1)
[04:53:43.578295] {Default Queue}  -> wl_region#94.add(877, 43, 384, 1)
[04:53:43.578295] {Default Queue}  -> ext_background_effect_surface_v1#96.set_blur_region(wl_region#94)
[04:53:43.578296] {Default Queue}  -> wl_region#94.destroy()
[04:53:43.578313]  -> wl_surface#65.attach(wl_buffer#99, 0, 0)
[04:53:43.578314]  -> wl_surface#65.frame(new id wl_callback#106)
[04:53:43.578314] {Default Queue}  -> wp_presentation#23.feedback(wl_surface#65, new id wp_presentation_feedback#121)
[04:53:43.578315]  -> wl_surface#65.commit()
[04:53:43.587378]  -> wl_surface#101.attach(wl_buffer#93, 0, 0)
[04:53:43.587386]  -> wl_surface#101.damage_buffer(346, 86, 588, 62)
[04:53:43.587388]  -> wl_surface#101.frame(new id wl_callback#97)
[04:53:43.587389] {Default Queue}  -> wp_presentation#23.feedback(wl_surface#101, new id wp_presentation_feedback#113)
[04:53:43.587391]  -> wl_surface#101.commit()
info: event=launcher-painted latency_us=14122
[04:53:43.587434] {Display Queue} wl_display#1.delete_id(110)
[04:53:43.587436] {Display Queue} wl_display#1.delete_id(88)
[04:53:43.587437] {Display Queue} wl_display#1.delete_id(89)
[04:53:43.587438] {Display Queue} wl_display#1.delete_id(94)
[04:53:43.587438] {Default Queue} wl_callback#110.done(56397193)
[04:53:43.587442] {Default Queue} wp_presentation_feedback#88.sync_output(wl_output#59)
[04:53:43.587444] {Default Queue} wp_presentation_feedback#88.sync_output(wl_output#34)
[04:53:43.587445] {Default Queue} wp_presentation_feedback#88.presented(0, 56397, 193835304, 0, 0, 0, 0)
[04:53:43.587447] {Default Queue} wl_buffer#92.release()
[04:53:43.587497] {Default Queue} wl_buffer#99.release()
[04:53:43.587499] {Default Queue} wl_buffer#93.release()
[04:53:43.587627] {Default Queue}  -> wl_compositor#4.create_region(new id wl_region#88)
[04:53:43.587629] {Default Queue}  -> wl_region#88.add(19, 4, 525, 1)
[04:53:43.587630] {Default Queue}  -> wl_region#88.add(588, 4, 105, 1)
[04:53:43.587631] {Default Queue}  -> wl_region#88.add(877, 4, 384, 1)
[04:53:43.587632] {Default Queue}  -> wl_region#88.add(17, 5, 529, 1)
[04:53:43.587633] {Default Queue}  -> wl_region#88.add(586, 5, 109, 1)
[04:53:43.587633] {Default Queue}  -> wl_region#88.add(875, 5, 388, 1)
[04:53:43.587634] {Default Queue}  -> wl_region#88.add(16, 6, 531, 1)
[04:53:43.587635] {Default Queue}  -> wl_region#88.add(585, 6, 111, 1)
[04:53:43.587635] {Default Queue}  -> wl_region#88.add(874, 6, 390, 1)
[04:53:43.587636] {Default Queue}  -> wl_region#88.add(15, 7, 533, 1)
[04:53:43.587637] {Default Queue}  -> wl_region#88.add(584, 7, 113, 1)
[04:53:43.587637] {Default Queue}  -> wl_region#88.add(873, 7, 392, 1)
[04:53:43.587638] {Default Queue}  -> wl_region#88.add(14, 8, 535, 1)
[04:53:43.587638] {Default Queue}  -> wl_region#88.add(583, 8, 115, 1)
[04:53:43.587639] {Default Queue}  -> wl_region#88.add(872, 8, 394, 1)
[04:53:43.587640] {Default Queue}  -> wl_region#88.add(13, 9, 537, 1)
[04:53:43.587640] {Default Queue}  -> wl_region#88.add(582, 9, 117, 1)
[04:53:43.587641] {Default Queue}  -> wl_region#88.add(871, 9, 396, 1)
[04:53:43.587641] {Default Queue}  -> wl_region#88.add(12, 10, 539, 2)
[04:53:43.587642] {Default Queue}  -> wl_region#88.add(581, 10, 119, 2)
[04:53:43.587643] {Default Queue}  -> wl_region#88.add(870, 10, 398, 2)
[04:53:43.587643] {Default Queue}  -> wl_region#88.add(11, 12, 541, 5)
[04:53:43.587644] {Default Queue}  -> wl_region#88.add(580, 12, 121, 5)
[04:53:43.587644] {Default Queue}  -> wl_region#88.add(869, 12, 400, 5)
[04:53:43.587645] {Default Queue}  -> wl_region#88.add(10, 17, 543, 14)
[04:53:43.587646] {Default Queue}  -> wl_region#88.add(579, 17, 123, 14)
[04:53:43.587646] {Default Queue}  -> wl_region#88.add(868, 17, 402, 14)
[04:53:43.587647] {Default Queue}  -> wl_region#88.add(11, 31, 541, 5)
[04:53:43.587648] {Default Queue}  -> wl_region#88.add(580, 31, 121, 5)
[04:53:43.587648] {Default Queue}  -> wl_region#88.add(869, 31, 400, 5)
[04:53:43.587649] {Default Queue}  -> wl_region#88.add(12, 36, 539, 2)
[04:53:43.587649] {Default Queue}  -> wl_region#88.add(581, 36, 119, 2)
[04:53:43.587650] {Default Queue}  -> wl_region#88.add(870, 36, 398, 2)
[04:53:43.587651] {Default Queue}  -> wl_region#88.add(13, 38, 537, 1)
[04:53:43.587651] {Default Queue}  -> wl_region#88.add(582, 38, 117, 1)
[04:53:43.587652] {Default Queue}  -> wl_region#88.add(871, 38, 396, 1)
[04:53:43.587652] {Default Queue}  -> wl_region#88.add(14, 39, 535, 1)
[04:53:43.587653] {Default Queue}  -> wl_region#88.add(583, 39, 115, 1)
[04:53:43.587654] {Default Queue}  -> wl_region#88.add(872, 39, 394, 1)
[04:53:43.587654] {Default Queue}  -> wl_region#88.add(15, 40, 533, 1)
[04:53:43.587655] {Default Queue}  -> wl_region#88.add(584, 40, 113, 1)
[04:53:43.587655] {Default Queue}  -> wl_region#88.add(873, 40, 392, 1)
[04:53:43.587656] {Default Queue}  -> wl_region#88.add(16, 41, 531, 1)
[04:53:43.587657] {Default Queue}  -> wl_region#88.add(585, 41, 111, 1)
[04:53:43.587657] {Default Queue}  -> wl_region#88.add(874, 41, 390, 1)
[04:53:43.587658] {Default Queue}  -> wl_region#88.add(17, 42, 529, 1)
[04:53:43.587658] {Default Queue}  -> wl_region#88.add(586, 42, 109, 1)
[04:53:43.587659] {Default Queue}  -> wl_region#88.add(875, 42, 388, 1)
[04:53:43.587660] {Default Queue}  -> wl_region#88.add(19, 43, 525, 1)
[04:53:43.587660] {Default Queue}  -> wl_region#88.add(588, 43, 105, 1)
[04:53:43.587661] {Default Queue}  -> wl_region#88.add(877, 43, 384, 1)
[04:53:43.587662]  -> wl_surface#71.set_input_region(wl_region#88)
[04:53:43.587663] {Default Queue}  -> wl_region#88.destroy()
[04:53:43.587663]  -> wl_surface#71.attach(wl_buffer#108, 0, 0)
[04:53:43.587664]  -> wl_surface#71.damage_buffer(4, 4, 555, 40)
[04:53:43.587665]  -> wl_surface#71.frame(new id wl_callback#110)
[04:53:43.587666] {Default Queue}  -> wp_presentation#23.feedback(wl_surface#71, new id wp_presentation_feedback#94)
[04:53:43.587667]  -> wl_surface#71.commit()
[04:53:43.587687] {Default Queue}  -> wl_compositor#46.create_region(new id wl_region#89)
[04:53:43.587699] {Default Queue}  -> wl_region#89.add(19, 4, 504, 1)
[04:53:43.587700] {Default Queue}  -> wl_region#89.add(588, 4, 105, 1)
[04:53:43.587701] {Default Queue}  -> wl_region#89.add(877, 4, 384, 1)
[04:53:43.587701] {Default Queue}  -> wl_region#89.add(17, 5, 508, 1)
[04:53:43.587702] {Default Queue}  -> wl_region#89.add(586, 5, 109, 1)
[04:53:43.587702] {Default Queue}  -> wl_region#89.add(875, 5, 388, 1)
[04:53:43.587703] {Default Queue}  -> wl_region#89.add(16, 6, 510, 1)
[04:53:43.587704] {Default Queue}  -> wl_region#89.add(585, 6, 111, 1)
[04:53:43.587704] {Default Queue}  -> wl_region#89.add(874, 6, 390, 1)
[04:53:43.587705] {Default Queue}  -> wl_region#89.add(15, 7, 512, 1)
[04:53:43.587706] {Default Queue}  -> wl_region#89.add(584, 7, 113, 1)
[04:53:43.587706] {Default Queue}  -> wl_region#89.add(873, 7, 392, 1)
[04:53:43.587707] {Default Queue}  -> wl_region#89.add(14, 8, 514, 1)
[04:53:43.587707] {Default Queue}  -> wl_region#89.add(583, 8, 115, 1)
[04:53:43.587708] {Default Queue}  -> wl_region#89.add(872, 8, 394, 1)
[04:53:43.587708] {Default Queue}  -> wl_region#89.add(13, 9, 516, 1)
[04:53:43.587709] {Default Queue}  -> wl_region#89.add(582, 9, 117, 1)
[04:53:43.587710] {Default Queue}  -> wl_region#89.add(871, 9, 396, 1)
[04:53:43.587710] {Default Queue}  -> wl_region#89.add(12, 10, 518, 2)
[04:53:43.587711] {Default Queue}  -> wl_region#89.add(581, 10, 119, 2)
[04:53:43.587711] {Default Queue}  -> wl_region#89.add(870, 10, 398, 2)
[04:53:43.587712] {Default Queue}  -> wl_region#89.add(11, 12, 520, 5)
[04:53:43.587713] {Default Queue}  -> wl_region#89.add(580, 12, 121, 5)
[04:53:43.587713] {Default Queue}  -> wl_region#89.add(869, 12, 400, 5)
[04:53:43.587714] {Default Queue}  -> wl_region#89.add(10, 17, 522, 14)
[04:53:43.587715] {Default Queue}  -> wl_region#89.add(579, 17, 123, 14)
[04:53:43.587715] {Default Queue}  -> wl_region#89.add(868, 17, 402, 14)
[04:53:43.587716] {Default Queue}  -> wl_region#89.add(11, 31, 520, 5)
[04:53:43.587716] {Default Queue}  -> wl_region#89.add(580, 31, 121, 5)
[04:53:43.587717] {Default Queue}  -> wl_region#89.add(869, 31, 400, 5)
[04:53:43.587718] {Default Queue}  -> wl_region#89.add(12, 36, 518, 2)
[04:53:43.587718] {Default Queue}  -> wl_region#89.add(581, 36, 119, 2)
[04:53:43.587719] {Default Queue}  -> wl_region#89.add(870, 36, 398, 2)
[04:53:43.587719] {Default Queue}  -> wl_region#89.add(13, 38, 516, 1)
[04:53:43.587720] {Default Queue}  -> wl_region#89.add(582, 38, 117, 1)
[04:53:43.587721] {Default Queue}  -> wl_region#89.add(871, 38, 396, 1)
[04:53:43.587721] {Default Queue}  -> wl_region#89.add(14, 39, 514, 1)
[04:53:43.587722] {Default Queue}  -> wl_region#89.add(583, 39, 115, 1)
[04:53:43.587722] {Default Queue}  -> wl_region#89.add(872, 39, 394, 1)
[04:53:43.587723] {Default Queue}  -> wl_region#89.add(15, 40, 512, 1)
[04:53:43.587724] {Default Queue}  -> wl_region#89.add(584, 40, 113, 1)
[04:53:43.587724] {Default Queue}  -> wl_region#89.add(873, 40, 392, 1)
[04:53:43.587725] {Default Queue}  -> wl_region#89.add(16, 41, 510, 1)
[04:53:43.587725] {Default Queue}  -> wl_region#89.add(585, 41, 111, 1)
[04:53:43.587726] {Default Queue}  -> wl_region#89.add(874, 41, 390, 1)
[04:53:43.587727] {Default Queue}  -> wl_region#89.add(17, 42, 508, 1)
[04:53:43.587727] {Default Queue}  -> wl_region#89.add(586, 42, 109, 1)
[04:53:43.587728] {Default Queue}  -> wl_region#89.add(875, 42, 388, 1)
[04:53:43.587728] {Default Queue}  -> wl_region#89.add(19, 43, 504, 1)
[04:53:43.587729] {Default Queue}  -> wl_region#89.add(588, 43, 105, 1)
[04:53:43.587730] {Default Queue}  -> wl_region#89.add(877, 43, 384, 1)
[04:53:43.587730] {Default Queue}  -> ext_background_effect_surface_v1#112.set_blur_region(wl_region#89)
[04:53:43.587731] {Default Queue}  -> wl_region#89.destroy()
[04:53:43.587792] {Display Queue} wl_display#1.delete_id(88)
[04:53:43.587793] {Display Queue} wl_display#1.delete_id(89)
[04:53:43.587794] {Default Queue} wl_buffer#108.release()
[04:53:43.594207] {Display Queue} wl_display#1.delete_id(119)
[04:53:43.594209] {Display Queue} wl_display#1.delete_id(106)
[04:53:43.594209] {Display Queue} wl_display#1.delete_id(97)
[04:53:43.594210] {Display Queue} wl_display#1.delete_id(104)
[04:53:43.594210] {Display Queue} wl_display#1.delete_id(121)
[04:53:43.594211] {Display Queue} wl_display#1.delete_id(113)
[04:53:43.594211] {Default Queue} wl_callback#119.done(56397209)
[04:53:43.594216] {Default Queue} wl_callback#106.done(56397209)
[04:53:43.594217] {Default Queue} wl_callback#97.done(56397209)
[04:53:43.594218] {Default Queue} wp_presentation_feedback#104.sync_output(wl_output#58)
[04:53:43.594219] {Default Queue} wp_presentation_feedback#104.sync_output(wl_output#31)
[04:53:43.594219] {Default Queue} wp_presentation_feedback#104.presented(0, 56397, 209987063, 0, 0, 0, 0)
[04:53:43.594221] {Default Queue} wp_presentation_feedback#121.sync_output(wl_output#58)
[04:53:43.594222] {Default Queue} wp_presentation_feedback#121.sync_output(wl_output#31)
[04:53:43.594222] {Default Queue} wp_presentation_feedback#121.presented(0, 56397, 209987063, 0, 0, 0, 0)
[04:53:43.594223] {Default Queue} wp_presentation_feedback#113.sync_output(wl_output#58)
[04:53:43.594224] {Default Queue} wp_presentation_feedback#113.sync_output(wl_output#31)
[04:53:43.594224] {Default Queue} wp_presentation_feedback#113.presented(0, 56397, 209987063, 0, 0, 0, 0)
[04:53:43.594260] {Default Queue}  -> wl_compositor#4.create_region(new id wl_region#113)
[04:53:43.594261] {Default Queue}  -> wl_region#113.add(19, 4, 504, 1)
[04:53:43.594261] {Default Queue}  -> wl_region#113.add(588, 4, 105, 1)
[04:53:43.594262] {Default Queue}  -> wl_region#113.add(877, 4, 384, 1)
[04:53:43.594263] {Default Queue}  -> wl_region#113.add(17, 5, 508, 1)
[04:53:43.594263] {Default Queue}  -> wl_region#113.add(586, 5, 109, 1)
[04:53:43.594264] {Default Queue}  -> wl_region#113.add(875, 5, 388, 1)
[04:53:43.594265] {Default Queue}  -> wl_region#113.add(16, 6, 510, 1)
[04:53:43.594265] {Default Queue}  -> wl_region#113.add(585, 6, 111, 1)
[04:53:43.594266] {Default Queue}  -> wl_region#113.add(874, 6, 390, 1)
[04:53:43.594266] {Default Queue}  -> wl_region#113.add(15, 7, 512, 1)
[04:53:43.594267] {Default Queue}  -> wl_region#113.add(584, 7, 113, 1)
[04:53:43.594268] {Default Queue}  -> wl_region#113.add(873, 7, 392, 1)
[04:53:43.594268] {Default Queue}  -> wl_region#113.add(14, 8, 514, 1)
[04:53:43.594269] {Default Queue}  -> wl_region#113.add(583, 8, 115, 1)
[04:53:43.594270] {Default Queue}  -> wl_region#113.add(872, 8, 394, 1)
[04:53:43.594270] {Default Queue}  -> wl_region#113.add(13, 9, 516, 1)
[04:53:43.594271] {Default Queue}  -> wl_region#113.add(582, 9, 117, 1)
[04:53:43.594271] {Default Queue}  -> wl_region#113.add(871, 9, 396, 1)
[04:53:43.594272] {Default Queue}  -> wl_region#113.add(12, 10, 518, 2)
[04:53:43.594273] {Default Queue}  -> wl_region#113.add(581, 10, 119, 2)
[04:53:43.594273] {Default Queue}  -> wl_region#113.add(870, 10, 398, 2)
[04:53:43.594274] {Default Queue}  -> wl_region#113.add(11, 12, 520, 5)
[04:53:43.594274] {Default Queue}  -> wl_region#113.add(580, 12, 121, 5)
[04:53:43.594275] {Default Queue}  -> wl_region#113.add(869, 12, 400, 5)
[04:53:43.594276] {Default Queue}  -> wl_region#113.add(10, 17, 522, 14)
[04:53:43.594276] {Default Queue}  -> wl_region#113.add(579, 17, 123, 14)
[04:53:43.594277] {Default Queue}  -> wl_region#113.add(868, 17, 402, 14)
[04:53:43.594280] {Default Queue}  -> wl_region#113.add(11, 31, 520, 5)
[04:53:43.594281] {Default Queue}  -> wl_region#113.add(580, 31, 121, 5)
[04:53:43.594281] {Default Queue}  -> wl_region#113.add(869, 31, 400, 5)
[04:53:43.594282] {Default Queue}  -> wl_region#113.add(12, 36, 518, 2)
[04:53:43.594282] {Default Queue}  -> wl_region#113.add(581, 36, 119, 2)
[04:53:43.594283] {Default Queue}  -> wl_region#113.add(870, 36, 398, 2)
[04:53:43.594284] {Default Queue}  -> wl_region#113.add(13, 38, 516, 1)
[04:53:43.594284] {Default Queue}  -> wl_region#113.add(582, 38, 117, 1)
[04:53:43.594285] {Default Queue}  -> wl_region#113.add(871, 38, 396, 1)
[04:53:43.594285] {Default Queue}  -> wl_region#113.add(14, 39, 514, 1)
[04:53:43.594286] {Default Queue}  -> wl_region#113.add(583, 39, 115, 1)
[04:53:43.594287] {Default Queue}  -> wl_region#113.add(872, 39, 394, 1)
[04:53:43.594287] {Default Queue}  -> wl_region#113.add(15, 40, 512, 1)
[04:53:43.594288] {Default Queue}  -> wl_region#113.add(584, 40, 113, 1)
[04:53:43.594289] {Default Queue}  -> wl_region#113.add(873, 40, 392, 1)
[04:53:43.594289] {Default Queue}  -> wl_region#113.add(16, 41, 510, 1)
[04:53:43.594290] {Default Queue}  -> wl_region#113.add(585, 41, 111, 1)
[04:53:43.594290] {Default Queue}  -> wl_region#113.add(874, 41, 390, 1)
[04:53:43.594291] {Default Queue}  -> wl_region#113.add(17, 42, 508, 1)
[04:53:43.594292] {Default Queue}  -> wl_region#113.add(586, 42, 109, 1)
[04:53:43.594292] {Default Queue}  -> wl_region#113.add(875, 42, 388, 1)
[04:53:43.594293] {Default Queue}  -> wl_region#113.add(19, 43, 504, 1)
[04:53:43.594293] {Default Queue}  -> wl_region#113.add(588, 43, 105, 1)
[04:53:43.594294] {Default Queue}  -> wl_region#113.add(877, 43, 384, 1)
[04:53:43.594295]  -> wl_surface#66.set_input_region(wl_region#113)
[04:53:43.594295] {Default Queue}  -> wl_region#113.destroy()
[04:53:43.594296]  -> wl_surface#66.attach(wl_buffer#92, 0, 0)
[04:53:43.594297]  -> wl_surface#66.frame(new id wl_callback#121)
[04:53:43.594298] {Default Queue}  -> wp_presentation#23.feedback(wl_surface#66, new id wp_presentation_feedback#104)
[04:53:43.594298]  -> wl_surface#66.commit()
[04:53:43.594617]  -> wl_surface#101.attach(wl_buffer#93, 0, 0)
[04:53:43.594619]  -> wl_surface#101.damage_buffer(346, 86, 588, 62)
[04:53:43.594620]  -> wl_surface#101.frame(new id wl_callback#97)
[04:53:43.594620] {Default Queue}  -> wp_presentation#23.feedback(wl_surface#101, new id wp_presentation_feedback#106)
[04:53:43.594621]  -> wl_surface#101.commit()
[04:53:43.594631] {Display Queue} wl_display#1.delete_id(110)
[04:53:43.594632] {Display Queue} wl_display#1.delete_id(94)
[04:53:43.594633] {Default Queue} wl_callback#110.done(56397210)
[04:53:43.594634] {Default Queue} wp_presentation_feedback#94.sync_output(wl_output#59)
[04:53:43.594635] {Default Queue} wp_presentation_feedback#94.sync_output(wl_output#34)
[04:53:43.594635] {Default Queue} wp_presentation_feedback#94.presented(0, 56397, 210060323, 0, 0, 0, 0)
[04:53:43.594661] {Default Queue}  -> wl_compositor#4.create_region(new id wl_region#94)
[04:53:43.594662] {Default Queue}  -> wl_region#94.add(19, 4, 504, 1)
[04:53:43.594663] {Default Queue}  -> wl_region#94.add(588, 4, 105, 1)
[04:53:43.594664] {Default Queue}  -> wl_region#94.add(877, 4, 384, 1)
[04:53:43.594664] {Default Queue}  -> wl_region#94.add(17, 5, 508, 1)
[04:53:43.594665] {Default Queue}  -> wl_region#94.add(586, 5, 109, 1)
[04:53:43.594665] {Default Queue}  -> wl_region#94.add(875, 5, 388, 1)
[04:53:43.594666] {Default Queue}  -> wl_region#94.add(16, 6, 510, 1)
[04:53:43.594667] {Default Queue}  -> wl_region#94.add(585, 6, 111, 1)
[04:53:43.594668] {Default Queue}  -> wl_region#94.add(874, 6, 390, 1)
[04:53:43.594668] {Default Queue}  -> wl_region#94.add(15, 7, 512, 1)
[04:53:43.594669] {Default Queue}  -> wl_region#94.add(584, 7, 113, 1)
[04:53:43.594669] {Default Queue}  -> wl_region#94.add(873, 7, 392, 1)
[04:53:43.594670] {Default Queue}  -> wl_region#94.add(14, 8, 514, 1)
[04:53:43.594671] {Default Queue}  -> wl_region#94.add(583, 8, 115, 1)
[04:53:43.594671] {Default Queue}  -> wl_region#94.add(872, 8, 394, 1)
[04:53:43.594672] {Default Queue}  -> wl_region#94.add(13, 9, 516, 1)
[04:53:43.594672] {Default Queue}  -> wl_region#94.add(582, 9, 117, 1)
[04:53:43.594673] {Default Queue}  -> wl_region#94.add(871, 9, 396, 1)
[04:53:43.594674] {Default Queue}  -> wl_region#94.add(12, 10, 518, 2)
[04:53:43.594674] {Default Queue}  -> wl_region#94.add(581, 10, 119, 2)
[04:53:43.594675] {Default Queue}  -> wl_region#94.add(870, 10, 398, 2)
[04:53:43.594675] {Default Queue}  -> wl_region#94.add(11, 12, 520, 5)
[04:53:43.594676] {Default Queue}  -> wl_region#94.add(580, 12, 121, 5)
[04:53:43.594677] {Default Queue}  -> wl_region#94.add(869, 12, 400, 5)
[04:53:43.594677] {Default Queue}  -> wl_region#94.add(10, 17, 522, 14)
[04:53:43.594678] {Default Queue}  -> wl_region#94.add(579, 17, 123, 14)
[04:53:43.594679] {Default Queue}  -> wl_region#94.add(868, 17, 402, 14)
[04:53:43.594679] {Default Queue}  -> wl_region#94.add(11, 31, 520, 5)
[04:53:43.594680] {Default Queue}  -> wl_region#94.add(580, 31, 121, 5)
[04:53:43.594680] {Default Queue}  -> wl_region#94.add(869, 31, 400, 5)
[04:53:43.594681] {Default Queue}  -> wl_region#94.add(12, 36, 518, 2)
[04:53:43.594682] {Default Queue}  -> wl_region#94.add(581, 36, 119, 2)
[04:53:43.594682] {Default Queue}  -> wl_region#94.add(870, 36, 398, 2)
[04:53:43.594683] {Default Queue}  -> wl_region#94.add(13, 38, 516, 1)
[04:53:43.594683] {Default Queue}  -> wl_region#94.add(582, 38, 117, 1)
[04:53:43.594684] {Default Queue}  -> wl_region#94.add(871, 38, 396, 1)
[04:53:43.594685] {Default Queue}  -> wl_region#94.add(14, 39, 514, 1)
[04:53:43.594685] {Default Queue}  -> wl_region#94.add(583, 39, 115, 1)
[04:53:43.594686] {Default Queue}  -> wl_region#94.add(872, 39, 394, 1)
[04:53:43.594686] {Default Queue}  -> wl_region#94.add(15, 40, 512, 1)
[04:53:43.594687] {Default Queue}  -> wl_region#94.add(584, 40, 113, 1)
[04:53:43.594688] {Default Queue}  -> wl_region#94.add(873, 40, 392, 1)
[04:53:43.594688] {Default Queue}  -> wl_region#94.add(16, 41, 510, 1)
[04:53:43.594689] {Default Queue}  -> wl_region#94.add(585, 41, 111, 1)
[04:53:43.594689] {Default Queue}  -> wl_region#94.add(874, 41, 390, 1)
[04:53:43.594690] {Default Queue}  -> wl_region#94.add(17, 42, 508, 1)
[04:53:43.594691] {Default Queue}  -> wl_region#94.add(586, 42, 109, 1)
[04:53:43.594691] {Default Queue}  -> wl_region#94.add(875, 42, 388, 1)
[04:53:43.594692] {Default Queue}  -> wl_region#94.add(19, 43, 504, 1)
[04:53:43.594692] {Default Queue}  -> wl_region#94.add(588, 43, 105, 1)
[04:53:43.594693] {Default Queue}  -> wl_region#94.add(877, 43, 384, 1)
[04:53:43.594694]  -> wl_surface#71.set_input_region(wl_region#94)
[04:53:43.594694] {Default Queue}  -> wl_region#94.destroy()
[04:53:43.594695]  -> wl_surface#71.attach(wl_buffer#108, 0, 0)
[04:53:43.594696]  -> wl_surface#71.frame(new id wl_callback#110)
[04:53:43.594696] {Default Queue}  -> wp_presentation#23.feedback(wl_surface#71, new id wp_presentation_feedback#119)
[04:53:43.594697]  -> wl_surface#71.commit()
[04:53:43.594703] {Display Queue} wl_display#1.delete_id(113)
[04:53:43.594703] {Default Queue} wl_buffer#92.release()
[04:53:43.594704] {Default Queue} wl_buffer#93.release()
[04:53:43.594722] {Display Queue} wl_display#1.delete_id(94)
[04:53:43.594723] {Default Queue} wl_buffer#108.release()
[04:53:43.610412] {Display Queue} wl_display#1.delete_id(121)
[04:53:43.610415] {Display Queue} wl_display#1.delete_id(97)
[04:53:43.610416] {Display Queue} wl_display#1.delete_id(104)
[04:53:43.610416] {Display Queue} wl_display#1.delete_id(106)
[04:53:43.610417] {Default Queue} wl_callback#121.done(56397226)
[04:53:43.610419] {Default Queue} wl_callback#97.done(56397226)
[04:53:43.610421] {Default Queue} wp_presentation_feedback#104.sync_output(wl_output#58)
[04:53:43.610421] {Default Queue} wp_presentation_feedback#104.sync_output(wl_output#31)
[04:53:43.610422] {Default Queue} wp_presentation_feedback#104.presented(0, 56397, 226191702, 0, 0, 0, 0)
[04:53:43.610424] {Default Queue} wp_presentation_feedback#106.sync_output(wl_output#58)
[04:53:43.610424] {Default Queue} wp_presentation_feedback#106.sync_output(wl_output#31)
[04:53:43.610425] {Default Queue} wp_presentation_feedback#106.presented(0, 56397, 226191702, 0, 0, 0, 0)
[04:53:43.610672]  -> wl_surface#101.attach(wl_buffer#93, 0, 0)
[04:53:43.610674]  -> wl_surface#101.damage_buffer(346, 86, 588, 62)
[04:53:43.610676]  -> wl_surface#101.frame(new id wl_callback#106)
[04:53:43.610677] {Default Queue}  -> wp_presentation#23.feedback(wl_surface#101, new id wp_presentation_feedback#104)
[04:53:43.610678]  -> wl_surface#101.commit()
[04:53:43.610687] {Display Queue} wl_display#1.delete_id(110)
[04:53:43.610688] {Display Queue} wl_display#1.delete_id(119)
[04:53:43.610689] {Default Queue} wl_callback#110.done(56397226)
[04:53:43.610690] {Default Queue} wp_presentation_feedback#119.sync_output(wl_output#59)
[04:53:43.610691] {Default Queue} wp_presentation_feedback#119.sync_output(wl_output#34)
[04:53:43.610691] {Default Queue} wp_presentation_feedback#119.presented(0, 56397, 226262002, 0, 0, 0, 0)
[04:53:43.610727] {Default Queue} wl_buffer#93.release()
[04:53:43.626622] {Display Queue} wl_display#1.delete_id(106)
[04:53:43.626624] {Display Queue} wl_display#1.delete_id(104)
[04:53:43.626624] {Default Queue} wl_callback#106.done(56397242)
[04:53:43.626627] {Default Queue} wp_presentation_feedback#104.sync_output(wl_output#58)
[04:53:43.626628] {Default Queue} wp_presentation_feedback#104.sync_output(wl_output#31)
[04:53:43.626628] {Default Queue} wp_presentation_feedback#104.presented(0, 56397, 242404411, 0, 0, 0, 0)
[04:53:43.626852]  -> wl_surface#101.attach(wl_buffer#93, 0, 0)
[04:53:43.626854]  -> wl_surface#101.damage_buffer(346, 86, 588, 62)
[04:53:43.626855]  -> wl_surface#101.frame(new id wl_callback#104)
[04:53:43.626856] {Default Queue}  -> wp_presentation#23.feedback(wl_surface#101, new id wp_presentation_feedback#106)
[04:53:43.626857]  -> wl_surface#101.commit()
[04:53:43.626905] {Default Queue} wl_buffer#93.release()
[04:53:43.642833] {Display Queue} wl_display#1.delete_id(104)
[04:53:43.642838] {Display Queue} wl_display#1.delete_id(106)
[04:53:43.642840] {Default Queue} wl_callback#104.done(56397258)
[04:53:43.642846] {Default Queue} wp_presentation_feedback#106.sync_output(wl_output#58)
[04:53:43.642847] {Default Queue} wp_presentation_feedback#106.sync_output(wl_output#31)
[04:53:43.642848] {Default Queue} wp_presentation_feedback#106.presented(0, 56397, 258609559, 0, 0, 0, 0)
[04:53:43.643212]  -> wl_surface#101.attach(wl_buffer#93, 0, 0)
[04:53:43.643215]  -> wl_surface#101.damage_buffer(346, 86, 588, 62)
[04:53:43.643216]  -> wl_surface#101.frame(new id wl_callback#106)
[04:53:43.643218] {Default Queue}  -> wp_presentation#23.feedback(wl_surface#101, new id wp_presentation_feedback#104)
[04:53:43.643219]  -> wl_surface#101.commit()
[04:53:43.643283] {Default Queue} wl_buffer#93.release()
[04:53:43.659052] {Display Queue} wl_display#1.delete_id(106)
[04:53:43.659055] {Display Queue} wl_display#1.delete_id(104)
[04:53:43.659055] {Default Queue} wl_callback#106.done(56397274)
[04:53:43.659059] {Default Queue} wp_presentation_feedback#104.sync_output(wl_output#58)
[04:53:43.659061] {Default Queue} wp_presentation_feedback#104.sync_output(wl_output#31)
[04:53:43.659062] {Default Queue} wp_presentation_feedback#104.presented(0, 56397, 274832138, 0, 0, 0, 0)
[04:53:43.659366]  -> wl_surface#101.attach(wl_buffer#93, 0, 0)
[04:53:43.659368]  -> wl_surface#101.damage_buffer(346, 86, 588, 62)
[04:53:43.659369]  -> wl_surface#101.frame(new id wl_callback#104)
[04:53:43.659370] {Default Queue}  -> wp_presentation#23.feedback(wl_surface#101, new id wp_presentation_feedback#106)
[04:53:43.659371]  -> wl_surface#101.commit()
[04:53:43.659418] {Default Queue} wl_buffer#93.release()
[04:53:43.661021] {Default Queue}  -> ext_background_effect_surface_v1#117.destroy()
[04:53:43.661088] {Default Queue}  -> zwlr_layer_surface_v1#100.destroy()
[04:53:43.661091]  -> wl_surface#101.attach(nil, 0, 0)
[04:53:43.661093]  -> wl_surface#101.commit()
[04:53:43.661118] {Default Queue}  -> wl_buffer#93.destroy()
[04:53:43.661120] {Default Queue}  -> wl_shm_pool#118.destroy()
[04:53:43.661453] {Default Queue}  -> wp_viewport#122.destroy()
[04:53:43.661455] {Default Queue}  -> wp_fractional_scale_v1#105.destroy()
[04:53:43.661456]  -> wl_surface#101.destroy()
[04:53:43.661465] {Default Queue}  -> xdg_toplevel_icon_v1#111.destroy()
info: event=popup-closed
[04:53:43.663697] discarded [unknown]#106.[event 2](0 fd, 8 byte)
[04:53:43.663711] {Display Queue} wl_display#1.delete_id(117)
[04:53:43.663714] {Display Queue} wl_display#1.delete_id(100)
[04:53:43.663714] {Display Queue} wl_display#1.delete_id(106)
[04:53:43.663715] {Display Queue} wl_display#1.delete_id(93)
[04:53:43.663715] {Display Queue} wl_display#1.delete_id(118)
[04:53:43.663716] {Display Queue} wl_display#1.delete_id(122)
[04:53:43.663717] {Display Queue} wl_display#1.delete_id(105)
[04:53:43.663717] {Display Queue} wl_display#1.delete_id(104)
[04:53:43.663718] {Display Queue} wl_display#1.delete_id(101)
[04:53:43.663718] {Display Queue} wl_display#1.delete_id(111)
[04:53:43.663719] {Default Queue} zwlr_layer_surface_v1#70.configure(76, 1280, 48)
[04:53:43.663724] {Default Queue}  -> zwlr_layer_surface_v1#70.ack_configure(76)
[04:53:43.663726] {Default Queue} zwlr_layer_surface_v1#64.configure(77, 1280, 720)
[04:53:43.663727] {Default Queue}  -> zwlr_layer_surface_v1#64.ack_configure(77)
[04:53:43.663728] {Default Queue} zwlr_layer_surface_v1#75.configure(78, 88, 2)
[04:53:43.663732] {Default Queue}  -> zwlr_layer_surface_v1#75.ack_configure(78)
[04:53:43.663818]  -> wl_surface#66.commit()
[04:53:43.663828]  -> wl_surface#60.commit()
[04:53:43.663832]  -> wl_surface#65.commit()
[04:53:43.664575]  -> wl_surface#71.attach(wl_buffer#108, 0, 0)
[04:53:43.664579]  -> wl_surface#71.damage_buffer(4, 4, 555, 40)
[04:53:43.664581]  -> wl_surface#71.frame(new id wl_callback#111)
[04:53:43.664583] {Default Queue}  -> wp_presentation#23.feedback(wl_surface#71, new id wp_presentation_feedback#101)
[04:53:43.664585]  -> wl_surface#71.commit()
[04:53:43.664608] {Default Queue}  -> wl_compositor#46.create_region(new id wl_region#104)
[04:53:43.664620] {Default Queue}  -> wl_region#104.add(19, 4, 525, 1)
[04:53:43.664622] {Default Queue}  -> wl_region#104.add(588, 4, 105, 1)
[04:53:43.664623] {Default Queue}  -> wl_region#104.add(877, 4, 384, 1)
[04:53:43.664623] {Default Queue}  -> wl_region#104.add(17, 5, 529, 1)
[04:53:43.664624] {Default Queue}  -> wl_region#104.add(586, 5, 109, 1)
[04:53:43.664625] {Default Queue}  -> wl_region#104.add(875, 5, 388, 1)
[04:53:43.664625] {Default Queue}  -> wl_region#104.add(16, 6, 531, 1)
[04:53:43.664626] {Default Queue}  -> wl_region#104.add(585, 6, 111, 1)
[04:53:43.664626] {Default Queue}  -> wl_region#104.add(874, 6, 390, 1)
[04:53:43.664627] {Default Queue}  -> wl_region#104.add(15, 7, 533, 1)
[04:53:43.664628] {Default Queue}  -> wl_region#104.add(584, 7, 113, 1)
[04:53:43.664628] {Default Queue}  -> wl_region#104.add(873, 7, 392, 1)
[04:53:43.664629] {Default Queue}  -> wl_region#104.add(14, 8, 535, 1)
[04:53:43.664629] {Default Queue}  -> wl_region#104.add(583, 8, 115, 1)
[04:53:43.664630] {Default Queue}  -> wl_region#104.add(872, 8, 394, 1)
[04:53:43.664631] {Default Queue}  -> wl_region#104.add(13, 9, 537, 1)
[04:53:43.664631] {Default Queue}  -> wl_region#104.add(582, 9, 117, 1)
[04:53:43.664632] {Default Queue}  -> wl_region#104.add(871, 9, 396, 1)
[04:53:43.664633] {Default Queue}  -> wl_region#104.add(12, 10, 539, 2)
[04:53:43.664633] {Default Queue}  -> wl_region#104.add(581, 10, 119, 2)
[04:53:43.664634] {Default Queue}  -> wl_region#104.add(870, 10, 398, 2)
[04:53:43.664635] {Default Queue}  -> wl_region#104.add(11, 12, 541, 5)
[04:53:43.664635] {Default Queue}  -> wl_region#104.add(580, 12, 121, 5)
[04:53:43.664636] {Default Queue}  -> wl_region#104.add(869, 12, 400, 5)
[04:53:43.664636] {Default Queue}  -> wl_region#104.add(10, 17, 543, 14)
[04:53:43.664637] {Default Queue}  -> wl_region#104.add(579, 17, 123, 14)
[04:53:43.664638] {Default Queue}  -> wl_region#104.add(868, 17, 402, 14)
[04:53:43.664638] {Default Queue}  -> wl_region#104.add(11, 31, 541, 5)
[04:53:43.664639] {Default Queue}  -> wl_region#104.add(580, 31, 121, 5)
[04:53:43.664640] {Default Queue}  -> wl_region#104.add(869, 31, 400, 5)
[04:53:43.664640] {Default Queue}  -> wl_region#104.add(12, 36, 539, 2)
[04:53:43.664641] {Default Queue}  -> wl_region#104.add(581, 36, 119, 2)
[04:53:43.664641] {Default Queue}  -> wl_region#104.add(870, 36, 398, 2)
[04:53:43.664642] {Default Queue}  -> wl_region#104.add(13, 38, 537, 1)
[04:53:43.664643] {Default Queue}  -> wl_region#104.add(582, 38, 117, 1)
[04:53:43.664643] {Default Queue}  -> wl_region#104.add(871, 38, 396, 1)
[04:53:43.664644] {Default Queue}  -> wl_region#104.add(14, 39, 535, 1)
[04:53:43.664644] {Default Queue}  -> wl_region#104.add(583, 39, 115, 1)
[04:53:43.664645] {Default Queue}  -> wl_region#104.add(872, 39, 394, 1)
[04:53:43.664646] {Default Queue}  -> wl_region#104.add(15, 40, 533, 1)
[04:53:43.664646] {Default Queue}  -> wl_region#104.add(584, 40, 113, 1)
[04:53:43.664647] {Default Queue}  -> wl_region#104.add(873, 40, 392, 1)
[04:53:43.664647] {Default Queue}  -> wl_region#104.add(16, 41, 531, 1)
[04:53:43.664648] {Default Queue}  -> wl_region#104.add(585, 41, 111, 1)
[04:53:43.664648] {Default Queue}  -> wl_region#104.add(874, 41, 390, 1)
[04:53:43.664649] {Default Queue}  -> wl_region#104.add(17, 42, 529, 1)
[04:53:43.664650] {Default Queue}  -> wl_region#104.add(586, 42, 109, 1)
[04:53:43.664650] {Default Queue}  -> wl_region#104.add(875, 42, 388, 1)
[04:53:43.664651] {Default Queue}  -> wl_region#104.add(19, 43, 525, 1)
[04:53:43.664651] {Default Queue}  -> wl_region#104.add(588, 43, 105, 1)
[04:53:43.664652] {Default Queue}  -> wl_region#104.add(877, 43, 384, 1)
[04:53:43.664653] {Default Queue}  -> ext_background_effect_surface_v1#112.set_blur_region(wl_region#104)
[04:53:43.664654] {Default Queue}  -> wl_region#104.destroy()
[04:53:43.664699] {Display Queue} wl_display#1.delete_id(104)
[04:53:43.664701] {Default Queue} wl_buffer#108.release()
[04:53:43.665349] {Default Queue}  -> wl_compositor#4.create_surface(new id wl_surface#104)
[04:53:43.665353] {Default Queue}  -> wp_fractional_scale_manager_v1#11.get_fractional_scale(new id wp_fractional_scale_v1#105, wl_surface#104)
[04:53:43.665355] {Default Queue}  -> wp_viewporter#10.get_viewport(new id wp_viewport#122, wl_surface#104)
[04:53:43.665373] {Default Queue}  -> xdg_toplevel_icon_manager_v1#9.create_icon(new id xdg_toplevel_icon_v1#118)
[04:53:43.665383] {Default Queue}  -> zwlr_layer_shell_v1#49.get_layer_surface(new id zwlr_layer_surface_v1#93, wl_surface#104, wl_output#31, 3, "pearl:popup")
[04:53:43.665385] {Default Queue}  -> zwlr_layer_surface_v1#93.set_keyboard_interactivity(1)
[04:53:43.665386] {Default Queue}  -> zwlr_layer_surface_v1#93.set_exclusive_zone(0)
[04:53:43.665387] {Default Queue}  -> zwlr_layer_surface_v1#93.set_anchor(15)
[04:53:43.665387] {Default Queue}  -> zwlr_layer_surface_v1#93.set_margin(0, 0, 0, 0)
[04:53:43.665389] {Default Queue}  -> zwlr_layer_surface_v1#93.set_size(0, 0)
[04:53:43.665392]  -> wl_surface#104.commit()
[04:53:43.665466] {Default Queue}  -> ext_background_effect_manager_v1#48.get_background_effect(new id ext_background_effect_surface_v1#106, wl_surface#104)
[04:53:43.665467] {Default Queue}  -> wl_compositor#46.create_region(new id wl_region#100)
[04:53:43.665472] {Default Queue}  -> wl_region#100.add(-11, -20, 22, 1)
[04:53:43.665473] {Default Queue}  -> wl_region#100.add(-13, -19, 26, 1)
[04:53:43.665474] {Default Queue}  -> wl_region#100.add(-14, -18, 28, 1)
[04:53:43.665475] {Default Queue}  -> wl_region#100.add(-15, -17, 30, 1)
[04:53:43.665475] {Default Queue}  -> wl_region#100.add(-16, -16, 32, 1)
[04:53:43.665476] {Default Queue}  -> wl_region#100.add(-17, -15, 34, 1)
[04:53:43.665477] {Default Queue}  -> wl_region#100.add(-18, -14, 36, 2)
[04:53:43.665477] {Default Queue}  -> wl_region#100.add(-19, -12, 38, 5)
[04:53:43.665478] {Default Queue}  -> wl_region#100.add(-20, -7, 40, 14)
[04:53:43.665479] {Default Queue}  -> wl_region#100.add(-19, 7, 38, 5)
[04:53:43.665479] {Default Queue}  -> wl_region#100.add(-18, 12, 36, 2)
[04:53:43.665480] {Default Queue}  -> wl_region#100.add(-17, 14, 34, 1)
[04:53:43.665480] {Default Queue}  -> wl_region#100.add(-16, 15, 32, 1)
[04:53:43.665481] {Default Queue}  -> wl_region#100.add(-15, 16, 30, 1)
[04:53:43.665482] {Default Queue}  -> wl_region#100.add(-14, 17, 28, 1)
[04:53:43.665483] {Default Queue}  -> wl_region#100.add(-13, 18, 26, 1)
[04:53:43.665483] {Default Queue}  -> wl_region#100.add(-11, 19, 22, 1)
[04:53:43.665484] {Default Queue}  -> ext_background_effect_surface_v1#106.set_blur_region(wl_region#100)
[04:53:43.665485] {Default Queue}  -> wl_region#100.destroy()
[04:53:43.665547] {Default Queue}  -> zwp_text_input_v3#116.set_surrounding_text("", 0, 0)
[04:53:43.665549] {Default Queue}  -> zwp_text_input_v3#116.set_text_change_cause(1)
[04:53:43.665550] {Default Queue}  -> zwp_text_input_v3#116.set_content_type(0, 0)
[04:53:43.665557] {Default Queue}  -> zwp_text_input_v3#116.set_cursor_rectangle(0, 0, 0, 0)
[04:53:43.665558] {Default Queue}  -> zwp_text_input_v3#116.commit()
[04:53:43.665560] {Default Queue}  -> xdg_activation_v1#15.get_activation_token(new id xdg_activation_token_v1#117)
[04:53:43.665561]  -> xdg_activation_token_v1#117.set_serial(0, wl_seat#3)
[04:53:43.665562]  -> xdg_activation_token_v1#117.commit()
[04:53:43.665581] {Display Queue} wl_display#1.delete_id(100)
[04:53:43.665591] xdg_activation_token_v1#117.done("08f4e0bd1b1dcb876e68bc7f801b2675")
[04:53:43.665592]  -> xdg_activation_token_v1#117.destroy()
[04:53:43.665593] {Default Queue}  -> xdg_activation_v1#15.activate("08f4e0bd1b1dcb876e68bc7f801b2675", wl_surface#104)
info: event=popup-opened output=1
[04:53:43.665607] {Default Queue} zwlr_layer_surface_v1#70.configure(84, 1280, 48)
[04:53:43.665637] {Default Queue}  -> zwlr_layer_surface_v1#70.ack_configure(84)
[04:53:43.665638] {Default Queue} zwlr_layer_surface_v1#64.configure(85, 1280, 720)
[04:53:43.665639] {Default Queue}  -> zwlr_layer_surface_v1#64.ack_configure(85)
[04:53:43.665640] {Default Queue} zwlr_layer_surface_v1#75.configure(86, 88, 2)
[04:53:43.665641] {Default Queue}  -> zwlr_layer_surface_v1#75.ack_configure(86)
[04:53:43.665642] {Default Queue} zwlr_layer_surface_v1#93.configure(87, 1280, 672)
[04:53:43.665645] {Default Queue}  -> zwlr_layer_surface_v1#93.ack_configure(87)
[04:53:43.666117] {Default Queue}  -> wl_shm#5.create_pool(new id wl_shm_pool#100, fd 16, 3440640)
[04:53:43.666121] {Default Queue}  -> wl_shm_pool#100.create_buffer(new id wl_buffer#119, 0, 1280, 672, 5120, 0)
[04:53:43.666794] {Default Queue}  -> wl_compositor#4.create_region(new id wl_region#110)
[04:53:43.666796] {Default Queue}  -> wl_region#110.add(377, 90, 526, 54)
[04:53:43.666797]  -> wl_surface#104.set_opaque_region(wl_region#110)
[04:53:43.666798] {Default Queue}  -> wl_region#110.destroy()
[04:53:43.666799] {Default Queue}  -> wp_viewport#122.set_destination(1280, 672)
[04:53:43.666800]  -> wl_surface#104.attach(wl_buffer#119, 0, 0)
[04:53:43.666801]  -> wl_surface#104.damage_buffer(0, 0, 1280, 672)
[04:53:43.666802]  -> wl_surface#104.frame(new id wl_callback#97)
[04:53:43.666803] {Default Queue}  -> wp_presentation#23.feedback(wl_surface#104, new id wp_presentation_feedback#121)
[04:53:43.666804]  -> wl_surface#104.commit()
[04:53:43.666808] {Default Queue}  -> wl_compositor#46.create_region(new id wl_region#94)
[04:53:43.666836] {Default Queue}  -> wl_region#94.add(339, 36, 602, 1)
[04:53:43.666837] {Default Queue}  -> wl_region#94.add(337, 37, 606, 1)
[04:53:43.666837] {Default Queue}  -> wl_region#94.add(336, 38, 608, 1)
[04:53:43.666838] {Default Queue}  -> wl_region#94.add(335, 39, 610, 1)
[04:53:43.666839] {Default Queue}  -> wl_region#94.add(334, 40, 612, 1)
[04:53:43.666839] {Default Queue}  -> wl_region#94.add(333, 41, 614, 1)
[04:53:43.666840] {Default Queue}  -> wl_region#94.add(332, 42, 616, 2)
[04:53:43.666841] {Default Queue}  -> wl_region#94.add(331, 44, 618, 5)
[04:53:43.666841] {Default Queue}  -> wl_region#94.add(330, 49, 620, 574)
[04:53:43.666842] {Default Queue}  -> wl_region#94.add(331, 623, 618, 5)
[04:53:43.666843] {Default Queue}  -> wl_region#94.add(332, 628, 616, 2)
[04:53:43.666843] {Default Queue}  -> wl_region#94.add(333, 630, 614, 1)
[04:53:43.666844] {Default Queue}  -> wl_region#94.add(334, 631, 612, 1)
[04:53:43.666844] {Default Queue}  -> wl_region#94.add(335, 632, 610, 1)
[04:53:43.666845] {Default Queue}  -> wl_region#94.add(336, 633, 608, 1)
[04:53:43.666846] {Default Queue}  -> wl_region#94.add(337, 634, 606, 1)
[04:53:43.666846] {Default Queue}  -> wl_region#94.add(339, 635, 602, 1)
[04:53:43.666847] {Default Queue}  -> ext_background_effect_surface_v1#106.set_blur_region(wl_region#94)
[04:53:43.666848] {Default Queue}  -> wl_region#94.destroy()
info: event=launcher-results count=112 shown=112 publish_us=3464
[04:53:43.669121] {Display Queue} wl_display#1.delete_id(117)
[04:53:43.669124] {Display Queue} wl_display#1.delete_id(110)
[04:53:43.669124] {Display Queue} wl_display#1.delete_id(94)
[04:53:43.669125] {Default Queue} zwlr_layer_surface_v1#70.configure(88, 1280, 48)
[04:53:43.669127] {Default Queue}  -> zwlr_layer_surface_v1#70.ack_configure(88)
[04:53:43.669129] {Default Queue} zwlr_layer_surface_v1#64.configure(89, 1280, 720)
[04:53:43.669129] {Default Queue}  -> zwlr_layer_surface_v1#64.ack_configure(89)
[04:53:43.669130] {Default Queue} zwlr_layer_surface_v1#75.configure(90, 88, 2)
[04:53:43.669131] {Default Queue}  -> zwlr_layer_surface_v1#75.ack_configure(90)
[04:53:43.669132] {Default Queue} zwlr_layer_surface_v1#93.configure(91, 1280, 672)
[04:53:43.669132] {Default Queue}  -> zwlr_layer_surface_v1#93.ack_configure(91)
[04:53:43.669133] {Default Queue} wp_fractional_scale_v1#105.preferred_scale(120)
[04:53:43.669134] {Default Queue} wl_buffer#119.release()
[04:53:43.669134] {Default Queue} wl_data_device#38.selection(nil)
[04:53:43.669138] {Default Queue} zwp_primary_selection_device_v1#37.selection(nil)
[04:53:43.669140] wl_surface#104.enter(wl_output#58)
[04:53:43.669155] wl_surface#104.enter(wl_output#31)
[04:53:43.669165] wl_surface#104.preferred_buffer_scale(1)
info: event=launcher-results count=112 shown=112 publish_us=3269
[04:53:43.675621] {Display Queue} wl_display#1.delete_id(97)
[04:53:43.675625] {Display Queue} wl_display#1.delete_id(121)
[04:53:43.675626] {Display Queue} wl_display#1.delete_id(111)
[04:53:43.675627] {Display Queue} wl_display#1.delete_id(101)
[04:53:43.675628] {Default Queue} wl_callback#97.done(56397291)
[04:53:43.675632] {Default Queue} wp_presentation_feedback#121.sync_output(wl_output#58)
[04:53:43.675633] {Default Queue} wp_presentation_feedback#121.sync_output(wl_output#31)
[04:53:43.675633] {Default Queue} wp_presentation_feedback#121.presented(0, 56397, 291321820, 0, 0, 0, 0)
[04:53:43.675635] {Default Queue} wl_callback#111.done(56397291)
[04:53:43.675637] {Default Queue} wp_presentation_feedback#101.sync_output(wl_output#59)
[04:53:43.675638] {Default Queue} wp_presentation_feedback#101.sync_output(wl_output#34)
[04:53:43.675638] {Default Queue} wp_presentation_feedback#101.presented(0, 56397, 291392651, 0, 0, 0, 0)
[04:53:43.675640] wl_surface#104.preferred_buffer_transform(0)
[04:53:43.684982] {Default Queue}  -> wl_compositor#4.create_region(new id wl_region#101)
[04:53:43.684988] {Default Queue}  -> wl_region#101.add(365, 158, 550, 62)
[04:53:43.684990]  -> wl_surface#104.set_opaque_region(wl_region#101)
[04:53:43.684991] {Default Queue}  -> wl_region#101.destroy()
[04:53:43.684993]  -> wl_surface#104.attach(wl_buffer#119, 0, 0)
[04:53:43.684994]  -> wl_surface#104.damage_buffer(346, 86, 588, 62)
[04:53:43.684995]  -> wl_surface#104.damage_buffer(353, 158, 574, 426)
[04:53:43.684996]  -> wl_surface#104.damage_buffer(351, 600, 285, 15)
[04:53:43.684996]  -> wl_surface#104.frame(new id wl_callback#111)
[04:53:43.684998] {Default Queue}  -> wp_presentation#23.feedback(wl_surface#104, new id wp_presentation_feedback#121)
[04:53:43.685000]  -> wl_surface#104.commit()
info: event=launcher-painted latency_us=15491
[04:53:43.685142] {Default Queue}  -> wl_compositor#4.create_region(new id wl_region#97)
[04:53:43.685144] {Default Queue}  -> wl_region#97.add(19, 4, 525, 1)
[04:53:43.685145] {Default Queue}  -> wl_region#97.add(588, 4, 105, 1)
[04:53:43.685145] {Default Queue}  -> wl_region#97.add(877, 4, 384, 1)
[04:53:43.685146] {Default Queue}  -> wl_region#97.add(17, 5, 529, 1)
[04:53:43.685147] {Default Queue}  -> wl_region#97.add(586, 5, 109, 1)
[04:53:43.685147] {Default Queue}  -> wl_region#97.add(875, 5, 388, 1)
[04:53:43.685148] {Default Queue}  -> wl_region#97.add(16, 6, 531, 1)
[04:53:43.685149] {Default Queue}  -> wl_region#97.add(585, 6, 111, 1)
[04:53:43.685149] {Default Queue}  -> wl_region#97.add(874, 6, 390, 1)
[04:53:43.685150] {Default Queue}  -> wl_region#97.add(15, 7, 533, 1)
[04:53:43.685150] {Default Queue}  -> wl_region#97.add(584, 7, 113, 1)
[04:53:43.685151] {Default Queue}  -> wl_region#97.add(873, 7, 392, 1)
[04:53:43.685152] {Default Queue}  -> wl_region#97.add(14, 8, 535, 1)
[04:53:43.685152] {Default Queue}  -> wl_region#97.add(583, 8, 115, 1)
[04:53:43.685153] {Default Queue}  -> wl_region#97.add(872, 8, 394, 1)
[04:53:43.685153] {Default Queue}  -> wl_region#97.add(13, 9, 537, 1)
[04:53:43.685154] {Default Queue}  -> wl_region#97.add(582, 9, 117, 1)
[04:53:43.685155] {Default Queue}  -> wl_region#97.add(871, 9, 396, 1)
[04:53:43.685155] {Default Queue}  -> wl_region#97.add(12, 10, 539, 2)
[04:53:43.685156] {Default Queue}  -> wl_region#97.add(581, 10, 119, 2)
[04:53:43.685156] {Default Queue}  -> wl_region#97.add(870, 10, 398, 2)
[04:53:43.685157] {Default Queue}  -> wl_region#97.add(11, 12, 541, 5)
[04:53:43.685158] {Default Queue}  -> wl_region#97.add(580, 12, 121, 5)
[04:53:43.685158] {Default Queue}  -> wl_region#97.add(869, 12, 400, 5)
[04:53:43.685159] {Default Queue}  -> wl_region#97.add(10, 17, 543, 14)
[04:53:43.685159] {Default Queue}  -> wl_region#97.add(579, 17, 123, 14)
[04:53:43.685160] {Default Queue}  -> wl_region#97.add(868, 17, 402, 14)
[04:53:43.685161] {Default Queue}  -> wl_region#97.add(11, 31, 541, 5)
[04:53:43.685161] {Default Queue}  -> wl_region#97.add(580, 31, 121, 5)
[04:53:43.685162] {Default Queue}  -> wl_region#97.add(869, 31, 400, 5)
[04:53:43.685162] {Default Queue}  -> wl_region#97.add(12, 36, 539, 2)
[04:53:43.685163] {Default Queue}  -> wl_region#97.add(581, 36, 119, 2)
[04:53:43.685164] {Default Queue}  -> wl_region#97.add(870, 36, 398, 2)
[04:53:43.685164] {Default Queue}  -> wl_region#97.add(13, 38, 537, 1)
[04:53:43.685165] {Default Queue}  -> wl_region#97.add(582, 38, 117, 1)
[04:53:43.685165] {Default Queue}  -> wl_region#97.add(871, 38, 396, 1)
[04:53:43.685166] {Default Queue}  -> wl_region#97.add(14, 39, 535, 1)
[04:53:43.685167] {Default Queue}  -> wl_region#97.add(583, 39, 115, 1)
[04:53:43.685167] {Default Queue}  -> wl_region#97.add(872, 39, 394, 1)
[04:53:43.685168] {Default Queue}  -> wl_region#97.add(15, 40, 533, 1)
[04:53:43.685168] {Default Queue}  -> wl_region#97.add(584, 40, 113, 1)
[04:53:43.685169] {Default Queue}  -> wl_region#97.add(873, 40, 392, 1)
[04:53:43.685170] {Default Queue}  -> wl_region#97.add(16, 41, 531, 1)
[04:53:43.685170] {Default Queue}  -> wl_region#97.add(585, 41, 111, 1)
[04:53:43.685171] {Default Queue}  -> wl_region#97.add(874, 41, 390, 1)
[04:53:43.685171] {Default Queue}  -> wl_region#97.add(17, 42, 529, 1)
[04:53:43.685172] {Default Queue}  -> wl_region#97.add(586, 42, 109, 1)
[04:53:43.685173] {Default Queue}  -> wl_region#97.add(875, 42, 388, 1)
[04:53:43.685173] {Default Queue}  -> wl_region#97.add(19, 43, 525, 1)
[04:53:43.685174] {Default Queue}  -> wl_region#97.add(588, 43, 105, 1)
[04:53:43.685174] {Default Queue}  -> wl_region#97.add(877, 43, 384, 1)
[04:53:43.685175]  -> wl_surface#71.set_input_region(wl_region#97)
[04:53:43.685176] {Default Queue}  -> wl_region#97.destroy()
[04:53:43.685176]  -> wl_surface#71.attach(wl_buffer#108, 0, 0)
[04:53:43.685177]  -> wl_surface#71.damage_buffer(4, 4, 555, 40)
[04:53:43.685178]  -> wl_surface#71.frame(new id wl_callback#94)
[04:53:43.685179] {Default Queue}  -> wp_presentation#23.feedback(wl_surface#71, new id wp_presentation_feedback#110)
[04:53:43.685180]  -> wl_surface#71.commit()
[04:53:43.685201] {Default Queue}  -> wl_compositor#46.create_region(new id wl_region#117)
[04:53:43.685216] {Default Queue}  -> wl_region#117.add(19, 4, 504, 1)
[04:53:43.685217] {Default Queue}  -> wl_region#117.add(588, 4, 105, 1)
[04:53:43.685218] {Default Queue}  -> wl_region#117.add(877, 4, 384, 1)
[04:53:43.685218] {Default Queue}  -> wl_region#117.add(17, 5, 508, 1)
[04:53:43.685219] {Default Queue}  -> wl_region#117.add(586, 5, 109, 1)
[04:53:43.685220] {Default Queue}  -> wl_region#117.add(875, 5, 388, 1)
[04:53:43.685220] {Default Queue}  -> wl_region#117.add(16, 6, 510, 1)
[04:53:43.685221] {Default Queue}  -> wl_region#117.add(585, 6, 111, 1)
[04:53:43.685221] {Default Queue}  -> wl_region#117.add(874, 6, 390, 1)
[04:53:43.685222] {Default Queue}  -> wl_region#117.add(15, 7, 512, 1)
[04:53:43.685223] {Default Queue}  -> wl_region#117.add(584, 7, 113, 1)
[04:53:43.685223] {Default Queue}  -> wl_region#117.add(873, 7, 392, 1)
[04:53:43.685224] {Default Queue}  -> wl_region#117.add(14, 8, 514, 1)
[04:53:43.685224] {Default Queue}  -> wl_region#117.add(583, 8, 115, 1)
[04:53:43.685225] {Default Queue}  -> wl_region#117.add(872, 8, 394, 1)
[04:53:43.685225] {Default Queue}  -> wl_region#117.add(13, 9, 516, 1)
[04:53:43.685226] {Default Queue}  -> wl_region#117.add(582, 9, 117, 1)
[04:53:43.685227] {Default Queue}  -> wl_region#117.add(871, 9, 396, 1)
[04:53:43.685227] {Default Queue}  -> wl_region#117.add(12, 10, 518, 2)
[04:53:43.685228] {Default Queue}  -> wl_region#117.add(581, 10, 119, 2)
[04:53:43.685228] {Default Queue}  -> wl_region#117.add(870, 10, 398, 2)
[04:53:43.685229] {Default Queue}  -> wl_region#117.add(11, 12, 520, 5)
[04:53:43.685230] {Default Queue}  -> wl_region#117.add(580, 12, 121, 5)
[04:53:43.685230] {Default Queue}  -> wl_region#117.add(869, 12, 400, 5)
[04:53:43.685231] {Default Queue}  -> wl_region#117.add(10, 17, 522, 14)
[04:53:43.685231] {Default Queue}  -> wl_region#117.add(579, 17, 123, 14)
[04:53:43.685232] {Default Queue}  -> wl_region#117.add(868, 17, 402, 14)
[04:53:43.685233] {Default Queue}  -> wl_region#117.add(11, 31, 520, 5)
[04:53:43.685233] {Default Queue}  -> wl_region#117.add(580, 31, 121, 5)
[04:53:43.685234] {Default Queue}  -> wl_region#117.add(869, 31, 400, 5)
[04:53:43.685234] {Default Queue}  -> wl_region#117.add(12, 36, 518, 2)
[04:53:43.685235] {Default Queue}  -> wl_region#117.add(581, 36, 119, 2)
[04:53:43.685236] {Default Queue}  -> wl_region#117.add(870, 36, 398, 2)
[04:53:43.685236] {Default Queue}  -> wl_region#117.add(13, 38, 516, 1)
[04:53:43.685237] {Default Queue}  -> wl_region#117.add(582, 38, 117, 1)
[04:53:43.685237] {Default Queue}  -> wl_region#117.add(871, 38, 396, 1)
[04:53:43.685238] {Default Queue}  -> wl_region#117.add(14, 39, 514, 1)
[04:53:43.685239] {Default Queue}  -> wl_region#117.add(583, 39, 115, 1)
[04:53:43.685239] {Default Queue}  -> wl_region#117.add(872, 39, 394, 1)
[04:53:43.685240] {Default Queue}  -> wl_region#117.add(15, 40, 512, 1)
[04:53:43.685240] {Default Queue}  -> wl_region#117.add(584, 40, 113, 1)
[04:53:43.685241] {Default Queue}  -> wl_region#117.add(873, 40, 392, 1)
[04:53:43.685241] {Default Queue}  -> wl_region#117.add(16, 41, 510, 1)
[04:53:43.685242] {Default Queue}  -> wl_region#117.add(585, 41, 111, 1)
[04:53:43.685243] {Default Queue}  -> wl_region#117.add(874, 41, 390, 1)
[04:53:43.685243] {Default Queue}  -> wl_region#117.add(17, 42, 508, 1)
[04:53:43.685244] {Default Queue}  -> wl_region#117.add(586, 42, 109, 1)
[04:53:43.685244] {Default Queue}  -> wl_region#117.add(875, 42, 388, 1)
[04:53:43.685245] {Default Queue}  -> wl_region#117.add(19, 43, 504, 1)
[04:53:43.685246] {Default Queue}  -> wl_region#117.add(588, 43, 105, 1)
[04:53:43.685246] {Default Queue}  -> wl_region#117.add(877, 43, 384, 1)
[04:53:43.685247] {Default Queue}  -> ext_background_effect_surface_v1#112.set_blur_region(wl_region#117)
[04:53:43.685248] {Default Queue}  -> wl_region#117.destroy()
[04:53:43.685370]  -> wl_surface#66.attach(wl_buffer#92, 0, 0)
[04:53:43.685372]  -> wl_surface#66.frame(new id wl_callback#113)
[04:53:43.685372] {Default Queue}  -> wp_presentation#23.feedback(wl_surface#66, new id wp_presentation_feedback#89)
[04:53:43.685373]  -> wl_surface#66.commit()
[04:53:43.685385]  -> wl_surface#65.attach(wl_buffer#99, 0, 0)
[04:53:43.685386]  -> wl_surface#65.frame(new id wl_callback#88)
[04:53:43.685387] {Default Queue}  -> wp_presentation#23.feedback(wl_surface#65, new id wp_presentation_feedback#109)
[04:53:43.685388]  -> wl_surface#65.commit()
[04:53:43.685441] {Display Queue} wl_display#1.delete_id(101)
[04:53:43.685443] {Display Queue} wl_display#1.delete_id(97)
[04:53:43.685443] {Display Queue} wl_display#1.delete_id(117)
[04:53:43.685444] {Default Queue} wl_buffer#119.release()
[04:53:43.685445] {Default Queue} wl_buffer#108.release()
[04:53:43.685448] {Default Queue} wl_buffer#92.release()
[04:53:43.685449] {Default Queue} wl_buffer#99.release()
[04:53:43.685695]  -> wl_surface#60.commit()
[04:53:43.691792] {Display Queue} wl_display#1.delete_id(113)
[04:53:43.691796] {Display Queue} wl_display#1.delete_id(88)
[04:53:43.691797] {Display Queue} wl_display#1.delete_id(111)
[04:53:43.691798] {Display Queue} wl_display#1.delete_id(89)
[04:53:43.691799] {Display Queue} wl_display#1.delete_id(109)
[04:53:43.691799] {Display Queue} wl_display#1.delete_id(121)
[04:53:43.691800] {Display Queue} wl_display#1.delete_id(94)
[04:53:43.691800] {Display Queue} wl_display#1.delete_id(110)
[04:53:43.691801] {Default Queue} wl_callback#113.done(56397307)
[04:53:43.691803] {Default Queue} wl_callback#88.done(56397307)
[04:53:43.691804] {Default Queue} wl_callback#111.done(56397307)
[04:53:43.691806] {Default Queue} wp_presentation_feedback#89.sync_output(wl_output#58)
[04:53:43.691807] {Default Queue} wp_presentation_feedback#89.sync_output(wl_output#31)
[04:53:43.691808] {Default Queue} wp_presentation_feedback#89.presented(0, 56397, 307494289, 0, 0, 0, 0)
[04:53:43.691810] {Default Queue} wp_presentation_feedback#109.sync_output(wl_output#58)
[04:53:43.691811] {Default Queue} wp_presentation_feedback#109.sync_output(wl_output#31)
[04:53:43.691811] {Default Queue} wp_presentation_feedback#109.presented(0, 56397, 307494289, 0, 0, 0, 0)
[04:53:43.691813] {Default Queue} wp_presentation_feedback#121.sync_output(wl_output#58)
[04:53:43.691813] {Default Queue} wp_presentation_feedback#121.sync_output(wl_output#31)
[04:53:43.691814] {Default Queue} wp_presentation_feedback#121.presented(0, 56397, 307494289, 0, 0, 0, 0)
[04:53:43.691815] {Default Queue} wl_callback#94.done(56397307)
[04:53:43.691816] {Default Queue} wp_presentation_feedback#110.sync_output(wl_output#59)
[04:53:43.691817] {Default Queue} wp_presentation_feedback#110.sync_output(wl_output#34)
[04:53:43.691817] {Default Queue} wp_presentation_feedback#110.presented(0, 56397, 307559499, 0, 0, 0, 0)
[04:53:43.692163]  -> wl_surface#104.attach(wl_buffer#119, 0, 0)
[04:53:43.692166]  -> wl_surface#104.damage_buffer(346, 86, 588, 62)
[04:53:43.692167]  -> wl_surface#104.frame(new id wl_callback#110)
[04:53:43.692168] {Default Queue}  -> wp_presentation#23.feedback(wl_surface#104, new id wp_presentation_feedback#94)
[04:53:43.692170]  -> wl_surface#104.commit()
[04:53:43.692204] {Default Queue}  -> wl_compositor#4.create_region(new id wl_region#121)
[04:53:43.692206] {Default Queue}  -> wl_region#121.add(19, 4, 504, 1)
[04:53:43.692207] {Default Queue}  -> wl_region#121.add(588, 4, 105, 1)
[04:53:43.692208] {Default Queue}  -> wl_region#121.add(877, 4, 384, 1)
[04:53:43.692208] {Default Queue}  -> wl_region#121.add(17, 5, 508, 1)
[04:53:43.692209] {Default Queue}  -> wl_region#121.add(586, 5, 109, 1)
[04:53:43.692210] {Default Queue}  -> wl_region#121.add(875, 5, 388, 1)
[04:53:43.692210] {Default Queue}  -> wl_region#121.add(16, 6, 510, 1)
[04:53:43.692211] {Default Queue}  -> wl_region#121.add(585, 6, 111, 1)
[04:53:43.692212] {Default Queue}  -> wl_region#121.add(874, 6, 390, 1)
[04:53:43.692212] {Default Queue}  -> wl_region#121.add(15, 7, 512, 1)
[04:53:43.692213] {Default Queue}  -> wl_region#121.add(584, 7, 113, 1)
[04:53:43.692213] {Default Queue}  -> wl_region#121.add(873, 7, 392, 1)
[04:53:43.692214] {Default Queue}  -> wl_region#121.add(14, 8, 514, 1)
[04:53:43.692215] {Default Queue}  -> wl_region#121.add(583, 8, 115, 1)
[04:53:43.692218] {Default Queue}  -> wl_region#121.add(872, 8, 394, 1)
[04:53:43.692219] {Default Queue}  -> wl_region#121.add(13, 9, 516, 1)
[04:53:43.692219] {Default Queue}  -> wl_region#121.add(582, 9, 117, 1)
[04:53:43.692220] {Default Queue}  -> wl_region#121.add(871, 9, 396, 1)
[04:53:43.692221] {Default Queue}  -> wl_region#121.add(12, 10, 518, 2)
[04:53:43.692221] {Default Queue}  -> wl_region#121.add(581, 10, 119, 2)
[04:53:43.692222] {Default Queue}  -> wl_region#121.add(870, 10, 398, 2)
[04:53:43.692222] {Default Queue}  -> wl_region#121.add(11, 12, 520, 5)
[04:53:43.692223] {Default Queue}  -> wl_region#121.add(580, 12, 121, 5)
[04:53:43.692224] {Default Queue}  -> wl_region#121.add(869, 12, 400, 5)
[04:53:43.692224] {Default Queue}  -> wl_region#121.add(10, 17, 522, 14)
[04:53:43.692225] {Default Queue}  -> wl_region#121.add(579, 17, 123, 14)
[04:53:43.692225] {Default Queue}  -> wl_region#121.add(868, 17, 402, 14)
[04:53:43.692226] {Default Queue}  -> wl_region#121.add(11, 31, 520, 5)
[04:53:43.692227] {Default Queue}  -> wl_region#121.add(580, 31, 121, 5)
[04:53:43.692227] {Default Queue}  -> wl_region#121.add(869, 31, 400, 5)
[04:53:43.692228] {Default Queue}  -> wl_region#121.add(12, 36, 518, 2)
[04:53:43.692228] {Default Queue}  -> wl_region#121.add(581, 36, 119, 2)
[04:53:43.692229] {Default Queue}  -> wl_region#121.add(870, 36, 398, 2)
[04:53:43.692230] {Default Queue}  -> wl_region#121.add(13, 38, 516, 1)
[04:53:43.692230] {Default Queue}  -> wl_region#121.add(582, 38, 117, 1)
[04:53:43.692231] {Default Queue}  -> wl_region#121.add(871, 38, 396, 1)
[04:53:43.692231] {Default Queue}  -> wl_region#121.add(14, 39, 514, 1)
[04:53:43.692232] {Default Queue}  -> wl_region#121.add(583, 39, 115, 1)
[04:53:43.692233] {Default Queue}  -> wl_region#121.add(872, 39, 394, 1)
[04:53:43.692233] {Default Queue}  -> wl_region#121.add(15, 40, 512, 1)
[04:53:43.692234] {Default Queue}  -> wl_region#121.add(584, 40, 113, 1)
[04:53:43.692234] {Default Queue}  -> wl_region#121.add(873, 40, 392, 1)
[04:53:43.692235] {Default Queue}  -> wl_region#121.add(16, 41, 510, 1)
[04:53:43.692236] {Default Queue}  -> wl_region#121.add(585, 41, 111, 1)
[04:53:43.692236] {Default Queue}  -> wl_region#121.add(874, 41, 390, 1)
[04:53:43.692237] {Default Queue}  -> wl_region#121.add(17, 42, 508, 1)
[04:53:43.692238] {Default Queue}  -> wl_region#121.add(586, 42, 109, 1)
[04:53:43.692238] {Default Queue}  -> wl_region#121.add(875, 42, 388, 1)
[04:53:43.692239] {Default Queue}  -> wl_region#121.add(19, 43, 504, 1)
[04:53:43.692239] {Default Queue}  -> wl_region#121.add(588, 43, 105, 1)
[04:53:43.692240] {Default Queue}  -> wl_region#121.add(877, 43, 384, 1)
[04:53:43.692241]  -> wl_surface#71.set_input_region(wl_region#121)
[04:53:43.692242] {Default Queue}  -> wl_region#121.destroy()
[04:53:43.692243]  -> wl_surface#71.attach(wl_buffer#108, 0, 0)
[04:53:43.692243]  -> wl_surface#71.frame(new id wl_callback#109)
[04:53:43.692244] {Default Queue}  -> wp_presentation#23.feedback(wl_surface#71, new id wp_presentation_feedback#89)
[04:53:43.692245]  -> wl_surface#71.commit()
[04:53:43.692356] {Display Queue} wl_display#1.delete_id(121)
[04:53:43.692360] {Default Queue} wl_buffer#119.release()
[04:53:43.692362] {Default Queue} wl_buffer#108.release()
[04:53:43.707957] {Display Queue} wl_display#1.delete_id(110)
[04:53:43.707962] {Display Queue} wl_display#1.delete_id(94)
[04:53:43.707964] {Default Queue} wl_callback#110.done(56397323)
[04:53:43.707969] {Default Queue} wp_presentation_feedback#94.sync_output(wl_output#58)
[04:53:43.707971] {Default Queue} wp_presentation_feedback#94.sync_output(wl_output#31)
[04:53:43.707971] {Default Queue} wp_presentation_feedback#94.presented(0, 56397, 323731508, 0, 0, 0, 0)
[04:53:43.708299]  -> wl_surface#104.attach(wl_buffer#119, 0, 0)
[04:53:43.708302]  -> wl_surface#104.damage_buffer(346, 86, 588, 62)
[04:53:43.708304]  -> wl_surface#104.frame(new id wl_callback#94)
[04:53:43.708306] {Default Queue}  -> wp_presentation#23.feedback(wl_surface#104, new id wp_presentation_feedback#110)
[04:53:43.708307]  -> wl_surface#104.commit()
[04:53:43.708324] {Display Queue} wl_display#1.delete_id(109)
[04:53:43.708326] {Display Queue} wl_display#1.delete_id(89)
[04:53:43.708328] {Default Queue} wl_callback#109.done(56397323)
[04:53:43.708331] {Default Queue} wp_presentation_feedback#89.sync_output(wl_output#59)
[04:53:43.708332] {Default Queue} wp_presentation_feedback#89.sync_output(wl_output#34)
[04:53:43.708334] {Default Queue} wp_presentation_feedback#89.presented(0, 56397, 323802139, 0, 0, 0, 0)
[04:53:43.708362] {Default Queue} wl_buffer#119.release()
[04:53:43.724131] {Display Queue} wl_display#1.delete_id(94)
[04:53:43.724136] {Display Queue} wl_display#1.delete_id(110)
[04:53:43.724137] {Default Queue} wl_callback#94.done(56397339)
[04:53:43.724142] {Default Queue} wp_presentation_feedback#110.sync_output(wl_output#58)
[04:53:43.724143] {Default Queue} wp_presentation_feedback#110.sync_output(wl_output#31)
[04:53:43.724144] {Default Queue} wp_presentation_feedback#110.presented(0, 56397, 339911406, 0, 0, 0, 0)
[04:53:43.724471]  -> wl_surface#104.attach(wl_buffer#119, 0, 0)
[04:53:43.724477]  -> wl_surface#104.damage_buffer(346, 86, 588, 62)
[04:53:43.724479]  -> wl_surface#104.frame(new id wl_callback#110)
[04:53:43.724481] {Default Queue}  -> wp_presentation#23.feedback(wl_surface#104, new id wp_presentation_feedback#94)
[04:53:43.724483]  -> wl_surface#104.commit()
[04:53:43.724543] {Default Queue} wl_buffer#119.release()
[04:53:43.740325] {Display Queue} wl_display#1.delete_id(110)
[04:53:43.740327] {Display Queue} wl_display#1.delete_id(94)
[04:53:43.740328] {Default Queue} wl_callback#110.done(56397356)
[04:53:43.740330] {Default Queue} wp_presentation_feedback#94.sync_output(wl_output#58)
[04:53:43.740330] {Default Queue} wp_presentation_feedback#94.sync_output(wl_output#31)
[04:53:43.740331] {Default Queue} wp_presentation_feedback#94.presented(0, 56397, 356106975, 0, 0, 0, 0)
[04:53:43.740542]  -> wl_surface#104.attach(wl_buffer#119, 0, 0)
[04:53:43.740545]  -> wl_surface#104.damage_buffer(346, 86, 588, 62)
[04:53:43.740547]  -> wl_surface#104.frame(new id wl_callback#94)
[04:53:43.740548] {Default Queue}  -> wp_presentation#23.feedback(wl_surface#104, new id wp_presentation_feedback#110)
[04:53:43.740550]  -> wl_surface#104.commit()
[04:53:43.740595] {Default Queue} wl_buffer#119.release()
[04:53:43.756484] {Display Queue} wl_display#1.delete_id(94)
[04:53:43.756488] {Display Queue} wl_display#1.delete_id(110)
[04:53:43.756489] {Default Queue} wl_callback#94.done(56397372)
[04:53:43.756493] {Default Queue} wp_presentation_feedback#110.sync_output(wl_output#58)
[04:53:43.756495] {Default Queue} wp_presentation_feedback#110.sync_output(wl_output#31)
[04:53:43.756495] {Default Queue} wp_presentation_feedback#110.presented(0, 56397, 372262064, 0, 0, 0, 0)
[04:53:43.756762]  -> wl_surface#104.attach(wl_buffer#119, 0, 0)
[04:53:43.756765]  -> wl_surface#104.damage_buffer(346, 86, 588, 62)
[04:53:43.756766]  -> wl_surface#104.frame(new id wl_callback#110)
[04:53:43.756767] {Default Queue}  -> wp_presentation#23.feedback(wl_surface#104, new id wp_presentation_feedback#94)
[04:53:43.756768]  -> wl_surface#104.commit()
[04:53:43.756810] {Default Queue} wl_buffer#119.release()
[04:53:43.766991] {Default Queue}  -> ext_background_effect_surface_v1#106.destroy()
[04:53:43.767066] {Default Queue}  -> zwlr_layer_surface_v1#93.destroy()
[04:53:43.767069]  -> wl_surface#104.attach(nil, 0, 0)
[04:53:43.767070]  -> wl_surface#104.commit()
[04:53:43.767099] {Default Queue}  -> wl_buffer#119.destroy()
[04:53:43.767100] {Default Queue}  -> wl_shm_pool#100.destroy()
[04:53:43.767419] {Default Queue}  -> wp_viewport#122.destroy()
[04:53:43.767420] {Default Queue}  -> wp_fractional_scale_v1#105.destroy()
[04:53:43.767421]  -> wl_surface#104.destroy()
[04:53:43.767432] {Default Queue}  -> xdg_toplevel_icon_v1#118.destroy()
info: event=popup-closed
[04:53:43.770205] discarded [unknown]#94.[event 2](0 fd, 8 byte)
[04:53:43.770219] {Display Queue} wl_display#1.delete_id(106)
[04:53:43.770221] {Display Queue} wl_display#1.delete_id(93)
[04:53:43.770222] {Display Queue} wl_display#1.delete_id(94)
[04:53:43.770222] {Display Queue} wl_display#1.delete_id(119)
[04:53:43.770223] {Display Queue} wl_display#1.delete_id(100)
[04:53:43.770224] {Display Queue} wl_display#1.delete_id(122)
[04:53:43.770224] {Display Queue} wl_display#1.delete_id(105)
[04:53:43.770225] {Display Queue} wl_display#1.delete_id(110)
[04:53:43.770225] {Display Queue} wl_display#1.delete_id(104)
[04:53:43.770226] {Display Queue} wl_display#1.delete_id(118)
[04:53:43.770226] {Default Queue} zwlr_layer_surface_v1#70.configure(99, 1280, 48)
[04:53:43.770232] {Default Queue}  -> zwlr_layer_surface_v1#70.ack_configure(99)
[04:53:43.770233] {Default Queue} zwlr_layer_surface_v1#64.configure(100, 1280, 720)
[04:53:43.770235] {Default Queue}  -> zwlr_layer_surface_v1#64.ack_configure(100)
[04:53:43.770236] {Default Queue} zwlr_layer_surface_v1#75.configure(101, 88, 2)
[04:53:43.770240] {Default Queue}  -> zwlr_layer_surface_v1#75.ack_configure(101)
[04:53:43.770326]  -> wl_surface#66.commit()
[04:53:43.770337]  -> wl_surface#60.commit()
[04:53:43.770342]  -> wl_surface#65.commit()
[04:53:43.771361] {Default Queue}  -> wl_compositor#4.create_surface(new id wl_surface#118)
[04:53:43.771365] {Default Queue}  -> wp_fractional_scale_manager_v1#11.get_fractional_scale(new id wp_fractional_scale_v1#104, wl_surface#118)
[04:53:43.771367] {Default Queue}  -> wp_viewporter#10.get_viewport(new id wp_viewport#110, wl_surface#118)
[04:53:43.771385] {Default Queue}  -> xdg_toplevel_icon_manager_v1#9.create_icon(new id xdg_toplevel_icon_v1#105)
[04:53:43.771395] {Default Queue}  -> zwlr_layer_shell_v1#49.get_layer_surface(new id zwlr_layer_surface_v1#122, wl_surface#118, wl_output#31, 3, "pearl:popup")
[04:53:43.771398] {Default Queue}  -> zwlr_layer_surface_v1#122.set_keyboard_interactivity(1)
[04:53:43.771398] {Default Queue}  -> zwlr_layer_surface_v1#122.set_exclusive_zone(0)
[04:53:43.771399] {Default Queue}  -> zwlr_layer_surface_v1#122.set_anchor(15)
[04:53:43.771400] {Default Queue}  -> zwlr_layer_surface_v1#122.set_margin(0, 0, 0, 0)
[04:53:43.771401] {Default Queue}  -> zwlr_layer_surface_v1#122.set_size(0, 0)
[04:53:43.771405]  -> wl_surface#118.commit()
[04:53:43.771482] {Default Queue}  -> ext_background_effect_manager_v1#48.get_background_effect(new id ext_background_effect_surface_v1#100, wl_surface#118)
[04:53:43.771484] {Default Queue}  -> wl_compositor#46.create_region(new id wl_region#119)
[04:53:43.771490] {Default Queue}  -> wl_region#119.add(-11, -20, 22, 1)
[04:53:43.771492] {Default Queue}  -> wl_region#119.add(-13, -19, 26, 1)
[04:53:43.771492] {Default Queue}  -> wl_region#119.add(-14, -18, 28, 1)
[04:53:43.771493] {Default Queue}  -> wl_region#119.add(-15, -17, 30, 1)
[04:53:43.771494] {Default Queue}  -> wl_region#119.add(-16, -16, 32, 1)
[04:53:43.771495] {Default Queue}  -> wl_region#119.add(-17, -15, 34, 1)
[04:53:43.771495] {Default Queue}  -> wl_region#119.add(-18, -14, 36, 2)
[04:53:43.771496] {Default Queue}  -> wl_region#119.add(-19, -12, 38, 5)
[04:53:43.771497] {Default Queue}  -> wl_region#119.add(-20, -7, 40, 14)
[04:53:43.771497] {Default Queue}  -> wl_region#119.add(-19, 7, 38, 5)
[04:53:43.771498] {Default Queue}  -> wl_region#119.add(-18, 12, 36, 2)
[04:53:43.771499] {Default Queue}  -> wl_region#119.add(-17, 14, 34, 1)
[04:53:43.771499] {Default Queue}  -> wl_region#119.add(-16, 15, 32, 1)
[04:53:43.771500] {Default Queue}  -> wl_region#119.add(-15, 16, 30, 1)
[04:53:43.771500] {Default Queue}  -> wl_region#119.add(-14, 17, 28, 1)
[04:53:43.771501] {Default Queue}  -> wl_region#119.add(-13, 18, 26, 1)
[04:53:43.771502] {Default Queue}  -> wl_region#119.add(-11, 19, 22, 1)
[04:53:43.771503] {Default Queue}  -> ext_background_effect_surface_v1#100.set_blur_region(wl_region#119)
[04:53:43.771503] {Default Queue}  -> wl_region#119.destroy()
[04:53:43.771568] {Default Queue}  -> zwp_text_input_v3#116.set_surrounding_text("", 0, 0)
[04:53:43.771570] {Default Queue}  -> zwp_text_input_v3#116.set_text_change_cause(1)
[04:53:43.771571] {Default Queue}  -> zwp_text_input_v3#116.set_content_type(0, 0)
[04:53:43.771578] {Default Queue}  -> zwp_text_input_v3#116.set_cursor_rectangle(0, 0, 0, 0)
[04:53:43.771579] {Default Queue}  -> zwp_text_input_v3#116.commit()
[04:53:43.771582] {Default Queue}  -> xdg_activation_v1#15.get_activation_token(new id xdg_activation_token_v1#94)
[04:53:43.771583]  -> xdg_activation_token_v1#94.set_serial(0, wl_seat#3)
[04:53:43.771584]  -> xdg_activation_token_v1#94.commit()
[04:53:43.771589] {Display Queue} wl_display#1.delete_id(119)
[04:53:43.771606] xdg_activation_token_v1#94.done("10d6f4ec0eba529ed00d92278081dc6b")
[04:53:43.771611]  -> xdg_activation_token_v1#94.destroy()
[04:53:43.771613] {Default Queue}  -> xdg_activation_v1#15.activate("10d6f4ec0eba529ed00d92278081dc6b", wl_surface#118)
info: event=popup-opened output=1
[04:53:43.771629] {Default Queue} zwlr_layer_surface_v1#70.configure(107, 1280, 48)
[04:53:43.771666] {Default Queue}  -> zwlr_layer_surface_v1#70.ack_configure(107)
[04:53:43.771668] {Default Queue} zwlr_layer_surface_v1#64.configure(108, 1280, 720)
[04:53:43.771670] {Default Queue}  -> zwlr_layer_surface_v1#64.ack_configure(108)
[04:53:43.771670] {Default Queue} zwlr_layer_surface_v1#75.configure(109, 88, 2)
[04:53:43.771672] {Default Queue}  -> zwlr_layer_surface_v1#75.ack_configure(109)
[04:53:43.771673] {Default Queue} zwlr_layer_surface_v1#122.configure(110, 1280, 672)
[04:53:43.771677] {Default Queue}  -> zwlr_layer_surface_v1#122.ack_configure(110)
[04:53:43.771886]  -> wl_surface#71.attach(wl_buffer#108, 0, 0)
[04:53:43.771889]  -> wl_surface#71.damage_buffer(4, 4, 555, 40)
[04:53:43.771890]  -> wl_surface#71.frame(new id wl_callback#119)
[04:53:43.771891] {Default Queue}  -> wp_presentation#23.feedback(wl_surface#71, new id wp_presentation_feedback#93)
[04:53:43.771893]  -> wl_surface#71.commit()
[04:53:43.771916] {Default Queue}  -> wl_compositor#46.create_region(new id wl_region#106)
[04:53:43.771929] {Default Queue}  -> wl_region#106.add(19, 4, 525, 1)
[04:53:43.771931] {Default Queue}  -> wl_region#106.add(588, 4, 105, 1)
[04:53:43.771931] {Default Queue}  -> wl_region#106.add(877, 4, 384, 1)
[04:53:43.771932] {Default Queue}  -> wl_region#106.add(17, 5, 529, 1)
[04:53:43.771933] {Default Queue}  -> wl_region#106.add(586, 5, 109, 1)
[04:53:43.771933] {Default Queue}  -> wl_region#106.add(875, 5, 388, 1)
[04:53:43.771934] {Default Queue}  -> wl_region#106.add(16, 6, 531, 1)
[04:53:43.771935] {Default Queue}  -> wl_region#106.add(585, 6, 111, 1)
[04:53:43.771935] {Default Queue}  -> wl_region#106.add(874, 6, 390, 1)
[04:53:43.771936] {Default Queue}  -> wl_region#106.add(15, 7, 533, 1)
[04:53:43.771936] {Default Queue}  -> wl_region#106.add(584, 7, 113, 1)
[04:53:43.771937] {Default Queue}  -> wl_region#106.add(873, 7, 392, 1)
[04:53:43.771938] {Default Queue}  -> wl_region#106.add(14, 8, 535, 1)
[04:53:43.771938] {Default Queue}  -> wl_region#106.add(583, 8, 115, 1)
[04:53:43.771939] {Default Queue}  -> wl_region#106.add(872, 8, 394, 1)
[04:53:43.771940] {Default Queue}  -> wl_region#106.add(13, 9, 537, 1)
[04:53:43.771940] {Default Queue}  -> wl_region#106.add(582, 9, 117, 1)
[04:53:43.771941] {Default Queue}  -> wl_region#106.add(871, 9, 396, 1)
[04:53:43.771942] {Default Queue}  -> wl_region#106.add(12, 10, 539, 2)
[04:53:43.771942] {Default Queue}  -> wl_region#106.add(581, 10, 119, 2)
[04:53:43.771943] {Default Queue}  -> wl_region#106.add(870, 10, 398, 2)
[04:53:43.771943] {Default Queue}  -> wl_region#106.add(11, 12, 541, 5)
[04:53:43.771944] {Default Queue}  -> wl_region#106.add(580, 12, 121, 5)
[04:53:43.771945] {Default Queue}  -> wl_region#106.add(869, 12, 400, 5)
[04:53:43.771945] {Default Queue}  -> wl_region#106.add(10, 17, 543, 14)
[04:53:43.771946] {Default Queue}  -> wl_region#106.add(579, 17, 123, 14)
[04:53:43.771946] {Default Queue}  -> wl_region#106.add(868, 17, 402, 14)
[04:53:43.771947] {Default Queue}  -> wl_region#106.add(11, 31, 541, 5)
[04:53:43.771948] {Default Queue}  -> wl_region#106.add(580, 31, 121, 5)
[04:53:43.771948] {Default Queue}  -> wl_region#106.add(869, 31, 400, 5)
[04:53:43.771949] {Default Queue}  -> wl_region#106.add(12, 36, 539, 2)
[04:53:43.771949] {Default Queue}  -> wl_region#106.add(581, 36, 119, 2)
[04:53:43.771950] {Default Queue}  -> wl_region#106.add(870, 36, 398, 2)
[04:53:43.771950] {Default Queue}  -> wl_region#106.add(13, 38, 537, 1)
[04:53:43.771951] {Default Queue}  -> wl_region#106.add(582, 38, 117, 1)
[04:53:43.771952] {Default Queue}  -> wl_region#106.add(871, 38, 396, 1)
[04:53:43.771952] {Default Queue}  -> wl_region#106.add(14, 39, 535, 1)
[04:53:43.771953] {Default Queue}  -> wl_region#106.add(583, 39, 115, 1)
[04:53:43.771953] {Default Queue}  -> wl_region#106.add(872, 39, 394, 1)
[04:53:43.771954] {Default Queue}  -> wl_region#106.add(15, 40, 533, 1)
[04:53:43.771955] {Default Queue}  -> wl_region#106.add(584, 40, 113, 1)
[04:53:43.771955] {Default Queue}  -> wl_region#106.add(873, 40, 392, 1)
[04:53:43.771956] {Default Queue}  -> wl_region#106.add(16, 41, 531, 1)
[04:53:43.771956] {Default Queue}  -> wl_region#106.add(585, 41, 111, 1)
[04:53:43.771957] {Default Queue}  -> wl_region#106.add(874, 41, 390, 1)
[04:53:43.771957] {Default Queue}  -> wl_region#106.add(17, 42, 529, 1)
[04:53:43.771958] {Default Queue}  -> wl_region#106.add(586, 42, 109, 1)
[04:53:43.771959] {Default Queue}  -> wl_region#106.add(875, 42, 388, 1)
[04:53:43.771959] {Default Queue}  -> wl_region#106.add(19, 43, 525, 1)
[04:53:43.771960] {Default Queue}  -> wl_region#106.add(588, 43, 105, 1)
[04:53:43.771960] {Default Queue}  -> wl_region#106.add(877, 43, 384, 1)
[04:53:43.771961] {Default Queue}  -> ext_background_effect_surface_v1#112.set_blur_region(wl_region#106)
[04:53:43.771962] {Default Queue}  -> wl_region#106.destroy()
[04:53:43.772483] {Default Queue}  -> wl_shm#5.create_pool(new id wl_shm_pool#89, fd 16, 3440640)
[04:53:43.772487] {Default Queue}  -> wl_shm_pool#89.create_buffer(new id wl_buffer#109, 0, 1280, 672, 5120, 0)
[04:53:43.773271] {Default Queue}  -> wl_compositor#4.create_region(new id wl_region#121)
[04:53:43.773274] {Default Queue}  -> wl_region#121.add(377, 90, 526, 54)
[04:53:43.773275]  -> wl_surface#118.set_opaque_region(wl_region#121)
[04:53:43.773276] {Default Queue}  -> wl_region#121.destroy()
[04:53:43.773277] {Default Queue}  -> wp_viewport#110.set_destination(1280, 672)
[04:53:43.773279]  -> wl_surface#118.attach(wl_buffer#109, 0, 0)
[04:53:43.773280]  -> wl_surface#118.damage_buffer(0, 0, 1280, 672)
[04:53:43.773281]  -> wl_surface#118.frame(new id wl_callback#111)
[04:53:43.773282] {Default Queue}  -> wp_presentation#23.feedback(wl_surface#118, new id wp_presentation_feedback#88)
[04:53:43.773283]  -> wl_surface#118.commit()
[04:53:43.773287] {Default Queue}  -> wl_compositor#46.create_region(new id wl_region#113)
[04:53:43.773315] {Default Queue}  -> wl_region#113.add(339, 36, 602, 1)
[04:53:43.773316] {Default Queue}  -> wl_region#113.add(337, 37, 606, 1)
[04:53:43.773317] {Default Queue}  -> wl_region#113.add(336, 38, 608, 1)
[04:53:43.773318] {Default Queue}  -> wl_region#113.add(335, 39, 610, 1)
[04:53:43.773318] {Default Queue}  -> wl_region#113.add(334, 40, 612, 1)
[04:53:43.773319] {Default Queue}  -> wl_region#113.add(333, 41, 614, 1)
[04:53:43.773319] {Default Queue}  -> wl_region#113.add(332, 42, 616, 2)
[04:53:43.773320] {Default Queue}  -> wl_region#113.add(331, 44, 618, 5)
[04:53:43.773321] {Default Queue}  -> wl_region#113.add(330, 49, 620, 574)
[04:53:43.773322] {Default Queue}  -> wl_region#113.add(331, 623, 618, 5)
[04:53:43.773322] {Default Queue}  -> wl_region#113.add(332, 628, 616, 2)
[04:53:43.773323] {Default Queue}  -> wl_region#113.add(333, 630, 614, 1)
[04:53:43.773324] {Default Queue}  -> wl_region#113.add(334, 631, 612, 1)
[04:53:43.773324] {Default Queue}  -> wl_region#113.add(335, 632, 610, 1)
[04:53:43.773325] {Default Queue}  -> wl_region#113.add(336, 633, 608, 1)
[04:53:43.773326] {Default Queue}  -> wl_region#113.add(337, 634, 606, 1)
[04:53:43.773326] {Default Queue}  -> wl_region#113.add(339, 635, 602, 1)
[04:53:43.773327] {Default Queue}  -> ext_background_effect_surface_v1#100.set_blur_region(wl_region#113)
[04:53:43.773328] {Default Queue}  -> wl_region#113.destroy()
[04:53:43.773341] {Display Queue} wl_display#1.delete_id(94)
[04:53:43.773343] {Display Queue} wl_display#1.delete_id(106)
[04:53:43.773343] {Display Queue} wl_display#1.delete_id(119)
[04:53:43.773344] {Display Queue} wl_display#1.delete_id(93)
[04:53:43.773345] {Default Queue} wl_buffer#108.release()
[04:53:43.773345] {Default Queue} wl_callback#119.done(56397388)
[04:53:43.773349] {Default Queue} wp_presentation_feedback#93.sync_output(wl_output#59)
[04:53:43.773350] {Default Queue} wp_presentation_feedback#93.sync_output(wl_output#34)
[04:53:43.773350] {Default Queue} wp_presentation_feedback#93.presented(0, 56397, 388632734, 0, 0, 0, 0)
info: event=launcher-results count=112 shown=112 publish_us=4038
[04:53:43.775727] {Display Queue} wl_display#1.delete_id(121)
[04:53:43.775728] {Display Queue} wl_display#1.delete_id(113)
[04:53:43.775729] {Default Queue} zwlr_layer_surface_v1#70.configure(111, 1280, 48)
[04:53:43.775732] {Default Queue}  -> zwlr_layer_surface_v1#70.ack_configure(111)
[04:53:43.775733] {Default Queue} zwlr_layer_surface_v1#64.configure(112, 1280, 720)
[04:53:43.775734] {Default Queue}  -> zwlr_layer_surface_v1#64.ack_configure(112)
[04:53:43.775734] {Default Queue} zwlr_layer_surface_v1#75.configure(113, 88, 2)
[04:53:43.775736] {Default Queue}  -> zwlr_layer_surface_v1#75.ack_configure(113)
[04:53:43.775736] {Default Queue} zwlr_layer_surface_v1#122.configure(114, 1280, 672)
[04:53:43.775737] {Default Queue}  -> zwlr_layer_surface_v1#122.ack_configure(114)
[04:53:43.775738] {Default Queue} wp_fractional_scale_v1#104.preferred_scale(120)
[04:53:43.775738] {Default Queue} wl_buffer#109.release()
[04:53:43.775739] {Default Queue} wl_data_device#38.selection(nil)
[04:53:43.775742] {Default Queue} zwp_primary_selection_device_v1#37.selection(nil)
[04:53:43.775744] wl_surface#118.enter(wl_output#58)
[04:53:43.775758] wl_surface#118.enter(wl_output#31)
[04:53:43.775770] wl_surface#118.preferred_buffer_scale(1)
[04:53:43.775877] {Default Queue}  -> wl_compositor#4.create_region(new id wl_region#113)
[04:53:43.775879] {Default Queue}  -> wl_region#113.add(19, 4, 525, 1)
[04:53:43.775880] {Default Queue}  -> wl_region#113.add(588, 4, 105, 1)
[04:53:43.775881] {Default Queue}  -> wl_region#113.add(877, 4, 384, 1)
[04:53:43.775881] {Default Queue}  -> wl_region#113.add(17, 5, 529, 1)
[04:53:43.775882] {Default Queue}  -> wl_region#113.add(586, 5, 109, 1)
[04:53:43.775882] {Default Queue}  -> wl_region#113.add(875, 5, 388, 1)
[04:53:43.775883] {Default Queue}  -> wl_region#113.add(16, 6, 531, 1)
[04:53:43.775884] {Default Queue}  -> wl_region#113.add(585, 6, 111, 1)
[04:53:43.775885] {Default Queue}  -> wl_region#113.add(874, 6, 390, 1)
[04:53:43.775885] {Default Queue}  -> wl_region#113.add(15, 7, 533, 1)
[04:53:43.775886] {Default Queue}  -> wl_region#113.add(584, 7, 113, 1)
[04:53:43.775886] {Default Queue}  -> wl_region#113.add(873, 7, 392, 1)
[04:53:43.775887] {Default Queue}  -> wl_region#113.add(14, 8, 535, 1)
[04:53:43.775888] {Default Queue}  -> wl_region#113.add(583, 8, 115, 1)
[04:53:43.775888] {Default Queue}  -> wl_region#113.add(872, 8, 394, 1)
[04:53:43.775889] {Default Queue}  -> wl_region#113.add(13, 9, 537, 1)
[04:53:43.775890] {Default Queue}  -> wl_region#113.add(582, 9, 117, 1)
[04:53:43.775890] {Default Queue}  -> wl_region#113.add(871, 9, 396, 1)
[04:53:43.775891] {Default Queue}  -> wl_region#113.add(12, 10, 539, 2)
[04:53:43.775891] {Default Queue}  -> wl_region#113.add(581, 10, 119, 2)
[04:53:43.775892] {Default Queue}  -> wl_region#113.add(870, 10, 398, 2)
[04:53:43.775893] {Default Queue}  -> wl_region#113.add(11, 12, 541, 5)
[04:53:43.775893] {Default Queue}  -> wl_region#113.add(580, 12, 121, 5)
[04:53:43.775894] {Default Queue}  -> wl_region#113.add(869, 12, 400, 5)
[04:53:43.775894] {Default Queue}  -> wl_region#113.add(10, 17, 543, 14)
[04:53:43.775895] {Default Queue}  -> wl_region#113.add(579, 17, 123, 14)
[04:53:43.775896] {Default Queue}  -> wl_region#113.add(868, 17, 402, 14)
[04:53:43.775896] {Default Queue}  -> wl_region#113.add(11, 31, 541, 5)
[04:53:43.775897] {Default Queue}  -> wl_region#113.add(580, 31, 121, 5)
[04:53:43.775897] {Default Queue}  -> wl_region#113.add(869, 31, 400, 5)
[04:53:43.775898] {Default Queue}  -> wl_region#113.add(12, 36, 539, 2)
[04:53:43.775899] {Default Queue}  -> wl_region#113.add(581, 36, 119, 2)
[04:53:43.775899] {Default Queue}  -> wl_region#113.add(870, 36, 398, 2)
[04:53:43.775900] {Default Queue}  -> wl_region#113.add(13, 38, 537, 1)
[04:53:43.775900] {Default Queue}  -> wl_region#113.add(582, 38, 117, 1)
[04:53:43.775901] {Default Queue}  -> wl_region#113.add(871, 38, 396, 1)
[04:53:43.775902] {Default Queue}  -> wl_region#113.add(14, 39, 535, 1)
[04:53:43.775902] {Default Queue}  -> wl_region#113.add(583, 39, 115, 1)
[04:53:43.775903] {Default Queue}  -> wl_region#113.add(872, 39, 394, 1)
[04:53:43.775903] {Default Queue}  -> wl_region#113.add(15, 40, 533, 1)
[04:53:43.775904] {Default Queue}  -> wl_region#113.add(584, 40, 113, 1)
[04:53:43.775905] {Default Queue}  -> wl_region#113.add(873, 40, 392, 1)
[04:53:43.775905] {Default Queue}  -> wl_region#113.add(16, 41, 531, 1)
[04:53:43.775906] {Default Queue}  -> wl_region#113.add(585, 41, 111, 1)
[04:53:43.775906] {Default Queue}  -> wl_region#113.add(874, 41, 390, 1)
[04:53:43.775907] {Default Queue}  -> wl_region#113.add(17, 42, 529, 1)
[04:53:43.775908] {Default Queue}  -> wl_region#113.add(586, 42, 109, 1)
[04:53:43.775908] {Default Queue}  -> wl_region#113.add(875, 42, 388, 1)
[04:53:43.775909] {Default Queue}  -> wl_region#113.add(19, 43, 525, 1)
[04:53:43.775909] {Default Queue}  -> wl_region#113.add(588, 43, 105, 1)
[04:53:43.775910] {Default Queue}  -> wl_region#113.add(877, 43, 384, 1)
[04:53:43.775911]  -> wl_surface#71.set_input_region(wl_region#113)
[04:53:43.775911] {Default Queue}  -> wl_region#113.destroy()
[04:53:43.775912]  -> wl_surface#71.attach(wl_buffer#108, 0, 0)
[04:53:43.775913]  -> wl_surface#71.frame(new id wl_callback#121)
[04:53:43.775914] {Default Queue}  -> wp_presentation#23.feedback(wl_surface#71, new id wp_presentation_feedback#93)
[04:53:43.775915]  -> wl_surface#71.commit()
[04:53:43.776248] {Display Queue} wl_display#1.delete_id(113)
[04:53:43.776251] {Default Queue} wl_buffer#108.release()
info: event=launcher-results count=112 shown=112 publish_us=3287
[04:53:43.779596]  -> wl_surface#66.attach(wl_buffer#92, 0, 0)
[04:53:43.779599]  -> wl_surface#66.frame(new id wl_callback#113)
[04:53:43.779600] {Default Queue}  -> wp_presentation#23.feedback(wl_surface#66, new id wp_presentation_feedback#119)
[04:53:43.779601]  -> wl_surface#66.commit()
[04:53:43.779629] {Default Queue} wl_buffer#92.release()
[04:53:43.785729]  -> wl_surface#60.commit()
[04:53:43.789397] {Display Queue} wl_display#1.delete_id(113)
[04:53:43.789403] {Display Queue} wl_display#1.delete_id(111)
[04:53:43.789404] {Display Queue} wl_display#1.delete_id(119)
[04:53:43.789405] {Display Queue} wl_display#1.delete_id(88)
[04:53:43.789406] {Default Queue} wl_callback#113.done(56397405)
[04:53:43.789409] {Default Queue} wl_callback#111.done(56397405)
[04:53:43.789412] {Default Queue} wp_presentation_feedback#119.sync_output(wl_output#58)
[04:53:43.789414] {Default Queue} wp_presentation_feedback#119.sync_output(wl_output#31)
[04:53:43.789415] {Default Queue} wp_presentation_feedback#119.presented(0, 56397, 405140356, 0, 0, 0, 0)
[04:53:43.789418] {Default Queue} wp_presentation_feedback#88.sync_output(wl_output#58)
[04:53:43.789418] {Default Queue} wp_presentation_feedback#88.sync_output(wl_output#31)
[04:53:43.789419] {Default Queue} wp_presentation_feedback#88.presented(0, 56397, 405140356, 0, 0, 0, 0)
[04:53:43.789421] wl_surface#118.preferred_buffer_transform(0)
[04:53:43.798239] {Default Queue}  -> wl_compositor#4.create_region(new id wl_region#88)
[04:53:43.798244] {Default Queue}  -> wl_region#88.add(365, 158, 550, 62)
[04:53:43.798246]  -> wl_surface#118.set_opaque_region(wl_region#88)
[04:53:43.798248] {Default Queue}  -> wl_region#88.destroy()
[04:53:43.798249]  -> wl_surface#118.attach(wl_buffer#109, 0, 0)
[04:53:43.798250]  -> wl_surface#118.damage_buffer(346, 86, 588, 62)
[04:53:43.798251]  -> wl_surface#118.damage_buffer(353, 158, 574, 426)
[04:53:43.798252]  -> wl_surface#118.damage_buffer(351, 600, 285, 15)
[04:53:43.798253]  -> wl_surface#118.frame(new id wl_callback#119)
[04:53:43.798254] {Default Queue}  -> wp_presentation#23.feedback(wl_surface#118, new id wp_presentation_feedback#111)
[04:53:43.798256]  -> wl_surface#118.commit()
info: event=launcher-painted latency_us=22026
[04:53:43.798286] {Display Queue} wl_display#1.delete_id(121)
[04:53:43.798288] {Display Queue} wl_display#1.delete_id(93)
[04:53:43.798288] {Default Queue} wl_callback#121.done(56397405)
[04:53:43.798293] {Default Queue} wp_presentation_feedback#93.sync_output(wl_output#59)
[04:53:43.798294] {Default Queue} wp_presentation_feedback#93.sync_output(wl_output#34)
[04:53:43.798295] {Default Queue} wp_presentation_feedback#93.presented(0, 56397, 405297267, 0, 0, 0, 0)
[04:53:43.798354]  -> wl_surface#65.attach(wl_buffer#99, 0, 0)
[04:53:43.798355]  -> wl_surface#65.frame(new id wl_callback#93)
[04:53:43.798356] {Default Queue}  -> wp_presentation#23.feedback(wl_surface#65, new id wp_presentation_feedback#121)
[04:53:43.798357]  -> wl_surface#65.commit()
[04:53:43.798477]  -> wl_surface#71.attach(wl_buffer#108, 0, 0)
[04:53:43.798478]  -> wl_surface#71.damage_buffer(4, 4, 555, 40)
[04:53:43.798479]  -> wl_surface#71.frame(new id wl_callback#113)
[04:53:43.798480] {Default Queue}  -> wp_presentation#23.feedback(wl_surface#71, new id wp_presentation_feedback#106)
[04:53:43.798481]  -> wl_surface#71.commit()
[04:53:43.798500] {Default Queue}  -> wl_compositor#46.create_region(new id wl_region#94)
[04:53:43.798514] {Default Queue}  -> wl_region#94.add(19, 4, 504, 1)
[04:53:43.798515] {Default Queue}  -> wl_region#94.add(588, 4, 105, 1)
[04:53:43.798516] {Default Queue}  -> wl_region#94.add(877, 4, 384, 1)
[04:53:43.798517] {Default Queue}  -> wl_region#94.add(17, 5, 508, 1)
[04:53:43.798517] {Default Queue}  -> wl_region#94.add(586, 5, 109, 1)
[04:53:43.798518] {Default Queue}  -> wl_region#94.add(875, 5, 388, 1)
[04:53:43.798519] {Default Queue}  -> wl_region#94.add(16, 6, 510, 1)
[04:53:43.798519] {Default Queue}  -> wl_region#94.add(585, 6, 111, 1)
[04:53:43.798520] {Default Queue}  -> wl_region#94.add(874, 6, 390, 1)
[04:53:43.798520] {Default Queue}  -> wl_region#94.add(15, 7, 512, 1)
[04:53:43.798521] {Default Queue}  -> wl_region#94.add(584, 7, 113, 1)
[04:53:43.798522] {Default Queue}  -> wl_region#94.add(873, 7, 392, 1)
[04:53:43.798522] {Default Queue}  -> wl_region#94.add(14, 8, 514, 1)
[04:53:43.798523] {Default Queue}  -> wl_region#94.add(583, 8, 115, 1)
[04:53:43.798524] {Default Queue}  -> wl_region#94.add(872, 8, 394, 1)
[04:53:43.798524] {Default Queue}  -> wl_region#94.add(13, 9, 516, 1)
[04:53:43.798525] {Default Queue}  -> wl_region#94.add(582, 9, 117, 1)
[04:53:43.798525] {Default Queue}  -> wl_region#94.add(871, 9, 396, 1)
[04:53:43.798526] {Default Queue}  -> wl_region#94.add(12, 10, 518, 2)
[04:53:43.798527] {Default Queue}  -> wl_region#94.add(581, 10, 119, 2)
[04:53:43.798528] {Default Queue}  -> wl_region#94.add(870, 10, 398, 2)
[04:53:43.798529] {Default Queue}  -> wl_region#94.add(11, 12, 520, 5)
[04:53:43.798530] {Default Queue}  -> wl_region#94.add(580, 12, 121, 5)
[04:53:43.798530] {Default Queue}  -> wl_region#94.add(869, 12, 400, 5)
[04:53:43.798531] {Default Queue}  -> wl_region#94.add(10, 17, 522, 14)
[04:53:43.798531] {Default Queue}  -> wl_region#94.add(579, 17, 123, 14)
[04:53:43.798532] {Default Queue}  -> wl_region#94.add(868, 17, 402, 14)
[04:53:43.798533] {Default Queue}  -> wl_region#94.add(11, 31, 520, 5)
[04:53:43.798533] {Default Queue}  -> wl_region#94.add(580, 31, 121, 5)
[04:53:43.798534] {Default Queue}  -> wl_region#94.add(869, 31, 400, 5)
[04:53:43.798534] {Default Queue}  -> wl_region#94.add(12, 36, 518, 2)
[04:53:43.798535] {Default Queue}  -> wl_region#94.add(581, 36, 119, 2)
[04:53:43.798536] {Default Queue}  -> wl_region#94.add(870, 36, 398, 2)
[04:53:43.798536] {Default Queue}  -> wl_region#94.add(13, 38, 516, 1)
[04:53:43.798537] {Default Queue}  -> wl_region#94.add(582, 38, 117, 1)
[04:53:43.798537] {Default Queue}  -> wl_region#94.add(871, 38, 396, 1)
[04:53:43.798538] {Default Queue}  -> wl_region#94.add(14, 39, 514, 1)
[04:53:43.798539] {Default Queue}  -> wl_region#94.add(583, 39, 115, 1)
[04:53:43.798539] {Default Queue}  -> wl_region#94.add(872, 39, 394, 1)
[04:53:43.798540] {Default Queue}  -> wl_region#94.add(15, 40, 512, 1)
[04:53:43.798540] {Default Queue}  -> wl_region#94.add(584, 40, 113, 1)
[04:53:43.798541] {Default Queue}  -> wl_region#94.add(873, 40, 392, 1)
[04:53:43.798542] {Default Queue}  -> wl_region#94.add(16, 41, 510, 1)
[04:53:43.798542] {Default Queue}  -> wl_region#94.add(585, 41, 111, 1)
[04:53:43.798543] {Default Queue}  -> wl_region#94.add(874, 41, 390, 1)
[04:53:43.798543] {Default Queue}  -> wl_region#94.add(17, 42, 508, 1)
[04:53:43.798544] {Default Queue}  -> wl_region#94.add(586, 42, 109, 1)
[04:53:43.798545] {Default Queue}  -> wl_region#94.add(875, 42, 388, 1)
[04:53:43.798545] {Default Queue}  -> wl_region#94.add(19, 43, 504, 1)
[04:53:43.798546] {Default Queue}  -> wl_region#94.add(588, 43, 105, 1)
[04:53:43.798546] {Default Queue}  -> wl_region#94.add(877, 43, 384, 1)
[04:53:43.798547] {Default Queue}  -> ext_background_effect_surface_v1#112.set_blur_region(wl_region#94)
[04:53:43.798548] {Default Queue}  -> wl_region#94.destroy()
[04:53:43.798558] {Display Queue} wl_display#1.delete_id(88)
[04:53:43.798559] {Default Queue} wl_buffer#109.release()
[04:53:43.798590] {Display Queue} wl_display#1.delete_id(94)
[04:53:43.798591] {Default Queue} wl_buffer#99.release()
[04:53:43.798592] {Default Queue} wl_buffer#108.release()
[04:53:43.805593] {Display Queue} wl_display#1.delete_id(93)
[04:53:43.805598] {Display Queue} wl_display#1.delete_id(119)
[04:53:43.805599] {Display Queue} wl_display#1.delete_id(121)
[04:53:43.805600] {Display Queue} wl_display#1.delete_id(111)
[04:53:43.805601] {Default Queue} wl_callback#93.done(56397421)
[04:53:43.805605] {Default Queue} wl_callback#119.done(56397421)
[04:53:43.805608] {Default Queue} wp_presentation_feedback#121.sync_output(wl_output#58)
[04:53:43.805610] {Default Queue} wp_presentation_feedback#121.sync_output(wl_output#31)
[04:53:43.805611] {Default Queue} wp_presentation_feedback#121.presented(0, 56397, 421364095, 0, 0, 0, 0)
[04:53:43.805613] {Default Queue} wp_presentation_feedback#111.sync_output(wl_output#58)
[04:53:43.805614] {Default Queue} wp_presentation_feedback#111.sync_output(wl_output#31)
[04:53:43.805615] {Default Queue} wp_presentation_feedback#111.presented(0, 56397, 421364095, 0, 0, 0, 0)
[04:53:43.806132]  -> wl_surface#118.attach(wl_buffer#109, 0, 0)
[04:53:43.806135]  -> wl_surface#118.damage_buffer(346, 86, 588, 62)
[04:53:43.806137]  -> wl_surface#118.frame(new id wl_callback#111)
[04:53:43.806138] {Default Queue}  -> wp_presentation#23.feedback(wl_surface#118, new id wp_presentation_feedback#121)
[04:53:43.806140]  -> wl_surface#118.commit()
[04:53:43.806155] {Display Queue} wl_display#1.delete_id(113)
[04:53:43.806156] {Display Queue} wl_display#1.delete_id(106)
[04:53:43.806156] {Default Queue} wl_callback#113.done(56397421)
[04:53:43.806159] {Default Queue} wp_presentation_feedback#106.sync_output(wl_output#59)
[04:53:43.806159] {Default Queue} wp_presentation_feedback#106.sync_output(wl_output#34)
[04:53:43.806160] {Default Queue} wp_presentation_feedback#106.presented(0, 56397, 421469986, 0, 0, 0, 0)
[04:53:43.806202] {Default Queue}  -> wl_compositor#4.create_region(new id wl_region#106)
[04:53:43.806203] {Default Queue}  -> wl_region#106.add(19, 4, 504, 1)
[04:53:43.806204] {Default Queue}  -> wl_region#106.add(588, 4, 105, 1)
[04:53:43.806205] {Default Queue}  -> wl_region#106.add(877, 4, 384, 1)
[04:53:43.806210] {Default Queue}  -> wl_region#106.add(17, 5, 508, 1)
[04:53:43.806211] {Default Queue}  -> wl_region#106.add(586, 5, 109, 1)
[04:53:43.806211] {Default Queue}  -> wl_region#106.add(875, 5, 388, 1)
[04:53:43.806212] {Default Queue}  -> wl_region#106.add(16, 6, 510, 1)
[04:53:43.806212] {Default Queue}  -> wl_region#106.add(585, 6, 111, 1)
[04:53:43.806213] {Default Queue}  -> wl_region#106.add(874, 6, 390, 1)
[04:53:43.806214] {Default Queue}  -> wl_region#106.add(15, 7, 512, 1)
[04:53:43.806214] {Default Queue}  -> wl_region#106.add(584, 7, 113, 1)
[04:53:43.806215] {Default Queue}  -> wl_region#106.add(873, 7, 392, 1)
[04:53:43.806215] {Default Queue}  -> wl_region#106.add(14, 8, 514, 1)
[04:53:43.806216] {Default Queue}  -> wl_region#106.add(583, 8, 115, 1)
[04:53:43.806217] {Default Queue}  -> wl_region#106.add(872, 8, 394, 1)
[04:53:43.806217] {Default Queue}  -> wl_region#106.add(13, 9, 516, 1)
[04:53:43.806218] {Default Queue}  -> wl_region#106.add(582, 9, 117, 1)
[04:53:43.806218] {Default Queue}  -> wl_region#106.add(871, 9, 396, 1)
[04:53:43.806219] {Default Queue}  -> wl_region#106.add(12, 10, 518, 2)
[04:53:43.806220] {Default Queue}  -> wl_region#106.add(581, 10, 119, 2)
[04:53:43.806220] {Default Queue}  -> wl_region#106.add(870, 10, 398, 2)
[04:53:43.806221] {Default Queue}  -> wl_region#106.add(11, 12, 520, 5)
[04:53:43.806222] {Default Queue}  -> wl_region#106.add(580, 12, 121, 5)
[04:53:43.806222] {Default Queue}  -> wl_region#106.add(869, 12, 400, 5)
[04:53:43.806223] {Default Queue}  -> wl_region#106.add(10, 17, 522, 14)
[04:53:43.806224] {Default Queue}  -> wl_region#106.add(579, 17, 123, 14)
[04:53:43.806224] {Default Queue}  -> wl_region#106.add(868, 17, 402, 14)
[04:53:43.806225] {Default Queue}  -> wl_region#106.add(11, 31, 520, 5)
[04:53:43.806225] {Default Queue}  -> wl_region#106.add(580, 31, 121, 5)
[04:53:43.806226] {Default Queue}  -> wl_region#106.add(869, 31, 400, 5)
[04:53:43.806227] {Default Queue}  -> wl_region#106.add(12, 36, 518, 2)
[04:53:43.806227] {Default Queue}  -> wl_region#106.add(581, 36, 119, 2)
[04:53:43.806228] {Default Queue}  -> wl_region#106.add(870, 36, 398, 2)
[04:53:43.806228] {Default Queue}  -> wl_region#106.add(13, 38, 516, 1)
[04:53:43.806229] {Default Queue}  -> wl_region#106.add(582, 38, 117, 1)
[04:53:43.806230] {Default Queue}  -> wl_region#106.add(871, 38, 396, 1)
[04:53:43.806230] {Default Queue}  -> wl_region#106.add(14, 39, 514, 1)
[04:53:43.806231] {Default Queue}  -> wl_region#106.add(583, 39, 115, 1)
[04:53:43.806231] {Default Queue}  -> wl_region#106.add(872, 39, 394, 1)
[04:53:43.806232] {Default Queue}  -> wl_region#106.add(15, 40, 512, 1)
[04:53:43.806233] {Default Queue}  -> wl_region#106.add(584, 40, 113, 1)
[04:53:43.806233] {Default Queue}  -> wl_region#106.add(873, 40, 392, 1)
[04:53:43.806234] {Default Queue}  -> wl_region#106.add(16, 41, 510, 1)
[04:53:43.806235] {Default Queue}  -> wl_region#106.add(585, 41, 111, 1)
[04:53:43.806235] {Default Queue}  -> wl_region#106.add(874, 41, 390, 1)
[04:53:43.806236] {Default Queue}  -> wl_region#106.add(17, 42, 508, 1)
[04:53:43.806237] {Default Queue}  -> wl_region#106.add(586, 42, 109, 1)
[04:53:43.806237] {Default Queue}  -> wl_region#106.add(875, 42, 388, 1)
[04:53:43.806238] {Default Queue}  -> wl_region#106.add(19, 43, 504, 1)
[04:53:43.806238] {Default Queue}  -> wl_region#106.add(588, 43, 105, 1)
[04:53:43.806239] {Default Queue}  -> wl_region#106.add(877, 43, 384, 1)
[04:53:43.806240]  -> wl_surface#71.set_input_region(wl_region#106)
[04:53:43.806240] {Default Queue}  -> wl_region#106.destroy()
[04:53:43.806241]  -> wl_surface#71.attach(wl_buffer#108, 0, 0)
[04:53:43.806242]  -> wl_surface#71.frame(new id wl_callback#113)
[04:53:43.806243] {Default Queue}  -> wp_presentation#23.feedback(wl_surface#71, new id wp_presentation_feedback#119)
[04:53:43.806244]  -> wl_surface#71.commit()
[04:53:43.806253] {Default Queue} wl_buffer#109.release()
[04:53:43.806299] {Display Queue} wl_display#1.delete_id(106)
[04:53:43.806301] {Default Queue} wl_buffer#108.release()
[04:53:43.821773] {Display Queue} wl_display#1.delete_id(111)
[04:53:43.821775] {Display Queue} wl_display#1.delete_id(121)
[04:53:43.821775] {Default Queue} wl_callback#111.done(56397437)
[04:53:43.821778] {Default Queue} wp_presentation_feedback#121.sync_output(wl_output#58)
[04:53:43.821779] {Default Queue} wp_presentation_feedback#121.sync_output(wl_output#31)
[04:53:43.821779] {Default Queue} wp_presentation_feedback#121.presented(0, 56397, 437552414, 0, 0, 0, 0)
[04:53:43.822067]  -> wl_surface#118.attach(wl_buffer#109, 0, 0)
[04:53:43.822069]  -> wl_surface#118.damage_buffer(346, 86, 588, 62)
[04:53:43.822071]  -> wl_surface#118.frame(new id wl_callback#121)
[04:53:43.822072] {Default Queue}  -> wp_presentation#23.feedback(wl_surface#118, new id wp_presentation_feedback#111)
[04:53:43.822073]  -> wl_surface#118.commit()
[04:53:43.822083] {Display Queue} wl_display#1.delete_id(113)
[04:53:43.822084] {Display Queue} wl_display#1.delete_id(119)
[04:53:43.822085] {Default Queue} wl_callback#113.done(56397437)
[04:53:43.822086] {Default Queue} wp_presentation_feedback#119.sync_output(wl_output#59)
[04:53:43.822087] {Default Queue} wp_presentation_feedback#119.sync_output(wl_output#34)
[04:53:43.822087] {Default Queue} wp_presentation_feedback#119.presented(0, 56397, 437624674, 0, 0, 0, 0)
[04:53:43.822134] {Default Queue} wl_buffer#109.release()
[04:53:43.837986] {Display Queue} wl_display#1.delete_id(121)
[04:53:43.837988] {Display Queue} wl_display#1.delete_id(111)
[04:53:43.837988] {Default Queue} wl_callback#121.done(56397453)
[04:53:43.837991] {Default Queue} wp_presentation_feedback#111.sync_output(wl_output#58)
[04:53:43.837991] {Default Queue} wp_presentation_feedback#111.sync_output(wl_output#31)
[04:53:43.837992] {Default Queue} wp_presentation_feedback#111.presented(0, 56397, 453768053, 0, 0, 0, 0)
[04:53:43.838242]  -> wl_surface#118.attach(wl_buffer#109, 0, 0)
[04:53:43.838244]  -> wl_surface#118.damage_buffer(346, 86, 588, 62)
[04:53:43.838245]  -> wl_surface#118.frame(new id wl_callback#111)
[04:53:43.838247] {Default Queue}  -> wp_presentation#23.feedback(wl_surface#118, new id wp_presentation_feedback#121)
[04:53:43.838248]  -> wl_surface#118.commit()
[04:53:43.838288] {Default Queue} wl_buffer#109.release()
[04:53:43.854113] {Display Queue} wl_display#1.delete_id(111)
[04:53:43.854116] {Display Queue} wl_display#1.delete_id(121)
[04:53:43.854117] {Default Queue} wl_callback#111.done(56397469)
[04:53:43.854120] {Default Queue} wp_presentation_feedback#121.sync_output(wl_output#58)
[04:53:43.854121] {Default Queue} wp_presentation_feedback#121.sync_output(wl_output#31)
[04:53:43.854122] {Default Queue} wp_presentation_feedback#121.presented(0, 56397, 469882130, 0, 0, 0, 0)
[04:53:43.854396]  -> wl_surface#118.attach(wl_buffer#109, 0, 0)
[04:53:43.854398]  -> wl_surface#118.damage_buffer(346, 86, 588, 62)
[04:53:43.854400]  -> wl_surface#118.frame(new id wl_callback#121)
[04:53:43.854401] {Default Queue}  -> wp_presentation#23.feedback(wl_surface#118, new id wp_presentation_feedback#111)
[04:53:43.854402]  -> wl_surface#118.commit()
[04:53:43.854439] {Default Queue} wl_buffer#109.release()
[04:53:43.870349] {Display Queue} wl_display#1.delete_id(121)
[04:53:43.870356] {Display Queue} wl_display#1.delete_id(111)
[04:53:43.870358] {Default Queue} wl_callback#121.done(56397486)
[04:53:43.870366] {Default Queue} wp_presentation_feedback#111.sync_output(wl_output#58)
[04:53:43.870367] {Default Queue} wp_presentation_feedback#111.sync_output(wl_output#31)
[04:53:43.870368] {Default Queue} wp_presentation_feedback#111.presented(0, 56397, 486116890, 0, 0, 0, 0)
[04:53:43.870912]  -> wl_surface#118.attach(wl_buffer#109, 0, 0)
[04:53:43.870916]  -> wl_surface#118.damage_buffer(346, 86, 588, 62)
[04:53:43.870918]  -> wl_surface#118.frame(new id wl_callback#111)
[04:53:43.870921] {Default Queue}  -> wp_presentation#23.feedback(wl_surface#118, new id wp_presentation_feedback#121)
[04:53:43.870922]  -> wl_surface#118.commit()
[04:53:43.870987] {Default Queue} wl_buffer#109.release()
[04:53:43.873245] {Default Queue}  -> zwlr_layer_surface_v1#70.set_exclusive_zone(80)
[04:53:43.873276] {Default Queue}  -> wl_buffer#92.destroy()
[04:53:43.873278] {Default Queue}  -> wl_shm_pool#91.destroy()
[04:53:43.873496] {Default Queue}  -> wl_shm#5.create_pool(new id wl_shm_pool#119, fd 16, 409600)
[04:53:43.873499] {Default Queue}  -> wl_shm_pool#119.create_buffer(new id wl_buffer#113, 0, 1280, 80, 5120, 0)
[04:53:43.873774] {Default Queue}  -> zwlr_layer_surface_v1#70.set_size(0, 80)
[04:53:43.873777] {Default Queue}  -> wl_compositor#4.create_region(new id wl_region#106)
[04:53:43.873778] {Default Queue}  -> wl_region#106.add(56, 27, 46, 26)
[04:53:43.873779]  -> wl_surface#66.set_opaque_region(wl_region#106)
[04:53:43.873780] {Default Queue}  -> wl_region#106.destroy()
[04:53:43.873781] {Default Queue}  -> wp_viewport#68.set_destination(1280, 80)
[04:53:43.873782]  -> wl_surface#66.attach(wl_buffer#113, 0, 0)
[04:53:43.873783]  -> wl_surface#66.damage_buffer(0, 0, 1280, 80)
[04:53:43.873784]  -> wl_surface#66.frame(new id wl_callback#93)
[04:53:43.873785] {Default Queue}  -> wp_presentation#23.feedback(wl_surface#66, new id wp_presentation_feedback#94)
[04:53:43.873787]  -> wl_surface#66.commit()
[04:53:43.873830] {Default Queue}  -> wl_compositor#46.create_region(new id wl_region#88)
[04:53:43.873850] {Default Queue}  -> wl_region#88.add(19, 4, 504, 1)
[04:53:43.873852] {Default Queue}  -> wl_region#88.add(588, 4, 105, 1)
[04:53:43.873852] {Default Queue}  -> wl_region#88.add(877, 4, 384, 1)
[04:53:43.873853] {Default Queue}  -> wl_region#88.add(17, 5, 508, 1)
[04:53:43.873854] {Default Queue}  -> wl_region#88.add(586, 5, 109, 1)
[04:53:43.873854] {Default Queue}  -> wl_region#88.add(875, 5, 388, 1)
[04:53:43.873855] {Default Queue}  -> wl_region#88.add(16, 6, 510, 1)
[04:53:43.873856] {Default Queue}  -> wl_region#88.add(585, 6, 111, 1)
[04:53:43.873856] {Default Queue}  -> wl_region#88.add(874, 6, 390, 1)
[04:53:43.873857] {Default Queue}  -> wl_region#88.add(15, 7, 512, 1)
[04:53:43.873858] {Default Queue}  -> wl_region#88.add(584, 7, 113, 1)
[04:53:43.873858] {Default Queue}  -> wl_region#88.add(873, 7, 392, 1)
[04:53:43.873859] {Default Queue}  -> wl_region#88.add(14, 8, 514, 1)
[04:53:43.873859] {Default Queue}  -> wl_region#88.add(583, 8, 115, 1)
[04:53:43.873860] {Default Queue}  -> wl_region#88.add(872, 8, 394, 1)
[04:53:43.873861] {Default Queue}  -> wl_region#88.add(13, 9, 516, 1)
[04:53:43.873861] {Default Queue}  -> wl_region#88.add(582, 9, 117, 1)
[04:53:43.873862] {Default Queue}  -> wl_region#88.add(871, 9, 396, 1)
[04:53:43.873863] {Default Queue}  -> wl_region#88.add(12, 10, 518, 2)
[04:53:43.873863] {Default Queue}  -> wl_region#88.add(581, 10, 119, 2)
[04:53:43.873864] {Default Queue}  -> wl_region#88.add(870, 10, 398, 2)
[04:53:43.873865] {Default Queue}  -> wl_region#88.add(11, 12, 520, 5)
[04:53:43.873865] {Default Queue}  -> wl_region#88.add(580, 12, 121, 5)
[04:53:43.873866] {Default Queue}  -> wl_region#88.add(869, 12, 400, 5)
[04:53:43.873867] {Default Queue}  -> wl_region#88.add(10, 17, 522, 46)
[04:53:43.873867] {Default Queue}  -> wl_region#88.add(579, 17, 123, 46)
[04:53:43.873868] {Default Queue}  -> wl_region#88.add(868, 17, 402, 46)
[04:53:43.873868] {Default Queue}  -> wl_region#88.add(11, 63, 520, 5)
[04:53:43.873869] {Default Queue}  -> wl_region#88.add(580, 63, 121, 5)
[04:53:43.873870] {Default Queue}  -> wl_region#88.add(869, 63, 400, 5)
[04:53:43.873870] {Default Queue}  -> wl_region#88.add(12, 68, 518, 2)
[04:53:43.873871] {Default Queue}  -> wl_region#88.add(581, 68, 119, 2)
[04:53:43.873871] {Default Queue}  -> wl_region#88.add(870, 68, 398, 2)
[04:53:43.873872] {Default Queue}  -> wl_region#88.add(13, 70, 516, 1)
[04:53:43.873873] {Default Queue}  -> wl_region#88.add(582, 70, 117, 1)
[04:53:43.873873] {Default Queue}  -> wl_region#88.add(871, 70, 396, 1)
[04:53:43.873874] {Default Queue}  -> wl_region#88.add(14, 71, 514, 1)
[04:53:43.873875] {Default Queue}  -> wl_region#88.add(583, 71, 115, 1)
[04:53:43.873875] {Default Queue}  -> wl_region#88.add(872, 71, 394, 1)
[04:53:43.873876] {Default Queue}  -> wl_region#88.add(15, 72, 512, 1)
[04:53:43.873876] {Default Queue}  -> wl_region#88.add(584, 72, 113, 1)
[04:53:43.873877] {Default Queue}  -> wl_region#88.add(873, 72, 392, 1)
[04:53:43.873878] {Default Queue}  -> wl_region#88.add(16, 73, 510, 1)
[04:53:43.873878] {Default Queue}  -> wl_region#88.add(585, 73, 111, 1)
[04:53:43.873879] {Default Queue}  -> wl_region#88.add(874, 73, 390, 1)
[04:53:43.873879] {Default Queue}  -> wl_region#88.add(17, 74, 508, 1)
[04:53:43.873880] {Default Queue}  -> wl_region#88.add(586, 74, 109, 1)
[04:53:43.873881] {Default Queue}  -> wl_region#88.add(875, 74, 388, 1)
[04:53:43.873881] {Default Queue}  -> wl_region#88.add(19, 75, 504, 1)
[04:53:43.873882] {Default Queue}  -> wl_region#88.add(588, 75, 105, 1)
[04:53:43.873882] {Default Queue}  -> wl_region#88.add(877, 75, 384, 1)
[04:53:43.873883] {Default Queue}  -> ext_background_effect_surface_v1#96.set_blur_region(wl_region#88)
[04:53:43.873884] {Default Queue}  -> wl_region#88.destroy()
[04:53:43.874292] {Display Queue} wl_display#1.delete_id(92)
[04:53:43.874294] {Display Queue} wl_display#1.delete_id(91)
[04:53:43.874295] {Display Queue} wl_display#1.delete_id(106)
[04:53:43.874295] {Display Queue} wl_display#1.delete_id(88)
[04:53:43.874296] {Default Queue} zwlr_layer_surface_v1#70.configure(121, 1280, 80)
[04:53:43.874299] {Default Queue}  -> zwlr_layer_surface_v1#70.ack_configure(121)
[04:53:43.874300] {Default Queue} zwlr_layer_surface_v1#64.configure(122, 1280, 720)
[04:53:43.874303] {Default Queue}  -> zwlr_layer_surface_v1#64.ack_configure(122)
[04:53:43.874303] {Default Queue} zwlr_layer_surface_v1#75.configure(123, 88, 2)
[04:53:43.874307] {Default Queue}  -> zwlr_layer_surface_v1#75.ack_configure(123)
[04:53:43.874308] {Default Queue} zwlr_layer_surface_v1#122.configure(124, 1280, 640)
[04:53:43.874309] {Default Queue}  -> zwlr_layer_surface_v1#122.ack_configure(124)
[04:53:43.874310] {Default Queue} wl_buffer#113.release()
[04:53:43.874319]  -> wl_surface#60.commit()
[04:53:43.874325]  -> wl_surface#65.commit()
info: event=launcher-results count=112 shown=112 publish_us=4695
[04:53:43.886695] {Display Queue} wl_display#1.delete_id(93)
[04:53:43.886701] {Display Queue} wl_display#1.delete_id(111)
[04:53:43.886702] {Display Queue} wl_display#1.delete_id(94)
[04:53:43.886703] {Display Queue} wl_display#1.delete_id(121)
[04:53:43.886704] {Default Queue} wl_callback#93.done(56397502)
[04:53:43.886708] {Default Queue} wl_callback#111.done(56397502)
[04:53:43.886709] {Default Queue} wp_presentation_feedback#94.sync_output(wl_output#58)
[04:53:43.886710] {Default Queue} wp_presentation_feedback#94.sync_output(wl_output#31)
[04:53:43.886711] {Default Queue} wp_presentation_feedback#94.presented(0, 56397, 502461230, 0, 0, 0, 0)
[04:53:43.886713] {Default Queue} wp_presentation_feedback#121.sync_output(wl_output#58)
[04:53:43.886714] {Default Queue} wp_presentation_feedback#121.sync_output(wl_output#31)
[04:53:43.886715] {Default Queue} wp_presentation_feedback#121.presented(0, 56397, 502461230, 0, 0, 0, 0)
[04:53:43.886791] {Default Queue}  -> wl_compositor#4.create_region(new id wl_region#121)
[04:53:43.886793] {Default Queue}  -> wl_region#121.add(19, 4, 504, 1)
[04:53:43.886794] {Default Queue}  -> wl_region#121.add(588, 4, 105, 1)
[04:53:43.886795] {Default Queue}  -> wl_region#121.add(877, 4, 384, 1)
[04:53:43.886796] {Default Queue}  -> wl_region#121.add(17, 5, 508, 1)
[04:53:43.886797] {Default Queue}  -> wl_region#121.add(586, 5, 109, 1)
[04:53:43.886798] {Default Queue}  -> wl_region#121.add(875, 5, 388, 1)
[04:53:43.886798] {Default Queue}  -> wl_region#121.add(16, 6, 510, 1)
[04:53:43.886799] {Default Queue}  -> wl_region#121.add(585, 6, 111, 1)
[04:53:43.886799] {Default Queue}  -> wl_region#121.add(874, 6, 390, 1)
[04:53:43.886800] {Default Queue}  -> wl_region#121.add(15, 7, 512, 1)
[04:53:43.886801] {Default Queue}  -> wl_region#121.add(584, 7, 113, 1)
[04:53:43.886801] {Default Queue}  -> wl_region#121.add(873, 7, 392, 1)
[04:53:43.886802] {Default Queue}  -> wl_region#121.add(14, 8, 514, 1)
[04:53:43.886803] {Default Queue}  -> wl_region#121.add(583, 8, 115, 1)
[04:53:43.886803] {Default Queue}  -> wl_region#121.add(872, 8, 394, 1)
[04:53:43.886804] {Default Queue}  -> wl_region#121.add(13, 9, 516, 1)
[04:53:43.886804] {Default Queue}  -> wl_region#121.add(582, 9, 117, 1)
[04:53:43.886805] {Default Queue}  -> wl_region#121.add(871, 9, 396, 1)
[04:53:43.886806] {Default Queue}  -> wl_region#121.add(12, 10, 518, 2)
[04:53:43.886806] {Default Queue}  -> wl_region#121.add(581, 10, 119, 2)
[04:53:43.886807] {Default Queue}  -> wl_region#121.add(870, 10, 398, 2)
[04:53:43.886807] {Default Queue}  -> wl_region#121.add(11, 12, 520, 5)
[04:53:43.886808] {Default Queue}  -> wl_region#121.add(580, 12, 121, 5)
[04:53:43.886809] {Default Queue}  -> wl_region#121.add(869, 12, 400, 5)
[04:53:43.886809] {Default Queue}  -> wl_region#121.add(10, 17, 522, 46)
[04:53:43.886810] {Default Queue}  -> wl_region#121.add(579, 17, 123, 46)
[04:53:43.886811] {Default Queue}  -> wl_region#121.add(868, 17, 402, 46)
[04:53:43.886811] {Default Queue}  -> wl_region#121.add(11, 63, 520, 5)
[04:53:43.886812] {Default Queue}  -> wl_region#121.add(580, 63, 121, 5)
[04:53:43.886812] {Default Queue}  -> wl_region#121.add(869, 63, 400, 5)
[04:53:43.886813] {Default Queue}  -> wl_region#121.add(12, 68, 518, 2)
[04:53:43.886814] {Default Queue}  -> wl_region#121.add(581, 68, 119, 2)
[04:53:43.886814] {Default Queue}  -> wl_region#121.add(870, 68, 398, 2)
[04:53:43.886815] {Default Queue}  -> wl_region#121.add(13, 70, 516, 1)
[04:53:43.886815] {Default Queue}  -> wl_region#121.add(582, 70, 117, 1)
[04:53:43.886816] {Default Queue}  -> wl_region#121.add(871, 70, 396, 1)
[04:53:43.886817] {Default Queue}  -> wl_region#121.add(14, 71, 514, 1)
[04:53:43.886817] {Default Queue}  -> wl_region#121.add(583, 71, 115, 1)
[04:53:43.886818] {Default Queue}  -> wl_region#121.add(872, 71, 394, 1)
[04:53:43.886818] {Default Queue}  -> wl_region#121.add(15, 72, 512, 1)
[04:53:43.886819] {Default Queue}  -> wl_region#121.add(584, 72, 113, 1)
[04:53:43.886820] {Default Queue}  -> wl_region#121.add(873, 72, 392, 1)
[04:53:43.886820] {Default Queue}  -> wl_region#121.add(16, 73, 510, 1)
[04:53:43.886821] {Default Queue}  -> wl_region#121.add(585, 73, 111, 1)
[04:53:43.886821] {Default Queue}  -> wl_region#121.add(874, 73, 390, 1)
[04:53:43.886822] {Default Queue}  -> wl_region#121.add(17, 74, 508, 1)
[04:53:43.886823] {Default Queue}  -> wl_region#121.add(586, 74, 109, 1)
[04:53:43.886823] {Default Queue}  -> wl_region#121.add(875, 74, 388, 1)
[04:53:43.886824] {Default Queue}  -> wl_region#121.add(19, 75, 504, 1)
[04:53:43.886824] {Default Queue}  -> wl_region#121.add(588, 75, 105, 1)
[04:53:43.886825] {Default Queue}  -> wl_region#121.add(877, 75, 384, 1)
[04:53:43.886826]  -> wl_surface#66.set_input_region(wl_region#121)
[04:53:43.886827] {Default Queue}  -> wl_region#121.destroy()
[04:53:43.886828]  -> wl_surface#66.attach(wl_buffer#113, 0, 0)
[04:53:43.886829]  -> wl_surface#66.frame(new id wl_callback#94)
[04:53:43.886831] {Default Queue}  -> wp_presentation#23.feedback(wl_surface#66, new id wp_presentation_feedback#111)
[04:53:43.886832]  -> wl_surface#66.commit()
[04:53:43.894023] {Default Queue}  -> wl_buffer#109.destroy()
[04:53:43.894029] {Default Queue}  -> wl_shm_pool#89.destroy()
[04:53:43.896029] {Default Queue}  -> wl_shm#5.create_pool(new id wl_shm_pool#93, fd 16, 3276800)
[04:53:43.896035] {Default Queue}  -> wl_shm_pool#93.create_buffer(new id wl_buffer#88, 0, 1280, 640, 5120, 0)
[04:53:43.896955] {Default Queue}  -> wl_compositor#4.create_region(new id wl_region#106)
[04:53:43.896959] {Default Queue}  -> wl_region#106.add(365, 142, 550, 62)
[04:53:43.896960]  -> wl_surface#118.set_opaque_region(wl_region#106)
[04:53:43.896962] {Default Queue}  -> wl_region#106.destroy()
[04:53:43.896963] {Default Queue}  -> wp_viewport#110.set_destination(1280, 640)
[04:53:43.896965]  -> wl_surface#118.attach(wl_buffer#88, 0, 0)
[04:53:43.896966]  -> wl_surface#118.damage_buffer(0, 0, 1280, 640)
[04:53:43.896967]  -> wl_surface#118.frame(new id wl_callback#91)
[04:53:43.896969] {Default Queue}  -> wp_presentation#23.feedback(wl_surface#118, new id wp_presentation_feedback#92)
[04:53:43.896970]  -> wl_surface#118.commit()
[04:53:43.896985] {Default Queue}  -> wl_compositor#46.create_region(new id wl_region#117)
[04:53:43.897016] {Default Queue}  -> wl_region#117.add(339, 20, 602, 1)
[04:53:43.897017] {Default Queue}  -> wl_region#117.add(337, 21, 606, 1)
[04:53:43.897018] {Default Queue}  -> wl_region#117.add(336, 22, 608, 1)
[04:53:43.897019] {Default Queue}  -> wl_region#117.add(335, 23, 610, 1)
[04:53:43.897019] {Default Queue}  -> wl_region#117.add(334, 24, 612, 1)
[04:53:43.897020] {Default Queue}  -> wl_region#117.add(333, 25, 614, 1)
[04:53:43.897020] {Default Queue}  -> wl_region#117.add(332, 26, 616, 2)
[04:53:43.897021] {Default Queue}  -> wl_region#117.add(331, 28, 618, 5)
[04:53:43.897022] {Default Queue}  -> wl_region#117.add(330, 33, 620, 574)
[04:53:43.897022] {Default Queue}  -> wl_region#117.add(331, 607, 618, 5)
[04:53:43.897023] {Default Queue}  -> wl_region#117.add(332, 612, 616, 2)
[04:53:43.897024] {Default Queue}  -> wl_region#117.add(333, 614, 614, 1)
[04:53:43.897024] {Default Queue}  -> wl_region#117.add(334, 615, 612, 1)
[04:53:43.897025] {Default Queue}  -> wl_region#117.add(335, 616, 610, 1)
[04:53:43.897025] {Default Queue}  -> wl_region#117.add(336, 617, 608, 1)
[04:53:43.897026] {Default Queue}  -> wl_region#117.add(337, 618, 606, 1)
[04:53:43.897027] {Default Queue}  -> wl_region#117.add(339, 619, 602, 1)
[04:53:43.897027] {Default Queue}  -> ext_background_effect_surface_v1#100.set_blur_region(wl_region#117)
[04:53:43.897028] {Default Queue}  -> wl_region#117.destroy()
info: event=launcher-painted latency_us=20114
[04:53:43.897156]  -> wl_surface#65.attach(wl_buffer#99, 0, 0)
[04:53:43.897161]  -> wl_surface#65.frame(new id wl_callback#97)
[04:53:43.897164] {Default Queue}  -> wp_presentation#23.feedback(wl_surface#65, new id wp_presentation_feedback#101)
[04:53:43.897166]  -> wl_surface#65.commit()
[04:53:43.897699] {Display Queue} wl_display#1.delete_id(121)
[04:53:43.897702] {Display Queue} wl_display#1.delete_id(109)
[04:53:43.897703] {Display Queue} wl_display#1.delete_id(89)
[04:53:43.897704] {Display Queue} wl_display#1.delete_id(106)
[04:53:43.897704] {Display Queue} wl_display#1.delete_id(117)
[04:53:43.897705] {Default Queue} wl_buffer#113.release()
[04:53:43.897706] {Default Queue} wl_buffer#88.release()
[04:53:43.897711] {Default Queue} wl_buffer#99.release()
[04:53:43.903054] {Display Queue} wl_display#1.delete_id(94)
[04:53:43.903057] {Display Queue} wl_display#1.delete_id(97)
[04:53:43.903058] {Display Queue} wl_display#1.delete_id(91)
[04:53:43.903058] {Display Queue} wl_display#1.delete_id(111)
[04:53:43.903059] {Display Queue} wl_display#1.delete_id(101)
[04:53:43.903060] {Display Queue} wl_display#1.delete_id(92)
[04:53:43.903060] {Default Queue} wl_callback#94.done(56397518)
[04:53:43.903063] {Default Queue} wl_callback#97.done(56397518)
[04:53:43.903064] {Default Queue} wl_callback#91.done(56397518)
[04:53:43.903066] {Default Queue} wp_presentation_feedback#111.sync_output(wl_output#58)
[04:53:43.903067] {Default Queue} wp_presentation_feedback#111.sync_output(wl_output#31)
[04:53:43.903068] {Default Queue} wp_presentation_feedback#111.presented(0, 56397, 518828270, 0, 0, 0, 0)
[04:53:43.903070] {Default Queue} wp_presentation_feedback#101.sync_output(wl_output#58)
[04:53:43.903071] {Default Queue} wp_presentation_feedback#101.sync_output(wl_output#31)
[04:53:43.903072] {Default Queue} wp_presentation_feedback#101.presented(0, 56397, 518828270, 0, 0, 0, 0)
[04:53:43.903073] {Default Queue} wp_presentation_feedback#92.sync_output(wl_output#58)
[04:53:43.903073] {Default Queue} wp_presentation_feedback#92.sync_output(wl_output#31)
[04:53:43.903074] {Default Queue} wp_presentation_feedback#92.presented(0, 56397, 518828270, 0, 0, 0, 0)
[04:53:43.903454]  -> wl_surface#118.attach(wl_buffer#88, 0, 0)
[04:53:43.903457]  -> wl_surface#118.damage_buffer(346, 70, 588, 62)
[04:53:43.903458]  -> wl_surface#118.frame(new id wl_callback#92)
[04:53:43.903460] {Default Queue}  -> wp_presentation#23.feedback(wl_surface#118, new id wp_presentation_feedback#101)
[04:53:43.903461]  -> wl_surface#118.commit()
[04:53:43.903534] {Default Queue} wl_buffer#88.release()
[04:53:43.919260] {Display Queue} wl_display#1.delete_id(92)
[04:53:43.919263] {Display Queue} wl_display#1.delete_id(101)
[04:53:43.919264] {Default Queue} wl_callback#92.done(56397535)
[04:53:43.919268] {Default Queue} wp_presentation_feedback#101.sync_output(wl_output#58)
[04:53:43.919269] {Default Queue} wp_presentation_feedback#101.sync_output(wl_output#31)
[04:53:43.919270] {Default Queue} wp_presentation_feedback#101.presented(0, 56397, 535037599, 0, 0, 0, 0)
[04:53:43.919544]  -> wl_surface#118.attach(wl_buffer#88, 0, 0)
[04:53:43.919547]  -> wl_surface#118.damage_buffer(346, 70, 588, 62)
[04:53:43.919548]  -> wl_surface#118.frame(new id wl_callback#101)
[04:53:43.919549] {Default Queue}  -> wp_presentation#23.feedback(wl_surface#118, new id wp_presentation_feedback#92)
[04:53:43.919550]  -> wl_surface#118.commit()
[04:53:43.919604] {Default Queue} wl_buffer#88.release()
[04:53:43.935496] {Display Queue} wl_display#1.delete_id(101)
[04:53:43.935498] {Display Queue} wl_display#1.delete_id(92)
[04:53:43.935499] {Default Queue} wl_callback#101.done(56397551)
[04:53:43.935505] {Default Queue} wp_presentation_feedback#92.sync_output(wl_output#58)
[04:53:43.935507] {Default Queue} wp_presentation_feedback#92.sync_output(wl_output#31)
[04:53:43.935508] {Default Queue} wp_presentation_feedback#92.presented(0, 56397, 551274868, 0, 0, 0, 0)
[04:53:43.935835]  -> wl_surface#118.attach(wl_buffer#88, 0, 0)
[04:53:43.935838]  -> wl_surface#118.damage_buffer(346, 70, 588, 62)
[04:53:43.935839]  -> wl_surface#118.frame(new id wl_callback#92)
[04:53:43.935840] {Default Queue}  -> wp_presentation#23.feedback(wl_surface#118, new id wp_presentation_feedback#101)
[04:53:43.935842]  -> wl_surface#118.commit()
[04:53:43.935896] {Default Queue} wl_buffer#88.release()
[04:53:43.951673] {Display Queue} wl_display#1.delete_id(92)
[04:53:43.951674] {Display Queue} wl_display#1.delete_id(101)
[04:53:43.951675] {Default Queue} wl_callback#92.done(56397567)
[04:53:43.951677] {Default Queue} wp_presentation_feedback#101.sync_output(wl_output#58)
[04:53:43.951678] {Default Queue} wp_presentation_feedback#101.sync_output(wl_output#31)
[04:53:43.951679] {Default Queue} wp_presentation_feedback#101.presented(0, 56397, 567455517, 0, 0, 0, 0)
[04:53:43.951864]  -> wl_surface#118.attach(wl_buffer#88, 0, 0)
[04:53:43.951867]  -> wl_surface#118.damage_buffer(346, 70, 588, 62)
[04:53:43.951868]  -> wl_surface#118.frame(new id wl_callback#101)
[04:53:43.951869] {Default Queue}  -> wp_presentation#23.feedback(wl_surface#118, new id wp_presentation_feedback#92)
[04:53:43.951870]  -> wl_surface#118.commit()
[04:53:43.951906] {Default Queue} wl_buffer#88.release()
[04:53:43.967867] {Display Queue} wl_display#1.delete_id(101)
[04:53:43.967869] {Display Queue} wl_display#1.delete_id(92)
[04:53:43.967870] {Default Queue} wl_callback#101.done(56397583)
[04:53:43.967872] {Default Queue} wp_presentation_feedback#92.sync_output(wl_output#58)
[04:53:43.967873] {Default Queue} wp_presentation_feedback#92.sync_output(wl_output#31)
[04:53:43.967874] {Default Queue} wp_presentation_feedback#92.presented(0, 56397, 583649466, 0, 0, 0, 0)
[04:53:43.968080]  -> wl_surface#118.attach(wl_buffer#88, 0, 0)
[04:53:43.968082]  -> wl_surface#118.damage_buffer(346, 70, 588, 62)
[04:53:43.968084]  -> wl_surface#118.frame(new id wl_callback#92)
[04:53:43.968084] {Default Queue}  -> wp_presentation#23.feedback(wl_surface#118, new id wp_presentation_feedback#101)
[04:53:43.968086]  -> wl_surface#118.commit()
[04:53:43.968137] {Default Queue} wl_buffer#88.release()
[04:53:43.984072] {Display Queue} wl_display#1.delete_id(92)
[04:53:43.984075] {Display Queue} wl_display#1.delete_id(101)
[04:53:43.984075] {Default Queue} wl_callback#92.done(56397599)
[04:53:43.984079] {Default Queue} wp_presentation_feedback#101.sync_output(wl_output#58)
[04:53:43.984080] {Default Queue} wp_presentation_feedback#101.sync_output(wl_output#31)
[04:53:43.984080] {Default Queue} wp_presentation_feedback#101.presented(0, 56397, 599851555, 0, 0, 0, 0)
[04:53:43.984365]  -> wl_surface#118.attach(wl_buffer#88, 0, 0)
[04:53:43.984370]  -> wl_surface#118.damage_buffer(346, 70, 588, 62)
[04:53:43.984372]  -> wl_surface#118.frame(new id wl_callback#101)
[04:53:43.984373] {Default Queue}  -> wp_presentation#23.feedback(wl_surface#118, new id wp_presentation_feedback#92)
[04:53:43.984375]  -> wl_surface#118.commit()
[04:53:43.984436] {Default Queue} wl_buffer#88.release()
[04:53:44.000305] {Display Queue} wl_display#1.delete_id(101)
[04:53:44.000307] {Display Queue} wl_display#1.delete_id(92)
[04:53:44.000308] {Default Queue} wl_callback#101.done(56397616)
[04:53:44.000315] {Default Queue} wp_presentation_feedback#92.sync_output(wl_output#58)
[04:53:44.000317] {Default Queue} wp_presentation_feedback#92.sync_output(wl_output#31)
[04:53:44.000318] {Default Queue} wp_presentation_feedback#92.presented(0, 56397, 616083544, 0, 0, 0, 0)
[04:53:44.000785]  -> wl_surface#118.attach(wl_buffer#88, 0, 0)
[04:53:44.000790]  -> wl_surface#118.damage_buffer(346, 70, 588, 62)
[04:53:44.000792]  -> wl_surface#118.frame(new id wl_callback#92)
[04:53:44.000794] {Default Queue}  -> wp_presentation#23.feedback(wl_surface#118, new id wp_presentation_feedback#101)
[04:53:44.000796]  -> wl_surface#118.commit()
[04:53:44.000850] {Default Queue} wl_buffer#88.release()
[04:53:44.016611] {Display Queue} wl_display#1.delete_id(92)
[04:53:44.016616] {Display Queue} wl_display#1.delete_id(101)
[04:53:44.016618] {Default Queue} wl_callback#92.done(56397632)
[04:53:44.016623] {Default Queue} wp_presentation_feedback#101.sync_output(wl_output#58)
[04:53:44.016625] {Default Queue} wp_presentation_feedback#101.sync_output(wl_output#31)
[04:53:44.016626] {Default Queue} wp_presentation_feedback#101.presented(0, 56397, 632384923, 0, 0, 0, 0)
[04:53:44.017035]  -> wl_surface#118.attach(wl_buffer#88, 0, 0)
[04:53:44.017039]  -> wl_surface#118.damage_buffer(346, 70, 588, 62)
[04:53:44.017041]  -> wl_surface#118.frame(new id wl_callback#101)
[04:53:44.017044] {Default Queue}  -> wp_presentation#23.feedback(wl_surface#118, new id wp_presentation_feedback#92)
[04:53:44.017046]  -> wl_surface#118.commit()
[04:53:44.017105] {Default Queue} wl_buffer#88.release()
[04:53:44.032792] {Display Queue} wl_display#1.delete_id(101)
[04:53:44.032796] {Display Queue} wl_display#1.delete_id(92)
[04:53:44.032797] {Default Queue} wl_callback#101.done(56397648)
[04:53:44.032802] {Default Queue} wp_presentation_feedback#92.sync_output(wl_output#58)
[04:53:44.032803] {Default Queue} wp_presentation_feedback#92.sync_output(wl_output#31)
[04:53:44.032804] {Default Queue} wp_presentation_feedback#92.presented(0, 56397, 648574022, 0, 0, 0, 0)
[04:53:44.033092]  -> wl_surface#118.attach(wl_buffer#88, 0, 0)
[04:53:44.033095]  -> wl_surface#118.damage_buffer(346, 70, 588, 62)
[04:53:44.033097]  -> wl_surface#118.frame(new id wl_callback#92)
[04:53:44.033099] {Default Queue}  -> wp_presentation#23.feedback(wl_surface#118, new id wp_presentation_feedback#101)
[04:53:44.033100]  -> wl_surface#118.commit()
[04:53:44.033163] {Default Queue} wl_buffer#88.release()
[04:53:44.049479] {Display Queue} wl_display#1.delete_id(92)
[04:53:44.049481] {Display Queue} wl_display#1.delete_id(101)
[04:53:44.049482] {Default Queue} wl_callback#92.done(56397665)
[04:53:44.049484] {Default Queue} wp_presentation_feedback#101.sync_output(wl_output#58)
[04:53:44.049485] {Default Queue} wp_presentation_feedback#101.sync_output(wl_output#31)
[04:53:44.049486] {Default Queue} wp_presentation_feedback#101.presented(0, 56397, 665262136, 0, 0, 0, 0)
[04:53:44.049749]  -> wl_surface#118.attach(wl_buffer#88, 0, 0)
[04:53:44.049754]  -> wl_surface#118.damage_buffer(346, 70, 588, 62)
[04:53:44.049756]  -> wl_surface#118.frame(new id wl_callback#101)
[04:53:44.049757] {Default Queue}  -> wp_presentation#23.feedback(wl_surface#118, new id wp_presentation_feedback#92)
[04:53:44.049758]  -> wl_surface#118.commit()
[04:53:44.049806] {Default Queue} wl_buffer#88.release()
[04:53:44.065650] {Display Queue} wl_display#1.delete_id(101)
[04:53:44.065654] {Display Queue} wl_display#1.delete_id(92)
[04:53:44.065656] {Default Queue} wl_callback#101.done(56397681)
[04:53:44.065661] {Default Queue} wp_presentation_feedback#92.sync_output(wl_output#58)
[04:53:44.065662] {Default Queue} wp_presentation_feedback#92.sync_output(wl_output#31)
[04:53:44.065663] {Default Queue} wp_presentation_feedback#92.presented(0, 56397, 681430444, 0, 0, 0, 0)
[04:53:44.065936]  -> wl_surface#118.attach(wl_buffer#88, 0, 0)
[04:53:44.065939]  -> wl_surface#118.damage_buffer(346, 70, 588, 62)
[04:53:44.065940]  -> wl_surface#118.frame(new id wl_callback#92)
[04:53:44.065942] {Default Queue}  -> wp_presentation#23.feedback(wl_surface#118, new id wp_presentation_feedback#101)
[04:53:44.065944]  -> wl_surface#118.commit()
[04:53:44.065982] {Default Queue} wl_buffer#88.release()
[04:53:44.081765] {Display Queue} wl_display#1.delete_id(92)
[04:53:44.081767] {Display Queue} wl_display#1.delete_id(101)
[04:53:44.081768] {Default Queue} wl_callback#92.done(56397697)
[04:53:44.081771] {Default Queue} wp_presentation_feedback#101.sync_output(wl_output#58)
[04:53:44.081772] {Default Queue} wp_presentation_feedback#101.sync_output(wl_output#31)
[04:53:44.081773] {Default Queue} wp_presentation_feedback#101.presented(0, 56397, 697550332, 0, 0, 0, 0)
[04:53:44.081959]  -> wl_surface#118.attach(wl_buffer#88, 0, 0)
[04:53:44.081962]  -> wl_surface#118.damage_buffer(346, 70, 588, 62)
[04:53:44.081963]  -> wl_surface#118.frame(new id wl_callback#101)
[04:53:44.081964] {Default Queue}  -> wp_presentation#23.feedback(wl_surface#118, new id wp_presentation_feedback#92)
[04:53:44.081965]  -> wl_surface#118.commit()
[04:53:44.082007] {Default Queue} wl_buffer#88.release()
[04:53:44.098007] {Display Queue} wl_display#1.delete_id(101)
[04:53:44.098011] {Display Queue} wl_display#1.delete_id(92)
[04:53:44.098012] {Default Queue} wl_callback#101.done(56397713)
[04:53:44.098018] {Default Queue} wp_presentation_feedback#92.sync_output(wl_output#58)
[04:53:44.098020] {Default Queue} wp_presentation_feedback#92.sync_output(wl_output#31)
[04:53:44.098021] {Default Queue} wp_presentation_feedback#92.presented(0, 56397, 713786321, 0, 0, 0, 0)
[04:53:44.232471] {Default Queue}  -> ext_background_effect_surface_v1#100.destroy()
[04:53:44.232563] {Default Queue}  -> zwlr_layer_surface_v1#122.destroy()
[04:53:44.232566]  -> wl_surface#118.attach(nil, 0, 0)
[04:53:44.232568]  -> wl_surface#118.commit()
[04:53:44.232605] {Default Queue}  -> wl_buffer#88.destroy()
[04:53:44.232606] {Default Queue}  -> wl_shm_pool#93.destroy()
[04:53:44.232908] {Default Queue}  -> wp_viewport#110.destroy()
[04:53:44.232910] {Default Queue}  -> wp_fractional_scale_v1#104.destroy()
[04:53:44.232911]  -> wl_surface#118.destroy()
[04:53:44.232923] {Default Queue}  -> xdg_toplevel_icon_v1#105.destroy()
info: event=popup-closed
[04:53:44.235927] {Display Queue} wl_display#1.delete_id(100)
[04:53:44.235933] {Display Queue} wl_display#1.delete_id(122)
[04:53:44.235934] {Display Queue} wl_display#1.delete_id(88)
[04:53:44.235935] {Display Queue} wl_display#1.delete_id(93)
[04:53:44.235935] {Display Queue} wl_display#1.delete_id(110)
[04:53:44.235936] {Display Queue} wl_display#1.delete_id(104)
[04:53:44.235937] {Display Queue} wl_display#1.delete_id(118)
[04:53:44.235937] {Display Queue} wl_display#1.delete_id(105)
[04:53:44.235938] {Default Queue} zwlr_layer_surface_v1#70.configure(127, 1280, 80)
[04:53:44.235946] {Default Queue}  -> zwlr_layer_surface_v1#70.ack_configure(127)
[04:53:44.235947] {Default Queue} zwlr_layer_surface_v1#64.configure(128, 1280, 720)
[04:53:44.235949] {Default Queue}  -> zwlr_layer_surface_v1#64.ack_configure(128)
[04:53:44.235950] {Default Queue} zwlr_layer_surface_v1#75.configure(129, 88, 2)
[04:53:44.235954] {Default Queue}  -> zwlr_layer_surface_v1#75.ack_configure(129)
[04:53:44.236048]  -> wl_surface#66.commit()
[04:53:44.236061]  -> wl_surface#60.commit()
[04:53:44.236067]  -> wl_surface#65.commit()
[04:53:44.236874]  -> wl_surface#71.attach(wl_buffer#108, 0, 0)
[04:53:44.236879]  -> wl_surface#71.damage_buffer(4, 4, 555, 40)
[04:53:44.236881]  -> wl_surface#71.frame(new id wl_callback#105)
[04:53:44.236883] {Default Queue}  -> wp_presentation#23.feedback(wl_surface#71, new id wp_presentation_feedback#118)
[04:53:44.236886]  -> wl_surface#71.commit()
[04:53:44.236916] {Default Queue}  -> wl_compositor#46.create_region(new id wl_region#104)
[04:53:44.236930] {Default Queue}  -> wl_region#104.add(19, 4, 525, 1)
[04:53:44.236932] {Default Queue}  -> wl_region#104.add(588, 4, 105, 1)
[04:53:44.236933] {Default Queue}  -> wl_region#104.add(877, 4, 384, 1)
[04:53:44.236933] {Default Queue}  -> wl_region#104.add(17, 5, 529, 1)
[04:53:44.236934] {Default Queue}  -> wl_region#104.add(586, 5, 109, 1)
[04:53:44.236935] {Default Queue}  -> wl_region#104.add(875, 5, 388, 1)
[04:53:44.236935] {Default Queue}  -> wl_region#104.add(16, 6, 531, 1)
[04:53:44.236936] {Default Queue}  -> wl_region#104.add(585, 6, 111, 1)
[04:53:44.236936] {Default Queue}  -> wl_region#104.add(874, 6, 390, 1)
[04:53:44.236937] {Default Queue}  -> wl_region#104.add(15, 7, 533, 1)
[04:53:44.236938] {Default Queue}  -> wl_region#104.add(584, 7, 113, 1)
[04:53:44.236938] {Default Queue}  -> wl_region#104.add(873, 7, 392, 1)
[04:53:44.236939] {Default Queue}  -> wl_region#104.add(14, 8, 535, 1)
[04:53:44.236940] {Default Queue}  -> wl_region#104.add(583, 8, 115, 1)
[04:53:44.236940] {Default Queue}  -> wl_region#104.add(872, 8, 394, 1)
[04:53:44.236941] {Default Queue}  -> wl_region#104.add(13, 9, 537, 1)
[04:53:44.236941] {Default Queue}  -> wl_region#104.add(582, 9, 117, 1)
[04:53:44.236942] {Default Queue}  -> wl_region#104.add(871, 9, 396, 1)
[04:53:44.236943] {Default Queue}  -> wl_region#104.add(12, 10, 539, 2)
[04:53:44.236943] {Default Queue}  -> wl_region#104.add(581, 10, 119, 2)
[04:53:44.236944] {Default Queue}  -> wl_region#104.add(870, 10, 398, 2)
[04:53:44.236944] {Default Queue}  -> wl_region#104.add(11, 12, 541, 5)
[04:53:44.236945] {Default Queue}  -> wl_region#104.add(580, 12, 121, 5)
[04:53:44.236946] {Default Queue}  -> wl_region#104.add(869, 12, 400, 5)
[04:53:44.236946] {Default Queue}  -> wl_region#104.add(10, 17, 543, 14)
[04:53:44.236947] {Default Queue}  -> wl_region#104.add(579, 17, 123, 14)
[04:53:44.236948] {Default Queue}  -> wl_region#104.add(868, 17, 402, 14)
[04:53:44.236948] {Default Queue}  -> wl_region#104.add(11, 31, 541, 5)
[04:53:44.236949] {Default Queue}  -> wl_region#104.add(580, 31, 121, 5)
[04:53:44.236949] {Default Queue}  -> wl_region#104.add(869, 31, 400, 5)
[04:53:44.236950] {Default Queue}  -> wl_region#104.add(12, 36, 539, 2)
[04:53:44.236950] {Default Queue}  -> wl_region#104.add(581, 36, 119, 2)
[04:53:44.236951] {Default Queue}  -> wl_region#104.add(870, 36, 398, 2)
[04:53:44.236952] {Default Queue}  -> wl_region#104.add(13, 38, 537, 1)
[04:53:44.236952] {Default Queue}  -> wl_region#104.add(582, 38, 117, 1)
[04:53:44.236953] {Default Queue}  -> wl_region#104.add(871, 38, 396, 1)
[04:53:44.236954] {Default Queue}  -> wl_region#104.add(14, 39, 535, 1)
[04:53:44.236954] {Default Queue}  -> wl_region#104.add(583, 39, 115, 1)
[04:53:44.236955] {Default Queue}  -> wl_region#104.add(872, 39, 394, 1)
[04:53:44.236955] {Default Queue}  -> wl_region#104.add(15, 40, 533, 1)
[04:53:44.236956] {Default Queue}  -> wl_region#104.add(584, 40, 113, 1)
[04:53:44.236957] {Default Queue}  -> wl_region#104.add(873, 40, 392, 1)
[04:53:44.236957] {Default Queue}  -> wl_region#104.add(16, 41, 531, 1)
[04:53:44.236958] {Default Queue}  -> wl_region#104.add(585, 41, 111, 1)
[04:53:44.236958] {Default Queue}  -> wl_region#104.add(874, 41, 390, 1)
[04:53:44.236959] {Default Queue}  -> wl_region#104.add(17, 42, 529, 1)
[04:53:44.236960] {Default Queue}  -> wl_region#104.add(586, 42, 109, 1)
[04:53:44.236960] {Default Queue}  -> wl_region#104.add(875, 42, 388, 1)
[04:53:44.236961] {Default Queue}  -> wl_region#104.add(19, 43, 525, 1)
[04:53:44.236962] {Default Queue}  -> wl_region#104.add(588, 43, 105, 1)
[04:53:44.236962] {Default Queue}  -> wl_region#104.add(877, 43, 384, 1)
[04:53:44.236963] {Default Queue}  -> ext_background_effect_surface_v1#112.set_blur_region(wl_region#104)
[04:53:44.236964] {Default Queue}  -> wl_region#104.destroy()
info(pearl): event=stopping reason=control-quit pending=false
[04:53:44.237477] {Default Queue}  -> zwlr_layer_surface_v1#75.destroy()
[04:53:44.237480]  -> wl_surface#65.attach(nil, 0, 0)
[04:53:44.237482]  -> wl_surface#65.commit()
[04:53:44.237489] {Default Queue}  -> wl_buffer#99.destroy()
[04:53:44.237490] {Default Queue}  -> wl_shm_pool#98.destroy()
[04:53:44.237502] {Default Queue}  -> wp_viewport#73.destroy()
[04:53:44.237503] {Default Queue}  -> wp_fractional_scale_v1#72.destroy()
[04:53:44.237503]  -> wl_surface#65.destroy()
[04:53:44.237510] {Default Queue}  -> xdg_toplevel_icon_v1#74.destroy()
[04:53:44.237535] {Default Queue}  -> zwlr_layer_surface_v1#64.destroy()
[04:53:44.237536]  -> wl_surface#60.attach(nil, 0, 0)
[04:53:44.237537]  -> wl_surface#60.commit()
[04:53:44.237547] {Default Queue}  -> wl_buffer#87.destroy()
[04:53:44.237548] {Default Queue}  -> wl_shm_pool#81.destroy()
[04:53:44.237614] {Default Queue}  -> wp_viewport#62.destroy()
[04:53:44.237615] {Default Queue}  -> wp_fractional_scale_v1#61.destroy()
[04:53:44.237616]  -> wl_surface#60.destroy()
[04:53:44.237620] {Default Queue}  -> xdg_toplevel_icon_v1#63.destroy()
[04:53:44.237738] {Default Queue}  -> ext_background_effect_surface_v1#96.destroy()
[04:53:44.237742] {Default Queue}  -> zwlr_layer_surface_v1#70.destroy()
[04:53:44.237744]  -> wl_surface#66.attach(nil, 0, 0)
[04:53:44.237744]  -> wl_surface#66.commit()
[04:53:44.237751] {Default Queue}  -> wl_buffer#113.destroy()
[04:53:44.237752] {Default Queue}  -> wl_shm_pool#119.destroy()
[04:53:44.237778] {Default Queue}  -> wp_viewport#68.destroy()
[04:53:44.237780] {Default Queue}  -> wp_fractional_scale_v1#67.destroy()
[04:53:44.237780]  -> wl_surface#66.destroy()
[04:53:44.237786] {Default Queue}  -> xdg_toplevel_icon_v1#69.destroy()
[04:53:44.238297] {Default Queue}  -> zwlr_layer_surface_v1#80.destroy()
[04:53:44.238299]  -> wl_surface#76.attach(nil, 0, 0)
[04:53:44.238300]  -> wl_surface#76.commit()
[04:53:44.238306] {Default Queue}  -> wl_buffer#103.destroy()
[04:53:44.238307] {Default Queue}  -> wl_shm_pool#102.destroy()
[04:53:44.238368] {Default Queue}  -> wp_viewport#78.destroy()
[04:53:44.238369] {Default Queue}  -> wp_fractional_scale_v1#77.destroy()
[04:53:44.238369]  -> wl_surface#76.destroy()
[04:53:44.238373] {Default Queue}  -> xdg_toplevel_icon_v1#79.destroy()
[04:53:44.238485] {Default Queue}  -> ext_background_effect_surface_v1#112.destroy()
[04:53:44.238489] {Default Queue}  -> zwlr_layer_surface_v1#85.destroy()
[04:53:44.238490]  -> wl_surface#71.attach(nil, 0, 0)
[04:53:44.238491]  -> wl_surface#71.commit()
[04:53:44.238507] {Default Queue}  -> wp_viewport#83.destroy()
[04:53:44.238508] {Default Queue}  -> wp_fractional_scale_v1#82.destroy()
[04:53:44.238509]  -> wl_surface#71.destroy()
[04:53:44.238512] {Default Queue}  -> xdg_toplevel_icon_v1#84.destroy()
[04:53:44.238931] {Default Queue}  -> wl_seat#53.release()
[04:53:44.238933] {Default Queue}  -> ext_idle_notifier_v1#47.destroy()
[04:53:44.238947] {Default Queue}  -> wl_seat#55.release()
[04:53:44.238948] {Default Queue}  -> ext_data_control_manager_v1#54.destroy()
[04:53:44.238950] {Default Queue}  -> wl_output#58.release()
[04:53:44.238951] {Default Queue}  -> wl_output#59.release()
[04:53:44.238952] {Default Queue}  -> zwlr_screencopy_manager_v1#57.destroy()
[04:53:44.239377] {Default Queue}  -> ext_background_effect_manager_v1#48.destroy()
info(pearl): event=aqueous-availability state=stopped
[04:53:44.239455] {Display Queue} wl_display#1.delete_id(104)
[04:53:44.239459] {Default Queue} wl_buffer#108.release()
[04:53:44.239462] {Default Queue}  -> wl_buffer#108.destroy()
[04:53:44.239463] {Default Queue}  -> wl_shm_pool#107.destroy()
info(pearl): event=cleanup pending=false watched_objects=0
info(pearl): event=stopped
