[20:54:55.017106] {Default Queue}  -> wl_display#1.get_registry(new id wl_registry#2)
[20:54:55.017114] {Default Queue}  -> wl_display#1.sync(new id wl_callback#3)
[20:54:55.017172] {Display Queue} wl_display#1.delete_id(3)
[20:54:55.017175] {Default Queue} wl_registry#2.global(1, "wl_compositor", 6)
[20:54:55.017179] {Default Queue}  -> wl_registry#2.bind(1, "wl_compositor", 6, new id [unknown]#4)
[20:54:55.017182] {Default Queue} wl_registry#2.global(2, "wl_fixes", 1)
[20:54:55.017186] {Default Queue} wl_registry#2.global(3, "wp_security_context_manager_v1", 1)
[20:54:55.017188] {Default Queue} wl_registry#2.global(4, "wl_shm", 2)
[20:54:55.017189] {Default Queue}  -> wl_registry#2.bind(4, "wl_shm", 1, new id [unknown]#5)
[20:54:55.017191] {Default Queue} wl_registry#2.global(5, "wp_single_pixel_buffer_manager_v1", 1)
[20:54:55.017192] {Default Queue}  -> wl_registry#2.bind(5, "wp_single_pixel_buffer_manager_v1", 1, new id [unknown]#6)
[20:54:55.017194] {Default Queue} wl_registry#2.global(6, "wp_alpha_modifier_v1", 1)
[20:54:55.017195] {Default Queue} wl_registry#2.global(7, "wp_color_representation_manager_v1", 1)
[20:54:55.017197] {Default Queue}  -> wl_registry#2.bind(7, "wp_color_representation_manager_v1", 1, new id [unknown]#7)
[20:54:55.017198] {Default Queue} wl_registry#2.global(8, "wp_content_type_manager_v1", 1)
[20:54:55.017199] {Default Queue} wl_registry#2.global(9, "wp_fifo_manager_v1", 1)
[20:54:55.017200] {Default Queue} wl_registry#2.global(10, "wp_commit_timing_manager_v1", 1)
[20:54:55.017201] {Default Queue} wl_registry#2.global(11, "xdg_wm_dialog_v1", 1)
[20:54:55.017201] {Default Queue}  -> wl_registry#2.bind(11, "xdg_wm_dialog_v1", 1, new id [unknown]#8)
[20:54:55.017202] {Default Queue} wl_registry#2.global(12, "xdg_toplevel_drag_manager_v1", 1)
[20:54:55.017203] {Default Queue} wl_registry#2.global(13, "xdg_toplevel_icon_manager_v1", 1)
[20:54:55.017204] {Default Queue}  -> wl_registry#2.bind(13, "xdg_toplevel_icon_manager_v1", 1, new id [unknown]#9)
[20:54:55.017204] {Default Queue} wl_registry#2.global(14, "xdg_toplevel_tag_manager_v1", 1)
[20:54:55.017205] {Default Queue} wl_registry#2.global(15, "wp_viewporter", 1)
[20:54:55.017206] {Default Queue}  -> wl_registry#2.bind(15, "wp_viewporter", 1, new id [unknown]#10)
[20:54:55.017207] {Default Queue} wl_registry#2.global(16, "wp_fractional_scale_manager_v1", 1)
[20:54:55.017207] {Default Queue}  -> wl_registry#2.bind(16, "wp_fractional_scale_manager_v1", 1, new id [unknown]#11)
[20:54:55.017209] {Default Queue} wl_registry#2.global(17, "wl_subcompositor", 1)
[20:54:55.017209] {Default Queue}  -> wl_registry#2.bind(17, "wl_subcompositor", 1, new id [unknown]#12)
[20:54:55.017210] {Default Queue} wl_registry#2.global(18, "wp_cursor_shape_manager_v1", 2)
[20:54:55.017211] {Default Queue}  -> wl_registry#2.bind(18, "wp_cursor_shape_manager_v1", 1, new id [unknown]#13)
[20:54:55.017212] {Default Queue} wl_registry#2.global(19, "xdg_wm_base", 7)
[20:54:55.017213] {Default Queue} wl_registry#2.global(20, "zxdg_decoration_manager_v1", 1)
[20:54:55.017214] {Default Queue} wl_registry#2.global(21, "org_kde_kwin_server_decoration_manager", 1)
[20:54:55.017215] {Default Queue}  -> wl_registry#2.bind(21, "org_kde_kwin_server_decoration_manager", 1, new id [unknown]#14)
[20:54:55.017215] {Default Queue} wl_registry#2.global(22, "xdg_activation_v1", 1)
[20:54:55.017216] {Default Queue}  -> wl_registry#2.bind(22, "xdg_activation_v1", 1, new id [unknown]#15)
[20:54:55.017217] {Default Queue} wl_registry#2.global(23, "zxdg_exporter_v2", 1)
[20:54:55.017218] {Default Queue}  -> wl_registry#2.bind(23, "zxdg_exporter_v2", 1, new id [unknown]#16)
[20:54:55.017218] {Default Queue} wl_registry#2.global(24, "zxdg_importer_v2", 1)
[20:54:55.017219] {Default Queue}  -> wl_registry#2.bind(24, "zxdg_importer_v2", 1, new id [unknown]#17)
[20:54:55.017220] {Default Queue} wl_registry#2.global(25, "wl_data_device_manager", 3)
[20:54:55.017221] {Default Queue}  -> wl_registry#2.bind(25, "wl_data_device_manager", 3, new id [unknown]#18)
[20:54:55.017221] {Default Queue} wl_registry#2.global(26, "zwp_primary_selection_device_manager_v1", 1)
[20:54:55.017222] {Default Queue}  -> wl_registry#2.bind(26, "zwp_primary_selection_device_manager_v1", 1, new id [unknown]#19)
[20:54:55.017223] {Default Queue} wl_registry#2.global(27, "ext_data_control_manager_v1", 1)
[20:54:55.017224] {Default Queue} wl_registry#2.global(28, "zwlr_data_control_manager_v1", 2)
[20:54:55.017224] {Default Queue} wl_registry#2.global(29, "zwlr_export_dmabuf_manager_v1", 1)
[20:54:55.017225] {Default Queue} wl_registry#2.global(30, "zwlr_screencopy_manager_v1", 3)
[20:54:55.017226] {Default Queue} wl_registry#2.global(31, "ext_image_copy_capture_manager_v1", 1)
[20:54:55.017227] {Default Queue} wl_registry#2.global(32, "aqueous_capture_color_manager_v1", 1)
[20:54:55.017228] {Default Queue} wl_registry#2.global(33, "ext_output_image_capture_source_manager_v1", 1)
[20:54:55.017229] {Default Queue} wl_registry#2.global(34, "zwlr_foreign_toplevel_manager_v1", 3)
[20:54:55.017230] {Default Queue} wl_registry#2.global(35, "ext_foreign_toplevel_list_v1", 1)
[20:54:55.017231] {Default Queue} wl_registry#2.global(36, "ext_foreign_toplevel_image_capture_source_manager_v1", 1)
[20:54:55.017232] {Default Queue} wl_registry#2.global(37, "wp_tearing_control_manager_v1", 1)
[20:54:55.017233] {Default Queue} wl_registry#2.global(38, "aqueous_window_manager_v1", 10)
[20:54:55.017233] {Default Queue} wl_registry#2.global(39, "ext_workspace_manager_v1", 1)
[20:54:55.017234] {Default Queue} wl_registry#2.global(40, "aqueous_window_info_manager_v1", 8)
[20:54:55.017236] {Default Queue} wl_registry#2.global(41, "aqueous_xkb_bindings_v1", 3)
[20:54:55.017237] {Default Queue} wl_registry#2.global(42, "aqueous_layer_shell_v1", 1)
[20:54:55.017237] {Default Queue} wl_registry#2.global(43, "zwlr_layer_shell_v1", 4)
[20:54:55.017238] {Default Queue} wl_registry#2.global(44, "zwlr_gamma_control_manager_v1", 1)
[20:54:55.017239] {Default Queue} wl_registry#2.global(45, "wp_presentation", 2)
[20:54:55.017240] {Default Queue}  -> wl_registry#2.bind(45, "wp_presentation", 1, new id [unknown]#20)
[20:54:55.017240] {Default Queue} wl_registry#2.global(46, "zxdg_output_manager_v1", 3)
[20:54:55.017241] {Default Queue}  -> wl_registry#2.bind(46, "zxdg_output_manager_v1", 3, new id [unknown]#21)
[20:54:55.017243] {Default Queue}  -> wl_display#1.sync(new id wl_callback#22)
[20:54:55.017244] {Default Queue} wl_registry#2.global(47, "zwlr_output_manager_v1", 4)
[20:54:55.017245] {Default Queue} wl_registry#2.global(48, "zwlr_output_power_manager_v1", 1)
[20:54:55.017246] {Default Queue} wl_registry#2.global(49, "aqueous_input_manager_v1", 2)
[20:54:55.017246] {Default Queue} wl_registry#2.global(50, "ext_idle_notifier_v1", 2)
[20:54:55.017247] {Default Queue} wl_registry#2.global(51, "zwp_relative_pointer_manager_v1", 1)
[20:54:55.017248] {Default Queue} wl_registry#2.global(52, "zwp_pointer_gestures_v1", 3)
[20:54:55.017249] {Default Queue}  -> wl_registry#2.bind(52, "zwp_pointer_gestures_v1", 3, new id [unknown]#23)
[20:54:55.017250] {Default Queue} wl_registry#2.global(53, "zwlr_virtual_pointer_manager_v1", 2)
[20:54:55.017250] {Default Queue} wl_registry#2.global(54, "zwp_virtual_keyboard_manager_v1", 1)
[20:54:55.017251] {Default Queue} wl_registry#2.global(55, "zwp_pointer_constraints_v1", 1)
[20:54:55.017252] {Default Queue} wl_registry#2.global(56, "zwp_input_method_manager_v2", 1)
[20:54:55.017253] {Default Queue} wl_registry#2.global(57, "zwp_text_input_manager_v3", 1)
[20:54:55.017254] {Default Queue} wl_registry#2.global(58, "zwp_tablet_manager_v2", 1)
[20:54:55.017254] {Default Queue}  -> wl_registry#2.bind(58, "zwp_tablet_manager_v2", 1, new id [unknown]#24)
[20:54:55.017255] {Default Queue} wl_registry#2.global(59, "wp_pointer_warp_v1", 1)
[20:54:55.017256] {Default Queue} wl_registry#2.global(60, "wl_seat", 9)
[20:54:55.017257] {Default Queue} wl_registry#2.global(61, "aqueous_libinput_config_v1", 2)
[20:54:55.017259] {Default Queue} wl_registry#2.global(62, "aqueous_xkb_config_v1", 2)
[20:54:55.017259] {Default Queue} wl_registry#2.global(63, "zwp_idle_inhibit_manager_v1", 1)
[20:54:55.017260] {Default Queue}  -> wl_registry#2.bind(63, "zwp_idle_inhibit_manager_v1", 1, new id [unknown]#25)
[20:54:55.017261] {Default Queue} wl_registry#2.global(64, "ext_session_lock_manager_v1", 1)
[20:54:55.017262] {Default Queue} wl_registry#2.global(65, "aqueous_shell_manager_v1", 2)
[20:54:55.017262] {Default Queue} wl_registry#2.global(66, "zwp_keyboard_shortcuts_inhibit_manager_v1", 1)
[20:54:55.017263] {Default Queue}  -> wl_registry#2.bind(66, "zwp_keyboard_shortcuts_inhibit_manager_v1", 1, new id [unknown]#26)
[20:54:55.017264] {Default Queue} wl_registry#2.global(67, "xdg_system_bell_v1", 1)
[20:54:55.017265] {Default Queue}  -> wl_registry#2.bind(67, "xdg_system_bell_v1", 1, new id [unknown]#27)
[20:54:55.017266] {Default Queue} wl_registry#2.global(68, "wl_output", 4)
[20:54:55.017267] {Default Queue}  -> wl_registry#2.bind(68, "wl_output", 4, new id [unknown]#28)
[20:54:55.017293] {Default Queue}  -> zxdg_output_manager_v1#21.get_xdg_output(new id zxdg_output_v1#29, wl_output#28)
[20:54:55.017298] {Default Queue}  -> wl_display#1.sync(new id wl_callback#30)
[20:54:55.017299] {Default Queue} wl_registry#2.global(69, "wl_output", 4)
[20:54:55.017300] {Default Queue}  -> wl_registry#2.bind(69, "wl_output", 4, new id [unknown]#31)
[20:54:55.017302] {Default Queue}  -> zxdg_output_manager_v1#21.get_xdg_output(new id zxdg_output_v1#32, wl_output#31)
[20:54:55.017303] {Default Queue}  -> wl_display#1.sync(new id wl_callback#33)
[20:54:55.017304] {Default Queue} wl_callback#3.done(2)
[20:54:55.017306] {Default Queue}  -> wl_registry#2.bind(60, "wl_seat", 9, new id [unknown]#3)
[20:54:55.018421] {Default Queue}  -> zwp_primary_selection_device_manager_v1#19.get_device(new id zwp_primary_selection_device_v1#34, wl_seat#3)
[20:54:55.018426] {Default Queue}  -> wl_data_device_manager#18.get_data_device(new id wl_data_device#35, wl_seat#3)
[20:54:55.018452] {Default Queue}  -> wl_compositor#4.create_surface(new id wl_surface#36)
[20:54:55.018454] {Default Queue}  -> wp_viewporter#10.get_viewport(new id wp_viewport#37, wl_surface#36)
[20:54:55.018455] {Default Queue}  -> wp_fractional_scale_manager_v1#11.get_fractional_scale(new id wp_fractional_scale_v1#38, wl_surface#36)
[20:54:55.018456] {Default Queue}  -> zwp_tablet_manager_v2#24.get_tablet_seat(new id zwp_tablet_seat_v2#39, wl_seat#3)
[20:54:55.018460] {Default Queue}  -> wl_display#1.sync(new id wl_callback#40)
[20:54:55.018568] {Display Queue} wl_display#1.delete_id(22)
[20:54:55.018570] {Display Queue} wl_display#1.delete_id(30)
[20:54:55.018570] {Display Queue} wl_display#1.delete_id(33)
[20:54:55.018571] {Display Queue} wl_display#1.delete_id(40)
[20:54:55.018572] {Default Queue} wl_shm#5.format(0)
[20:54:55.018572] {Default Queue} wl_shm#5.format(875709016)
[20:54:55.018573] {Default Queue} wl_shm#5.format(1)
[20:54:55.018573] {Default Queue} wl_shm#5.format(875708993)
[20:54:55.018574] {Default Queue} wl_shm#5.format(875708754)
[20:54:55.018574] {Default Queue} wl_shm#5.format(875714642)
[20:54:55.018575] {Default Queue} wl_shm#5.format(875708738)
[20:54:55.018576] {Default Queue} wl_shm#5.format(875714626)
[20:54:55.018576] {Default Queue} wl_shm#5.format(909199186)
[20:54:55.018577] {Default Queue} wl_shm#5.format(909199170)
[20:54:55.018577] {Default Queue} wl_shm#5.format(808669761)
[20:54:55.018577] {Default Queue} wl_shm#5.format(808669784)
[20:54:55.018578] {Default Queue} wl_shm#5.format(808665665)
[20:54:55.018578] {Default Queue} wl_shm#5.format(808665688)
[20:54:55.018579] {Default Queue} wl_shm#5.format(942948929)
[20:54:55.018579] {Default Queue} wp_color_representation_manager_v1#7.supported_alpha_mode(0)
[20:54:55.018580] {Default Queue} wp_color_representation_manager_v1#7.supported_coefficients_and_ranges(1, 1)
[20:54:55.018581] {Default Queue} wp_color_representation_manager_v1#7.done()
[20:54:55.018582] {Default Queue} discarded xdg_toplevel_icon_manager_v1#9.icon_size(32)
[20:54:55.018583] {Default Queue} discarded xdg_toplevel_icon_manager_v1#9.icon_size(64)
[20:54:55.018583] {Default Queue} discarded xdg_toplevel_icon_manager_v1#9.icon_size(128)
[20:54:55.018584] {Default Queue} discarded xdg_toplevel_icon_manager_v1#9.done()
[20:54:55.018584] {Default Queue} org_kde_kwin_server_decoration_manager#14.default_mode(1)
[20:54:55.018585] {Default Queue} discarded wp_presentation#20.clock_id(1)
[20:54:55.018586] {Default Queue} wl_callback#22.done(2)
[20:54:55.018587] {Default Queue} wl_output#28.geometry(0, 0, 0, 0, 0, "Unknown", "Unknown", 0)
[20:54:55.018590] {Default Queue} wl_output#28.mode(1, 1280, 720, 0)
[20:54:55.018591] {Default Queue} wl_output#28.scale(1)
[20:54:55.018592] {Default Queue} wl_output#28.name("HEADLESS-2")
[20:54:55.018593] {Default Queue} wl_output#28.description("Headless output 2")
[20:54:55.018594] {Default Queue} wl_output#28.done()
[20:54:55.018595] {Default Queue} zxdg_output_v1#29.name("HEADLESS-2")
[20:54:55.018595] {Default Queue} zxdg_output_v1#29.description("Headless output 2")
[20:54:55.018596] {Default Queue} zxdg_output_v1#29.logical_position(0, 0)
[20:54:55.018597] {Default Queue} zxdg_output_v1#29.logical_size(1280, 720)
[20:54:55.018597] {Default Queue} wl_output#28.done()
[20:54:55.018598] {Default Queue} wl_callback#30.done(2)
[20:54:55.018599] {Default Queue} wl_output#31.geometry(0, 0, 0, 0, 0, "Unknown", "Unknown", 0)
[20:54:55.018600] {Default Queue} wl_output#31.mode(1, 1280, 720, 0)
[20:54:55.018601] {Default Queue} wl_output#31.scale(2)
[20:54:55.018602] {Default Queue} wl_output#31.name("HEADLESS-1")
[20:54:55.018602] {Default Queue} wl_output#31.description("Headless output 1")
[20:54:55.018603] {Default Queue} wl_output#31.done()
[20:54:55.018604] {Default Queue} zxdg_output_v1#32.name("HEADLESS-1")
[20:54:55.018604] {Default Queue} zxdg_output_v1#32.description("Headless output 1")
[20:54:55.018605] {Default Queue} zxdg_output_v1#32.logical_position(-854, 0)
[20:54:55.018605] {Default Queue} zxdg_output_v1#32.logical_size(853, 480)
[20:54:55.018606] {Default Queue} wl_output#31.done()
[20:54:55.018607] {Default Queue} wl_callback#33.done(2)
[20:54:55.018607] {Default Queue} wl_seat#3.name("default")
[20:54:55.018608] {Default Queue} wl_seat#3.capabilities(0)
[20:54:55.018609] {Default Queue} wl_callback#40.done(2)
[20:54:55.018610] {Default Queue}  -> wl_registry#2.bind(19, "xdg_wm_base", 7, new id [unknown]#40)
[20:54:55.028017] {Default Queue}  -> wl_display#1.get_registry(new id wl_registry#33)
[20:54:55.028021] {Default Queue}  -> wl_display#1.sync(new id wl_callback#30)
[20:54:55.028072] {Display Queue} wl_display#1.delete_id(30)
[20:54:55.028077] {Default Queue} wl_registry#33.global(1, "wl_compositor", 6)
[20:54:55.028079] {Default Queue} wl_registry#33.global(2, "wl_fixes", 1)
[20:54:55.028080] {Default Queue} wl_registry#33.global(3, "wp_security_context_manager_v1", 1)
[20:54:55.028081] {Default Queue} wl_registry#33.global(4, "wl_shm", 2)
[20:54:55.028082] {Default Queue} wl_registry#33.global(5, "wp_single_pixel_buffer_manager_v1", 1)
[20:54:55.028082] {Default Queue} wl_registry#33.global(6, "wp_alpha_modifier_v1", 1)
[20:54:55.028083] {Default Queue} wl_registry#33.global(7, "wp_color_representation_manager_v1", 1)
[20:54:55.028083] {Default Queue} wl_registry#33.global(8, "wp_content_type_manager_v1", 1)
[20:54:55.028084] {Default Queue} wl_registry#33.global(9, "wp_fifo_manager_v1", 1)
[20:54:55.028085] {Default Queue} wl_registry#33.global(10, "wp_commit_timing_manager_v1", 1)
[20:54:55.028085] {Default Queue} wl_registry#33.global(11, "xdg_wm_dialog_v1", 1)
[20:54:55.028086] {Default Queue} wl_registry#33.global(12, "xdg_toplevel_drag_manager_v1", 1)
[20:54:55.028086] {Default Queue} wl_registry#33.global(13, "xdg_toplevel_icon_manager_v1", 1)
[20:54:55.028087] {Default Queue} wl_registry#33.global(14, "xdg_toplevel_tag_manager_v1", 1)
[20:54:55.028088] {Default Queue} wl_registry#33.global(15, "wp_viewporter", 1)
[20:54:55.028088] {Default Queue} wl_registry#33.global(16, "wp_fractional_scale_manager_v1", 1)
[20:54:55.028089] {Default Queue} wl_registry#33.global(17, "wl_subcompositor", 1)
[20:54:55.028090] {Default Queue} wl_registry#33.global(18, "wp_cursor_shape_manager_v1", 2)
[20:54:55.028091] {Default Queue} wl_registry#33.global(19, "xdg_wm_base", 7)
[20:54:55.028091] {Default Queue} wl_registry#33.global(20, "zxdg_decoration_manager_v1", 1)
[20:54:55.028092] {Default Queue} wl_registry#33.global(21, "org_kde_kwin_server_decoration_manager", 1)
[20:54:55.028092] {Default Queue} wl_registry#33.global(22, "xdg_activation_v1", 1)
[20:54:55.028093] {Default Queue} wl_registry#33.global(23, "zxdg_exporter_v2", 1)
[20:54:55.028094] {Default Queue} wl_registry#33.global(24, "zxdg_importer_v2", 1)
[20:54:55.028094] {Default Queue} wl_registry#33.global(25, "wl_data_device_manager", 3)
[20:54:55.028095] {Default Queue} wl_registry#33.global(26, "zwp_primary_selection_device_manager_v1", 1)
[20:54:55.028096] {Default Queue} wl_registry#33.global(27, "ext_data_control_manager_v1", 1)
[20:54:55.028096] {Default Queue} wl_registry#33.global(28, "zwlr_data_control_manager_v1", 2)
[20:54:55.028097] {Default Queue} wl_registry#33.global(29, "zwlr_export_dmabuf_manager_v1", 1)
[20:54:55.028097] {Default Queue} wl_registry#33.global(30, "zwlr_screencopy_manager_v1", 3)
[20:54:55.028099] {Default Queue} wl_registry#33.global(31, "ext_image_copy_capture_manager_v1", 1)
[20:54:55.028100] {Default Queue} wl_registry#33.global(32, "aqueous_capture_color_manager_v1", 1)
[20:54:55.028100] {Default Queue} wl_registry#33.global(33, "ext_output_image_capture_source_manager_v1", 1)
[20:54:55.028101] {Default Queue} wl_registry#33.global(34, "zwlr_foreign_toplevel_manager_v1", 3)
[20:54:55.028102] {Default Queue} wl_registry#33.global(35, "ext_foreign_toplevel_list_v1", 1)
[20:54:55.028102] {Default Queue} wl_registry#33.global(36, "ext_foreign_toplevel_image_capture_source_manager_v1", 1)
[20:54:55.028103] {Default Queue} wl_registry#33.global(37, "wp_tearing_control_manager_v1", 1)
[20:54:55.028103] {Default Queue} wl_registry#33.global(38, "aqueous_window_manager_v1", 10)
[20:54:55.028104] {Default Queue} wl_registry#33.global(39, "ext_workspace_manager_v1", 1)
[20:54:55.028105] {Default Queue} wl_registry#33.global(40, "aqueous_window_info_manager_v1", 8)
[20:54:55.028105] {Default Queue} wl_registry#33.global(41, "aqueous_xkb_bindings_v1", 3)
[20:54:55.028106] {Default Queue} wl_registry#33.global(42, "aqueous_layer_shell_v1", 1)
[20:54:55.028107] {Default Queue} wl_registry#33.global(43, "zwlr_layer_shell_v1", 4)
[20:54:55.028108] {Default Queue}  -> wl_registry#33.bind(43, "zwlr_layer_shell_v1", 4, new id [unknown]#22)
[20:54:55.028112] {Default Queue} wl_registry#33.global(44, "zwlr_gamma_control_manager_v1", 1)
[20:54:55.028113] {Default Queue} wl_registry#33.global(45, "wp_presentation", 2)
[20:54:55.028114] {Default Queue} wl_registry#33.global(46, "zxdg_output_manager_v1", 3)
[20:54:55.028114] {Default Queue} wl_registry#33.global(47, "zwlr_output_manager_v1", 4)
[20:54:55.028115] {Default Queue} wl_registry#33.global(48, "zwlr_output_power_manager_v1", 1)
[20:54:55.028115] {Default Queue} wl_registry#33.global(49, "aqueous_input_manager_v1", 2)
[20:54:55.028116] {Default Queue} wl_registry#33.global(50, "ext_idle_notifier_v1", 2)
[20:54:55.028117] {Default Queue} wl_registry#33.global(51, "zwp_relative_pointer_manager_v1", 1)
[20:54:55.028117] {Default Queue} wl_registry#33.global(52, "zwp_pointer_gestures_v1", 3)
[20:54:55.028118] {Default Queue} wl_registry#33.global(53, "zwlr_virtual_pointer_manager_v1", 2)
[20:54:55.028119] {Default Queue} wl_registry#33.global(54, "zwp_virtual_keyboard_manager_v1", 1)
[20:54:55.028119] {Default Queue} wl_registry#33.global(55, "zwp_pointer_constraints_v1", 1)
[20:54:55.028120] {Default Queue} wl_registry#33.global(56, "zwp_input_method_manager_v2", 1)
[20:54:55.028120] {Default Queue} wl_registry#33.global(57, "zwp_text_input_manager_v3", 1)
[20:54:55.028121] {Default Queue} wl_registry#33.global(58, "zwp_tablet_manager_v2", 1)
[20:54:55.028122] {Default Queue} wl_registry#33.global(59, "wp_pointer_warp_v1", 1)
[20:54:55.028122] {Default Queue} wl_registry#33.global(60, "wl_seat", 9)
[20:54:55.028123] {Default Queue} wl_registry#33.global(61, "aqueous_libinput_config_v1", 2)
[20:54:55.028123] {Default Queue} wl_registry#33.global(62, "aqueous_xkb_config_v1", 2)
[20:54:55.028124] {Default Queue} wl_registry#33.global(63, "zwp_idle_inhibit_manager_v1", 1)
[20:54:55.028125] {Default Queue} wl_registry#33.global(64, "ext_session_lock_manager_v1", 1)
[20:54:55.028125] {Default Queue} wl_registry#33.global(65, "aqueous_shell_manager_v1", 2)
[20:54:55.028126] {Default Queue} wl_registry#33.global(66, "zwp_keyboard_shortcuts_inhibit_manager_v1", 1)
[20:54:55.028126] {Default Queue} wl_registry#33.global(67, "xdg_system_bell_v1", 1)
[20:54:55.028127] {Default Queue} wl_registry#33.global(68, "wl_output", 4)
[20:54:55.028128] {Default Queue} wl_registry#33.global(69, "wl_output", 4)
[20:54:55.028128] {Default Queue} wl_callback#30.done(2)
[20:54:55.028131] {Default Queue}  -> wl_display#1.get_registry(new id wl_registry#30)
[20:54:55.028134] {Default Queue}  -> wl_display#1.get_registry(new id wl_registry#41)
[20:54:55.028484] {Default Queue}  -> wl_display#1.get_registry(new id wl_registry#42)
[20:54:55.028486] {Default Queue}  -> wl_display#1.sync(new id wl_callback#43)
[20:54:55.028500] {Default Queue} wl_registry#30.global(1, "wl_compositor", 6)
[20:54:55.028502] {Default Queue}  -> wl_registry#30.bind(1, "wl_compositor", 6, new id [unknown]#44)
[20:54:55.028505] {Default Queue} wl_registry#30.global(2, "wl_fixes", 1)
[20:54:55.028506] {Default Queue} wl_registry#30.global(3, "wp_security_context_manager_v1", 1)
[20:54:55.028507] {Default Queue} wl_registry#30.global(4, "wl_shm", 2)
[20:54:55.028507] {Default Queue} wl_registry#30.global(5, "wp_single_pixel_buffer_manager_v1", 1)
[20:54:55.028508] {Default Queue} wl_registry#30.global(6, "wp_alpha_modifier_v1", 1)
[20:54:55.028509] {Default Queue} wl_registry#30.global(7, "wp_color_representation_manager_v1", 1)
[20:54:55.028510] {Default Queue} wl_registry#30.global(8, "wp_content_type_manager_v1", 1)
[20:54:55.028510] {Default Queue} wl_registry#30.global(9, "wp_fifo_manager_v1", 1)
[20:54:55.028511] {Default Queue} wl_registry#30.global(10, "wp_commit_timing_manager_v1", 1)
[20:54:55.028512] {Default Queue} wl_registry#30.global(11, "xdg_wm_dialog_v1", 1)
[20:54:55.028512] {Default Queue} wl_registry#30.global(12, "xdg_toplevel_drag_manager_v1", 1)
[20:54:55.028513] {Default Queue} wl_registry#30.global(13, "xdg_toplevel_icon_manager_v1", 1)
[20:54:55.028513] {Default Queue} wl_registry#30.global(14, "xdg_toplevel_tag_manager_v1", 1)
[20:54:55.028514] {Default Queue} wl_registry#30.global(15, "wp_viewporter", 1)
[20:54:55.028515] {Default Queue} wl_registry#30.global(16, "wp_fractional_scale_manager_v1", 1)
[20:54:55.028515] {Default Queue} wl_registry#30.global(17, "wl_subcompositor", 1)
[20:54:55.028516] {Default Queue} wl_registry#30.global(18, "wp_cursor_shape_manager_v1", 2)
[20:54:55.028516] {Default Queue} wl_registry#30.global(19, "xdg_wm_base", 7)
[20:54:55.028517] {Default Queue} wl_registry#30.global(20, "zxdg_decoration_manager_v1", 1)
[20:54:55.028518] {Default Queue} wl_registry#30.global(21, "org_kde_kwin_server_decoration_manager", 1)
[20:54:55.028518] {Default Queue} wl_registry#30.global(22, "xdg_activation_v1", 1)
[20:54:55.028519] {Default Queue} wl_registry#30.global(23, "zxdg_exporter_v2", 1)
[20:54:55.028520] {Default Queue} wl_registry#30.global(24, "zxdg_importer_v2", 1)
[20:54:55.028520] {Default Queue} wl_registry#30.global(25, "wl_data_device_manager", 3)
[20:54:55.028521] {Default Queue} wl_registry#30.global(26, "zwp_primary_selection_device_manager_v1", 1)
[20:54:55.028521] {Default Queue} wl_registry#30.global(27, "ext_data_control_manager_v1", 1)
[20:54:55.028522] {Default Queue} wl_registry#30.global(28, "zwlr_data_control_manager_v1", 2)
[20:54:55.028522] {Default Queue} wl_registry#30.global(29, "zwlr_export_dmabuf_manager_v1", 1)
[20:54:55.028523] {Default Queue} wl_registry#30.global(30, "zwlr_screencopy_manager_v1", 3)
[20:54:55.028524] {Default Queue} wl_registry#30.global(31, "ext_image_copy_capture_manager_v1", 1)
[20:54:55.028524] {Default Queue} wl_registry#30.global(32, "aqueous_capture_color_manager_v1", 1)
[20:54:55.028525] {Default Queue} wl_registry#30.global(33, "ext_output_image_capture_source_manager_v1", 1)
[20:54:55.028526] {Default Queue} wl_registry#30.global(34, "zwlr_foreign_toplevel_manager_v1", 3)
[20:54:55.028526] {Default Queue} wl_registry#30.global(35, "ext_foreign_toplevel_list_v1", 1)
[20:54:55.028527] {Default Queue} wl_registry#30.global(36, "ext_foreign_toplevel_image_capture_source_manager_v1", 1)
[20:54:55.028528] {Default Queue} wl_registry#30.global(37, "wp_tearing_control_manager_v1", 1)
[20:54:55.028528] {Default Queue} wl_registry#30.global(38, "aqueous_window_manager_v1", 10)
[20:54:55.028529] {Default Queue} wl_registry#30.global(39, "ext_workspace_manager_v1", 1)
[20:54:55.028529] {Default Queue} wl_registry#30.global(40, "aqueous_window_info_manager_v1", 8)
[20:54:55.028530] {Default Queue} wl_registry#30.global(41, "aqueous_xkb_bindings_v1", 3)
[20:54:55.028531] {Default Queue} wl_registry#30.global(42, "aqueous_layer_shell_v1", 1)
[20:54:55.028535] {Default Queue} wl_registry#30.global(43, "zwlr_layer_shell_v1", 4)
[20:54:55.028536] {Default Queue} wl_registry#30.global(44, "zwlr_gamma_control_manager_v1", 1)
[20:54:55.028537] {Default Queue} wl_registry#30.global(45, "wp_presentation", 2)
[20:54:55.028537] {Default Queue} wl_registry#30.global(46, "zxdg_output_manager_v1", 3)
[20:54:55.028538] {Default Queue} wl_registry#30.global(47, "zwlr_output_manager_v1", 4)
[20:54:55.028539] {Default Queue} wl_registry#30.global(48, "zwlr_output_power_manager_v1", 1)
[20:54:55.028539] {Default Queue} wl_registry#30.global(49, "aqueous_input_manager_v1", 2)
[20:54:55.028540] {Default Queue} wl_registry#30.global(50, "ext_idle_notifier_v1", 2)
[20:54:55.028541] {Default Queue} wl_registry#30.global(51, "zwp_relative_pointer_manager_v1", 1)
[20:54:55.028541] {Default Queue} wl_registry#30.global(52, "zwp_pointer_gestures_v1", 3)
[20:54:55.028542] {Default Queue} wl_registry#30.global(53, "zwlr_virtual_pointer_manager_v1", 2)
[20:54:55.028542] {Default Queue} wl_registry#30.global(54, "zwp_virtual_keyboard_manager_v1", 1)
[20:54:55.028543] {Default Queue} wl_registry#30.global(55, "zwp_pointer_constraints_v1", 1)
[20:54:55.028543] {Default Queue} wl_registry#30.global(56, "zwp_input_method_manager_v2", 1)
[20:54:55.028544] {Default Queue} wl_registry#30.global(57, "zwp_text_input_manager_v3", 1)
[20:54:55.028545] {Default Queue} wl_registry#30.global(58, "zwp_tablet_manager_v2", 1)
[20:54:55.028545] {Default Queue} wl_registry#30.global(59, "wp_pointer_warp_v1", 1)
[20:54:55.028546] {Default Queue} wl_registry#30.global(60, "wl_seat", 9)
[20:54:55.028546] {Default Queue} wl_registry#30.global(61, "aqueous_libinput_config_v1", 2)
[20:54:55.028547] {Default Queue} wl_registry#30.global(62, "aqueous_xkb_config_v1", 2)
[20:54:55.028547] {Default Queue} wl_registry#30.global(63, "zwp_idle_inhibit_manager_v1", 1)
[20:54:55.028548] {Default Queue} wl_registry#30.global(64, "ext_session_lock_manager_v1", 1)
[20:54:55.028549] {Default Queue} wl_registry#30.global(65, "aqueous_shell_manager_v1", 2)
[20:54:55.028550] {Default Queue}  -> wl_registry#30.bind(65, "aqueous_shell_manager_v1", 2, new id [unknown]#45)
[20:54:55.028552] {Default Queue} wl_registry#30.global(66, "zwp_keyboard_shortcuts_inhibit_manager_v1", 1)
[20:54:55.028553] {Default Queue} wl_registry#30.global(67, "xdg_system_bell_v1", 1)
[20:54:55.028553] {Default Queue} wl_registry#30.global(68, "wl_output", 4)
[20:54:55.028554] {Default Queue} wl_registry#30.global(69, "wl_output", 4)
[20:54:55.028554] {Default Queue} wl_registry#41.global(1, "wl_compositor", 6)
[20:54:55.028555] {Default Queue} wl_registry#41.global(2, "wl_fixes", 1)
[20:54:55.028556] {Default Queue} wl_registry#41.global(3, "wp_security_context_manager_v1", 1)
[20:54:55.028556] {Default Queue} wl_registry#41.global(4, "wl_shm", 2)
[20:54:55.028557] {Default Queue} wl_registry#41.global(5, "wp_single_pixel_buffer_manager_v1", 1)
[20:54:55.028557] {Default Queue} wl_registry#41.global(6, "wp_alpha_modifier_v1", 1)
[20:54:55.028558] {Default Queue} wl_registry#41.global(7, "wp_color_representation_manager_v1", 1)
[20:54:55.028558] {Default Queue} wl_registry#41.global(8, "wp_content_type_manager_v1", 1)
[20:54:55.028559] {Default Queue} wl_registry#41.global(9, "wp_fifo_manager_v1", 1)
[20:54:55.028560] {Default Queue} wl_registry#41.global(10, "wp_commit_timing_manager_v1", 1)
[20:54:55.028560] {Default Queue} wl_registry#41.global(11, "xdg_wm_dialog_v1", 1)
[20:54:55.028561] {Default Queue} wl_registry#41.global(12, "xdg_toplevel_drag_manager_v1", 1)
[20:54:55.028561] {Default Queue} wl_registry#41.global(13, "xdg_toplevel_icon_manager_v1", 1)
[20:54:55.028562] {Default Queue} wl_registry#41.global(14, "xdg_toplevel_tag_manager_v1", 1)
[20:54:55.028563] {Default Queue} wl_registry#41.global(15, "wp_viewporter", 1)
[20:54:55.028563] {Default Queue} wl_registry#41.global(16, "wp_fractional_scale_manager_v1", 1)
[20:54:55.028564] {Default Queue} wl_registry#41.global(17, "wl_subcompositor", 1)
[20:54:55.028564] {Default Queue} wl_registry#41.global(18, "wp_cursor_shape_manager_v1", 2)
[20:54:55.028565] {Default Queue} wl_registry#41.global(19, "xdg_wm_base", 7)
[20:54:55.028565] {Default Queue} wl_registry#41.global(20, "zxdg_decoration_manager_v1", 1)
[20:54:55.028566] {Default Queue} wl_registry#41.global(21, "org_kde_kwin_server_decoration_manager", 1)
[20:54:55.028566] {Default Queue} wl_registry#41.global(22, "xdg_activation_v1", 1)
[20:54:55.028567] {Default Queue} wl_registry#41.global(23, "zxdg_exporter_v2", 1)
[20:54:55.028568] {Default Queue} wl_registry#41.global(24, "zxdg_importer_v2", 1)
[20:54:55.028568] {Default Queue} wl_registry#41.global(25, "wl_data_device_manager", 3)
[20:54:55.028569] {Default Queue} wl_registry#41.global(26, "zwp_primary_selection_device_manager_v1", 1)
[20:54:55.028569] {Default Queue} wl_registry#41.global(27, "ext_data_control_manager_v1", 1)
[20:54:55.028570] {Default Queue} wl_registry#41.global(28, "zwlr_data_control_manager_v1", 2)
[20:54:55.028570] {Default Queue} wl_registry#41.global(29, "zwlr_export_dmabuf_manager_v1", 1)
[20:54:55.028571] {Default Queue} wl_registry#41.global(30, "zwlr_screencopy_manager_v1", 3)
[20:54:55.028572] {Default Queue} wl_registry#41.global(31, "ext_image_copy_capture_manager_v1", 1)
[20:54:55.028572] {Default Queue} wl_registry#41.global(32, "aqueous_capture_color_manager_v1", 1)
[20:54:55.028573] {Default Queue} wl_registry#41.global(33, "ext_output_image_capture_source_manager_v1", 1)
[20:54:55.028573] {Default Queue} wl_registry#41.global(34, "zwlr_foreign_toplevel_manager_v1", 3)
[20:54:55.028574] {Default Queue} wl_registry#41.global(35, "ext_foreign_toplevel_list_v1", 1)
[20:54:55.028574] {Default Queue} wl_registry#41.global(36, "ext_foreign_toplevel_image_capture_source_manager_v1", 1)
[20:54:55.028575] {Default Queue} wl_registry#41.global(37, "wp_tearing_control_manager_v1", 1)
[20:54:55.028575] {Default Queue} wl_registry#41.global(38, "aqueous_window_manager_v1", 10)
[20:54:55.028576] {Default Queue} wl_registry#41.global(39, "ext_workspace_manager_v1", 1)
[20:54:55.028577] {Default Queue} wl_registry#41.global(40, "aqueous_window_info_manager_v1", 8)
[20:54:55.028577] {Default Queue} wl_registry#41.global(41, "aqueous_xkb_bindings_v1", 3)
[20:54:55.028578] {Default Queue} wl_registry#41.global(42, "aqueous_layer_shell_v1", 1)
[20:54:55.028578] {Default Queue} wl_registry#41.global(43, "zwlr_layer_shell_v1", 4)
[20:54:55.028579] {Default Queue} wl_registry#41.global(44, "zwlr_gamma_control_manager_v1", 1)
[20:54:55.028579] {Default Queue} wl_registry#41.global(45, "wp_presentation", 2)
[20:54:55.028580] {Default Queue} wl_registry#41.global(46, "zxdg_output_manager_v1", 3)
[20:54:55.028581] {Default Queue} wl_registry#41.global(47, "zwlr_output_manager_v1", 4)
[20:54:55.028581] {Default Queue} wl_registry#41.global(48, "zwlr_output_power_manager_v1", 1)
[20:54:55.028582] {Default Queue} wl_registry#41.global(49, "aqueous_input_manager_v1", 2)
[20:54:55.028582] {Default Queue} wl_registry#41.global(50, "ext_idle_notifier_v1", 2)
[20:54:55.028583] {Default Queue} wl_registry#41.global(51, "zwp_relative_pointer_manager_v1", 1)
[20:54:55.028583] {Default Queue} wl_registry#41.global(52, "zwp_pointer_gestures_v1", 3)
[20:54:55.028584] {Default Queue} wl_registry#41.global(53, "zwlr_virtual_pointer_manager_v1", 2)
[20:54:55.028584] {Default Queue} wl_registry#41.global(54, "zwp_virtual_keyboard_manager_v1", 1)
[20:54:55.028585] {Default Queue} wl_registry#41.global(55, "zwp_pointer_constraints_v1", 1)
[20:54:55.028586] {Default Queue} wl_registry#41.global(56, "zwp_input_method_manager_v2", 1)
[20:54:55.028586] {Default Queue} wl_registry#41.global(57, "zwp_text_input_manager_v3", 1)
[20:54:55.028587] {Default Queue} wl_registry#41.global(58, "zwp_tablet_manager_v2", 1)
[20:54:55.028588] {Default Queue} wl_registry#41.global(59, "wp_pointer_warp_v1", 1)
[20:54:55.028588] {Default Queue} wl_registry#41.global(60, "wl_seat", 9)
[20:54:55.028589] {Default Queue} wl_registry#41.global(61, "aqueous_libinput_config_v1", 2)
[20:54:55.028589] {Default Queue} wl_registry#41.global(62, "aqueous_xkb_config_v1", 2)
[20:54:55.028590] {Default Queue} wl_registry#41.global(63, "zwp_idle_inhibit_manager_v1", 1)
[20:54:55.028591] {Default Queue} wl_registry#41.global(64, "ext_session_lock_manager_v1", 1)
[20:54:55.028591] {Default Queue} wl_registry#41.global(65, "aqueous_shell_manager_v1", 2)
[20:54:55.028592] {Default Queue} wl_registry#41.global(66, "zwp_keyboard_shortcuts_inhibit_manager_v1", 1)
[20:54:55.028592] {Default Queue} wl_registry#41.global(67, "xdg_system_bell_v1", 1)
[20:54:55.028593] {Default Queue} wl_registry#41.global(68, "wl_output", 4)
[20:54:55.028593] {Default Queue} wl_registry#41.global(69, "wl_output", 4)
[20:54:55.028601] {Display Queue} wl_display#1.delete_id(43)
[20:54:55.028602] {Default Queue} wl_registry#42.global(1, "wl_compositor", 6)
[20:54:55.028603] {Default Queue} wl_registry#42.global(2, "wl_fixes", 1)
[20:54:55.028604] {Default Queue} wl_registry#42.global(3, "wp_security_context_manager_v1", 1)
[20:54:55.028604] {Default Queue} wl_registry#42.global(4, "wl_shm", 2)
[20:54:55.028605] {Default Queue} wl_registry#42.global(5, "wp_single_pixel_buffer_manager_v1", 1)
[20:54:55.028606] {Default Queue} wl_registry#42.global(6, "wp_alpha_modifier_v1", 1)
[20:54:55.028606] {Default Queue} wl_registry#42.global(7, "wp_color_representation_manager_v1", 1)
[20:54:55.028607] {Default Queue} wl_registry#42.global(8, "wp_content_type_manager_v1", 1)
[20:54:55.028607] {Default Queue} wl_registry#42.global(9, "wp_fifo_manager_v1", 1)
[20:54:55.028608] {Default Queue} wl_registry#42.global(10, "wp_commit_timing_manager_v1", 1)
[20:54:55.028609] {Default Queue} wl_registry#42.global(11, "xdg_wm_dialog_v1", 1)
[20:54:55.028609] {Default Queue} wl_registry#42.global(12, "xdg_toplevel_drag_manager_v1", 1)
[20:54:55.028610] {Default Queue} wl_registry#42.global(13, "xdg_toplevel_icon_manager_v1", 1)
[20:54:55.028610] {Default Queue} wl_registry#42.global(14, "xdg_toplevel_tag_manager_v1", 1)
[20:54:55.028611] {Default Queue} wl_registry#42.global(15, "wp_viewporter", 1)
[20:54:55.028612] {Default Queue} wl_registry#42.global(16, "wp_fractional_scale_manager_v1", 1)
[20:54:55.028612] {Default Queue} wl_registry#42.global(17, "wl_subcompositor", 1)
[20:54:55.028613] {Default Queue} wl_registry#42.global(18, "wp_cursor_shape_manager_v1", 2)
[20:54:55.028613] {Default Queue} wl_registry#42.global(19, "xdg_wm_base", 7)
[20:54:55.028614] {Default Queue} wl_registry#42.global(20, "zxdg_decoration_manager_v1", 1)
[20:54:55.028615] {Default Queue} wl_registry#42.global(21, "org_kde_kwin_server_decoration_manager", 1)
[20:54:55.028615] {Default Queue} wl_registry#42.global(22, "xdg_activation_v1", 1)
[20:54:55.028616] {Default Queue} wl_registry#42.global(23, "zxdg_exporter_v2", 1)
[20:54:55.028616] {Default Queue} wl_registry#42.global(24, "zxdg_importer_v2", 1)
[20:54:55.028617] {Default Queue} wl_registry#42.global(25, "wl_data_device_manager", 3)
[20:54:55.028618] {Default Queue} wl_registry#42.global(26, "zwp_primary_selection_device_manager_v1", 1)
[20:54:55.028618] {Default Queue} wl_registry#42.global(27, "ext_data_control_manager_v1", 1)
[20:54:55.028619] {Default Queue} wl_registry#42.global(28, "zwlr_data_control_manager_v1", 2)
[20:54:55.028619] {Default Queue} wl_registry#42.global(29, "zwlr_export_dmabuf_manager_v1", 1)
[20:54:55.028620] {Default Queue} wl_registry#42.global(30, "zwlr_screencopy_manager_v1", 3)
[20:54:55.028621] {Default Queue} wl_registry#42.global(31, "ext_image_copy_capture_manager_v1", 1)
[20:54:55.028621] {Default Queue} wl_registry#42.global(32, "aqueous_capture_color_manager_v1", 1)
[20:54:55.028622] {Default Queue} wl_registry#42.global(33, "ext_output_image_capture_source_manager_v1", 1)
[20:54:55.028622] {Default Queue} wl_registry#42.global(34, "zwlr_foreign_toplevel_manager_v1", 3)
[20:54:55.028623] {Default Queue} wl_registry#42.global(35, "ext_foreign_toplevel_list_v1", 1)
[20:54:55.028624] {Default Queue} wl_registry#42.global(36, "ext_foreign_toplevel_image_capture_source_manager_v1", 1)
[20:54:55.028624] {Default Queue} wl_registry#42.global(37, "wp_tearing_control_manager_v1", 1)
[20:54:55.028625] {Default Queue} wl_registry#42.global(38, "aqueous_window_manager_v1", 10)
[20:54:55.028626] {Default Queue} wl_registry#42.global(39, "ext_workspace_manager_v1", 1)
[20:54:55.028626] {Default Queue} wl_registry#42.global(40, "aqueous_window_info_manager_v1", 8)
[20:54:55.028627] {Default Queue} wl_registry#42.global(41, "aqueous_xkb_bindings_v1", 3)
[20:54:55.028627] {Default Queue} wl_registry#42.global(42, "aqueous_layer_shell_v1", 1)
[20:54:55.028628] {Default Queue} wl_registry#42.global(43, "zwlr_layer_shell_v1", 4)
[20:54:55.028629] {Default Queue}  -> wl_registry#42.bind(43, "zwlr_layer_shell_v1", 4, new id [unknown]#46)
[20:54:55.028630] {Default Queue} wl_registry#42.global(44, "zwlr_gamma_control_manager_v1", 1)
[20:54:55.028630] {Default Queue} wl_registry#42.global(45, "wp_presentation", 2)
[20:54:55.028631] {Default Queue} wl_registry#42.global(46, "zxdg_output_manager_v1", 3)
[20:54:55.028632] {Default Queue} wl_registry#42.global(47, "zwlr_output_manager_v1", 4)
[20:54:55.028632] {Default Queue} wl_registry#42.global(48, "zwlr_output_power_manager_v1", 1)
[20:54:55.028633] {Default Queue} wl_registry#42.global(49, "aqueous_input_manager_v1", 2)
[20:54:55.028633] {Default Queue} wl_registry#42.global(50, "ext_idle_notifier_v1", 2)
[20:54:55.028634] {Default Queue} wl_registry#42.global(51, "zwp_relative_pointer_manager_v1", 1)
[20:54:55.028635] {Default Queue} wl_registry#42.global(52, "zwp_pointer_gestures_v1", 3)
[20:54:55.028635] {Default Queue} wl_registry#42.global(53, "zwlr_virtual_pointer_manager_v1", 2)
[20:54:55.028636] {Default Queue} wl_registry#42.global(54, "zwp_virtual_keyboard_manager_v1", 1)
[20:54:55.028637] {Default Queue} wl_registry#42.global(55, "zwp_pointer_constraints_v1", 1)
[20:54:55.028637] {Default Queue} wl_registry#42.global(56, "zwp_input_method_manager_v2", 1)
[20:54:55.028638] {Default Queue} wl_registry#42.global(57, "zwp_text_input_manager_v3", 1)
[20:54:55.028638] {Default Queue} wl_registry#42.global(58, "zwp_tablet_manager_v2", 1)
[20:54:55.028639] {Default Queue} wl_registry#42.global(59, "wp_pointer_warp_v1", 1)
[20:54:55.028640] {Default Queue} wl_registry#42.global(60, "wl_seat", 9)
[20:54:55.028640] {Default Queue} wl_registry#42.global(61, "aqueous_libinput_config_v1", 2)
[20:54:55.028641] {Default Queue} wl_registry#42.global(62, "aqueous_xkb_config_v1", 2)
[20:54:55.028641] {Default Queue} wl_registry#42.global(63, "zwp_idle_inhibit_manager_v1", 1)
[20:54:55.028642] {Default Queue} wl_registry#42.global(64, "ext_session_lock_manager_v1", 1)
[20:54:55.028643] {Default Queue}  -> wl_registry#42.bind(64, "ext_session_lock_manager_v1", 1, new id [unknown]#47)
[20:54:55.028644] {Default Queue} wl_registry#42.global(65, "aqueous_shell_manager_v1", 2)
[20:54:55.028644] {Default Queue} wl_registry#42.global(66, "zwp_keyboard_shortcuts_inhibit_manager_v1", 1)
[20:54:55.028645] {Default Queue} wl_registry#42.global(67, "xdg_system_bell_v1", 1)
[20:54:55.028645] {Default Queue} wl_registry#42.global(68, "wl_output", 4)
[20:54:55.028646] {Default Queue} wl_registry#42.global(69, "wl_output", 4)
[20:54:55.028647] {Default Queue} wl_callback#43.done(2)
[20:54:55.028648] {Default Queue} aqueous_shell_manager_v1#45.capabilities("{"schema":1,"session":"cd8a718cefc41491caa881b95d77c37f","max_batch_bytes":4194304,"state":true,"commands":true,"keyboard":true,"overview":true,"config_reload":true,"shortcut_inhibition":true,"icon_metadata":true,"geometry":"committed-content-global-logical"}")
[20:54:55.028665] {Default Queue}  -> aqueous_shell_manager_v1#45.destroy()
[20:54:55.028669] {Default Queue}  -> wl_display#1.get_registry(new id wl_registry#43)
[20:54:55.028994] {Default Queue}  -> wl_display#1.get_registry(new id wl_registry#48)
[20:54:55.028999] {Default Queue}  -> wl_display#1.get_registry(new id wl_registry#49)
info(pearl): event=aqueous-availability state=connecting
info(pearl): event=ready mode=session
[20:54:55.029304] {Display Queue} wl_display#1.delete_id(45)
[20:54:55.029306] {Default Queue} wl_registry#43.global(1, "wl_compositor", 6)
[20:54:55.029308] {Default Queue} wl_registry#43.global(2, "wl_fixes", 1)
[20:54:55.029308] {Default Queue} wl_registry#43.global(3, "wp_security_context_manager_v1", 1)
[20:54:55.029309] {Default Queue} wl_registry#43.global(4, "wl_shm", 2)
[20:54:55.029310] {Default Queue} wl_registry#43.global(5, "wp_single_pixel_buffer_manager_v1", 1)
[20:54:55.029310] {Default Queue} wl_registry#43.global(6, "wp_alpha_modifier_v1", 1)
[20:54:55.029311] {Default Queue} wl_registry#43.global(7, "wp_color_representation_manager_v1", 1)
[20:54:55.029312] {Default Queue} wl_registry#43.global(8, "wp_content_type_manager_v1", 1)
[20:54:55.029312] {Default Queue} wl_registry#43.global(9, "wp_fifo_manager_v1", 1)
[20:54:55.029313] {Default Queue} wl_registry#43.global(10, "wp_commit_timing_manager_v1", 1)
[20:54:55.029314] {Default Queue} wl_registry#43.global(11, "xdg_wm_dialog_v1", 1)
[20:54:55.029314] {Default Queue} wl_registry#43.global(12, "xdg_toplevel_drag_manager_v1", 1)
[20:54:55.029315] {Default Queue} wl_registry#43.global(13, "xdg_toplevel_icon_manager_v1", 1)
[20:54:55.029315] {Default Queue} wl_registry#43.global(14, "xdg_toplevel_tag_manager_v1", 1)
[20:54:55.029316] {Default Queue} wl_registry#43.global(15, "wp_viewporter", 1)
[20:54:55.029316] {Default Queue} wl_registry#43.global(16, "wp_fractional_scale_manager_v1", 1)
[20:54:55.029317] {Default Queue} wl_registry#43.global(17, "wl_subcompositor", 1)
[20:54:55.029318] {Default Queue} wl_registry#43.global(18, "wp_cursor_shape_manager_v1", 2)
[20:54:55.029318] {Default Queue} wl_registry#43.global(19, "xdg_wm_base", 7)
[20:54:55.029319] {Default Queue} wl_registry#43.global(20, "zxdg_decoration_manager_v1", 1)
[20:54:55.029319] {Default Queue} wl_registry#43.global(21, "org_kde_kwin_server_decoration_manager", 1)
[20:54:55.029320] {Default Queue} wl_registry#43.global(22, "xdg_activation_v1", 1)
[20:54:55.029320] {Default Queue} wl_registry#43.global(23, "zxdg_exporter_v2", 1)
[20:54:55.029321] {Default Queue} wl_registry#43.global(24, "zxdg_importer_v2", 1)
[20:54:55.029321] {Default Queue} wl_registry#43.global(25, "wl_data_device_manager", 3)
[20:54:55.029322] {Default Queue} wl_registry#43.global(26, "zwp_primary_selection_device_manager_v1", 1)
[20:54:55.029323] {Default Queue} wl_registry#43.global(27, "ext_data_control_manager_v1", 1)
[20:54:55.029323] {Default Queue} wl_registry#43.global(28, "zwlr_data_control_manager_v1", 2)
[20:54:55.029324] {Default Queue} wl_registry#43.global(29, "zwlr_export_dmabuf_manager_v1", 1)
[20:54:55.029324] {Default Queue} wl_registry#43.global(30, "zwlr_screencopy_manager_v1", 3)
[20:54:55.029325] {Default Queue} wl_registry#43.global(31, "ext_image_copy_capture_manager_v1", 1)
[20:54:55.029325] {Default Queue} wl_registry#43.global(32, "aqueous_capture_color_manager_v1", 1)
[20:54:55.029326] {Default Queue} wl_registry#43.global(33, "ext_output_image_capture_source_manager_v1", 1)
[20:54:55.029327] {Default Queue} wl_registry#43.global(34, "zwlr_foreign_toplevel_manager_v1", 3)
[20:54:55.029327] {Default Queue} wl_registry#43.global(35, "ext_foreign_toplevel_list_v1", 1)
[20:54:55.029328] {Default Queue} wl_registry#43.global(36, "ext_foreign_toplevel_image_capture_source_manager_v1", 1)
[20:54:55.029329] {Default Queue} wl_registry#43.global(37, "wp_tearing_control_manager_v1", 1)
[20:54:55.029329] {Default Queue} wl_registry#43.global(38, "aqueous_window_manager_v1", 10)
[20:54:55.029330] {Default Queue} wl_registry#43.global(39, "ext_workspace_manager_v1", 1)
[20:54:55.029330] {Default Queue} wl_registry#43.global(40, "aqueous_window_info_manager_v1", 8)
[20:54:55.029331] {Default Queue} wl_registry#43.global(41, "aqueous_xkb_bindings_v1", 3)
[20:54:55.029331] {Default Queue} wl_registry#43.global(42, "aqueous_layer_shell_v1", 1)
[20:54:55.029332] {Default Queue} wl_registry#43.global(43, "zwlr_layer_shell_v1", 4)
[20:54:55.029333] {Default Queue} wl_registry#43.global(44, "zwlr_gamma_control_manager_v1", 1)
[20:54:55.029333] {Default Queue} wl_registry#43.global(45, "wp_presentation", 2)
[20:54:55.029334] {Default Queue} wl_registry#43.global(46, "zxdg_output_manager_v1", 3)
[20:54:55.029334] {Default Queue} wl_registry#43.global(47, "zwlr_output_manager_v1", 4)
[20:54:55.029335] {Default Queue} wl_registry#43.global(48, "zwlr_output_power_manager_v1", 1)
[20:54:55.029335] {Default Queue} wl_registry#43.global(49, "aqueous_input_manager_v1", 2)
[20:54:55.029336] {Default Queue} wl_registry#43.global(50, "ext_idle_notifier_v1", 2)
[20:54:55.029337] {Default Queue}  -> wl_registry#43.bind(50, "ext_idle_notifier_v1", 1, new id [unknown]#45)
[20:54:55.029338] {Default Queue} wl_registry#43.global(51, "zwp_relative_pointer_manager_v1", 1)
[20:54:55.029339] {Default Queue} wl_registry#43.global(52, "zwp_pointer_gestures_v1", 3)
[20:54:55.029339] {Default Queue} wl_registry#43.global(53, "zwlr_virtual_pointer_manager_v1", 2)
[20:54:55.029340] {Default Queue} wl_registry#43.global(54, "zwp_virtual_keyboard_manager_v1", 1)
[20:54:55.029340] {Default Queue} wl_registry#43.global(55, "zwp_pointer_constraints_v1", 1)
[20:54:55.029341] {Default Queue} wl_registry#43.global(56, "zwp_input_method_manager_v2", 1)
[20:54:55.029342] {Default Queue} wl_registry#43.global(57, "zwp_text_input_manager_v3", 1)
[20:54:55.029342] {Default Queue} wl_registry#43.global(58, "zwp_tablet_manager_v2", 1)
[20:54:55.029343] {Default Queue} wl_registry#43.global(59, "wp_pointer_warp_v1", 1)
[20:54:55.029343] {Default Queue} wl_registry#43.global(60, "wl_seat", 9)
[20:54:55.029344] {Default Queue}  -> wl_registry#43.bind(60, "wl_seat", 5, new id [unknown]#50)
[20:54:55.029346] {Default Queue} wl_registry#43.global(61, "aqueous_libinput_config_v1", 2)
[20:54:55.029347] {Default Queue} wl_registry#43.global(62, "aqueous_xkb_config_v1", 2)
[20:54:55.029347] {Default Queue} wl_registry#43.global(63, "zwp_idle_inhibit_manager_v1", 1)
[20:54:55.029348] {Default Queue} wl_registry#43.global(64, "ext_session_lock_manager_v1", 1)
[20:54:55.029348] {Default Queue} wl_registry#43.global(65, "aqueous_shell_manager_v1", 2)
[20:54:55.029349] {Default Queue} wl_registry#43.global(66, "zwp_keyboard_shortcuts_inhibit_manager_v1", 1)
[20:54:55.029350] {Default Queue} wl_registry#43.global(67, "xdg_system_bell_v1", 1)
[20:54:55.029350] {Default Queue} wl_registry#43.global(68, "wl_output", 4)
[20:54:55.029351] {Default Queue} wl_registry#43.global(69, "wl_output", 4)
[20:54:55.029351] {Default Queue} wl_registry#48.global(1, "wl_compositor", 6)
[20:54:55.029353] {Default Queue} wl_registry#48.global(2, "wl_fixes", 1)
[20:54:55.029353] {Default Queue} wl_registry#48.global(3, "wp_security_context_manager_v1", 1)
[20:54:55.029354] {Default Queue} wl_registry#48.global(4, "wl_shm", 2)
[20:54:55.029355] {Default Queue} wl_registry#48.global(5, "wp_single_pixel_buffer_manager_v1", 1)
[20:54:55.029355] {Default Queue} wl_registry#48.global(6, "wp_alpha_modifier_v1", 1)
[20:54:55.029356] {Default Queue} wl_registry#48.global(7, "wp_color_representation_manager_v1", 1)
[20:54:55.029356] {Default Queue} wl_registry#48.global(8, "wp_content_type_manager_v1", 1)
[20:54:55.029357] {Default Queue} wl_registry#48.global(9, "wp_fifo_manager_v1", 1)
[20:54:55.029357] {Default Queue} wl_registry#48.global(10, "wp_commit_timing_manager_v1", 1)
[20:54:55.029358] {Default Queue} wl_registry#48.global(11, "xdg_wm_dialog_v1", 1)
[20:54:55.029359] {Default Queue} wl_registry#48.global(12, "xdg_toplevel_drag_manager_v1", 1)
[20:54:55.029359] {Default Queue} wl_registry#48.global(13, "xdg_toplevel_icon_manager_v1", 1)
[20:54:55.029360] {Default Queue} wl_registry#48.global(14, "xdg_toplevel_tag_manager_v1", 1)
[20:54:55.029360] {Default Queue} wl_registry#48.global(15, "wp_viewporter", 1)
[20:54:55.029361] {Default Queue} wl_registry#48.global(16, "wp_fractional_scale_manager_v1", 1)
[20:54:55.029361] {Default Queue} wl_registry#48.global(17, "wl_subcompositor", 1)
[20:54:55.029362] {Default Queue} wl_registry#48.global(18, "wp_cursor_shape_manager_v1", 2)
[20:54:55.029363] {Default Queue} wl_registry#48.global(19, "xdg_wm_base", 7)
[20:54:55.029363] {Default Queue} wl_registry#48.global(20, "zxdg_decoration_manager_v1", 1)
[20:54:55.029364] {Default Queue} wl_registry#48.global(21, "org_kde_kwin_server_decoration_manager", 1)
[20:54:55.029364] {Default Queue} wl_registry#48.global(22, "xdg_activation_v1", 1)
[20:54:55.029365] {Default Queue} wl_registry#48.global(23, "zxdg_exporter_v2", 1)
[20:54:55.029365] {Default Queue} wl_registry#48.global(24, "zxdg_importer_v2", 1)
[20:54:55.029366] {Default Queue} wl_registry#48.global(25, "wl_data_device_manager", 3)
[20:54:55.029367] {Default Queue} wl_registry#48.global(26, "zwp_primary_selection_device_manager_v1", 1)
[20:54:55.029367] {Default Queue} wl_registry#48.global(27, "ext_data_control_manager_v1", 1)
[20:54:55.029368] {Default Queue}  -> wl_registry#48.bind(27, "ext_data_control_manager_v1", 1, new id [unknown]#51)
[20:54:55.029369] {Default Queue} wl_registry#48.global(28, "zwlr_data_control_manager_v1", 2)
[20:54:55.029369] {Default Queue} wl_registry#48.global(29, "zwlr_export_dmabuf_manager_v1", 1)
[20:54:55.029370] {Default Queue} wl_registry#48.global(30, "zwlr_screencopy_manager_v1", 3)
[20:54:55.029370] {Default Queue} wl_registry#48.global(31, "ext_image_copy_capture_manager_v1", 1)
[20:54:55.029371] {Default Queue} wl_registry#48.global(32, "aqueous_capture_color_manager_v1", 1)
[20:54:55.029371] {Default Queue} wl_registry#48.global(33, "ext_output_image_capture_source_manager_v1", 1)
[20:54:55.029372] {Default Queue} wl_registry#48.global(34, "zwlr_foreign_toplevel_manager_v1", 3)
[20:54:55.029373] {Default Queue} wl_registry#48.global(35, "ext_foreign_toplevel_list_v1", 1)
[20:54:55.029373] {Default Queue} wl_registry#48.global(36, "ext_foreign_toplevel_image_capture_source_manager_v1", 1)
[20:54:55.029374] {Default Queue} wl_registry#48.global(37, "wp_tearing_control_manager_v1", 1)
[20:54:55.029374] {Default Queue} wl_registry#48.global(38, "aqueous_window_manager_v1", 10)
[20:54:55.029375] {Default Queue} wl_registry#48.global(39, "ext_workspace_manager_v1", 1)
[20:54:55.029375] {Default Queue} wl_registry#48.global(40, "aqueous_window_info_manager_v1", 8)
[20:54:55.029376] {Default Queue} wl_registry#48.global(41, "aqueous_xkb_bindings_v1", 3)
[20:54:55.029376] {Default Queue} wl_registry#48.global(42, "aqueous_layer_shell_v1", 1)
[20:54:55.029377] {Default Queue} wl_registry#48.global(43, "zwlr_layer_shell_v1", 4)
[20:54:55.029378] {Default Queue} wl_registry#48.global(44, "zwlr_gamma_control_manager_v1", 1)
[20:54:55.029378] {Default Queue} wl_registry#48.global(45, "wp_presentation", 2)
[20:54:55.029379] {Default Queue} wl_registry#48.global(46, "zxdg_output_manager_v1", 3)
[20:54:55.029379] {Default Queue} wl_registry#48.global(47, "zwlr_output_manager_v1", 4)
[20:54:55.029380] {Default Queue} wl_registry#48.global(48, "zwlr_output_power_manager_v1", 1)
[20:54:55.029381] {Default Queue} wl_registry#48.global(49, "aqueous_input_manager_v1", 2)
[20:54:55.029381] {Default Queue} wl_registry#48.global(50, "ext_idle_notifier_v1", 2)
[20:54:55.029382] {Default Queue} wl_registry#48.global(51, "zwp_relative_pointer_manager_v1", 1)
[20:54:55.029382] {Default Queue} wl_registry#48.global(52, "zwp_pointer_gestures_v1", 3)
[20:54:55.029383] {Default Queue} wl_registry#48.global(53, "zwlr_virtual_pointer_manager_v1", 2)
[20:54:55.029383] {Default Queue} wl_registry#48.global(54, "zwp_virtual_keyboard_manager_v1", 1)
[20:54:55.029384] {Default Queue} wl_registry#48.global(55, "zwp_pointer_constraints_v1", 1)
[20:54:55.029384] {Default Queue} wl_registry#48.global(56, "zwp_input_method_manager_v2", 1)
[20:54:55.029385] {Default Queue} wl_registry#48.global(57, "zwp_text_input_manager_v3", 1)
[20:54:55.029386] {Default Queue} wl_registry#48.global(58, "zwp_tablet_manager_v2", 1)
[20:54:55.029386] {Default Queue} wl_registry#48.global(59, "wp_pointer_warp_v1", 1)
[20:54:55.029387] {Default Queue} wl_registry#48.global(60, "wl_seat", 9)
[20:54:55.029387] {Default Queue}  -> wl_registry#48.bind(60, "wl_seat", 5, new id [unknown]#52)
[20:54:55.029388] {Default Queue} wl_registry#48.global(61, "aqueous_libinput_config_v1", 2)
[20:54:55.029389] {Default Queue} wl_registry#48.global(62, "aqueous_xkb_config_v1", 2)
[20:54:55.029389] {Default Queue} wl_registry#48.global(63, "zwp_idle_inhibit_manager_v1", 1)
[20:54:55.029390] {Default Queue} wl_registry#48.global(64, "ext_session_lock_manager_v1", 1)
[20:54:55.029391] {Default Queue} wl_registry#48.global(65, "aqueous_shell_manager_v1", 2)
[20:54:55.029391] {Default Queue} wl_registry#48.global(66, "zwp_keyboard_shortcuts_inhibit_manager_v1", 1)
[20:54:55.029392] {Default Queue} wl_registry#48.global(67, "xdg_system_bell_v1", 1)
[20:54:55.029392] {Default Queue} wl_registry#48.global(68, "wl_output", 4)
[20:54:55.029393] {Default Queue} wl_registry#48.global(69, "wl_output", 4)
[20:54:55.029393] {Default Queue} wl_registry#49.global(1, "wl_compositor", 6)
[20:54:55.029402] {Default Queue} wl_registry#49.global(2, "wl_fixes", 1)
[20:54:55.029403] {Default Queue} wl_registry#49.global(3, "wp_security_context_manager_v1", 1)
[20:54:55.029403] {Default Queue} wl_registry#49.global(4, "wl_shm", 2)
[20:54:55.029404] {Default Queue}  -> wl_registry#49.bind(4, "wl_shm", 1, new id [unknown]#53)
[20:54:55.029405] {Default Queue} wl_registry#49.global(5, "wp_single_pixel_buffer_manager_v1", 1)
[20:54:55.029406] {Default Queue} wl_registry#49.global(6, "wp_alpha_modifier_v1", 1)
[20:54:55.029407] {Default Queue} wl_registry#49.global(7, "wp_color_representation_manager_v1", 1)
[20:54:55.029408] {Default Queue} wl_registry#49.global(8, "wp_content_type_manager_v1", 1)
[20:54:55.029408] {Default Queue} wl_registry#49.global(9, "wp_fifo_manager_v1", 1)
[20:54:55.029409] {Default Queue} wl_registry#49.global(10, "wp_commit_timing_manager_v1", 1)
[20:54:55.029410] {Default Queue} wl_registry#49.global(11, "xdg_wm_dialog_v1", 1)
[20:54:55.029410] {Default Queue} wl_registry#49.global(12, "xdg_toplevel_drag_manager_v1", 1)
[20:54:55.029411] {Default Queue} wl_registry#49.global(13, "xdg_toplevel_icon_manager_v1", 1)
[20:54:55.029412] {Default Queue} wl_registry#49.global(14, "xdg_toplevel_tag_manager_v1", 1)
[20:54:55.029412] {Default Queue} wl_registry#49.global(15, "wp_viewporter", 1)
[20:54:55.029413] {Default Queue} wl_registry#49.global(16, "wp_fractional_scale_manager_v1", 1)
[20:54:55.029413] {Default Queue} wl_registry#49.global(17, "wl_subcompositor", 1)
[20:54:55.029414] {Default Queue} wl_registry#49.global(18, "wp_cursor_shape_manager_v1", 2)
[20:54:55.029415] {Default Queue} wl_registry#49.global(19, "xdg_wm_base", 7)
[20:54:55.029415] {Default Queue} wl_registry#49.global(20, "zxdg_decoration_manager_v1", 1)
[20:54:55.029416] {Default Queue} wl_registry#49.global(21, "org_kde_kwin_server_decoration_manager", 1)
[20:54:55.029417] {Default Queue} wl_registry#49.global(22, "xdg_activation_v1", 1)
[20:54:55.029417] {Default Queue} wl_registry#49.global(23, "zxdg_exporter_v2", 1)
[20:54:55.029418] {Default Queue} wl_registry#49.global(24, "zxdg_importer_v2", 1)
[20:54:55.029418] {Default Queue} wl_registry#49.global(25, "wl_data_device_manager", 3)
[20:54:55.029419] {Default Queue} wl_registry#49.global(26, "zwp_primary_selection_device_manager_v1", 1)
[20:54:55.029420] {Default Queue} wl_registry#49.global(27, "ext_data_control_manager_v1", 1)
[20:54:55.029420] {Default Queue} wl_registry#49.global(28, "zwlr_data_control_manager_v1", 2)
[20:54:55.029421] {Default Queue} wl_registry#49.global(29, "zwlr_export_dmabuf_manager_v1", 1)
[20:54:55.029422] {Default Queue} wl_registry#49.global(30, "zwlr_screencopy_manager_v1", 3)
[20:54:55.029422] {Default Queue}  -> wl_registry#49.bind(30, "zwlr_screencopy_manager_v1", 3, new id [unknown]#54)
[20:54:55.029423] {Default Queue} wl_registry#49.global(31, "ext_image_copy_capture_manager_v1", 1)
[20:54:55.029424] {Default Queue}  -> wl_registry#49.bind(31, "ext_image_copy_capture_manager_v1", 1, new id [unknown]#55)
[20:54:55.029424] {Default Queue} wl_registry#49.global(32, "aqueous_capture_color_manager_v1", 1)
[20:54:55.029425] {Default Queue}  -> wl_registry#49.bind(32, "aqueous_capture_color_manager_v1", 1, new id [unknown]#56)
[20:54:55.029426] {Default Queue} wl_registry#49.global(33, "ext_output_image_capture_source_manager_v1", 1)
[20:54:55.029427] {Default Queue}  -> wl_registry#49.bind(33, "ext_output_image_capture_source_manager_v1", 1, new id [unknown]#57)
[20:54:55.029428] {Default Queue} wl_registry#49.global(34, "zwlr_foreign_toplevel_manager_v1", 3)
[20:54:55.029429] {Default Queue} wl_registry#49.global(35, "ext_foreign_toplevel_list_v1", 1)
[20:54:55.029429] {Default Queue}  -> wl_registry#49.bind(35, "ext_foreign_toplevel_list_v1", 1, new id [unknown]#58)
[20:54:55.029430] {Default Queue} wl_registry#49.global(36, "ext_foreign_toplevel_image_capture_source_manager_v1", 1)
[20:54:55.029431] {Default Queue}  -> wl_registry#49.bind(36, "ext_foreign_toplevel_image_capture_source_manager_v1", 1, new id [unknown]#59)
[20:54:55.029432] {Default Queue} wl_registry#49.global(37, "wp_tearing_control_manager_v1", 1)
[20:54:55.029432] {Default Queue} wl_registry#49.global(38, "aqueous_window_manager_v1", 10)
[20:54:55.029433] {Default Queue} wl_registry#49.global(39, "ext_workspace_manager_v1", 1)
[20:54:55.029434] {Default Queue} wl_registry#49.global(40, "aqueous_window_info_manager_v1", 8)
[20:54:55.029434] {Default Queue} wl_registry#49.global(41, "aqueous_xkb_bindings_v1", 3)
[20:54:55.029435] {Default Queue} wl_registry#49.global(42, "aqueous_layer_shell_v1", 1)
[20:54:55.029436] {Default Queue} wl_registry#49.global(43, "zwlr_layer_shell_v1", 4)
[20:54:55.029436] {Default Queue} wl_registry#49.global(44, "zwlr_gamma_control_manager_v1", 1)
[20:54:55.029437] {Default Queue} wl_registry#49.global(45, "wp_presentation", 2)
[20:54:55.029438] {Default Queue} wl_registry#49.global(46, "zxdg_output_manager_v1", 3)
[20:54:55.029438] {Default Queue} wl_registry#49.global(47, "zwlr_output_manager_v1", 4)
[20:54:55.029439] {Default Queue} wl_registry#49.global(48, "zwlr_output_power_manager_v1", 1)
[20:54:55.029439] {Default Queue} wl_registry#49.global(49, "aqueous_input_manager_v1", 2)
[20:54:55.029440] {Default Queue} wl_registry#49.global(50, "ext_idle_notifier_v1", 2)
[20:54:55.029441] {Default Queue} wl_registry#49.global(51, "zwp_relative_pointer_manager_v1", 1)
[20:54:55.029441] {Default Queue} wl_registry#49.global(52, "zwp_pointer_gestures_v1", 3)
[20:54:55.029442] {Default Queue} wl_registry#49.global(53, "zwlr_virtual_pointer_manager_v1", 2)
[20:54:55.029443] {Default Queue} wl_registry#49.global(54, "zwp_virtual_keyboard_manager_v1", 1)
[20:54:55.029443] {Default Queue} wl_registry#49.global(55, "zwp_pointer_constraints_v1", 1)
[20:54:55.029444] {Default Queue} wl_registry#49.global(56, "zwp_input_method_manager_v2", 1)
[20:54:55.029444] {Default Queue} wl_registry#49.global(57, "zwp_text_input_manager_v3", 1)
[20:54:55.029445] {Default Queue} wl_registry#49.global(58, "zwp_tablet_manager_v2", 1)
[20:54:55.029446] {Default Queue} wl_registry#49.global(59, "wp_pointer_warp_v1", 1)
[20:54:55.029446] {Default Queue} wl_registry#49.global(60, "wl_seat", 9)
[20:54:55.029447] {Default Queue} wl_registry#49.global(61, "aqueous_libinput_config_v1", 2)
[20:54:55.029448] {Default Queue} wl_registry#49.global(62, "aqueous_xkb_config_v1", 2)
[20:54:55.029448] {Default Queue} wl_registry#49.global(63, "zwp_idle_inhibit_manager_v1", 1)
[20:54:55.029449] {Default Queue} wl_registry#49.global(64, "ext_session_lock_manager_v1", 1)
[20:54:55.029449] {Default Queue} wl_registry#49.global(65, "aqueous_shell_manager_v1", 2)
[20:54:55.029450] {Default Queue} wl_registry#49.global(66, "zwp_keyboard_shortcuts_inhibit_manager_v1", 1)
[20:54:55.029451] {Default Queue} wl_registry#49.global(67, "xdg_system_bell_v1", 1)
[20:54:55.029451] {Default Queue} wl_registry#49.global(68, "wl_output", 4)
[20:54:55.029452] {Default Queue}  -> wl_registry#49.bind(68, "wl_output", 4, new id [unknown]#60)
[20:54:55.029453] {Default Queue} wl_registry#49.global(69, "wl_output", 4)
[20:54:55.029454] {Default Queue}  -> wl_registry#49.bind(69, "wl_output", 4, new id [unknown]#61)
[20:54:55.029588] {Default Queue} wl_seat#50.name("default")
[20:54:55.029589] {Default Queue} wl_seat#50.capabilities(0)
[20:54:55.029703] {Default Queue} wl_seat#52.name("default")
[20:54:55.029705] {Default Queue} wl_seat#52.capabilities(0)
[20:54:55.029705] {Default Queue} wl_shm#53.format(0)
[20:54:55.029706] {Default Queue} wl_shm#53.format(875709016)
[20:54:55.029707] {Default Queue} wl_shm#53.format(1)
[20:54:55.029707] {Default Queue} wl_shm#53.format(875708993)
[20:54:55.029708] {Default Queue} wl_shm#53.format(875708754)
[20:54:55.029708] {Default Queue} wl_shm#53.format(875714642)
[20:54:55.029709] {Default Queue} wl_shm#53.format(875708738)
[20:54:55.029709] {Default Queue} wl_shm#53.format(875714626)
[20:54:55.029710] {Default Queue} wl_shm#53.format(909199186)
[20:54:55.029710] {Default Queue} wl_shm#53.format(909199170)
[20:54:55.029710] {Default Queue} wl_shm#53.format(808669761)
[20:54:55.029711] {Default Queue} wl_shm#53.format(808669784)
[20:54:55.029711] {Default Queue} wl_shm#53.format(808665665)
[20:54:55.029712] {Default Queue} wl_shm#53.format(808665688)
[20:54:55.029712] {Default Queue} wl_shm#53.format(942948929)
[20:54:55.029713] {Default Queue} wl_output#60.geometry(0, 0, 0, 0, 0, "Unknown", "Unknown", 0)
[20:54:55.029715] {Default Queue} wl_output#60.mode(1, 1280, 720, 0)
[20:54:55.029716] {Default Queue} wl_output#60.scale(1)
[20:54:55.029717] {Default Queue} wl_output#60.name("HEADLESS-2")
[20:54:55.029717] {Default Queue} wl_output#60.description("Headless output 2")
[20:54:55.029718] {Default Queue} wl_output#60.done()
[20:54:55.029719] {Default Queue} wl_output#61.geometry(0, 0, 0, 0, 0, "Unknown", "Unknown", 0)
[20:54:55.029720] {Default Queue} wl_output#61.mode(1, 1280, 720, 0)
[20:54:55.029720] {Default Queue} wl_output#61.scale(2)
[20:54:55.029721] {Default Queue} wl_output#61.name("HEADLESS-1")
[20:54:55.029722] {Default Queue} wl_output#61.description("Headless output 1")
[20:54:55.029722] {Default Queue} wl_output#61.done()
info(pearl): event=aqueous-availability state=subscribing
info(pearl): event=aqueous-availability state=ready
[20:54:55.030189] {Default Queue}  -> wl_compositor#4.create_surface(new id wl_surface#62)
[20:54:55.030194] {Default Queue}  -> wp_fractional_scale_manager_v1#11.get_fractional_scale(new id wp_fractional_scale_v1#63, wl_surface#62)
[20:54:55.030196] {Default Queue}  -> wp_viewporter#10.get_viewport(new id wp_viewport#64, wl_surface#62)
[20:54:55.030231] {Default Queue}  -> xdg_toplevel_icon_manager_v1#9.create_icon(new id xdg_toplevel_icon_v1#65)
[20:54:55.030244] {Default Queue}  -> zwlr_layer_shell_v1#46.get_layer_surface(new id zwlr_layer_surface_v1#66, wl_surface#62, wl_output#28, 0, "pearl:wallpaper")
[20:54:55.030246] {Default Queue}  -> zwlr_layer_surface_v1#66.set_keyboard_interactivity(0)
[20:54:55.030247] {Default Queue}  -> zwlr_layer_surface_v1#66.set_exclusive_zone(-1)
[20:54:55.030248] {Default Queue}  -> zwlr_layer_surface_v1#66.set_anchor(15)
[20:54:55.030249] {Default Queue}  -> zwlr_layer_surface_v1#66.set_margin(0, 0, 0, 0)
[20:54:55.030250] {Default Queue}  -> zwlr_layer_surface_v1#66.set_size(0, 0)
[20:54:55.030255]  -> wl_surface#62.commit()
[20:54:55.030281] {Default Queue}  -> xdg_activation_v1#15.get_activation_token(new id xdg_activation_token_v1#67)
[20:54:55.030284]  -> xdg_activation_token_v1#67.set_serial(0, wl_seat#3)
[20:54:55.030285]  -> xdg_activation_token_v1#67.commit()
[20:54:55.030454] xdg_activation_token_v1#67.done("83de28a223d0d03ca0f2ff419b80fb51")
[20:54:55.030456]  -> xdg_activation_token_v1#67.destroy()
[20:54:55.030457] {Default Queue}  -> xdg_activation_v1#15.activate("83de28a223d0d03ca0f2ff419b80fb51", wl_surface#62)
[20:54:55.037568] {Default Queue}  -> wl_compositor#4.create_surface(new id wl_surface#68)
[20:54:55.037573] {Default Queue}  -> wp_fractional_scale_manager_v1#11.get_fractional_scale(new id wp_fractional_scale_v1#69, wl_surface#68)
[20:54:55.037576] {Default Queue}  -> wp_viewporter#10.get_viewport(new id wp_viewport#70, wl_surface#68)
[20:54:55.037598] {Default Queue}  -> xdg_toplevel_icon_manager_v1#9.create_icon(new id xdg_toplevel_icon_v1#71)
[20:54:55.037611] {Default Queue}  -> zwlr_layer_shell_v1#46.get_layer_surface(new id zwlr_layer_surface_v1#72, wl_surface#68, wl_output#28, 2, "pearl:bar")
[20:54:55.037613] {Default Queue}  -> zwlr_layer_surface_v1#72.set_keyboard_interactivity(0)
[20:54:55.037614] {Default Queue}  -> zwlr_layer_surface_v1#72.set_exclusive_zone(48)
[20:54:55.037615] {Default Queue}  -> zwlr_layer_surface_v1#72.set_anchor(13)
[20:54:55.037616] {Default Queue}  -> zwlr_layer_surface_v1#72.set_margin(0, 0, 0, 0)
[20:54:55.037617] {Default Queue}  -> zwlr_layer_surface_v1#72.set_size(0, 200)
[20:54:55.037621]  -> wl_surface#68.commit()
[20:54:55.037696] {Default Queue}  -> xdg_activation_v1#15.get_activation_token(new id xdg_activation_token_v1#73)
[20:54:55.037698]  -> xdg_activation_token_v1#73.set_serial(0, wl_seat#3)
[20:54:55.037700]  -> xdg_activation_token_v1#73.commit()
[20:54:55.037784] {Display Queue} wl_display#1.delete_id(67)
[20:54:55.037786] xdg_activation_token_v1#73.done("68183f9db8e58927804769523bb106d3")
[20:54:55.037787]  -> xdg_activation_token_v1#73.destroy()
[20:54:55.037788] {Default Queue}  -> xdg_activation_v1#15.activate("68183f9db8e58927804769523bb106d3", wl_surface#68)
info: event=output-mapped id=1 connector=HEADLESS-2 scale=1
[20:54:55.040319] {Default Queue}  -> wl_compositor#4.create_surface(new id wl_surface#67)
[20:54:55.040324] {Default Queue}  -> wp_fractional_scale_manager_v1#11.get_fractional_scale(new id wp_fractional_scale_v1#74, wl_surface#67)
[20:54:55.040327] {Default Queue}  -> wp_viewporter#10.get_viewport(new id wp_viewport#75, wl_surface#67)
[20:54:55.040353] {Default Queue}  -> xdg_toplevel_icon_manager_v1#9.create_icon(new id xdg_toplevel_icon_v1#76)
[20:54:55.040362] {Default Queue}  -> zwlr_layer_shell_v1#46.get_layer_surface(new id zwlr_layer_surface_v1#77, wl_surface#67, wl_output#31, 0, "pearl:wallpaper")
[20:54:55.040364] {Default Queue}  -> zwlr_layer_surface_v1#77.set_keyboard_interactivity(0)
[20:54:55.040365] {Default Queue}  -> zwlr_layer_surface_v1#77.set_exclusive_zone(-1)
[20:54:55.040366] {Default Queue}  -> zwlr_layer_surface_v1#77.set_anchor(15)
[20:54:55.040367] {Default Queue}  -> zwlr_layer_surface_v1#77.set_margin(0, 0, 0, 0)
[20:54:55.040368] {Default Queue}  -> zwlr_layer_surface_v1#77.set_size(0, 0)
[20:54:55.040372]  -> wl_surface#67.commit()
[20:54:55.040387] {Default Queue}  -> xdg_activation_v1#15.get_activation_token(new id xdg_activation_token_v1#78)
[20:54:55.040389]  -> xdg_activation_token_v1#78.set_serial(0, wl_seat#3)
[20:54:55.040390]  -> xdg_activation_token_v1#78.commit()
[20:54:55.040488] {Display Queue} wl_display#1.delete_id(73)
[20:54:55.040493] xdg_activation_token_v1#78.done("8b004b1c7485eae4aa3dde3c4da8715b")
[20:54:55.040495]  -> xdg_activation_token_v1#78.destroy()
[20:54:55.040497] {Default Queue}  -> xdg_activation_v1#15.activate("8b004b1c7485eae4aa3dde3c4da8715b", wl_surface#67)
[20:54:55.041991] {Default Queue}  -> wl_compositor#4.create_surface(new id wl_surface#73)
[20:54:55.041994] {Default Queue}  -> wp_fractional_scale_manager_v1#11.get_fractional_scale(new id wp_fractional_scale_v1#79, wl_surface#73)
[20:54:55.041996] {Default Queue}  -> wp_viewporter#10.get_viewport(new id wp_viewport#80, wl_surface#73)
[20:54:55.042009] {Default Queue}  -> xdg_toplevel_icon_manager_v1#9.create_icon(new id xdg_toplevel_icon_v1#81)
[20:54:55.042016] {Default Queue}  -> zwlr_layer_shell_v1#46.get_layer_surface(new id zwlr_layer_surface_v1#82, wl_surface#73, wl_output#31, 2, "pearl:bar")
[20:54:55.042018] {Default Queue}  -> zwlr_layer_surface_v1#82.set_keyboard_interactivity(0)
[20:54:55.042018] {Default Queue}  -> zwlr_layer_surface_v1#82.set_exclusive_zone(48)
[20:54:55.042019] {Default Queue}  -> zwlr_layer_surface_v1#82.set_anchor(13)
[20:54:55.042020] {Default Queue}  -> zwlr_layer_surface_v1#82.set_margin(0, 0, 0, 0)
[20:54:55.042021] {Default Queue}  -> zwlr_layer_surface_v1#82.set_size(0, 200)
[20:54:55.042024]  -> wl_surface#73.commit()
[20:54:55.042069] {Default Queue}  -> xdg_activation_v1#15.get_activation_token(new id xdg_activation_token_v1#83)
[20:54:55.042070]  -> xdg_activation_token_v1#83.set_serial(0, wl_seat#3)
[20:54:55.042071]  -> xdg_activation_token_v1#83.commit()
[20:54:55.042144] {Display Queue} wl_display#1.delete_id(78)
[20:54:55.042146] xdg_activation_token_v1#83.done("ef552e8a52a754cc0fca4b8d9a32423d")
[20:54:55.042147]  -> xdg_activation_token_v1#83.destroy()
[20:54:55.042148] {Default Queue}  -> xdg_activation_v1#15.activate("ef552e8a52a754cc0fca4b8d9a32423d", wl_surface#73)
info: event=output-mapped id=2 connector=HEADLESS-1 scale=1.5
info(pearl): event=settings-backend-ready session=cd8a718cefc41491caa881b95d77c37f
info(pearl): event=control-ready session=cd8a718cefc41491caa881b95d77c37f
[20:54:55.042500] {Default Queue} zwlr_layer_surface_v1#66.configure(3, 1280, 720)
[20:54:55.042513] {Default Queue}  -> zwlr_layer_surface_v1#66.ack_configure(3)
[20:54:55.042515] {Default Queue} zwlr_layer_surface_v1#72.configure(4, 1280, 200)
[20:54:55.042584] {Default Queue}  -> zwlr_layer_surface_v1#72.ack_configure(4)
[20:54:55.042585] {Default Queue} zwlr_layer_surface_v1#66.configure(5, 1280, 720)
[20:54:55.042585] {Default Queue}  -> zwlr_layer_surface_v1#66.ack_configure(5)
[20:54:55.042586] {Default Queue} zwlr_layer_surface_v1#77.configure(6, 853, 480)
[20:54:55.042587] {Default Queue}  -> zwlr_layer_surface_v1#77.ack_configure(6)
[20:54:55.042588] {Default Queue} zwlr_layer_surface_v1#82.configure(7, 853, 200)
[20:54:55.042634] {Default Queue}  -> zwlr_layer_surface_v1#82.ack_configure(7)
[20:54:55.042635] {Default Queue} zwlr_layer_surface_v1#77.configure(8, 853, 480)
[20:54:55.042636] {Default Queue}  -> zwlr_layer_surface_v1#77.ack_configure(8)
info: event=app-index-ready entries=160 truncated=false
[20:54:55.042739] {Default Queue}  -> wl_shm#5.create_pool(new id wl_shm_pool#78, fd 18, 3686400)
[20:54:55.042746] {Default Queue}  -> wl_shm_pool#78.create_buffer(new id wl_buffer#84, 0, 1280, 720, 5120, 0)
[20:54:55.045499] {Default Queue}  -> wl_compositor#4.create_region(new id wl_region#85)
[20:54:55.045510] {Default Queue}  -> wl_region#85.add(0, 0, 1280, 720)
[20:54:55.045512]  -> wl_surface#62.set_opaque_region(wl_region#85)
[20:54:55.045514] {Default Queue}  -> wl_region#85.destroy()
[20:54:55.045516] {Default Queue}  -> wp_viewport#64.set_destination(1280, 720)
[20:54:55.045517]  -> wl_surface#62.attach(wl_buffer#84, 0, 0)
[20:54:55.045519]  -> wl_surface#62.damage_buffer(0, 0, 1280, 720)
[20:54:55.045520]  -> wl_surface#62.frame(new id wl_callback#86)
[20:54:55.045549] {Default Queue}  -> wp_presentation#20.feedback(wl_surface#62, new id wp_presentation_feedback#87)
[20:54:55.045555]  -> wl_surface#62.commit()
[20:54:55.046457] {Default Queue}  -> wl_shm#5.create_pool(new id wl_shm_pool#88, fd 18, 245760)
[20:54:55.046464] {Default Queue}  -> wl_shm_pool#88.create_buffer(new id wl_buffer#89, 0, 1280, 48, 5120, 0)
[20:54:55.047013] {Default Queue}  -> zwlr_layer_surface_v1#72.set_size(0, 48)
[20:54:55.047017] {Default Queue}  -> wl_compositor#4.create_region(new id wl_region#90)
[20:54:55.047018] {Default Queue}  -> wl_region#90.add(18, 4, 527, 40)
[20:54:55.047020]  -> wl_surface#68.set_opaque_region(wl_region#90)
[20:54:55.047021] {Default Queue}  -> wl_region#90.destroy()
[20:54:55.047022] {Default Queue}  -> wp_viewport#70.set_destination(1280, 48)
[20:54:55.047023]  -> wl_surface#68.attach(wl_buffer#89, 0, 0)
[20:54:55.047024]  -> wl_surface#68.damage_buffer(0, 0, 1280, 48)
[20:54:55.047025]  -> wl_surface#68.frame(new id wl_callback#91)
[20:54:55.047027] {Default Queue}  -> wp_presentation#20.feedback(wl_surface#68, new id wp_presentation_feedback#92)
[20:54:55.047029]  -> wl_surface#68.commit()
[20:54:55.047148] {Default Queue}  -> wl_shm#5.create_pool(new id wl_shm_pool#93, fd 18, 1637760)
[20:54:55.047150] {Default Queue}  -> wl_shm_pool#93.create_buffer(new id wl_buffer#94, 0, 853, 480, 3412, 0)
[20:54:55.048272] {Default Queue}  -> wl_compositor#4.create_region(new id wl_region#95)
[20:54:55.048275] {Default Queue}  -> wl_region#95.add(0, 0, 853, 480)
[20:54:55.048277]  -> wl_surface#67.set_opaque_region(wl_region#95)
[20:54:55.048278] {Default Queue}  -> wl_region#95.destroy()
[20:54:55.048279] {Default Queue}  -> wp_viewport#75.set_destination(853, 480)
[20:54:55.048280]  -> wl_surface#67.attach(wl_buffer#94, 0, 0)
[20:54:55.048281]  -> wl_surface#67.damage_buffer(0, 0, 853, 480)
[20:54:55.048282]  -> wl_surface#67.frame(new id wl_callback#96)
[20:54:55.048284] {Default Queue}  -> wp_presentation#20.feedback(wl_surface#67, new id wp_presentation_feedback#97)
[20:54:55.048287]  -> wl_surface#67.commit()
[20:54:55.048679] {Default Queue}  -> wl_shm#5.create_pool(new id wl_shm_pool#98, fd 18, 348024)
[20:54:55.048682] {Default Queue}  -> wl_shm_pool#98.create_buffer(new id wl_buffer#99, 0, 853, 102, 3412, 0)
[20:54:55.048912] {Default Queue}  -> zwlr_layer_surface_v1#82.set_size(0, 102)
[20:54:55.048914] {Default Queue}  -> wl_compositor#4.create_region(new id wl_region#100)
[20:54:55.048915] {Default Queue}  -> wl_region#100.add(464, 4, 371, 94)
[20:54:55.048916]  -> wl_surface#73.set_opaque_region(wl_region#100)
[20:54:55.048917] {Default Queue}  -> wl_region#100.destroy()
[20:54:55.048918] {Default Queue}  -> wp_viewport#80.set_destination(853, 102)
[20:54:55.048919]  -> wl_surface#73.attach(wl_buffer#99, 0, 0)
[20:54:55.048919]  -> wl_surface#73.damage_buffer(0, 0, 853, 102)
[20:54:55.048920]  -> wl_surface#73.frame(new id wl_callback#101)
[20:54:55.048921] {Default Queue}  -> wp_presentation#20.feedback(wl_surface#73, new id wp_presentation_feedback#102)
[20:54:55.048922]  -> wl_surface#73.commit()
[20:54:55.048958] {Default Queue}  -> zwlr_layer_surface_v1#82.set_exclusive_zone(102)
[20:54:55.048984] {Display Queue} wl_display#1.delete_id(83)
[20:54:55.048987] {Display Queue} wl_display#1.delete_id(85)
[20:54:55.048987] {Display Queue} wl_display#1.delete_id(86)
[20:54:55.048988] {Display Queue} wl_display#1.delete_id(87)
[20:54:55.048988] {Display Queue} wl_display#1.delete_id(90)
[20:54:55.048989] {Display Queue} wl_display#1.delete_id(95)
[20:54:55.048989] {Default Queue} zwlr_layer_surface_v1#72.configure(9, 1280, 200)
[20:54:55.048991] {Default Queue}  -> zwlr_layer_surface_v1#72.ack_configure(9)
[20:54:55.048992] {Default Queue} zwlr_layer_surface_v1#66.configure(10, 1280, 720)
[20:54:55.048993] {Default Queue}  -> zwlr_layer_surface_v1#66.ack_configure(10)
[20:54:55.048994] {Default Queue} wp_fractional_scale_v1#63.preferred_scale(120)
[20:54:55.048995] {Default Queue} wl_callback#86.done(28818161)
[20:54:55.048998] {Default Queue} wp_presentation_feedback#87.sync_output(wl_output#60)
[20:54:55.048999] {Default Queue} wp_presentation_feedback#87.sync_output(wl_output#28)
[20:54:55.049000] {Default Queue} wp_presentation_feedback#87.presented(0, 28818, 161360703, 0, 0, 0, 0)
[20:54:55.049002] {Default Queue} zwlr_layer_surface_v1#72.configure(12, 1280, 48)
[20:54:55.049002] {Default Queue}  -> zwlr_layer_surface_v1#72.ack_configure(12)
[20:54:55.049003] {Default Queue} zwlr_layer_surface_v1#66.configure(13, 1280, 720)
[20:54:55.049004] {Default Queue}  -> zwlr_layer_surface_v1#66.ack_configure(13)
[20:54:55.049004] {Default Queue} wp_fractional_scale_v1#69.preferred_scale(120)
[20:54:55.049005] {Default Queue} zwlr_layer_surface_v1#72.configure(14, 1280, 48)
[20:54:55.049006] {Default Queue}  -> zwlr_layer_surface_v1#72.ack_configure(14)
[20:54:55.049006] {Default Queue} zwlr_layer_surface_v1#66.configure(15, 1280, 720)
[20:54:55.049007] {Default Queue}  -> zwlr_layer_surface_v1#66.ack_configure(15)
[20:54:55.049008] {Default Queue} zwlr_layer_surface_v1#82.configure(16, 853, 200)
[20:54:55.049008] {Default Queue}  -> zwlr_layer_surface_v1#82.ack_configure(16)
[20:54:55.049009] {Default Queue} zwlr_layer_surface_v1#77.configure(17, 853, 480)
[20:54:55.049010] {Default Queue}  -> zwlr_layer_surface_v1#77.ack_configure(17)
[20:54:55.049010] {Default Queue} wp_fractional_scale_v1#74.preferred_scale(180)
[20:54:55.049025] wl_surface#67.enter(wl_output#61)
[20:54:55.049027] wl_surface#67.enter(wl_output#31)
[20:54:55.049028] wl_surface#67.preferred_buffer_scale(2)
[20:54:55.049029] wl_surface#68.enter(wl_output#60)
[20:54:55.049057] wl_surface#68.enter(wl_output#28)
[20:54:55.049066] wl_surface#68.preferred_buffer_scale(1)
[20:54:55.049067] wl_surface#62.enter(wl_output#60)
[20:54:55.049069] wl_surface#62.enter(wl_output#28)
[20:54:55.049069] wl_surface#62.preferred_buffer_scale(1)
[20:54:55.049153] {Display Queue} wl_display#1.delete_id(100)
[20:54:55.049155] {Default Queue} zwlr_layer_surface_v1#82.configure(18, 853, 102)
[20:54:55.049156] {Default Queue}  -> zwlr_layer_surface_v1#82.ack_configure(18)
[20:54:55.049156] {Default Queue} zwlr_layer_surface_v1#77.configure(19, 853, 480)
[20:54:55.049157] {Default Queue}  -> zwlr_layer_surface_v1#77.ack_configure(19)
[20:54:55.049158] {Default Queue} wp_fractional_scale_v1#79.preferred_scale(180)
[20:54:55.049621] {Default Queue} zwlr_layer_surface_v1#82.configure(20, 853, 102)
[20:54:55.049628] {Default Queue}  -> zwlr_layer_surface_v1#82.ack_configure(20)
[20:54:55.049629] {Default Queue} zwlr_layer_surface_v1#77.configure(21, 853, 480)
[20:54:55.049631] {Default Queue}  -> zwlr_layer_surface_v1#77.ack_configure(21)
[20:54:55.049632] wl_surface#73.enter(wl_output#61)
[20:54:55.049643] wl_surface#73.enter(wl_output#31)
[20:54:55.049656] wl_surface#73.preferred_buffer_scale(2)
[20:54:55.049700] {Default Queue}  -> wl_shm#5.create_pool(new id wl_shm_pool#100, fd 18, 3686400)
[20:54:55.049702] {Default Queue}  -> wl_shm_pool#100.create_buffer(new id wl_buffer#87, 0, 1280, 720, 5120, 0)
[20:54:55.052132] {Default Queue}  -> wl_compositor#4.create_region(new id wl_region#86)
[20:54:55.052134]  -> wl_surface#62.set_input_region(wl_region#86)
[20:54:55.052135] {Default Queue}  -> wl_region#86.destroy()
[20:54:55.052136]  -> wl_surface#62.attach(wl_buffer#87, 0, 0)
[20:54:55.052138]  -> wl_surface#62.damage_buffer(0, 0, 1280, 720)
[20:54:55.052139]  -> wl_surface#62.frame(new id wl_callback#95)
[20:54:55.052140] {Default Queue}  -> wp_presentation#20.feedback(wl_surface#62, new id wp_presentation_feedback#90)
[20:54:55.052141]  -> wl_surface#62.commit()
[20:54:55.052247] {Display Queue} wl_display#1.delete_id(86)
[20:54:55.052248] {Default Queue} wl_buffer#84.release()
[20:54:55.062788] {Display Queue} wl_display#1.delete_id(95)
[20:54:55.062795] {Display Queue} wl_display#1.delete_id(91)
[20:54:55.062797] {Display Queue} wl_display#1.delete_id(90)
[20:54:55.062797] {Display Queue} wl_display#1.delete_id(92)
[20:54:55.062798] {Default Queue} wl_callback#95.done(28818177)
[20:54:55.062804] {Default Queue} wl_callback#91.done(28818177)
[20:54:55.062808] {Default Queue} wp_presentation_feedback#90.sync_output(wl_output#60)
[20:54:55.062810] {Default Queue} wp_presentation_feedback#90.sync_output(wl_output#28)
[20:54:55.062810] {Default Queue} wp_presentation_feedback#90.presented(0, 28818, 177663139, 0, 0, 0, 0)
[20:54:55.062813] {Default Queue} wp_presentation_feedback#92.sync_output(wl_output#60)
[20:54:55.062814] {Default Queue} wp_presentation_feedback#92.sync_output(wl_output#28)
[20:54:55.062814] {Default Queue} wp_presentation_feedback#92.presented(0, 28818, 177663139, 0, 0, 0, 0)
[20:54:55.062870] {Default Queue}  -> wl_shm#5.create_pool(new id wl_shm_pool#92, fd 18, 245760)
[20:54:55.062875] {Default Queue}  -> wl_shm_pool#92.create_buffer(new id wl_buffer#90, 0, 1280, 48, 5120, 0)
[20:54:55.063164] {Default Queue}  -> wl_compositor#4.create_region(new id wl_region#91)
[20:54:55.063166] {Default Queue}  -> wl_region#91.add(19, 4, 525, 1)
[20:54:55.063167] {Default Queue}  -> wl_region#91.add(577, 4, 126, 1)
[20:54:55.063168] {Default Queue}  -> wl_region#91.add(888, 4, 373, 1)
[20:54:55.063169] {Default Queue}  -> wl_region#91.add(17, 5, 529, 1)
[20:54:55.063170] {Default Queue}  -> wl_region#91.add(575, 5, 130, 1)
[20:54:55.063170] {Default Queue}  -> wl_region#91.add(886, 5, 377, 1)
[20:54:55.063171] {Default Queue}  -> wl_region#91.add(16, 6, 531, 1)
[20:54:55.063172] {Default Queue}  -> wl_region#91.add(574, 6, 132, 1)
[20:54:55.063172] {Default Queue}  -> wl_region#91.add(885, 6, 379, 1)
[20:54:55.063173] {Default Queue}  -> wl_region#91.add(15, 7, 533, 1)
[20:54:55.063173] {Default Queue}  -> wl_region#91.add(573, 7, 134, 1)
[20:54:55.063174] {Default Queue}  -> wl_region#91.add(884, 7, 381, 1)
[20:54:55.063175] {Default Queue}  -> wl_region#91.add(14, 8, 535, 1)
[20:54:55.063175] {Default Queue}  -> wl_region#91.add(572, 8, 136, 1)
[20:54:55.063176] {Default Queue}  -> wl_region#91.add(883, 8, 383, 1)
[20:54:55.063176] {Default Queue}  -> wl_region#91.add(13, 9, 537, 1)
[20:54:55.063177] {Default Queue}  -> wl_region#91.add(571, 9, 138, 1)
[20:54:55.063178] {Default Queue}  -> wl_region#91.add(882, 9, 385, 1)
[20:54:55.063178] {Default Queue}  -> wl_region#91.add(12, 10, 539, 2)
[20:54:55.063179] {Default Queue}  -> wl_region#91.add(570, 10, 140, 2)
[20:54:55.063180] {Default Queue}  -> wl_region#91.add(881, 10, 387, 2)
[20:54:55.063180] {Default Queue}  -> wl_region#91.add(11, 12, 541, 5)
[20:54:55.063181] {Default Queue}  -> wl_region#91.add(569, 12, 142, 5)
[20:54:55.063181] {Default Queue}  -> wl_region#91.add(880, 12, 389, 5)
[20:54:55.063182] {Default Queue}  -> wl_region#91.add(10, 17, 543, 14)
[20:54:55.063183] {Default Queue}  -> wl_region#91.add(568, 17, 144, 14)
[20:54:55.063183] {Default Queue}  -> wl_region#91.add(879, 17, 391, 14)
[20:54:55.063184] {Default Queue}  -> wl_region#91.add(11, 31, 541, 5)
[20:54:55.063185] {Default Queue}  -> wl_region#91.add(569, 31, 142, 5)
[20:54:55.063185] {Default Queue}  -> wl_region#91.add(880, 31, 389, 5)
[20:54:55.063186] {Default Queue}  -> wl_region#91.add(12, 36, 539, 2)
[20:54:55.063186] {Default Queue}  -> wl_region#91.add(570, 36, 140, 2)
[20:54:55.063187] {Default Queue}  -> wl_region#91.add(881, 36, 387, 2)
[20:54:55.063188] {Default Queue}  -> wl_region#91.add(13, 38, 537, 1)
[20:54:55.063189] {Default Queue}  -> wl_region#91.add(571, 38, 138, 1)
[20:54:55.063190] {Default Queue}  -> wl_region#91.add(882, 38, 385, 1)
[20:54:55.063190] {Default Queue}  -> wl_region#91.add(14, 39, 535, 1)
[20:54:55.063191] {Default Queue}  -> wl_region#91.add(572, 39, 136, 1)
[20:54:55.063192] {Default Queue}  -> wl_region#91.add(883, 39, 383, 1)
[20:54:55.063193] {Default Queue}  -> wl_region#91.add(15, 40, 533, 1)
[20:54:55.063194] {Default Queue}  -> wl_region#91.add(573, 40, 134, 1)
[20:54:55.063195] {Default Queue}  -> wl_region#91.add(884, 40, 381, 1)
[20:54:55.063196] {Default Queue}  -> wl_region#91.add(16, 41, 531, 1)
[20:54:55.063197] {Default Queue}  -> wl_region#91.add(574, 41, 132, 1)
[20:54:55.063198] {Default Queue}  -> wl_region#91.add(885, 41, 379, 1)
[20:54:55.063199] {Default Queue}  -> wl_region#91.add(17, 42, 529, 1)
[20:54:55.063200] {Default Queue}  -> wl_region#91.add(575, 42, 130, 1)
[20:54:55.063201] {Default Queue}  -> wl_region#91.add(886, 42, 377, 1)
[20:54:55.063202] {Default Queue}  -> wl_region#91.add(19, 43, 525, 1)
[20:54:55.063203] {Default Queue}  -> wl_region#91.add(577, 43, 126, 1)
[20:54:55.063204] {Default Queue}  -> wl_region#91.add(888, 43, 373, 1)
[20:54:55.063205]  -> wl_surface#68.set_input_region(wl_region#91)
[20:54:55.063206] {Default Queue}  -> wl_region#91.destroy()
[20:54:55.063208]  -> wl_surface#68.attach(wl_buffer#90, 0, 0)
[20:54:55.063209]  -> wl_surface#68.damage_buffer(0, 0, 1280, 48)
[20:54:55.063211]  -> wl_surface#68.frame(new id wl_callback#95)
[20:54:55.063213] {Default Queue}  -> wp_presentation#20.feedback(wl_surface#68, new id wp_presentation_feedback#86)
[20:54:55.063215]  -> wl_surface#68.commit()
[20:54:55.063683] {Display Queue} wl_display#1.delete_id(96)
[20:54:55.063687] {Display Queue} wl_display#1.delete_id(101)
[20:54:55.063688] {Display Queue} wl_display#1.delete_id(97)
[20:54:55.063689] {Display Queue} wl_display#1.delete_id(102)
[20:54:55.063690] {Default Queue} wl_callback#96.done(28818178)
[20:54:55.063696] {Default Queue} wl_callback#101.done(28818178)
[20:54:55.063698] {Default Queue} wp_presentation_feedback#97.sync_output(wl_output#61)
[20:54:55.063698] {Default Queue} wp_presentation_feedback#97.sync_output(wl_output#31)
[20:54:55.063699] {Default Queue} wp_presentation_feedback#97.presented(0, 28818, 178569237, 0, 0, 0, 0)
[20:54:55.063702] {Default Queue} wp_presentation_feedback#102.sync_output(wl_output#61)
[20:54:55.063703] {Default Queue} wp_presentation_feedback#102.sync_output(wl_output#31)
[20:54:55.063703] {Default Queue} wp_presentation_feedback#102.presented(0, 28818, 178569237, 0, 0, 0, 0)
[20:54:55.063816] {Default Queue}  -> wl_shm#5.create_pool(new id wl_shm_pool#102, fd 18, 3686400)
[20:54:55.063820] {Default Queue}  -> wl_shm_pool#102.create_buffer(new id wl_buffer#97, 0, 1280, 720, 5120, 0)
[20:54:55.066277] {Default Queue}  -> wl_compositor#4.create_region(new id wl_region#101)
[20:54:55.066280]  -> wl_surface#67.set_input_region(wl_region#101)
[20:54:55.066281] {Default Queue}  -> wl_region#101.destroy()
[20:54:55.066283] {Default Queue}  -> wp_viewport#75.set_destination(853, 480)
[20:54:55.066284]  -> wl_surface#67.attach(wl_buffer#97, 0, 0)
[20:54:55.066285]  -> wl_surface#67.damage_buffer(0, 0, 1280, 720)
[20:54:55.066286]  -> wl_surface#67.frame(new id wl_callback#96)
[20:54:55.066287] {Default Queue}  -> wp_presentation#20.feedback(wl_surface#67, new id wp_presentation_feedback#85)
[20:54:55.066289]  -> wl_surface#67.commit()
[20:54:55.066539] {Default Queue}  -> wl_shm#5.create_pool(new id wl_shm_pool#83, fd 19, 783360)
[20:54:55.066542] {Default Queue}  -> wl_shm_pool#83.create_buffer(new id wl_buffer#103, 0, 1280, 153, 5120, 0)
[20:54:55.067148] {Default Queue}  -> wl_compositor#4.create_region(new id wl_region#104)
[20:54:55.067151] {Default Queue}  -> wl_region#104.add(19, 4, 218, 1)
[20:54:55.067152] {Default Queue}  -> wl_region#104.add(309, 4, 126, 1)
[20:54:55.067153] {Default Queue}  -> wl_region#104.add(465, 4, 369, 1)
[20:54:55.067154] {Default Queue}  -> wl_region#104.add(17, 5, 222, 1)
[20:54:55.067154] {Default Queue}  -> wl_region#104.add(307, 5, 130, 1)
[20:54:55.067155] {Default Queue}  -> wl_region#104.add(463, 5, 373, 1)
[20:54:55.067155] {Default Queue}  -> wl_region#104.add(16, 6, 224, 1)
[20:54:55.067156] {Default Queue}  -> wl_region#104.add(306, 6, 132, 1)
[20:54:55.067157] {Default Queue}  -> wl_region#104.add(462, 6, 375, 1)
[20:54:55.067157] {Default Queue}  -> wl_region#104.add(15, 7, 226, 1)
[20:54:55.067158] {Default Queue}  -> wl_region#104.add(305, 7, 134, 1)
[20:54:55.067159] {Default Queue}  -> wl_region#104.add(461, 7, 377, 1)
[20:54:55.067159] {Default Queue}  -> wl_region#104.add(14, 8, 228, 1)
[20:54:55.067160] {Default Queue}  -> wl_region#104.add(304, 8, 136, 1)
[20:54:55.067161] {Default Queue}  -> wl_region#104.add(460, 8, 379, 1)
[20:54:55.067161] {Default Queue}  -> wl_region#104.add(13, 9, 230, 1)
[20:54:55.067162] {Default Queue}  -> wl_region#104.add(303, 9, 138, 1)
[20:54:55.067162] {Default Queue}  -> wl_region#104.add(459, 9, 381, 1)
[20:54:55.067163] {Default Queue}  -> wl_region#104.add(12, 10, 232, 2)
[20:54:55.067164] {Default Queue}  -> wl_region#104.add(302, 10, 140, 2)
[20:54:55.067164] {Default Queue}  -> wl_region#104.add(458, 10, 383, 2)
[20:54:55.067165] {Default Queue}  -> wl_region#104.add(11, 12, 234, 5)
[20:54:55.067166] {Default Queue}  -> wl_region#104.add(301, 12, 142, 5)
[20:54:55.067166] {Default Queue}  -> wl_region#104.add(457, 12, 385, 5)
[20:54:55.067167] {Default Queue}  -> wl_region#104.add(10, 17, 236, 68)
[20:54:55.067168] {Default Queue}  -> wl_region#104.add(300, 17, 144, 68)
[20:54:55.067168] {Default Queue}  -> wl_region#104.add(456, 17, 387, 68)
[20:54:55.067169] {Default Queue}  -> wl_region#104.add(11, 85, 234, 5)
[20:54:55.067169] {Default Queue}  -> wl_region#104.add(301, 85, 142, 5)
[20:54:55.067170] {Default Queue}  -> wl_region#104.add(457, 85, 385, 5)
[20:54:55.067171] {Default Queue}  -> wl_region#104.add(12, 90, 232, 2)
[20:54:55.067171] {Default Queue}  -> wl_region#104.add(302, 90, 140, 2)
[20:54:55.067172] {Default Queue}  -> wl_region#104.add(458, 90, 383, 2)
[20:54:55.067173] {Default Queue}  -> wl_region#104.add(13, 92, 230, 1)
[20:54:55.067173] {Default Queue}  -> wl_region#104.add(303, 92, 138, 1)
[20:54:55.067174] {Default Queue}  -> wl_region#104.add(459, 92, 381, 1)
[20:54:55.067174] {Default Queue}  -> wl_region#104.add(14, 93, 228, 1)
[20:54:55.067175] {Default Queue}  -> wl_region#104.add(304, 93, 136, 1)
[20:54:55.067176] {Default Queue}  -> wl_region#104.add(460, 93, 379, 1)
[20:54:55.067176] {Default Queue}  -> wl_region#104.add(15, 94, 226, 1)
[20:54:55.067177] {Default Queue}  -> wl_region#104.add(305, 94, 134, 1)
[20:54:55.067178] {Default Queue}  -> wl_region#104.add(461, 94, 377, 1)
[20:54:55.067178] {Default Queue}  -> wl_region#104.add(16, 95, 224, 1)
[20:54:55.067179] {Default Queue}  -> wl_region#104.add(306, 95, 132, 1)
[20:54:55.067179] {Default Queue}  -> wl_region#104.add(462, 95, 375, 1)
[20:54:55.067180] {Default Queue}  -> wl_region#104.add(17, 96, 222, 1)
[20:54:55.067181] {Default Queue}  -> wl_region#104.add(307, 96, 130, 1)
[20:54:55.067181] {Default Queue}  -> wl_region#104.add(463, 96, 373, 1)
[20:54:55.067182] {Default Queue}  -> wl_region#104.add(19, 97, 218, 1)
[20:54:55.067183] {Default Queue}  -> wl_region#104.add(309, 97, 126, 1)
[20:54:55.067183] {Default Queue}  -> wl_region#104.add(465, 97, 369, 1)
[20:54:55.067184]  -> wl_surface#73.set_input_region(wl_region#104)
[20:54:55.067185] {Default Queue}  -> wl_region#104.destroy()
[20:54:55.067186] {Default Queue}  -> wp_viewport#80.set_destination(853, 102)
[20:54:55.067187]  -> wl_surface#73.attach(wl_buffer#103, 0, 0)
[20:54:55.067187]  -> wl_surface#73.damage_buffer(0, 0, 1280, 153)
[20:54:55.067188]  -> wl_surface#73.frame(new id wl_callback#105)
[20:54:55.067189] {Default Queue}  -> wp_presentation#20.feedback(wl_surface#73, new id wp_presentation_feedback#106)
[20:54:55.067191]  -> wl_surface#73.commit()
[20:54:55.067216] {Display Queue} wl_display#1.delete_id(91)
[20:54:55.067217] {Default Queue} wl_buffer#89.release()
[20:54:55.067376] {Display Queue} wl_display#1.delete_id(101)
[20:54:55.067377] {Display Queue} wl_display#1.delete_id(104)
[20:54:55.067377] {Default Queue} wl_buffer#94.release()
[20:54:55.067379] {Default Queue}  -> wl_buffer#94.destroy()
[20:54:55.067380] {Default Queue}  -> wl_shm_pool#93.destroy()
[20:54:55.067407] {Default Queue} wl_buffer#99.release()
[20:54:55.067408] {Default Queue}  -> wl_buffer#99.destroy()
[20:54:55.067409] {Default Queue}  -> wl_shm_pool#98.destroy()
[20:54:55.067415] {Default Queue} zwlr_layer_surface_v1#82.configure(22, 853, 102)
[20:54:55.067421] {Default Queue}  -> zwlr_layer_surface_v1#82.ack_configure(22)
[20:54:55.067422] {Default Queue} zwlr_layer_surface_v1#77.configure(23, 853, 480)
[20:54:55.067423] {Default Queue}  -> zwlr_layer_surface_v1#77.ack_configure(23)
[20:54:55.078892] {Display Queue} wl_display#1.delete_id(94)
[20:54:55.078900] {Display Queue} wl_display#1.delete_id(93)
[20:54:55.078901] {Display Queue} wl_display#1.delete_id(99)
[20:54:55.078902] {Display Queue} wl_display#1.delete_id(98)
[20:54:55.078903] {Display Queue} wl_display#1.delete_id(95)
[20:54:55.078903] {Display Queue} wl_display#1.delete_id(86)
[20:54:55.078904] {Default Queue} wl_callback#95.done(28818193)
[20:54:55.078913] {Default Queue} wp_presentation_feedback#86.sync_output(wl_output#60)
[20:54:55.078914] {Default Queue} wp_presentation_feedback#86.sync_output(wl_output#28)
[20:54:55.078915] {Default Queue} wp_presentation_feedback#86.presented(0, 28818, 193759193, 0, 0, 0, 0)
[20:54:55.080043] {Display Queue} wl_display#1.delete_id(96)
[20:54:55.080048] {Display Queue} wl_display#1.delete_id(105)
[20:54:55.080049] {Display Queue} wl_display#1.delete_id(85)
[20:54:55.080050] {Display Queue} wl_display#1.delete_id(106)
[20:54:55.080051] {Default Queue} wl_callback#96.done(28818194)
[20:54:55.080058] {Default Queue} wl_callback#105.done(28818194)
[20:54:55.080060] {Default Queue} wp_presentation_feedback#85.sync_output(wl_output#61)
[20:54:55.080062] {Default Queue} wp_presentation_feedback#85.sync_output(wl_output#31)
[20:54:55.080062] {Default Queue} wp_presentation_feedback#85.presented(0, 28818, 194928403, 0, 0, 0, 0)
[20:54:55.080065] {Default Queue} wp_presentation_feedback#106.sync_output(wl_output#61)
[20:54:55.080066] {Default Queue} wp_presentation_feedback#106.sync_output(wl_output#31)
[20:54:55.080066] {Default Queue} wp_presentation_feedback#106.presented(0, 28818, 194928403, 0, 0, 0, 0)
[20:54:55.080092]  -> wl_surface#67.commit()
[20:54:55.080103]  -> wl_surface#73.commit()
info: event=preferences-applied revision=0 mode=static cache=false
[20:54:55.212089] {Default Queue}  -> zwlr_layer_surface_v1#82.set_exclusive_zone(48)
[20:54:55.227625]  -> wl_surface#68.attach(wl_buffer#89, 0, 0)
[20:54:55.227633]  -> wl_surface#68.damage_buffer(0, 0, 1280, 48)
[20:54:55.227635]  -> wl_surface#68.frame(new id wl_callback#106)
[20:54:55.227637] {Default Queue}  -> wp_presentation#20.feedback(wl_surface#68, new id wp_presentation_feedback#85)
[20:54:55.227639]  -> wl_surface#68.commit()
[20:54:55.228802] {Default Queue}  -> wl_shm#5.create_pool(new id wl_shm_pool#105, fd 18, 783360)
[20:54:55.228809] {Default Queue}  -> wl_shm_pool#105.create_buffer(new id wl_buffer#96, 0, 1280, 153, 5120, 0)
[20:54:55.229226]  -> wl_surface#73.attach(wl_buffer#96, 0, 0)
[20:54:55.229229]  -> wl_surface#73.damage_buffer(0, 0, 1280, 153)
[20:54:55.229231]  -> wl_surface#73.frame(new id wl_callback#86)
[20:54:55.229232] {Default Queue}  -> wp_presentation#20.feedback(wl_surface#73, new id wp_presentation_feedback#95)
[20:54:55.229234]  -> wl_surface#73.commit()
[20:54:55.229645] {Default Queue}  -> zwlr_layer_surface_v1#82.set_exclusive_zone(102)
[20:54:55.229665] {Display Queue} wl_display#1.delete_id(106)
[20:54:55.229667] {Display Queue} wl_display#1.delete_id(85)
[20:54:55.229668] {Default Queue} wl_buffer#90.release()
[20:54:55.229669] {Default Queue} wl_callback#106.done(28818343)
[20:54:55.229673] {Default Queue} wp_presentation_feedback#85.sync_output(wl_output#60)
[20:54:55.229674] {Default Queue} wp_presentation_feedback#85.sync_output(wl_output#28)
[20:54:55.229674] {Default Queue} wp_presentation_feedback#85.presented(0, 28818, 343135405, 0, 0, 0, 0)
[20:54:55.229892] {Display Queue} wl_display#1.delete_id(86)
[20:54:55.229893] {Display Queue} wl_display#1.delete_id(95)
[20:54:55.229894] {Default Queue} wl_buffer#103.release()
[20:54:55.229894] {Default Queue} zwlr_layer_surface_v1#82.configure(25, 853, 102)
[20:54:55.229896] {Default Queue}  -> zwlr_layer_surface_v1#82.ack_configure(25)
[20:54:55.229897] {Default Queue} zwlr_layer_surface_v1#77.configure(26, 853, 480)
[20:54:55.229898] {Default Queue}  -> zwlr_layer_surface_v1#77.ack_configure(26)
[20:54:55.229899] {Default Queue} wl_callback#86.done(28818344)
[20:54:55.229900] {Default Queue} wp_presentation_feedback#95.sync_output(wl_output#61)
[20:54:55.229901] {Default Queue} wp_presentation_feedback#95.sync_output(wl_output#31)
[20:54:55.229901] {Default Queue} wp_presentation_feedback#95.presented(0, 28818, 344743759, 0, 0, 0, 0)
[20:54:55.230006]  -> wl_surface#73.commit()
[20:54:55.230065] {Default Queue} zwlr_layer_surface_v1#82.configure(27, 853, 102)
[20:54:55.230067] {Default Queue}  -> zwlr_layer_surface_v1#82.ack_configure(27)
[20:54:55.230067] {Default Queue} zwlr_layer_surface_v1#77.configure(28, 853, 480)
[20:54:55.230068] {Default Queue}  -> zwlr_layer_surface_v1#77.ack_configure(28)
[20:54:55.244004]  -> wl_surface#67.commit()
[20:54:55.247025]  -> wl_surface#73.commit()
[20:54:55.417244] {Default Queue} zwlr_layer_surface_v1#72.configure(29, 1280, 48)
[20:54:55.417259] {Default Queue}  -> zwlr_layer_surface_v1#72.ack_configure(29)
[20:54:55.417261] {Default Queue} zwlr_layer_surface_v1#66.configure(30, 1280, 720)
[20:54:55.417263] {Default Queue}  -> zwlr_layer_surface_v1#66.ack_configure(30)
[20:54:55.417283]  -> wl_surface#68.commit()
[20:54:55.417297]  -> wl_surface#62.commit()
[20:54:55.424361] {Default Queue} zwlr_layer_surface_v1#72.configure(32, 1280, 48)
[20:54:55.424375] {Default Queue}  -> zwlr_layer_surface_v1#72.ack_configure(32)
[20:54:55.424376] {Default Queue} zwlr_layer_surface_v1#66.configure(34, 1280, 720)
[20:54:55.424379] {Default Queue}  -> zwlr_layer_surface_v1#66.ack_configure(34)
[20:54:55.426453]  -> wl_surface#62.commit()
[20:54:55.427156] {Default Queue} zwlr_layer_surface_v1#82.configure(36, 853, 102)
[20:54:55.427165] {Default Queue}  -> zwlr_layer_surface_v1#82.ack_configure(36)
[20:54:55.427166] {Default Queue} zwlr_layer_surface_v1#77.configure(37, 853, 480)
[20:54:55.427168] {Default Queue}  -> zwlr_layer_surface_v1#77.ack_configure(37)
[20:54:55.427176]  -> wl_surface#73.commit()
[20:54:55.427186]  -> wl_surface#67.commit()
[20:54:55.428613] {Default Queue} zwlr_layer_surface_v1#82.configure(39, 853, 102)
[20:54:55.428621] {Default Queue}  -> zwlr_layer_surface_v1#82.ack_configure(39)
[20:54:55.428623] {Default Queue} zwlr_layer_surface_v1#77.configure(41, 853, 480)
[20:54:55.428625] {Default Queue}  -> zwlr_layer_surface_v1#77.ack_configure(41)
[20:54:55.429422]  -> wl_surface#68.commit()
[20:54:55.441323] {Default Queue}  -> zwlr_layer_surface_v1#72.set_anchor(12)
[20:54:55.441335] {Default Queue}  -> zwlr_layer_surface_v1#72.set_anchor(14)
[20:54:55.441352] {Default Queue}  -> zwlr_layer_surface_v1#72.set_exclusive_zone(64)
[20:54:55.443046] {Default Queue}  -> wl_compositor#4.create_surface(new id wl_surface#95)
[20:54:55.443050] {Default Queue}  -> wp_fractional_scale_manager_v1#11.get_fractional_scale(new id wp_fractional_scale_v1#86, wl_surface#95)
[20:54:55.443052] {Default Queue}  -> wp_viewporter#10.get_viewport(new id wp_viewport#85, wl_surface#95)
[20:54:55.443076] {Default Queue}  -> xdg_toplevel_icon_manager_v1#9.create_icon(new id xdg_toplevel_icon_v1#106)
[20:54:55.443090] {Default Queue}  -> zwlr_layer_shell_v1#46.get_layer_surface(new id zwlr_layer_surface_v1#98, wl_surface#95, wl_output#28, 2, "pearl:frame-exclusion")
[20:54:55.443093] {Default Queue}  -> zwlr_layer_surface_v1#98.set_keyboard_interactivity(0)
[20:54:55.443093] {Default Queue}  -> zwlr_layer_surface_v1#98.set_exclusive_zone(8)
[20:54:55.443094] {Default Queue}  -> zwlr_layer_surface_v1#98.set_anchor(13)
[20:54:55.443095] {Default Queue}  -> zwlr_layer_surface_v1#98.set_margin(0, 0, 0, 0)
[20:54:55.443096] {Default Queue}  -> zwlr_layer_surface_v1#98.set_size(0, 200)
[20:54:55.443105]  -> wl_surface#95.commit()
[20:54:55.443124] {Default Queue}  -> xdg_activation_v1#15.get_activation_token(new id xdg_activation_token_v1#99)
[20:54:55.443126]  -> xdg_activation_token_v1#99.set_serial(0, wl_seat#3)
[20:54:55.443128]  -> xdg_activation_token_v1#99.commit()
[20:54:55.443241] xdg_activation_token_v1#99.done("41ca2650c720dc2e9abaf5b56b0b009b")
[20:54:55.443243]  -> xdg_activation_token_v1#99.destroy()
[20:54:55.443244] {Default Queue}  -> xdg_activation_v1#15.activate("41ca2650c720dc2e9abaf5b56b0b009b", wl_surface#95)
[20:54:55.443254] {Default Queue} zwlr_layer_surface_v1#72.configure(43, 1280, 48)
[20:54:55.443257] {Default Queue}  -> zwlr_layer_surface_v1#72.ack_configure(43)
[20:54:55.443258] {Default Queue} zwlr_layer_surface_v1#98.configure(44, 1280, 200)
[20:54:55.443266] {Default Queue}  -> zwlr_layer_surface_v1#98.ack_configure(44)
[20:54:55.443267] {Default Queue} zwlr_layer_surface_v1#66.configure(45, 1280, 720)
[20:54:55.443269] {Default Queue}  -> zwlr_layer_surface_v1#66.ack_configure(45)
[20:54:55.443348] {Default Queue}  -> wl_shm#5.create_pool(new id wl_shm_pool#93, fd 18, 40960)
[20:54:55.443352] {Default Queue}  -> wl_shm_pool#93.create_buffer(new id wl_buffer#94, 0, 1280, 8, 5120, 0)
[20:54:55.443392] {Default Queue}  -> zwlr_layer_surface_v1#98.set_size(0, 8)
[20:54:55.443394] {Default Queue}  -> wp_viewport#85.set_destination(1280, 8)
[20:54:55.443395]  -> wl_surface#95.attach(wl_buffer#94, 0, 0)
[20:54:55.443396]  -> wl_surface#95.damage_buffer(0, 0, 1280, 8)
[20:54:55.443397]  -> wl_surface#95.frame(new id wl_callback#104)
[20:54:55.443400] {Default Queue}  -> wp_presentation#20.feedback(wl_surface#95, new id wp_presentation_feedback#101)
[20:54:55.443401]  -> wl_surface#95.commit()
[20:54:55.443413]  -> wl_surface#62.commit()
[20:54:55.443507] {Display Queue} wl_display#1.delete_id(99)
[20:54:55.443509] {Default Queue} zwlr_layer_surface_v1#72.configure(46, 1280, 48)
[20:54:55.443510] {Default Queue}  -> zwlr_layer_surface_v1#72.ack_configure(46)
[20:54:55.443511] {Default Queue} zwlr_layer_surface_v1#98.configure(47, 1280, 8)
[20:54:55.443512] {Default Queue}  -> zwlr_layer_surface_v1#98.ack_configure(47)
[20:54:55.443513] {Default Queue} zwlr_layer_surface_v1#66.configure(48, 1280, 720)
[20:54:55.443514] {Default Queue}  -> zwlr_layer_surface_v1#66.ack_configure(48)
[20:54:55.443514] {Default Queue} wp_fractional_scale_v1#86.preferred_scale(120)
[20:54:55.443515] {Default Queue} zwlr_layer_surface_v1#72.configure(49, 1280, 48)
[20:54:55.443516] {Default Queue}  -> zwlr_layer_surface_v1#72.ack_configure(49)
[20:54:55.443516] {Default Queue} zwlr_layer_surface_v1#98.configure(50, 1280, 8)
[20:54:55.443517] {Default Queue}  -> zwlr_layer_surface_v1#98.ack_configure(50)
[20:54:55.443518] {Default Queue} zwlr_layer_surface_v1#66.configure(51, 1280, 720)
[20:54:55.443518] {Default Queue}  -> zwlr_layer_surface_v1#66.ack_configure(51)
[20:54:55.443519] wl_surface#95.enter(wl_output#60)
[20:54:55.443521] wl_surface#95.enter(wl_output#28)
[20:54:55.443523] wl_surface#95.preferred_buffer_scale(1)
[20:54:55.443671]  -> wl_surface#67.commit()
[20:54:55.446401] {Default Queue}  -> wl_buffer#90.destroy()
[20:54:55.446405] {Default Queue}  -> wl_shm_pool#92.destroy()
[20:54:55.446582] {Default Queue}  -> wl_shm#5.create_pool(new id wl_shm_pool#99, fd 18, 327680)
[20:54:55.446587] {Default Queue}  -> wl_shm_pool#99.create_buffer(new id wl_buffer#91, 0, 1280, 64, 5120, 0)
[20:54:55.446851] {Default Queue}  -> zwlr_layer_surface_v1#72.set_size(0, 64)
[20:54:55.446854] {Default Queue}  -> wl_compositor#4.create_region(new id wl_region#107)
[20:54:55.446855] {Default Queue}  -> wl_region#107.add(18, 4, 527, 56)
[20:54:55.446856]  -> wl_surface#68.set_opaque_region(wl_region#107)
[20:54:55.446857] {Default Queue}  -> wl_region#107.destroy()
[20:54:55.446858] {Default Queue}  -> wp_viewport#70.set_destination(1280, 64)
[20:54:55.446859]  -> wl_surface#68.attach(wl_buffer#91, 0, 0)
[20:54:55.446861]  -> wl_surface#68.damage_buffer(0, 0, 1280, 64)
[20:54:55.446862]  -> wl_surface#68.frame(new id wl_callback#108)
[20:54:55.446863] {Default Queue}  -> wp_presentation#20.feedback(wl_surface#68, new id wp_presentation_feedback#109)
[20:54:55.446864]  -> wl_surface#68.commit()
[20:54:55.446917]  -> wl_surface#73.commit()
[20:54:55.447042] {Display Queue} wl_display#1.delete_id(90)
[20:54:55.447044] {Display Queue} wl_display#1.delete_id(92)
[20:54:55.447044] {Display Queue} wl_display#1.delete_id(107)
[20:54:55.447045] {Default Queue} wl_buffer#89.release()
[20:54:55.447047] {Default Queue}  -> wl_buffer#89.destroy()
[20:54:55.447047] {Default Queue}  -> wl_shm_pool#88.destroy()
[20:54:55.447057] {Default Queue} zwlr_layer_surface_v1#72.configure(52, 1280, 64)
[20:54:55.447059] {Default Queue}  -> zwlr_layer_surface_v1#72.ack_configure(52)
[20:54:55.447060] {Default Queue} zwlr_layer_surface_v1#98.configure(53, 1280, 8)
[20:54:55.447061] {Default Queue}  -> zwlr_layer_surface_v1#98.ack_configure(53)
[20:54:55.447062] {Default Queue} zwlr_layer_surface_v1#66.configure(54, 1280, 720)
[20:54:55.447063] {Default Queue}  -> zwlr_layer_surface_v1#66.ack_configure(54)
[20:54:55.449335] {Display Queue} wl_display#1.delete_id(89)
[20:54:55.449337] {Display Queue} wl_display#1.delete_id(88)
[20:54:55.449337] {Display Queue} wl_display#1.delete_id(108)
[20:54:55.449338] {Display Queue} wl_display#1.delete_id(104)
[20:54:55.449338] {Display Queue} wl_display#1.delete_id(109)
[20:54:55.449339] {Display Queue} wl_display#1.delete_id(101)
[20:54:55.449339] {Default Queue} wl_callback#108.done(28818564)
[20:54:55.449343] {Default Queue} wl_callback#104.done(28818564)
[20:54:55.449345] {Default Queue} wp_presentation_feedback#109.sync_output(wl_output#60)
[20:54:55.449346] {Default Queue} wp_presentation_feedback#109.sync_output(wl_output#28)
[20:54:55.449346] {Default Queue} wp_presentation_feedback#109.presented(0, 28818, 564223257, 0, 0, 0, 0)
[20:54:55.449348] {Default Queue} wp_presentation_feedback#101.sync_output(wl_output#60)
[20:54:55.449349] {Default Queue} wp_presentation_feedback#101.sync_output(wl_output#28)
[20:54:55.449350] {Default Queue} wp_presentation_feedback#101.presented(0, 28818, 564223257, 0, 0, 0, 0)
[20:54:55.449373] {Default Queue}  -> wl_shm#5.create_pool(new id wl_shm_pool#101, fd 18, 327680)
[20:54:55.449376] {Default Queue}  -> wl_shm_pool#101.create_buffer(new id wl_buffer#109, 0, 1280, 64, 5120, 0)
[20:54:55.449609] {Default Queue}  -> wl_compositor#4.create_region(new id wl_region#104)
[20:54:55.449611] {Default Queue}  -> wl_region#104.add(19, 4, 525, 1)
[20:54:55.449612] {Default Queue}  -> wl_region#104.add(577, 4, 126, 1)
[20:54:55.449613] {Default Queue}  -> wl_region#104.add(888, 4, 373, 1)
[20:54:55.449614] {Default Queue}  -> wl_region#104.add(17, 5, 529, 1)
[20:54:55.449614] {Default Queue}  -> wl_region#104.add(575, 5, 130, 1)
[20:54:55.449615] {Default Queue}  -> wl_region#104.add(886, 5, 377, 1)
[20:54:55.449616] {Default Queue}  -> wl_region#104.add(16, 6, 531, 1)
[20:54:55.449616] {Default Queue}  -> wl_region#104.add(574, 6, 132, 1)
[20:54:55.449617] {Default Queue}  -> wl_region#104.add(885, 6, 379, 1)
[20:54:55.449618] {Default Queue}  -> wl_region#104.add(15, 7, 533, 1)
[20:54:55.449619] {Default Queue}  -> wl_region#104.add(573, 7, 134, 1)
[20:54:55.449619] {Default Queue}  -> wl_region#104.add(884, 7, 381, 1)
[20:54:55.449620] {Default Queue}  -> wl_region#104.add(14, 8, 535, 1)
[20:54:55.449621] {Default Queue}  -> wl_region#104.add(572, 8, 136, 1)
[20:54:55.449621] {Default Queue}  -> wl_region#104.add(883, 8, 383, 1)
[20:54:55.449622] {Default Queue}  -> wl_region#104.add(13, 9, 537, 1)
[20:54:55.449623] {Default Queue}  -> wl_region#104.add(571, 9, 138, 1)
[20:54:55.449623] {Default Queue}  -> wl_region#104.add(882, 9, 385, 1)
[20:54:55.449624] {Default Queue}  -> wl_region#104.add(12, 10, 539, 2)
[20:54:55.449624] {Default Queue}  -> wl_region#104.add(570, 10, 140, 2)
[20:54:55.449625] {Default Queue}  -> wl_region#104.add(881, 10, 387, 2)
[20:54:55.449626] {Default Queue}  -> wl_region#104.add(11, 12, 541, 5)
[20:54:55.449626] {Default Queue}  -> wl_region#104.add(569, 12, 142, 5)
[20:54:55.449627] {Default Queue}  -> wl_region#104.add(880, 12, 389, 5)
[20:54:55.449628] {Default Queue}  -> wl_region#104.add(10, 17, 543, 30)
[20:54:55.449628] {Default Queue}  -> wl_region#104.add(568, 17, 144, 30)
[20:54:55.449629] {Default Queue}  -> wl_region#104.add(879, 17, 391, 30)
[20:54:55.449630] {Default Queue}  -> wl_region#104.add(11, 47, 541, 5)
[20:54:55.449630] {Default Queue}  -> wl_region#104.add(569, 47, 142, 5)
[20:54:55.449631] {Default Queue}  -> wl_region#104.add(880, 47, 389, 5)
[20:54:55.449631] {Default Queue}  -> wl_region#104.add(12, 52, 539, 2)
[20:54:55.449632] {Default Queue}  -> wl_region#104.add(570, 52, 140, 2)
[20:54:55.449633] {Default Queue}  -> wl_region#104.add(881, 52, 387, 2)
[20:54:55.449633] {Default Queue}  -> wl_region#104.add(13, 54, 537, 1)
[20:54:55.449634] {Default Queue}  -> wl_region#104.add(571, 54, 138, 1)
[20:54:55.449635] {Default Queue}  -> wl_region#104.add(882, 54, 385, 1)
[20:54:55.449635] {Default Queue}  -> wl_region#104.add(14, 55, 535, 1)
[20:54:55.449636] {Default Queue}  -> wl_region#104.add(572, 55, 136, 1)
[20:54:55.449637] {Default Queue}  -> wl_region#104.add(883, 55, 383, 1)
[20:54:55.449637] {Default Queue}  -> wl_region#104.add(15, 56, 533, 1)
[20:54:55.449638] {Default Queue}  -> wl_region#104.add(573, 56, 134, 1)
[20:54:55.449638] {Default Queue}  -> wl_region#104.add(884, 56, 381, 1)
[20:54:55.449639] {Default Queue}  -> wl_region#104.add(16, 57, 531, 1)
[20:54:55.449640] {Default Queue}  -> wl_region#104.add(574, 57, 132, 1)
[20:54:55.449640] {Default Queue}  -> wl_region#104.add(885, 57, 379, 1)
[20:54:55.449641] {Default Queue}  -> wl_region#104.add(17, 58, 529, 1)
[20:54:55.449642] {Default Queue}  -> wl_region#104.add(575, 58, 130, 1)
[20:54:55.449642] {Default Queue}  -> wl_region#104.add(886, 58, 377, 1)
[20:54:55.449643] {Default Queue}  -> wl_region#104.add(19, 59, 525, 1)
[20:54:55.449644] {Default Queue}  -> wl_region#104.add(577, 59, 126, 1)
[20:54:55.449644] {Default Queue}  -> wl_region#104.add(888, 59, 373, 1)
[20:54:55.449645]  -> wl_surface#68.set_input_region(wl_region#104)
[20:54:55.449646] {Default Queue}  -> wl_region#104.destroy()
[20:54:55.449647]  -> wl_surface#68.attach(wl_buffer#109, 0, 0)
[20:54:55.449647]  -> wl_surface#68.damage_buffer(0, 0, 1280, 64)
[20:54:55.449648]  -> wl_surface#68.frame(new id wl_callback#108)
[20:54:55.449649] {Default Queue}  -> wp_presentation#20.feedback(wl_surface#68, new id wp_presentation_feedback#88)
[20:54:55.449650]  -> wl_surface#68.commit()
[20:54:55.449669] {Default Queue}  -> wl_shm#5.create_pool(new id wl_shm_pool#89, fd 19, 40960)
[20:54:55.449670] {Default Queue}  -> wl_shm_pool#89.create_buffer(new id wl_buffer#107, 0, 1280, 8, 5120, 0)
[20:54:55.449688] {Default Queue}  -> wl_compositor#4.create_region(new id wl_region#92)
[20:54:55.449689]  -> wl_surface#95.set_input_region(wl_region#92)
[20:54:55.449689] {Default Queue}  -> wl_region#92.destroy()
[20:54:55.449690]  -> wl_surface#95.attach(wl_buffer#107, 0, 0)
[20:54:55.449691]  -> wl_surface#95.damage_buffer(0, 0, 1280, 8)
[20:54:55.449692]  -> wl_surface#95.frame(new id wl_callback#90)
[20:54:55.449692] {Default Queue}  -> wp_presentation#20.feedback(wl_surface#95, new id wp_presentation_feedback#110)
[20:54:55.449693]  -> wl_surface#95.commit()
[20:54:55.449747] {Display Queue} wl_display#1.delete_id(104)
[20:54:55.449749] {Display Queue} wl_display#1.delete_id(92)
[20:54:55.449749] {Default Queue} wl_buffer#91.release()
[20:54:55.449750] {Default Queue} wl_buffer#94.release()
[20:54:55.460605]  -> wl_surface#62.commit()
[20:54:55.465421] {Display Queue} wl_display#1.delete_id(108)
[20:54:55.465426] {Display Queue} wl_display#1.delete_id(90)
[20:54:55.465428] {Display Queue} wl_display#1.delete_id(88)
[20:54:55.465428] {Display Queue} wl_display#1.delete_id(110)
[20:54:55.465429] {Default Queue} wl_callback#108.done(28818580)
[20:54:55.465434] {Default Queue} wl_callback#90.done(28818580)
[20:54:55.465435] {Default Queue} wp_presentation_feedback#88.sync_output(wl_output#60)
[20:54:55.465437] {Default Queue} wp_presentation_feedback#88.sync_output(wl_output#28)
[20:54:55.465437] {Default Queue} wp_presentation_feedback#88.presented(0, 28818, 580301531, 0, 0, 0, 0)
[20:54:55.465440] {Default Queue} wp_presentation_feedback#110.sync_output(wl_output#60)
[20:54:55.465441] {Default Queue} wp_presentation_feedback#110.sync_output(wl_output#28)
[20:54:55.465442] {Default Queue} wp_presentation_feedback#110.presented(0, 28818, 580301531, 0, 0, 0, 0)
[20:54:55.474594] {Default Queue}  -> wl_compositor#4.create_surface(new id wl_surface#110)
[20:54:55.474600] {Default Queue}  -> wp_fractional_scale_manager_v1#11.get_fractional_scale(new id wp_fractional_scale_v1#88, wl_surface#110)
[20:54:55.474603] {Default Queue}  -> wp_viewporter#10.get_viewport(new id wp_viewport#90, wl_surface#110)
[20:54:55.474628] {Default Queue}  -> xdg_toplevel_icon_manager_v1#9.create_icon(new id xdg_toplevel_icon_v1#108)
[20:54:55.474642] {Default Queue}  -> zwlr_layer_shell_v1#46.get_layer_surface(new id zwlr_layer_surface_v1#92, wl_surface#110, wl_output#28, 3, "pearl:popup")
[20:54:55.474645] {Default Queue}  -> zwlr_layer_surface_v1#92.set_keyboard_interactivity(1)
[20:54:55.474646] {Default Queue}  -> zwlr_layer_surface_v1#92.set_exclusive_zone(0)
[20:54:55.474647] {Default Queue}  -> zwlr_layer_surface_v1#92.set_anchor(15)
[20:54:55.474648] {Default Queue}  -> zwlr_layer_surface_v1#92.set_margin(0, 0, 0, 0)
[20:54:55.474649] {Default Queue}  -> zwlr_layer_surface_v1#92.set_size(0, 0)
[20:54:55.474653]  -> wl_surface#110.commit()
[20:54:55.474816] {Default Queue}  -> wl_display#1.get_registry(new id wl_registry#104)
[20:54:55.474837] {Default Queue}  -> xdg_activation_v1#15.get_activation_token(new id xdg_activation_token_v1#111)
[20:54:55.474839]  -> xdg_activation_token_v1#111.set_serial(0, wl_seat#3)
[20:54:55.474841]  -> xdg_activation_token_v1#111.commit()
[20:54:55.474967] xdg_activation_token_v1#111.done("8120e31113cff9dba235ca1324a6f466")
[20:54:55.474971]  -> xdg_activation_token_v1#111.destroy()
[20:54:55.474973] {Default Queue}  -> xdg_activation_v1#15.activate("8120e31113cff9dba235ca1324a6f466", wl_surface#110)
info: event=popup-opened output=1
[20:54:55.475004] {Default Queue} zwlr_layer_surface_v1#72.configure(55, 1280, 64)
[20:54:55.475010] {Default Queue}  -> zwlr_layer_surface_v1#72.ack_configure(55)
[20:54:55.475011] {Default Queue} zwlr_layer_surface_v1#98.configure(56, 1280, 8)
[20:54:55.475014] {Default Queue}  -> zwlr_layer_surface_v1#98.ack_configure(56)
[20:54:55.475014] {Default Queue} zwlr_layer_surface_v1#66.configure(57, 1280, 720)
[20:54:55.475016] {Default Queue}  -> zwlr_layer_surface_v1#66.ack_configure(57)
[20:54:55.475017] {Default Queue} zwlr_layer_surface_v1#92.configure(58, 1280, 648)
[20:54:55.475021] {Default Queue}  -> zwlr_layer_surface_v1#92.ack_configure(58)
[20:54:55.475022] {Default Queue} wl_registry#104.global(1, "wl_compositor", 6)
[20:54:55.475023] {Default Queue} wl_registry#104.global(2, "wl_fixes", 1)
[20:54:55.475024] {Default Queue} wl_registry#104.global(3, "wp_security_context_manager_v1", 1)
[20:54:55.475025] {Default Queue} wl_registry#104.global(4, "wl_shm", 2)
[20:54:55.475026] {Default Queue} wl_registry#104.global(5, "wp_single_pixel_buffer_manager_v1", 1)
[20:54:55.475027] {Default Queue} wl_registry#104.global(6, "wp_alpha_modifier_v1", 1)
[20:54:55.475028] {Default Queue} wl_registry#104.global(7, "wp_color_representation_manager_v1", 1)
[20:54:55.475029] {Default Queue} wl_registry#104.global(8, "wp_content_type_manager_v1", 1)
[20:54:55.475030] {Default Queue} wl_registry#104.global(9, "wp_fifo_manager_v1", 1)
[20:54:55.475031] {Default Queue} wl_registry#104.global(10, "wp_commit_timing_manager_v1", 1)
[20:54:55.475032] {Default Queue} wl_registry#104.global(11, "xdg_wm_dialog_v1", 1)
[20:54:55.475033] {Default Queue} wl_registry#104.global(12, "xdg_toplevel_drag_manager_v1", 1)
[20:54:55.475034] {Default Queue} wl_registry#104.global(13, "xdg_toplevel_icon_manager_v1", 1)
[20:54:55.475035] {Default Queue} wl_registry#104.global(14, "xdg_toplevel_tag_manager_v1", 1)
[20:54:55.475036] {Default Queue} wl_registry#104.global(15, "wp_viewporter", 1)
[20:54:55.475037] {Default Queue} wl_registry#104.global(16, "wp_fractional_scale_manager_v1", 1)
[20:54:55.475037] {Default Queue} wl_registry#104.global(17, "wl_subcompositor", 1)
[20:54:55.475038] {Default Queue} wl_registry#104.global(18, "wp_cursor_shape_manager_v1", 2)
[20:54:55.475039] {Default Queue} wl_registry#104.global(19, "xdg_wm_base", 7)
[20:54:55.475040] {Default Queue} wl_registry#104.global(20, "zxdg_decoration_manager_v1", 1)
[20:54:55.475042] {Default Queue} wl_registry#104.global(21, "org_kde_kwin_server_decoration_manager", 1)
[20:54:55.475042] {Default Queue} wl_registry#104.global(22, "xdg_activation_v1", 1)
[20:54:55.475043] {Default Queue} wl_registry#104.global(23, "zxdg_exporter_v2", 1)
[20:54:55.475044] {Default Queue} wl_registry#104.global(24, "zxdg_importer_v2", 1)
[20:54:55.475045] {Default Queue} wl_registry#104.global(25, "wl_data_device_manager", 3)
[20:54:55.475045] {Default Queue} wl_registry#104.global(26, "zwp_primary_selection_device_manager_v1", 1)
[20:54:55.475046] {Default Queue} wl_registry#104.global(27, "ext_data_control_manager_v1", 1)
[20:54:55.475046] {Default Queue} wl_registry#104.global(28, "zwlr_data_control_manager_v1", 2)
[20:54:55.475047] {Default Queue} wl_registry#104.global(29, "zwlr_export_dmabuf_manager_v1", 1)
[20:54:55.475048] {Default Queue} wl_registry#104.global(30, "zwlr_screencopy_manager_v1", 3)
[20:54:55.475048] {Default Queue} wl_registry#104.global(31, "ext_image_copy_capture_manager_v1", 1)
[20:54:55.475049] {Default Queue} wl_registry#104.global(32, "aqueous_capture_color_manager_v1", 1)
[20:54:55.475049] {Default Queue} wl_registry#104.global(33, "ext_output_image_capture_source_manager_v1", 1)
[20:54:55.475050] {Default Queue} wl_registry#104.global(34, "zwlr_foreign_toplevel_manager_v1", 3)
[20:54:55.475051] {Default Queue} wl_registry#104.global(35, "ext_foreign_toplevel_list_v1", 1)
[20:54:55.475051] {Default Queue} wl_registry#104.global(36, "ext_foreign_toplevel_image_capture_source_manager_v1", 1)
[20:54:55.475052] {Default Queue} wl_registry#104.global(37, "wp_tearing_control_manager_v1", 1)
[20:54:55.475053] {Default Queue} wl_registry#104.global(38, "aqueous_window_manager_v1", 10)
[20:54:55.475054] {Default Queue} wl_registry#104.global(39, "ext_workspace_manager_v1", 1)
[20:54:55.475054] {Default Queue} wl_registry#104.global(40, "aqueous_window_info_manager_v1", 8)
[20:54:55.475055] {Default Queue} wl_registry#104.global(41, "aqueous_xkb_bindings_v1", 3)
[20:54:55.475055] {Default Queue} wl_registry#104.global(42, "aqueous_layer_shell_v1", 1)
[20:54:55.475056] {Default Queue} wl_registry#104.global(43, "zwlr_layer_shell_v1", 4)
[20:54:55.475056] {Default Queue} wl_registry#104.global(44, "zwlr_gamma_control_manager_v1", 1)
[20:54:55.475057] {Default Queue} wl_registry#104.global(45, "wp_presentation", 2)
[20:54:55.475058] {Default Queue} wl_registry#104.global(46, "zxdg_output_manager_v1", 3)
[20:54:55.475058] {Default Queue} wl_registry#104.global(47, "zwlr_output_manager_v1", 4)
[20:54:55.475059] {Default Queue} wl_registry#104.global(48, "zwlr_output_power_manager_v1", 1)
[20:54:55.475060] {Default Queue} wl_registry#104.global(49, "aqueous_input_manager_v1", 2)
[20:54:55.475060] {Default Queue} wl_registry#104.global(50, "ext_idle_notifier_v1", 2)
[20:54:55.475061] {Default Queue} wl_registry#104.global(51, "zwp_relative_pointer_manager_v1", 1)
[20:54:55.475061] {Default Queue} wl_registry#104.global(52, "zwp_pointer_gestures_v1", 3)
[20:54:55.475062] {Default Queue} wl_registry#104.global(53, "zwlr_virtual_pointer_manager_v1", 2)
[20:54:55.475063] {Default Queue} wl_registry#104.global(54, "zwp_virtual_keyboard_manager_v1", 1)
[20:54:55.475063] {Default Queue} wl_registry#104.global(55, "zwp_pointer_constraints_v1", 1)
[20:54:55.475064] {Default Queue} wl_registry#104.global(56, "zwp_input_method_manager_v2", 1)
[20:54:55.475064] {Default Queue} wl_registry#104.global(57, "zwp_text_input_manager_v3", 1)
[20:54:55.475065] {Default Queue}  -> wl_registry#104.bind(57, "zwp_text_input_manager_v3", 1, new id [unknown]#112)
[20:54:55.475067] {Default Queue}  -> zwp_text_input_manager_v3#112.get_text_input(new id zwp_text_input_v3#113, wl_seat#3)
[20:54:55.475068] {Default Queue} wl_registry#104.global(58, "zwp_tablet_manager_v2", 1)
[20:54:55.475069] {Default Queue} wl_registry#104.global(59, "wp_pointer_warp_v1", 1)
[20:54:55.475069] {Default Queue} wl_registry#104.global(60, "wl_seat", 9)
[20:54:55.475070] {Default Queue} wl_registry#104.global(61, "aqueous_libinput_config_v1", 2)
[20:54:55.475071] {Default Queue} wl_registry#104.global(62, "aqueous_xkb_config_v1", 2)
[20:54:55.475071] {Default Queue} wl_registry#104.global(63, "zwp_idle_inhibit_manager_v1", 1)
[20:54:55.475072] {Default Queue} wl_registry#104.global(64, "ext_session_lock_manager_v1", 1)
[20:54:55.475072] {Default Queue} wl_registry#104.global(65, "aqueous_shell_manager_v1", 2)
[20:54:55.475073] {Default Queue} wl_registry#104.global(66, "zwp_keyboard_shortcuts_inhibit_manager_v1", 1)
[20:54:55.475074] {Default Queue} wl_registry#104.global(67, "xdg_system_bell_v1", 1)
[20:54:55.475074] {Default Queue} wl_registry#104.global(68, "wl_output", 4)
[20:54:55.475075] {Default Queue} wl_registry#104.global(69, "wl_output", 4)
[20:54:55.475106]  -> wl_surface#68.commit()
[20:54:55.475119]  -> wl_surface#95.commit()
[20:54:55.477773] {Default Queue}  -> wl_shm#5.create_pool(new id wl_shm_pool#114, fd 18, 3317760)
[20:54:55.477780] {Default Queue}  -> wl_shm_pool#114.create_buffer(new id wl_buffer#115, 0, 1280, 648, 5120, 0)
[20:54:55.478726] {Default Queue}  -> wl_compositor#4.create_region(new id wl_region#116)
[20:54:55.478729] {Default Queue}  -> wl_region#116.add(344, 24, 592, 600)
[20:54:55.478731]  -> wl_surface#110.set_opaque_region(wl_region#116)
[20:54:55.478732] {Default Queue}  -> wl_region#116.destroy()
[20:54:55.478733] {Default Queue}  -> wp_viewport#90.set_destination(1280, 648)
[20:54:55.478734]  -> wl_surface#110.attach(wl_buffer#115, 0, 0)
[20:54:55.478735]  -> wl_surface#110.damage_buffer(0, 0, 1280, 648)
[20:54:55.478736]  -> wl_surface#110.frame(new id wl_callback#117)
[20:54:55.478738] {Default Queue}  -> wp_presentation#20.feedback(wl_surface#110, new id wp_presentation_feedback#118)
[20:54:55.478740]  -> wl_surface#110.commit()
info: event=launcher-results count=113 shown=113 publish_us=6363
[20:54:55.481470] {Display Queue} wl_display#1.delete_id(111)
[20:54:55.481474] {Display Queue} wl_display#1.delete_id(116)
[20:54:55.481475] {Default Queue} zwlr_layer_surface_v1#72.configure(59, 1280, 64)
[20:54:55.481486] {Default Queue}  -> zwlr_layer_surface_v1#72.ack_configure(59)
[20:54:55.481487] {Default Queue} zwlr_layer_surface_v1#98.configure(60, 1280, 8)
[20:54:55.481490] {Default Queue}  -> zwlr_layer_surface_v1#98.ack_configure(60)
[20:54:55.481491] {Default Queue} zwlr_layer_surface_v1#66.configure(61, 1280, 720)
[20:54:55.481493] {Default Queue}  -> zwlr_layer_surface_v1#66.ack_configure(61)
[20:54:55.481494] {Default Queue} zwlr_layer_surface_v1#92.configure(62, 1280, 648)
[20:54:55.481495] {Default Queue}  -> zwlr_layer_surface_v1#92.ack_configure(62)
[20:54:55.481495] {Default Queue} wp_fractional_scale_v1#88.preferred_scale(120)
[20:54:55.481496] {Default Queue} wl_data_device#35.selection(nil)
[20:54:55.481502] {Default Queue} zwp_primary_selection_device_v1#34.selection(nil)
[20:54:55.481505] wl_surface#110.enter(wl_output#60)
[20:54:55.481617] wl_surface#110.enter(wl_output#28)
[20:54:55.481629] wl_surface#110.preferred_buffer_scale(1)
[20:54:55.481728]  -> wl_surface#62.commit()
info: event=launcher-results count=113 shown=113 publish_us=3802
[20:54:55.485723] {Display Queue} wl_display#1.delete_id(117)
[20:54:55.485726] {Display Queue} wl_display#1.delete_id(118)
[20:54:55.485727] {Default Queue} wl_callback#117.done(28818596)
[20:54:55.485731] {Default Queue} wp_presentation_feedback#118.sync_output(wl_output#60)
[20:54:55.485732] {Default Queue} wp_presentation_feedback#118.sync_output(wl_output#28)
[20:54:55.485732] {Default Queue} wp_presentation_feedback#118.presented(0, 28818, 596985019, 0, 0, 0, 0)
[20:54:55.499154] {Default Queue}  -> wl_shm#5.create_pool(new id wl_shm_pool#118, fd 18, 3317760)
[20:54:55.499161] {Default Queue}  -> wl_shm_pool#118.create_buffer(new id wl_buffer#117, 0, 1280, 648, 5120, 0)
[20:54:55.500487]  -> wl_surface#110.attach(wl_buffer#117, 0, 0)
[20:54:55.500491]  -> wl_surface#110.damage_buffer(0, 0, 1280, 648)
[20:54:55.500493]  -> wl_surface#110.frame(new id wl_callback#116)
[20:54:55.500495] {Default Queue}  -> wp_presentation#20.feedback(wl_surface#110, new id wp_presentation_feedback#111)
[20:54:55.500497]  -> wl_surface#110.commit()
info: event=launcher-painted latency_us=18602
[20:54:55.500887] {Default Queue}  -> wl_compositor#4.create_region(new id wl_region#119)
[20:54:55.500891] {Default Queue}  -> wl_region#119.add(18, 4, 506, 56)
[20:54:55.500892]  -> wl_surface#68.set_opaque_region(wl_region#119)
[20:54:55.500894] {Default Queue}  -> wl_region#119.destroy()
[20:54:55.500895]  -> wl_surface#68.attach(wl_buffer#91, 0, 0)
[20:54:55.500896]  -> wl_surface#68.damage_buffer(0, 0, 1280, 64)
[20:54:55.500897]  -> wl_surface#68.frame(new id wl_callback#120)
[20:54:55.500898] {Default Queue}  -> wp_presentation#20.feedback(wl_surface#68, new id wp_presentation_feedback#121)
[20:54:55.500900]  -> wl_surface#68.commit()
[20:54:55.500937]  -> wl_surface#95.commit()
[20:54:55.500949] {Display Queue} wl_display#1.delete_id(116)
[20:54:55.500952] {Display Queue} wl_display#1.delete_id(111)
[20:54:55.500952] {Default Queue} wl_buffer#115.release()
[20:54:55.500953] {Default Queue} wl_callback#116.done(28818615)
[20:54:55.500957] {Default Queue} wp_presentation_feedback#111.sync_output(wl_output#60)
[20:54:55.500958] {Default Queue} wp_presentation_feedback#111.sync_output(wl_output#28)
[20:54:55.500958] {Default Queue} wp_presentation_feedback#111.presented(0, 28818, 615833358, 0, 0, 0, 0)
[20:54:55.501600]  -> wl_surface#110.attach(wl_buffer#115, 0, 0)
[20:54:55.501603]  -> wl_surface#110.damage_buffer(0, 0, 1280, 648)
[20:54:55.501604]  -> wl_surface#110.frame(new id wl_callback#111)
[20:54:55.501605] {Default Queue}  -> wp_presentation#20.feedback(wl_surface#110, new id wp_presentation_feedback#116)
[20:54:55.501606]  -> wl_surface#110.commit()
[20:54:55.501618] {Display Queue} wl_display#1.delete_id(119)
[20:54:55.501620] {Default Queue} wl_buffer#109.release()
[20:54:55.501623] {Default Queue} wl_buffer#117.release()
[20:54:55.504717] {Default Queue} wl_seat#52.capabilities(3)
[20:54:55.504722] {Default Queue} wl_seat#50.capabilities(3)
[20:54:55.504723] {Default Queue} wl_seat#3.capabilities(3)
[20:54:55.504727] {Default Queue}  -> wl_seat#3.get_pointer(new id wl_pointer#119)
[20:54:55.504739] {Default Queue}  -> zwp_pointer_gestures_v1#23.get_swipe_gesture(new id zwp_pointer_gesture_swipe_v1#122, wl_pointer#119)
[20:54:55.504741] {Default Queue}  -> zwp_pointer_gestures_v1#23.get_pinch_gesture(new id zwp_pointer_gesture_pinch_v1#123, wl_pointer#119)
[20:54:55.504743] {Default Queue}  -> zwp_pointer_gestures_v1#23.get_hold_gesture(new id zwp_pointer_gesture_hold_v1#124, wl_pointer#119)
[20:54:55.504745] {Default Queue}  -> wp_cursor_shape_manager_v1#13.get_pointer(new id wp_cursor_shape_device_v1#125, wl_pointer#119)
[20:54:55.504746] {Default Queue}  -> wl_seat#3.get_keyboard(new id wl_keyboard#126)
[20:54:55.505026] {Default Queue} wl_pointer#119.enter(67, wl_surface#110, 100.00000000, 92.00000000)
[20:54:55.505032] {Default Queue} wl_pointer#119.frame()
[20:54:55.505040] {Default Queue}  -> wp_cursor_shape_device_v1#125.set_shape(67, 1)
[20:54:55.505042] {Default Queue} wl_keyboard#126.keymap(1, fd 17, 1436)
[20:54:55.505175] {Default Queue} wl_keyboard#126.repeat_info(40, 400)
[20:54:55.505176] {Default Queue} wl_keyboard#126.enter(68, wl_surface#110, array[0])
[20:54:55.505181] {Default Queue} wl_keyboard#126.modifiers(69, 0, 0, 0, 0)
info: event=launcher-results count=113 shown=113 publish_us=5754
[20:54:55.511193]  -> wl_surface#73.attach(wl_buffer#103, 0, 0)
[20:54:55.511199]  -> wl_surface#73.damage_buffer(0, 0, 1280, 153)
[20:54:55.511201]  -> wl_surface#73.frame(new id wl_callback#127)
[20:54:55.511204] {Default Queue}  -> wp_presentation#20.feedback(wl_surface#73, new id wp_presentation_feedback#128)
[20:54:55.511206]  -> wl_surface#73.commit()
[20:54:55.511368] {Display Queue} wl_display#1.delete_id(127)
[20:54:55.511370] {Display Queue} wl_display#1.delete_id(128)
[20:54:55.511371] {Default Queue} wl_buffer#96.release()
[20:54:55.511372] {Default Queue} wl_callback#127.done(28818626)
[20:54:55.511377] {Default Queue} wp_presentation_feedback#128.sync_output(wl_output#61)
[20:54:55.511378] {Default Queue} wp_presentation_feedback#128.sync_output(wl_output#31)
[20:54:55.511379] {Default Queue} wp_presentation_feedback#128.presented(0, 28818, 626256130, 0, 0, 0, 0)
[20:54:55.517430] {Display Queue} wl_display#1.delete_id(120)
[20:54:55.517437] {Display Queue} wl_display#1.delete_id(111)
[20:54:55.517439] {Display Queue} wl_display#1.delete_id(121)
[20:54:55.517440] {Display Queue} wl_display#1.delete_id(116)
[20:54:55.517440] {Default Queue} wl_callback#120.done(28818632)
[20:54:55.517449] {Default Queue} wl_callback#111.done(28818632)
[20:54:55.517452] {Default Queue} wp_presentation_feedback#121.sync_output(wl_output#60)
[20:54:55.517454] {Default Queue} wp_presentation_feedback#121.sync_output(wl_output#28)
[20:54:55.517455] {Default Queue} wp_presentation_feedback#121.presented(0, 28818, 632300474, 0, 0, 0, 0)
[20:54:55.517458] {Default Queue} wp_presentation_feedback#116.sync_output(wl_output#60)
[20:54:55.517459] {Default Queue} wp_presentation_feedback#116.sync_output(wl_output#28)
[20:54:55.517460] {Default Queue} wp_presentation_feedback#116.presented(0, 28818, 632300474, 0, 0, 0, 0)
[20:54:55.527935]  -> wl_surface#110.attach(wl_buffer#117, 0, 0)
[20:54:55.527942]  -> wl_surface#110.damage_buffer(0, 0, 1280, 648)
[20:54:55.527944]  -> wl_surface#110.frame(new id wl_callback#116)
[20:54:55.527946] {Default Queue}  -> wp_presentation#20.feedback(wl_surface#110, new id wp_presentation_feedback#121)
[20:54:55.527948]  -> wl_surface#110.commit()
info: event=launcher-painted latency_us=22957
[20:54:55.528047] {Default Queue} wl_buffer#115.release()
[20:54:55.528260] {Default Queue}  -> wl_compositor#4.create_region(new id wl_region#111)
[20:54:55.528262] {Default Queue}  -> wl_region#111.add(19, 4, 504, 1)
[20:54:55.528264] {Default Queue}  -> wl_region#111.add(577, 4, 126, 1)
[20:54:55.528264] {Default Queue}  -> wl_region#111.add(888, 4, 373, 1)
[20:54:55.528265] {Default Queue}  -> wl_region#111.add(17, 5, 508, 1)
[20:54:55.528266] {Default Queue}  -> wl_region#111.add(575, 5, 130, 1)
[20:54:55.528267] {Default Queue}  -> wl_region#111.add(886, 5, 377, 1)
[20:54:55.528267] {Default Queue}  -> wl_region#111.add(16, 6, 510, 1)
[20:54:55.528268] {Default Queue}  -> wl_region#111.add(574, 6, 132, 1)
[20:54:55.528269] {Default Queue}  -> wl_region#111.add(885, 6, 379, 1)
[20:54:55.528269] {Default Queue}  -> wl_region#111.add(15, 7, 512, 1)
[20:54:55.528271] {Default Queue}  -> wl_region#111.add(573, 7, 134, 1)
[20:54:55.528271] {Default Queue}  -> wl_region#111.add(884, 7, 381, 1)
[20:54:55.528272] {Default Queue}  -> wl_region#111.add(14, 8, 514, 1)
[20:54:55.528273] {Default Queue}  -> wl_region#111.add(572, 8, 136, 1)
[20:54:55.528273] {Default Queue}  -> wl_region#111.add(883, 8, 383, 1)
[20:54:55.528274] {Default Queue}  -> wl_region#111.add(13, 9, 516, 1)
[20:54:55.528275] {Default Queue}  -> wl_region#111.add(571, 9, 138, 1)
[20:54:55.528275] {Default Queue}  -> wl_region#111.add(882, 9, 385, 1)
[20:54:55.528276] {Default Queue}  -> wl_region#111.add(12, 10, 518, 2)
[20:54:55.528277] {Default Queue}  -> wl_region#111.add(570, 10, 140, 2)
[20:54:55.528278] {Default Queue}  -> wl_region#111.add(881, 10, 387, 2)
[20:54:55.528278] {Default Queue}  -> wl_region#111.add(11, 12, 520, 5)
[20:54:55.528279] {Default Queue}  -> wl_region#111.add(569, 12, 142, 5)
[20:54:55.528280] {Default Queue}  -> wl_region#111.add(880, 12, 389, 5)
[20:54:55.528280] {Default Queue}  -> wl_region#111.add(10, 17, 522, 30)
[20:54:55.528281] {Default Queue}  -> wl_region#111.add(568, 17, 144, 30)
[20:54:55.528282] {Default Queue}  -> wl_region#111.add(879, 17, 391, 30)
[20:54:55.528283] {Default Queue}  -> wl_region#111.add(11, 47, 520, 5)
[20:54:55.528283] {Default Queue}  -> wl_region#111.add(569, 47, 142, 5)
[20:54:55.528284] {Default Queue}  -> wl_region#111.add(880, 47, 389, 5)
[20:54:55.528284] {Default Queue}  -> wl_region#111.add(12, 52, 518, 2)
[20:54:55.528285] {Default Queue}  -> wl_region#111.add(570, 52, 140, 2)
[20:54:55.528286] {Default Queue}  -> wl_region#111.add(881, 52, 387, 2)
[20:54:55.528286] {Default Queue}  -> wl_region#111.add(13, 54, 516, 1)
[20:54:55.528287] {Default Queue}  -> wl_region#111.add(571, 54, 138, 1)
[20:54:55.528288] {Default Queue}  -> wl_region#111.add(882, 54, 385, 1)
[20:54:55.528288] {Default Queue}  -> wl_region#111.add(14, 55, 514, 1)
[20:54:55.528289] {Default Queue}  -> wl_region#111.add(572, 55, 136, 1)
[20:54:55.528290] {Default Queue}  -> wl_region#111.add(883, 55, 383, 1)
[20:54:55.528290] {Default Queue}  -> wl_region#111.add(15, 56, 512, 1)
[20:54:55.528291] {Default Queue}  -> wl_region#111.add(573, 56, 134, 1)
[20:54:55.528292] {Default Queue}  -> wl_region#111.add(884, 56, 381, 1)
[20:54:55.528292] {Default Queue}  -> wl_region#111.add(16, 57, 510, 1)
[20:54:55.528293] {Default Queue}  -> wl_region#111.add(574, 57, 132, 1)
[20:54:55.528293] {Default Queue}  -> wl_region#111.add(885, 57, 379, 1)
[20:54:55.528294] {Default Queue}  -> wl_region#111.add(17, 58, 508, 1)
[20:54:55.528295] {Default Queue}  -> wl_region#111.add(575, 58, 130, 1)
[20:54:55.528295] {Default Queue}  -> wl_region#111.add(886, 58, 377, 1)
[20:54:55.528296] {Default Queue}  -> wl_region#111.add(19, 59, 504, 1)
[20:54:55.528297] {Default Queue}  -> wl_region#111.add(577, 59, 126, 1)
[20:54:55.528297] {Default Queue}  -> wl_region#111.add(888, 59, 373, 1)
[20:54:55.528298]  -> wl_surface#68.set_input_region(wl_region#111)
[20:54:55.528299] {Default Queue}  -> wl_region#111.destroy()
[20:54:55.528300]  -> wl_surface#68.attach(wl_buffer#109, 0, 0)
[20:54:55.528301]  -> wl_surface#68.damage_buffer(0, 0, 1280, 64)
[20:54:55.528302]  -> wl_surface#68.frame(new id wl_callback#120)
[20:54:55.528303] {Default Queue}  -> wp_presentation#20.feedback(wl_surface#68, new id wp_presentation_feedback#128)
[20:54:55.528304]  -> wl_surface#68.commit()
[20:54:55.528350] {Display Queue} wl_display#1.delete_id(111)
[20:54:55.528351] {Default Queue} wl_buffer#91.release()
[20:54:55.533769] {Display Queue} wl_display#1.delete_id(120)
[20:54:55.533774] {Display Queue} wl_display#1.delete_id(116)
[20:54:55.533775] {Display Queue} wl_display#1.delete_id(128)
[20:54:55.533775] {Display Queue} wl_display#1.delete_id(121)
[20:54:55.533776] {Default Queue} wl_callback#120.done(28818648)
[20:54:55.533781] {Default Queue} wl_callback#116.done(28818648)
[20:54:55.533784] {Default Queue} wp_presentation_feedback#128.sync_output(wl_output#60)
[20:54:55.533785] {Default Queue} wp_presentation_feedback#128.sync_output(wl_output#28)
[20:54:55.533786] {Default Queue} wp_presentation_feedback#128.presented(0, 28818, 648650750, 0, 0, 0, 0)
[20:54:55.533789] {Default Queue} wp_presentation_feedback#121.sync_output(wl_output#60)
[20:54:55.533790] {Default Queue} wp_presentation_feedback#121.sync_output(wl_output#28)
[20:54:55.533790] {Default Queue} wp_presentation_feedback#121.presented(0, 28818, 648650750, 0, 0, 0, 0)
[20:54:55.534483]  -> wl_surface#110.attach(wl_buffer#115, 0, 0)
[20:54:55.534487]  -> wl_surface#110.damage_buffer(0, 0, 1280, 648)
[20:54:55.534489]  -> wl_surface#110.frame(new id wl_callback#121)
[20:54:55.534491] {Default Queue}  -> wp_presentation#20.feedback(wl_surface#110, new id wp_presentation_feedback#128)
[20:54:55.534492]  -> wl_surface#110.commit()
[20:54:55.534548] {Default Queue} wl_buffer#117.release()
[20:54:55.550134] {Display Queue} wl_display#1.delete_id(121)
[20:54:55.550142] {Display Queue} wl_display#1.delete_id(128)
[20:54:55.550144] {Default Queue} wl_callback#121.done(28818664)
[20:54:55.550157] {Default Queue} wp_presentation_feedback#128.sync_output(wl_output#60)
[20:54:55.550159] {Default Queue} wp_presentation_feedback#128.sync_output(wl_output#28)
[20:54:55.550159] {Default Queue} wp_presentation_feedback#128.presented(0, 28818, 664998876, 0, 0, 0, 0)
[20:54:55.550894]  -> wl_surface#110.attach(wl_buffer#117, 0, 0)
[20:54:55.550898]  -> wl_surface#110.damage_buffer(0, 0, 1280, 648)
[20:54:55.550900]  -> wl_surface#110.frame(new id wl_callback#128)
[20:54:55.550902] {Default Queue}  -> wp_presentation#20.feedback(wl_surface#110, new id wp_presentation_feedback#121)
[20:54:55.550904]  -> wl_surface#110.commit()
[20:54:55.550952] {Default Queue} wl_buffer#115.release()
[20:54:55.566969] {Display Queue} wl_display#1.delete_id(128)
[20:54:55.566974] {Display Queue} wl_display#1.delete_id(121)
[20:54:55.566975] {Default Queue} wl_callback#128.done(28818681)
[20:54:55.566984] {Default Queue} wp_presentation_feedback#121.sync_output(wl_output#60)
[20:54:55.566985] {Default Queue} wp_presentation_feedback#121.sync_output(wl_output#28)
[20:54:55.566986] {Default Queue} wp_presentation_feedback#121.presented(0, 28818, 681845486, 0, 0, 0, 0)
[20:54:55.568235]  -> wl_surface#110.attach(wl_buffer#115, 0, 0)
[20:54:55.568247]  -> wl_surface#110.damage_buffer(0, 0, 1280, 648)
[20:54:55.568250]  -> wl_surface#110.frame(new id wl_callback#121)
[20:54:55.568253] {Default Queue}  -> wp_presentation#20.feedback(wl_surface#110, new id wp_presentation_feedback#128)
[20:54:55.568257]  -> wl_surface#110.commit()
[20:54:55.568370] {Default Queue} wl_buffer#117.release()
[20:54:55.583333] {Display Queue} wl_display#1.delete_id(121)
[20:54:55.583341] {Display Queue} wl_display#1.delete_id(128)
[20:54:55.583342] {Default Queue} wl_callback#121.done(28818698)
[20:54:55.583354] {Default Queue} wp_presentation_feedback#128.sync_output(wl_output#60)
[20:54:55.583356] {Default Queue} wp_presentation_feedback#128.sync_output(wl_output#28)
[20:54:55.583357] {Default Queue} wp_presentation_feedback#128.presented(0, 28818, 698200372, 0, 0, 0, 0)
[20:54:55.584189]  -> wl_surface#110.attach(wl_buffer#117, 0, 0)
[20:54:55.584193]  -> wl_surface#110.damage_buffer(0, 0, 1280, 648)
[20:54:55.584194]  -> wl_surface#110.frame(new id wl_callback#128)
[20:54:55.584196] {Default Queue}  -> wp_presentation#20.feedback(wl_surface#110, new id wp_presentation_feedback#121)
[20:54:55.584198]  -> wl_surface#110.commit()
[20:54:55.584251] {Default Queue} wl_buffer#115.release()
[20:54:55.599666] {Display Queue} wl_display#1.delete_id(128)
[20:54:55.599674] {Display Queue} wl_display#1.delete_id(121)
[20:54:55.599675] {Default Queue} wl_callback#128.done(28818714)
[20:54:55.599689] {Default Queue} wp_presentation_feedback#121.sync_output(wl_output#60)
[20:54:55.599690] {Default Queue} wp_presentation_feedback#121.sync_output(wl_output#28)
[20:54:55.599691] {Default Queue} wp_presentation_feedback#121.presented(0, 28818, 714529728, 0, 0, 0, 0)
[20:54:55.600419]  -> wl_surface#110.attach(wl_buffer#115, 0, 0)
[20:54:55.600422]  -> wl_surface#110.damage_buffer(0, 0, 1280, 648)
[20:54:55.600424]  -> wl_surface#110.frame(new id wl_callback#121)
[20:54:55.600426] {Default Queue}  -> wp_presentation#20.feedback(wl_surface#110, new id wp_presentation_feedback#128)
[20:54:55.600428]  -> wl_surface#110.commit()
[20:54:55.600493] {Default Queue} wl_buffer#117.release()
[20:54:55.604817] {Default Queue} wl_keyboard#126.key(70, 0, 1, 1)
[20:54:55.604949] {Default Queue}  -> zwlr_layer_surface_v1#92.destroy()
[20:54:55.604953]  -> wl_surface#110.attach(nil, 0, 0)
[20:54:55.604955]  -> wl_surface#110.commit()
[20:54:55.605002] {Default Queue}  -> wl_buffer#117.destroy()
[20:54:55.605003] {Default Queue}  -> wl_shm_pool#118.destroy()
[20:54:55.605430] {Default Queue}  -> wp_viewport#90.destroy()
[20:54:55.605435] {Default Queue}  -> wp_fractional_scale_v1#88.destroy()
[20:54:55.605436]  -> wl_surface#110.destroy()
info: event=popup-closed
[20:54:55.607983] {Default Queue} wl_keyboard#126.key(71, 0, 1, 0)
[20:54:55.608270] discarded [unknown]#128.[event 2](0 fd, 8 byte)
[20:54:55.608277] {Display Queue} wl_display#1.delete_id(92)
[20:54:55.608279] {Display Queue} wl_display#1.delete_id(128)
[20:54:55.608280] {Display Queue} wl_display#1.delete_id(117)
[20:54:55.608281] {Display Queue} wl_display#1.delete_id(118)
[20:54:55.608281] {Display Queue} wl_display#1.delete_id(90)
[20:54:55.608282] {Display Queue} wl_display#1.delete_id(88)
[20:54:55.608283] {Display Queue} wl_display#1.delete_id(121)
[20:54:55.608283] {Display Queue} wl_display#1.delete_id(110)
[20:54:55.608284] {Default Queue} wl_keyboard#126.leave(72, nil)
[20:54:55.608288] {Default Queue} zwlr_layer_surface_v1#72.configure(73, 1280, 64)
[20:54:55.608297] {Default Queue}  -> zwlr_layer_surface_v1#72.ack_configure(73)
[20:54:55.608298] {Default Queue} zwlr_layer_surface_v1#98.configure(74, 1280, 8)
[20:54:55.608301] {Default Queue}  -> zwlr_layer_surface_v1#98.ack_configure(74)
[20:54:55.608302] {Default Queue} zwlr_layer_surface_v1#66.configure(75, 1280, 720)
[20:54:55.608304] {Default Queue}  -> zwlr_layer_surface_v1#66.ack_configure(75)
[20:54:55.608305] {Default Queue} wl_buffer#115.release()
[20:54:55.608307] {Default Queue}  -> wl_buffer#115.destroy()
[20:54:55.608307] {Default Queue}  -> wl_shm_pool#114.destroy()
[20:54:55.608351] {Default Queue} wl_pointer#119.leave(76, nil)
[20:54:55.608354] {Default Queue} wl_pointer#119.frame()
[20:54:55.608443] {Default Queue}  -> xdg_toplevel_icon_v1#108.destroy()
[20:54:55.608464]  -> wl_surface#68.commit()
[20:54:55.608478]  -> wl_surface#95.commit()
[20:54:55.608485]  -> wl_surface#62.commit()
[20:54:55.631048] {Default Queue}  -> wl_compositor#4.create_region(new id wl_region#110)
[20:54:55.631056] {Default Queue}  -> wl_region#110.add(18, 4, 527, 56)
[20:54:55.631058]  -> wl_surface#68.set_opaque_region(wl_region#110)
[20:54:55.631059] {Default Queue}  -> wl_region#110.destroy()
[20:54:55.631061]  -> wl_surface#68.attach(wl_buffer#91, 0, 0)
[20:54:55.631062]  -> wl_surface#68.damage_buffer(0, 0, 1280, 64)
[20:54:55.631064]  -> wl_surface#68.frame(new id wl_callback#121)
[20:54:55.631066] {Default Queue}  -> wp_presentation#20.feedback(wl_surface#68, new id wp_presentation_feedback#88)
[20:54:55.631067]  -> wl_surface#68.commit()
[20:54:55.631207] {Display Queue} wl_display#1.delete_id(115)
[20:54:55.631212] {Display Queue} wl_display#1.delete_id(114)
[20:54:55.631213] {Display Queue} wl_display#1.delete_id(108)
[20:54:55.631214] {Display Queue} wl_display#1.delete_id(110)
[20:54:55.631214] {Default Queue} wl_buffer#109.release()
[20:54:55.631873] {Display Queue} wl_display#1.delete_id(121)
[20:54:55.631875] {Display Queue} wl_display#1.delete_id(88)
[20:54:55.631875] {Default Queue} wl_callback#121.done(28818746)
[20:54:55.631882] {Default Queue} wp_presentation_feedback#88.sync_output(wl_output#60)
[20:54:55.631883] {Default Queue} wp_presentation_feedback#88.sync_output(wl_output#28)
[20:54:55.631884] {Default Queue} wp_presentation_feedback#88.presented(0, 28818, 746763685, 0, 0, 0, 0)
[20:54:55.632076] {Default Queue}  -> wl_compositor#4.create_region(new id wl_region#88)
[20:54:55.632078] {Default Queue}  -> wl_region#88.add(19, 4, 525, 1)
[20:54:55.632079] {Default Queue}  -> wl_region#88.add(577, 4, 126, 1)
[20:54:55.632080] {Default Queue}  -> wl_region#88.add(888, 4, 373, 1)
[20:54:55.632081] {Default Queue}  -> wl_region#88.add(17, 5, 529, 1)
[20:54:55.632082] {Default Queue}  -> wl_region#88.add(575, 5, 130, 1)
[20:54:55.632082] {Default Queue}  -> wl_region#88.add(886, 5, 377, 1)
[20:54:55.632083] {Default Queue}  -> wl_region#88.add(16, 6, 531, 1)
[20:54:55.632084] {Default Queue}  -> wl_region#88.add(574, 6, 132, 1)
[20:54:55.632084] {Default Queue}  -> wl_region#88.add(885, 6, 379, 1)
[20:54:55.632085] {Default Queue}  -> wl_region#88.add(15, 7, 533, 1)
[20:54:55.632085] {Default Queue}  -> wl_region#88.add(573, 7, 134, 1)
[20:54:55.632086] {Default Queue}  -> wl_region#88.add(884, 7, 381, 1)
[20:54:55.632087] {Default Queue}  -> wl_region#88.add(14, 8, 535, 1)
[20:54:55.632087] {Default Queue}  -> wl_region#88.add(572, 8, 136, 1)
[20:54:55.632088] {Default Queue}  -> wl_region#88.add(883, 8, 383, 1)
[20:54:55.632089] {Default Queue}  -> wl_region#88.add(13, 9, 537, 1)
[20:54:55.632089] {Default Queue}  -> wl_region#88.add(571, 9, 138, 1)
[20:54:55.632090] {Default Queue}  -> wl_region#88.add(882, 9, 385, 1)
[20:54:55.632090] {Default Queue}  -> wl_region#88.add(12, 10, 539, 2)
[20:54:55.632091] {Default Queue}  -> wl_region#88.add(570, 10, 140, 2)
[20:54:55.632092] {Default Queue}  -> wl_region#88.add(881, 10, 387, 2)
[20:54:55.632092] {Default Queue}  -> wl_region#88.add(11, 12, 541, 5)
[20:54:55.632093] {Default Queue}  -> wl_region#88.add(569, 12, 142, 5)
[20:54:55.632094] {Default Queue}  -> wl_region#88.add(880, 12, 389, 5)
[20:54:55.632094] {Default Queue}  -> wl_region#88.add(10, 17, 543, 30)
[20:54:55.632095] {Default Queue}  -> wl_region#88.add(568, 17, 144, 30)
[20:54:55.632095] {Default Queue}  -> wl_region#88.add(879, 17, 391, 30)
[20:54:55.632096] {Default Queue}  -> wl_region#88.add(11, 47, 541, 5)
[20:54:55.632097] {Default Queue}  -> wl_region#88.add(569, 47, 142, 5)
[20:54:55.632097] {Default Queue}  -> wl_region#88.add(880, 47, 389, 5)
[20:54:55.632102] {Default Queue}  -> wl_region#88.add(12, 52, 539, 2)
[20:54:55.632103] {Default Queue}  -> wl_region#88.add(570, 52, 140, 2)
[20:54:55.632103] {Default Queue}  -> wl_region#88.add(881, 52, 387, 2)
[20:54:55.632104] {Default Queue}  -> wl_region#88.add(13, 54, 537, 1)
[20:54:55.632105] {Default Queue}  -> wl_region#88.add(571, 54, 138, 1)
[20:54:55.632105] {Default Queue}  -> wl_region#88.add(882, 54, 385, 1)
[20:54:55.632106] {Default Queue}  -> wl_region#88.add(14, 55, 535, 1)
[20:54:55.632107] {Default Queue}  -> wl_region#88.add(572, 55, 136, 1)
[20:54:55.632107] {Default Queue}  -> wl_region#88.add(883, 55, 383, 1)
[20:54:55.632108] {Default Queue}  -> wl_region#88.add(15, 56, 533, 1)
[20:54:55.632109] {Default Queue}  -> wl_region#88.add(573, 56, 134, 1)
[20:54:55.632109] {Default Queue}  -> wl_region#88.add(884, 56, 381, 1)
[20:54:55.632110] {Default Queue}  -> wl_region#88.add(16, 57, 531, 1)
[20:54:55.632110] {Default Queue}  -> wl_region#88.add(574, 57, 132, 1)
[20:54:55.632111] {Default Queue}  -> wl_region#88.add(885, 57, 379, 1)
[20:54:55.632112] {Default Queue}  -> wl_region#88.add(17, 58, 529, 1)
[20:54:55.632112] {Default Queue}  -> wl_region#88.add(575, 58, 130, 1)
[20:54:55.632113] {Default Queue}  -> wl_region#88.add(886, 58, 377, 1)
[20:54:55.632114] {Default Queue}  -> wl_region#88.add(19, 59, 525, 1)
[20:54:55.632114] {Default Queue}  -> wl_region#88.add(577, 59, 126, 1)
[20:54:55.632115] {Default Queue}  -> wl_region#88.add(888, 59, 373, 1)
[20:54:55.632116]  -> wl_surface#68.set_input_region(wl_region#88)
[20:54:55.632117] {Default Queue}  -> wl_region#88.destroy()
[20:54:55.632118]  -> wl_surface#68.attach(wl_buffer#109, 0, 0)
[20:54:55.632119]  -> wl_surface#68.damage_buffer(0, 0, 1280, 64)
[20:54:55.632120]  -> wl_surface#68.frame(new id wl_callback#121)
[20:54:55.632121] {Default Queue}  -> wp_presentation#20.feedback(wl_surface#68, new id wp_presentation_feedback#110)
[20:54:55.632123]  -> wl_surface#68.commit()
[20:54:55.632176] {Display Queue} wl_display#1.delete_id(88)
[20:54:55.632178] {Default Queue} wl_buffer#91.release()
[20:54:55.647953] {Display Queue} wl_display#1.delete_id(121)
[20:54:55.647956] {Display Queue} wl_display#1.delete_id(110)
[20:54:55.647957] {Default Queue} wl_callback#121.done(28818762)
[20:54:55.647963] {Default Queue} wp_presentation_feedback#110.sync_output(wl_output#60)
[20:54:55.647964] {Default Queue} wp_presentation_feedback#110.sync_output(wl_output#28)
[20:54:55.647965] {Default Queue} wp_presentation_feedback#110.presented(0, 28818, 762836659, 0, 0, 0, 0)
[20:54:55.709129] {Default Queue} wl_seat#52.capabilities(1)
[20:54:55.709139] {Default Queue} wl_seat#50.capabilities(1)
[20:54:55.709140] {Default Queue} wl_seat#3.capabilities(1)
[20:54:55.709148] {Default Queue}  -> wl_keyboard#126.release()
[20:54:55.710130]  -> wl_surface#68.attach(wl_buffer#91, 0, 0)
[20:54:55.710135]  -> wl_surface#68.damage_buffer(0, 0, 1280, 64)
[20:54:55.710137]  -> wl_surface#68.frame(new id wl_callback#110)
[20:54:55.710140] {Default Queue}  -> wp_presentation#20.feedback(wl_surface#68, new id wp_presentation_feedback#121)
[20:54:55.710143]  -> wl_surface#68.commit()
[20:54:55.710465]  -> wl_surface#73.attach(wl_buffer#96, 0, 0)
[20:54:55.710469]  -> wl_surface#73.damage_buffer(0, 0, 1280, 153)
[20:54:55.710471]  -> wl_surface#73.frame(new id wl_callback#88)
[20:54:55.710472] {Default Queue}  -> wp_presentation#20.feedback(wl_surface#73, new id wp_presentation_feedback#108)
[20:54:55.710473]  -> wl_surface#73.commit()
[20:54:55.710805] {Display Queue} wl_display#1.delete_id(126)
[20:54:55.710811] {Display Queue} wl_display#1.delete_id(110)
[20:54:55.710812] {Display Queue} wl_display#1.delete_id(88)
[20:54:55.710813] {Display Queue} wl_display#1.delete_id(121)
[20:54:55.710814] {Display Queue} wl_display#1.delete_id(108)
[20:54:55.710814] {Default Queue} wl_buffer#109.release()
[20:54:55.710816] {Default Queue} wl_buffer#103.release()
[20:54:55.710817] {Default Queue} wl_callback#110.done(28818825)
[20:54:55.710825] {Default Queue} wl_callback#88.done(28818825)
[20:54:55.710828] {Default Queue} wp_presentation_feedback#121.sync_output(wl_output#60)
[20:54:55.710830] {Default Queue} wp_presentation_feedback#121.sync_output(wl_output#28)
[20:54:55.710831] {Default Queue} wp_presentation_feedback#121.presented(0, 28818, 825665659, 0, 0, 0, 0)
[20:54:55.710834] {Default Queue} wp_presentation_feedback#108.sync_output(wl_output#61)
[20:54:55.710835] {Default Queue} wp_presentation_feedback#108.sync_output(wl_output#31)
[20:54:55.710835] {Default Queue} wp_presentation_feedback#108.presented(0, 28818, 825669669, 0, 0, 0, 0)
[20:54:55.713499] {Default Queue}  -> wl_compositor#4.create_surface(new id wl_surface#108)
[20:54:55.713505] {Default Queue}  -> wp_fractional_scale_manager_v1#11.get_fractional_scale(new id wp_fractional_scale_v1#121, wl_surface#108)
[20:54:55.713508] {Default Queue}  -> wp_viewporter#10.get_viewport(new id wp_viewport#88, wl_surface#108)
[20:54:55.713535] {Default Queue}  -> xdg_toplevel_icon_manager_v1#9.create_icon(new id xdg_toplevel_icon_v1#110)
[20:54:55.713550] {Default Queue}  -> zwlr_layer_shell_v1#46.get_layer_surface(new id zwlr_layer_surface_v1#126, wl_surface#108, wl_output#28, 3, "pearl:popup")
[20:54:55.713553] {Default Queue}  -> zwlr_layer_surface_v1#126.set_keyboard_interactivity(1)
[20:54:55.713554] {Default Queue}  -> zwlr_layer_surface_v1#126.set_exclusive_zone(0)
[20:54:55.713555] {Default Queue}  -> zwlr_layer_surface_v1#126.set_anchor(15)
[20:54:55.713556] {Default Queue}  -> zwlr_layer_surface_v1#126.set_margin(0, 0, 0, 0)
[20:54:55.713557] {Default Queue}  -> zwlr_layer_surface_v1#126.set_size(0, 0)
[20:54:55.713562]  -> wl_surface#108.commit()
[20:54:55.713677] {Default Queue}  -> zwp_text_input_v3#113.set_surrounding_text("", 0, 0)
[20:54:55.713678] {Default Queue}  -> zwp_text_input_v3#113.set_text_change_cause(1)
[20:54:55.713684] {Default Queue}  -> zwp_text_input_v3#113.set_content_type(0, 0)
[20:54:55.713697] {Default Queue}  -> zwp_text_input_v3#113.set_cursor_rectangle(0, 0, 0, 0)
[20:54:55.713699] {Default Queue}  -> zwp_text_input_v3#113.commit()
[20:54:55.713701] {Default Queue}  -> xdg_activation_v1#15.get_activation_token(new id xdg_activation_token_v1#114)
[20:54:55.713703]  -> xdg_activation_token_v1#114.set_serial(71, wl_seat#3)
[20:54:55.713704]  -> xdg_activation_token_v1#114.commit()
[20:54:55.713811] xdg_activation_token_v1#114.done("701a27e54f92d894eb76da91be2c6eea")
[20:54:55.713816]  -> xdg_activation_token_v1#114.destroy()
[20:54:55.713818] {Default Queue}  -> xdg_activation_v1#15.activate("701a27e54f92d894eb76da91be2c6eea", wl_surface#108)
info: event=popup-opened output=1
[20:54:55.713848] {Default Queue} zwlr_layer_surface_v1#72.configure(77, 1280, 64)
[20:54:55.713854] {Default Queue}  -> zwlr_layer_surface_v1#72.ack_configure(77)
[20:54:55.713856] {Default Queue} zwlr_layer_surface_v1#98.configure(78, 1280, 8)
[20:54:55.713858] {Default Queue}  -> zwlr_layer_surface_v1#98.ack_configure(78)
[20:54:55.713859] {Default Queue} zwlr_layer_surface_v1#66.configure(79, 1280, 720)
[20:54:55.713861] {Default Queue}  -> zwlr_layer_surface_v1#66.ack_configure(79)
[20:54:55.713861] {Default Queue} zwlr_layer_surface_v1#126.configure(80, 1280, 648)
[20:54:55.713867] {Default Queue}  -> zwlr_layer_surface_v1#126.ack_configure(80)
[20:54:55.713915]  -> wl_surface#95.commit()
[20:54:55.713924]  -> wl_surface#62.commit()
[20:54:55.714537] {Default Queue}  -> wl_shm#5.create_pool(new id wl_shm_pool#115, fd 18, 3317760)
[20:54:55.714543] {Default Queue}  -> wl_shm_pool#115.create_buffer(new id wl_buffer#90, 0, 1280, 648, 5120, 0)
[20:54:55.715234] {Default Queue}  -> wl_compositor#4.create_region(new id wl_region#118)
[20:54:55.715236] {Default Queue}  -> wl_region#118.add(344, 24, 592, 600)
[20:54:55.715238]  -> wl_surface#108.set_opaque_region(wl_region#118)
[20:54:55.715239] {Default Queue}  -> wl_region#118.destroy()
[20:54:55.715240] {Default Queue}  -> wp_viewport#88.set_destination(1280, 648)
[20:54:55.715241]  -> wl_surface#108.attach(wl_buffer#90, 0, 0)
[20:54:55.715243]  -> wl_surface#108.damage_buffer(0, 0, 1280, 648)
[20:54:55.715244]  -> wl_surface#108.frame(new id wl_callback#117)
[20:54:55.715245] {Default Queue}  -> wp_presentation#20.feedback(wl_surface#108, new id wp_presentation_feedback#128)
[20:54:55.715247]  -> wl_surface#108.commit()
info: event=launcher-results count=113 shown=113 publish_us=3945
[20:54:55.717834] {Display Queue} wl_display#1.delete_id(114)
[20:54:55.717836] {Display Queue} wl_display#1.delete_id(118)
[20:54:55.717837] {Default Queue} zwlr_layer_surface_v1#72.configure(81, 1280, 64)
[20:54:55.717842] {Default Queue}  -> zwlr_layer_surface_v1#72.ack_configure(81)
[20:54:55.717842] {Default Queue} zwlr_layer_surface_v1#98.configure(82, 1280, 8)
[20:54:55.717845] {Default Queue}  -> zwlr_layer_surface_v1#98.ack_configure(82)
[20:54:55.717845] {Default Queue} zwlr_layer_surface_v1#66.configure(83, 1280, 720)
[20:54:55.717847] {Default Queue}  -> zwlr_layer_surface_v1#66.ack_configure(83)
[20:54:55.717847] {Default Queue} zwlr_layer_surface_v1#126.configure(84, 1280, 648)
[20:54:55.717848] {Default Queue}  -> zwlr_layer_surface_v1#126.ack_configure(84)
[20:54:55.717849] {Default Queue} wp_fractional_scale_v1#121.preferred_scale(120)
[20:54:55.717850] {Default Queue} wl_data_device#35.selection(nil)
[20:54:55.717854] {Default Queue} zwp_primary_selection_device_v1#34.selection(nil)
[20:54:55.717857] {Default Queue} wl_pointer#119.enter(87, wl_surface#108, 100.00000000, 92.00000000)
[20:54:55.717861] {Default Queue}  -> wp_cursor_shape_device_v1#125.set_shape(87, 1)
[20:54:55.717862] {Default Queue} wl_pointer#119.frame()
[20:54:55.717866] wl_surface#108.enter(wl_output#60)
[20:54:55.717896] wl_surface#108.enter(wl_output#28)
[20:54:55.717907] wl_surface#108.preferred_buffer_scale(1)
[20:54:55.718175] {Default Queue}  -> zwlr_layer_surface_v1#126.destroy()
[20:54:55.718177]  -> wl_surface#108.attach(nil, 0, 0)
[20:54:55.718178]  -> wl_surface#108.commit()
[20:54:55.718295] {Default Queue}  -> wp_viewport#88.destroy()
[20:54:55.718297] {Default Queue}  -> wp_fractional_scale_v1#121.destroy()
[20:54:55.718298]  -> wl_surface#108.destroy()
info: event=popup-closed
[20:54:55.720252] {Default Queue}  -> wl_compositor#4.create_surface(new id wl_surface#118)
[20:54:55.720257] {Default Queue}  -> wp_fractional_scale_manager_v1#11.get_fractional_scale(new id wp_fractional_scale_v1#114, wl_surface#118)
[20:54:55.720260] {Default Queue}  -> wp_viewporter#10.get_viewport(new id wp_viewport#92, wl_surface#118)
[20:54:55.720284] {Default Queue}  -> xdg_toplevel_icon_manager_v1#9.create_icon(new id xdg_toplevel_icon_v1#116)
[20:54:55.720298] {Default Queue}  -> zwlr_layer_shell_v1#46.get_layer_surface(new id zwlr_layer_surface_v1#120, wl_surface#118, wl_output#31, 3, "pearl:popup")
[20:54:55.720301] {Default Queue}  -> zwlr_layer_surface_v1#120.set_keyboard_interactivity(1)
[20:54:55.720302] {Default Queue}  -> zwlr_layer_surface_v1#120.set_exclusive_zone(0)
[20:54:55.720303] {Default Queue}  -> zwlr_layer_surface_v1#120.set_anchor(15)
[20:54:55.720304] {Default Queue}  -> zwlr_layer_surface_v1#120.set_margin(0, 0, 0, 0)
[20:54:55.720305] {Default Queue}  -> zwlr_layer_surface_v1#120.set_size(0, 0)
[20:54:55.720309]  -> wl_surface#118.commit()
[20:54:55.720408] {Default Queue}  -> zwp_text_input_v3#113.set_surrounding_text("", 0, 0)
[20:54:55.720410] {Default Queue}  -> zwp_text_input_v3#113.set_text_change_cause(1)
[20:54:55.720411] {Default Queue}  -> zwp_text_input_v3#113.set_content_type(0, 0)
[20:54:55.720423] {Default Queue}  -> zwp_text_input_v3#113.set_cursor_rectangle(0, 0, 0, 0)
[20:54:55.720424] {Default Queue}  -> zwp_text_input_v3#113.commit()
[20:54:55.720426] {Default Queue}  -> xdg_activation_v1#15.get_activation_token(new id xdg_activation_token_v1#111)
[20:54:55.720427]  -> xdg_activation_token_v1#111.set_serial(71, wl_seat#3)
[20:54:55.720429]  -> xdg_activation_token_v1#111.commit()
[20:54:55.720536] discarded [unknown]#128.[event 2](0 fd, 8 byte)
[20:54:55.720541] {Display Queue} wl_display#1.delete_id(126)
[20:54:55.720543] {Display Queue} wl_display#1.delete_id(128)
[20:54:55.720544] {Display Queue} wl_display#1.delete_id(88)
[20:54:55.720544] {Display Queue} wl_display#1.delete_id(121)
[20:54:55.720545] {Display Queue} wl_display#1.delete_id(117)
[20:54:55.720545] {Display Queue} wl_display#1.delete_id(108)
[20:54:55.720547] xdg_activation_token_v1#111.done("3dd790e6a93b087b8a72e0671c2f1c44")
[20:54:55.720549]  -> xdg_activation_token_v1#111.destroy()
[20:54:55.720550] {Default Queue}  -> xdg_activation_v1#15.activate("3dd790e6a93b087b8a72e0671c2f1c44", wl_surface#118)
info: event=popup-opened output=2
[20:54:55.720573] {Default Queue} zwlr_layer_surface_v1#72.configure(89, 1280, 64)
[20:54:55.720576] {Default Queue}  -> zwlr_layer_surface_v1#72.ack_configure(89)
[20:54:55.720577] {Default Queue} zwlr_layer_surface_v1#98.configure(90, 1280, 8)
[20:54:55.720578] {Default Queue}  -> zwlr_layer_surface_v1#98.ack_configure(90)
[20:54:55.720579] {Default Queue} zwlr_layer_surface_v1#66.configure(91, 1280, 720)
[20:54:55.720580] {Default Queue}  -> zwlr_layer_surface_v1#66.ack_configure(91)
[20:54:55.720581] {Default Queue} wl_buffer#90.release()
[20:54:55.720583] {Default Queue}  -> wl_buffer#90.destroy()
[20:54:55.720583] {Default Queue}  -> wl_shm_pool#115.destroy()
[20:54:55.720636] {Default Queue} wl_pointer#119.leave(92, nil)
[20:54:55.720639] {Default Queue} wl_pointer#119.frame()
[20:54:55.720642] {Default Queue} zwlr_layer_surface_v1#82.configure(93, 853, 102)
[20:54:55.720645] {Default Queue}  -> zwlr_layer_surface_v1#82.ack_configure(93)
[20:54:55.720645] {Default Queue} zwlr_layer_surface_v1#77.configure(94, 853, 480)
[20:54:55.720647] {Default Queue}  -> zwlr_layer_surface_v1#77.ack_configure(94)
[20:54:55.720648] {Default Queue} zwlr_layer_surface_v1#120.configure(95, 853, 378)
[20:54:55.720652] {Default Queue}  -> zwlr_layer_surface_v1#120.ack_configure(95)
[20:54:55.720656] {Default Queue}  -> xdg_toplevel_icon_v1#110.destroy()
[20:54:55.720695]  -> wl_surface#67.commit()
[20:54:55.721322] {Default Queue}  -> wl_shm#5.create_pool(new id wl_shm_pool#108, fd 18, 1289736)
[20:54:55.721327] {Default Queue}  -> wl_shm_pool#108.create_buffer(new id wl_buffer#117, 0, 853, 378, 3412, 0)
[20:54:55.721683] {Default Queue}  -> wl_compositor#4.create_region(new id wl_region#121)
[20:54:55.721686] {Default Queue}  -> wl_region#121.add(130, 0, 592, 378)
[20:54:55.721687]  -> wl_surface#118.set_opaque_region(wl_region#121)
[20:54:55.721688] {Default Queue}  -> wl_region#121.destroy()
[20:54:55.721689] {Default Queue}  -> wp_viewport#92.set_destination(853, 378)
[20:54:55.721690]  -> wl_surface#118.attach(wl_buffer#117, 0, 0)
[20:54:55.721691]  -> wl_surface#118.damage_buffer(0, 0, 853, 378)
[20:54:55.721692]  -> wl_surface#118.frame(new id wl_callback#88)
[20:54:55.721695] {Default Queue}  -> wp_presentation#20.feedback(wl_surface#118, new id wp_presentation_feedback#128)
[20:54:55.721697]  -> wl_surface#118.commit()
info: event=launcher-results count=113 shown=113 publish_us=3609
[20:54:55.724292] {Display Queue} wl_display#1.delete_id(111)
[20:54:55.724296] {Display Queue} wl_display#1.delete_id(90)
[20:54:55.724297] {Display Queue} wl_display#1.delete_id(115)
[20:54:55.724298] {Display Queue} wl_display#1.delete_id(110)
[20:54:55.724298] {Display Queue} wl_display#1.delete_id(121)
[20:54:55.724299] {Default Queue} zwlr_layer_surface_v1#82.configure(96, 853, 102)
[20:54:55.724303] {Default Queue}  -> zwlr_layer_surface_v1#82.ack_configure(96)
[20:54:55.724304] {Default Queue} zwlr_layer_surface_v1#77.configure(97, 853, 480)
[20:54:55.724307] {Default Queue}  -> zwlr_layer_surface_v1#77.ack_configure(97)
[20:54:55.724308] {Default Queue} zwlr_layer_surface_v1#120.configure(98, 853, 378)
[20:54:55.724309] {Default Queue}  -> zwlr_layer_surface_v1#120.ack_configure(98)
[20:54:55.724309] {Default Queue} wp_fractional_scale_v1#114.preferred_scale(180)
[20:54:55.724657] {Default Queue} wl_data_device#35.selection(nil)
[20:54:55.724661] {Default Queue} zwp_primary_selection_device_v1#34.selection(nil)
[20:54:55.724664] wl_surface#118.enter(wl_output#61)
[20:54:55.724677] wl_surface#118.enter(wl_output#31)
[20:54:55.724688] wl_surface#118.preferred_buffer_scale(2)
info: event=launcher-results count=113 shown=113 publish_us=3630
[20:54:55.728553] {Display Queue} wl_display#1.delete_id(88)
[20:54:55.728556] {Display Queue} wl_display#1.delete_id(128)
[20:54:55.728557] {Default Queue} wl_callback#88.done(28818842)
[20:54:55.728561] {Default Queue} wp_presentation_feedback#128.sync_output(wl_output#61)
[20:54:55.728562] {Default Queue} wp_presentation_feedback#128.sync_output(wl_output#31)
[20:54:55.728563] {Default Queue} wp_presentation_feedback#128.presented(0, 28818, 842469709, 0, 0, 0, 0)
[20:54:55.728766] {Default Queue}  -> zwlr_layer_surface_v1#120.destroy()
[20:54:55.728770]  -> wl_surface#118.attach(nil, 0, 0)
[20:54:55.728771]  -> wl_surface#118.commit()
[20:54:55.728890] {Default Queue}  -> wp_viewport#92.destroy()
[20:54:55.728891] {Default Queue}  -> wp_fractional_scale_v1#114.destroy()
[20:54:55.728892]  -> wl_surface#118.destroy()
[20:54:55.728898] {Default Queue}  -> xdg_toplevel_icon_v1#116.destroy()
info: event=popup-closed
[20:54:55.730386] {Default Queue}  -> wl_compositor#4.create_region(new id wl_region#128)
[20:54:55.730389] {Default Queue}  -> wl_region#128.add(18, 4, 506, 56)
[20:54:55.730391]  -> wl_surface#68.set_opaque_region(wl_region#128)
[20:54:55.730392] {Default Queue}  -> wl_region#128.destroy()
[20:54:55.730393]  -> wl_surface#68.attach(wl_buffer#109, 0, 0)
[20:54:55.730394]  -> wl_surface#68.damage_buffer(0, 0, 1280, 64)
[20:54:55.730395]  -> wl_surface#68.frame(new id wl_callback#88)
[20:54:55.730397] {Default Queue}  -> wp_presentation#20.feedback(wl_surface#68, new id wp_presentation_feedback#121)
[20:54:55.730398]  -> wl_surface#68.commit()
[20:54:55.730437]  -> wl_surface#95.commit()
[20:54:55.730443]  -> wl_surface#62.commit()
[20:54:55.730447]  -> wl_surface#73.commit()
[20:54:55.730456] {Display Queue} wl_display#1.delete_id(120)
[20:54:55.730458] {Display Queue} wl_display#1.delete_id(92)
[20:54:55.730459] {Display Queue} wl_display#1.delete_id(114)
[20:54:55.730459] {Display Queue} wl_display#1.delete_id(118)
[20:54:55.730460] {Display Queue} wl_display#1.delete_id(116)
[20:54:55.730460] {Display Queue} wl_display#1.delete_id(128)
[20:54:55.730461] {Default Queue} zwlr_layer_surface_v1#82.configure(102, 853, 102)
[20:54:55.730465] {Default Queue}  -> zwlr_layer_surface_v1#82.ack_configure(102)
[20:54:55.730466] {Default Queue} zwlr_layer_surface_v1#77.configure(103, 853, 480)
[20:54:55.730467] {Default Queue}  -> zwlr_layer_surface_v1#77.ack_configure(103)
[20:54:55.730468] {Default Queue} wl_buffer#117.release()
[20:54:55.730469] {Default Queue}  -> wl_buffer#117.destroy()
[20:54:55.730470] {Default Queue}  -> wl_shm_pool#108.destroy()
[20:54:55.730489] {Default Queue} wl_buffer#91.release()
[20:54:55.742998] {Display Queue} wl_display#1.delete_id(117)
[20:54:55.743007] {Display Queue} wl_display#1.delete_id(108)
[20:54:55.743009] {Display Queue} wl_display#1.delete_id(88)
[20:54:55.743009] {Display Queue} wl_display#1.delete_id(121)
[20:54:55.743010] {Default Queue} wl_callback#88.done(28818857)
[20:54:55.743023] {Default Queue} wp_presentation_feedback#121.sync_output(wl_output#60)
[20:54:55.743025] {Default Queue} wp_presentation_feedback#121.sync_output(wl_output#28)
[20:54:55.743026] {Default Queue} wp_presentation_feedback#121.presented(0, 28818, 857860966, 0, 0, 0, 0)
[20:54:55.743466] {Default Queue}  -> wl_compositor#4.create_region(new id wl_region#121)
[20:54:55.743470] {Default Queue}  -> wl_region#121.add(18, 4, 527, 56)
[20:54:55.743473]  -> wl_surface#68.set_opaque_region(wl_region#121)
[20:54:55.743474] {Default Queue}  -> wl_region#121.destroy()
[20:54:55.743475] {Default Queue}  -> wl_compositor#4.create_region(new id wl_region#88)
[20:54:55.743476] {Default Queue}  -> wl_region#88.add(19, 4, 504, 1)
[20:54:55.743477] {Default Queue}  -> wl_region#88.add(577, 4, 126, 1)
[20:54:55.743477] {Default Queue}  -> wl_region#88.add(888, 4, 373, 1)
[20:54:55.743478] {Default Queue}  -> wl_region#88.add(17, 5, 508, 1)
[20:54:55.743479] {Default Queue}  -> wl_region#88.add(575, 5, 130, 1)
[20:54:55.743479] {Default Queue}  -> wl_region#88.add(886, 5, 377, 1)
[20:54:55.743480] {Default Queue}  -> wl_region#88.add(16, 6, 510, 1)
[20:54:55.743481] {Default Queue}  -> wl_region#88.add(574, 6, 132, 1)
[20:54:55.743481] {Default Queue}  -> wl_region#88.add(885, 6, 379, 1)
[20:54:55.743482] {Default Queue}  -> wl_region#88.add(15, 7, 512, 1)
[20:54:55.743483] {Default Queue}  -> wl_region#88.add(573, 7, 134, 1)
[20:54:55.743483] {Default Queue}  -> wl_region#88.add(884, 7, 381, 1)
[20:54:55.743484] {Default Queue}  -> wl_region#88.add(14, 8, 514, 1)
[20:54:55.743485] {Default Queue}  -> wl_region#88.add(572, 8, 136, 1)
[20:54:55.743485] {Default Queue}  -> wl_region#88.add(883, 8, 383, 1)
[20:54:55.743486] {Default Queue}  -> wl_region#88.add(13, 9, 516, 1)
[20:54:55.743486] {Default Queue}  -> wl_region#88.add(571, 9, 138, 1)
[20:54:55.743487] {Default Queue}  -> wl_region#88.add(882, 9, 385, 1)
[20:54:55.743488] {Default Queue}  -> wl_region#88.add(12, 10, 518, 2)
[20:54:55.743488] {Default Queue}  -> wl_region#88.add(570, 10, 140, 2)
[20:54:55.743489] {Default Queue}  -> wl_region#88.add(881, 10, 387, 2)
[20:54:55.743490] {Default Queue}  -> wl_region#88.add(11, 12, 520, 5)
[20:54:55.743490] {Default Queue}  -> wl_region#88.add(569, 12, 142, 5)
[20:54:55.743491] {Default Queue}  -> wl_region#88.add(880, 12, 389, 5)
[20:54:55.743492] {Default Queue}  -> wl_region#88.add(10, 17, 522, 30)
[20:54:55.743493] {Default Queue}  -> wl_region#88.add(568, 17, 144, 30)
[20:54:55.743493] {Default Queue}  -> wl_region#88.add(879, 17, 391, 30)
[20:54:55.743494] {Default Queue}  -> wl_region#88.add(11, 47, 520, 5)
[20:54:55.743495] {Default Queue}  -> wl_region#88.add(569, 47, 142, 5)
[20:54:55.743495] {Default Queue}  -> wl_region#88.add(880, 47, 389, 5)
[20:54:55.743496] {Default Queue}  -> wl_region#88.add(12, 52, 518, 2)
[20:54:55.743497] {Default Queue}  -> wl_region#88.add(570, 52, 140, 2)
[20:54:55.743497] {Default Queue}  -> wl_region#88.add(881, 52, 387, 2)
[20:54:55.743498] {Default Queue}  -> wl_region#88.add(13, 54, 516, 1)
[20:54:55.743499] {Default Queue}  -> wl_region#88.add(571, 54, 138, 1)
[20:54:55.743499] {Default Queue}  -> wl_region#88.add(882, 54, 385, 1)
[20:54:55.743500] {Default Queue}  -> wl_region#88.add(14, 55, 514, 1)
[20:54:55.743500] {Default Queue}  -> wl_region#88.add(572, 55, 136, 1)
[20:54:55.743501] {Default Queue}  -> wl_region#88.add(883, 55, 383, 1)
[20:54:55.743502] {Default Queue}  -> wl_region#88.add(15, 56, 512, 1)
[20:54:55.743502] {Default Queue}  -> wl_region#88.add(573, 56, 134, 1)
[20:54:55.743503] {Default Queue}  -> wl_region#88.add(884, 56, 381, 1)
[20:54:55.743504] {Default Queue}  -> wl_region#88.add(16, 57, 510, 1)
[20:54:55.743504] {Default Queue}  -> wl_region#88.add(574, 57, 132, 1)
[20:54:55.743505] {Default Queue}  -> wl_region#88.add(885, 57, 379, 1)
[20:54:55.743506] {Default Queue}  -> wl_region#88.add(17, 58, 508, 1)
[20:54:55.743506] {Default Queue}  -> wl_region#88.add(575, 58, 130, 1)
[20:54:55.743507] {Default Queue}  -> wl_region#88.add(886, 58, 377, 1)
[20:54:55.743507] {Default Queue}  -> wl_region#88.add(19, 59, 504, 1)
[20:54:55.743508] {Default Queue}  -> wl_region#88.add(577, 59, 126, 1)
[20:54:55.743509] {Default Queue}  -> wl_region#88.add(888, 59, 373, 1)
[20:54:55.743509]  -> wl_surface#68.set_input_region(wl_region#88)
[20:54:55.743510] {Default Queue}  -> wl_region#88.destroy()
[20:54:55.743511]  -> wl_surface#68.attach(wl_buffer#91, 0, 0)
[20:54:55.743512]  -> wl_surface#68.damage_buffer(0, 0, 1280, 64)
[20:54:55.743513]  -> wl_surface#68.frame(new id wl_callback#108)
[20:54:55.743516] {Default Queue}  -> wp_presentation#20.feedback(wl_surface#68, new id wp_presentation_feedback#117)
[20:54:55.743517]  -> wl_surface#68.commit()
[20:54:55.743621] {Display Queue} wl_display#1.delete_id(121)
[20:54:55.743623] {Display Queue} wl_display#1.delete_id(88)
[20:54:55.743624] {Default Queue} wl_buffer#109.release()
[20:54:55.744369]  -> wl_surface#67.commit()
[20:54:55.746522]  -> wl_surface#73.commit()
[20:54:55.759040] {Display Queue} wl_display#1.delete_id(108)
[20:54:55.759046] {Display Queue} wl_display#1.delete_id(117)
[20:54:55.759047] {Default Queue} wl_callback#108.done(28818873)
[20:54:55.759055] {Default Queue} wp_presentation_feedback#117.sync_output(wl_output#60)
[20:54:55.759057] {Default Queue} wp_presentation_feedback#117.sync_output(wl_output#28)
[20:54:55.759057] {Default Queue} wp_presentation_feedback#117.presented(0, 28818, 873918830, 0, 0, 0, 0)
[20:54:55.759345] {Default Queue}  -> wl_compositor#4.create_region(new id wl_region#117)
[20:54:55.759349] {Default Queue}  -> wl_region#117.add(19, 4, 525, 1)
[20:54:55.759350] {Default Queue}  -> wl_region#117.add(577, 4, 126, 1)
[20:54:55.759351] {Default Queue}  -> wl_region#117.add(888, 4, 373, 1)
[20:54:55.759352] {Default Queue}  -> wl_region#117.add(17, 5, 529, 1)
[20:54:55.759352] {Default Queue}  -> wl_region#117.add(575, 5, 130, 1)
[20:54:55.759353] {Default Queue}  -> wl_region#117.add(886, 5, 377, 1)
[20:54:55.759354] {Default Queue}  -> wl_region#117.add(16, 6, 531, 1)
[20:54:55.759355] {Default Queue}  -> wl_region#117.add(574, 6, 132, 1)
[20:54:55.759355] {Default Queue}  -> wl_region#117.add(885, 6, 379, 1)
[20:54:55.759356] {Default Queue}  -> wl_region#117.add(15, 7, 533, 1)
[20:54:55.759357] {Default Queue}  -> wl_region#117.add(573, 7, 134, 1)
[20:54:55.759357] {Default Queue}  -> wl_region#117.add(884, 7, 381, 1)
[20:54:55.759358] {Default Queue}  -> wl_region#117.add(14, 8, 535, 1)
[20:54:55.759359] {Default Queue}  -> wl_region#117.add(572, 8, 136, 1)
[20:54:55.759359] {Default Queue}  -> wl_region#117.add(883, 8, 383, 1)
[20:54:55.759360] {Default Queue}  -> wl_region#117.add(13, 9, 537, 1)
[20:54:55.759360] {Default Queue}  -> wl_region#117.add(571, 9, 138, 1)
[20:54:55.759361] {Default Queue}  -> wl_region#117.add(882, 9, 385, 1)
[20:54:55.759362] {Default Queue}  -> wl_region#117.add(12, 10, 539, 2)
[20:54:55.759363] {Default Queue}  -> wl_region#117.add(570, 10, 140, 2)
[20:54:55.759363] {Default Queue}  -> wl_region#117.add(881, 10, 387, 2)
[20:54:55.759364] {Default Queue}  -> wl_region#117.add(11, 12, 541, 5)
[20:54:55.759365] {Default Queue}  -> wl_region#117.add(569, 12, 142, 5)
[20:54:55.759365] {Default Queue}  -> wl_region#117.add(880, 12, 389, 5)
[20:54:55.759366] {Default Queue}  -> wl_region#117.add(10, 17, 543, 30)
[20:54:55.759367] {Default Queue}  -> wl_region#117.add(568, 17, 144, 30)
[20:54:55.759367] {Default Queue}  -> wl_region#117.add(879, 17, 391, 30)
[20:54:55.759368] {Default Queue}  -> wl_region#117.add(11, 47, 541, 5)
[20:54:55.759369] {Default Queue}  -> wl_region#117.add(569, 47, 142, 5)
[20:54:55.759369] {Default Queue}  -> wl_region#117.add(880, 47, 389, 5)
[20:54:55.759370] {Default Queue}  -> wl_region#117.add(12, 52, 539, 2)
[20:54:55.759371] {Default Queue}  -> wl_region#117.add(570, 52, 140, 2)
[20:54:55.759371] {Default Queue}  -> wl_region#117.add(881, 52, 387, 2)
[20:54:55.759372] {Default Queue}  -> wl_region#117.add(13, 54, 537, 1)
[20:54:55.759372] {Default Queue}  -> wl_region#117.add(571, 54, 138, 1)
[20:54:55.759373] {Default Queue}  -> wl_region#117.add(882, 54, 385, 1)
[20:54:55.759374] {Default Queue}  -> wl_region#117.add(14, 55, 535, 1)
[20:54:55.759374] {Default Queue}  -> wl_region#117.add(572, 55, 136, 1)
[20:54:55.759375] {Default Queue}  -> wl_region#117.add(883, 55, 383, 1)
[20:54:55.759376] {Default Queue}  -> wl_region#117.add(15, 56, 533, 1)
[20:54:55.759376] {Default Queue}  -> wl_region#117.add(573, 56, 134, 1)
[20:54:55.759377] {Default Queue}  -> wl_region#117.add(884, 56, 381, 1)
[20:54:55.759378] {Default Queue}  -> wl_region#117.add(16, 57, 531, 1)
[20:54:55.759378] {Default Queue}  -> wl_region#117.add(574, 57, 132, 1)
[20:54:55.759379] {Default Queue}  -> wl_region#117.add(885, 57, 379, 1)
[20:54:55.759380] {Default Queue}  -> wl_region#117.add(17, 58, 529, 1)
[20:54:55.759380] {Default Queue}  -> wl_region#117.add(575, 58, 130, 1)
[20:54:55.759381] {Default Queue}  -> wl_region#117.add(886, 58, 377, 1)
[20:54:55.759382] {Default Queue}  -> wl_region#117.add(19, 59, 525, 1)
[20:54:55.759382] {Default Queue}  -> wl_region#117.add(577, 59, 126, 1)
[20:54:55.759383] {Default Queue}  -> wl_region#117.add(888, 59, 373, 1)
[20:54:55.759384]  -> wl_surface#68.set_input_region(wl_region#117)
[20:54:55.759385] {Default Queue}  -> wl_region#117.destroy()
[20:54:55.759386]  -> wl_surface#68.attach(wl_buffer#109, 0, 0)
[20:54:55.759387]  -> wl_surface#68.damage_buffer(0, 0, 1280, 64)
[20:54:55.759388]  -> wl_surface#68.frame(new id wl_callback#108)
[20:54:55.759390] {Default Queue}  -> wp_presentation#20.feedback(wl_surface#68, new id wp_presentation_feedback#88)
[20:54:55.759392]  -> wl_surface#68.commit()
[20:54:55.759452] {Display Queue} wl_display#1.delete_id(117)
[20:54:55.759453] {Default Queue} wl_buffer#91.release()
[20:54:55.760845] {Default Queue} ext_foreign_toplevel_list_v1#58.toplevel(new id ext_foreign_toplevel_handle_v1#4278190080)
[20:54:55.760850] {Default Queue} ext_foreign_toplevel_handle_v1#4278190080.title("Pearl T00 normal window")
[20:54:55.760852] {Default Queue} ext_foreign_toplevel_handle_v1#4278190080.app_id("GTK Application")
[20:54:55.760853] {Default Queue} ext_foreign_toplevel_handle_v1#4278190080.identifier("0aea579372276e441bb2c8dff17b039e")
[20:54:55.760854] {Default Queue} ext_foreign_toplevel_handle_v1#4278190080.done()
[20:54:55.761679] {Default Queue}  -> wl_compositor#4.create_surface(new id wl_surface#117)
[20:54:55.761683] {Default Queue}  -> wp_fractional_scale_manager_v1#11.get_fractional_scale(new id wp_fractional_scale_v1#121, wl_surface#117)
[20:54:55.761686] {Default Queue}  -> wp_viewporter#10.get_viewport(new id wp_viewport#128, wl_surface#117)
[20:54:55.761710] {Default Queue}  -> xdg_toplevel_icon_manager_v1#9.create_icon(new id xdg_toplevel_icon_v1#116)
[20:54:55.761722] {Default Queue}  -> zwlr_layer_shell_v1#46.get_layer_surface(new id zwlr_layer_surface_v1#118, wl_surface#117, wl_output#28, 2, "pearl:dock")
[20:54:55.761725] {Default Queue}  -> zwlr_layer_surface_v1#118.set_keyboard_interactivity(0)
[20:54:55.761726] {Default Queue}  -> zwlr_layer_surface_v1#118.set_exclusive_zone(-1)
[20:54:55.761727] {Default Queue}  -> zwlr_layer_surface_v1#118.set_anchor(1)
[20:54:55.761727] {Default Queue}  -> zwlr_layer_surface_v1#118.set_margin(8, 0, 0, 0)
[20:54:55.761729] {Default Queue}  -> zwlr_layer_surface_v1#118.set_size(200, 200)
[20:54:55.761734]  -> wl_surface#117.commit()
[20:54:55.761833] {Default Queue}  -> wl_compositor#4.create_surface(new id wl_surface#114)
[20:54:55.761835] {Default Queue}  -> wp_fractional_scale_manager_v1#11.get_fractional_scale(new id wp_fractional_scale_v1#92, wl_surface#114)
[20:54:55.761837] {Default Queue}  -> wp_viewporter#10.get_viewport(new id wp_viewport#120, wl_surface#114)
[20:54:55.761846] {Default Queue}  -> xdg_toplevel_icon_manager_v1#9.create_icon(new id xdg_toplevel_icon_v1#110)
[20:54:55.761851] {Default Queue}  -> zwlr_layer_shell_v1#46.get_layer_surface(new id zwlr_layer_surface_v1#115, wl_surface#114, wl_output#28, 3, "pearl:dock-reveal")
[20:54:55.761852] {Default Queue}  -> zwlr_layer_surface_v1#115.set_keyboard_interactivity(0)
[20:54:55.761853] {Default Queue}  -> zwlr_layer_surface_v1#115.set_exclusive_zone(-1)
[20:54:55.761853] {Default Queue}  -> zwlr_layer_surface_v1#115.set_anchor(1)
[20:54:55.761854] {Default Queue}  -> zwlr_layer_surface_v1#115.set_margin(0, 0, 0, 0)
[20:54:55.761855] {Default Queue}  -> zwlr_layer_surface_v1#115.set_size(200, 200)
[20:54:55.761856]  -> wl_surface#114.commit()
[20:54:55.761943] {Default Queue} zwlr_layer_surface_v1#72.configure(108, 1280, 64)
[20:54:55.761974] {Default Queue}  -> zwlr_layer_surface_v1#72.ack_configure(108)
[20:54:55.761976] {Default Queue} zwlr_layer_surface_v1#98.configure(109, 1280, 8)
[20:54:55.761978] {Default Queue}  -> zwlr_layer_surface_v1#98.ack_configure(109)
[20:54:55.761979] {Default Queue} zwlr_layer_surface_v1#66.configure(110, 1280, 720)
[20:54:55.761981] {Default Queue}  -> zwlr_layer_surface_v1#66.ack_configure(110)
[20:54:55.761981] {Default Queue} zwlr_layer_surface_v1#118.configure(111, 200, 200)
[20:54:55.762077] {Default Queue}  -> zwlr_layer_surface_v1#118.ack_configure(111)
[20:54:55.762078] {Default Queue} zwlr_layer_surface_v1#72.configure(112, 1280, 64)
[20:54:55.762080] {Default Queue}  -> zwlr_layer_surface_v1#72.ack_configure(112)
[20:54:55.762080] {Default Queue} zwlr_layer_surface_v1#98.configure(113, 1280, 8)
[20:54:55.762081] {Default Queue}  -> zwlr_layer_surface_v1#98.ack_configure(113)
[20:54:55.762082] {Default Queue} zwlr_layer_surface_v1#66.configure(114, 1280, 720)
[20:54:55.762083] {Default Queue}  -> zwlr_layer_surface_v1#66.ack_configure(114)
[20:54:55.762084] {Default Queue} zwlr_layer_surface_v1#118.configure(115, 200, 200)
[20:54:55.762084] {Default Queue}  -> zwlr_layer_surface_v1#118.ack_configure(115)
[20:54:55.762085] {Default Queue} zwlr_layer_surface_v1#115.configure(116, 200, 200)
[20:54:55.762091] {Default Queue}  -> zwlr_layer_surface_v1#115.ack_configure(116)
[20:54:55.762103]  -> wl_surface#95.commit()
[20:54:55.762119]  -> wl_surface#62.commit()
[20:54:55.762362] {Default Queue}  -> wl_shm#5.create_pool(new id wl_shm_pool#90, fd 18, 19200)
[20:54:55.762367] {Default Queue}  -> wl_shm_pool#90.create_buffer(new id wl_buffer#111, 0, 60, 80, 240, 0)
[20:54:55.762455] {Default Queue}  -> zwlr_layer_surface_v1#118.set_size(60, 80)
[20:54:55.762457] {Default Queue}  -> wl_compositor#4.create_region(new id wl_region#126)
[20:54:55.762458] {Default Queue}  -> wl_region#126.add(0, 14, 60, 52)
[20:54:55.762459]  -> wl_surface#117.set_opaque_region(wl_region#126)
[20:54:55.762460] {Default Queue}  -> wl_region#126.destroy()
[20:54:55.762461] {Default Queue}  -> wp_viewport#128.set_destination(60, 80)
[20:54:55.762462]  -> wl_surface#117.attach(wl_buffer#111, 0, 0)
[20:54:55.762463]  -> wl_surface#117.damage_buffer(0, 0, 60, 80)
[20:54:55.762464]  -> wl_surface#117.frame(new id wl_callback#127)
[20:54:55.762466] {Default Queue}  -> wp_presentation#20.feedback(wl_surface#117, new id wp_presentation_feedback#129)
[20:54:55.762467]  -> wl_surface#117.commit()
[20:54:55.762526] {Default Queue}  -> wl_shm#5.create_pool(new id wl_shm_pool#130, fd 18, 480)
[20:54:55.762528] {Default Queue}  -> wl_shm_pool#130.create_buffer(new id wl_buffer#131, 0, 60, 2, 240, 0)
[20:54:55.762543] {Default Queue}  -> zwlr_layer_surface_v1#115.set_size(60, 2)
[20:54:55.762544] {Default Queue}  -> wp_viewport#120.set_destination(60, 2)
[20:54:55.762545]  -> wl_surface#114.attach(wl_buffer#131, 0, 0)
[20:54:55.762547]  -> wl_surface#114.damage_buffer(0, 0, 60, 2)
[20:54:55.762548]  -> wl_surface#114.frame(new id wl_callback#132)
[20:54:55.762550] {Default Queue}  -> wp_presentation#20.feedback(wl_surface#114, new id wp_presentation_feedback#133)
[20:54:55.762551]  -> wl_surface#114.commit()
[20:54:55.762925] {Default Queue}  -> zwlr_layer_surface_v1#118.destroy()
[20:54:55.762929]  -> wl_surface#117.attach(nil, 0, 0)
[20:54:55.762930]  -> wl_surface#117.commit()
[20:54:55.762950] discarded [unknown]#118.[event 0](0 fd, 20 byte)
[20:54:55.762953] discarded [unknown]#118.[event 0](0 fd, 20 byte)
[20:54:55.762954] discarded [unknown]#118.[event 0](0 fd, 20 byte)
[20:54:55.762956] discarded [unknown]#118.[event 0](0 fd, 20 byte)
[20:54:55.762960] {Display Queue} wl_display#1.delete_id(126)
[20:54:55.762962] {Default Queue} zwlr_layer_surface_v1#72.configure(118, 1280, 64)
[20:54:55.762964] {Default Queue}  -> zwlr_layer_surface_v1#72.ack_configure(118)
[20:54:55.762965] {Default Queue} zwlr_layer_surface_v1#98.configure(119, 1280, 8)
[20:54:55.762967] {Default Queue}  -> zwlr_layer_surface_v1#98.ack_configure(119)
[20:54:55.762967] {Default Queue} zwlr_layer_surface_v1#66.configure(120, 1280, 720)
[20:54:55.762968] {Default Queue}  -> zwlr_layer_surface_v1#66.ack_configure(120)
[20:54:55.762969] {Default Queue} wp_fractional_scale_v1#121.preferred_scale(120)
[20:54:55.762970] {Default Queue} zwlr_layer_surface_v1#115.configure(122, 200, 200)
[20:54:55.762971] {Default Queue}  -> zwlr_layer_surface_v1#115.ack_configure(122)
[20:54:55.762972] {Default Queue} zwlr_layer_surface_v1#72.configure(123, 1280, 64)
[20:54:55.762973] {Default Queue}  -> zwlr_layer_surface_v1#72.ack_configure(123)
[20:54:55.762973] {Default Queue} zwlr_layer_surface_v1#98.configure(124, 1280, 8)
[20:54:55.762974] {Default Queue}  -> zwlr_layer_surface_v1#98.ack_configure(124)
[20:54:55.762975] {Default Queue} zwlr_layer_surface_v1#66.configure(125, 1280, 720)
[20:54:55.762976] {Default Queue}  -> zwlr_layer_surface_v1#66.ack_configure(125)
[20:54:55.762976] {Default Queue} zwlr_layer_surface_v1#115.configure(127, 200, 200)
[20:54:55.762977] {Default Queue}  -> zwlr_layer_surface_v1#115.ack_configure(127)
[20:54:55.762977] {Default Queue} zwlr_layer_surface_v1#72.configure(128, 1280, 64)
[20:54:55.762978] {Default Queue}  -> zwlr_layer_surface_v1#72.ack_configure(128)
[20:54:55.762979] {Default Queue} zwlr_layer_surface_v1#98.configure(129, 1280, 8)
[20:54:55.762979] {Default Queue}  -> zwlr_layer_surface_v1#98.ack_configure(129)
[20:54:55.762980] {Default Queue} zwlr_layer_surface_v1#66.configure(130, 1280, 720)
[20:54:55.762981] {Default Queue}  -> zwlr_layer_surface_v1#66.ack_configure(130)
[20:54:55.762982] {Default Queue} zwlr_layer_surface_v1#115.configure(132, 60, 2)
[20:54:55.762982] {Default Queue}  -> zwlr_layer_surface_v1#115.ack_configure(132)
[20:54:55.762983] {Default Queue} wp_fractional_scale_v1#92.preferred_scale(120)
[20:54:55.762984] {Default Queue} zwlr_layer_surface_v1#72.configure(133, 1280, 64)
[20:54:55.762984] {Default Queue}  -> zwlr_layer_surface_v1#72.ack_configure(133)
[20:54:55.762985] {Default Queue} zwlr_layer_surface_v1#98.configure(134, 1280, 8)
[20:54:55.762986] {Default Queue}  -> zwlr_layer_surface_v1#98.ack_configure(134)
[20:54:55.762986] {Default Queue} zwlr_layer_surface_v1#66.configure(135, 1280, 720)
[20:54:55.762987] {Default Queue}  -> zwlr_layer_surface_v1#66.ack_configure(135)
[20:54:55.762988] {Default Queue} zwlr_layer_surface_v1#115.configure(137, 60, 2)
[20:54:55.762988] {Default Queue}  -> zwlr_layer_surface_v1#115.ack_configure(137)
[20:54:55.762989] wl_surface#114.enter(wl_output#60)
[20:54:55.762991] wl_surface#114.enter(wl_output#28)
[20:54:55.762992] wl_surface#114.preferred_buffer_scale(1)
[20:54:55.762993] wl_surface#117.enter(wl_output#60)
[20:54:55.762995] wl_surface#117.enter(wl_output#28)
[20:54:55.762996] wl_surface#117.preferred_buffer_scale(1)
[20:54:55.763069] discarded [unknown]#129.[event 2](0 fd, 8 byte)
[20:54:55.763071] {Display Queue} wl_display#1.delete_id(118)
[20:54:55.763072] {Display Queue} wl_display#1.delete_id(129)
[20:54:55.763073] {Default Queue} zwlr_layer_surface_v1#72.configure(138, 1280, 64)
[20:54:55.763074] {Default Queue}  -> zwlr_layer_surface_v1#72.ack_configure(138)
[20:54:55.763075] {Default Queue} zwlr_layer_surface_v1#98.configure(139, 1280, 8)
[20:54:55.763075] {Default Queue}  -> zwlr_layer_surface_v1#98.ack_configure(139)
[20:54:55.763076] {Default Queue} zwlr_layer_surface_v1#66.configure(140, 1280, 720)
[20:54:55.763077] {Default Queue}  -> zwlr_layer_surface_v1#66.ack_configure(140)
[20:54:55.763077] {Default Queue} zwlr_layer_surface_v1#115.configure(141, 60, 2)
[20:54:55.763078] {Default Queue}  -> zwlr_layer_surface_v1#115.ack_configure(141)
[20:54:55.763079] {Default Queue} wl_buffer#111.release()
[20:54:55.775749] {Display Queue} wl_display#1.delete_id(108)
[20:54:55.775756] {Display Queue} wl_display#1.delete_id(132)
[20:54:55.775758] {Display Queue} wl_display#1.delete_id(88)
[20:54:55.775758] {Display Queue} wl_display#1.delete_id(133)
[20:54:55.775759] {Default Queue} wl_callback#108.done(28818890)
[20:54:55.775769] {Default Queue} wl_callback#132.done(28818890)
[20:54:55.775772] {Default Queue} wp_presentation_feedback#88.sync_output(wl_output#60)
[20:54:55.775773] {Default Queue} wp_presentation_feedback#88.sync_output(wl_output#28)
[20:54:55.775774] {Default Queue} wp_presentation_feedback#88.presented(0, 28818, 890548598, 0, 0, 0, 0)
[20:54:55.775777] {Default Queue} wp_presentation_feedback#133.sync_output(wl_output#60)
[20:54:55.775778] {Default Queue} wp_presentation_feedback#133.sync_output(wl_output#28)
[20:54:55.775778] {Default Queue} wp_presentation_feedback#133.presented(0, 28818, 890548598, 0, 0, 0, 0)
[20:54:55.776261] {Default Queue}  -> wl_compositor#4.create_region(new id wl_region#133)
[20:54:55.776265] {Default Queue}  -> wl_region#133.add(18, 4, 639, 56)
[20:54:55.776267]  -> wl_surface#68.set_opaque_region(wl_region#133)
[20:54:55.776269] {Default Queue}  -> wl_region#133.destroy()
[20:54:55.776270]  -> wl_surface#68.attach(wl_buffer#91, 0, 0)
[20:54:55.776271]  -> wl_surface#68.damage_buffer(0, 0, 1280, 64)
[20:54:55.776272]  -> wl_surface#68.frame(new id wl_callback#88)
[20:54:55.776274] {Default Queue}  -> wp_presentation#20.feedback(wl_surface#68, new id wp_presentation_feedback#132)
[20:54:55.776276]  -> wl_surface#68.commit()
[20:54:55.776353] {Default Queue}  -> wl_shm#5.create_pool(new id wl_shm_pool#108, fd 18, 480)
[20:54:55.776356] {Default Queue}  -> wl_shm_pool#108.create_buffer(new id wl_buffer#129, 0, 60, 2, 240, 0)
[20:54:55.776373]  -> wl_surface#114.attach(wl_buffer#129, 0, 0)
[20:54:55.776374]  -> wl_surface#114.damage_buffer(0, 0, 60, 2)
[20:54:55.776375]  -> wl_surface#114.frame(new id wl_callback#118)
[20:54:55.776376] {Default Queue}  -> wp_presentation#20.feedback(wl_surface#114, new id wp_presentation_feedback#126)
[20:54:55.776377]  -> wl_surface#114.commit()
[20:54:55.776388] {Display Queue} wl_display#1.delete_id(133)
[20:54:55.776390] {Default Queue} wl_buffer#109.release()
[20:54:55.776410] {Default Queue} wl_buffer#131.release()
[20:54:55.777020]  -> wl_surface#62.commit()
[20:54:55.779031]  -> wl_surface#95.commit()
[20:54:55.792261] {Display Queue} wl_display#1.delete_id(88)
[20:54:55.792267] {Display Queue} wl_display#1.delete_id(118)
[20:54:55.792268] {Display Queue} wl_display#1.delete_id(132)
[20:54:55.792269] {Display Queue} wl_display#1.delete_id(126)
[20:54:55.792270] {Default Queue} wl_callback#88.done(28818907)
[20:54:55.792278] {Default Queue} wl_callback#118.done(28818907)
[20:54:55.792281] {Default Queue} wp_presentation_feedback#132.sync_output(wl_output#60)
[20:54:55.792282] {Default Queue} wp_presentation_feedback#132.sync_output(wl_output#28)
[20:54:55.792283] {Default Queue} wp_presentation_feedback#132.presented(0, 28818, 907129616, 0, 0, 0, 0)
[20:54:55.792285] {Default Queue} wp_presentation_feedback#126.sync_output(wl_output#60)
[20:54:55.792286] {Default Queue} wp_presentation_feedback#126.sync_output(wl_output#28)
[20:54:55.792287] {Default Queue} wp_presentation_feedback#126.presented(0, 28818, 907129616, 0, 0, 0, 0)
[20:54:55.792564] {Default Queue}  -> wl_compositor#4.create_region(new id wl_region#126)
[20:54:55.792566] {Default Queue}  -> wl_region#126.add(19, 4, 637, 1)
[20:54:55.792568] {Default Queue}  -> wl_region#126.add(686, 4, 126, 1)
[20:54:55.792568] {Default Queue}  -> wl_region#126.add(888, 4, 373, 1)
[20:54:55.792569] {Default Queue}  -> wl_region#126.add(17, 5, 641, 1)
[20:54:55.792570] {Default Queue}  -> wl_region#126.add(684, 5, 130, 1)
[20:54:55.792570] {Default Queue}  -> wl_region#126.add(886, 5, 377, 1)
[20:54:55.792571] {Default Queue}  -> wl_region#126.add(16, 6, 643, 1)
[20:54:55.792572] {Default Queue}  -> wl_region#126.add(683, 6, 132, 1)
[20:54:55.792573] {Default Queue}  -> wl_region#126.add(885, 6, 379, 1)
[20:54:55.792573] {Default Queue}  -> wl_region#126.add(15, 7, 645, 1)
[20:54:55.792574] {Default Queue}  -> wl_region#126.add(682, 7, 134, 1)
[20:54:55.792574] {Default Queue}  -> wl_region#126.add(884, 7, 381, 1)
[20:54:55.792575] {Default Queue}  -> wl_region#126.add(14, 8, 647, 1)
[20:54:55.792576] {Default Queue}  -> wl_region#126.add(681, 8, 136, 1)
[20:54:55.792576] {Default Queue}  -> wl_region#126.add(883, 8, 383, 1)
[20:54:55.792577] {Default Queue}  -> wl_region#126.add(13, 9, 649, 1)
[20:54:55.792578] {Default Queue}  -> wl_region#126.add(680, 9, 138, 1)
[20:54:55.792578] {Default Queue}  -> wl_region#126.add(882, 9, 385, 1)
[20:54:55.792579] {Default Queue}  -> wl_region#126.add(12, 10, 651, 2)
[20:54:55.792579] {Default Queue}  -> wl_region#126.add(679, 10, 140, 2)
[20:54:55.792580] {Default Queue}  -> wl_region#126.add(881, 10, 387, 2)
[20:54:55.792581] {Default Queue}  -> wl_region#126.add(11, 12, 653, 5)
[20:54:55.792581] {Default Queue}  -> wl_region#126.add(678, 12, 142, 5)
[20:54:55.792582] {Default Queue}  -> wl_region#126.add(880, 12, 389, 5)
[20:54:55.792583] {Default Queue}  -> wl_region#126.add(10, 17, 655, 30)
[20:54:55.792583] {Default Queue}  -> wl_region#126.add(677, 17, 144, 30)
[20:54:55.792584] {Default Queue}  -> wl_region#126.add(879, 17, 391, 30)
[20:54:55.792585] {Default Queue}  -> wl_region#126.add(11, 47, 653, 5)
[20:54:55.792585] {Default Queue}  -> wl_region#126.add(678, 47, 142, 5)
[20:54:55.792586] {Default Queue}  -> wl_region#126.add(880, 47, 389, 5)
[20:54:55.792586] {Default Queue}  -> wl_region#126.add(12, 52, 651, 2)
[20:54:55.792587] {Default Queue}  -> wl_region#126.add(679, 52, 140, 2)
[20:54:55.792588] {Default Queue}  -> wl_region#126.add(881, 52, 387, 2)
[20:54:55.792588] {Default Queue}  -> wl_region#126.add(13, 54, 649, 1)
[20:54:55.792589] {Default Queue}  -> wl_region#126.add(680, 54, 138, 1)
[20:54:55.792589] {Default Queue}  -> wl_region#126.add(882, 54, 385, 1)
[20:54:55.792590] {Default Queue}  -> wl_region#126.add(14, 55, 647, 1)
[20:54:55.792591] {Default Queue}  -> wl_region#126.add(681, 55, 136, 1)
[20:54:55.792591] {Default Queue}  -> wl_region#126.add(883, 55, 383, 1)
[20:54:55.792592] {Default Queue}  -> wl_region#126.add(15, 56, 645, 1)
[20:54:55.792593] {Default Queue}  -> wl_region#126.add(682, 56, 134, 1)
[20:54:55.792593] {Default Queue}  -> wl_region#126.add(884, 56, 381, 1)
[20:54:55.792594] {Default Queue}  -> wl_region#126.add(16, 57, 643, 1)
[20:54:55.792594] {Default Queue}  -> wl_region#126.add(683, 57, 132, 1)
[20:54:55.792595] {Default Queue}  -> wl_region#126.add(885, 57, 379, 1)
[20:54:55.792596] {Default Queue}  -> wl_region#126.add(17, 58, 641, 1)
[20:54:55.792596] {Default Queue}  -> wl_region#126.add(684, 58, 130, 1)
[20:54:55.792597] {Default Queue}  -> wl_region#126.add(886, 58, 377, 1)
[20:54:55.792597] {Default Queue}  -> wl_region#126.add(19, 59, 637, 1)
[20:54:55.792598] {Default Queue}  -> wl_region#126.add(686, 59, 126, 1)
[20:54:55.792599] {Default Queue}  -> wl_region#126.add(888, 59, 373, 1)
[20:54:55.792600]  -> wl_surface#68.set_input_region(wl_region#126)
[20:54:55.792601] {Default Queue}  -> wl_region#126.destroy()
[20:54:55.792602]  -> wl_surface#68.attach(wl_buffer#109, 0, 0)
[20:54:55.792603]  -> wl_surface#68.damage_buffer(0, 0, 1280, 64)
[20:54:55.792604]  -> wl_surface#68.frame(new id wl_callback#132)
[20:54:55.792606] {Default Queue}  -> wp_presentation#20.feedback(wl_surface#68, new id wp_presentation_feedback#118)
[20:54:55.792607]  -> wl_surface#68.commit()
[20:54:55.792676] {Display Queue} wl_display#1.delete_id(126)
[20:54:55.792677] {Default Queue} wl_buffer#91.release()
[20:54:55.808589] {Display Queue} wl_display#1.delete_id(132)
[20:54:55.808596] {Display Queue} wl_display#1.delete_id(118)
[20:54:55.808597] {Default Queue} wl_callback#132.done(28818923)
[20:54:55.808604] {Default Queue} wp_presentation_feedback#118.sync_output(wl_output#60)
[20:54:55.808605] {Default Queue} wp_presentation_feedback#118.sync_output(wl_output#28)
[20:54:55.808606] {Default Queue} wp_presentation_feedback#118.presented(0, 28818, 923456692, 0, 0, 0, 0)
[20:54:56.064738] {Default Queue}  -> wl_compositor#4.create_surface(new id wl_surface#118)
[20:54:56.064745] {Default Queue}  -> wp_fractional_scale_manager_v1#11.get_fractional_scale(new id wp_fractional_scale_v1#132, wl_surface#118)
[20:54:56.064748] {Default Queue}  -> wp_viewporter#10.get_viewport(new id wp_viewport#126, wl_surface#118)
[20:54:56.064772] {Default Queue}  -> xdg_toplevel_icon_manager_v1#9.create_icon(new id xdg_toplevel_icon_v1#88)
[20:54:56.064786] {Default Queue}  -> zwlr_layer_shell_v1#46.get_layer_surface(new id zwlr_layer_surface_v1#133, wl_surface#118, wl_output#28, 3, "pearl:osd")
[20:54:56.064789] {Default Queue}  -> zwlr_layer_surface_v1#133.set_keyboard_interactivity(0)
[20:54:56.064790] {Default Queue}  -> zwlr_layer_surface_v1#133.set_exclusive_zone(0)
[20:54:56.064791] {Default Queue}  -> zwlr_layer_surface_v1#133.set_anchor(2)
[20:54:56.064791] {Default Queue}  -> zwlr_layer_surface_v1#133.set_margin(0, 0, 24, 0)
[20:54:56.064793] {Default Queue}  -> zwlr_layer_surface_v1#133.set_size(200, 200)
[20:54:56.064797]  -> wl_surface#118.commit()
[20:54:56.064824] {Default Queue}  -> xdg_activation_v1#15.get_activation_token(new id xdg_activation_token_v1#134)
[20:54:56.064827]  -> xdg_activation_token_v1#134.set_serial(71, wl_seat#3)
[20:54:56.064828]  -> xdg_activation_token_v1#134.commit()
[20:54:56.065023] xdg_activation_token_v1#134.done("be0f0120a5b6ae0f3ff24172adc2746f")
[20:54:56.065026]  -> xdg_activation_token_v1#134.destroy()
[20:54:56.065027] {Default Queue}  -> xdg_activation_v1#15.activate("be0f0120a5b6ae0f3ff24172adc2746f", wl_surface#118)
[20:54:56.065042] {Default Queue} zwlr_layer_surface_v1#72.configure(142, 1280, 64)
[20:54:56.065047] {Default Queue}  -> zwlr_layer_surface_v1#72.ack_configure(142)
[20:54:56.065048] {Default Queue} zwlr_layer_surface_v1#98.configure(143, 1280, 8)
[20:54:56.065050] {Default Queue}  -> zwlr_layer_surface_v1#98.ack_configure(143)
[20:54:56.065051] {Default Queue} zwlr_layer_surface_v1#66.configure(144, 1280, 720)
[20:54:56.065052] {Default Queue}  -> zwlr_layer_surface_v1#66.ack_configure(144)
[20:54:56.065053] {Default Queue} zwlr_layer_surface_v1#115.configure(145, 60, 2)
[20:54:56.065056] {Default Queue}  -> zwlr_layer_surface_v1#115.ack_configure(145)
[20:54:56.065056] {Default Queue} zwlr_layer_surface_v1#133.configure(146, 200, 200)
[20:54:56.065204] {Default Queue}  -> zwlr_layer_surface_v1#133.ack_configure(146)
[20:54:56.065222]  -> wl_surface#68.commit()
[20:54:56.065233]  -> wl_surface#95.commit()
[20:54:56.065238]  -> wl_surface#62.commit()
[20:54:56.065242]  -> wl_surface#114.commit()
[20:54:56.065421] {Default Queue}  -> wl_shm#5.create_pool(new id wl_shm_pool#135, fd 18, 92160)
[20:54:56.065426] {Default Queue}  -> wl_shm_pool#135.create_buffer(new id wl_buffer#136, 0, 320, 72, 1280, 0)
[20:54:56.065531] {Default Queue}  -> zwlr_layer_surface_v1#133.set_size(320, 72)
[20:54:56.065533] {Default Queue}  -> wl_compositor#4.create_region(new id wl_region#137)
[20:54:56.065534] {Default Queue}  -> wl_region#137.add(14, 0, 292, 72)
[20:54:56.065535]  -> wl_surface#118.set_opaque_region(wl_region#137)
[20:54:56.065536] {Default Queue}  -> wl_region#137.destroy()
[20:54:56.065537] {Default Queue}  -> wl_compositor#4.create_region(new id wl_region#138)
[20:54:56.065538]  -> wl_surface#118.set_input_region(wl_region#138)
[20:54:56.065538] {Default Queue}  -> wl_region#138.destroy()
[20:54:56.065539] {Default Queue}  -> wp_viewport#126.set_destination(320, 72)
[20:54:56.065540]  -> wl_surface#118.attach(wl_buffer#136, 0, 0)
[20:54:56.065541]  -> wl_surface#118.damage_buffer(0, 0, 320, 72)
[20:54:56.065542]  -> wl_surface#118.frame(new id wl_callback#139)
[20:54:56.065544] {Default Queue}  -> wp_presentation#20.feedback(wl_surface#118, new id wp_presentation_feedback#140)
[20:54:56.065546]  -> wl_surface#118.commit()
[20:54:56.065701] {Display Queue} wl_display#1.delete_id(134)
[20:54:56.065702] {Display Queue} wl_display#1.delete_id(137)
[20:54:56.065703] {Display Queue} wl_display#1.delete_id(138)
[20:54:56.065704] {Default Queue} zwlr_layer_surface_v1#72.configure(147, 1280, 64)
[20:54:56.065707] {Default Queue}  -> zwlr_layer_surface_v1#72.ack_configure(147)
[20:54:56.065708] {Default Queue} zwlr_layer_surface_v1#98.configure(148, 1280, 8)
[20:54:56.065710] {Default Queue}  -> zwlr_layer_surface_v1#98.ack_configure(148)
[20:54:56.065710] {Default Queue} zwlr_layer_surface_v1#66.configure(149, 1280, 720)
[20:54:56.065711] {Default Queue}  -> zwlr_layer_surface_v1#66.ack_configure(149)
[20:54:56.065712] {Default Queue} zwlr_layer_surface_v1#115.configure(150, 60, 2)
[20:54:56.065713] {Default Queue}  -> zwlr_layer_surface_v1#115.ack_configure(150)
[20:54:56.065714] {Default Queue} zwlr_layer_surface_v1#133.configure(151, 320, 72)
[20:54:56.065716] {Default Queue}  -> zwlr_layer_surface_v1#133.ack_configure(151)
[20:54:56.065716] {Default Queue} wp_fractional_scale_v1#132.preferred_scale(120)
[20:54:56.065717] {Default Queue} zwlr_layer_surface_v1#72.configure(152, 1280, 64)
[20:54:56.065718] {Default Queue}  -> zwlr_layer_surface_v1#72.ack_configure(152)
[20:54:56.065718] {Default Queue} zwlr_layer_surface_v1#98.configure(153, 1280, 8)
[20:54:56.065719] {Default Queue}  -> zwlr_layer_surface_v1#98.ack_configure(153)
[20:54:56.065719] {Default Queue} zwlr_layer_surface_v1#66.configure(154, 1280, 720)
[20:54:56.065720] {Default Queue}  -> zwlr_layer_surface_v1#66.ack_configure(154)
[20:54:56.065721] {Default Queue} zwlr_layer_surface_v1#115.configure(155, 60, 2)
[20:54:56.065721] {Default Queue}  -> zwlr_layer_surface_v1#115.ack_configure(155)
[20:54:56.065722] {Default Queue} zwlr_layer_surface_v1#133.configure(156, 320, 72)
[20:54:56.065723] {Default Queue}  -> zwlr_layer_surface_v1#133.ack_configure(156)
[20:54:56.065723] wl_surface#118.enter(wl_output#60)
[20:54:56.065728] wl_surface#118.enter(wl_output#28)
[20:54:56.065730] wl_surface#118.preferred_buffer_scale(1)
[20:54:56.069665] {Display Queue} wl_display#1.delete_id(139)
[20:54:56.069668] {Display Queue} wl_display#1.delete_id(140)
[20:54:56.069669] {Default Queue} wl_callback#139.done(28819184)
[20:54:56.069672] {Default Queue} wp_presentation_feedback#140.sync_output(wl_output#60)
[20:54:56.069673] {Default Queue} wp_presentation_feedback#140.sync_output(wl_output#28)
[20:54:56.069674] {Default Queue} wp_presentation_feedback#140.presented(0, 28819, 184553641, 0, 0, 0, 0)
[20:54:56.069713] {Default Queue}  -> wl_shm#5.create_pool(new id wl_shm_pool#140, fd 18, 92160)
[20:54:56.069716] {Default Queue}  -> wl_shm_pool#140.create_buffer(new id wl_buffer#139, 0, 320, 72, 1280, 0)
[20:54:56.069780]  -> wl_surface#118.attach(wl_buffer#139, 0, 0)
[20:54:56.069782]  -> wl_surface#118.damage_buffer(0, 0, 320, 72)
[20:54:56.069783]  -> wl_surface#118.frame(new id wl_callback#138)
[20:54:56.069784] {Default Queue}  -> wp_presentation#20.feedback(wl_surface#118, new id wp_presentation_feedback#137)
[20:54:56.069785]  -> wl_surface#118.commit()
[20:54:56.069823] {Default Queue} wl_buffer#136.release()
[20:54:56.076778]  -> wl_surface#62.commit()
[20:54:56.078764]  -> wl_surface#68.commit()
[20:54:56.078776]  -> wl_surface#95.commit()
[20:54:56.078782]  -> wl_surface#114.commit()
[20:54:56.086006] {Display Queue} wl_display#1.delete_id(138)
[20:54:56.086014] {Display Queue} wl_display#1.delete_id(137)
[20:54:56.086016] {Default Queue} wl_callback#138.done(28819200)
[20:54:56.086026] {Default Queue} wp_presentation_feedback#137.sync_output(wl_output#60)
[20:54:56.086028] {Default Queue} wp_presentation_feedback#137.sync_output(wl_output#28)
[20:54:56.086029] {Default Queue} wp_presentation_feedback#137.presented(0, 28819, 200870376, 0, 0, 0, 0)
[20:54:57.028899] {Default Queue}  -> wl_buffer#131.destroy()
[20:54:57.028905] {Default Queue}  -> wl_shm_pool#130.destroy()
[20:54:57.028963] {Default Queue}  -> wl_shm#5.create_pool(new id wl_shm_pool#137, fd 18, 704)
[20:54:57.028972] {Default Queue}  -> wl_shm_pool#137.create_buffer(new id wl_buffer#138, 0, 88, 2, 352, 0)
[20:54:57.029029] {Default Queue}  -> zwlr_layer_surface_v1#115.set_size(88, 2)
[20:54:57.029031] {Default Queue}  -> wp_viewport#120.set_destination(88, 2)
[20:54:57.029033]  -> wl_surface#114.attach(wl_buffer#138, 0, 0)
[20:54:57.029034]  -> wl_surface#114.damage_buffer(0, 0, 88, 2)
[20:54:57.029036]  -> wl_surface#114.frame(new id wl_callback#134)
[20:54:57.029038] {Default Queue}  -> wp_presentation#20.feedback(wl_surface#114, new id wp_presentation_feedback#141)
[20:54:57.029040]  -> wl_surface#114.commit()
[20:54:57.029354] {Display Queue} wl_display#1.delete_id(131)
[20:54:57.029358] {Display Queue} wl_display#1.delete_id(130)
[20:54:57.029358] {Display Queue} wl_display#1.delete_id(134)
[20:54:57.029359] {Display Queue} wl_display#1.delete_id(141)
[20:54:57.029360] {Default Queue} wl_buffer#129.release()
[20:54:57.029362] {Default Queue}  -> wl_buffer#129.destroy()
[20:54:57.029363] {Default Queue}  -> wl_shm_pool#108.destroy()
[20:54:57.029367] {Default Queue} zwlr_layer_surface_v1#72.configure(161, 1280, 64)
[20:54:57.029373] {Default Queue}  -> zwlr_layer_surface_v1#72.ack_configure(161)
[20:54:57.029373] {Default Queue} zwlr_layer_surface_v1#98.configure(162, 1280, 8)
[20:54:57.029376] {Default Queue}  -> zwlr_layer_surface_v1#98.ack_configure(162)
[20:54:57.029377] {Default Queue} zwlr_layer_surface_v1#66.configure(163, 1280, 720)
[20:54:57.029379] {Default Queue}  -> zwlr_layer_surface_v1#66.ack_configure(163)
[20:54:57.029379] {Default Queue} zwlr_layer_surface_v1#115.configure(164, 88, 2)
[20:54:57.029381] {Default Queue}  -> zwlr_layer_surface_v1#115.ack_configure(164)
[20:54:57.029382] {Default Queue} zwlr_layer_surface_v1#133.configure(165, 320, 72)
[20:54:57.029384] {Default Queue}  -> zwlr_layer_surface_v1#133.ack_configure(165)
[20:54:57.029385] {Default Queue} wl_callback#134.done(28820144)
[20:54:57.029388] {Default Queue} wp_presentation_feedback#141.sync_output(wl_output#60)
[20:54:57.029390] {Default Queue} wp_presentation_feedback#141.sync_output(wl_output#28)
[20:54:57.029391] {Default Queue} wp_presentation_feedback#141.presented(0, 28820, 144182692, 0, 0, 0, 0)
[20:54:57.029403]  -> wl_surface#68.commit()
[20:54:57.029417]  -> wl_surface#95.commit()
[20:54:57.029424]  -> wl_surface#62.commit()
[20:54:57.029429]  -> wl_surface#118.commit()
[20:54:57.029433]  -> wl_surface#114.commit()
[20:54:57.565115] {Default Queue}  -> zwlr_layer_surface_v1#133.destroy()
[20:54:57.565123]  -> wl_surface#118.attach(nil, 0, 0)
[20:54:57.565125]  -> wl_surface#118.commit()
[20:54:57.565158] {Default Queue}  -> wl_buffer#136.destroy()
[20:54:57.565159] {Default Queue}  -> wl_shm_pool#135.destroy()
[20:54:57.565179] {Default Queue}  -> wp_viewport#126.destroy()
[20:54:57.565181] {Default Queue}  -> wp_fractional_scale_v1#132.destroy()
[20:54:57.565181]  -> wl_surface#118.destroy()
[20:54:57.565191] {Default Queue}  -> xdg_toplevel_icon_v1#88.destroy()
[20:54:57.565474] {Display Queue} wl_display#1.delete_id(129)
[20:54:57.565477] {Display Queue} wl_display#1.delete_id(108)
[20:54:57.565477] {Display Queue} wl_display#1.delete_id(133)
[20:54:57.565478] {Display Queue} wl_display#1.delete_id(136)
[20:54:57.565478] {Display Queue} wl_display#1.delete_id(135)
[20:54:57.565479] {Display Queue} wl_display#1.delete_id(126)
[20:54:57.565480] {Display Queue} wl_display#1.delete_id(132)
[20:54:57.565480] {Display Queue} wl_display#1.delete_id(118)
[20:54:57.565481] {Display Queue} wl_display#1.delete_id(88)
[20:54:57.565481] {Default Queue} zwlr_layer_surface_v1#72.configure(166, 1280, 64)
[20:54:57.565487] {Default Queue}  -> zwlr_layer_surface_v1#72.ack_configure(166)
[20:54:57.565488] {Default Queue} zwlr_layer_surface_v1#98.configure(167, 1280, 8)
[20:54:57.565490] {Default Queue}  -> zwlr_layer_surface_v1#98.ack_configure(167)
[20:54:57.565491] {Default Queue} zwlr_layer_surface_v1#66.configure(168, 1280, 720)
[20:54:57.565493] {Default Queue}  -> zwlr_layer_surface_v1#66.ack_configure(168)
[20:54:57.565493] {Default Queue} zwlr_layer_surface_v1#115.configure(169, 88, 2)
[20:54:57.565496] {Default Queue}  -> zwlr_layer_surface_v1#115.ack_configure(169)
[20:54:57.565496] {Default Queue} wl_buffer#139.release()
[20:54:57.565498] {Default Queue}  -> wl_buffer#139.destroy()
[20:54:57.565499] {Default Queue}  -> wl_shm_pool#140.destroy()
[20:54:57.565515]  -> wl_surface#68.commit()
[20:54:57.565527]  -> wl_surface#95.commit()
[20:54:57.565533]  -> wl_surface#62.commit()
[20:54:57.565538]  -> wl_surface#114.commit()
[20:54:57.592607] {Default Queue}  -> wl_compositor#4.create_surface(new id wl_surface#88)
[20:54:57.592614] {Default Queue}  -> wp_fractional_scale_manager_v1#11.get_fractional_scale(new id wp_fractional_scale_v1#118, wl_surface#88)
[20:54:57.592617] {Default Queue}  -> wp_viewporter#10.get_viewport(new id wp_viewport#132, wl_surface#88)
[20:54:57.592641] {Default Queue}  -> xdg_toplevel_icon_manager_v1#9.create_icon(new id xdg_toplevel_icon_v1#126)
[20:54:57.592654] {Default Queue}  -> zwlr_layer_shell_v1#46.get_layer_surface(new id zwlr_layer_surface_v1#135, wl_surface#88, wl_output#28, 3, "pearl:popup")
[20:54:57.592657] {Default Queue}  -> zwlr_layer_surface_v1#135.set_keyboard_interactivity(1)
[20:54:57.592658] {Default Queue}  -> zwlr_layer_surface_v1#135.set_exclusive_zone(0)
[20:54:57.592659] {Default Queue}  -> zwlr_layer_surface_v1#135.set_anchor(15)
[20:54:57.592660] {Default Queue}  -> zwlr_layer_surface_v1#135.set_margin(0, 0, 0, 0)
[20:54:57.592661] {Default Queue}  -> zwlr_layer_surface_v1#135.set_size(0, 0)
[20:54:57.592665]  -> wl_surface#88.commit()
[20:54:57.592778] {Default Queue}  -> zwp_text_input_v3#113.set_surrounding_text("", 0, 0)
[20:54:57.592780] {Default Queue}  -> zwp_text_input_v3#113.set_text_change_cause(1)
[20:54:57.592781] {Default Queue}  -> zwp_text_input_v3#113.set_content_type(0, 0)
[20:54:57.592793] {Default Queue}  -> zwp_text_input_v3#113.set_cursor_rectangle(0, 0, 0, 0)
[20:54:57.592794] {Default Queue}  -> zwp_text_input_v3#113.commit()
[20:54:57.592796] {Default Queue}  -> xdg_activation_v1#15.get_activation_token(new id xdg_activation_token_v1#136)
[20:54:57.592798]  -> xdg_activation_token_v1#136.set_serial(71, wl_seat#3)
[20:54:57.592800]  -> xdg_activation_token_v1#136.commit()
[20:54:57.592965] {Display Queue} wl_display#1.delete_id(139)
[20:54:57.592970] {Display Queue} wl_display#1.delete_id(140)
[20:54:57.592981] xdg_activation_token_v1#136.done("0e2250cbc2e0a5d34d15576399529c77")
[20:54:57.592983]  -> xdg_activation_token_v1#136.destroy()
[20:54:57.592984] {Default Queue}  -> xdg_activation_v1#15.activate("0e2250cbc2e0a5d34d15576399529c77", wl_surface#88)
info: event=popup-opened output=1
[20:54:57.593003] {Default Queue} zwlr_layer_surface_v1#72.configure(170, 1280, 64)
[20:54:57.593008] {Default Queue}  -> zwlr_layer_surface_v1#72.ack_configure(170)
[20:54:57.593009] {Default Queue} zwlr_layer_surface_v1#98.configure(171, 1280, 8)
[20:54:57.593011] {Default Queue}  -> zwlr_layer_surface_v1#98.ack_configure(171)
[20:54:57.593012] {Default Queue} zwlr_layer_surface_v1#66.configure(172, 1280, 720)
[20:54:57.593014] {Default Queue}  -> zwlr_layer_surface_v1#66.ack_configure(172)
[20:54:57.593014] {Default Queue} zwlr_layer_surface_v1#115.configure(173, 88, 2)
[20:54:57.593016] {Default Queue}  -> zwlr_layer_surface_v1#115.ack_configure(173)
[20:54:57.593017] {Default Queue} zwlr_layer_surface_v1#135.configure(174, 1280, 648)
[20:54:57.593021] {Default Queue}  -> zwlr_layer_surface_v1#135.ack_configure(174)
[20:54:57.593048]  -> wl_surface#68.commit()
[20:54:57.593057]  -> wl_surface#95.commit()
[20:54:57.593061]  -> wl_surface#62.commit()
[20:54:57.593065]  -> wl_surface#114.commit()
[20:54:57.593640] {Default Queue}  -> wl_shm#5.create_pool(new id wl_shm_pool#140, fd 18, 3317760)
[20:54:57.593646] {Default Queue}  -> wl_shm_pool#140.create_buffer(new id wl_buffer#139, 0, 1280, 648, 5120, 0)
[20:54:57.594304] {Default Queue}  -> wl_compositor#4.create_region(new id wl_region#133)
[20:54:57.594306] {Default Queue}  -> wl_region#133.add(344, 24, 592, 600)
[20:54:57.594307]  -> wl_surface#88.set_opaque_region(wl_region#133)
[20:54:57.594308] {Default Queue}  -> wl_region#133.destroy()
[20:54:57.594309] {Default Queue}  -> wp_viewport#132.set_destination(1280, 648)
[20:54:57.594311]  -> wl_surface#88.attach(wl_buffer#139, 0, 0)
[20:54:57.594312]  -> wl_surface#88.damage_buffer(0, 0, 1280, 648)
[20:54:57.594313]  -> wl_surface#88.frame(new id wl_callback#108)
[20:54:57.594315] {Default Queue}  -> wp_presentation#20.feedback(wl_surface#88, new id wp_presentation_feedback#129)
[20:54:57.594316]  -> wl_surface#88.commit()
info: event=launcher-results count=114 shown=114 publish_us=3802
[20:54:57.596844] {Display Queue} wl_display#1.delete_id(136)
[20:54:57.596847] {Display Queue} wl_display#1.delete_id(133)
[20:54:57.596848] {Default Queue} zwlr_layer_surface_v1#72.configure(175, 1280, 64)
[20:54:57.596854] {Default Queue}  -> zwlr_layer_surface_v1#72.ack_configure(175)
[20:54:57.596855] {Default Queue} zwlr_layer_surface_v1#98.configure(176, 1280, 8)
[20:54:57.596857] {Default Queue}  -> zwlr_layer_surface_v1#98.ack_configure(176)
[20:54:57.596858] {Default Queue} zwlr_layer_surface_v1#66.configure(177, 1280, 720)
[20:54:57.596860] {Default Queue}  -> zwlr_layer_surface_v1#66.ack_configure(177)
[20:54:57.596860] {Default Queue} zwlr_layer_surface_v1#115.configure(178, 88, 2)
[20:54:57.596862] {Default Queue}  -> zwlr_layer_surface_v1#115.ack_configure(178)
[20:54:57.596863] {Default Queue} zwlr_layer_surface_v1#135.configure(179, 1280, 648)
[20:54:57.596864] {Default Queue}  -> zwlr_layer_surface_v1#135.ack_configure(179)
[20:54:57.596865] {Default Queue} wp_fractional_scale_v1#118.preferred_scale(120)
[20:54:57.596866] {Default Queue} wl_data_device#35.selection(nil)
[20:54:57.596870] {Default Queue} zwp_primary_selection_device_v1#34.selection(nil)
[20:54:57.596872] {Default Queue} wl_pointer#119.enter(185, wl_surface#88, 640.00000000, 588.00000000)
[20:54:57.596876] {Default Queue}  -> wp_cursor_shape_device_v1#125.set_shape(185, 1)
[20:54:57.596877] {Default Queue} wl_pointer#119.frame()
[20:54:57.596881] wl_surface#88.enter(wl_output#60)
[20:54:57.596906] wl_surface#88.enter(wl_output#28)
[20:54:57.596919] wl_surface#88.preferred_buffer_scale(1)
info: event=launcher-results count=114 shown=114 publish_us=4710
[20:54:57.602164] {Display Queue} wl_display#1.delete_id(108)
[20:54:57.602169] {Display Queue} wl_display#1.delete_id(129)
[20:54:57.602170] {Default Queue} wl_callback#108.done(28820712)
[20:54:57.602176] {Default Queue} wp_presentation_feedback#129.sync_output(wl_output#60)
[20:54:57.602177] {Default Queue} wp_presentation_feedback#129.sync_output(wl_output#28)
[20:54:57.602178] {Default Queue} wp_presentation_feedback#129.presented(0, 28820, 712638573, 0, 0, 0, 0)
[20:54:57.612639] {Default Queue}  -> wl_shm#5.create_pool(new id wl_shm_pool#129, fd 18, 3317760)
[20:54:57.612646] {Default Queue}  -> wl_shm_pool#129.create_buffer(new id wl_buffer#108, 0, 1280, 648, 5120, 0)
[20:54:57.613519]  -> wl_surface#88.attach(wl_buffer#108, 0, 0)
[20:54:57.613524]  -> wl_surface#88.damage_buffer(0, 0, 1280, 648)
[20:54:57.613526]  -> wl_surface#88.frame(new id wl_callback#133)
[20:54:57.613528] {Default Queue}  -> wp_presentation#20.feedback(wl_surface#88, new id wp_presentation_feedback#136)
[20:54:57.613530]  -> wl_surface#88.commit()
info: event=launcher-painted latency_us=16118
[20:54:57.613616] {Default Queue} wl_buffer#139.release()
[20:54:57.613852] {Default Queue}  -> wl_compositor#4.create_region(new id wl_region#141)
[20:54:57.613855] {Default Queue}  -> wl_region#141.add(18, 4, 506, 56)
[20:54:57.613857]  -> wl_surface#68.set_opaque_region(wl_region#141)
[20:54:57.613858] {Default Queue}  -> wl_region#141.destroy()
[20:54:57.613859]  -> wl_surface#68.attach(wl_buffer#91, 0, 0)
[20:54:57.613860]  -> wl_surface#68.damage_buffer(0, 0, 1280, 64)
[20:54:57.613861]  -> wl_surface#68.frame(new id wl_callback#134)
[20:54:57.613862] {Default Queue}  -> wp_presentation#20.feedback(wl_surface#68, new id wp_presentation_feedback#130)
[20:54:57.613864]  -> wl_surface#68.commit()
[20:54:57.613900]  -> wl_surface#95.commit()
[20:54:57.613906]  -> wl_surface#62.commit()
[20:54:57.613928] {Default Queue}  -> wl_shm#5.create_pool(new id wl_shm_pool#131, fd 18, 704)
[20:54:57.613930] {Default Queue}  -> wl_shm_pool#131.create_buffer(new id wl_buffer#142, 0, 88, 2, 352, 0)
[20:54:57.613940]  -> wl_surface#114.attach(wl_buffer#142, 0, 0)
[20:54:57.613942]  -> wl_surface#114.damage_buffer(0, 0, 88, 2)
[20:54:57.613943]  -> wl_surface#114.frame(new id wl_callback#143)
[20:54:57.613943] {Default Queue}  -> wp_presentation#20.feedback(wl_surface#114, new id wp_presentation_feedback#144)
[20:54:57.613944]  -> wl_surface#114.commit()
[20:54:57.614056] {Display Queue} wl_display#1.delete_id(133)
[20:54:57.614058] {Display Queue} wl_display#1.delete_id(136)
[20:54:57.614059] {Default Queue} wl_callback#133.done(28820728)
[20:54:57.614063] {Default Queue} wp_presentation_feedback#136.sync_output(wl_output#60)
[20:54:57.614064] {Default Queue} wp_presentation_feedback#136.sync_output(wl_output#28)
[20:54:57.614065] {Default Queue} wp_presentation_feedback#136.presented(0, 28820, 728945999, 0, 0, 0, 0)
[20:54:57.614596]  -> wl_surface#88.attach(wl_buffer#139, 0, 0)
[20:54:57.614599]  -> wl_surface#88.damage_buffer(0, 0, 1280, 648)
[20:54:57.614600]  -> wl_surface#88.frame(new id wl_callback#136)
[20:54:57.614601] {Default Queue}  -> wp_presentation#20.feedback(wl_surface#88, new id wp_presentation_feedback#133)
[20:54:57.614602]  -> wl_surface#88.commit()
[20:54:57.614614] {Display Queue} wl_display#1.delete_id(141)
[20:54:57.614615] {Default Queue} wl_buffer#109.release()
[20:54:57.614616] {Default Queue} wl_buffer#138.release()
[20:54:57.614619] {Default Queue} wl_buffer#108.release()
[20:54:57.630480] {Display Queue} wl_display#1.delete_id(134)
[20:54:57.630487] {Display Queue} wl_display#1.delete_id(143)
[20:54:57.630488] {Display Queue} wl_display#1.delete_id(136)
[20:54:57.630489] {Display Queue} wl_display#1.delete_id(130)
[20:54:57.630489] {Display Queue} wl_display#1.delete_id(144)
[20:54:57.630490] {Display Queue} wl_display#1.delete_id(133)
[20:54:57.630491] {Default Queue} wl_callback#134.done(28820745)
[20:54:57.630500] {Default Queue} wl_callback#143.done(28820745)
[20:54:57.630502] {Default Queue} wl_callback#136.done(28820745)
[20:54:57.630505] {Default Queue} wp_presentation_feedback#130.sync_output(wl_output#60)
[20:54:57.630507] {Default Queue} wp_presentation_feedback#130.sync_output(wl_output#28)
[20:54:57.630507] {Default Queue} wp_presentation_feedback#130.presented(0, 28820, 745340745, 0, 0, 0, 0)
[20:54:57.630510] {Default Queue} wp_presentation_feedback#144.sync_output(wl_output#60)
[20:54:57.630511] {Default Queue} wp_presentation_feedback#144.sync_output(wl_output#28)
[20:54:57.630511] {Default Queue} wp_presentation_feedback#144.presented(0, 28820, 745340745, 0, 0, 0, 0)
[20:54:57.630514] {Default Queue} wp_presentation_feedback#133.sync_output(wl_output#60)
[20:54:57.630514] {Default Queue} wp_presentation_feedback#133.sync_output(wl_output#28)
[20:54:57.630515] {Default Queue} wp_presentation_feedback#133.presented(0, 28820, 745340745, 0, 0, 0, 0)
[20:54:57.631229]  -> wl_surface#88.attach(wl_buffer#108, 0, 0)
[20:54:57.631233]  -> wl_surface#88.damage_buffer(0, 0, 1280, 648)
[20:54:57.631234]  -> wl_surface#88.frame(new id wl_callback#133)
[20:54:57.631236] {Default Queue}  -> wp_presentation#20.feedback(wl_surface#88, new id wp_presentation_feedback#144)
[20:54:57.631238]  -> wl_surface#88.commit()
[20:54:57.631444] {Default Queue}  -> wl_compositor#4.create_region(new id wl_region#130)
[20:54:57.631446] {Default Queue}  -> wl_region#130.add(19, 4, 504, 1)
[20:54:57.631448] {Default Queue}  -> wl_region#130.add(577, 4, 126, 1)
[20:54:57.631449] {Default Queue}  -> wl_region#130.add(888, 4, 373, 1)
[20:54:57.631449] {Default Queue}  -> wl_region#130.add(17, 5, 508, 1)
[20:54:57.631450] {Default Queue}  -> wl_region#130.add(575, 5, 130, 1)
[20:54:57.631451] {Default Queue}  -> wl_region#130.add(886, 5, 377, 1)
[20:54:57.631451] {Default Queue}  -> wl_region#130.add(16, 6, 510, 1)
[20:54:57.631452] {Default Queue}  -> wl_region#130.add(574, 6, 132, 1)
[20:54:57.631452] {Default Queue}  -> wl_region#130.add(885, 6, 379, 1)
[20:54:57.631453] {Default Queue}  -> wl_region#130.add(15, 7, 512, 1)
[20:54:57.631454] {Default Queue}  -> wl_region#130.add(573, 7, 134, 1)
[20:54:57.631454] {Default Queue}  -> wl_region#130.add(884, 7, 381, 1)
[20:54:57.631455] {Default Queue}  -> wl_region#130.add(14, 8, 514, 1)
[20:54:57.631456] {Default Queue}  -> wl_region#130.add(572, 8, 136, 1)
[20:54:57.631456] {Default Queue}  -> wl_region#130.add(883, 8, 383, 1)
[20:54:57.631457] {Default Queue}  -> wl_region#130.add(13, 9, 516, 1)
[20:54:57.631458] {Default Queue}  -> wl_region#130.add(571, 9, 138, 1)
[20:54:57.631458] {Default Queue}  -> wl_region#130.add(882, 9, 385, 1)
[20:54:57.631459] {Default Queue}  -> wl_region#130.add(12, 10, 518, 2)
[20:54:57.631460] {Default Queue}  -> wl_region#130.add(570, 10, 140, 2)
[20:54:57.631460] {Default Queue}  -> wl_region#130.add(881, 10, 387, 2)
[20:54:57.631461] {Default Queue}  -> wl_region#130.add(11, 12, 520, 5)
[20:54:57.631461] {Default Queue}  -> wl_region#130.add(569, 12, 142, 5)
[20:54:57.631462] {Default Queue}  -> wl_region#130.add(880, 12, 389, 5)
[20:54:57.631463] {Default Queue}  -> wl_region#130.add(10, 17, 522, 30)
[20:54:57.631463] {Default Queue}  -> wl_region#130.add(568, 17, 144, 30)
[20:54:57.631464] {Default Queue}  -> wl_region#130.add(879, 17, 391, 30)
[20:54:57.631465] {Default Queue}  -> wl_region#130.add(11, 47, 520, 5)
[20:54:57.631465] {Default Queue}  -> wl_region#130.add(569, 47, 142, 5)
[20:54:57.631466] {Default Queue}  -> wl_region#130.add(880, 47, 389, 5)
[20:54:57.631467] {Default Queue}  -> wl_region#130.add(12, 52, 518, 2)
[20:54:57.631467] {Default Queue}  -> wl_region#130.add(570, 52, 140, 2)
[20:54:57.631468] {Default Queue}  -> wl_region#130.add(881, 52, 387, 2)
[20:54:57.631468] {Default Queue}  -> wl_region#130.add(13, 54, 516, 1)
[20:54:57.631469] {Default Queue}  -> wl_region#130.add(571, 54, 138, 1)
[20:54:57.631470] {Default Queue}  -> wl_region#130.add(882, 54, 385, 1)
[20:54:57.631470] {Default Queue}  -> wl_region#130.add(14, 55, 514, 1)
[20:54:57.631471] {Default Queue}  -> wl_region#130.add(572, 55, 136, 1)
[20:54:57.631472] {Default Queue}  -> wl_region#130.add(883, 55, 383, 1)
[20:54:57.631472] {Default Queue}  -> wl_region#130.add(15, 56, 512, 1)
[20:54:57.631473] {Default Queue}  -> wl_region#130.add(573, 56, 134, 1)
[20:54:57.631473] {Default Queue}  -> wl_region#130.add(884, 56, 381, 1)
[20:54:57.631474] {Default Queue}  -> wl_region#130.add(16, 57, 510, 1)
[20:54:57.631475] {Default Queue}  -> wl_region#130.add(574, 57, 132, 1)
[20:54:57.631475] {Default Queue}  -> wl_region#130.add(885, 57, 379, 1)
[20:54:57.631476] {Default Queue}  -> wl_region#130.add(17, 58, 508, 1)
[20:54:57.631477] {Default Queue}  -> wl_region#130.add(575, 58, 130, 1)
[20:54:57.631477] {Default Queue}  -> wl_region#130.add(886, 58, 377, 1)
[20:54:57.631478] {Default Queue}  -> wl_region#130.add(19, 59, 504, 1)
[20:54:57.631479] {Default Queue}  -> wl_region#130.add(577, 59, 126, 1)
[20:54:57.631479] {Default Queue}  -> wl_region#130.add(888, 59, 373, 1)
[20:54:57.631480]  -> wl_surface#68.set_input_region(wl_region#130)
[20:54:57.631481] {Default Queue}  -> wl_region#130.destroy()
[20:54:57.631482]  -> wl_surface#68.attach(wl_buffer#109, 0, 0)
[20:54:57.631483]  -> wl_surface#68.damage_buffer(0, 0, 1280, 64)
[20:54:57.631484]  -> wl_surface#68.frame(new id wl_callback#136)
[20:54:57.631485] {Default Queue}  -> wp_presentation#20.feedback(wl_surface#68, new id wp_presentation_feedback#143)
[20:54:57.631485]  -> wl_surface#68.commit()
[20:54:57.631499] {Default Queue} wl_buffer#139.release()
[20:54:57.631528] {Display Queue} wl_display#1.delete_id(130)
[20:54:57.631529] {Default Queue} wl_buffer#91.release()
[20:54:57.646755] {Display Queue} wl_display#1.delete_id(136)
[20:54:57.646761] {Display Queue} wl_display#1.delete_id(133)
[20:54:57.646763] {Display Queue} wl_display#1.delete_id(143)
[20:54:57.646763] {Display Queue} wl_display#1.delete_id(144)
[20:54:57.646764] {Default Queue} wl_callback#136.done(28820761)
[20:54:57.646770] {Default Queue} wl_callback#133.done(28820761)
[20:54:57.646775] {Default Queue} wp_presentation_feedback#143.sync_output(wl_output#60)
[20:54:57.646776] {Default Queue} wp_presentation_feedback#143.sync_output(wl_output#28)
[20:54:57.646777] {Default Queue} wp_presentation_feedback#143.presented(0, 28820, 761625130, 0, 0, 0, 0)
[20:54:57.646779] {Default Queue} wp_presentation_feedback#144.sync_output(wl_output#60)
[20:54:57.646780] {Default Queue} wp_presentation_feedback#144.sync_output(wl_output#28)
[20:54:57.646781] {Default Queue} wp_presentation_feedback#144.presented(0, 28820, 761625130, 0, 0, 0, 0)
[20:54:57.647525]  -> wl_surface#88.attach(wl_buffer#139, 0, 0)
[20:54:57.647529]  -> wl_surface#88.damage_buffer(0, 0, 1280, 648)
[20:54:57.647531]  -> wl_surface#88.frame(new id wl_callback#144)
[20:54:57.647533] {Default Queue}  -> wp_presentation#20.feedback(wl_surface#88, new id wp_presentation_feedback#143)
[20:54:57.647535]  -> wl_surface#88.commit()
[20:54:57.647584] {Default Queue} wl_buffer#108.release()
[20:54:57.663056] {Display Queue} wl_display#1.delete_id(144)
[20:54:57.663065] {Display Queue} wl_display#1.delete_id(143)
[20:54:57.663067] {Default Queue} wl_callback#144.done(28820777)
[20:54:57.663077] {Default Queue} wp_presentation_feedback#143.sync_output(wl_output#60)
[20:54:57.663079] {Default Queue} wp_presentation_feedback#143.sync_output(wl_output#28)
[20:54:57.663080] {Default Queue} wp_presentation_feedback#143.presented(0, 28820, 777919475, 0, 0, 0, 0)
[20:54:57.663940]  -> wl_surface#88.attach(wl_buffer#108, 0, 0)
[20:54:57.663945]  -> wl_surface#88.damage_buffer(0, 0, 1280, 648)
[20:54:57.663947]  -> wl_surface#88.frame(new id wl_callback#143)
[20:54:57.663949] {Default Queue}  -> wp_presentation#20.feedback(wl_surface#88, new id wp_presentation_feedback#144)
[20:54:57.663952]  -> wl_surface#88.commit()
[20:54:57.664011] {Default Queue} wl_buffer#139.release()
[20:54:57.679283] {Display Queue} wl_display#1.delete_id(143)
[20:54:57.679287] {Display Queue} wl_display#1.delete_id(144)
[20:54:57.679288] {Default Queue} wl_callback#143.done(28820794)
[20:54:57.679294] {Default Queue} wp_presentation_feedback#144.sync_output(wl_output#60)
[20:54:57.679296] {Default Queue} wp_presentation_feedback#144.sync_output(wl_output#28)
[20:54:57.679296] {Default Queue} wp_presentation_feedback#144.presented(0, 28820, 794164560, 0, 0, 0, 0)
[20:54:57.679989]  -> wl_surface#88.attach(wl_buffer#139, 0, 0)
[20:54:57.679993]  -> wl_surface#88.damage_buffer(0, 0, 1280, 648)
[20:54:57.679994]  -> wl_surface#88.frame(new id wl_callback#144)
[20:54:57.679996] {Default Queue}  -> wp_presentation#20.feedback(wl_surface#88, new id wp_presentation_feedback#143)
[20:54:57.679997]  -> wl_surface#88.commit()
[20:54:57.680039] {Default Queue} wl_buffer#108.release()
[20:54:57.695598] {Display Queue} wl_display#1.delete_id(144)
[20:54:57.695606] {Display Queue} wl_display#1.delete_id(143)
[20:54:57.695607] {Default Queue} wl_callback#144.done(28820810)
[20:54:57.695617] {Default Queue} wp_presentation_feedback#143.sync_output(wl_output#60)
[20:54:57.695619] {Default Queue} wp_presentation_feedback#143.sync_output(wl_output#28)
[20:54:57.695619] {Default Queue} wp_presentation_feedback#143.presented(0, 28820, 810466086, 0, 0, 0, 0)
[20:54:57.696376]  -> wl_surface#88.attach(wl_buffer#108, 0, 0)
[20:54:57.696380]  -> wl_surface#88.damage_buffer(0, 0, 1280, 648)
[20:54:57.696381]  -> wl_surface#88.frame(new id wl_callback#143)
[20:54:57.696383] {Default Queue}  -> wp_presentation#20.feedback(wl_surface#88, new id wp_presentation_feedback#144)
[20:54:57.696385]  -> wl_surface#88.commit()
[20:54:57.696442] {Default Queue} wl_buffer#139.release()
[20:54:57.711863] {Display Queue} wl_display#1.delete_id(143)
[20:54:57.711867] {Display Queue} wl_display#1.delete_id(144)
[20:54:57.711867] {Default Queue} wl_callback#143.done(28820826)
[20:54:57.711872] {Default Queue} wp_presentation_feedback#144.sync_output(wl_output#60)
[20:54:57.711873] {Default Queue} wp_presentation_feedback#144.sync_output(wl_output#28)
[20:54:57.711874] {Default Queue} wp_presentation_feedback#144.presented(0, 28820, 826742181, 0, 0, 0, 0)
[20:54:57.712579]  -> wl_surface#88.attach(wl_buffer#139, 0, 0)
[20:54:57.712583]  -> wl_surface#88.damage_buffer(0, 0, 1280, 648)
[20:54:57.712585]  -> wl_surface#88.frame(new id wl_callback#144)
[20:54:57.712586] {Default Queue}  -> wp_presentation#20.feedback(wl_surface#88, new id wp_presentation_feedback#143)
[20:54:57.712588]  -> wl_surface#88.commit()
[20:54:57.712646] {Default Queue} wl_buffer#108.release()
[20:54:57.728160] {Display Queue} wl_display#1.delete_id(144)
[20:54:57.728167] {Display Queue} wl_display#1.delete_id(143)
[20:54:57.728168] {Default Queue} wl_callback#144.done(28820843)
[20:54:57.728178] {Default Queue} wp_presentation_feedback#143.sync_output(wl_output#60)
[20:54:57.728179] {Default Queue} wp_presentation_feedback#143.sync_output(wl_output#28)
[20:54:57.728180] {Default Queue} wp_presentation_feedback#143.presented(0, 28820, 843030636, 0, 0, 0, 0)
[20:54:57.728885]  -> wl_surface#88.attach(wl_buffer#108, 0, 0)
[20:54:57.728889]  -> wl_surface#88.damage_buffer(0, 0, 1280, 648)
[20:54:57.728890]  -> wl_surface#88.frame(new id wl_callback#143)
[20:54:57.728893] {Default Queue}  -> wp_presentation#20.feedback(wl_surface#88, new id wp_presentation_feedback#144)
[20:54:57.728894]  -> wl_surface#88.commit()
[20:54:57.728944] {Default Queue} wl_buffer#139.release()
[20:54:57.744547] {Display Queue} wl_display#1.delete_id(143)
[20:54:57.744556] {Display Queue} wl_display#1.delete_id(144)
[20:54:57.744557] {Default Queue} wl_callback#143.done(28820859)
[20:54:57.744567] {Default Queue} wp_presentation_feedback#144.sync_output(wl_output#60)
[20:54:57.744569] {Default Queue} wp_presentation_feedback#144.sync_output(wl_output#28)
[20:54:57.744570] {Default Queue} wp_presentation_feedback#144.presented(0, 28820, 859411842, 0, 0, 0, 0)
[20:54:57.744581] {Default Queue} wl_pointer#119.leave(186, wl_surface#88)
[20:54:57.744587] {Default Queue} wl_pointer#119.frame()
[20:54:57.745375]  -> wl_surface#88.attach(wl_buffer#139, 0, 0)
[20:54:57.745380]  -> wl_surface#88.damage_buffer(0, 0, 1280, 648)
[20:54:57.745382]  -> wl_surface#88.frame(new id wl_callback#144)
[20:54:57.745384] {Default Queue}  -> wp_presentation#20.feedback(wl_surface#88, new id wp_presentation_feedback#143)
[20:54:57.745385]  -> wl_surface#88.commit()
[20:54:57.745406] {Default Queue} wl_pointer#119.enter(187, wl_surface#88, 25.00000000, 85.00000000)
[20:54:57.745410] {Default Queue}  -> wp_cursor_shape_device_v1#125.set_shape(187, 1)
[20:54:57.745412] {Default Queue} wl_pointer#119.frame()
[20:54:57.745415] {Default Queue} wl_pointer#119.frame()
[20:54:57.745458] {Default Queue} wl_buffer#108.release()
[20:54:57.760733] {Display Queue} wl_display#1.delete_id(144)
[20:54:57.760737] {Display Queue} wl_display#1.delete_id(143)
[20:54:57.760739] {Default Queue} wl_callback#144.done(28820875)
[20:54:57.760745] {Default Queue} wp_presentation_feedback#143.sync_output(wl_output#60)
[20:54:57.760747] {Default Queue} wp_presentation_feedback#143.sync_output(wl_output#28)
[20:54:57.760747] {Default Queue} wp_presentation_feedback#143.presented(0, 28820, 875615047, 0, 0, 0, 0)
[20:54:57.761413]  -> wl_surface#88.attach(wl_buffer#108, 0, 0)
[20:54:57.761416]  -> wl_surface#88.damage_buffer(0, 0, 1280, 648)
[20:54:57.761418]  -> wl_surface#88.frame(new id wl_callback#143)
[20:54:57.761420] {Default Queue}  -> wp_presentation#20.feedback(wl_surface#88, new id wp_presentation_feedback#144)
[20:54:57.761421]  -> wl_surface#88.commit()
[20:54:57.761464] {Default Queue} wl_buffer#139.release()
[20:54:57.777087] {Display Queue} wl_display#1.delete_id(143)
[20:54:57.777095] {Display Queue} wl_display#1.delete_id(144)
[20:54:57.777097] {Default Queue} wl_callback#143.done(28820891)
[20:54:57.777107] {Default Queue} wp_presentation_feedback#144.sync_output(wl_output#60)
[20:54:57.777114] {Default Queue} wp_presentation_feedback#144.sync_output(wl_output#28)
[20:54:57.777115] {Default Queue} wp_presentation_feedback#144.presented(0, 28820, 891951673, 0, 0, 0, 0)
[20:54:57.777896]  -> wl_surface#88.attach(wl_buffer#139, 0, 0)
[20:54:57.777900]  -> wl_surface#88.damage_buffer(0, 0, 1280, 648)
[20:54:57.777902]  -> wl_surface#88.frame(new id wl_callback#144)
[20:54:57.777904] {Default Queue}  -> wp_presentation#20.feedback(wl_surface#88, new id wp_presentation_feedback#143)
[20:54:57.777906]  -> wl_surface#88.commit()
[20:54:57.777966] {Default Queue} wl_buffer#108.release()
[20:54:57.793292] {Display Queue} wl_display#1.delete_id(144)
[20:54:57.793297] {Display Queue} wl_display#1.delete_id(143)
[20:54:57.793298] {Default Queue} wl_callback#144.done(28820908)
[20:54:57.793305] {Default Queue} wp_presentation_feedback#143.sync_output(wl_output#60)
[20:54:57.793306] {Default Queue} wp_presentation_feedback#143.sync_output(wl_output#28)
[20:54:57.793307] {Default Queue} wp_presentation_feedback#143.presented(0, 28820, 908178098, 0, 0, 0, 0)
[20:54:57.793987]  -> wl_surface#88.attach(wl_buffer#108, 0, 0)
[20:54:57.793990]  -> wl_surface#88.damage_buffer(0, 0, 1280, 648)
[20:54:57.793992]  -> wl_surface#88.frame(new id wl_callback#143)
[20:54:57.793994] {Default Queue}  -> wp_presentation#20.feedback(wl_surface#88, new id wp_presentation_feedback#144)
[20:54:57.793996]  -> wl_surface#88.commit()
[20:54:57.794040] {Default Queue} wl_buffer#139.release()
[20:54:57.809628] {Display Queue} wl_display#1.delete_id(143)
[20:54:57.809635] {Display Queue} wl_display#1.delete_id(144)
[20:54:57.809637] {Default Queue} wl_callback#143.done(28820924)
[20:54:57.809647] {Default Queue} wp_presentation_feedback#144.sync_output(wl_output#60)
[20:54:57.809648] {Default Queue} wp_presentation_feedback#144.sync_output(wl_output#28)
[20:54:57.809649] {Default Queue} wp_presentation_feedback#144.presented(0, 28820, 924493513, 0, 0, 0, 0)
[20:54:57.810445]  -> wl_surface#88.attach(wl_buffer#139, 0, 0)
[20:54:57.810449]  -> wl_surface#88.damage_buffer(0, 0, 1280, 648)
[20:54:57.810451]  -> wl_surface#88.frame(new id wl_callback#144)
[20:54:57.810453] {Default Queue}  -> wp_presentation#20.feedback(wl_surface#88, new id wp_presentation_feedback#143)
[20:54:57.810455]  -> wl_surface#88.commit()
[20:54:57.810498] {Default Queue} wl_buffer#108.release()
[20:54:57.826364] {Display Queue} wl_display#1.delete_id(144)
[20:54:57.826371] {Display Queue} wl_display#1.delete_id(143)
[20:54:57.826372] {Default Queue} wl_callback#144.done(28820941)
[20:54:57.826382] {Default Queue} wp_presentation_feedback#143.sync_output(wl_output#60)
[20:54:57.826383] {Default Queue} wp_presentation_feedback#143.sync_output(wl_output#28)
[20:54:57.826384] {Default Queue} wp_presentation_feedback#143.presented(0, 28820, 941229182, 0, 0, 0, 0)
[20:54:57.827463]  -> wl_surface#88.attach(wl_buffer#108, 0, 0)
[20:54:57.827473]  -> wl_surface#88.damage_buffer(0, 0, 1280, 648)
[20:54:57.827475]  -> wl_surface#88.frame(new id wl_callback#143)
[20:54:57.827479] {Default Queue}  -> wp_presentation#20.feedback(wl_surface#88, new id wp_presentation_feedback#144)
[20:54:57.827482]  -> wl_surface#88.commit()
[20:54:57.827567] {Default Queue} wl_buffer#139.release()
[20:54:57.842644] {Display Queue} wl_display#1.delete_id(143)
[20:54:57.842650] {Display Queue} wl_display#1.delete_id(144)
[20:54:57.842651] {Default Queue} wl_callback#143.done(28820957)
[20:54:57.842659] {Default Queue} wp_presentation_feedback#144.sync_output(wl_output#60)
[20:54:57.842661] {Default Queue} wp_presentation_feedback#144.sync_output(wl_output#28)
[20:54:57.842662] {Default Queue} wp_presentation_feedback#144.presented(0, 28820, 957521448, 0, 0, 0, 0)
[20:54:57.843355]  -> wl_surface#88.attach(wl_buffer#139, 0, 0)
[20:54:57.843360]  -> wl_surface#88.damage_buffer(0, 0, 1280, 648)
[20:54:57.843362]  -> wl_surface#88.frame(new id wl_callback#144)
[20:54:57.843364] {Default Queue}  -> wp_presentation#20.feedback(wl_surface#88, new id wp_presentation_feedback#143)
[20:54:57.843365]  -> wl_surface#88.commit()
[20:54:57.843419] {Default Queue} wl_buffer#108.release()
[20:54:57.846090] {Default Queue} wl_pointer#119.button(188, 28820960, 272, 1)
[20:54:57.846100] {Default Queue} wl_pointer#119.frame()
[20:54:57.846106] {Default Queue} wl_pointer#119.button(189, 28820960, 272, 0)
[20:54:57.846108] {Default Queue} wl_pointer#119.frame()
[20:54:57.846339] {Default Queue}  -> zwlr_layer_surface_v1#135.destroy()
[20:54:57.846343]  -> wl_surface#88.attach(nil, 0, 0)
[20:54:57.846345]  -> wl_surface#88.commit()
[20:54:57.846372] {Default Queue}  -> wl_buffer#108.destroy()
[20:54:57.846373] {Default Queue}  -> wl_shm_pool#129.destroy()
[20:54:57.846632] {Default Queue}  -> wp_viewport#132.destroy()
[20:54:57.846634] {Default Queue}  -> wp_fractional_scale_v1#118.destroy()
[20:54:57.846635]  -> wl_surface#88.destroy()
info: event=popup-closed
[20:54:57.849053] discarded [unknown]#143.[event 2](0 fd, 8 byte)
[20:54:57.849061] {Display Queue} wl_display#1.delete_id(135)
[20:54:57.849063] {Display Queue} wl_display#1.delete_id(143)
[20:54:57.849064] {Display Queue} wl_display#1.delete_id(108)
[20:54:57.849065] {Display Queue} wl_display#1.delete_id(129)
[20:54:57.849065] {Display Queue} wl_display#1.delete_id(132)
[20:54:57.849066] {Display Queue} wl_display#1.delete_id(118)
[20:54:57.849066] {Display Queue} wl_display#1.delete_id(144)
[20:54:57.849067] {Display Queue} wl_display#1.delete_id(88)
[20:54:57.849067] {Default Queue} zwlr_layer_surface_v1#72.configure(191, 1280, 64)
[20:54:57.849072] {Default Queue}  -> zwlr_layer_surface_v1#72.ack_configure(191)
[20:54:57.849073] {Default Queue} zwlr_layer_surface_v1#98.configure(192, 1280, 8)
[20:54:57.849075] {Default Queue}  -> zwlr_layer_surface_v1#98.ack_configure(192)
[20:54:57.849076] {Default Queue} zwlr_layer_surface_v1#66.configure(193, 1280, 720)
[20:54:57.849078] {Default Queue}  -> zwlr_layer_surface_v1#66.ack_configure(193)
[20:54:57.849078] {Default Queue} zwlr_layer_surface_v1#115.configure(194, 88, 2)
[20:54:57.849082] {Default Queue}  -> zwlr_layer_surface_v1#115.ack_configure(194)
[20:54:57.849082] {Default Queue} wl_buffer#139.release()
[20:54:57.849084] {Default Queue}  -> wl_buffer#139.destroy()
[20:54:57.849084] {Default Queue}  -> wl_shm_pool#140.destroy()
[20:54:57.849123] {Default Queue} wl_pointer#119.leave(195, nil)
[20:54:57.849126] {Default Queue} wl_pointer#119.frame()
[20:54:57.849130] {Default Queue}  -> xdg_toplevel_icon_v1#126.destroy()
[20:54:57.849218]  -> wl_surface#68.commit()
[20:54:57.849228]  -> wl_surface#95.commit()
[20:54:57.849234]  -> wl_surface#62.commit()
[20:54:57.849238]  -> wl_surface#114.commit()
[20:54:57.861983]  -> wl_surface#114.attach(wl_buffer#138, 0, 0)
[20:54:57.861990]  -> wl_surface#114.damage_buffer(0, 0, 88, 2)
[20:54:57.861992]  -> wl_surface#114.frame(new id wl_callback#88)
[20:54:57.861995] {Default Queue}  -> wp_presentation#20.feedback(wl_surface#114, new id wp_presentation_feedback#144)
[20:54:57.861997]  -> wl_surface#114.commit()
[20:54:57.862037] {Display Queue} wl_display#1.delete_id(139)
[20:54:57.862040] {Display Queue} wl_display#1.delete_id(140)
[20:54:57.862040] {Display Queue} wl_display#1.delete_id(126)
[20:54:57.862041] {Default Queue} wl_buffer#142.release()
[20:54:57.862677] {Default Queue}  -> wl_compositor#4.create_region(new id wl_region#126)
[20:54:57.862681] {Default Queue}  -> wl_region#126.add(18, 4, 639, 56)
[20:54:57.862682]  -> wl_surface#68.set_opaque_region(wl_region#126)
[20:54:57.862683] {Default Queue}  -> wl_region#126.destroy()
[20:54:57.862684]  -> wl_surface#68.attach(wl_buffer#91, 0, 0)
[20:54:57.862685]  -> wl_surface#68.damage_buffer(0, 0, 1280, 64)
[20:54:57.862686]  -> wl_surface#68.frame(new id wl_callback#140)
[20:54:57.862687] {Default Queue}  -> wp_presentation#20.feedback(wl_surface#68, new id wp_presentation_feedback#139)
[20:54:57.862688]  -> wl_surface#68.commit()
[20:54:57.862767] {Display Queue} wl_display#1.delete_id(126)
[20:54:57.862769] {Default Queue} wl_buffer#109.release()
[20:54:57.874881] {Display Queue} wl_display#1.delete_id(140)
[20:54:57.874883] {Display Queue} wl_display#1.delete_id(88)
[20:54:57.874883] {Display Queue} wl_display#1.delete_id(139)
[20:54:57.874884] {Display Queue} wl_display#1.delete_id(144)
[20:54:57.874885] {Default Queue} wl_callback#140.done(28820989)
[20:54:57.874889] {Default Queue} wl_callback#88.done(28820989)
[20:54:57.874890] {Default Queue} wp_presentation_feedback#139.sync_output(wl_output#60)
[20:54:57.874892] {Default Queue} wp_presentation_feedback#139.sync_output(wl_output#28)
[20:54:57.874892] {Default Queue} wp_presentation_feedback#139.presented(0, 28820, 989770766, 0, 0, 0, 0)
[20:54:57.874895] {Default Queue} wp_presentation_feedback#144.sync_output(wl_output#60)
[20:54:57.874896] {Default Queue} wp_presentation_feedback#144.sync_output(wl_output#28)
[20:54:57.874897] {Default Queue} wp_presentation_feedback#144.presented(0, 28820, 989770766, 0, 0, 0, 0)
[20:54:57.875118] {Default Queue}  -> wl_compositor#4.create_region(new id wl_region#144)
[20:54:57.875120] {Default Queue}  -> wl_region#144.add(19, 4, 637, 1)
[20:54:57.875121] {Default Queue}  -> wl_region#144.add(686, 4, 126, 1)
[20:54:57.875122] {Default Queue}  -> wl_region#144.add(888, 4, 373, 1)
[20:54:57.875123] {Default Queue}  -> wl_region#144.add(17, 5, 641, 1)
[20:54:57.875124] {Default Queue}  -> wl_region#144.add(684, 5, 130, 1)
[20:54:57.875125] {Default Queue}  -> wl_region#144.add(886, 5, 377, 1)
[20:54:57.875125] {Default Queue}  -> wl_region#144.add(16, 6, 643, 1)
[20:54:57.875126] {Default Queue}  -> wl_region#144.add(683, 6, 132, 1)
[20:54:57.875127] {Default Queue}  -> wl_region#144.add(885, 6, 379, 1)
[20:54:57.875128] {Default Queue}  -> wl_region#144.add(15, 7, 645, 1)
[20:54:57.875128] {Default Queue}  -> wl_region#144.add(682, 7, 134, 1)
[20:54:57.875130] {Default Queue}  -> wl_region#144.add(884, 7, 381, 1)
[20:54:57.875130] {Default Queue}  -> wl_region#144.add(14, 8, 647, 1)
[20:54:57.875131] {Default Queue}  -> wl_region#144.add(681, 8, 136, 1)
[20:54:57.875132] {Default Queue}  -> wl_region#144.add(883, 8, 383, 1)
[20:54:57.875132] {Default Queue}  -> wl_region#144.add(13, 9, 649, 1)
[20:54:57.875133] {Default Queue}  -> wl_region#144.add(680, 9, 138, 1)
[20:54:57.875134] {Default Queue}  -> wl_region#144.add(882, 9, 385, 1)
[20:54:57.875135] {Default Queue}  -> wl_region#144.add(12, 10, 651, 2)
[20:54:57.875136] {Default Queue}  -> wl_region#144.add(679, 10, 140, 2)
[20:54:57.875137] {Default Queue}  -> wl_region#144.add(881, 10, 387, 2)
[20:54:57.875137] {Default Queue}  -> wl_region#144.add(11, 12, 653, 5)
[20:54:57.875138] {Default Queue}  -> wl_region#144.add(678, 12, 142, 5)
[20:54:57.875139] {Default Queue}  -> wl_region#144.add(880, 12, 389, 5)
[20:54:57.875140] {Default Queue}  -> wl_region#144.add(10, 17, 655, 30)
[20:54:57.875140] {Default Queue}  -> wl_region#144.add(677, 17, 144, 30)
[20:54:57.875141] {Default Queue}  -> wl_region#144.add(879, 17, 391, 30)
[20:54:57.875142] {Default Queue}  -> wl_region#144.add(11, 47, 653, 5)
[20:54:57.875143] {Default Queue}  -> wl_region#144.add(678, 47, 142, 5)
[20:54:57.875143] {Default Queue}  -> wl_region#144.add(880, 47, 389, 5)
[20:54:57.875144] {Default Queue}  -> wl_region#144.add(12, 52, 651, 2)
[20:54:57.875145] {Default Queue}  -> wl_region#144.add(679, 52, 140, 2)
[20:54:57.875146] {Default Queue}  -> wl_region#144.add(881, 52, 387, 2)
[20:54:57.875147] {Default Queue}  -> wl_region#144.add(13, 54, 649, 1)
[20:54:57.875147] {Default Queue}  -> wl_region#144.add(680, 54, 138, 1)
[20:54:57.875148] {Default Queue}  -> wl_region#144.add(882, 54, 385, 1)
[20:54:57.875149] {Default Queue}  -> wl_region#144.add(14, 55, 647, 1)
[20:54:57.875149] {Default Queue}  -> wl_region#144.add(681, 55, 136, 1)
[20:54:57.875150] {Default Queue}  -> wl_region#144.add(883, 55, 383, 1)
[20:54:57.875151] {Default Queue}  -> wl_region#144.add(15, 56, 645, 1)
[20:54:57.875152] {Default Queue}  -> wl_region#144.add(682, 56, 134, 1)
[20:54:57.875152] {Default Queue}  -> wl_region#144.add(884, 56, 381, 1)
[20:54:57.875153] {Default Queue}  -> wl_region#144.add(16, 57, 643, 1)
[20:54:57.875154] {Default Queue}  -> wl_region#144.add(683, 57, 132, 1)
[20:54:57.875155] {Default Queue}  -> wl_region#144.add(885, 57, 379, 1)
[20:54:57.875155] {Default Queue}  -> wl_region#144.add(17, 58, 641, 1)
[20:54:57.875156] {Default Queue}  -> wl_region#144.add(684, 58, 130, 1)
[20:54:57.875157] {Default Queue}  -> wl_region#144.add(886, 58, 377, 1)
[20:54:57.875158] {Default Queue}  -> wl_region#144.add(19, 59, 637, 1)
[20:54:57.875159] {Default Queue}  -> wl_region#144.add(686, 59, 126, 1)
[20:54:57.875159] {Default Queue}  -> wl_region#144.add(888, 59, 373, 1)
[20:54:57.875160]  -> wl_surface#68.set_input_region(wl_region#144)
[20:54:57.875161] {Default Queue}  -> wl_region#144.destroy()
[20:54:57.875162]  -> wl_surface#68.attach(wl_buffer#109, 0, 0)
[20:54:57.875163]  -> wl_surface#68.damage_buffer(0, 0, 1280, 64)
[20:54:57.875164]  -> wl_surface#68.frame(new id wl_callback#139)
[20:54:57.875165] {Default Queue}  -> wp_presentation#20.feedback(wl_surface#68, new id wp_presentation_feedback#88)
[20:54:57.875166]  -> wl_surface#68.commit()
[20:54:57.875224] {Display Queue} wl_display#1.delete_id(144)
[20:54:57.875228] {Default Queue} wl_buffer#91.release()
[20:54:57.890989] {Display Queue} wl_display#1.delete_id(139)
[20:54:57.890996] {Display Queue} wl_display#1.delete_id(88)
[20:54:57.890997] {Default Queue} wl_callback#139.done(28821005)
[20:54:57.891004] {Default Queue} wp_presentation_feedback#88.sync_output(wl_output#60)
[20:54:57.891005] {Default Queue} wp_presentation_feedback#88.sync_output(wl_output#28)
[20:54:57.891006] {Default Queue} wp_presentation_feedback#88.presented(0, 28821, 5861509, 0, 0, 0, 0)
[20:54:58.252319] {Default Queue} ext_foreign_toplevel_handle_v1#4278190080.closed()
[20:54:58.252328] {Default Queue}  -> ext_foreign_toplevel_handle_v1#4278190080.destroy()
[20:54:58.252757] {Default Queue}  -> zwlr_layer_surface_v1#115.destroy()
[20:54:58.252762]  -> wl_surface#114.attach(nil, 0, 0)
[20:54:58.252764]  -> wl_surface#114.commit()
[20:54:58.253103] {Default Queue}  -> wl_compositor#4.create_region(new id wl_region#88)
[20:54:58.253107] {Default Queue}  -> wl_region#88.add(18, 4, 527, 56)
[20:54:58.253114]  -> wl_surface#68.set_opaque_region(wl_region#88)
[20:54:58.253115] {Default Queue}  -> wl_region#88.destroy()
[20:54:58.253117]  -> wl_surface#68.attach(wl_buffer#91, 0, 0)
[20:54:58.253118]  -> wl_surface#68.damage_buffer(0, 0, 1280, 64)
[20:54:58.253119]  -> wl_surface#68.frame(new id wl_callback#139)
[20:54:58.253122] {Default Queue}  -> wp_presentation#20.feedback(wl_surface#68, new id wp_presentation_feedback#144)
[20:54:58.253123]  -> wl_surface#68.commit()
[20:54:58.253173] {Display Queue} wl_display#1.delete_id(115)
[20:54:58.253176] {Default Queue} zwlr_layer_surface_v1#72.configure(204, 1280, 64)
[20:54:58.253179] {Default Queue}  -> zwlr_layer_surface_v1#72.ack_configure(204)
[20:54:58.253180] {Default Queue} zwlr_layer_surface_v1#98.configure(205, 1280, 8)
[20:54:58.253183] {Default Queue}  -> zwlr_layer_surface_v1#98.ack_configure(205)
[20:54:58.253184] {Default Queue} zwlr_layer_surface_v1#66.configure(206, 1280, 720)
[20:54:58.253186] {Default Queue}  -> zwlr_layer_surface_v1#66.ack_configure(206)
[20:54:58.253187] {Default Queue} wl_buffer#138.release()
[20:54:58.253189] {Default Queue}  -> wl_buffer#138.destroy()
[20:54:58.253189] {Default Queue}  -> wl_shm_pool#137.destroy()
[20:54:58.253225]  -> wl_surface#95.commit()
[20:54:58.253236]  -> wl_surface#62.commit()
[20:54:58.253277] {Display Queue} wl_display#1.delete_id(88)
[20:54:58.253282] {Display Queue} wl_display#1.delete_id(138)
[20:54:58.253284] {Display Queue} wl_display#1.delete_id(137)
[20:54:58.253285] {Default Queue} wl_buffer#109.release()
[20:54:58.255372] {Default Queue}  -> wl_compositor#4.create_surface(new id wl_surface#137)
[20:54:58.255377] {Default Queue}  -> wp_fractional_scale_manager_v1#11.get_fractional_scale(new id wp_fractional_scale_v1#138, wl_surface#137)
[20:54:58.255379] {Default Queue}  -> wp_viewporter#10.get_viewport(new id wp_viewport#88, wl_surface#137)
[20:54:58.255403] {Default Queue}  -> xdg_toplevel_icon_manager_v1#9.create_icon(new id xdg_toplevel_icon_v1#115)
[20:54:58.255415] {Default Queue}  -> zwlr_layer_shell_v1#46.get_layer_surface(new id zwlr_layer_surface_v1#140, wl_surface#137, wl_output#31, 3, "pearl:popup")
[20:54:58.255417] {Default Queue}  -> zwlr_layer_surface_v1#140.set_keyboard_interactivity(1)
[20:54:58.255418] {Default Queue}  -> zwlr_layer_surface_v1#140.set_exclusive_zone(0)
[20:54:58.255418] {Default Queue}  -> zwlr_layer_surface_v1#140.set_anchor(15)
[20:54:58.255420] {Default Queue}  -> zwlr_layer_surface_v1#140.set_margin(0, 0, 0, 0)
[20:54:58.255421] {Default Queue}  -> zwlr_layer_surface_v1#140.set_size(0, 0)
[20:54:58.255425]  -> wl_surface#137.commit()
[20:54:58.255515] {Default Queue}  -> zwp_text_input_v3#113.set_surrounding_text("", 0, 0)
[20:54:58.255517] {Default Queue}  -> zwp_text_input_v3#113.set_text_change_cause(1)
[20:54:58.255519] {Default Queue}  -> zwp_text_input_v3#113.set_content_type(0, 0)
[20:54:58.255529] {Default Queue}  -> zwp_text_input_v3#113.set_cursor_rectangle(0, 0, 0, 0)
[20:54:58.255530] {Default Queue}  -> zwp_text_input_v3#113.commit()
[20:54:58.255532] {Default Queue}  -> xdg_activation_v1#15.get_activation_token(new id xdg_activation_token_v1#126)
[20:54:58.255534]  -> xdg_activation_token_v1#126.set_serial(188, wl_seat#3)
[20:54:58.255536]  -> xdg_activation_token_v1#126.commit()
[20:54:58.255581] xdg_activation_token_v1#126.done("0cbf40d4fa7676800e49d781c87a4e4d")
[20:54:58.255585]  -> xdg_activation_token_v1#126.destroy()
[20:54:58.255587] {Default Queue}  -> xdg_activation_v1#15.activate("0cbf40d4fa7676800e49d781c87a4e4d", wl_surface#137)
info: event=popup-opened output=2
[20:54:58.255613] {Default Queue} zwlr_layer_surface_v1#82.configure(207, 853, 102)
[20:54:58.255619] {Default Queue}  -> zwlr_layer_surface_v1#82.ack_configure(207)
[20:54:58.255620] {Default Queue} zwlr_layer_surface_v1#77.configure(208, 853, 480)
[20:54:58.255622] {Default Queue}  -> zwlr_layer_surface_v1#77.ack_configure(208)
[20:54:58.255623] {Default Queue} zwlr_layer_surface_v1#140.configure(209, 853, 378)
[20:54:58.255628] {Default Queue}  -> zwlr_layer_surface_v1#140.ack_configure(209)
[20:54:58.255658]  -> wl_surface#73.commit()
[20:54:58.255669]  -> wl_surface#67.commit()
[20:54:58.256285] {Default Queue}  -> wl_shm#5.create_pool(new id wl_shm_pool#118, fd 18, 1289736)
[20:54:58.256290] {Default Queue}  -> wl_shm_pool#118.create_buffer(new id wl_buffer#132, 0, 853, 378, 3412, 0)
[20:54:58.256625] {Default Queue}  -> wl_compositor#4.create_region(new id wl_region#129)
[20:54:58.256628] {Default Queue}  -> wl_region#129.add(130, 0, 592, 378)
[20:54:58.256629]  -> wl_surface#137.set_opaque_region(wl_region#129)
[20:54:58.256630] {Default Queue}  -> wl_region#129.destroy()
[20:54:58.256632] {Default Queue}  -> wp_viewport#88.set_destination(853, 378)
[20:54:58.256633]  -> wl_surface#137.attach(wl_buffer#132, 0, 0)
[20:54:58.256634]  -> wl_surface#137.damage_buffer(0, 0, 853, 378)
[20:54:58.256635]  -> wl_surface#137.frame(new id wl_callback#108)
[20:54:58.256637] {Default Queue}  -> wp_presentation#20.feedback(wl_surface#137, new id wp_presentation_feedback#143)
[20:54:58.256638]  -> wl_surface#137.commit()
info: event=launcher-results count=113 shown=113 publish_us=3531
[20:54:58.259173] discarded [unknown]#42.[event 1](0 fd, 12 byte)
[20:54:58.259174] discarded [unknown]#33.[event 1](0 fd, 12 byte)
[20:54:58.259182] {Display Queue} wl_display#1.delete_id(126)
[20:54:58.259184] {Display Queue} wl_display#1.delete_id(144)
[20:54:58.259185] {Display Queue} wl_display#1.delete_id(129)
[20:54:58.259186] {Default Queue} wl_registry#104.global_remove(69)
[20:54:58.259187] {Default Queue} wl_registry#49.global_remove(69)
[20:54:58.259189] {Default Queue}  -> wl_output#61.release()
[20:54:58.259191] {Default Queue} wl_registry#48.global_remove(69)
[20:54:58.259193] {Default Queue} wl_registry#43.global_remove(69)
[20:54:58.259193] {Default Queue} wl_registry#41.global_remove(69)
[20:54:58.259194] {Default Queue} wl_registry#30.global_remove(69)
[20:54:58.259195] {Default Queue} wl_registry#2.global_remove(69)
[20:54:58.259210] {Default Queue}  -> zwlr_layer_surface_v1#77.destroy()
[20:54:58.259212]  -> wl_surface#67.attach(nil, 0, 0)
[20:54:58.259213]  -> wl_surface#67.commit()
[20:54:58.259225] {Default Queue}  -> wp_viewport#75.destroy()
[20:54:58.259226] {Default Queue}  -> wp_fractional_scale_v1#74.destroy()
[20:54:58.259227]  -> wl_surface#67.destroy()
[20:54:58.259234] {Default Queue}  -> xdg_toplevel_icon_v1#76.destroy()
[20:54:58.259242] {Default Queue}  -> wl_compositor#4.create_surface(new id wl_surface#129)
[20:54:58.259244] {Default Queue}  -> wp_fractional_scale_manager_v1#11.get_fractional_scale(new id wp_fractional_scale_v1#126, wl_surface#129)
[20:54:58.259245] {Default Queue}  -> wp_viewporter#10.get_viewport(new id wp_viewport#135, wl_surface#129)
[20:54:58.259258] {Default Queue}  -> xdg_toplevel_icon_manager_v1#9.create_icon(new id xdg_toplevel_icon_v1#133)
[20:54:58.259267] {Default Queue}  -> zwlr_layer_shell_v1#46.get_layer_surface(new id zwlr_layer_surface_v1#136, wl_surface#129, nil, 0, "pearl:wallpaper")
[20:54:58.259269] {Default Queue}  -> zwlr_layer_surface_v1#136.set_keyboard_interactivity(0)
[20:54:58.259270] {Default Queue}  -> zwlr_layer_surface_v1#136.set_exclusive_zone(-1)
[20:54:58.259271] {Default Queue}  -> zwlr_layer_surface_v1#136.set_anchor(15)
[20:54:58.259271] {Default Queue}  -> zwlr_layer_surface_v1#136.set_margin(0, 0, 0, 0)
[20:54:58.259272] {Default Queue}  -> zwlr_layer_surface_v1#136.set_size(0, 0)
[20:54:58.259275]  -> wl_surface#129.commit()
[20:54:58.259339] {Default Queue}  -> zwlr_layer_surface_v1#82.destroy()
[20:54:58.259341]  -> wl_surface#73.attach(nil, 0, 0)
[20:54:58.259342]  -> wl_surface#73.commit()
[20:54:58.259346] {Default Queue}  -> wl_buffer#103.destroy()
[20:54:58.259347] {Default Queue}  -> wl_shm_pool#83.destroy()
[20:54:58.259400] {Default Queue}  -> wp_viewport#80.destroy()
[20:54:58.259401] {Default Queue}  -> wp_fractional_scale_v1#79.destroy()
[20:54:58.259402]  -> wl_surface#73.destroy()
[20:54:58.259406] {Default Queue}  -> xdg_toplevel_icon_v1#81.destroy()
[20:54:58.259411] {Default Queue}  -> wl_compositor#4.create_surface(new id wl_surface#130)
[20:54:58.259412] {Default Queue}  -> wp_fractional_scale_manager_v1#11.get_fractional_scale(new id wp_fractional_scale_v1#134, wl_surface#130)
[20:54:58.259413] {Default Queue}  -> wp_viewporter#10.get_viewport(new id wp_viewport#141, wl_surface#130)
[20:54:58.259422] {Default Queue}  -> xdg_toplevel_icon_manager_v1#9.create_icon(new id xdg_toplevel_icon_v1#145)
[20:54:58.259460] {Default Queue}  -> zwlr_layer_shell_v1#46.get_layer_surface(new id zwlr_layer_surface_v1#146, wl_surface#130, nil, 2, "pearl:bar")
[20:54:58.259462] {Default Queue}  -> zwlr_layer_surface_v1#146.set_keyboard_interactivity(0)
[20:54:58.259463] {Default Queue}  -> zwlr_layer_surface_v1#146.set_exclusive_zone(102)
[20:54:58.259463] {Default Queue}  -> zwlr_layer_surface_v1#146.set_anchor(13)
[20:54:58.259464] {Default Queue}  -> zwlr_layer_surface_v1#146.set_margin(0, 0, 0, 0)
[20:54:58.259465] {Default Queue}  -> zwlr_layer_surface_v1#146.set_size(0, 200)
[20:54:58.259467]  -> wl_surface#130.commit()
[20:54:58.259664] {Default Queue}  -> zwlr_layer_surface_v1#140.destroy()
[20:54:58.259666]  -> wl_surface#137.attach(nil, 0, 0)
[20:54:58.259666]  -> wl_surface#137.commit()
[20:54:58.259758] {Default Queue}  -> wp_viewport#88.destroy()
[20:54:58.259759] {Default Queue}  -> wp_fractional_scale_v1#138.destroy()
[20:54:58.259759]  -> wl_surface#137.destroy()
[20:54:58.259762] {Default Queue}  -> xdg_toplevel_icon_v1#115.destroy()
[20:54:58.259767] {Default Queue}  -> wl_compositor#4.create_surface(new id wl_surface#147)
[20:54:58.259767] {Default Queue}  -> wp_fractional_scale_manager_v1#11.get_fractional_scale(new id wp_fractional_scale_v1#148, wl_surface#147)
[20:54:58.259768] {Default Queue}  -> wp_viewporter#10.get_viewport(new id wp_viewport#149, wl_surface#147)
[20:54:58.259777] {Default Queue}  -> xdg_toplevel_icon_manager_v1#9.create_icon(new id xdg_toplevel_icon_v1#150)
[20:54:58.260020] {Default Queue}  -> zwlr_layer_shell_v1#46.get_layer_surface(new id zwlr_layer_surface_v1#151, wl_surface#147, nil, 3, "pearl:popup")
[20:54:58.260022] {Default Queue}  -> zwlr_layer_surface_v1#151.set_keyboard_interactivity(1)
[20:54:58.260023] {Default Queue}  -> zwlr_layer_surface_v1#151.set_exclusive_zone(0)
[20:54:58.260023] {Default Queue}  -> zwlr_layer_surface_v1#151.set_anchor(15)
[20:54:58.260024] {Default Queue}  -> zwlr_layer_surface_v1#151.set_margin(0, 0, 0, 0)
[20:54:58.260025] {Default Queue}  -> zwlr_layer_surface_v1#151.set_size(0, 0)
[20:54:58.260027]  -> wl_surface#147.commit()
[20:54:58.260035] {Default Queue} wl_output#60.geometry(0, 0, 0, 0, 0, "Unknown", "Unknown", 0)
[20:54:58.260036] {Default Queue} wl_output#60.scale(1)
[20:54:58.260038] {Default Queue} wl_output#28.geometry(0, 0, 0, 0, 0, "Unknown", "Unknown", 0)
[20:54:58.260041] {Default Queue} wl_output#28.scale(1)
[20:54:58.260042] {Default Queue} wp_presentation_feedback#144.sync_output(wl_output#60)
[20:54:58.260043] {Default Queue} wp_presentation_feedback#144.sync_output(wl_output#28)
[20:54:58.260044] {Default Queue} wp_presentation_feedback#144.presented(0, 28821, 371969956, 0, 0, 0, 0)
[20:54:58.260046] {Default Queue} wl_output#60.done()
[20:54:58.260048] {Default Queue} wl_output#28.done()
[20:54:58.260049] {Default Queue} discarded zwlr_layer_surface_v1#82.configure(211, 853, 102)
[20:54:58.260049] {Default Queue} discarded zwlr_layer_surface_v1#77.configure(212, 853, 480)
[20:54:58.260050] {Default Queue} discarded zwlr_layer_surface_v1#140.configure(213, 853, 378)
[20:54:58.260051] {Default Queue} wl_data_device#35.selection(nil)
[20:54:58.260056] {Default Queue} zwp_primary_selection_device_v1#34.selection(nil)
[20:54:58.260145] discarded [unknown]#82.[event 0](0 fd, 20 byte)
[20:54:58.260147] discarded [unknown]#140.[event 0](0 fd, 20 byte)
[20:54:58.260148] discarded [unknown]#140.[event 0](0 fd, 20 byte)
[20:54:58.260149] discarded [unknown]#143.[event 2](0 fd, 8 byte)
[20:54:58.260152] {Display Queue} wl_display#1.delete_id(61)
[20:54:58.260153] {Display Queue} wl_display#1.delete_id(77)
[20:54:58.260154] {Display Queue} wl_display#1.delete_id(75)
[20:54:58.260154] {Display Queue} wl_display#1.delete_id(74)
[20:54:58.260155] {Display Queue} wl_display#1.delete_id(67)
[20:54:58.260155] {Display Queue} wl_display#1.delete_id(76)
[20:54:58.260156] {Display Queue} wl_display#1.delete_id(82)
[20:54:58.260156] {Display Queue} wl_display#1.delete_id(103)
[20:54:58.260157] {Display Queue} wl_display#1.delete_id(83)
[20:54:58.260157] {Display Queue} wl_display#1.delete_id(80)
[20:54:58.260158] {Display Queue} wl_display#1.delete_id(79)
[20:54:58.260158] {Display Queue} wl_display#1.delete_id(73)
[20:54:58.260159] {Display Queue} wl_display#1.delete_id(81)
[20:54:58.260159] {Display Queue} wl_display#1.delete_id(140)
[20:54:58.260160] {Display Queue} wl_display#1.delete_id(143)
[20:54:58.260160] {Display Queue} wl_display#1.delete_id(88)
[20:54:58.260161] {Display Queue} wl_display#1.delete_id(138)
[20:54:58.260161] {Display Queue} wl_display#1.delete_id(108)
[20:54:58.260162] {Display Queue} wl_display#1.delete_id(137)
[20:54:58.260162] {Display Queue} wl_display#1.delete_id(115)
[20:54:58.260163] {Default Queue} wl_buffer#97.release()
[20:54:58.260164] {Default Queue}  -> wl_buffer#97.destroy()
[20:54:58.260165] {Default Queue}  -> wl_shm_pool#102.destroy()
[20:54:58.260200] {Default Queue} zwlr_layer_surface_v1#72.configure(218, 1280, 64)
[20:54:58.260203] {Default Queue}  -> zwlr_layer_surface_v1#72.ack_configure(218)
[20:54:58.260204] {Default Queue} zwlr_layer_surface_v1#98.configure(219, 1280, 8)
[20:54:58.260206] {Default Queue}  -> zwlr_layer_surface_v1#98.ack_configure(219)
[20:54:58.260207] {Default Queue} zwlr_layer_surface_v1#66.configure(220, 1280, 720)
[20:54:58.260208] {Default Queue}  -> zwlr_layer_surface_v1#66.ack_configure(220)
[20:54:58.260208] {Default Queue} zwlr_layer_surface_v1#136.configure(221, 1280, 720)
[20:54:58.260216] {Default Queue}  -> zwlr_layer_surface_v1#136.ack_configure(221)
[20:54:58.260217] {Default Queue} wl_buffer#96.release()
[20:54:58.260218] {Default Queue}  -> wl_buffer#96.destroy()
[20:54:58.260218] {Default Queue}  -> wl_shm_pool#105.destroy()
[20:54:58.260233] {Default Queue} zwlr_layer_surface_v1#72.configure(223, 1280, 64)
[20:54:58.260234] {Default Queue}  -> zwlr_layer_surface_v1#72.ack_configure(223)
[20:54:58.260234] {Default Queue} zwlr_layer_surface_v1#98.configure(224, 1280, 8)
[20:54:58.260235] {Default Queue}  -> zwlr_layer_surface_v1#98.ack_configure(224)
[20:54:58.260236] {Default Queue} zwlr_layer_surface_v1#146.configure(225, 1280, 200)
[20:54:58.260274] {Default Queue}  -> zwlr_layer_surface_v1#146.ack_configure(225)
[20:54:58.260275] {Default Queue} zwlr_layer_surface_v1#66.configure(226, 1280, 720)
[20:54:58.260276] {Default Queue}  -> zwlr_layer_surface_v1#66.ack_configure(226)
[20:54:58.260276] {Default Queue} zwlr_layer_surface_v1#136.configure(227, 1280, 720)
[20:54:58.260277] {Default Queue}  -> zwlr_layer_surface_v1#136.ack_configure(227)
[20:54:58.260278] {Default Queue} wl_buffer#132.release()
[20:54:58.260279] {Default Queue}  -> wl_buffer#132.destroy()
[20:54:58.260279] {Default Queue}  -> wl_shm_pool#118.destroy()
[20:54:58.260292] {Default Queue} zwlr_layer_surface_v1#72.configure(229, 1280, 64)
[20:54:58.260293] {Default Queue}  -> zwlr_layer_surface_v1#72.ack_configure(229)
[20:54:58.260293] {Default Queue} zwlr_layer_surface_v1#98.configure(230, 1280, 8)
[20:54:58.260294] {Default Queue}  -> zwlr_layer_surface_v1#98.ack_configure(230)
[20:54:58.260295] {Default Queue} zwlr_layer_surface_v1#146.configure(231, 1280, 200)
[20:54:58.260312] {Default Queue}  -> zwlr_layer_surface_v1#146.ack_configure(231)
[20:54:58.260313] {Default Queue} zwlr_layer_surface_v1#66.configure(232, 1280, 720)
[20:54:58.260314] {Default Queue}  -> zwlr_layer_surface_v1#66.ack_configure(232)
[20:54:58.260314] {Default Queue} zwlr_layer_surface_v1#136.configure(233, 1280, 720)
[20:54:58.260315] {Default Queue}  -> zwlr_layer_surface_v1#136.ack_configure(233)
[20:54:58.260316] {Default Queue} zwlr_layer_surface_v1#151.configure(234, 1280, 648)
[20:54:58.260450] {Default Queue}  -> zwlr_layer_surface_v1#151.ack_configure(234)
[20:54:58.260546] {Default Queue}  -> wl_shm#5.create_pool(new id wl_shm_pool#115, fd 18, 3686400)
[20:54:58.260549] {Default Queue}  -> wl_shm_pool#115.create_buffer(new id wl_buffer#137, 0, 1280, 720, 5120, 0)
[20:54:58.262992] {Default Queue}  -> wl_compositor#4.create_region(new id wl_region#108)
[20:54:58.262996] {Default Queue}  -> wl_region#108.add(0, 0, 1280, 720)
[20:54:58.262999]  -> wl_surface#129.set_opaque_region(wl_region#108)
[20:54:58.263000] {Default Queue}  -> wl_region#108.destroy()
[20:54:58.263001] {Default Queue}  -> wl_compositor#4.create_region(new id wl_region#138)
[20:54:58.263002]  -> wl_surface#129.set_input_region(wl_region#138)
[20:54:58.263003] {Default Queue}  -> wl_region#138.destroy()
[20:54:58.263004] {Default Queue}  -> wp_viewport#135.set_destination(1280, 720)
[20:54:58.263005]  -> wl_surface#129.attach(wl_buffer#137, 0, 0)
[20:54:58.263006]  -> wl_surface#129.damage_buffer(0, 0, 1280, 720)
[20:54:58.263007]  -> wl_surface#129.frame(new id wl_callback#88)
[20:54:58.263009] {Default Queue}  -> wp_presentation#20.feedback(wl_surface#129, new id wp_presentation_feedback#143)
[20:54:58.263011]  -> wl_surface#129.commit()
[20:54:58.263556] {Default Queue}  -> wl_shm#5.create_pool(new id wl_shm_pool#140, fd 18, 522240)
[20:54:58.263559] {Default Queue}  -> wl_shm_pool#140.create_buffer(new id wl_buffer#81, 0, 1280, 102, 5120, 0)
[20:54:58.263842] {Default Queue}  -> zwlr_layer_surface_v1#146.set_size(0, 102)
[20:54:58.263844] {Default Queue}  -> wl_compositor#4.create_region(new id wl_region#73)
[20:54:58.263845] {Default Queue}  -> wl_region#73.add(891, 4, 371, 94)
[20:54:58.263846]  -> wl_surface#130.set_opaque_region(wl_region#73)
[20:54:58.263847] {Default Queue}  -> wl_region#73.destroy()
[20:54:58.263848] {Default Queue}  -> wl_compositor#4.create_region(new id wl_region#79)
[20:54:58.263849] {Default Queue}  -> wl_region#79.add(19, 4, 218, 1)
[20:54:58.263850] {Default Queue}  -> wl_region#79.add(309, 4, 126, 1)
[20:54:58.263850] {Default Queue}  -> wl_region#79.add(465, 4, 369, 1)
[20:54:58.263851] {Default Queue}  -> wl_region#79.add(17, 5, 222, 1)
[20:54:58.263852] {Default Queue}  -> wl_region#79.add(307, 5, 130, 1)
[20:54:58.263852] {Default Queue}  -> wl_region#79.add(463, 5, 373, 1)
[20:54:58.263853] {Default Queue}  -> wl_region#79.add(16, 6, 224, 1)
[20:54:58.263854] {Default Queue}  -> wl_region#79.add(306, 6, 132, 1)
[20:54:58.263854] {Default Queue}  -> wl_region#79.add(462, 6, 375, 1)
[20:54:58.263855] {Default Queue}  -> wl_region#79.add(15, 7, 226, 1)
[20:54:58.263856] {Default Queue}  -> wl_region#79.add(305, 7, 134, 1)
[20:54:58.263856] {Default Queue}  -> wl_region#79.add(461, 7, 377, 1)
[20:54:58.263857] {Default Queue}  -> wl_region#79.add(14, 8, 228, 1)
[20:54:58.263858] {Default Queue}  -> wl_region#79.add(304, 8, 136, 1)
[20:54:58.263858] {Default Queue}  -> wl_region#79.add(460, 8, 379, 1)
[20:54:58.263859] {Default Queue}  -> wl_region#79.add(13, 9, 230, 1)
[20:54:58.263860] {Default Queue}  -> wl_region#79.add(303, 9, 138, 1)
[20:54:58.263860] {Default Queue}  -> wl_region#79.add(459, 9, 381, 1)
[20:54:58.263861] {Default Queue}  -> wl_region#79.add(12, 10, 232, 2)
[20:54:58.263862] {Default Queue}  -> wl_region#79.add(302, 10, 140, 2)
[20:54:58.263862] {Default Queue}  -> wl_region#79.add(458, 10, 383, 2)
[20:54:58.263863] {Default Queue}  -> wl_region#79.add(11, 12, 234, 5)
[20:54:58.263864] {Default Queue}  -> wl_region#79.add(301, 12, 142, 5)
[20:54:58.263864] {Default Queue}  -> wl_region#79.add(457, 12, 385, 5)
[20:54:58.263865] {Default Queue}  -> wl_region#79.add(10, 17, 236, 68)
[20:54:58.263866] {Default Queue}  -> wl_region#79.add(300, 17, 144, 68)
[20:54:58.263866] {Default Queue}  -> wl_region#79.add(456, 17, 387, 68)
[20:54:58.263867] {Default Queue}  -> wl_region#79.add(11, 85, 234, 5)
[20:54:58.263867] {Default Queue}  -> wl_region#79.add(301, 85, 142, 5)
[20:54:58.263868] {Default Queue}  -> wl_region#79.add(457, 85, 385, 5)
[20:54:58.263869] {Default Queue}  -> wl_region#79.add(12, 90, 232, 2)
[20:54:58.263869] {Default Queue}  -> wl_region#79.add(302, 90, 140, 2)
[20:54:58.263870] {Default Queue}  -> wl_region#79.add(458, 90, 383, 2)
[20:54:58.263871] {Default Queue}  -> wl_region#79.add(13, 92, 230, 1)
[20:54:58.263872] {Default Queue}  -> wl_region#79.add(303, 92, 138, 1)
[20:54:58.263873] {Default Queue}  -> wl_region#79.add(459, 92, 381, 1)
[20:54:58.263874] {Default Queue}  -> wl_region#79.add(14, 93, 228, 1)
[20:54:58.263874] {Default Queue}  -> wl_region#79.add(304, 93, 136, 1)
[20:54:58.263875] {Default Queue}  -> wl_region#79.add(460, 93, 379, 1)
[20:54:58.263876] {Default Queue}  -> wl_region#79.add(15, 94, 226, 1)
[20:54:58.263876] {Default Queue}  -> wl_region#79.add(305, 94, 134, 1)
[20:54:58.263877] {Default Queue}  -> wl_region#79.add(461, 94, 377, 1)
[20:54:58.263878] {Default Queue}  -> wl_region#79.add(16, 95, 224, 1)
[20:54:58.263878] {Default Queue}  -> wl_region#79.add(306, 95, 132, 1)
[20:54:58.263879] {Default Queue}  -> wl_region#79.add(462, 95, 375, 1)
[20:54:58.263880] {Default Queue}  -> wl_region#79.add(17, 96, 222, 1)
[20:54:58.263880] {Default Queue}  -> wl_region#79.add(307, 96, 130, 1)
[20:54:58.263881] {Default Queue}  -> wl_region#79.add(463, 96, 373, 1)
[20:54:58.263882] {Default Queue}  -> wl_region#79.add(19, 97, 218, 1)
[20:54:58.263882] {Default Queue}  -> wl_region#79.add(309, 97, 126, 1)
[20:54:58.263883] {Default Queue}  -> wl_region#79.add(465, 97, 369, 1)
[20:54:58.263884]  -> wl_surface#130.set_input_region(wl_region#79)
[20:54:58.263884] {Default Queue}  -> wl_region#79.destroy()
[20:54:58.263885] {Default Queue}  -> wp_viewport#141.set_destination(1280, 102)
[20:54:58.263886]  -> wl_surface#130.attach(wl_buffer#81, 0, 0)
[20:54:58.263887]  -> wl_surface#130.damage_buffer(0, 0, 1280, 102)
[20:54:58.263888]  -> wl_surface#130.frame(new id wl_callback#80)
[20:54:58.263889] {Default Queue}  -> wp_presentation#20.feedback(wl_surface#130, new id wp_presentation_feedback#83)
[20:54:58.263890]  -> wl_surface#130.commit()
[20:54:58.274227] {Default Queue}  -> wl_shm#5.create_pool(new id wl_shm_pool#103, fd 18, 3317760)
[20:54:58.274234] {Default Queue}  -> wl_shm_pool#103.create_buffer(new id wl_buffer#82, 0, 1280, 648, 5120, 0)
[20:54:58.274951] {Default Queue}  -> wl_compositor#4.create_region(new id wl_region#76)
[20:54:58.274954] {Default Queue}  -> wl_region#76.add(130, 0, 592, 378)
[20:54:58.274955]  -> wl_surface#147.set_opaque_region(wl_region#76)
[20:54:58.274957] {Default Queue}  -> wl_region#76.destroy()
[20:54:58.274958] {Default Queue}  -> wp_viewport#149.set_destination(1280, 648)
[20:54:58.274959]  -> wl_surface#147.attach(wl_buffer#82, 0, 0)
[20:54:58.274960]  -> wl_surface#147.damage_buffer(0, 0, 1280, 648)
[20:54:58.274962]  -> wl_surface#147.frame(new id wl_callback#67)
[20:54:58.274964] {Default Queue}  -> wp_presentation#20.feedback(wl_surface#147, new id wp_presentation_feedback#74)
[20:54:58.274966]  -> wl_surface#147.commit()
[20:54:58.275004] {Display Queue} wl_display#1.delete_id(97)
[20:54:58.275007] {Display Queue} wl_display#1.delete_id(102)
[20:54:58.275007] {Display Queue} wl_display#1.delete_id(96)
[20:54:58.275008] {Display Queue} wl_display#1.delete_id(105)
[20:54:58.275008] {Display Queue} wl_display#1.delete_id(132)
[20:54:58.275009] {Display Queue} wl_display#1.delete_id(118)
[20:54:58.275010] {Display Queue} wl_display#1.delete_id(108)
[20:54:58.275010] {Display Queue} wl_display#1.delete_id(138)
[20:54:58.275010] {Display Queue} wl_display#1.delete_id(73)
[20:54:58.275011] {Display Queue} wl_display#1.delete_id(79)
[20:54:58.275012] {Display Queue} wl_display#1.delete_id(88)
[20:54:58.275012] {Display Queue} wl_display#1.delete_id(139)
[20:54:58.275013] {Display Queue} wl_display#1.delete_id(80)
[20:54:58.275013] {Display Queue} wl_display#1.delete_id(143)
[20:54:58.275014] {Display Queue} wl_display#1.delete_id(83)
[20:54:58.275014] {Default Queue} zwlr_layer_surface_v1#72.configure(235, 1280, 64)
[20:54:58.275018] {Default Queue}  -> zwlr_layer_surface_v1#72.ack_configure(235)
[20:54:58.275019] {Default Queue} zwlr_layer_surface_v1#98.configure(236, 1280, 8)
[20:54:58.275020] {Default Queue}  -> zwlr_layer_surface_v1#98.ack_configure(236)
[20:54:58.275021] {Default Queue} zwlr_layer_surface_v1#146.configure(237, 1280, 200)
[20:54:58.275022] {Default Queue}  -> zwlr_layer_surface_v1#146.ack_configure(237)
[20:54:58.275023] {Default Queue} zwlr_layer_surface_v1#66.configure(238, 1280, 720)
[20:54:58.275024] {Default Queue}  -> zwlr_layer_surface_v1#66.ack_configure(238)
[20:54:58.275024] {Default Queue} zwlr_layer_surface_v1#136.configure(239, 1280, 720)
[20:54:58.275025] {Default Queue}  -> zwlr_layer_surface_v1#136.ack_configure(239)
[20:54:58.275026] {Default Queue} zwlr_layer_surface_v1#151.configure(240, 1280, 648)
[20:54:58.275026] {Default Queue}  -> zwlr_layer_surface_v1#151.ack_configure(240)
[20:54:58.275027] {Default Queue} wp_fractional_scale_v1#126.preferred_scale(120)
[20:54:58.275028] {Default Queue} zwlr_layer_surface_v1#72.configure(241, 1280, 64)
[20:54:58.275028] {Default Queue}  -> zwlr_layer_surface_v1#72.ack_configure(241)
[20:54:58.275029] {Default Queue} zwlr_layer_surface_v1#98.configure(242, 1280, 8)
[20:54:58.275030] {Default Queue}  -> zwlr_layer_surface_v1#98.ack_configure(242)
[20:54:58.275030] {Default Queue} zwlr_layer_surface_v1#146.configure(243, 1280, 102)
[20:54:58.275031] {Default Queue}  -> zwlr_layer_surface_v1#146.ack_configure(243)
[20:54:58.275032] {Default Queue} zwlr_layer_surface_v1#66.configure(244, 1280, 720)
[20:54:58.275032] {Default Queue}  -> zwlr_layer_surface_v1#66.ack_configure(244)
[20:54:58.275033] {Default Queue} zwlr_layer_surface_v1#136.configure(245, 1280, 720)
[20:54:58.275034] {Default Queue}  -> zwlr_layer_surface_v1#136.ack_configure(245)
[20:54:58.275034] {Default Queue} zwlr_layer_surface_v1#151.configure(246, 1280, 546)
[20:54:58.275035] {Default Queue}  -> zwlr_layer_surface_v1#151.ack_configure(246)
[20:54:58.275036] {Default Queue} wp_fractional_scale_v1#134.preferred_scale(120)
[20:54:58.275036] {Default Queue} zwlr_layer_surface_v1#72.configure(247, 1280, 64)
[20:54:58.275037] {Default Queue}  -> zwlr_layer_surface_v1#72.ack_configure(247)
[20:54:58.275037] {Default Queue} zwlr_layer_surface_v1#98.configure(248, 1280, 8)
[20:54:58.275038] {Default Queue}  -> zwlr_layer_surface_v1#98.ack_configure(248)
[20:54:58.275039] {Default Queue} zwlr_layer_surface_v1#146.configure(249, 1280, 102)
[20:54:58.275039] {Default Queue}  -> zwlr_layer_surface_v1#146.ack_configure(249)
[20:54:58.275040] {Default Queue} zwlr_layer_surface_v1#66.configure(250, 1280, 720)
[20:54:58.275041] {Default Queue}  -> zwlr_layer_surface_v1#66.ack_configure(250)
[20:54:58.275041] {Default Queue} zwlr_layer_surface_v1#136.configure(251, 1280, 720)
[20:54:58.275042] {Default Queue}  -> zwlr_layer_surface_v1#136.ack_configure(251)
[20:54:58.275042] {Default Queue} zwlr_layer_surface_v1#151.configure(252, 1280, 546)
[20:54:58.275043] {Default Queue}  -> zwlr_layer_surface_v1#151.ack_configure(252)
[20:54:58.275044] {Default Queue} wl_pointer#119.enter(253, wl_surface#130, 25.00000000, 85.00000000)
[20:54:58.275047] {Default Queue}  -> wp_cursor_shape_device_v1#125.set_shape(253, 1)
[20:54:58.275048] {Default Queue} wl_pointer#119.frame()
[20:54:58.275051] {Default Queue} wl_callback#88.done(28821388)
[20:54:58.275054] {Default Queue} wl_callback#139.done(28821388)
[20:54:58.275056] {Default Queue} wl_callback#80.done(28821388)
[20:54:58.275061] {Default Queue} wp_presentation_feedback#143.sync_output(wl_output#60)
[20:54:58.275062] {Default Queue} wp_presentation_feedback#143.sync_output(wl_output#28)
[20:54:58.275062] {Default Queue} wp_presentation_feedback#143.presented(0, 28821, 388630294, 0, 0, 0, 0)
[20:54:58.275064] {Default Queue} wp_presentation_feedback#83.sync_output(wl_output#60)
[20:54:58.275065] {Default Queue} wp_presentation_feedback#83.sync_output(wl_output#28)
[20:54:58.275065] {Default Queue} wp_presentation_feedback#83.presented(0, 28821, 388630294, 0, 0, 0, 0)
[20:54:58.275067] wl_surface#130.enter(wl_output#60)
[20:54:58.275128] wl_surface#130.enter(wl_output#28)
[20:54:58.275140] wl_surface#130.preferred_buffer_scale(1)
[20:54:58.275141] wl_surface#129.enter(wl_output#60)
[20:54:58.275142] wl_surface#129.enter(wl_output#28)
[20:54:58.275143] wl_surface#129.preferred_buffer_scale(1)
[20:54:58.275324] {Display Queue} wl_display#1.delete_id(76)
[20:54:58.275326] {Default Queue} zwlr_layer_surface_v1#72.configure(254, 1280, 64)
[20:54:58.275328] {Default Queue}  -> zwlr_layer_surface_v1#72.ack_configure(254)
[20:54:58.275329] {Default Queue} zwlr_layer_surface_v1#98.configure(255, 1280, 8)
[20:54:58.275330] {Default Queue}  -> zwlr_layer_surface_v1#98.ack_configure(255)
[20:54:58.275330] {Default Queue} zwlr_layer_surface_v1#146.configure(256, 1280, 102)
[20:54:58.275331] {Default Queue}  -> zwlr_layer_surface_v1#146.ack_configure(256)
[20:54:58.275332] {Default Queue} zwlr_layer_surface_v1#66.configure(257, 1280, 720)
[20:54:58.275333] {Default Queue}  -> zwlr_layer_surface_v1#66.ack_configure(257)
[20:54:58.275333] {Default Queue} zwlr_layer_surface_v1#136.configure(258, 1280, 720)
[20:54:58.275334] {Default Queue}  -> zwlr_layer_surface_v1#136.ack_configure(258)
[20:54:58.275334] {Default Queue} zwlr_layer_surface_v1#151.configure(259, 1280, 546)
[20:54:58.275335] {Default Queue}  -> zwlr_layer_surface_v1#151.ack_configure(259)
[20:54:58.275336] {Default Queue} wp_fractional_scale_v1#148.preferred_scale(120)
[20:54:58.275336] {Default Queue} wl_data_device#35.selection(nil)
[20:54:58.275340] {Default Queue} zwp_primary_selection_device_v1#34.selection(nil)
[20:54:58.275342] wl_surface#147.enter(wl_output#60)
[20:54:58.275496] wl_surface#147.enter(wl_output#28)
[20:54:58.275605] wl_surface#147.preferred_buffer_scale(1)
[20:54:58.275708] {Default Queue}  -> wl_shm#5.create_pool(new id wl_shm_pool#76, fd 18, 522240)
[20:54:58.275711] {Default Queue}  -> wl_shm_pool#76.create_buffer(new id wl_buffer#83, 0, 1280, 102, 5120, 0)
[20:54:58.275964] {Default Queue}  -> wl_compositor#4.create_region(new id wl_region#143)
[20:54:58.275966] {Default Queue}  -> wl_region#143.add(19, 4, 218, 1)
[20:54:58.275967] {Default Queue}  -> wl_region#143.add(577, 4, 126, 1)
[20:54:58.275967] {Default Queue}  -> wl_region#143.add(892, 4, 369, 1)
[20:54:58.275968] {Default Queue}  -> wl_region#143.add(17, 5, 222, 1)
[20:54:58.275969] {Default Queue}  -> wl_region#143.add(575, 5, 130, 1)
[20:54:58.275969] {Default Queue}  -> wl_region#143.add(890, 5, 373, 1)
[20:54:58.275970] {Default Queue}  -> wl_region#143.add(16, 6, 224, 1)
[20:54:58.275971] {Default Queue}  -> wl_region#143.add(574, 6, 132, 1)
[20:54:58.275971] {Default Queue}  -> wl_region#143.add(889, 6, 375, 1)
[20:54:58.275972] {Default Queue}  -> wl_region#143.add(15, 7, 226, 1)
[20:54:58.275973] {Default Queue}  -> wl_region#143.add(573, 7, 134, 1)
[20:54:58.275973] {Default Queue}  -> wl_region#143.add(888, 7, 377, 1)
[20:54:58.275974] {Default Queue}  -> wl_region#143.add(14, 8, 228, 1)
[20:54:58.275975] {Default Queue}  -> wl_region#143.add(572, 8, 136, 1)
[20:54:58.275975] {Default Queue}  -> wl_region#143.add(887, 8, 379, 1)
[20:54:58.275976] {Default Queue}  -> wl_region#143.add(13, 9, 230, 1)
[20:54:58.275977] {Default Queue}  -> wl_region#143.add(571, 9, 138, 1)
[20:54:58.275977] {Default Queue}  -> wl_region#143.add(886, 9, 381, 1)
[20:54:58.275978] {Default Queue}  -> wl_region#143.add(12, 10, 232, 2)
[20:54:58.275979] {Default Queue}  -> wl_region#143.add(570, 10, 140, 2)
[20:54:58.275979] {Default Queue}  -> wl_region#143.add(885, 10, 383, 2)
[20:54:58.275980] {Default Queue}  -> wl_region#143.add(11, 12, 234, 5)
[20:54:58.275981] {Default Queue}  -> wl_region#143.add(569, 12, 142, 5)
[20:54:58.275981] {Default Queue}  -> wl_region#143.add(884, 12, 385, 5)
[20:54:58.275982] {Default Queue}  -> wl_region#143.add(10, 17, 236, 68)
[20:54:58.275982] {Default Queue}  -> wl_region#143.add(568, 17, 144, 68)
[20:54:58.275983] {Default Queue}  -> wl_region#143.add(883, 17, 387, 68)
[20:54:58.275984] {Default Queue}  -> wl_region#143.add(11, 85, 234, 5)
[20:54:58.275984] {Default Queue}  -> wl_region#143.add(569, 85, 142, 5)
[20:54:58.275985] {Default Queue}  -> wl_region#143.add(884, 85, 385, 5)
[20:54:58.275986] {Default Queue}  -> wl_region#143.add(12, 90, 232, 2)
[20:54:58.275986] {Default Queue}  -> wl_region#143.add(570, 90, 140, 2)
[20:54:58.275987] {Default Queue}  -> wl_region#143.add(885, 90, 383, 2)
[20:54:58.275988] {Default Queue}  -> wl_region#143.add(13, 92, 230, 1)
[20:54:58.275988] {Default Queue}  -> wl_region#143.add(571, 92, 138, 1)
[20:54:58.275989] {Default Queue}  -> wl_region#143.add(886, 92, 381, 1)
[20:54:58.275990] {Default Queue}  -> wl_region#143.add(14, 93, 228, 1)
[20:54:58.275990] {Default Queue}  -> wl_region#143.add(572, 93, 136, 1)
[20:54:58.275991] {Default Queue}  -> wl_region#143.add(887, 93, 379, 1)
[20:54:58.275991] {Default Queue}  -> wl_region#143.add(15, 94, 226, 1)
[20:54:58.275992] {Default Queue}  -> wl_region#143.add(573, 94, 134, 1)
[20:54:58.275993] {Default Queue}  -> wl_region#143.add(888, 94, 377, 1)
[20:54:58.275993] {Default Queue}  -> wl_region#143.add(16, 95, 224, 1)
[20:54:58.275994] {Default Queue}  -> wl_region#143.add(574, 95, 132, 1)
[20:54:58.275995] {Default Queue}  -> wl_region#143.add(889, 95, 375, 1)
[20:54:58.275995] {Default Queue}  -> wl_region#143.add(17, 96, 222, 1)
[20:54:58.275996] {Default Queue}  -> wl_region#143.add(575, 96, 130, 1)
[20:54:58.275997] {Default Queue}  -> wl_region#143.add(890, 96, 373, 1)
[20:54:58.275997] {Default Queue}  -> wl_region#143.add(19, 97, 218, 1)
[20:54:58.275998] {Default Queue}  -> wl_region#143.add(577, 97, 126, 1)
[20:54:58.275998] {Default Queue}  -> wl_region#143.add(892, 97, 369, 1)
[20:54:58.275999]  -> wl_surface#130.set_input_region(wl_region#143)
[20:54:58.276000] {Default Queue}  -> wl_region#143.destroy()
[20:54:58.276001]  -> wl_surface#130.attach(wl_buffer#83, 0, 0)
[20:54:58.276002]  -> wl_surface#130.damage_buffer(0, 0, 1280, 102)
[20:54:58.276003]  -> wl_surface#130.frame(new id wl_callback#80)
[20:54:58.276004] {Default Queue}  -> wp_presentation#20.feedback(wl_surface#130, new id wp_presentation_feedback#139)
[20:54:58.276005]  -> wl_surface#130.commit()
[20:54:58.276064] {Display Queue} wl_display#1.delete_id(143)
[20:54:58.276066] {Default Queue} wl_buffer#81.release()
[20:54:58.276075]  -> wl_surface#95.commit()
[20:54:58.276089] {Default Queue}  -> wl_shm#5.create_pool(new id wl_shm_pool#143, fd 18, 3686400)
[20:54:58.276091] {Default Queue}  -> wl_shm_pool#143.create_buffer(new id wl_buffer#88, 0, 1280, 720, 5120, 0)
[20:54:58.278522]  -> wl_surface#129.attach(wl_buffer#88, 0, 0)
[20:54:58.278523]  -> wl_surface#129.damage_buffer(0, 0, 1280, 720)
[20:54:58.278524]  -> wl_surface#129.frame(new id wl_callback#79)
[20:54:58.278525] {Default Queue}  -> wp_presentation#20.feedback(wl_surface#129, new id wp_presentation_feedback#73)
[20:54:58.278526]  -> wl_surface#129.commit()
[20:54:58.278712] {Default Queue}  -> wl_compositor#4.create_region(new id wl_region#138)
[20:54:58.278714] {Default Queue}  -> wl_region#138.add(19, 4, 525, 1)
[20:54:58.278715] {Default Queue}  -> wl_region#138.add(577, 4, 126, 1)
[20:54:58.278716] {Default Queue}  -> wl_region#138.add(888, 4, 373, 1)
[20:54:58.278717] {Default Queue}  -> wl_region#138.add(17, 5, 529, 1)
[20:54:58.278718] {Default Queue}  -> wl_region#138.add(575, 5, 130, 1)
[20:54:58.278718] {Default Queue}  -> wl_region#138.add(886, 5, 377, 1)
[20:54:58.278719] {Default Queue}  -> wl_region#138.add(16, 6, 531, 1)
[20:54:58.278720] {Default Queue}  -> wl_region#138.add(574, 6, 132, 1)
[20:54:58.278720] {Default Queue}  -> wl_region#138.add(885, 6, 379, 1)
[20:54:58.278721] {Default Queue}  -> wl_region#138.add(15, 7, 533, 1)
[20:54:58.278722] {Default Queue}  -> wl_region#138.add(573, 7, 134, 1)
[20:54:58.278722] {Default Queue}  -> wl_region#138.add(884, 7, 381, 1)
[20:54:58.278723] {Default Queue}  -> wl_region#138.add(14, 8, 535, 1)
[20:54:58.278723] {Default Queue}  -> wl_region#138.add(572, 8, 136, 1)
[20:54:58.278724] {Default Queue}  -> wl_region#138.add(883, 8, 383, 1)
[20:54:58.278725] {Default Queue}  -> wl_region#138.add(13, 9, 537, 1)
[20:54:58.278725] {Default Queue}  -> wl_region#138.add(571, 9, 138, 1)
[20:54:58.278726] {Default Queue}  -> wl_region#138.add(882, 9, 385, 1)
[20:54:58.278727] {Default Queue}  -> wl_region#138.add(12, 10, 539, 2)
[20:54:58.278727] {Default Queue}  -> wl_region#138.add(570, 10, 140, 2)
[20:54:58.278728] {Default Queue}  -> wl_region#138.add(881, 10, 387, 2)
[20:54:58.278729] {Default Queue}  -> wl_region#138.add(11, 12, 541, 5)
[20:54:58.278729] {Default Queue}  -> wl_region#138.add(569, 12, 142, 5)
[20:54:58.278730] {Default Queue}  -> wl_region#138.add(880, 12, 389, 5)
[20:54:58.278731] {Default Queue}  -> wl_region#138.add(10, 17, 543, 30)
[20:54:58.278731] {Default Queue}  -> wl_region#138.add(568, 17, 144, 30)
[20:54:58.278732] {Default Queue}  -> wl_region#138.add(879, 17, 391, 30)
[20:54:58.278733] {Default Queue}  -> wl_region#138.add(11, 47, 541, 5)
[20:54:58.278733] {Default Queue}  -> wl_region#138.add(569, 47, 142, 5)
[20:54:58.278734] {Default Queue}  -> wl_region#138.add(880, 47, 389, 5)
[20:54:58.278734] {Default Queue}  -> wl_region#138.add(12, 52, 539, 2)
[20:54:58.278735] {Default Queue}  -> wl_region#138.add(570, 52, 140, 2)
[20:54:58.278736] {Default Queue}  -> wl_region#138.add(881, 52, 387, 2)
[20:54:58.278736] {Default Queue}  -> wl_region#138.add(13, 54, 537, 1)
[20:54:58.278737] {Default Queue}  -> wl_region#138.add(571, 54, 138, 1)
[20:54:58.278738] {Default Queue}  -> wl_region#138.add(882, 54, 385, 1)
[20:54:58.278738] {Default Queue}  -> wl_region#138.add(14, 55, 535, 1)
[20:54:58.278739] {Default Queue}  -> wl_region#138.add(572, 55, 136, 1)
[20:54:58.278739] {Default Queue}  -> wl_region#138.add(883, 55, 383, 1)
[20:54:58.278740] {Default Queue}  -> wl_region#138.add(15, 56, 533, 1)
[20:54:58.278741] {Default Queue}  -> wl_region#138.add(573, 56, 134, 1)
[20:54:58.278741] {Default Queue}  -> wl_region#138.add(884, 56, 381, 1)
[20:54:58.278742] {Default Queue}  -> wl_region#138.add(16, 57, 531, 1)
[20:54:58.278743] {Default Queue}  -> wl_region#138.add(574, 57, 132, 1)
[20:54:58.278743] {Default Queue}  -> wl_region#138.add(885, 57, 379, 1)
[20:54:58.278744] {Default Queue}  -> wl_region#138.add(17, 58, 529, 1)
[20:54:58.278744] {Default Queue}  -> wl_region#138.add(575, 58, 130, 1)
[20:54:58.278745] {Default Queue}  -> wl_region#138.add(886, 58, 377, 1)
[20:54:58.278746] {Default Queue}  -> wl_region#138.add(19, 59, 525, 1)
[20:54:58.278746] {Default Queue}  -> wl_region#138.add(577, 59, 126, 1)
[20:54:58.278747] {Default Queue}  -> wl_region#138.add(888, 59, 373, 1)
[20:54:58.278748]  -> wl_surface#68.set_input_region(wl_region#138)
[20:54:58.278748] {Default Queue}  -> wl_region#138.destroy()
[20:54:58.278749]  -> wl_surface#68.attach(wl_buffer#109, 0, 0)
[20:54:58.278750]  -> wl_surface#68.damage_buffer(0, 0, 1280, 64)
[20:54:58.278751]  -> wl_surface#68.frame(new id wl_callback#108)
[20:54:58.278752] {Default Queue}  -> wp_presentation#20.feedback(wl_surface#68, new id wp_presentation_feedback#118)
[20:54:58.278752]  -> wl_surface#68.commit()
[20:54:58.278778]  -> wl_surface#62.commit()
[20:54:58.278891] {Default Queue}  -> zwlr_layer_surface_v1#151.destroy()
[20:54:58.278893]  -> wl_surface#147.attach(nil, 0, 0)
[20:54:58.278894]  -> wl_surface#147.commit()
[20:54:58.279032] {Default Queue}  -> wp_viewport#149.destroy()
[20:54:58.279033] {Default Queue}  -> wp_fractional_scale_v1#148.destroy()
[20:54:58.279034]  -> wl_surface#147.destroy()
[20:54:58.279040] {Default Queue}  -> xdg_toplevel_icon_v1#150.destroy()
info: event=popup-closed
[20:54:58.281598] {Default Queue}  -> zwlr_layer_surface_v1#136.destroy()
[20:54:58.281604]  -> wl_surface#129.attach(nil, 0, 0)
[20:54:58.281606]  -> wl_surface#129.commit()
[20:54:58.281622] {Default Queue}  -> wp_viewport#135.destroy()
[20:54:58.281623] {Default Queue}  -> wp_fractional_scale_v1#126.destroy()
[20:54:58.281624]  -> wl_surface#129.destroy()
[20:54:58.281630] {Default Queue}  -> xdg_toplevel_icon_v1#133.destroy()
[20:54:58.281769] {Default Queue}  -> zwlr_layer_surface_v1#146.destroy()
[20:54:58.281771]  -> wl_surface#130.attach(nil, 0, 0)
[20:54:58.281771]  -> wl_surface#130.commit()
[20:54:58.281780] {Default Queue}  -> wl_buffer#81.destroy()
[20:54:58.281781] {Default Queue}  -> wl_shm_pool#140.destroy()
[20:54:58.281807] {Default Queue}  -> wp_viewport#141.destroy()
[20:54:58.281808] {Default Queue}  -> wp_fractional_scale_v1#134.destroy()
[20:54:58.281809]  -> wl_surface#130.destroy()
[20:54:58.282178] {Default Queue}  -> zxdg_output_v1#32.destroy()
[20:54:58.282180] {Default Queue}  -> wl_output#31.release()
[20:54:58.282199] {Display Queue} wl_display#1.delete_id(138)
[20:54:58.282201] {Default Queue} wl_buffer#137.release()
[20:54:58.282203] {Default Queue}  -> wl_buffer#137.destroy()
[20:54:58.282203] {Default Queue}  -> wl_shm_pool#115.destroy()
[20:54:58.282232] {Default Queue} wl_buffer#91.release()
[20:54:58.282332] discarded [unknown]#146.[event 0](0 fd, 20 byte)
[20:54:58.282333] discarded [unknown]#136.[event 0](0 fd, 20 byte)
[20:54:58.282334] discarded [unknown]#74.[event 2](0 fd, 8 byte)
[20:54:58.282334] discarded [unknown]#146.[event 0](0 fd, 20 byte)
[20:54:58.282335] discarded [unknown]#73.[event 2](0 fd, 8 byte)
[20:54:58.282336] discarded [unknown]#139.[event 2](0 fd, 8 byte)
[20:54:58.282338] {Display Queue} wl_display#1.delete_id(151)
[20:54:58.282339] {Display Queue} wl_display#1.delete_id(74)
[20:54:58.282340] {Display Queue} wl_display#1.delete_id(149)
[20:54:58.282341] {Display Queue} wl_display#1.delete_id(148)
[20:54:58.282341] {Display Queue} wl_display#1.delete_id(67)
[20:54:58.282342] {Display Queue} wl_display#1.delete_id(147)
[20:54:58.282342] {Display Queue} wl_display#1.delete_id(150)
[20:54:58.282343] {Display Queue} wl_display#1.delete_id(136)
[20:54:58.282343] {Display Queue} wl_display#1.delete_id(73)
[20:54:58.282344] {Display Queue} wl_display#1.delete_id(135)
[20:54:58.282344] {Display Queue} wl_display#1.delete_id(126)
[20:54:58.282345] {Display Queue} wl_display#1.delete_id(79)
[20:54:58.282345] {Display Queue} wl_display#1.delete_id(129)
[20:54:58.282345] {Display Queue} wl_display#1.delete_id(133)
[20:54:58.282346] {Display Queue} wl_display#1.delete_id(146)
[20:54:58.282346] {Display Queue} wl_display#1.delete_id(139)
[20:54:58.282347] {Display Queue} wl_display#1.delete_id(81)
[20:54:58.282347] {Display Queue} wl_display#1.delete_id(140)
[20:54:58.282348] {Display Queue} wl_display#1.delete_id(141)
[20:54:58.282348] {Display Queue} wl_display#1.delete_id(134)
[20:54:58.282349] {Display Queue} wl_display#1.delete_id(80)
[20:54:58.282350] {Display Queue} wl_display#1.delete_id(130)
[20:54:58.282351] {Display Queue} wl_display#1.delete_id(32)
[20:54:58.282352] {Display Queue} wl_display#1.delete_id(31)
[20:54:58.282353] {Default Queue} zwlr_layer_surface_v1#72.configure(263, 1280, 64)
[20:54:58.282366] {Default Queue}  -> zwlr_layer_surface_v1#72.ack_configure(263)
[20:54:58.282367] {Default Queue} zwlr_layer_surface_v1#98.configure(264, 1280, 8)
[20:54:58.282370] {Default Queue}  -> zwlr_layer_surface_v1#98.ack_configure(264)
[20:54:58.282371] {Default Queue} zwlr_layer_surface_v1#66.configure(266, 1280, 720)
[20:54:58.282373] {Default Queue}  -> zwlr_layer_surface_v1#66.ack_configure(266)
[20:54:58.282374] {Default Queue} wl_buffer#82.release()
[20:54:58.282375] {Default Queue}  -> wl_buffer#82.destroy()
[20:54:58.282376] {Default Queue}  -> wl_shm_pool#103.destroy()
[20:54:58.282415] {Default Queue} zwlr_layer_surface_v1#72.configure(268, 1280, 64)
[20:54:58.282417] {Default Queue}  -> zwlr_layer_surface_v1#72.ack_configure(268)
[20:54:58.282418] {Default Queue} zwlr_layer_surface_v1#98.configure(269, 1280, 8)
[20:54:58.282419] {Default Queue}  -> zwlr_layer_surface_v1#98.ack_configure(269)
[20:54:58.282420] {Default Queue} zwlr_layer_surface_v1#66.configure(271, 1280, 720)
[20:54:58.282421] {Default Queue}  -> zwlr_layer_surface_v1#66.ack_configure(271)
[20:54:58.282422] {Default Queue} wl_buffer#88.release()
[20:54:58.282423] {Default Queue}  -> wl_buffer#88.destroy()
[20:54:58.282424] {Default Queue}  -> wl_shm_pool#143.destroy()
[20:54:58.282459] {Default Queue} zwlr_layer_surface_v1#72.configure(272, 1280, 64)
[20:54:58.282462] {Default Queue}  -> zwlr_layer_surface_v1#72.ack_configure(272)
[20:54:58.282462] {Default Queue} zwlr_layer_surface_v1#98.configure(273, 1280, 8)
[20:54:58.282464] {Default Queue}  -> zwlr_layer_surface_v1#98.ack_configure(273)
[20:54:58.282465] {Default Queue} zwlr_layer_surface_v1#66.configure(274, 1280, 720)
[20:54:58.282466] {Default Queue}  -> zwlr_layer_surface_v1#66.ack_configure(274)
[20:54:58.282467] {Default Queue} wl_buffer#83.release()
[20:54:58.282468] {Default Queue}  -> wl_buffer#83.destroy()
[20:54:58.282468] {Default Queue}  -> wl_shm_pool#76.destroy()
[20:54:58.282475] {Default Queue} wl_pointer#119.leave(275, nil)
[20:54:58.282479] {Default Queue} wl_pointer#119.frame()
[20:54:58.282485] {Default Queue}  -> xdg_toplevel_icon_v1#145.destroy()
[20:54:58.289419] discarded [unknown]#42.[event 0](0 fd, 32 byte)
[20:54:58.289425] discarded [unknown]#33.[event 0](0 fd, 32 byte)
[20:54:58.289437] {Display Queue} wl_display#1.delete_id(137)
[20:54:58.289441] {Display Queue} wl_display#1.delete_id(115)
[20:54:58.289442] {Display Queue} wl_display#1.delete_id(82)
[20:54:58.289443] {Display Queue} wl_display#1.delete_id(103)
[20:54:58.289444] {Display Queue} wl_display#1.delete_id(88)
[20:54:58.289444] {Display Queue} wl_display#1.delete_id(143)
[20:54:58.289445] {Display Queue} wl_display#1.delete_id(83)
[20:54:58.289446] {Display Queue} wl_display#1.delete_id(76)
[20:54:58.289446] {Display Queue} wl_display#1.delete_id(145)
[20:54:58.289447] {Display Queue} wl_display#1.delete_id(118)
[20:54:58.289447] {Default Queue} wl_registry#104.global(70, "wl_output", 4)
[20:54:58.289450] {Default Queue} wl_registry#49.global(70, "wl_output", 4)
[20:54:58.289454] {Default Queue}  -> wl_registry#49.bind(70, "wl_output", 4, new id [unknown]#145)
[20:54:58.289458] {Default Queue} wl_registry#48.global(70, "wl_output", 4)
[20:54:58.289460] {Default Queue} wl_registry#43.global(70, "wl_output", 4)
[20:54:58.289463] {Default Queue} wl_registry#41.global(70, "wl_output", 4)
[20:54:58.289464] {Default Queue} wl_registry#30.global(70, "wl_output", 4)
[20:54:58.289464] {Default Queue} wl_registry#2.global(70, "wl_output", 4)
[20:54:58.289467] {Default Queue}  -> wl_registry#2.bind(70, "wl_output", 4, new id [unknown]#76)
[20:54:58.289473] {Default Queue}  -> zxdg_output_manager_v1#21.get_xdg_output(new id zxdg_output_v1#83, wl_output#76)
[20:54:58.289492] {Default Queue}  -> wl_display#1.sync(new id wl_callback#143)
[20:54:58.289494] {Default Queue} wl_output#60.geometry(0, 0, 0, 0, 0, "Unknown", "Unknown", 0)
[20:54:58.289496] {Default Queue} wl_output#60.scale(1)
[20:54:58.289497] {Default Queue} wl_output#28.geometry(0, 0, 0, 0, 0, "Unknown", "Unknown", 0)
[20:54:58.289504] {Default Queue} wl_output#28.scale(1)
[20:54:58.289505] {Default Queue} wp_presentation_feedback#118.sync_output(wl_output#60)
[20:54:58.289507] {Default Queue} wp_presentation_feedback#118.sync_output(wl_output#28)
[20:54:58.289508] {Default Queue} wp_presentation_feedback#118.presented(0, 28821, 404243153, 0, 0, 0, 0)
[20:54:58.289511] {Default Queue} wl_output#60.done()
[20:54:58.289512] {Default Queue} wl_output#28.done()
[20:54:58.289588] {Default Queue} wl_output#145.geometry(0, 0, 0, 0, 0, "Unknown", "Unknown", 0)
[20:54:58.289590] {Default Queue} wl_output#145.mode(1, 1280, 720, 0)
[20:54:58.289591] {Default Queue} wl_output#145.scale(2)
[20:54:58.289592] {Default Queue} wl_output#145.name("HEADLESS-1")
[20:54:58.289593] {Default Queue} wl_output#145.description("Headless output 1")
[20:54:58.289593] {Default Queue} wl_output#145.done()
[20:54:58.289600] {Display Queue} wl_display#1.delete_id(143)
[20:54:58.289601] {Default Queue} wl_output#76.geometry(0, 0, 0, 0, 0, "Unknown", "Unknown", 0)
[20:54:58.289603] {Default Queue} wl_output#76.mode(1, 1280, 720, 0)
[20:54:58.289604] {Default Queue} wl_output#76.scale(2)
[20:54:58.289606] {Default Queue} wl_output#76.name("HEADLESS-1")
[20:54:58.289608] {Default Queue} wl_output#76.description("Headless output 1")
[20:54:58.289609] {Default Queue} wl_output#76.done()
[20:54:58.289610] {Default Queue} zxdg_output_v1#83.name("HEADLESS-1")
[20:54:58.289611] {Default Queue} zxdg_output_v1#83.description("Headless output 1")
[20:54:58.289612] {Default Queue} zxdg_output_v1#83.logical_position(-854, 0)
[20:54:58.289613] {Default Queue} zxdg_output_v1#83.logical_size(853, 480)
[20:54:58.289614] {Default Queue} wl_output#76.done()
[20:54:58.289615] {Default Queue} wl_callback#143.done(276)
[20:54:58.289870] {Default Queue}  -> wl_compositor#4.create_surface(new id wl_surface#143)
[20:54:58.289872] {Default Queue}  -> wp_fractional_scale_manager_v1#11.get_fractional_scale(new id wp_fractional_scale_v1#118, wl_surface#143)
[20:54:58.289875] {Default Queue}  -> wp_viewporter#10.get_viewport(new id wp_viewport#88, wl_surface#143)
[20:54:58.289900] {Default Queue}  -> xdg_toplevel_icon_manager_v1#9.create_icon(new id xdg_toplevel_icon_v1#103)
[20:54:58.289912] {Default Queue}  -> zwlr_layer_shell_v1#46.get_layer_surface(new id zwlr_layer_surface_v1#82, wl_surface#143, wl_output#76, 0, "pearl:wallpaper")
[20:54:58.289914] {Default Queue}  -> zwlr_layer_surface_v1#82.set_keyboard_interactivity(0)
[20:54:58.289915] {Default Queue}  -> zwlr_layer_surface_v1#82.set_exclusive_zone(-1)
[20:54:58.289916] {Default Queue}  -> zwlr_layer_surface_v1#82.set_anchor(15)
[20:54:58.289916] {Default Queue}  -> zwlr_layer_surface_v1#82.set_margin(0, 0, 0, 0)
[20:54:58.289918] {Default Queue}  -> zwlr_layer_surface_v1#82.set_size(0, 0)
[20:54:58.289923]  -> wl_surface#143.commit()
[20:54:58.289946] {Default Queue}  -> xdg_activation_v1#15.get_activation_token(new id xdg_activation_token_v1#115)
[20:54:58.289948]  -> xdg_activation_token_v1#115.set_serial(188, wl_seat#3)
[20:54:58.289950]  -> xdg_activation_token_v1#115.commit()
[20:54:58.290029] xdg_activation_token_v1#115.done("a6d1716fc74aa2b48ecb9ddbceb0ce75")
[20:54:58.290031]  -> xdg_activation_token_v1#115.destroy()
[20:54:58.290032] {Default Queue}  -> xdg_activation_v1#15.activate("a6d1716fc74aa2b48ecb9ddbceb0ce75", wl_surface#143)
[20:54:58.291710] {Default Queue}  -> wl_compositor#4.create_surface(new id wl_surface#137)
[20:54:58.291714] {Default Queue}  -> wp_fractional_scale_manager_v1#11.get_fractional_scale(new id wp_fractional_scale_v1#31, wl_surface#137)
[20:54:58.291715] {Default Queue}  -> wp_viewporter#10.get_viewport(new id wp_viewport#32, wl_surface#137)
[20:54:58.291732] {Default Queue}  -> xdg_toplevel_icon_manager_v1#9.create_icon(new id xdg_toplevel_icon_v1#130)
[20:54:58.291741] {Default Queue}  -> zwlr_layer_shell_v1#46.get_layer_surface(new id zwlr_layer_surface_v1#80, wl_surface#137, wl_output#76, 2, "pearl:bar")
[20:54:58.291743] {Default Queue}  -> zwlr_layer_surface_v1#80.set_keyboard_interactivity(0)
[20:54:58.291744] {Default Queue}  -> zwlr_layer_surface_v1#80.set_exclusive_zone(48)
[20:54:58.291744] {Default Queue}  -> zwlr_layer_surface_v1#80.set_anchor(13)
[20:54:58.291745] {Default Queue}  -> zwlr_layer_surface_v1#80.set_margin(0, 0, 0, 0)
[20:54:58.291746] {Default Queue}  -> zwlr_layer_surface_v1#80.set_size(0, 200)
[20:54:58.291750]  -> wl_surface#137.commit()
[20:54:58.291805] {Default Queue}  -> xdg_activation_v1#15.get_activation_token(new id xdg_activation_token_v1#134)
[20:54:58.291807]  -> xdg_activation_token_v1#134.set_serial(188, wl_seat#3)
[20:54:58.291808]  -> xdg_activation_token_v1#134.commit()
[20:54:58.291872] {Display Queue} wl_display#1.delete_id(115)
[20:54:58.291874] xdg_activation_token_v1#134.done("1bb4d7be060dfe9056647a1bcfc3d253")
[20:54:58.291875]  -> xdg_activation_token_v1#134.destroy()
[20:54:58.291876] {Default Queue}  -> xdg_activation_v1#15.activate("1bb4d7be060dfe9056647a1bcfc3d253", wl_surface#137)
info: event=output-mapped id=2 connector=HEADLESS-1 scale=1.5
[20:54:58.293245] {Default Queue} zwlr_layer_surface_v1#82.configure(277, 853, 480)
[20:54:58.293257] {Default Queue}  -> zwlr_layer_surface_v1#82.ack_configure(277)
[20:54:58.293259] {Default Queue} zwlr_layer_surface_v1#80.configure(278, 853, 200)
[20:54:58.293661] {Default Queue}  -> zwlr_layer_surface_v1#80.ack_configure(278)
[20:54:58.293663] {Default Queue} zwlr_layer_surface_v1#82.configure(279, 853, 480)
[20:54:58.293664] {Default Queue}  -> zwlr_layer_surface_v1#82.ack_configure(279)
[20:54:58.293739]  -> wl_surface#62.commit()
[20:54:58.293809] {Default Queue}  -> wl_shm#5.create_pool(new id wl_shm_pool#115, fd 18, 1637760)
[20:54:58.293814] {Default Queue}  -> wl_shm_pool#115.create_buffer(new id wl_buffer#141, 0, 853, 480, 3412, 0)
[20:54:58.294906] {Default Queue}  -> wl_compositor#4.create_region(new id wl_region#140)
[20:54:58.294908] {Default Queue}  -> wl_region#140.add(0, 0, 853, 480)
[20:54:58.294911]  -> wl_surface#143.set_opaque_region(wl_region#140)
[20:54:58.294912] {Default Queue}  -> wl_region#140.destroy()
[20:54:58.294913] {Default Queue}  -> wp_viewport#88.set_destination(853, 480)
[20:54:58.294914]  -> wl_surface#143.attach(wl_buffer#141, 0, 0)
[20:54:58.294915]  -> wl_surface#143.damage_buffer(0, 0, 853, 480)
[20:54:58.294916]  -> wl_surface#143.frame(new id wl_callback#81)
[20:54:58.294918] {Default Queue}  -> wp_presentation#20.feedback(wl_surface#143, new id wp_presentation_feedback#139)
[20:54:58.294920]  -> wl_surface#143.commit()
[20:54:58.295401] {Default Queue}  -> wl_shm#5.create_pool(new id wl_shm_pool#146, fd 18, 348024)
[20:54:58.295405] {Default Queue}  -> wl_shm_pool#146.create_buffer(new id wl_buffer#133, 0, 853, 102, 3412, 0)
[20:54:58.295678] {Default Queue}  -> zwlr_layer_surface_v1#80.set_size(0, 102)
[20:54:58.295680] {Default Queue}  -> wl_compositor#4.create_region(new id wl_region#129)
[20:54:58.295681] {Default Queue}  -> wl_region#129.add(464, 4, 371, 94)
[20:54:58.295682]  -> wl_surface#137.set_opaque_region(wl_region#129)
[20:54:58.295683] {Default Queue}  -> wl_region#129.destroy()
[20:54:58.295684] {Default Queue}  -> wp_viewport#32.set_destination(853, 102)
[20:54:58.295685]  -> wl_surface#137.attach(wl_buffer#133, 0, 0)
[20:54:58.295686]  -> wl_surface#137.damage_buffer(0, 0, 853, 102)
[20:54:58.295687]  -> wl_surface#137.frame(new id wl_callback#79)
[20:54:58.295688] {Default Queue}  -> wp_presentation#20.feedback(wl_surface#137, new id wp_presentation_feedback#126)
[20:54:58.295689]  -> wl_surface#137.commit()
[20:54:58.296065] {Default Queue}  -> zwlr_layer_surface_v1#80.set_exclusive_zone(102)
[20:54:58.296082] {Display Queue} wl_display#1.delete_id(134)
[20:54:58.296084] {Display Queue} wl_display#1.delete_id(140)
[20:54:58.296085] {Default Queue} zwlr_layer_surface_v1#80.configure(280, 480, 200)
[20:54:58.296086] {Default Queue}  -> zwlr_layer_surface_v1#80.ack_configure(280)
[20:54:58.296087] {Default Queue} zwlr_layer_surface_v1#82.configure(281, 480, 853)
[20:54:58.296088] {Default Queue}  -> zwlr_layer_surface_v1#82.ack_configure(281)
[20:54:58.296088] {Default Queue} wl_output#76.geometry(0, 0, 0, 0, 0, "Unknown", "Unknown", 1)
[20:54:58.296093] {Default Queue} wl_output#145.geometry(0, 0, 0, 0, 0, "Unknown", "Unknown", 1)
[20:54:58.296094] {Default Queue} zxdg_output_v1#83.logical_position(-854, 0)
[20:54:58.296096] {Default Queue} zxdg_output_v1#83.logical_size(480, 853)
[20:54:58.296096] {Default Queue} wl_output#60.geometry(0, 0, 0, 0, 0, "Unknown", "Unknown", 0)
[20:54:58.296097] {Default Queue} wl_output#60.scale(1)
[20:54:58.296099] {Default Queue} wl_output#28.geometry(0, 0, 0, 0, 0, "Unknown", "Unknown", 0)
[20:54:58.296101] {Default Queue} wl_output#28.scale(1)
[20:54:58.296102] {Default Queue} wl_output#76.geometry(0, 0, 0, 0, 0, "Unknown", "Unknown", 1)
[20:54:58.296103] {Default Queue} wl_output#76.scale(2)
[20:54:58.296104] {Default Queue} wl_output#145.geometry(0, 0, 0, 0, 0, "Unknown", "Unknown", 1)
[20:54:58.296105] {Default Queue} wl_output#145.scale(2)
[20:54:58.296106] {Default Queue} wl_output#76.done()
[20:54:58.296108] {Default Queue} wl_output#145.done()
[20:54:58.296112] {Default Queue} wl_output#60.done()
[20:54:58.296112] {Default Queue} wl_output#28.done()
[20:54:58.296113] {Default Queue} zwlr_layer_surface_v1#80.configure(283, 480, 200)
[20:54:58.296114] {Default Queue}  -> zwlr_layer_surface_v1#80.ack_configure(283)
[20:54:58.296114] {Default Queue} zwlr_layer_surface_v1#82.configure(284, 480, 853)
[20:54:58.296115] {Default Queue}  -> zwlr_layer_surface_v1#82.ack_configure(284)
[20:54:58.296116] {Default Queue} wp_fractional_scale_v1#118.preferred_scale(180)
[20:54:58.296123] wl_surface#143.enter(wl_output#76)
[20:54:58.296125] wl_surface#143.enter(wl_output#145)
[20:54:58.296126] wl_surface#143.preferred_buffer_scale(2)
[20:54:58.296195]  -> wl_surface#95.commit()
[20:54:58.296202] {Display Queue} wl_display#1.delete_id(129)
[20:54:58.296203] {Default Queue} zwlr_layer_surface_v1#80.configure(285, 480, 102)
[20:54:58.296204] {Default Queue}  -> zwlr_layer_surface_v1#80.ack_configure(285)
[20:54:58.296205] {Default Queue} zwlr_layer_surface_v1#82.configure(286, 480, 853)
[20:54:58.296206] {Default Queue}  -> zwlr_layer_surface_v1#82.ack_configure(286)
[20:54:58.296206] {Default Queue} wp_fractional_scale_v1#31.preferred_scale(180)
[20:54:58.296647] {Default Queue} zwlr_layer_surface_v1#80.configure(287, 480, 102)
[20:54:58.296649] {Default Queue}  -> zwlr_layer_surface_v1#80.ack_configure(287)
[20:54:58.296649] {Default Queue} zwlr_layer_surface_v1#82.configure(288, 480, 853)
[20:54:58.296650] {Default Queue}  -> zwlr_layer_surface_v1#82.ack_configure(288)
[20:54:58.296651] wl_surface#137.enter(wl_output#76)
[20:54:58.296661] wl_surface#137.enter(wl_output#145)
[20:54:58.296670] wl_surface#137.preferred_buffer_scale(2)
[20:54:58.314849] {Display Queue} wl_display#1.delete_id(108)
[20:54:58.314858] {Display Queue} wl_display#1.delete_id(81)
[20:54:58.314861] {Display Queue} wl_display#1.delete_id(79)
[20:54:58.314862] {Display Queue} wl_display#1.delete_id(139)
[20:54:58.314862] {Display Queue} wl_display#1.delete_id(126)
[20:54:58.314863] {Default Queue} wl_callback#108.done(28821425)
[20:54:58.314875] {Default Queue} wl_callback#81.done(28821429)
[20:54:58.314878] {Default Queue} wl_callback#79.done(28821429)
[20:54:58.314880] {Default Queue} wp_presentation_feedback#139.sync_output(wl_output#76)
[20:54:58.314881] {Default Queue} wp_presentation_feedback#139.sync_output(wl_output#145)
[20:54:58.314882] {Default Queue} wp_presentation_feedback#139.presented(0, 28821, 429709271, 0, 0, 0, 0)
[20:54:58.314885] {Default Queue} wp_presentation_feedback#126.sync_output(wl_output#76)
[20:54:58.314886] {Default Queue} wp_presentation_feedback#126.sync_output(wl_output#145)
[20:54:58.314886] {Default Queue} wp_presentation_feedback#126.presented(0, 28821, 429709271, 0, 0, 0, 0)
[20:54:58.315289]  -> wl_surface#68.attach(wl_buffer#91, 0, 0)
[20:54:58.315293]  -> wl_surface#68.damage_buffer(0, 0, 1280, 64)
[20:54:58.315295]  -> wl_surface#68.frame(new id wl_callback#126)
[20:54:58.315297] {Default Queue}  -> wp_presentation#20.feedback(wl_surface#68, new id wp_presentation_feedback#139)
[20:54:58.315299]  -> wl_surface#68.commit()
[20:54:58.315441] {Default Queue}  -> wl_shm#5.create_pool(new id wl_shm_pool#79, fd 18, 3686400)
[20:54:58.315445] {Default Queue}  -> wl_shm_pool#79.create_buffer(new id wl_buffer#81, 0, 720, 1280, 2880, 0)
[20:54:58.317963] {Default Queue}  -> wl_compositor#4.create_region(new id wl_region#108)
[20:54:58.317966] {Default Queue}  -> wl_region#108.add(0, 0, 480, 853)
[20:54:58.317968]  -> wl_surface#143.set_opaque_region(wl_region#108)
[20:54:58.317969] {Default Queue}  -> wl_region#108.destroy()
[20:54:58.317970] {Default Queue}  -> wl_compositor#4.create_region(new id wl_region#129)
[20:54:58.317971]  -> wl_surface#143.set_input_region(wl_region#129)
[20:54:58.317972] {Default Queue}  -> wl_region#129.destroy()
[20:54:58.317973] {Default Queue}  -> wp_viewport#88.set_destination(480, 853)
[20:54:58.317974]  -> wl_surface#143.attach(wl_buffer#81, 0, 0)
[20:54:58.317975]  -> wl_surface#143.damage_buffer(0, 0, 720, 1280)
[20:54:58.317976]  -> wl_surface#143.frame(new id wl_callback#140)
[20:54:58.317977] {Default Queue}  -> wp_presentation#20.feedback(wl_surface#143, new id wp_presentation_feedback#134)
[20:54:58.317978]  -> wl_surface#143.commit()
[20:54:58.318332] {Default Queue}  -> wl_shm#5.create_pool(new id wl_shm_pool#135, fd 18, 1765764)
[20:54:58.318335] {Default Queue}  -> wl_shm_pool#135.create_buffer(new id wl_buffer#73, 0, 1001, 441, 4004, 0)
[20:54:58.318883] {Default Queue}  -> zwlr_layer_surface_v1#80.set_size(0, 294)
[20:54:58.318885] {Default Queue}  -> wl_compositor#4.create_region(new id wl_region#136)
[20:54:58.318886] {Default Queue}  -> wl_region#136.add(278, 4, 371, 286)
[20:54:58.318887]  -> wl_surface#137.set_opaque_region(wl_region#136)
[20:54:58.318888] {Default Queue}  -> wl_region#136.destroy()
[20:54:58.318889] {Default Queue}  -> wl_compositor#4.create_region(new id wl_region#150)
[20:54:58.318890] {Default Queue}  -> wl_region#150.add(19, 4, 218, 1)
[20:54:58.318891] {Default Queue}  -> wl_region#150.add(309, 4, 126, 1)
[20:54:58.318891] {Default Queue}  -> wl_region#150.add(465, 4, 369, 1)
[20:54:58.318892] {Default Queue}  -> wl_region#150.add(17, 5, 222, 1)
[20:54:58.318893] {Default Queue}  -> wl_region#150.add(307, 5, 130, 1)
[20:54:58.318893] {Default Queue}  -> wl_region#150.add(463, 5, 373, 1)
[20:54:58.318894] {Default Queue}  -> wl_region#150.add(16, 6, 224, 1)
[20:54:58.318895] {Default Queue}  -> wl_region#150.add(306, 6, 132, 1)
[20:54:58.318895] {Default Queue}  -> wl_region#150.add(462, 6, 375, 1)
[20:54:58.318896] {Default Queue}  -> wl_region#150.add(15, 7, 226, 1)
[20:54:58.318897] {Default Queue}  -> wl_region#150.add(305, 7, 134, 1)
[20:54:58.318897] {Default Queue}  -> wl_region#150.add(461, 7, 377, 1)
[20:54:58.318898] {Default Queue}  -> wl_region#150.add(14, 8, 228, 1)
[20:54:58.318899] {Default Queue}  -> wl_region#150.add(304, 8, 136, 1)
[20:54:58.318899] {Default Queue}  -> wl_region#150.add(460, 8, 379, 1)
[20:54:58.318900] {Default Queue}  -> wl_region#150.add(13, 9, 230, 1)
[20:54:58.318900] {Default Queue}  -> wl_region#150.add(303, 9, 138, 1)
[20:54:58.318901] {Default Queue}  -> wl_region#150.add(459, 9, 381, 1)
[20:54:58.318902] {Default Queue}  -> wl_region#150.add(12, 10, 232, 2)
[20:54:58.318902] {Default Queue}  -> wl_region#150.add(302, 10, 140, 2)
[20:54:58.318903] {Default Queue}  -> wl_region#150.add(458, 10, 383, 2)
[20:54:58.318904] {Default Queue}  -> wl_region#150.add(11, 12, 234, 5)
[20:54:58.318904] {Default Queue}  -> wl_region#150.add(301, 12, 142, 5)
[20:54:58.318905] {Default Queue}  -> wl_region#150.add(457, 12, 385, 5)
[20:54:58.318907] {Default Queue}  -> wl_region#150.add(10, 17, 236, 68)
[20:54:58.318907] {Default Queue}  -> wl_region#150.add(300, 17, 144, 68)
[20:54:58.318908] {Default Queue}  -> wl_region#150.add(456, 17, 387, 68)
[20:54:58.318909] {Default Queue}  -> wl_region#150.add(11, 85, 234, 5)
[20:54:58.318909] {Default Queue}  -> wl_region#150.add(301, 85, 142, 5)
[20:54:58.318910] {Default Queue}  -> wl_region#150.add(457, 85, 385, 5)
[20:54:58.318910] {Default Queue}  -> wl_region#150.add(12, 90, 232, 2)
[20:54:58.318911] {Default Queue}  -> wl_region#150.add(302, 90, 140, 2)
[20:54:58.318912] {Default Queue}  -> wl_region#150.add(458, 90, 383, 2)
[20:54:58.318912] {Default Queue}  -> wl_region#150.add(13, 92, 230, 1)
[20:54:58.318913] {Default Queue}  -> wl_region#150.add(303, 92, 138, 1)
[20:54:58.318914] {Default Queue}  -> wl_region#150.add(459, 92, 381, 1)
[20:54:58.318914] {Default Queue}  -> wl_region#150.add(14, 93, 228, 1)
[20:54:58.318915] {Default Queue}  -> wl_region#150.add(304, 93, 136, 1)
[20:54:58.318915] {Default Queue}  -> wl_region#150.add(460, 93, 379, 1)
[20:54:58.318916] {Default Queue}  -> wl_region#150.add(15, 94, 226, 1)
[20:54:58.318917] {Default Queue}  -> wl_region#150.add(305, 94, 134, 1)
[20:54:58.318917] {Default Queue}  -> wl_region#150.add(461, 94, 377, 1)
[20:54:58.318918] {Default Queue}  -> wl_region#150.add(16, 95, 224, 1)
[20:54:58.318919] {Default Queue}  -> wl_region#150.add(306, 95, 132, 1)
[20:54:58.318919] {Default Queue}  -> wl_region#150.add(462, 95, 375, 1)
[20:54:58.318920] {Default Queue}  -> wl_region#150.add(17, 96, 222, 1)
[20:54:58.318920] {Default Queue}  -> wl_region#150.add(307, 96, 130, 1)
[20:54:58.318921] {Default Queue}  -> wl_region#150.add(463, 96, 373, 1)
[20:54:58.318922] {Default Queue}  -> wl_region#150.add(19, 97, 218, 1)
[20:54:58.318922] {Default Queue}  -> wl_region#150.add(309, 97, 126, 1)
[20:54:58.318923] {Default Queue}  -> wl_region#150.add(465, 97, 369, 1)
[20:54:58.318924]  -> wl_surface#137.set_input_region(wl_region#150)
[20:54:58.318924] {Default Queue}  -> wl_region#150.destroy()
[20:54:58.318925] {Default Queue}  -> wp_viewport#32.set_destination(667, 294)
[20:54:58.318926]  -> wl_surface#137.attach(wl_buffer#73, 0, 0)
[20:54:58.318927]  -> wl_surface#137.damage_buffer(0, 0, 1001, 441)
[20:54:58.318928]  -> wl_surface#137.frame(new id wl_callback#147)
[20:54:58.318929] {Default Queue}  -> wp_presentation#20.feedback(wl_surface#137, new id wp_presentation_feedback#67)
[20:54:58.318930]  -> wl_surface#137.commit()
[20:54:58.319018] {Default Queue}  -> zwlr_layer_surface_v1#80.set_exclusive_zone(294)
[20:54:58.319035] {Display Queue} wl_display#1.delete_id(108)
[20:54:58.319037] {Display Queue} wl_display#1.delete_id(129)
[20:54:58.319038] {Default Queue} wl_buffer#109.release()
[20:54:58.319039] {Default Queue} wl_buffer#141.release()
[20:54:58.319040] {Default Queue}  -> wl_buffer#141.destroy()
[20:54:58.319040] {Default Queue}  -> wl_shm_pool#115.destroy()
[20:54:58.319150] {Display Queue} wl_display#1.delete_id(136)
[20:54:58.319151] {Display Queue} wl_display#1.delete_id(150)
[20:54:58.319151] {Default Queue} wl_buffer#133.release()
[20:54:58.319152] {Default Queue}  -> wl_buffer#133.destroy()
[20:54:58.319153] {Default Queue}  -> wl_shm_pool#146.destroy()
[20:54:58.319161] {Default Queue} zwlr_layer_surface_v1#80.configure(289, 480, 294)
[20:54:58.319163] {Default Queue}  -> zwlr_layer_surface_v1#80.ack_configure(289)
[20:54:58.319163] {Default Queue} zwlr_layer_surface_v1#82.configure(290, 480, 853)
[20:54:58.319164] {Default Queue}  -> zwlr_layer_surface_v1#82.ack_configure(290)
[20:54:58.325967] {Default Queue}  -> wl_compositor#4.create_surface(new id wl_surface#150)
[20:54:58.325973] {Default Queue}  -> wp_fractional_scale_manager_v1#11.get_fractional_scale(new id wp_fractional_scale_v1#136, wl_surface#150)
[20:54:58.325976] {Default Queue}  -> wp_viewporter#10.get_viewport(new id wp_viewport#129, wl_surface#150)
[20:54:58.326001] {Default Queue}  -> xdg_toplevel_icon_manager_v1#9.create_icon(new id xdg_toplevel_icon_v1#108)
[20:54:58.326013] {Default Queue}  -> zwlr_layer_shell_v1#46.get_layer_surface(new id zwlr_layer_surface_v1#148, wl_surface#150, wl_output#76, 3, "pearl:popup")
[20:54:58.326016] {Default Queue}  -> zwlr_layer_surface_v1#148.set_keyboard_interactivity(1)
[20:54:58.326017] {Default Queue}  -> zwlr_layer_surface_v1#148.set_exclusive_zone(0)
[20:54:58.326018] {Default Queue}  -> zwlr_layer_surface_v1#148.set_anchor(15)
[20:54:58.326019] {Default Queue}  -> zwlr_layer_surface_v1#148.set_margin(0, 0, 0, 0)
[20:54:58.326020] {Default Queue}  -> zwlr_layer_surface_v1#148.set_size(0, 0)
[20:54:58.326024]  -> wl_surface#150.commit()
[20:54:58.326136] {Default Queue}  -> zwp_text_input_v3#113.set_surrounding_text("", 0, 0)
[20:54:58.326139] {Default Queue}  -> zwp_text_input_v3#113.set_text_change_cause(1)
[20:54:58.326140] {Default Queue}  -> zwp_text_input_v3#113.set_content_type(0, 0)
[20:54:58.326151] {Default Queue}  -> zwp_text_input_v3#113.set_cursor_rectangle(0, 0, 0, 0)
[20:54:58.326153] {Default Queue}  -> zwp_text_input_v3#113.commit()
[20:54:58.326155] {Default Queue}  -> xdg_activation_v1#15.get_activation_token(new id xdg_activation_token_v1#149)
[20:54:58.326156]  -> xdg_activation_token_v1#149.set_serial(188, wl_seat#3)
[20:54:58.326158]  -> xdg_activation_token_v1#149.commit()
[20:54:58.326218] {Display Queue} wl_display#1.delete_id(141)
[20:54:58.326220] {Display Queue} wl_display#1.delete_id(115)
[20:54:58.326221] {Display Queue} wl_display#1.delete_id(133)
[20:54:58.326221] {Display Queue} wl_display#1.delete_id(146)
[20:54:58.326231] xdg_activation_token_v1#149.done("2607107b5c6d890715d2ce306de04b0c")
[20:54:58.326232]  -> xdg_activation_token_v1#149.destroy()
[20:54:58.326233] {Default Queue}  -> xdg_activation_v1#15.activate("2607107b5c6d890715d2ce306de04b0c", wl_surface#150)
info: event=popup-opened output=2
[20:54:58.326253] {Default Queue} zwlr_layer_surface_v1#80.configure(291, 480, 294)
[20:54:58.326257] {Default Queue}  -> zwlr_layer_surface_v1#80.ack_configure(291)
[20:54:58.326258] {Default Queue} zwlr_layer_surface_v1#82.configure(292, 480, 853)
[20:54:58.326259] {Default Queue}  -> zwlr_layer_surface_v1#82.ack_configure(292)
[20:54:58.326260] {Default Queue} zwlr_layer_surface_v1#148.configure(293, 480, 751)
[20:54:58.326264] {Default Queue}  -> zwlr_layer_surface_v1#148.ack_configure(293)
[20:54:58.326900] {Default Queue}  -> wl_shm#5.create_pool(new id wl_shm_pool#146, fd 18, 1441920)
[20:54:58.326906] {Default Queue}  -> wl_shm_pool#146.create_buffer(new id wl_buffer#133, 0, 480, 751, 1920, 0)
[20:54:58.327379] {Default Queue}  -> wl_compositor#4.create_region(new id wl_region#115)
[20:54:58.327384] {Default Queue}  -> wl_region#115.add(0, 89, 480, 572)
[20:54:58.327386]  -> wl_surface#150.set_opaque_region(wl_region#115)
[20:54:58.327387] {Default Queue}  -> wl_region#115.destroy()
[20:54:58.327389] {Default Queue}  -> wp_viewport#129.set_destination(480, 751)
[20:54:58.327390]  -> wl_surface#150.attach(wl_buffer#133, 0, 0)
[20:54:58.327391]  -> wl_surface#150.damage_buffer(0, 0, 480, 751)
[20:54:58.327393]  -> wl_surface#150.frame(new id wl_callback#141)
[20:54:58.327395] {Default Queue}  -> wp_presentation#20.feedback(wl_surface#150, new id wp_presentation_feedback#74)
[20:54:58.327397]  -> wl_surface#150.commit()
[20:54:58.327419] {Display Queue} wl_display#1.delete_id(149)
[20:54:58.327420] {Display Queue} wl_display#1.delete_id(126)
[20:54:58.327421] {Display Queue} wl_display#1.delete_id(139)
[20:54:58.327422] {Default Queue} wl_callback#126.done(28821441)
[20:54:58.327424] {Default Queue} wp_presentation_feedback#139.sync_output(wl_output#60)
[20:54:58.327425] {Default Queue} wp_presentation_feedback#139.sync_output(wl_output#28)
[20:54:58.327426] {Default Queue} wp_presentation_feedback#139.presented(0, 28821, 441863579, 0, 0, 0, 0)
info: event=launcher-results count=113 shown=113 publish_us=3633
[20:54:58.329913] {Display Queue} wl_display#1.delete_id(115)
[20:54:58.329915] {Default Queue} zwlr_layer_surface_v1#80.configure(294, 480, 294)
[20:54:58.329919] {Default Queue}  -> zwlr_layer_surface_v1#80.ack_configure(294)
[20:54:58.329920] {Default Queue} zwlr_layer_surface_v1#82.configure(295, 480, 853)
[20:54:58.329921] {Default Queue}  -> zwlr_layer_surface_v1#82.ack_configure(295)
[20:54:58.329922] {Default Queue} zwlr_layer_surface_v1#148.configure(296, 480, 751)
[20:54:58.329923] {Default Queue}  -> zwlr_layer_surface_v1#148.ack_configure(296)
[20:54:58.329924] {Default Queue} wp_fractional_scale_v1#136.preferred_scale(180)
[20:54:58.330387] {Default Queue} wl_data_device#35.selection(nil)
[20:54:58.330392] {Default Queue} zwp_primary_selection_device_v1#34.selection(nil)
[20:54:58.330394] wl_surface#150.enter(wl_output#76)
[20:54:58.330408] wl_surface#150.enter(wl_output#145)
[20:54:58.330420] wl_surface#150.preferred_buffer_scale(2)
[20:54:58.330928] {Default Queue}  -> wl_compositor#4.create_region(new id wl_region#115)
[20:54:58.330932] {Default Queue}  -> wl_region#115.add(18, 4, 506, 56)
[20:54:58.330934]  -> wl_surface#68.set_opaque_region(wl_region#115)
[20:54:58.330935] {Default Queue}  -> wl_region#115.destroy()
[20:54:58.330936]  -> wl_surface#68.attach(wl_buffer#109, 0, 0)
[20:54:58.330937]  -> wl_surface#68.damage_buffer(0, 0, 1280, 64)
[20:54:58.330939]  -> wl_surface#68.frame(new id wl_callback#139)
[20:54:58.330940] {Default Queue}  -> wp_presentation#20.feedback(wl_surface#68, new id wp_presentation_feedback#126)
[20:54:58.330942]  -> wl_surface#68.commit()
info: event=launcher-results count=113 shown=113 publish_us=4174
[20:54:58.334836] {Display Queue} wl_display#1.delete_id(140)
[20:54:58.334838] {Display Queue} wl_display#1.delete_id(147)
[20:54:58.334839] {Display Queue} wl_display#1.delete_id(141)
[20:54:58.334840] {Display Queue} wl_display#1.delete_id(134)
[20:54:58.334840] {Display Queue} wl_display#1.delete_id(67)
[20:54:58.334841] {Display Queue} wl_display#1.delete_id(74)
[20:54:58.334841] {Display Queue} wl_display#1.delete_id(115)
[20:54:58.334842] {Default Queue} wl_callback#140.done(28821449)
[20:54:58.334845] {Default Queue} wl_callback#147.done(28821449)
[20:54:58.334847] {Default Queue} wl_callback#141.done(28821449)
[20:54:58.334848] {Default Queue} wp_presentation_feedback#134.sync_output(wl_output#76)
[20:54:58.334849] {Default Queue} wp_presentation_feedback#134.sync_output(wl_output#145)
[20:54:58.334849] {Default Queue} wp_presentation_feedback#134.presented(0, 28821, 449512357, 0, 0, 0, 0)
[20:54:58.334852] {Default Queue} wp_presentation_feedback#67.sync_output(wl_output#76)
[20:54:58.334852] {Default Queue} wp_presentation_feedback#67.sync_output(wl_output#145)
[20:54:58.334853] {Default Queue} wp_presentation_feedback#67.presented(0, 28821, 449512357, 0, 0, 0, 0)
[20:54:58.334854] {Default Queue} wp_presentation_feedback#74.sync_output(wl_output#76)
[20:54:58.334855] {Default Queue} wp_presentation_feedback#74.sync_output(wl_output#145)
[20:54:58.334856] {Default Queue} wp_presentation_feedback#74.presented(0, 28821, 449512357, 0, 0, 0, 0)
[20:54:58.334857] {Default Queue} wl_buffer#91.release()
[20:54:58.334882] {Default Queue}  -> wl_shm#5.create_pool(new id wl_shm_pool#74, fd 18, 3686400)
[20:54:58.334885] {Default Queue}  -> wl_shm_pool#74.create_buffer(new id wl_buffer#67, 0, 720, 1280, 2880, 0)
[20:54:58.337376]  -> wl_surface#143.attach(wl_buffer#67, 0, 0)
[20:54:58.337378]  -> wl_surface#143.damage_buffer(0, 0, 720, 1280)
[20:54:58.337379]  -> wl_surface#143.frame(new id wl_callback#134)
[20:54:58.337380] {Default Queue}  -> wp_presentation#20.feedback(wl_surface#143, new id wp_presentation_feedback#141)
[20:54:58.337381]  -> wl_surface#143.commit()
[20:54:58.337398] {Default Queue}  -> wl_shm#5.create_pool(new id wl_shm_pool#147, fd 19, 1765764)
[20:54:58.337399] {Default Queue}  -> wl_shm_pool#147.create_buffer(new id wl_buffer#140, 0, 1001, 441, 4004, 0)
[20:54:58.337923] {Default Queue}  -> wl_compositor#4.create_region(new id wl_region#115)
[20:54:58.337925] {Default Queue}  -> wl_region#115.add(19, 4, 74, 1)
[20:54:58.337927] {Default Queue}  -> wl_region#115.add(123, 4, 126, 1)
[20:54:58.337927] {Default Queue}  -> wl_region#115.add(279, 4, 369, 1)
[20:54:58.337928] {Default Queue}  -> wl_region#115.add(17, 5, 78, 1)
[20:54:58.337929] {Default Queue}  -> wl_region#115.add(121, 5, 130, 1)
[20:54:58.337929] {Default Queue}  -> wl_region#115.add(277, 5, 373, 1)
[20:54:58.337930] {Default Queue}  -> wl_region#115.add(16, 6, 80, 1)
[20:54:58.337931] {Default Queue}  -> wl_region#115.add(120, 6, 132, 1)
[20:54:58.337931] {Default Queue}  -> wl_region#115.add(276, 6, 375, 1)
[20:54:58.337932] {Default Queue}  -> wl_region#115.add(15, 7, 82, 1)
[20:54:58.337933] {Default Queue}  -> wl_region#115.add(119, 7, 134, 1)
[20:54:58.337933] {Default Queue}  -> wl_region#115.add(275, 7, 377, 1)
[20:54:58.337934] {Default Queue}  -> wl_region#115.add(14, 8, 84, 1)
[20:54:58.337935] {Default Queue}  -> wl_region#115.add(118, 8, 136, 1)
[20:54:58.337935] {Default Queue}  -> wl_region#115.add(274, 8, 379, 1)
[20:54:58.337936] {Default Queue}  -> wl_region#115.add(13, 9, 86, 1)
[20:54:58.337937] {Default Queue}  -> wl_region#115.add(117, 9, 138, 1)
[20:54:58.337937] {Default Queue}  -> wl_region#115.add(273, 9, 381, 1)
[20:54:58.337938] {Default Queue}  -> wl_region#115.add(12, 10, 88, 2)
[20:54:58.337939] {Default Queue}  -> wl_region#115.add(116, 10, 140, 2)
[20:54:58.337939] {Default Queue}  -> wl_region#115.add(272, 10, 383, 2)
[20:54:58.337940] {Default Queue}  -> wl_region#115.add(11, 12, 90, 5)
[20:54:58.337941] {Default Queue}  -> wl_region#115.add(115, 12, 142, 5)
[20:54:58.337941] {Default Queue}  -> wl_region#115.add(271, 12, 385, 5)
[20:54:58.337942] {Default Queue}  -> wl_region#115.add(10, 17, 92, 260)
[20:54:58.337943] {Default Queue}  -> wl_region#115.add(114, 17, 144, 260)
[20:54:58.337943] {Default Queue}  -> wl_region#115.add(270, 17, 387, 260)
[20:54:58.337944] {Default Queue}  -> wl_region#115.add(11, 277, 90, 5)
[20:54:58.337945] {Default Queue}  -> wl_region#115.add(115, 277, 142, 5)
[20:54:58.337945] {Default Queue}  -> wl_region#115.add(271, 277, 385, 5)
[20:54:58.337946] {Default Queue}  -> wl_region#115.add(12, 282, 88, 2)
[20:54:58.337947] {Default Queue}  -> wl_region#115.add(116, 282, 140, 2)
[20:54:58.337947] {Default Queue}  -> wl_region#115.add(272, 282, 383, 2)
[20:54:58.337948] {Default Queue}  -> wl_region#115.add(13, 284, 86, 1)
[20:54:58.337949] {Default Queue}  -> wl_region#115.add(117, 284, 138, 1)
[20:54:58.337949] {Default Queue}  -> wl_region#115.add(273, 284, 381, 1)
[20:54:58.337950] {Default Queue}  -> wl_region#115.add(14, 285, 84, 1)
[20:54:58.337951] {Default Queue}  -> wl_region#115.add(118, 285, 136, 1)
[20:54:58.337951] {Default Queue}  -> wl_region#115.add(274, 285, 379, 1)
[20:54:58.337952] {Default Queue}  -> wl_region#115.add(15, 286, 82, 1)
[20:54:58.337953] {Default Queue}  -> wl_region#115.add(119, 286, 134, 1)
[20:54:58.337953] {Default Queue}  -> wl_region#115.add(275, 286, 377, 1)
[20:54:58.337954] {Default Queue}  -> wl_region#115.add(16, 287, 80, 1)
[20:54:58.337954] {Default Queue}  -> wl_region#115.add(120, 287, 132, 1)
[20:54:58.337955] {Default Queue}  -> wl_region#115.add(276, 287, 375, 1)
[20:54:58.337956] {Default Queue}  -> wl_region#115.add(17, 288, 78, 1)
[20:54:58.337956] {Default Queue}  -> wl_region#115.add(121, 288, 130, 1)
[20:54:58.337957] {Default Queue}  -> wl_region#115.add(277, 288, 373, 1)
[20:54:58.337958] {Default Queue}  -> wl_region#115.add(19, 289, 74, 1)
[20:54:58.337958] {Default Queue}  -> wl_region#115.add(123, 289, 126, 1)
[20:54:58.337959] {Default Queue}  -> wl_region#115.add(279, 289, 369, 1)
[20:54:58.337960]  -> wl_surface#137.set_input_region(wl_region#115)
[20:54:58.337961] {Default Queue}  -> wl_region#115.destroy()
[20:54:58.337961]  -> wl_surface#137.attach(wl_buffer#140, 0, 0)
[20:54:58.337962]  -> wl_surface#137.damage_buffer(0, 0, 1001, 441)
[20:54:58.337963]  -> wl_surface#137.frame(new id wl_callback#149)
[20:54:58.337964] {Default Queue}  -> wp_presentation#20.feedback(wl_surface#137, new id wp_presentation_feedback#151)
[20:54:58.337965]  -> wl_surface#137.commit()
[20:54:58.348852] {Default Queue}  -> wl_shm#5.create_pool(new id wl_shm_pool#138, fd 20, 3245760)
[20:54:58.348859] {Default Queue}  -> wl_shm_pool#138.create_buffer(new id wl_buffer#132, 0, 720, 1127, 2880, 0)
[20:54:58.350835] {Default Queue}  -> wp_viewport#129.set_destination(480, 751)
[20:54:58.350839]  -> wl_surface#150.attach(wl_buffer#132, 0, 0)
[20:54:58.350840]  -> wl_surface#150.damage_buffer(0, 0, 720, 1127)
[20:54:58.350842]  -> wl_surface#150.frame(new id wl_callback#105)
[20:54:58.350843] {Default Queue}  -> wp_presentation#20.feedback(wl_surface#150, new id wp_presentation_feedback#96)
[20:54:58.350845]  -> wl_surface#150.commit()
info: event=launcher-painted latency_us=20209
[20:54:58.350885] {Display Queue} wl_display#1.delete_id(139)
[20:54:58.350887] {Display Queue} wl_display#1.delete_id(126)
[20:54:58.350888] {Default Queue} wl_callback#139.done(28821458)
[20:54:58.350894] {Default Queue} wp_presentation_feedback#126.sync_output(wl_output#60)
[20:54:58.350895] {Default Queue} wp_presentation_feedback#126.sync_output(wl_output#28)
[20:54:58.350896] {Default Queue} wp_presentation_feedback#126.presented(0, 28821, 458788700, 0, 0, 0, 0)
[20:54:58.351172] {Default Queue}  -> wl_compositor#4.create_region(new id wl_region#126)
[20:54:58.351175] {Default Queue}  -> wl_region#126.add(19, 4, 504, 1)
[20:54:58.351176] {Default Queue}  -> wl_region#126.add(577, 4, 126, 1)
[20:54:58.351177] {Default Queue}  -> wl_region#126.add(888, 4, 373, 1)
[20:54:58.351177] {Default Queue}  -> wl_region#126.add(17, 5, 508, 1)
[20:54:58.351178] {Default Queue}  -> wl_region#126.add(575, 5, 130, 1)
[20:54:58.351179] {Default Queue}  -> wl_region#126.add(886, 5, 377, 1)
[20:54:58.351179] {Default Queue}  -> wl_region#126.add(16, 6, 510, 1)
[20:54:58.351180] {Default Queue}  -> wl_region#126.add(574, 6, 132, 1)
[20:54:58.351181] {Default Queue}  -> wl_region#126.add(885, 6, 379, 1)
[20:54:58.351181] {Default Queue}  -> wl_region#126.add(15, 7, 512, 1)
[20:54:58.351182] {Default Queue}  -> wl_region#126.add(573, 7, 134, 1)
[20:54:58.351183] {Default Queue}  -> wl_region#126.add(884, 7, 381, 1)
[20:54:58.351183] {Default Queue}  -> wl_region#126.add(14, 8, 514, 1)
[20:54:58.351184] {Default Queue}  -> wl_region#126.add(572, 8, 136, 1)
[20:54:58.351185] {Default Queue}  -> wl_region#126.add(883, 8, 383, 1)
[20:54:58.351185] {Default Queue}  -> wl_region#126.add(13, 9, 516, 1)
[20:54:58.351186] {Default Queue}  -> wl_region#126.add(571, 9, 138, 1)
[20:54:58.351187] {Default Queue}  -> wl_region#126.add(882, 9, 385, 1)
[20:54:58.351187] {Default Queue}  -> wl_region#126.add(12, 10, 518, 2)
[20:54:58.351188] {Default Queue}  -> wl_region#126.add(570, 10, 140, 2)
[20:54:58.351189] {Default Queue}  -> wl_region#126.add(881, 10, 387, 2)
[20:54:58.351189] {Default Queue}  -> wl_region#126.add(11, 12, 520, 5)
[20:54:58.351190] {Default Queue}  -> wl_region#126.add(569, 12, 142, 5)
[20:54:58.351191] {Default Queue}  -> wl_region#126.add(880, 12, 389, 5)
[20:54:58.351191] {Default Queue}  -> wl_region#126.add(10, 17, 522, 30)
[20:54:58.351192] {Default Queue}  -> wl_region#126.add(568, 17, 144, 30)
[20:54:58.351193] {Default Queue}  -> wl_region#126.add(879, 17, 391, 30)
[20:54:58.351193] {Default Queue}  -> wl_region#126.add(11, 47, 520, 5)
[20:54:58.351194] {Default Queue}  -> wl_region#126.add(569, 47, 142, 5)
[20:54:58.351195] {Default Queue}  -> wl_region#126.add(880, 47, 389, 5)
[20:54:58.351195] {Default Queue}  -> wl_region#126.add(12, 52, 518, 2)
[20:54:58.351196] {Default Queue}  -> wl_region#126.add(570, 52, 140, 2)
[20:54:58.351197] {Default Queue}  -> wl_region#126.add(881, 52, 387, 2)
[20:54:58.351197] {Default Queue}  -> wl_region#126.add(13, 54, 516, 1)
[20:54:58.351198] {Default Queue}  -> wl_region#126.add(571, 54, 138, 1)
[20:54:58.351199] {Default Queue}  -> wl_region#126.add(882, 54, 385, 1)
[20:54:58.351199] {Default Queue}  -> wl_region#126.add(14, 55, 514, 1)
[20:54:58.351200] {Default Queue}  -> wl_region#126.add(572, 55, 136, 1)
[20:54:58.351201] {Default Queue}  -> wl_region#126.add(883, 55, 383, 1)
[20:54:58.351201] {Default Queue}  -> wl_region#126.add(15, 56, 512, 1)
[20:54:58.351202] {Default Queue}  -> wl_region#126.add(573, 56, 134, 1)
[20:54:58.351203] {Default Queue}  -> wl_region#126.add(884, 56, 381, 1)
[20:54:58.351203] {Default Queue}  -> wl_region#126.add(16, 57, 510, 1)
[20:54:58.351204] {Default Queue}  -> wl_region#126.add(574, 57, 132, 1)
[20:54:58.351204] {Default Queue}  -> wl_region#126.add(885, 57, 379, 1)
[20:54:58.351205] {Default Queue}  -> wl_region#126.add(17, 58, 508, 1)
[20:54:58.351206] {Default Queue}  -> wl_region#126.add(575, 58, 130, 1)
[20:54:58.351206] {Default Queue}  -> wl_region#126.add(886, 58, 377, 1)
[20:54:58.351207] {Default Queue}  -> wl_region#126.add(19, 59, 504, 1)
[20:54:58.351208] {Default Queue}  -> wl_region#126.add(577, 59, 126, 1)
[20:54:58.351208] {Default Queue}  -> wl_region#126.add(888, 59, 373, 1)
[20:54:58.351209]  -> wl_surface#68.set_input_region(wl_region#126)
[20:54:58.351210] {Default Queue}  -> wl_region#126.destroy()
[20:54:58.351211]  -> wl_surface#68.attach(wl_buffer#91, 0, 0)
[20:54:58.351212]  -> wl_surface#68.damage_buffer(0, 0, 1280, 64)
[20:54:58.351213]  -> wl_surface#68.frame(new id wl_callback#139)
[20:54:58.351214] {Default Queue}  -> wp_presentation#20.feedback(wl_surface#68, new id wp_presentation_feedback#102)
[20:54:58.351215]  -> wl_surface#68.commit()
[20:54:58.351653] {Display Queue} wl_display#1.delete_id(115)
[20:54:58.351658] {Display Queue} wl_display#1.delete_id(126)
[20:54:58.351659] {Default Queue} wl_buffer#81.release()
[20:54:58.351660] {Default Queue} wl_buffer#73.release()
[20:54:58.351661] {Default Queue} zwlr_layer_surface_v1#80.configure(299, 480, 294)
[20:54:58.351666] {Default Queue}  -> zwlr_layer_surface_v1#80.ack_configure(299)
[20:54:58.351667] {Default Queue} zwlr_layer_surface_v1#82.configure(300, 480, 853)
[20:54:58.351668] {Default Queue}  -> zwlr_layer_surface_v1#82.ack_configure(300)
[20:54:58.351669] {Default Queue} zwlr_layer_surface_v1#148.configure(301, 480, 559)
[20:54:58.351671] {Default Queue}  -> zwlr_layer_surface_v1#148.ack_configure(301)
[20:54:58.351672] {Default Queue} wl_buffer#133.release()
[20:54:58.351673] {Default Queue}  -> wl_buffer#133.destroy()
[20:54:58.351675] {Default Queue}  -> wl_shm_pool#146.destroy()
[20:54:58.351695] {Default Queue} wl_buffer#109.release()
info: event=launcher-results count=113 shown=113 publish_us=4920
[20:54:58.359118] {Display Queue} wl_display#1.delete_id(133)
[20:54:58.359126] {Display Queue} wl_display#1.delete_id(146)
[20:54:58.359127] {Display Queue} wl_display#1.delete_id(139)
[20:54:58.359128] {Display Queue} wl_display#1.delete_id(102)
[20:54:58.359129] {Default Queue} wl_callback#139.done(28821473)
[20:54:58.359131] {Default Queue} wp_presentation_feedback#102.sync_output(wl_output#60)
[20:54:58.359133] {Default Queue} wp_presentation_feedback#102.sync_output(wl_output#28)
[20:54:58.359134] {Default Queue} wp_presentation_feedback#102.presented(0, 28821, 473996536, 0, 0, 0, 0)
[20:54:58.369461] {Display Queue} wl_display#1.delete_id(134)
[20:54:58.369469] {Display Queue} wl_display#1.delete_id(149)
[20:54:58.369471] {Display Queue} wl_display#1.delete_id(105)
[20:54:58.369472] {Display Queue} wl_display#1.delete_id(141)
[20:54:58.369472] {Display Queue} wl_display#1.delete_id(151)
[20:54:58.369473] {Display Queue} wl_display#1.delete_id(96)
[20:54:58.369474] {Default Queue} wl_callback#134.done(28821484)
[20:54:58.369485] {Default Queue} wl_callback#149.done(28821484)
[20:54:58.369487] {Default Queue} wl_callback#105.done(28821484)
[20:54:58.369489] {Default Queue} wp_presentation_feedback#141.sync_output(wl_output#76)
[20:54:58.369491] {Default Queue} wp_presentation_feedback#141.sync_output(wl_output#145)
[20:54:58.369492] {Default Queue} wp_presentation_feedback#141.presented(0, 28821, 484323588, 0, 0, 0, 0)
[20:54:58.369496] {Default Queue} wp_presentation_feedback#151.sync_output(wl_output#76)
[20:54:58.369498] {Default Queue} wp_presentation_feedback#151.sync_output(wl_output#145)
[20:54:58.369499] {Default Queue} wp_presentation_feedback#151.presented(0, 28821, 484323588, 0, 0, 0, 0)
[20:54:58.369501] {Default Queue} wp_presentation_feedback#96.sync_output(wl_output#76)
[20:54:58.369502] {Default Queue} wp_presentation_feedback#96.sync_output(wl_output#145)
[20:54:58.369502] {Default Queue} wp_presentation_feedback#96.presented(0, 28821, 484323588, 0, 0, 0, 0)
[20:54:58.369524]  -> wl_surface#143.commit()
[20:54:58.369534]  -> wl_surface#137.commit()
[20:54:58.380370] {Default Queue}  -> wl_shm#5.create_pool(new id wl_shm_pool#96, fd 18, 2416320)
[20:54:58.380377] {Default Queue}  -> wl_shm_pool#96.create_buffer(new id wl_buffer#151, 0, 720, 839, 2880, 0)
[20:54:58.381952] {Default Queue}  -> wl_compositor#4.create_region(new id wl_region#141)
[20:54:58.381956] {Default Queue}  -> wl_region#141.add(0, 14, 480, 531)
[20:54:58.381958]  -> wl_surface#150.set_opaque_region(wl_region#141)
[20:54:58.381959] {Default Queue}  -> wl_region#141.destroy()
[20:54:58.381961] {Default Queue}  -> wp_viewport#129.set_destination(480, 559)
[20:54:58.381962]  -> wl_surface#150.attach(wl_buffer#151, 0, 0)
[20:54:58.381963]  -> wl_surface#150.damage_buffer(0, 0, 720, 839)
[20:54:58.381964]  -> wl_surface#150.frame(new id wl_callback#105)
[20:54:58.381966] {Default Queue}  -> wp_presentation#20.feedback(wl_surface#150, new id wp_presentation_feedback#149)
[20:54:58.381968]  -> wl_surface#150.commit()
info: event=launcher-painted latency_us=30157
[20:54:58.382072] {Display Queue} wl_display#1.delete_id(141)
[20:54:58.382074] {Default Queue} wl_buffer#132.release()
[20:54:58.382076] {Default Queue}  -> wl_buffer#132.destroy()
[20:54:58.382077] {Default Queue}  -> wl_shm_pool#138.destroy()
[20:54:58.386437] {Display Queue} wl_display#1.delete_id(132)
[20:54:58.386445] {Display Queue} wl_display#1.delete_id(138)
[20:54:58.386446] {Display Queue} wl_display#1.delete_id(105)
[20:54:58.386447] {Display Queue} wl_display#1.delete_id(149)
[20:54:58.386448] {Default Queue} wl_callback#105.done(28821501)
[20:54:58.386459] {Default Queue} wp_presentation_feedback#149.sync_output(wl_output#76)
[20:54:58.386461] {Default Queue} wp_presentation_feedback#149.sync_output(wl_output#145)
[20:54:58.386461] {Default Queue} wp_presentation_feedback#149.presented(0, 28821, 501319860, 0, 0, 0, 0)
[20:54:58.386873] {Default Queue}  -> wl_shm#5.create_pool(new id wl_shm_pool#149, fd 18, 2416320)
[20:54:58.386879] {Default Queue}  -> wl_shm_pool#149.create_buffer(new id wl_buffer#105, 0, 720, 839, 2880, 0)
[20:54:58.387861]  -> wl_surface#150.attach(wl_buffer#105, 0, 0)
[20:54:58.387864]  -> wl_surface#150.damage_buffer(0, 0, 720, 839)
[20:54:58.387866]  -> wl_surface#150.frame(new id wl_callback#138)
[20:54:58.387867] {Default Queue}  -> wp_presentation#20.feedback(wl_surface#150, new id wp_presentation_feedback#132)
[20:54:58.387869]  -> wl_surface#150.commit()
[20:54:58.387935] {Default Queue} wl_buffer#151.release()
[20:54:58.404039] {Display Queue} wl_display#1.delete_id(138)
[20:54:58.404048] {Display Queue} wl_display#1.delete_id(132)
[20:54:58.404050] {Default Queue} wl_callback#138.done(28821518)
[20:54:58.404064] {Default Queue} wp_presentation_feedback#132.sync_output(wl_output#76)
[20:54:58.404066] {Default Queue} wp_presentation_feedback#132.sync_output(wl_output#145)
[20:54:58.404066] {Default Queue} wp_presentation_feedback#132.presented(0, 28821, 518900147, 0, 0, 0, 0)
[20:54:58.405032]  -> wl_surface#150.attach(wl_buffer#151, 0, 0)
[20:54:58.405038]  -> wl_surface#150.damage_buffer(0, 0, 720, 839)
[20:54:58.405041]  -> wl_surface#150.frame(new id wl_callback#132)
[20:54:58.405043] {Default Queue}  -> wp_presentation#20.feedback(wl_surface#150, new id wp_presentation_feedback#138)
[20:54:58.405045]  -> wl_surface#150.commit()
[20:54:58.405103] {Default Queue} wl_buffer#105.release()
[20:54:58.421007] {Display Queue} wl_display#1.delete_id(132)
[20:54:58.421013] {Display Queue} wl_display#1.delete_id(138)
[20:54:58.421015] {Default Queue} wl_callback#132.done(28821535)
[20:54:58.421022] {Default Queue} wp_presentation_feedback#138.sync_output(wl_output#76)
[20:54:58.421023] {Default Queue} wp_presentation_feedback#138.sync_output(wl_output#145)
[20:54:58.421024] {Default Queue} wp_presentation_feedback#138.presented(0, 28821, 535883598, 0, 0, 0, 0)
[20:54:58.421869]  -> wl_surface#150.attach(wl_buffer#105, 0, 0)
[20:54:58.421873]  -> wl_surface#150.damage_buffer(0, 0, 720, 839)
[20:54:58.421875]  -> wl_surface#150.frame(new id wl_callback#138)
[20:54:58.421876] {Default Queue}  -> wp_presentation#20.feedback(wl_surface#150, new id wp_presentation_feedback#132)
[20:54:58.421878]  -> wl_surface#150.commit()
[20:54:58.421924] {Default Queue} wl_buffer#151.release()
[20:54:58.437847] {Display Queue} wl_display#1.delete_id(138)
[20:54:58.437852] {Display Queue} wl_display#1.delete_id(132)
[20:54:58.437854] {Default Queue} wl_callback#138.done(28821552)
[20:54:58.437860] {Default Queue} wp_presentation_feedback#132.sync_output(wl_output#76)
[20:54:58.437862] {Default Queue} wp_presentation_feedback#132.sync_output(wl_output#145)
[20:54:58.437863] {Default Queue} wp_presentation_feedback#132.presented(0, 28821, 552731358, 0, 0, 0, 0)
[20:54:58.438617]  -> wl_surface#150.attach(wl_buffer#151, 0, 0)
[20:54:58.438620]  -> wl_surface#150.damage_buffer(0, 0, 720, 839)
[20:54:58.438622]  -> wl_surface#150.frame(new id wl_callback#132)
[20:54:58.438623] {Default Queue}  -> wp_presentation#20.feedback(wl_surface#150, new id wp_presentation_feedback#138)
[20:54:58.438625]  -> wl_surface#150.commit()
[20:54:58.438668] {Default Queue} wl_buffer#105.release()
[20:54:58.455657] {Display Queue} wl_display#1.delete_id(132)
[20:54:58.455665] {Display Queue} wl_display#1.delete_id(138)
[20:54:58.455666] {Default Queue} wl_callback#132.done(28821570)
[20:54:58.455677] {Default Queue} wp_presentation_feedback#138.sync_output(wl_output#76)
[20:54:58.455679] {Default Queue} wp_presentation_feedback#138.sync_output(wl_output#145)
[20:54:58.455680] {Default Queue} wp_presentation_feedback#138.presented(0, 28821, 570527377, 0, 0, 0, 0)
[20:54:58.456766]  -> wl_surface#150.attach(wl_buffer#105, 0, 0)
[20:54:58.456771]  -> wl_surface#150.damage_buffer(0, 0, 720, 839)
[20:54:58.456773]  -> wl_surface#150.frame(new id wl_callback#138)
[20:54:58.456776] {Default Queue}  -> wp_presentation#20.feedback(wl_surface#150, new id wp_presentation_feedback#132)
[20:54:58.456777]  -> wl_surface#150.commit()
[20:54:58.456828] {Default Queue} wl_buffer#151.release()
[20:54:58.471861] {Display Queue} wl_display#1.delete_id(138)
[20:54:58.471868] {Display Queue} wl_display#1.delete_id(132)
[20:54:58.471869] {Default Queue} wl_callback#138.done(28821586)
[20:54:58.471877] {Default Queue} wp_presentation_feedback#132.sync_output(wl_output#76)
[20:54:58.471879] {Default Queue} wp_presentation_feedback#132.sync_output(wl_output#145)
[20:54:58.471879] {Default Queue} wp_presentation_feedback#132.presented(0, 28821, 586738412, 0, 0, 0, 0)
[20:54:58.472750]  -> wl_surface#150.attach(wl_buffer#151, 0, 0)
[20:54:58.472755]  -> wl_surface#150.damage_buffer(0, 0, 720, 839)
[20:54:58.472756]  -> wl_surface#150.frame(new id wl_callback#132)
[20:54:58.472758] {Default Queue}  -> wp_presentation#20.feedback(wl_surface#150, new id wp_presentation_feedback#138)
[20:54:58.472760]  -> wl_surface#150.commit()
[20:54:58.472807] {Default Queue} wl_buffer#105.release()
[20:54:58.488940] {Display Queue} wl_display#1.delete_id(132)
[20:54:58.488952] {Display Queue} wl_display#1.delete_id(138)
[20:54:58.488953] {Default Queue} wl_callback#132.done(28821603)
[20:54:58.488968] {Default Queue} wp_presentation_feedback#138.sync_output(wl_output#76)
[20:54:58.488971] {Default Queue} wp_presentation_feedback#138.sync_output(wl_output#145)
[20:54:58.488973] {Default Queue} wp_presentation_feedback#138.presented(0, 28821, 603798174, 0, 0, 0, 0)
[20:54:58.489982]  -> wl_surface#150.attach(wl_buffer#105, 0, 0)
[20:54:58.489987]  -> wl_surface#150.damage_buffer(0, 0, 720, 839)
[20:54:58.489989]  -> wl_surface#150.frame(new id wl_callback#138)
[20:54:58.489991] {Default Queue}  -> wp_presentation#20.feedback(wl_surface#150, new id wp_presentation_feedback#132)
[20:54:58.489993]  -> wl_surface#150.commit()
[20:54:58.490043] {Default Queue} wl_buffer#151.release()
[20:54:58.505870] {Display Queue} wl_display#1.delete_id(138)
[20:54:58.505878] {Display Queue} wl_display#1.delete_id(132)
[20:54:58.505880] {Default Queue} wl_callback#138.done(28821620)
[20:54:58.505891] {Default Queue} wp_presentation_feedback#132.sync_output(wl_output#76)
[20:54:58.505892] {Default Queue} wp_presentation_feedback#132.sync_output(wl_output#145)
[20:54:58.505894] {Default Queue} wp_presentation_feedback#132.presented(0, 28821, 620736995, 0, 0, 0, 0)
[20:54:58.506855]  -> wl_surface#150.attach(wl_buffer#151, 0, 0)
[20:54:58.506860]  -> wl_surface#150.damage_buffer(0, 0, 720, 839)
[20:54:58.506862]  -> wl_surface#150.frame(new id wl_callback#132)
[20:54:58.506864] {Default Queue}  -> wp_presentation#20.feedback(wl_surface#150, new id wp_presentation_feedback#138)
[20:54:58.506866]  -> wl_surface#150.commit()
[20:54:58.506918] {Default Queue} wl_buffer#105.release()
[20:54:58.522847] {Display Queue} wl_display#1.delete_id(132)
[20:54:58.522854] {Display Queue} wl_display#1.delete_id(138)
[20:54:58.522856] {Default Queue} wl_callback#132.done(28821637)
[20:54:58.522866] {Default Queue} wp_presentation_feedback#138.sync_output(wl_output#76)
[20:54:58.522867] {Default Queue} wp_presentation_feedback#138.sync_output(wl_output#145)
[20:54:58.522868] {Default Queue} wp_presentation_feedback#138.presented(0, 28821, 637714727, 0, 0, 0, 0)
[20:54:58.523886]  -> wl_surface#150.attach(wl_buffer#105, 0, 0)
[20:54:58.523890]  -> wl_surface#150.damage_buffer(0, 0, 720, 839)
[20:54:58.523892]  -> wl_surface#150.frame(new id wl_callback#138)
[20:54:58.523894] {Default Queue}  -> wp_presentation#20.feedback(wl_surface#150, new id wp_presentation_feedback#132)
[20:54:58.523896]  -> wl_surface#150.commit()
[20:54:58.523950] {Default Queue} wl_buffer#151.release()
[20:54:58.539925] {Display Queue} wl_display#1.delete_id(138)
[20:54:58.539930] {Display Queue} wl_display#1.delete_id(132)
[20:54:58.539932] {Default Queue} wl_callback#138.done(28821654)
[20:54:58.539939] {Default Queue} wp_presentation_feedback#132.sync_output(wl_output#76)
[20:54:58.539940] {Default Queue} wp_presentation_feedback#132.sync_output(wl_output#145)
[20:54:58.539941] {Default Queue} wp_presentation_feedback#132.presented(0, 28821, 654807089, 0, 0, 0, 0)
[20:54:58.540767]  -> wl_surface#150.attach(wl_buffer#151, 0, 0)
[20:54:58.540770]  -> wl_surface#150.damage_buffer(0, 0, 720, 839)
[20:54:58.540772]  -> wl_surface#150.frame(new id wl_callback#132)
[20:54:58.540774] {Default Queue}  -> wp_presentation#20.feedback(wl_surface#150, new id wp_presentation_feedback#138)
[20:54:58.540775]  -> wl_surface#150.commit()
[20:54:58.540825] {Default Queue} wl_buffer#105.release()
[20:54:58.557689] {Display Queue} wl_display#1.delete_id(132)
[20:54:58.557696] {Display Queue} wl_display#1.delete_id(138)
[20:54:58.557698] {Default Queue} wl_callback#132.done(28821672)
[20:54:58.557708] {Default Queue} wp_presentation_feedback#138.sync_output(wl_output#76)
[20:54:58.557709] {Default Queue} wp_presentation_feedback#138.sync_output(wl_output#145)
[20:54:58.557710] {Default Queue} wp_presentation_feedback#138.presented(0, 28821, 672558067, 0, 0, 0, 0)
[20:54:58.558614]  -> wl_surface#150.attach(wl_buffer#105, 0, 0)
[20:54:58.558618]  -> wl_surface#150.damage_buffer(0, 0, 720, 839)
[20:54:58.558619]  -> wl_surface#150.frame(new id wl_callback#138)
[20:54:58.558621] {Default Queue}  -> wp_presentation#20.feedback(wl_surface#150, new id wp_presentation_feedback#132)
[20:54:58.558623]  -> wl_surface#150.commit()
[20:54:58.558674] {Default Queue} wl_buffer#151.release()
[20:54:58.574044] {Display Queue} wl_display#1.delete_id(138)
[20:54:58.574051] {Display Queue} wl_display#1.delete_id(132)
[20:54:58.574053] {Default Queue} wl_callback#138.done(28821688)
[20:54:58.574063] {Default Queue} wp_presentation_feedback#132.sync_output(wl_output#76)
[20:54:58.574064] {Default Queue} wp_presentation_feedback#132.sync_output(wl_output#145)
[20:54:58.574065] {Default Queue} wp_presentation_feedback#132.presented(0, 28821, 688912733, 0, 0, 0, 0)
[20:54:58.575107]  -> wl_surface#150.attach(wl_buffer#151, 0, 0)
[20:54:58.575113]  -> wl_surface#150.damage_buffer(0, 0, 720, 839)
[20:54:58.575115]  -> wl_surface#150.frame(new id wl_callback#132)
[20:54:58.575117] {Default Queue}  -> wp_presentation#20.feedback(wl_surface#150, new id wp_presentation_feedback#138)
[20:54:58.575119]  -> wl_surface#150.commit()
[20:54:58.575185] {Default Queue} wl_buffer#105.release()
[20:54:58.591054] {Display Queue} wl_display#1.delete_id(132)
[20:54:58.591061] {Display Queue} wl_display#1.delete_id(138)
[20:54:58.591063] {Default Queue} wl_callback#132.done(28821705)
[20:54:58.591073] {Default Queue} wp_presentation_feedback#138.sync_output(wl_output#76)
[20:54:58.591074] {Default Queue} wp_presentation_feedback#138.sync_output(wl_output#145)
[20:54:58.591075] {Default Queue} wp_presentation_feedback#138.presented(0, 28821, 705926065, 0, 0, 0, 0)
[20:54:58.592013]  -> wl_surface#150.attach(wl_buffer#105, 0, 0)
[20:54:58.592016]  -> wl_surface#150.damage_buffer(0, 0, 720, 839)
[20:54:58.592018]  -> wl_surface#150.frame(new id wl_callback#138)
[20:54:58.592020] {Default Queue}  -> wp_presentation#20.feedback(wl_surface#150, new id wp_presentation_feedback#132)
[20:54:58.592022]  -> wl_surface#150.commit()
[20:54:58.592076] {Default Queue} wl_buffer#151.release()
[20:54:58.608454] {Display Queue} wl_display#1.delete_id(138)
[20:54:58.608463] {Display Queue} wl_display#1.delete_id(132)
[20:54:58.608465] {Default Queue} wl_callback#138.done(28821723)
[20:54:58.608478] {Default Queue} wp_presentation_feedback#132.sync_output(wl_output#76)
[20:54:58.608501] {Default Queue} wp_presentation_feedback#132.sync_output(wl_output#145)
[20:54:58.608502] {Default Queue} wp_presentation_feedback#132.presented(0, 28821, 723292490, 0, 0, 0, 0)
[20:54:58.609683]  -> wl_surface#150.attach(wl_buffer#151, 0, 0)
[20:54:58.609689]  -> wl_surface#150.damage_buffer(0, 0, 720, 839)
[20:54:58.609691]  -> wl_surface#150.frame(new id wl_callback#132)
[20:54:58.609693] {Default Queue}  -> wp_presentation#20.feedback(wl_surface#150, new id wp_presentation_feedback#138)
[20:54:58.609696]  -> wl_surface#150.commit()
[20:54:58.609797] {Default Queue} wl_buffer#105.release()
[20:54:58.625390] {Display Queue} wl_display#1.delete_id(132)
[20:54:58.625396] {Display Queue} wl_display#1.delete_id(138)
[20:54:58.625397] {Default Queue} wl_callback#132.done(28821740)
[20:54:58.625407] {Default Queue} wp_presentation_feedback#138.sync_output(wl_output#76)
[20:54:58.625409] {Default Queue} wp_presentation_feedback#138.sync_output(wl_output#145)
[20:54:58.625409] {Default Queue} wp_presentation_feedback#138.presented(0, 28821, 740265902, 0, 0, 0, 0)
[20:54:58.626330]  -> wl_surface#150.attach(wl_buffer#105, 0, 0)
[20:54:58.626333]  -> wl_surface#150.damage_buffer(0, 0, 720, 839)
[20:54:58.626335]  -> wl_surface#150.frame(new id wl_callback#138)
[20:54:58.626337] {Default Queue}  -> wp_presentation#20.feedback(wl_surface#150, new id wp_presentation_feedback#132)
[20:54:58.626339]  -> wl_surface#150.commit()
[20:54:58.626396] {Default Queue} wl_buffer#151.release()
[20:54:58.642482] {Display Queue} wl_display#1.delete_id(138)
[20:54:58.642489] {Display Queue} wl_display#1.delete_id(132)
[20:54:58.642490] {Default Queue} wl_callback#138.done(28821757)
[20:54:58.642501] {Default Queue} wp_presentation_feedback#132.sync_output(wl_output#76)
[20:54:58.642502] {Default Queue} wp_presentation_feedback#132.sync_output(wl_output#145)
[20:54:58.642503] {Default Queue} wp_presentation_feedback#132.presented(0, 28821, 757350374, 0, 0, 0, 0)
[20:54:58.643415]  -> wl_surface#150.attach(wl_buffer#151, 0, 0)
[20:54:58.643419]  -> wl_surface#150.damage_buffer(0, 0, 720, 839)
[20:54:58.643420]  -> wl_surface#150.frame(new id wl_callback#132)
[20:54:58.643422] {Default Queue}  -> wp_presentation#20.feedback(wl_surface#150, new id wp_presentation_feedback#138)
[20:54:58.643424]  -> wl_surface#150.commit()
[20:54:58.643473] {Default Queue} wl_buffer#105.release()
[20:54:58.659541] {Display Queue} wl_display#1.delete_id(132)
[20:54:58.659548] {Display Queue} wl_display#1.delete_id(138)
[20:54:58.659550] {Default Queue} wl_callback#132.done(28821774)
[20:54:58.659559] {Default Queue} wp_presentation_feedback#138.sync_output(wl_output#76)
[20:54:58.659561] {Default Queue} wp_presentation_feedback#138.sync_output(wl_output#145)
[20:54:58.659562] {Default Queue} wp_presentation_feedback#138.presented(0, 28821, 774417786, 0, 0, 0, 0)
[20:54:58.666897] {Default Queue}  -> zwlr_layer_surface_v1#148.destroy()
[20:54:58.666904]  -> wl_surface#150.attach(nil, 0, 0)
[20:54:58.666907]  -> wl_surface#150.commit()
[20:54:58.666943] {Default Queue}  -> wl_buffer#105.destroy()
[20:54:58.666945] {Default Queue}  -> wl_shm_pool#149.destroy()
[20:54:58.667325] {Default Queue}  -> wp_viewport#129.destroy()
[20:54:58.667328] {Default Queue}  -> wp_fractional_scale_v1#136.destroy()
[20:54:58.667329]  -> wl_surface#150.destroy()
[20:54:58.667342] {Default Queue}  -> xdg_toplevel_icon_v1#108.destroy()
info: event=popup-closed
[20:54:58.670387] {Display Queue} wl_display#1.delete_id(148)
[20:54:58.670393] {Display Queue} wl_display#1.delete_id(105)
[20:54:58.670395] {Display Queue} wl_display#1.delete_id(149)
[20:54:58.670396] {Display Queue} wl_display#1.delete_id(129)
[20:54:58.670396] {Display Queue} wl_display#1.delete_id(136)
[20:54:58.670397] {Display Queue} wl_display#1.delete_id(150)
[20:54:58.670397] {Display Queue} wl_display#1.delete_id(108)
[20:54:58.670398] {Default Queue} zwlr_layer_surface_v1#80.configure(303, 480, 294)
[20:54:58.670408] {Default Queue}  -> zwlr_layer_surface_v1#80.ack_configure(303)
[20:54:58.670410] {Default Queue} zwlr_layer_surface_v1#82.configure(304, 480, 853)
[20:54:58.670411] {Default Queue}  -> zwlr_layer_surface_v1#82.ack_configure(304)
[20:54:58.670412] {Default Queue} wl_buffer#151.release()
[20:54:58.670415] {Default Queue}  -> wl_buffer#151.destroy()
[20:54:58.670416] {Default Queue}  -> wl_shm_pool#96.destroy()
[20:54:58.670578]  -> wl_surface#137.commit()
[20:54:58.670594]  -> wl_surface#143.commit()
[20:54:58.671115] {Default Queue}  -> wl_compositor#4.create_region(new id wl_region#108)
[20:54:58.671119] {Default Queue}  -> wl_region#108.add(18, 4, 527, 56)
[20:54:58.671121]  -> wl_surface#68.set_opaque_region(wl_region#108)
[20:54:58.671122] {Default Queue}  -> wl_region#108.destroy()
[20:54:58.671123]  -> wl_surface#68.attach(wl_buffer#109, 0, 0)
[20:54:58.671125]  -> wl_surface#68.damage_buffer(0, 0, 1280, 64)
[20:54:58.671126]  -> wl_surface#68.frame(new id wl_callback#150)
[20:54:58.671128] {Default Queue}  -> wp_presentation#20.feedback(wl_surface#68, new id wp_presentation_feedback#136)
[20:54:58.671130]  -> wl_surface#68.commit()
[20:54:58.671201] {Display Queue} wl_display#1.delete_id(151)
[20:54:58.671204] {Display Queue} wl_display#1.delete_id(96)
[20:54:58.671204] {Display Queue} wl_display#1.delete_id(108)
[20:54:58.671205] {Default Queue} wl_buffer#91.release()
[20:54:58.686387] {Display Queue} wl_display#1.delete_id(150)
[20:54:58.686392] {Display Queue} wl_display#1.delete_id(136)
[20:54:58.686403] {Default Queue} wl_callback#150.done(28821801)
[20:54:58.686410] {Default Queue} wp_presentation_feedback#136.sync_output(wl_output#60)
[20:54:58.686412] {Default Queue} wp_presentation_feedback#136.sync_output(wl_output#28)
[20:54:58.686413] {Default Queue} wp_presentation_feedback#136.presented(0, 28821, 801275146, 0, 0, 0, 0)
[20:54:58.686672] {Default Queue}  -> wl_compositor#4.create_region(new id wl_region#136)
[20:54:58.686675] {Default Queue}  -> wl_region#136.add(19, 4, 525, 1)
[20:54:58.686677] {Default Queue}  -> wl_region#136.add(577, 4, 126, 1)
[20:54:58.686678] {Default Queue}  -> wl_region#136.add(888, 4, 373, 1)
[20:54:58.686678] {Default Queue}  -> wl_region#136.add(17, 5, 529, 1)
[20:54:58.686679] {Default Queue}  -> wl_region#136.add(575, 5, 130, 1)
[20:54:58.686680] {Default Queue}  -> wl_region#136.add(886, 5, 377, 1)
[20:54:58.686681] {Default Queue}  -> wl_region#136.add(16, 6, 531, 1)
[20:54:58.686682] {Default Queue}  -> wl_region#136.add(574, 6, 132, 1)
[20:54:58.686682] {Default Queue}  -> wl_region#136.add(885, 6, 379, 1)
[20:54:58.686683] {Default Queue}  -> wl_region#136.add(15, 7, 533, 1)
[20:54:58.686683] {Default Queue}  -> wl_region#136.add(573, 7, 134, 1)
[20:54:58.686684] {Default Queue}  -> wl_region#136.add(884, 7, 381, 1)
[20:54:58.686685] {Default Queue}  -> wl_region#136.add(14, 8, 535, 1)
[20:54:58.686685] {Default Queue}  -> wl_region#136.add(572, 8, 136, 1)
[20:54:58.686686] {Default Queue}  -> wl_region#136.add(883, 8, 383, 1)
[20:54:58.686687] {Default Queue}  -> wl_region#136.add(13, 9, 537, 1)
[20:54:58.686687] {Default Queue}  -> wl_region#136.add(571, 9, 138, 1)
[20:54:58.686688] {Default Queue}  -> wl_region#136.add(882, 9, 385, 1)
[20:54:58.686689] {Default Queue}  -> wl_region#136.add(12, 10, 539, 2)
[20:54:58.686689] {Default Queue}  -> wl_region#136.add(570, 10, 140, 2)
[20:54:58.686690] {Default Queue}  -> wl_region#136.add(881, 10, 387, 2)
[20:54:58.686690] {Default Queue}  -> wl_region#136.add(11, 12, 541, 5)
[20:54:58.686691] {Default Queue}  -> wl_region#136.add(569, 12, 142, 5)
[20:54:58.686692] {Default Queue}  -> wl_region#136.add(880, 12, 389, 5)
[20:54:58.686692] {Default Queue}  -> wl_region#136.add(10, 17, 543, 30)
[20:54:58.686693] {Default Queue}  -> wl_region#136.add(568, 17, 144, 30)
[20:54:58.686694] {Default Queue}  -> wl_region#136.add(879, 17, 391, 30)
[20:54:58.686695] {Default Queue}  -> wl_region#136.add(11, 47, 541, 5)
[20:54:58.686695] {Default Queue}  -> wl_region#136.add(569, 47, 142, 5)
[20:54:58.686696] {Default Queue}  -> wl_region#136.add(880, 47, 389, 5)
[20:54:58.686697] {Default Queue}  -> wl_region#136.add(12, 52, 539, 2)
[20:54:58.686698] {Default Queue}  -> wl_region#136.add(570, 52, 140, 2)
[20:54:58.686698] {Default Queue}  -> wl_region#136.add(881, 52, 387, 2)
[20:54:58.686699] {Default Queue}  -> wl_region#136.add(13, 54, 537, 1)
[20:54:58.686700] {Default Queue}  -> wl_region#136.add(571, 54, 138, 1)
[20:54:58.686700] {Default Queue}  -> wl_region#136.add(882, 54, 385, 1)
[20:54:58.686701] {Default Queue}  -> wl_region#136.add(14, 55, 535, 1)
[20:54:58.686702] {Default Queue}  -> wl_region#136.add(572, 55, 136, 1)
[20:54:58.686703] {Default Queue}  -> wl_region#136.add(883, 55, 383, 1)
[20:54:58.686703] {Default Queue}  -> wl_region#136.add(15, 56, 533, 1)
[20:54:58.686704] {Default Queue}  -> wl_region#136.add(573, 56, 134, 1)
[20:54:58.686705] {Default Queue}  -> wl_region#136.add(884, 56, 381, 1)
[20:54:58.686705] {Default Queue}  -> wl_region#136.add(16, 57, 531, 1)
[20:54:58.686706] {Default Queue}  -> wl_region#136.add(574, 57, 132, 1)
[20:54:58.686707] {Default Queue}  -> wl_region#136.add(885, 57, 379, 1)
[20:54:58.686708] {Default Queue}  -> wl_region#136.add(17, 58, 529, 1)
[20:54:58.686708] {Default Queue}  -> wl_region#136.add(575, 58, 130, 1)
[20:54:58.686709] {Default Queue}  -> wl_region#136.add(886, 58, 377, 1)
[20:54:58.686710] {Default Queue}  -> wl_region#136.add(19, 59, 525, 1)
[20:54:58.686710] {Default Queue}  -> wl_region#136.add(577, 59, 126, 1)
[20:54:58.686711] {Default Queue}  -> wl_region#136.add(888, 59, 373, 1)
[20:54:58.686712]  -> wl_surface#68.set_input_region(wl_region#136)
[20:54:58.686713] {Default Queue}  -> wl_region#136.destroy()
[20:54:58.686715]  -> wl_surface#68.attach(wl_buffer#91, 0, 0)
[20:54:58.686716]  -> wl_surface#68.damage_buffer(0, 0, 1280, 64)
[20:54:58.686717]  -> wl_surface#68.frame(new id wl_callback#150)
[20:54:58.686719] {Default Queue}  -> wp_presentation#20.feedback(wl_surface#68, new id wp_presentation_feedback#108)
[20:54:58.686720]  -> wl_surface#68.commit()
[20:54:58.686774] {Display Queue} wl_display#1.delete_id(136)
[20:54:58.686776] {Default Queue} wl_buffer#109.release()
[20:54:58.702452] {Display Queue} wl_display#1.delete_id(150)
[20:54:58.702457] {Display Queue} wl_display#1.delete_id(108)
[20:54:58.702458] {Default Queue} wl_callback#150.done(28821817)
[20:54:58.702462] {Default Queue} wp_presentation_feedback#108.sync_output(wl_output#60)
[20:54:58.702464] {Default Queue} wp_presentation_feedback#108.sync_output(wl_output#28)
[20:54:58.702465] {Default Queue} wp_presentation_feedback#108.presented(0, 28821, 817339199, 0, 0, 0, 0)
[20:55:00.035647]  -> wl_surface#68.attach(wl_buffer#109, 0, 0)
[20:55:00.035654]  -> wl_surface#68.damage_buffer(0, 0, 1280, 64)
[20:55:00.035658]  -> wl_surface#68.frame(new id wl_callback#108)
[20:55:00.035661] {Default Queue}  -> wp_presentation#20.feedback(wl_surface#68, new id wp_presentation_feedback#150)
[20:55:00.035663]  -> wl_surface#68.commit()
[20:55:00.036006]  -> wl_surface#137.attach(wl_buffer#73, 0, 0)
[20:55:00.036008]  -> wl_surface#137.damage_buffer(0, 0, 1001, 441)
[20:55:00.036010]  -> wl_surface#137.frame(new id wl_callback#136)
[20:55:00.036011] {Default Queue}  -> wp_presentation#20.feedback(wl_surface#137, new id wp_presentation_feedback#96)
[20:55:00.036013]  -> wl_surface#137.commit()
[20:55:00.036699] {Display Queue} wl_display#1.delete_id(108)
[20:55:00.036702] {Display Queue} wl_display#1.delete_id(136)
[20:55:00.036702] {Display Queue} wl_display#1.delete_id(150)
[20:55:00.036703] {Display Queue} wl_display#1.delete_id(96)
[20:55:00.036703] {Default Queue} wl_buffer#91.release()
[20:55:00.036704] {Default Queue} wl_buffer#140.release()
[20:55:00.036705] {Default Queue} wl_callback#108.done(28823151)
[20:55:00.036708] {Default Queue} wl_callback#136.done(28823151)
[20:55:00.036709] {Default Queue} wp_presentation_feedback#150.sync_output(wl_output#60)
[20:55:00.036710] {Default Queue} wp_presentation_feedback#150.sync_output(wl_output#28)
[20:55:00.036711] {Default Queue} wp_presentation_feedback#150.presented(0, 28823, 151582234, 0, 0, 0, 0)
[20:55:00.036713] {Default Queue} wp_presentation_feedback#96.sync_output(wl_output#76)
[20:55:00.036714] {Default Queue} wp_presentation_feedback#96.sync_output(wl_output#145)
[20:55:00.036714] {Default Queue} wp_presentation_feedback#96.presented(0, 28823, 151585294, 0, 0, 0, 0)
