[14:48:38.791637] {Default Queue}  -> wl_display#1.get_registry(new id wl_registry#2)
[14:48:38.791643] {Default Queue}  -> wl_display#1.sync(new id wl_callback#3)
[14:48:38.829310] {Display Queue} wl_display#1.delete_id(3)
[14:48:38.829318] {Default Queue} wl_registry#2.global(1, "wl_compositor", 6)
[14:48:38.829324] {Default Queue}  -> wl_registry#2.bind(1, "wl_compositor", 6, new id [unknown]#4)
[14:48:38.829327] {Default Queue} wl_registry#2.global(2, "wl_fixes", 1)
[14:48:38.829331] {Default Queue} wl_registry#2.global(3, "wp_security_context_manager_v1", 1)
[14:48:38.829332] {Default Queue} wl_registry#2.global(4, "wl_shm", 2)
[14:48:38.829333] {Default Queue}  -> wl_registry#2.bind(4, "wl_shm", 1, new id [unknown]#5)
[14:48:38.829335] {Default Queue} wl_registry#2.global(5, "wp_single_pixel_buffer_manager_v1", 1)
[14:48:38.829336] {Default Queue}  -> wl_registry#2.bind(5, "wp_single_pixel_buffer_manager_v1", 1, new id [unknown]#6)
[14:48:38.829337] {Default Queue} wl_registry#2.global(6, "wp_alpha_modifier_v1", 1)
[14:48:38.829337] {Default Queue} wl_registry#2.global(7, "wp_color_representation_manager_v1", 1)
[14:48:38.829338] {Default Queue}  -> wl_registry#2.bind(7, "wp_color_representation_manager_v1", 1, new id [unknown]#7)
[14:48:38.829339] {Default Queue} wl_registry#2.global(8, "wp_content_type_manager_v1", 1)
[14:48:38.829341] {Default Queue} wl_registry#2.global(9, "wp_fifo_manager_v1", 1)
[14:48:38.829342] {Default Queue} wl_registry#2.global(10, "wp_commit_timing_manager_v1", 1)
[14:48:38.829343] {Default Queue} wl_registry#2.global(11, "xdg_wm_dialog_v1", 1)
[14:48:38.829343] {Default Queue}  -> wl_registry#2.bind(11, "xdg_wm_dialog_v1", 1, new id [unknown]#8)
[14:48:38.829344] {Default Queue} wl_registry#2.global(12, "xdg_toplevel_drag_manager_v1", 1)
[14:48:38.829345] {Default Queue} wl_registry#2.global(13, "xdg_toplevel_icon_manager_v1", 1)
[14:48:38.829346] {Default Queue}  -> wl_registry#2.bind(13, "xdg_toplevel_icon_manager_v1", 1, new id [unknown]#9)
[14:48:38.829347] {Default Queue} wl_registry#2.global(14, "xdg_toplevel_tag_manager_v1", 1)
[14:48:38.829347] {Default Queue} wl_registry#2.global(15, "wp_viewporter", 1)
[14:48:38.829348] {Default Queue}  -> wl_registry#2.bind(15, "wp_viewporter", 1, new id [unknown]#10)
[14:48:38.829349] {Default Queue} wl_registry#2.global(16, "wp_fractional_scale_manager_v1", 1)
[14:48:38.829350] {Default Queue}  -> wl_registry#2.bind(16, "wp_fractional_scale_manager_v1", 1, new id [unknown]#11)
[14:48:38.829351] {Default Queue} wl_registry#2.global(17, "wl_subcompositor", 1)
[14:48:38.829352] {Default Queue}  -> wl_registry#2.bind(17, "wl_subcompositor", 1, new id [unknown]#12)
[14:48:38.829353] {Default Queue} wl_registry#2.global(18, "wp_cursor_shape_manager_v1", 2)
[14:48:38.829354] {Default Queue}  -> wl_registry#2.bind(18, "wp_cursor_shape_manager_v1", 1, new id [unknown]#13)
[14:48:38.829354] {Default Queue} wl_registry#2.global(19, "xdg_wm_base", 7)
[14:48:38.829355] {Default Queue} wl_registry#2.global(20, "zxdg_decoration_manager_v1", 1)
[14:48:38.829356] {Default Queue} wl_registry#2.global(21, "org_kde_kwin_server_decoration_manager", 1)
[14:48:38.829357] {Default Queue}  -> wl_registry#2.bind(21, "org_kde_kwin_server_decoration_manager", 1, new id [unknown]#14)
[14:48:38.829357] {Default Queue} wl_registry#2.global(22, "xdg_activation_v1", 1)
[14:48:38.829358] {Default Queue}  -> wl_registry#2.bind(22, "xdg_activation_v1", 1, new id [unknown]#15)
[14:48:38.829359] {Default Queue} wl_registry#2.global(23, "zxdg_exporter_v2", 1)
[14:48:38.829359] {Default Queue}  -> wl_registry#2.bind(23, "zxdg_exporter_v2", 1, new id [unknown]#16)
[14:48:38.829360] {Default Queue} wl_registry#2.global(24, "zxdg_importer_v2", 1)
[14:48:38.829361] {Default Queue}  -> wl_registry#2.bind(24, "zxdg_importer_v2", 1, new id [unknown]#17)
[14:48:38.829362] {Default Queue} wl_registry#2.global(25, "wl_data_device_manager", 3)
[14:48:38.829362] {Default Queue}  -> wl_registry#2.bind(25, "wl_data_device_manager", 3, new id [unknown]#18)
[14:48:38.829363] {Default Queue} wl_registry#2.global(26, "zwp_primary_selection_device_manager_v1", 1)
[14:48:38.829364] {Default Queue}  -> wl_registry#2.bind(26, "zwp_primary_selection_device_manager_v1", 1, new id [unknown]#19)
[14:48:38.829364] {Default Queue} wl_registry#2.global(27, "ext_data_control_manager_v1", 1)
[14:48:38.829365] {Default Queue} wl_registry#2.global(28, "zwlr_data_control_manager_v1", 2)
[14:48:38.829366] {Default Queue} wl_registry#2.global(29, "zwlr_export_dmabuf_manager_v1", 1)
[14:48:38.829367] {Default Queue} wl_registry#2.global(30, "zwlr_screencopy_manager_v1", 3)
[14:48:38.829367] {Default Queue} wl_registry#2.global(31, "ext_image_copy_capture_manager_v1", 1)
[14:48:38.829369] {Default Queue} wl_registry#2.global(32, "aqueous_capture_color_manager_v1", 1)
[14:48:38.829370] {Default Queue} wl_registry#2.global(33, "ext_output_image_capture_source_manager_v1", 1)
[14:48:38.829371] {Default Queue} wl_registry#2.global(34, "zwlr_foreign_toplevel_manager_v1", 3)
[14:48:38.829372] {Default Queue} wl_registry#2.global(35, "ext_foreign_toplevel_list_v1", 1)
[14:48:38.829373] {Default Queue} wl_registry#2.global(36, "ext_foreign_toplevel_image_capture_source_manager_v1", 1)
[14:48:38.829373] {Default Queue} wl_registry#2.global(37, "wp_tearing_control_manager_v1", 1)
[14:48:38.829374] {Default Queue} wl_registry#2.global(38, "zwp_linux_dmabuf_v1", 5)
[14:48:38.829375] {Default Queue}  -> wl_registry#2.bind(38, "zwp_linux_dmabuf_v1", 5, new id [unknown]#20)
[14:48:38.829376] {Default Queue}  -> zwp_linux_dmabuf_v1#20.get_default_feedback(new id zwp_linux_dmabuf_feedback_v1#21)
[14:48:38.829378] {Default Queue}  -> wl_display#1.sync(new id wl_callback#22)
[14:48:38.829379] {Default Queue} wl_registry#2.global(39, "wp_linux_drm_syncobj_manager_v1", 1)
[14:48:38.829380] {Default Queue} wl_registry#2.global(40, "wp_color_manager_v1", 3)
[14:48:38.829381] {Default Queue} wl_registry#2.global(41, "aqueous_window_manager_v1", 10)
[14:48:38.829381] {Default Queue} wl_registry#2.global(42, "ext_workspace_manager_v1", 1)
[14:48:38.829382] {Default Queue} wl_registry#2.global(43, "aqueous_window_info_manager_v1", 8)
[14:48:38.829383] {Default Queue} wl_registry#2.global(44, "aqueous_xkb_bindings_v1", 3)
[14:48:38.829383] {Default Queue} wl_registry#2.global(45, "aqueous_layer_shell_v1", 1)
[14:48:38.829384] {Default Queue} wl_registry#2.global(46, "zwlr_layer_shell_v1", 4)
[14:48:38.829385] {Default Queue} wl_registry#2.global(47, "zwlr_gamma_control_manager_v1", 1)
[14:48:38.829386] {Default Queue} wl_registry#2.global(48, "wp_presentation", 2)
[14:48:38.829387] {Default Queue}  -> wl_registry#2.bind(48, "wp_presentation", 1, new id [unknown]#23)
[14:48:38.829387] {Default Queue} wl_registry#2.global(49, "zxdg_output_manager_v1", 3)
[14:48:38.829388] {Default Queue}  -> wl_registry#2.bind(49, "zxdg_output_manager_v1", 3, new id [unknown]#24)
[14:48:38.829390] {Default Queue}  -> wl_display#1.sync(new id wl_callback#25)
[14:48:38.829391] {Default Queue} wl_registry#2.global(50, "zwlr_output_manager_v1", 4)
[14:48:38.829392] {Default Queue} wl_registry#2.global(51, "zwlr_output_power_manager_v1", 1)
[14:48:38.829392] {Default Queue} wl_registry#2.global(52, "aqueous_input_manager_v1", 2)
[14:48:38.829393] {Default Queue} wl_registry#2.global(53, "ext_idle_notifier_v1", 2)
[14:48:38.829394] {Default Queue} wl_registry#2.global(54, "zwp_relative_pointer_manager_v1", 1)
[14:48:38.829395] {Default Queue} wl_registry#2.global(55, "zwp_pointer_gestures_v1", 3)
[14:48:38.829395] {Default Queue}  -> wl_registry#2.bind(55, "zwp_pointer_gestures_v1", 3, new id [unknown]#26)
[14:48:38.829396] {Default Queue} wl_registry#2.global(56, "zwlr_virtual_pointer_manager_v1", 2)
[14:48:38.829397] {Default Queue} wl_registry#2.global(57, "zwp_virtual_keyboard_manager_v1", 1)
[14:48:38.829398] {Default Queue} wl_registry#2.global(58, "zwp_pointer_constraints_v1", 1)
[14:48:38.829399] {Default Queue} wl_registry#2.global(59, "zwp_input_method_manager_v2", 1)
[14:48:38.829399] {Default Queue} wl_registry#2.global(60, "zwp_text_input_manager_v3", 1)
[14:48:38.829400] {Default Queue} wl_registry#2.global(61, "zwp_tablet_manager_v2", 1)
[14:48:38.829401] {Default Queue}  -> wl_registry#2.bind(61, "zwp_tablet_manager_v2", 1, new id [unknown]#27)
[14:48:38.829403] {Default Queue} wl_registry#2.global(62, "wp_pointer_warp_v1", 1)
[14:48:38.829404] {Default Queue} wl_registry#2.global(63, "wl_seat", 9)
[14:48:38.829405] {Default Queue} wl_registry#2.global(64, "aqueous_libinput_config_v1", 2)
[14:48:38.829405] {Default Queue} wl_registry#2.global(65, "aqueous_xkb_config_v1", 2)
[14:48:38.829406] {Default Queue} wl_registry#2.global(66, "zwp_idle_inhibit_manager_v1", 1)
[14:48:38.829407] {Default Queue}  -> wl_registry#2.bind(66, "zwp_idle_inhibit_manager_v1", 1, new id [unknown]#28)
[14:48:38.829407] {Default Queue} wl_registry#2.global(67, "ext_session_lock_manager_v1", 1)
[14:48:38.829408] {Default Queue} wl_registry#2.global(68, "aqueous_shell_manager_v1", 2)
[14:48:38.829409] {Default Queue} wl_registry#2.global(69, "zwp_keyboard_shortcuts_inhibit_manager_v1", 1)
[14:48:38.829410] {Default Queue}  -> wl_registry#2.bind(69, "zwp_keyboard_shortcuts_inhibit_manager_v1", 1, new id [unknown]#29)
[14:48:38.829411] {Default Queue} wl_registry#2.global(70, "ext_background_effect_manager_v1", 1)
[14:48:38.829412] {Default Queue} wl_registry#2.global(71, "xdg_system_bell_v1", 1)
[14:48:38.829412] {Default Queue}  -> wl_registry#2.bind(71, "xdg_system_bell_v1", 1, new id [unknown]#30)
[14:48:38.829413] {Default Queue} wl_registry#2.global(72, "wl_output", 4)
[14:48:38.829414] {Default Queue}  -> wl_registry#2.bind(72, "wl_output", 4, new id [unknown]#31)
[14:48:38.829454] {Default Queue}  -> zxdg_output_manager_v1#24.get_xdg_output(new id zxdg_output_v1#32, wl_output#31)
[14:48:38.829460] {Default Queue}  -> wl_display#1.sync(new id wl_callback#33)
[14:48:38.829461] {Default Queue} wl_registry#2.global(73, "wl_output", 4)
[14:48:38.829461] {Default Queue}  -> wl_registry#2.bind(73, "wl_output", 4, new id [unknown]#34)
[14:48:38.829463] {Default Queue}  -> zxdg_output_manager_v1#24.get_xdg_output(new id zxdg_output_v1#35, wl_output#34)
[14:48:38.829464] {Default Queue}  -> wl_display#1.sync(new id wl_callback#36)
[14:48:38.829464] {Default Queue} wl_callback#3.done(5)
[14:48:38.829466] {Default Queue}  -> wl_registry#2.bind(63, "wl_seat", 9, new id [unknown]#3)
[14:48:38.830499] {Default Queue}  -> zwp_primary_selection_device_manager_v1#19.get_device(new id zwp_primary_selection_device_v1#37, wl_seat#3)
[14:48:38.830503] {Default Queue}  -> wl_data_device_manager#18.get_data_device(new id wl_data_device#38, wl_seat#3)
[14:48:38.830528] {Default Queue}  -> wl_compositor#4.create_surface(new id wl_surface#39)
[14:48:38.830530] {Default Queue}  -> wp_viewporter#10.get_viewport(new id wp_viewport#40, wl_surface#39)
[14:48:38.830531] {Default Queue}  -> wp_fractional_scale_manager_v1#11.get_fractional_scale(new id wp_fractional_scale_v1#41, wl_surface#39)
[14:48:38.830532] {Default Queue}  -> zwp_tablet_manager_v2#27.get_tablet_seat(new id zwp_tablet_seat_v2#42, wl_seat#3)
[14:48:38.830535] {Default Queue}  -> wl_display#1.sync(new id wl_callback#43)
[14:48:38.830611] {Display Queue} wl_display#1.delete_id(22)
[14:48:38.830612] {Display Queue} wl_display#1.delete_id(25)
[14:48:38.830613] {Display Queue} wl_display#1.delete_id(33)
[14:48:38.830613] {Display Queue} wl_display#1.delete_id(36)
[14:48:38.830614] {Display Queue} wl_display#1.delete_id(43)
[14:48:38.830614] {Default Queue} wl_shm#5.format(538982482)
[14:48:38.830615] {Default Queue} wl_shm#5.format(1210064978)
[14:48:38.830616] {Default Queue} wl_shm#5.format(1176510546)
[14:48:38.830616] {Default Queue} wl_shm#5.format(943215175)
[14:48:38.830617] {Default Queue} wl_shm#5.format(1210077767)
[14:48:38.830617] {Default Queue} wl_shm#5.format(1176523335)
[14:48:38.830618] {Default Queue} wl_shm#5.format(1)
[14:48:38.830618] {Default Queue} wl_shm#5.format(875709016)
[14:48:38.830619] {Default Queue} wl_shm#5.format(0)
[14:48:38.830619] {Default Queue} wl_shm#5.format(875708993)
[14:48:38.830620] {Default Queue} wl_shm#5.format(842088786)
[14:48:38.830620] {Default Queue} wl_shm#5.format(842094674)
[14:48:38.830621] {Default Queue} wl_shm#5.format(842088770)
[14:48:38.830621] {Default Queue} wl_shm#5.format(842094658)
[14:48:38.830621] {Default Queue} wl_shm#5.format(909199186)
[14:48:38.830622] {Default Queue} wl_shm#5.format(909199170)
[14:48:38.830622] {Default Queue} wl_shm#5.format(892420434)
[14:48:38.830623] {Default Queue} wl_shm#5.format(892426322)
[14:48:38.830623] {Default Queue} wl_shm#5.format(892420418)
[14:48:38.830624] {Default Queue} wl_shm#5.format(892426306)
[14:48:38.830624] {Default Queue} wl_shm#5.format(892424769)
[14:48:38.830625] {Default Queue} wl_shm#5.format(892424792)
[14:48:38.830625] {Default Queue} wl_shm#5.format(808669761)
[14:48:38.830626] {Default Queue} wl_shm#5.format(808669784)
[14:48:38.830626] {Default Queue} wl_shm#5.format(808665665)
[14:48:38.830627] {Default Queue} wl_shm#5.format(808665688)
[14:48:38.830627] {Default Queue} wl_shm#5.format(942948929)
[14:48:38.830628] {Default Queue} wl_shm#5.format(942948952)
[14:48:38.830628] {Default Queue} wl_shm#5.format(1211384385)
[14:48:38.830629] {Default Queue} wl_shm#5.format(1211384408)
[14:48:38.830629] {Default Queue} wl_shm#5.format(1178092097)
[14:48:38.830630] {Default Queue} wp_color_representation_manager_v1#7.supported_alpha_mode(0)
[14:48:38.830630] {Default Queue} wp_color_representation_manager_v1#7.supported_coefficients_and_ranges(1, 1)
[14:48:38.830632] {Default Queue} wp_color_representation_manager_v1#7.supported_coefficients_and_ranges(2, 2)
[14:48:38.830632] {Default Queue} wp_color_representation_manager_v1#7.supported_coefficients_and_ranges(2, 1)
[14:48:38.830633] {Default Queue} wp_color_representation_manager_v1#7.supported_coefficients_and_ranges(4, 2)
[14:48:38.830633] {Default Queue} wp_color_representation_manager_v1#7.supported_coefficients_and_ranges(4, 1)
[14:48:38.830634] {Default Queue} wp_color_representation_manager_v1#7.supported_coefficients_and_ranges(6, 2)
[14:48:38.830634] {Default Queue} wp_color_representation_manager_v1#7.supported_coefficients_and_ranges(6, 1)
[14:48:38.830635] {Default Queue} wp_color_representation_manager_v1#7.done()
[14:48:38.830636] {Default Queue} discarded xdg_toplevel_icon_manager_v1#9.icon_size(32)
[14:48:38.830637] {Default Queue} discarded xdg_toplevel_icon_manager_v1#9.icon_size(64)
[14:48:38.830637] {Default Queue} discarded xdg_toplevel_icon_manager_v1#9.icon_size(128)
[14:48:38.830637] {Default Queue} discarded xdg_toplevel_icon_manager_v1#9.done()
[14:48:38.830638] {Default Queue} org_kde_kwin_server_decoration_manager#14.default_mode(1)
[14:48:38.830639] {Default Queue} zwp_linux_dmabuf_feedback_v1#21.main_device(array[8])
[14:48:38.830640] {Default Queue} zwp_linux_dmabuf_feedback_v1#21.format_table(fd 7, 3200)
[14:48:38.830643] {Default Queue} zwp_linux_dmabuf_feedback_v1#21.tranche_target_device(array[8])
[14:48:38.830644] {Default Queue} zwp_linux_dmabuf_feedback_v1#21.tranche_flags(0)
[14:48:38.830645] {Default Queue} zwp_linux_dmabuf_feedback_v1#21.tranche_formats(array[400])
[14:48:38.830654] {Default Queue} zwp_linux_dmabuf_feedback_v1#21.tranche_done()
[14:48:38.830655] {Default Queue} zwp_linux_dmabuf_feedback_v1#21.done()
[14:48:38.830656] {Default Queue} wl_callback#22.done(5)
[14:48:38.830657] {Default Queue} discarded wp_presentation#23.clock_id(1)
[14:48:38.830657] {Default Queue} wl_callback#25.done(5)
[14:48:38.830658] {Default Queue} wl_output#31.geometry(0, 0, 0, 0, 0, "Unknown", "Unknown", 0)
[14:48:38.830661] {Default Queue} wl_output#31.mode(1, 1280, 720, 0)
[14:48:38.830662] {Default Queue} wl_output#31.scale(1)
[14:48:38.830663] {Default Queue} wl_output#31.name("HEADLESS-2")
[14:48:38.830664] {Default Queue} wl_output#31.description("Headless output 2")
[14:48:38.830664] {Default Queue} wl_output#31.done()
[14:48:38.830665] {Default Queue} zxdg_output_v1#32.name("HEADLESS-2")
[14:48:38.830666] {Default Queue} zxdg_output_v1#32.description("Headless output 2")
[14:48:38.830667] {Default Queue} zxdg_output_v1#32.logical_position(0, 0)
[14:48:38.830667] {Default Queue} zxdg_output_v1#32.logical_size(1280, 720)
[14:48:38.830668] {Default Queue} wl_output#31.done()
[14:48:38.830669] {Default Queue} wl_callback#33.done(5)
[14:48:38.830669] {Default Queue} wl_output#34.geometry(0, 0, 0, 0, 0, "Unknown", "Unknown", 0)
[14:48:38.830671] {Default Queue} wl_output#34.mode(1, 1280, 720, 0)
[14:48:38.830672] {Default Queue} wl_output#34.scale(1)
[14:48:38.830672] {Default Queue} wl_output#34.name("HEADLESS-1")
[14:48:38.830673] {Default Queue} wl_output#34.description("Headless output 1")
[14:48:38.830673] {Default Queue} wl_output#34.done()
[14:48:38.830674] {Default Queue} zxdg_output_v1#35.name("HEADLESS-1")
[14:48:38.830674] {Default Queue} zxdg_output_v1#35.description("Headless output 1")
[14:48:38.830675] {Default Queue} zxdg_output_v1#35.logical_position(1280, 0)
[14:48:38.830675] {Default Queue} zxdg_output_v1#35.logical_size(1280, 720)
[14:48:38.830676] {Default Queue} wl_output#34.done()
[14:48:38.830677] {Default Queue} wl_callback#36.done(5)
[14:48:38.830677] {Default Queue} wl_seat#3.name("default")
[14:48:38.830678] {Default Queue} wl_seat#3.capabilities(0)
[14:48:38.830679] {Default Queue} wl_callback#43.done(5)
[14:48:38.830680] {Default Queue}  -> wl_registry#2.bind(19, "xdg_wm_base", 7, new id [unknown]#43)
[14:48:38.839859] {Default Queue}  -> wl_display#1.get_registry(new id wl_registry#36)
[14:48:38.839863] {Default Queue}  -> wl_display#1.sync(new id wl_callback#33)
[14:48:38.839939] {Display Queue} wl_display#1.delete_id(33)
[14:48:38.839941] {Default Queue} wl_registry#36.global(1, "wl_compositor", 6)
[14:48:38.839942] {Default Queue} wl_registry#36.global(2, "wl_fixes", 1)
[14:48:38.839943] {Default Queue} wl_registry#36.global(3, "wp_security_context_manager_v1", 1)
[14:48:38.839944] {Default Queue} wl_registry#36.global(4, "wl_shm", 2)
[14:48:38.839945] {Default Queue} wl_registry#36.global(5, "wp_single_pixel_buffer_manager_v1", 1)
[14:48:38.839946] {Default Queue} wl_registry#36.global(6, "wp_alpha_modifier_v1", 1)
[14:48:38.839947] {Default Queue} wl_registry#36.global(7, "wp_color_representation_manager_v1", 1)
[14:48:38.839947] {Default Queue} wl_registry#36.global(8, "wp_content_type_manager_v1", 1)
[14:48:38.839948] {Default Queue} wl_registry#36.global(9, "wp_fifo_manager_v1", 1)
[14:48:38.839948] {Default Queue} wl_registry#36.global(10, "wp_commit_timing_manager_v1", 1)
[14:48:38.839949] {Default Queue} wl_registry#36.global(11, "xdg_wm_dialog_v1", 1)
[14:48:38.839950] {Default Queue} wl_registry#36.global(12, "xdg_toplevel_drag_manager_v1", 1)
[14:48:38.839950] {Default Queue} wl_registry#36.global(13, "xdg_toplevel_icon_manager_v1", 1)
[14:48:38.839951] {Default Queue} wl_registry#36.global(14, "xdg_toplevel_tag_manager_v1", 1)
[14:48:38.839951] {Default Queue} wl_registry#36.global(15, "wp_viewporter", 1)
[14:48:38.839952] {Default Queue} wl_registry#36.global(16, "wp_fractional_scale_manager_v1", 1)
[14:48:38.839953] {Default Queue} wl_registry#36.global(17, "wl_subcompositor", 1)
[14:48:38.839953] {Default Queue} wl_registry#36.global(18, "wp_cursor_shape_manager_v1", 2)
[14:48:38.839954] {Default Queue} wl_registry#36.global(19, "xdg_wm_base", 7)
[14:48:38.839954] {Default Queue} wl_registry#36.global(20, "zxdg_decoration_manager_v1", 1)
[14:48:38.839955] {Default Queue} wl_registry#36.global(21, "org_kde_kwin_server_decoration_manager", 1)
[14:48:38.839956] {Default Queue} wl_registry#36.global(22, "xdg_activation_v1", 1)
[14:48:38.839956] {Default Queue} wl_registry#36.global(23, "zxdg_exporter_v2", 1)
[14:48:38.839957] {Default Queue} wl_registry#36.global(24, "zxdg_importer_v2", 1)
[14:48:38.839957] {Default Queue} wl_registry#36.global(25, "wl_data_device_manager", 3)
[14:48:38.839958] {Default Queue} wl_registry#36.global(26, "zwp_primary_selection_device_manager_v1", 1)
[14:48:38.839958] {Default Queue} wl_registry#36.global(27, "ext_data_control_manager_v1", 1)
[14:48:38.839959] {Default Queue} wl_registry#36.global(28, "zwlr_data_control_manager_v1", 2)
[14:48:38.839959] {Default Queue} wl_registry#36.global(29, "zwlr_export_dmabuf_manager_v1", 1)
[14:48:38.839960] {Default Queue} wl_registry#36.global(30, "zwlr_screencopy_manager_v1", 3)
[14:48:38.839961] {Default Queue} wl_registry#36.global(31, "ext_image_copy_capture_manager_v1", 1)
[14:48:38.839961] {Default Queue} wl_registry#36.global(32, "aqueous_capture_color_manager_v1", 1)
[14:48:38.839962] {Default Queue} wl_registry#36.global(33, "ext_output_image_capture_source_manager_v1", 1)
[14:48:38.839962] {Default Queue} wl_registry#36.global(34, "zwlr_foreign_toplevel_manager_v1", 3)
[14:48:38.839963] {Default Queue} wl_registry#36.global(35, "ext_foreign_toplevel_list_v1", 1)
[14:48:38.839964] {Default Queue} wl_registry#36.global(36, "ext_foreign_toplevel_image_capture_source_manager_v1", 1)
[14:48:38.839964] {Default Queue} wl_registry#36.global(37, "wp_tearing_control_manager_v1", 1)
[14:48:38.839965] {Default Queue} wl_registry#36.global(38, "zwp_linux_dmabuf_v1", 5)
[14:48:38.839965] {Default Queue} wl_registry#36.global(39, "wp_linux_drm_syncobj_manager_v1", 1)
[14:48:38.839966] {Default Queue} wl_registry#36.global(40, "wp_color_manager_v1", 3)
[14:48:38.839966] {Default Queue} wl_registry#36.global(41, "aqueous_window_manager_v1", 10)
[14:48:38.839967] {Default Queue} wl_registry#36.global(42, "ext_workspace_manager_v1", 1)
[14:48:38.839968] {Default Queue} wl_registry#36.global(43, "aqueous_window_info_manager_v1", 8)
[14:48:38.839968] {Default Queue} wl_registry#36.global(44, "aqueous_xkb_bindings_v1", 3)
[14:48:38.839969] {Default Queue} wl_registry#36.global(45, "aqueous_layer_shell_v1", 1)
[14:48:38.839969] {Default Queue} wl_registry#36.global(46, "zwlr_layer_shell_v1", 4)
[14:48:38.839970] {Default Queue}  -> wl_registry#36.bind(46, "zwlr_layer_shell_v1", 4, new id [unknown]#25)
[14:48:38.839972] {Default Queue} wl_registry#36.global(47, "zwlr_gamma_control_manager_v1", 1)
[14:48:38.839972] {Default Queue} wl_registry#36.global(48, "wp_presentation", 2)
[14:48:38.839973] {Default Queue} wl_registry#36.global(49, "zxdg_output_manager_v1", 3)
[14:48:38.839973] {Default Queue} wl_registry#36.global(50, "zwlr_output_manager_v1", 4)
[14:48:38.839974] {Default Queue} wl_registry#36.global(51, "zwlr_output_power_manager_v1", 1)
[14:48:38.839975] {Default Queue} wl_registry#36.global(52, "aqueous_input_manager_v1", 2)
[14:48:38.839975] {Default Queue} wl_registry#36.global(53, "ext_idle_notifier_v1", 2)
[14:48:38.839976] {Default Queue} wl_registry#36.global(54, "zwp_relative_pointer_manager_v1", 1)
[14:48:38.839976] {Default Queue} wl_registry#36.global(55, "zwp_pointer_gestures_v1", 3)
[14:48:38.839977] {Default Queue} wl_registry#36.global(56, "zwlr_virtual_pointer_manager_v1", 2)
[14:48:38.839977] {Default Queue} wl_registry#36.global(57, "zwp_virtual_keyboard_manager_v1", 1)
[14:48:38.839978] {Default Queue} wl_registry#36.global(58, "zwp_pointer_constraints_v1", 1)
[14:48:38.839979] {Default Queue} wl_registry#36.global(59, "zwp_input_method_manager_v2", 1)
[14:48:38.839979] {Default Queue} wl_registry#36.global(60, "zwp_text_input_manager_v3", 1)
[14:48:38.839980] {Default Queue} wl_registry#36.global(61, "zwp_tablet_manager_v2", 1)
[14:48:38.839980] {Default Queue} wl_registry#36.global(62, "wp_pointer_warp_v1", 1)
[14:48:38.839981] {Default Queue} wl_registry#36.global(63, "wl_seat", 9)
[14:48:38.839981] {Default Queue} wl_registry#36.global(64, "aqueous_libinput_config_v1", 2)
[14:48:38.839982] {Default Queue} wl_registry#36.global(65, "aqueous_xkb_config_v1", 2)
[14:48:38.839982] {Default Queue} wl_registry#36.global(66, "zwp_idle_inhibit_manager_v1", 1)
[14:48:38.839983] {Default Queue} wl_registry#36.global(67, "ext_session_lock_manager_v1", 1)
[14:48:38.839984] {Default Queue} wl_registry#36.global(68, "aqueous_shell_manager_v1", 2)
[14:48:38.839984] {Default Queue} wl_registry#36.global(69, "zwp_keyboard_shortcuts_inhibit_manager_v1", 1)
[14:48:38.839985] {Default Queue} wl_registry#36.global(70, "ext_background_effect_manager_v1", 1)
[14:48:38.839986] {Default Queue} wl_registry#36.global(71, "xdg_system_bell_v1", 1)
[14:48:38.839988] {Default Queue} wl_registry#36.global(72, "wl_output", 4)
[14:48:38.839988] {Default Queue} wl_registry#36.global(73, "wl_output", 4)
[14:48:38.839989] {Default Queue} wl_callback#33.done(6)
[14:48:38.839990] {Default Queue}  -> wl_display#1.get_registry(new id wl_registry#33)
[14:48:38.839992] {Default Queue}  -> wl_display#1.get_registry(new id wl_registry#22)
[14:48:38.840312] {Default Queue}  -> wl_display#1.get_registry(new id wl_registry#44)
[14:48:38.840317] {Default Queue}  -> wl_display#1.sync(new id wl_callback#45)
[14:48:38.840334] {Default Queue} wl_registry#33.global(1, "wl_compositor", 6)
[14:48:38.840337] {Default Queue}  -> wl_registry#33.bind(1, "wl_compositor", 6, new id [unknown]#46)
[14:48:38.840339] {Default Queue} wl_registry#33.global(2, "wl_fixes", 1)
[14:48:38.840339] {Default Queue} wl_registry#33.global(3, "wp_security_context_manager_v1", 1)
[14:48:38.840340] {Default Queue} wl_registry#33.global(4, "wl_shm", 2)
[14:48:38.840341] {Default Queue} wl_registry#33.global(5, "wp_single_pixel_buffer_manager_v1", 1)
[14:48:38.840342] {Default Queue} wl_registry#33.global(6, "wp_alpha_modifier_v1", 1)
[14:48:38.840343] {Default Queue} wl_registry#33.global(7, "wp_color_representation_manager_v1", 1)
[14:48:38.840344] {Default Queue} wl_registry#33.global(8, "wp_content_type_manager_v1", 1)
[14:48:38.840344] {Default Queue} wl_registry#33.global(9, "wp_fifo_manager_v1", 1)
[14:48:38.840345] {Default Queue} wl_registry#33.global(10, "wp_commit_timing_manager_v1", 1)
[14:48:38.840346] {Default Queue} wl_registry#33.global(11, "xdg_wm_dialog_v1", 1)
[14:48:38.840347] {Default Queue} wl_registry#33.global(12, "xdg_toplevel_drag_manager_v1", 1)
[14:48:38.840348] {Default Queue} wl_registry#33.global(13, "xdg_toplevel_icon_manager_v1", 1)
[14:48:38.840348] {Default Queue} wl_registry#33.global(14, "xdg_toplevel_tag_manager_v1", 1)
[14:48:38.840349] {Default Queue} wl_registry#33.global(15, "wp_viewporter", 1)
[14:48:38.840349] {Default Queue} wl_registry#33.global(16, "wp_fractional_scale_manager_v1", 1)
[14:48:38.840350] {Default Queue} wl_registry#33.global(17, "wl_subcompositor", 1)
[14:48:38.840350] {Default Queue} wl_registry#33.global(18, "wp_cursor_shape_manager_v1", 2)
[14:48:38.840351] {Default Queue} wl_registry#33.global(19, "xdg_wm_base", 7)
[14:48:38.840351] {Default Queue} wl_registry#33.global(20, "zxdg_decoration_manager_v1", 1)
[14:48:38.840352] {Default Queue} wl_registry#33.global(21, "org_kde_kwin_server_decoration_manager", 1)
[14:48:38.840353] {Default Queue} wl_registry#33.global(22, "xdg_activation_v1", 1)
[14:48:38.840353] {Default Queue} wl_registry#33.global(23, "zxdg_exporter_v2", 1)
[14:48:38.840354] {Default Queue} wl_registry#33.global(24, "zxdg_importer_v2", 1)
[14:48:38.840354] {Default Queue} wl_registry#33.global(25, "wl_data_device_manager", 3)
[14:48:38.840355] {Default Queue} wl_registry#33.global(26, "zwp_primary_selection_device_manager_v1", 1)
[14:48:38.840355] {Default Queue} wl_registry#33.global(27, "ext_data_control_manager_v1", 1)
[14:48:38.840356] {Default Queue} wl_registry#33.global(28, "zwlr_data_control_manager_v1", 2)
[14:48:38.840356] {Default Queue} wl_registry#33.global(29, "zwlr_export_dmabuf_manager_v1", 1)
[14:48:38.840357] {Default Queue} wl_registry#33.global(30, "zwlr_screencopy_manager_v1", 3)
[14:48:38.840358] {Default Queue} wl_registry#33.global(31, "ext_image_copy_capture_manager_v1", 1)
[14:48:38.840358] {Default Queue} wl_registry#33.global(32, "aqueous_capture_color_manager_v1", 1)
[14:48:38.840359] {Default Queue} wl_registry#33.global(33, "ext_output_image_capture_source_manager_v1", 1)
[14:48:38.840360] {Default Queue} wl_registry#33.global(34, "zwlr_foreign_toplevel_manager_v1", 3)
[14:48:38.840360] {Default Queue} wl_registry#33.global(35, "ext_foreign_toplevel_list_v1", 1)
[14:48:38.840361] {Default Queue} wl_registry#33.global(36, "ext_foreign_toplevel_image_capture_source_manager_v1", 1)
[14:48:38.840361] {Default Queue} wl_registry#33.global(37, "wp_tearing_control_manager_v1", 1)
[14:48:38.840362] {Default Queue} wl_registry#33.global(38, "zwp_linux_dmabuf_v1", 5)
[14:48:38.840362] {Default Queue} wl_registry#33.global(39, "wp_linux_drm_syncobj_manager_v1", 1)
[14:48:38.840363] {Default Queue} wl_registry#33.global(40, "wp_color_manager_v1", 3)
[14:48:38.840364] {Default Queue} wl_registry#33.global(41, "aqueous_window_manager_v1", 10)
[14:48:38.840364] {Default Queue} wl_registry#33.global(42, "ext_workspace_manager_v1", 1)
[14:48:38.840365] {Default Queue} wl_registry#33.global(43, "aqueous_window_info_manager_v1", 8)
[14:48:38.840365] {Default Queue} wl_registry#33.global(44, "aqueous_xkb_bindings_v1", 3)
[14:48:38.840366] {Default Queue} wl_registry#33.global(45, "aqueous_layer_shell_v1", 1)
[14:48:38.840367] {Default Queue} wl_registry#33.global(46, "zwlr_layer_shell_v1", 4)
[14:48:38.840367] {Default Queue} wl_registry#33.global(47, "zwlr_gamma_control_manager_v1", 1)
[14:48:38.840368] {Default Queue} wl_registry#33.global(48, "wp_presentation", 2)
[14:48:38.840369] {Default Queue} wl_registry#33.global(49, "zxdg_output_manager_v1", 3)
[14:48:38.840369] {Default Queue} wl_registry#33.global(50, "zwlr_output_manager_v1", 4)
[14:48:38.840370] {Default Queue} wl_registry#33.global(51, "zwlr_output_power_manager_v1", 1)
[14:48:38.840370] {Default Queue} wl_registry#33.global(52, "aqueous_input_manager_v1", 2)
[14:48:38.840371] {Default Queue} wl_registry#33.global(53, "ext_idle_notifier_v1", 2)
[14:48:38.840371] {Default Queue} wl_registry#33.global(54, "zwp_relative_pointer_manager_v1", 1)
[14:48:38.840372] {Default Queue} wl_registry#33.global(55, "zwp_pointer_gestures_v1", 3)
[14:48:38.840373] {Default Queue} wl_registry#33.global(56, "zwlr_virtual_pointer_manager_v1", 2)
[14:48:38.840373] {Default Queue} wl_registry#33.global(57, "zwp_virtual_keyboard_manager_v1", 1)
[14:48:38.840374] {Default Queue} wl_registry#33.global(58, "zwp_pointer_constraints_v1", 1)
[14:48:38.840374] {Default Queue} wl_registry#33.global(59, "zwp_input_method_manager_v2", 1)
[14:48:38.840375] {Default Queue} wl_registry#33.global(60, "zwp_text_input_manager_v3", 1)
[14:48:38.840375] {Default Queue} wl_registry#33.global(61, "zwp_tablet_manager_v2", 1)
[14:48:38.840376] {Default Queue} wl_registry#33.global(62, "wp_pointer_warp_v1", 1)
[14:48:38.840376] {Default Queue} wl_registry#33.global(63, "wl_seat", 9)
[14:48:38.840377] {Default Queue} wl_registry#33.global(64, "aqueous_libinput_config_v1", 2)
[14:48:38.840378] {Default Queue} wl_registry#33.global(65, "aqueous_xkb_config_v1", 2)
[14:48:38.840378] {Default Queue} wl_registry#33.global(66, "zwp_idle_inhibit_manager_v1", 1)
[14:48:38.840379] {Default Queue} wl_registry#33.global(67, "ext_session_lock_manager_v1", 1)
[14:48:38.840379] {Default Queue} wl_registry#33.global(68, "aqueous_shell_manager_v1", 2)
[14:48:38.840380] {Default Queue}  -> wl_registry#33.bind(68, "aqueous_shell_manager_v1", 2, new id [unknown]#47)
[14:48:38.840382] {Default Queue} wl_registry#33.global(69, "zwp_keyboard_shortcuts_inhibit_manager_v1", 1)
[14:48:38.840382] {Default Queue} wl_registry#33.global(70, "ext_background_effect_manager_v1", 1)
[14:48:38.840383] {Default Queue}  -> wl_registry#33.bind(70, "ext_background_effect_manager_v1", 1, new id [unknown]#48)
[14:48:38.840384] {Default Queue} wl_registry#33.global(71, "xdg_system_bell_v1", 1)
[14:48:38.840385] {Default Queue} wl_registry#33.global(72, "wl_output", 4)
[14:48:38.840385] {Default Queue} wl_registry#33.global(73, "wl_output", 4)
[14:48:38.840386] {Default Queue} wl_registry#22.global(1, "wl_compositor", 6)
[14:48:38.840387] {Default Queue} wl_registry#22.global(2, "wl_fixes", 1)
[14:48:38.840387] {Default Queue} wl_registry#22.global(3, "wp_security_context_manager_v1", 1)
[14:48:38.840388] {Default Queue} wl_registry#22.global(4, "wl_shm", 2)
[14:48:38.840389] {Default Queue} wl_registry#22.global(5, "wp_single_pixel_buffer_manager_v1", 1)
[14:48:38.840389] {Default Queue} wl_registry#22.global(6, "wp_alpha_modifier_v1", 1)
[14:48:38.840390] {Default Queue} wl_registry#22.global(7, "wp_color_representation_manager_v1", 1)
[14:48:38.840390] {Default Queue} wl_registry#22.global(8, "wp_content_type_manager_v1", 1)
[14:48:38.840391] {Default Queue} wl_registry#22.global(9, "wp_fifo_manager_v1", 1)
[14:48:38.840391] {Default Queue} wl_registry#22.global(10, "wp_commit_timing_manager_v1", 1)
[14:48:38.840392] {Default Queue} wl_registry#22.global(11, "xdg_wm_dialog_v1", 1)
[14:48:38.840392] {Default Queue} wl_registry#22.global(12, "xdg_toplevel_drag_manager_v1", 1)
[14:48:38.840393] {Default Queue} wl_registry#22.global(13, "xdg_toplevel_icon_manager_v1", 1)
[14:48:38.840393] {Default Queue} wl_registry#22.global(14, "xdg_toplevel_tag_manager_v1", 1)
[14:48:38.840394] {Default Queue} wl_registry#22.global(15, "wp_viewporter", 1)
[14:48:38.840394] {Default Queue} wl_registry#22.global(16, "wp_fractional_scale_manager_v1", 1)
[14:48:38.840395] {Default Queue} wl_registry#22.global(17, "wl_subcompositor", 1)
[14:48:38.840395] {Default Queue} wl_registry#22.global(18, "wp_cursor_shape_manager_v1", 2)
[14:48:38.840396] {Default Queue} wl_registry#22.global(19, "xdg_wm_base", 7)
[14:48:38.840397] {Default Queue} wl_registry#22.global(20, "zxdg_decoration_manager_v1", 1)
[14:48:38.840397] {Default Queue} wl_registry#22.global(21, "org_kde_kwin_server_decoration_manager", 1)
[14:48:38.840398] {Default Queue} wl_registry#22.global(22, "xdg_activation_v1", 1)
[14:48:38.840398] {Default Queue} wl_registry#22.global(23, "zxdg_exporter_v2", 1)
[14:48:38.840399] {Default Queue} wl_registry#22.global(24, "zxdg_importer_v2", 1)
[14:48:38.840399] {Default Queue} wl_registry#22.global(25, "wl_data_device_manager", 3)
[14:48:38.840400] {Default Queue} wl_registry#22.global(26, "zwp_primary_selection_device_manager_v1", 1)
[14:48:38.840400] {Default Queue} wl_registry#22.global(27, "ext_data_control_manager_v1", 1)
[14:48:38.840401] {Default Queue} wl_registry#22.global(28, "zwlr_data_control_manager_v1", 2)
[14:48:38.840401] {Default Queue} wl_registry#22.global(29, "zwlr_export_dmabuf_manager_v1", 1)
[14:48:38.840402] {Default Queue} wl_registry#22.global(30, "zwlr_screencopy_manager_v1", 3)
[14:48:38.840402] {Default Queue} wl_registry#22.global(31, "ext_image_copy_capture_manager_v1", 1)
[14:48:38.840403] {Default Queue} wl_registry#22.global(32, "aqueous_capture_color_manager_v1", 1)
[14:48:38.840404] {Default Queue} wl_registry#22.global(33, "ext_output_image_capture_source_manager_v1", 1)
[14:48:38.840404] {Default Queue} wl_registry#22.global(34, "zwlr_foreign_toplevel_manager_v1", 3)
[14:48:38.840405] {Default Queue} wl_registry#22.global(35, "ext_foreign_toplevel_list_v1", 1)
[14:48:38.840405] {Default Queue} wl_registry#22.global(36, "ext_foreign_toplevel_image_capture_source_manager_v1", 1)
[14:48:38.840406] {Default Queue} wl_registry#22.global(37, "wp_tearing_control_manager_v1", 1)
[14:48:38.840407] {Default Queue} wl_registry#22.global(38, "zwp_linux_dmabuf_v1", 5)
[14:48:38.840407] {Default Queue} wl_registry#22.global(39, "wp_linux_drm_syncobj_manager_v1", 1)
[14:48:38.840408] {Default Queue} wl_registry#22.global(40, "wp_color_manager_v1", 3)
[14:48:38.840408] {Default Queue} wl_registry#22.global(41, "aqueous_window_manager_v1", 10)
[14:48:38.840409] {Default Queue} wl_registry#22.global(42, "ext_workspace_manager_v1", 1)
[14:48:38.840409] {Default Queue} wl_registry#22.global(43, "aqueous_window_info_manager_v1", 8)
[14:48:38.840410] {Default Queue} wl_registry#22.global(44, "aqueous_xkb_bindings_v1", 3)
[14:48:38.840410] {Default Queue} wl_registry#22.global(45, "aqueous_layer_shell_v1", 1)
[14:48:38.840411] {Default Queue} wl_registry#22.global(46, "zwlr_layer_shell_v1", 4)
[14:48:38.840411] {Default Queue} wl_registry#22.global(47, "zwlr_gamma_control_manager_v1", 1)
[14:48:38.840412] {Default Queue} wl_registry#22.global(48, "wp_presentation", 2)
[14:48:38.840413] {Default Queue} wl_registry#22.global(49, "zxdg_output_manager_v1", 3)
[14:48:38.840413] {Default Queue} wl_registry#22.global(50, "zwlr_output_manager_v1", 4)
[14:48:38.840414] {Default Queue} wl_registry#22.global(51, "zwlr_output_power_manager_v1", 1)
[14:48:38.840414] {Default Queue} wl_registry#22.global(52, "aqueous_input_manager_v1", 2)
[14:48:38.840415] {Default Queue} wl_registry#22.global(53, "ext_idle_notifier_v1", 2)
[14:48:38.840415] {Default Queue} wl_registry#22.global(54, "zwp_relative_pointer_manager_v1", 1)
[14:48:38.840416] {Default Queue} wl_registry#22.global(55, "zwp_pointer_gestures_v1", 3)
[14:48:38.840416] {Default Queue} wl_registry#22.global(56, "zwlr_virtual_pointer_manager_v1", 2)
[14:48:38.840417] {Default Queue} wl_registry#22.global(57, "zwp_virtual_keyboard_manager_v1", 1)
[14:48:38.840417] {Default Queue} wl_registry#22.global(58, "zwp_pointer_constraints_v1", 1)
[14:48:38.840418] {Default Queue} wl_registry#22.global(59, "zwp_input_method_manager_v2", 1)
[14:48:38.840418] {Default Queue} wl_registry#22.global(60, "zwp_text_input_manager_v3", 1)
[14:48:38.840419] {Default Queue} wl_registry#22.global(61, "zwp_tablet_manager_v2", 1)
[14:48:38.840419] {Default Queue} wl_registry#22.global(62, "wp_pointer_warp_v1", 1)
[14:48:38.840420] {Default Queue} wl_registry#22.global(63, "wl_seat", 9)
[14:48:38.840420] {Default Queue} wl_registry#22.global(64, "aqueous_libinput_config_v1", 2)
[14:48:38.840421] {Default Queue} wl_registry#22.global(65, "aqueous_xkb_config_v1", 2)
[14:48:38.840421] {Default Queue} wl_registry#22.global(66, "zwp_idle_inhibit_manager_v1", 1)
[14:48:38.840422] {Default Queue} wl_registry#22.global(67, "ext_session_lock_manager_v1", 1)
[14:48:38.840422] {Default Queue} wl_registry#22.global(68, "aqueous_shell_manager_v1", 2)
[14:48:38.840423] {Default Queue} wl_registry#22.global(69, "zwp_keyboard_shortcuts_inhibit_manager_v1", 1)
[14:48:38.840424] {Default Queue} wl_registry#22.global(70, "ext_background_effect_manager_v1", 1)
[14:48:38.840424] {Default Queue} wl_registry#22.global(71, "xdg_system_bell_v1", 1)
[14:48:38.840425] {Default Queue} wl_registry#22.global(72, "wl_output", 4)
[14:48:38.840425] {Default Queue} wl_registry#22.global(73, "wl_output", 4)
[14:48:38.840432] {Display Queue} wl_display#1.delete_id(45)
[14:48:38.840434] {Default Queue} wl_registry#44.global(1, "wl_compositor", 6)
[14:48:38.840435] {Default Queue} wl_registry#44.global(2, "wl_fixes", 1)
[14:48:38.840435] {Default Queue} wl_registry#44.global(3, "wp_security_context_manager_v1", 1)
[14:48:38.840436] {Default Queue} wl_registry#44.global(4, "wl_shm", 2)
[14:48:38.840436] {Default Queue} wl_registry#44.global(5, "wp_single_pixel_buffer_manager_v1", 1)
[14:48:38.840437] {Default Queue} wl_registry#44.global(6, "wp_alpha_modifier_v1", 1)
[14:48:38.840438] {Default Queue} wl_registry#44.global(7, "wp_color_representation_manager_v1", 1)
[14:48:38.840438] {Default Queue} wl_registry#44.global(8, "wp_content_type_manager_v1", 1)
[14:48:38.840439] {Default Queue} wl_registry#44.global(9, "wp_fifo_manager_v1", 1)
[14:48:38.840439] {Default Queue} wl_registry#44.global(10, "wp_commit_timing_manager_v1", 1)
[14:48:38.840440] {Default Queue} wl_registry#44.global(11, "xdg_wm_dialog_v1", 1)
[14:48:38.840441] {Default Queue} wl_registry#44.global(12, "xdg_toplevel_drag_manager_v1", 1)
[14:48:38.840441] {Default Queue} wl_registry#44.global(13, "xdg_toplevel_icon_manager_v1", 1)
[14:48:38.840442] {Default Queue} wl_registry#44.global(14, "xdg_toplevel_tag_manager_v1", 1)
[14:48:38.840442] {Default Queue} wl_registry#44.global(15, "wp_viewporter", 1)
[14:48:38.840443] {Default Queue} wl_registry#44.global(16, "wp_fractional_scale_manager_v1", 1)
[14:48:38.840443] {Default Queue} wl_registry#44.global(17, "wl_subcompositor", 1)
[14:48:38.840444] {Default Queue} wl_registry#44.global(18, "wp_cursor_shape_manager_v1", 2)
[14:48:38.840445] {Default Queue} wl_registry#44.global(19, "xdg_wm_base", 7)
[14:48:38.840445] {Default Queue} wl_registry#44.global(20, "zxdg_decoration_manager_v1", 1)
[14:48:38.840446] {Default Queue} wl_registry#44.global(21, "org_kde_kwin_server_decoration_manager", 1)
[14:48:38.840446] {Default Queue} wl_registry#44.global(22, "xdg_activation_v1", 1)
[14:48:38.840447] {Default Queue} wl_registry#44.global(23, "zxdg_exporter_v2", 1)
[14:48:38.840447] {Default Queue} wl_registry#44.global(24, "zxdg_importer_v2", 1)
[14:48:38.840448] {Default Queue} wl_registry#44.global(25, "wl_data_device_manager", 3)
[14:48:38.840449] {Default Queue} wl_registry#44.global(26, "zwp_primary_selection_device_manager_v1", 1)
[14:48:38.840449] {Default Queue} wl_registry#44.global(27, "ext_data_control_manager_v1", 1)
[14:48:38.840450] {Default Queue} wl_registry#44.global(28, "zwlr_data_control_manager_v1", 2)
[14:48:38.840450] {Default Queue} wl_registry#44.global(29, "zwlr_export_dmabuf_manager_v1", 1)
[14:48:38.840451] {Default Queue} wl_registry#44.global(30, "zwlr_screencopy_manager_v1", 3)
[14:48:38.840451] {Default Queue} wl_registry#44.global(31, "ext_image_copy_capture_manager_v1", 1)
[14:48:38.840452] {Default Queue} wl_registry#44.global(32, "aqueous_capture_color_manager_v1", 1)
[14:48:38.840453] {Default Queue} wl_registry#44.global(33, "ext_output_image_capture_source_manager_v1", 1)
[14:48:38.840453] {Default Queue} wl_registry#44.global(34, "zwlr_foreign_toplevel_manager_v1", 3)
[14:48:38.840454] {Default Queue} wl_registry#44.global(35, "ext_foreign_toplevel_list_v1", 1)
[14:48:38.840454] {Default Queue} wl_registry#44.global(36, "ext_foreign_toplevel_image_capture_source_manager_v1", 1)
[14:48:38.840455] {Default Queue} wl_registry#44.global(37, "wp_tearing_control_manager_v1", 1)
[14:48:38.840455] {Default Queue} wl_registry#44.global(38, "zwp_linux_dmabuf_v1", 5)
[14:48:38.840456] {Default Queue} wl_registry#44.global(39, "wp_linux_drm_syncobj_manager_v1", 1)
[14:48:38.840457] {Default Queue} wl_registry#44.global(40, "wp_color_manager_v1", 3)
[14:48:38.840457] {Default Queue} wl_registry#44.global(41, "aqueous_window_manager_v1", 10)
[14:48:38.840458] {Default Queue} wl_registry#44.global(42, "ext_workspace_manager_v1", 1)
[14:48:38.840458] {Default Queue} wl_registry#44.global(43, "aqueous_window_info_manager_v1", 8)
[14:48:38.840459] {Default Queue} wl_registry#44.global(44, "aqueous_xkb_bindings_v1", 3)
[14:48:38.840459] {Default Queue} wl_registry#44.global(45, "aqueous_layer_shell_v1", 1)
[14:48:38.840460] {Default Queue} wl_registry#44.global(46, "zwlr_layer_shell_v1", 4)
[14:48:38.840461] {Default Queue}  -> wl_registry#44.bind(46, "zwlr_layer_shell_v1", 4, new id [unknown]#49)
[14:48:38.840462] {Default Queue} wl_registry#44.global(47, "zwlr_gamma_control_manager_v1", 1)
[14:48:38.840463] {Default Queue} wl_registry#44.global(48, "wp_presentation", 2)
[14:48:38.840463] {Default Queue} wl_registry#44.global(49, "zxdg_output_manager_v1", 3)
[14:48:38.840464] {Default Queue} wl_registry#44.global(50, "zwlr_output_manager_v1", 4)
[14:48:38.840465] {Default Queue} wl_registry#44.global(51, "zwlr_output_power_manager_v1", 1)
[14:48:38.840465] {Default Queue} wl_registry#44.global(52, "aqueous_input_manager_v1", 2)
[14:48:38.840466] {Default Queue} wl_registry#44.global(53, "ext_idle_notifier_v1", 2)
[14:48:38.840466] {Default Queue} wl_registry#44.global(54, "zwp_relative_pointer_manager_v1", 1)
[14:48:38.840467] {Default Queue} wl_registry#44.global(55, "zwp_pointer_gestures_v1", 3)
[14:48:38.840467] {Default Queue} wl_registry#44.global(56, "zwlr_virtual_pointer_manager_v1", 2)
[14:48:38.840468] {Default Queue} wl_registry#44.global(57, "zwp_virtual_keyboard_manager_v1", 1)
[14:48:38.840469] {Default Queue} wl_registry#44.global(58, "zwp_pointer_constraints_v1", 1)
[14:48:38.840469] {Default Queue} wl_registry#44.global(59, "zwp_input_method_manager_v2", 1)
[14:48:38.840470] {Default Queue} wl_registry#44.global(60, "zwp_text_input_manager_v3", 1)
[14:48:38.840470] {Default Queue} wl_registry#44.global(61, "zwp_tablet_manager_v2", 1)
[14:48:38.840471] {Default Queue} wl_registry#44.global(62, "wp_pointer_warp_v1", 1)
[14:48:38.840472] {Default Queue} wl_registry#44.global(63, "wl_seat", 9)
[14:48:38.840472] {Default Queue} wl_registry#44.global(64, "aqueous_libinput_config_v1", 2)
[14:48:38.840473] {Default Queue} wl_registry#44.global(65, "aqueous_xkb_config_v1", 2)
[14:48:38.840473] {Default Queue} wl_registry#44.global(66, "zwp_idle_inhibit_manager_v1", 1)
[14:48:38.840474] {Default Queue} wl_registry#44.global(67, "ext_session_lock_manager_v1", 1)
[14:48:38.840475] {Default Queue}  -> wl_registry#44.bind(67, "ext_session_lock_manager_v1", 1, new id [unknown]#50)
[14:48:38.840475] {Default Queue} wl_registry#44.global(68, "aqueous_shell_manager_v1", 2)
[14:48:38.840476] {Default Queue} wl_registry#44.global(69, "zwp_keyboard_shortcuts_inhibit_manager_v1", 1)
[14:48:38.840476] {Default Queue} wl_registry#44.global(70, "ext_background_effect_manager_v1", 1)
[14:48:38.840477] {Default Queue} wl_registry#44.global(71, "xdg_system_bell_v1", 1)
[14:48:38.840478] {Default Queue} wl_registry#44.global(72, "wl_output", 4)
[14:48:38.840478] {Default Queue} wl_registry#44.global(73, "wl_output", 4)
[14:48:38.840479] {Default Queue} wl_callback#45.done(6)
[14:48:38.840480] {Default Queue} aqueous_shell_manager_v1#47.capabilities("{"schema":1,"session":"1f7bc29896944c55881287fe64dabb58","max_batch_bytes":4194304,"state":true,"commands":true,"keyboard":true,"overview":true,"config_reload":true,"shortcut_inhibition":true,"icon_metadata":true,"geometry":"committed-content-global-logical"}")
[14:48:38.840492] {Default Queue}  -> aqueous_shell_manager_v1#47.destroy()
[14:48:38.840496] {Default Queue} ext_background_effect_manager_v1#48.capabilities(1)
info: event=blur-capability available=true
[14:48:38.840504] {Default Queue}  -> wl_display#1.get_registry(new id wl_registry#45)
[14:48:38.840920] {Default Queue}  -> wl_display#1.get_registry(new id wl_registry#51)
[14:48:38.840925] {Default Queue}  -> wl_display#1.get_registry(new id wl_registry#52)
info(pearl): event=aqueous-availability state=connecting
info(pearl): event=ready mode=session
[14:48:38.841169] {Display Queue} wl_display#1.delete_id(47)
[14:48:38.841172] {Default Queue} wl_registry#45.global(1, "wl_compositor", 6)
[14:48:38.841174] {Default Queue} wl_registry#45.global(2, "wl_fixes", 1)
[14:48:38.841175] {Default Queue} wl_registry#45.global(3, "wp_security_context_manager_v1", 1)
[14:48:38.841175] {Default Queue} wl_registry#45.global(4, "wl_shm", 2)
[14:48:38.841176] {Default Queue} wl_registry#45.global(5, "wp_single_pixel_buffer_manager_v1", 1)
[14:48:38.841177] {Default Queue} wl_registry#45.global(6, "wp_alpha_modifier_v1", 1)
[14:48:38.841178] {Default Queue} wl_registry#45.global(7, "wp_color_representation_manager_v1", 1)
[14:48:38.841178] {Default Queue} wl_registry#45.global(8, "wp_content_type_manager_v1", 1)
[14:48:38.841179] {Default Queue} wl_registry#45.global(9, "wp_fifo_manager_v1", 1)
[14:48:38.841179] {Default Queue} wl_registry#45.global(10, "wp_commit_timing_manager_v1", 1)
[14:48:38.841180] {Default Queue} wl_registry#45.global(11, "xdg_wm_dialog_v1", 1)
[14:48:38.841181] {Default Queue} wl_registry#45.global(12, "xdg_toplevel_drag_manager_v1", 1)
[14:48:38.841181] {Default Queue} wl_registry#45.global(13, "xdg_toplevel_icon_manager_v1", 1)
[14:48:38.841182] {Default Queue} wl_registry#45.global(14, "xdg_toplevel_tag_manager_v1", 1)
[14:48:38.841182] {Default Queue} wl_registry#45.global(15, "wp_viewporter", 1)
[14:48:38.841183] {Default Queue} wl_registry#45.global(16, "wp_fractional_scale_manager_v1", 1)
[14:48:38.841184] {Default Queue} wl_registry#45.global(17, "wl_subcompositor", 1)
[14:48:38.841184] {Default Queue} wl_registry#45.global(18, "wp_cursor_shape_manager_v1", 2)
[14:48:38.841185] {Default Queue} wl_registry#45.global(19, "xdg_wm_base", 7)
[14:48:38.841185] {Default Queue} wl_registry#45.global(20, "zxdg_decoration_manager_v1", 1)
[14:48:38.841186] {Default Queue} wl_registry#45.global(21, "org_kde_kwin_server_decoration_manager", 1)
[14:48:38.841187] {Default Queue} wl_registry#45.global(22, "xdg_activation_v1", 1)
[14:48:38.841187] {Default Queue} wl_registry#45.global(23, "zxdg_exporter_v2", 1)
[14:48:38.841188] {Default Queue} wl_registry#45.global(24, "zxdg_importer_v2", 1)
[14:48:38.841188] {Default Queue} wl_registry#45.global(25, "wl_data_device_manager", 3)
[14:48:38.841189] {Default Queue} wl_registry#45.global(26, "zwp_primary_selection_device_manager_v1", 1)
[14:48:38.841189] {Default Queue} wl_registry#45.global(27, "ext_data_control_manager_v1", 1)
[14:48:38.841190] {Default Queue} wl_registry#45.global(28, "zwlr_data_control_manager_v1", 2)
[14:48:38.841190] {Default Queue} wl_registry#45.global(29, "zwlr_export_dmabuf_manager_v1", 1)
[14:48:38.841191] {Default Queue} wl_registry#45.global(30, "zwlr_screencopy_manager_v1", 3)
[14:48:38.841192] {Default Queue} wl_registry#45.global(31, "ext_image_copy_capture_manager_v1", 1)
[14:48:38.841192] {Default Queue} wl_registry#45.global(32, "aqueous_capture_color_manager_v1", 1)
[14:48:38.841193] {Default Queue} wl_registry#45.global(33, "ext_output_image_capture_source_manager_v1", 1)
[14:48:38.841193] {Default Queue} wl_registry#45.global(34, "zwlr_foreign_toplevel_manager_v1", 3)
[14:48:38.841194] {Default Queue} wl_registry#45.global(35, "ext_foreign_toplevel_list_v1", 1)
[14:48:38.841195] {Default Queue} wl_registry#45.global(36, "ext_foreign_toplevel_image_capture_source_manager_v1", 1)
[14:48:38.841195] {Default Queue} wl_registry#45.global(37, "wp_tearing_control_manager_v1", 1)
[14:48:38.841196] {Default Queue} wl_registry#45.global(38, "zwp_linux_dmabuf_v1", 5)
[14:48:38.841196] {Default Queue} wl_registry#45.global(39, "wp_linux_drm_syncobj_manager_v1", 1)
[14:48:38.841197] {Default Queue} wl_registry#45.global(40, "wp_color_manager_v1", 3)
[14:48:38.841198] {Default Queue} wl_registry#45.global(41, "aqueous_window_manager_v1", 10)
[14:48:38.841198] {Default Queue} wl_registry#45.global(42, "ext_workspace_manager_v1", 1)
[14:48:38.841199] {Default Queue} wl_registry#45.global(43, "aqueous_window_info_manager_v1", 8)
[14:48:38.841199] {Default Queue} wl_registry#45.global(44, "aqueous_xkb_bindings_v1", 3)
[14:48:38.841200] {Default Queue} wl_registry#45.global(45, "aqueous_layer_shell_v1", 1)
[14:48:38.841201] {Default Queue} wl_registry#45.global(46, "zwlr_layer_shell_v1", 4)
[14:48:38.841201] {Default Queue} wl_registry#45.global(47, "zwlr_gamma_control_manager_v1", 1)
[14:48:38.841202] {Default Queue} wl_registry#45.global(48, "wp_presentation", 2)
[14:48:38.841202] {Default Queue} wl_registry#45.global(49, "zxdg_output_manager_v1", 3)
[14:48:38.841203] {Default Queue} wl_registry#45.global(50, "zwlr_output_manager_v1", 4)
[14:48:38.841203] {Default Queue} wl_registry#45.global(51, "zwlr_output_power_manager_v1", 1)
[14:48:38.841204] {Default Queue} wl_registry#45.global(52, "aqueous_input_manager_v1", 2)
[14:48:38.841205] {Default Queue} wl_registry#45.global(53, "ext_idle_notifier_v1", 2)
[14:48:38.841206] {Default Queue}  -> wl_registry#45.bind(53, "ext_idle_notifier_v1", 1, new id [unknown]#47)
[14:48:38.841207] {Default Queue} wl_registry#45.global(54, "zwp_relative_pointer_manager_v1", 1)
[14:48:38.841207] {Default Queue} wl_registry#45.global(55, "zwp_pointer_gestures_v1", 3)
[14:48:38.841208] {Default Queue} wl_registry#45.global(56, "zwlr_virtual_pointer_manager_v1", 2)
[14:48:38.841208] {Default Queue} wl_registry#45.global(57, "zwp_virtual_keyboard_manager_v1", 1)
[14:48:38.841209] {Default Queue} wl_registry#45.global(58, "zwp_pointer_constraints_v1", 1)
[14:48:38.841210] {Default Queue} wl_registry#45.global(59, "zwp_input_method_manager_v2", 1)
[14:48:38.841210] {Default Queue} wl_registry#45.global(60, "zwp_text_input_manager_v3", 1)
[14:48:38.841211] {Default Queue} wl_registry#45.global(61, "zwp_tablet_manager_v2", 1)
[14:48:38.841211] {Default Queue} wl_registry#45.global(62, "wp_pointer_warp_v1", 1)
[14:48:38.841212] {Default Queue} wl_registry#45.global(63, "wl_seat", 9)
[14:48:38.841213] {Default Queue}  -> wl_registry#45.bind(63, "wl_seat", 5, new id [unknown]#53)
[14:48:38.841215] {Default Queue} wl_registry#45.global(64, "aqueous_libinput_config_v1", 2)
[14:48:38.841215] {Default Queue} wl_registry#45.global(65, "aqueous_xkb_config_v1", 2)
[14:48:38.841216] {Default Queue} wl_registry#45.global(66, "zwp_idle_inhibit_manager_v1", 1)
[14:48:38.841216] {Default Queue} wl_registry#45.global(67, "ext_session_lock_manager_v1", 1)
[14:48:38.841217] {Default Queue} wl_registry#45.global(68, "aqueous_shell_manager_v1", 2)
[14:48:38.841218] {Default Queue} wl_registry#45.global(69, "zwp_keyboard_shortcuts_inhibit_manager_v1", 1)
[14:48:38.841218] {Default Queue} wl_registry#45.global(70, "ext_background_effect_manager_v1", 1)
[14:48:38.841219] {Default Queue} wl_registry#45.global(71, "xdg_system_bell_v1", 1)
[14:48:38.841220] {Default Queue} wl_registry#45.global(72, "wl_output", 4)
[14:48:38.841220] {Default Queue} wl_registry#45.global(73, "wl_output", 4)
[14:48:38.841221] {Default Queue} wl_registry#51.global(1, "wl_compositor", 6)
[14:48:38.841222] {Default Queue} wl_registry#51.global(2, "wl_fixes", 1)
[14:48:38.841222] {Default Queue} wl_registry#51.global(3, "wp_security_context_manager_v1", 1)
[14:48:38.841223] {Default Queue} wl_registry#51.global(4, "wl_shm", 2)
[14:48:38.841224] {Default Queue} wl_registry#51.global(5, "wp_single_pixel_buffer_manager_v1", 1)
[14:48:38.841224] {Default Queue} wl_registry#51.global(6, "wp_alpha_modifier_v1", 1)
[14:48:38.841225] {Default Queue} wl_registry#51.global(7, "wp_color_representation_manager_v1", 1)
[14:48:38.841225] {Default Queue} wl_registry#51.global(8, "wp_content_type_manager_v1", 1)
[14:48:38.841226] {Default Queue} wl_registry#51.global(9, "wp_fifo_manager_v1", 1)
[14:48:38.841226] {Default Queue} wl_registry#51.global(10, "wp_commit_timing_manager_v1", 1)
[14:48:38.841227] {Default Queue} wl_registry#51.global(11, "xdg_wm_dialog_v1", 1)
[14:48:38.841228] {Default Queue} wl_registry#51.global(12, "xdg_toplevel_drag_manager_v1", 1)
[14:48:38.841228] {Default Queue} wl_registry#51.global(13, "xdg_toplevel_icon_manager_v1", 1)
[14:48:38.841229] {Default Queue} wl_registry#51.global(14, "xdg_toplevel_tag_manager_v1", 1)
[14:48:38.841229] {Default Queue} wl_registry#51.global(15, "wp_viewporter", 1)
[14:48:38.841230] {Default Queue} wl_registry#51.global(16, "wp_fractional_scale_manager_v1", 1)
[14:48:38.841230] {Default Queue} wl_registry#51.global(17, "wl_subcompositor", 1)
[14:48:38.841231] {Default Queue} wl_registry#51.global(18, "wp_cursor_shape_manager_v1", 2)
[14:48:38.841232] {Default Queue} wl_registry#51.global(19, "xdg_wm_base", 7)
[14:48:38.841232] {Default Queue} wl_registry#51.global(20, "zxdg_decoration_manager_v1", 1)
[14:48:38.841233] {Default Queue} wl_registry#51.global(21, "org_kde_kwin_server_decoration_manager", 1)
[14:48:38.841233] {Default Queue} wl_registry#51.global(22, "xdg_activation_v1", 1)
[14:48:38.841234] {Default Queue} wl_registry#51.global(23, "zxdg_exporter_v2", 1)
[14:48:38.841235] {Default Queue} wl_registry#51.global(24, "zxdg_importer_v2", 1)
[14:48:38.841235] {Default Queue} wl_registry#51.global(25, "wl_data_device_manager", 3)
[14:48:38.841236] {Default Queue} wl_registry#51.global(26, "zwp_primary_selection_device_manager_v1", 1)
[14:48:38.841236] {Default Queue} wl_registry#51.global(27, "ext_data_control_manager_v1", 1)
[14:48:38.841237] {Default Queue}  -> wl_registry#51.bind(27, "ext_data_control_manager_v1", 1, new id [unknown]#54)
[14:48:38.841237] {Default Queue} wl_registry#51.global(28, "zwlr_data_control_manager_v1", 2)
[14:48:38.841238] {Default Queue} wl_registry#51.global(29, "zwlr_export_dmabuf_manager_v1", 1)
[14:48:38.841239] {Default Queue} wl_registry#51.global(30, "zwlr_screencopy_manager_v1", 3)
[14:48:38.841239] {Default Queue} wl_registry#51.global(31, "ext_image_copy_capture_manager_v1", 1)
[14:48:38.841240] {Default Queue} wl_registry#51.global(32, "aqueous_capture_color_manager_v1", 1)
[14:48:38.841240] {Default Queue} wl_registry#51.global(33, "ext_output_image_capture_source_manager_v1", 1)
[14:48:38.841241] {Default Queue} wl_registry#51.global(34, "zwlr_foreign_toplevel_manager_v1", 3)
[14:48:38.841242] {Default Queue} wl_registry#51.global(35, "ext_foreign_toplevel_list_v1", 1)
[14:48:38.841242] {Default Queue} wl_registry#51.global(36, "ext_foreign_toplevel_image_capture_source_manager_v1", 1)
[14:48:38.841243] {Default Queue} wl_registry#51.global(37, "wp_tearing_control_manager_v1", 1)
[14:48:38.841243] {Default Queue} wl_registry#51.global(38, "zwp_linux_dmabuf_v1", 5)
[14:48:38.841244] {Default Queue} wl_registry#51.global(39, "wp_linux_drm_syncobj_manager_v1", 1)
[14:48:38.841244] {Default Queue} wl_registry#51.global(40, "wp_color_manager_v1", 3)
[14:48:38.841245] {Default Queue} wl_registry#51.global(41, "aqueous_window_manager_v1", 10)
[14:48:38.841246] {Default Queue} wl_registry#51.global(42, "ext_workspace_manager_v1", 1)
[14:48:38.841246] {Default Queue} wl_registry#51.global(43, "aqueous_window_info_manager_v1", 8)
[14:48:38.841247] {Default Queue} wl_registry#51.global(44, "aqueous_xkb_bindings_v1", 3)
[14:48:38.841247] {Default Queue} wl_registry#51.global(45, "aqueous_layer_shell_v1", 1)
[14:48:38.841248] {Default Queue} wl_registry#51.global(46, "zwlr_layer_shell_v1", 4)
[14:48:38.841248] {Default Queue} wl_registry#51.global(47, "zwlr_gamma_control_manager_v1", 1)
[14:48:38.841249] {Default Queue} wl_registry#51.global(48, "wp_presentation", 2)
[14:48:38.841250] {Default Queue} wl_registry#51.global(49, "zxdg_output_manager_v1", 3)
[14:48:38.841250] {Default Queue} wl_registry#51.global(50, "zwlr_output_manager_v1", 4)
[14:48:38.841251] {Default Queue} wl_registry#51.global(51, "zwlr_output_power_manager_v1", 1)
[14:48:38.841251] {Default Queue} wl_registry#51.global(52, "aqueous_input_manager_v1", 2)
[14:48:38.841252] {Default Queue} wl_registry#51.global(53, "ext_idle_notifier_v1", 2)
[14:48:38.841252] {Default Queue} wl_registry#51.global(54, "zwp_relative_pointer_manager_v1", 1)
[14:48:38.841253] {Default Queue} wl_registry#51.global(55, "zwp_pointer_gestures_v1", 3)
[14:48:38.841254] {Default Queue} wl_registry#51.global(56, "zwlr_virtual_pointer_manager_v1", 2)
[14:48:38.841254] {Default Queue} wl_registry#51.global(57, "zwp_virtual_keyboard_manager_v1", 1)
[14:48:38.841255] {Default Queue} wl_registry#51.global(58, "zwp_pointer_constraints_v1", 1)
[14:48:38.841255] {Default Queue} wl_registry#51.global(59, "zwp_input_method_manager_v2", 1)
[14:48:38.841256] {Default Queue} wl_registry#51.global(60, "zwp_text_input_manager_v3", 1)
[14:48:38.841256] {Default Queue} wl_registry#51.global(61, "zwp_tablet_manager_v2", 1)
[14:48:38.841257] {Default Queue} wl_registry#51.global(62, "wp_pointer_warp_v1", 1)
[14:48:38.841257] {Default Queue} wl_registry#51.global(63, "wl_seat", 9)
[14:48:38.841258] {Default Queue}  -> wl_registry#51.bind(63, "wl_seat", 5, new id [unknown]#55)
[14:48:38.841259] {Default Queue} wl_registry#51.global(64, "aqueous_libinput_config_v1", 2)
[14:48:38.841259] {Default Queue} wl_registry#51.global(65, "aqueous_xkb_config_v1", 2)
[14:48:38.841260] {Default Queue} wl_registry#51.global(66, "zwp_idle_inhibit_manager_v1", 1)
[14:48:38.841261] {Default Queue} wl_registry#51.global(67, "ext_session_lock_manager_v1", 1)
[14:48:38.841261] {Default Queue} wl_registry#51.global(68, "aqueous_shell_manager_v1", 2)
[14:48:38.841262] {Default Queue} wl_registry#51.global(69, "zwp_keyboard_shortcuts_inhibit_manager_v1", 1)
[14:48:38.841262] {Default Queue} wl_registry#51.global(70, "ext_background_effect_manager_v1", 1)
[14:48:38.841263] {Default Queue} wl_registry#51.global(71, "xdg_system_bell_v1", 1)
[14:48:38.841264] {Default Queue} wl_registry#51.global(72, "wl_output", 4)
[14:48:38.841264] {Default Queue} wl_registry#51.global(73, "wl_output", 4)
[14:48:38.841265] {Default Queue} wl_registry#52.global(1, "wl_compositor", 6)
[14:48:38.841268] {Default Queue} wl_registry#52.global(2, "wl_fixes", 1)
[14:48:38.841268] {Default Queue} wl_registry#52.global(3, "wp_security_context_manager_v1", 1)
[14:48:38.841269] {Default Queue} wl_registry#52.global(4, "wl_shm", 2)
[14:48:38.841270] {Default Queue}  -> wl_registry#52.bind(4, "wl_shm", 1, new id [unknown]#56)
[14:48:38.841271] {Default Queue} wl_registry#52.global(5, "wp_single_pixel_buffer_manager_v1", 1)
[14:48:38.841271] {Default Queue} wl_registry#52.global(6, "wp_alpha_modifier_v1", 1)
[14:48:38.841272] {Default Queue} wl_registry#52.global(7, "wp_color_representation_manager_v1", 1)
[14:48:38.841273] {Default Queue} wl_registry#52.global(8, "wp_content_type_manager_v1", 1)
[14:48:38.841273] {Default Queue} wl_registry#52.global(9, "wp_fifo_manager_v1", 1)
[14:48:38.841274] {Default Queue} wl_registry#52.global(10, "wp_commit_timing_manager_v1", 1)
[14:48:38.841275] {Default Queue} wl_registry#52.global(11, "xdg_wm_dialog_v1", 1)
[14:48:38.841275] {Default Queue} wl_registry#52.global(12, "xdg_toplevel_drag_manager_v1", 1)
[14:48:38.841277] {Default Queue} wl_registry#52.global(13, "xdg_toplevel_icon_manager_v1", 1)
[14:48:38.841277] {Default Queue} wl_registry#52.global(14, "xdg_toplevel_tag_manager_v1", 1)
[14:48:38.841278] {Default Queue} wl_registry#52.global(15, "wp_viewporter", 1)
[14:48:38.841278] {Default Queue} wl_registry#52.global(16, "wp_fractional_scale_manager_v1", 1)
[14:48:38.841279] {Default Queue} wl_registry#52.global(17, "wl_subcompositor", 1)
[14:48:38.841280] {Default Queue} wl_registry#52.global(18, "wp_cursor_shape_manager_v1", 2)
[14:48:38.841280] {Default Queue} wl_registry#52.global(19, "xdg_wm_base", 7)
[14:48:38.841281] {Default Queue} wl_registry#52.global(20, "zxdg_decoration_manager_v1", 1)
[14:48:38.841281] {Default Queue} wl_registry#52.global(21, "org_kde_kwin_server_decoration_manager", 1)
[14:48:38.841282] {Default Queue} wl_registry#52.global(22, "xdg_activation_v1", 1)
[14:48:38.841283] {Default Queue} wl_registry#52.global(23, "zxdg_exporter_v2", 1)
[14:48:38.841283] {Default Queue} wl_registry#52.global(24, "zxdg_importer_v2", 1)
[14:48:38.841284] {Default Queue} wl_registry#52.global(25, "wl_data_device_manager", 3)
[14:48:38.841284] {Default Queue} wl_registry#52.global(26, "zwp_primary_selection_device_manager_v1", 1)
[14:48:38.841285] {Default Queue} wl_registry#52.global(27, "ext_data_control_manager_v1", 1)
[14:48:38.841286] {Default Queue} wl_registry#52.global(28, "zwlr_data_control_manager_v1", 2)
[14:48:38.841286] {Default Queue} wl_registry#52.global(29, "zwlr_export_dmabuf_manager_v1", 1)
[14:48:38.841287] {Default Queue} wl_registry#52.global(30, "zwlr_screencopy_manager_v1", 3)
[14:48:38.841288] {Default Queue}  -> wl_registry#52.bind(30, "zwlr_screencopy_manager_v1", 3, new id [unknown]#57)
[14:48:38.841288] {Default Queue} wl_registry#52.global(31, "ext_image_copy_capture_manager_v1", 1)
[14:48:38.841289] {Default Queue}  -> wl_registry#52.bind(31, "ext_image_copy_capture_manager_v1", 1, new id [unknown]#58)
[14:48:38.841290] {Default Queue} wl_registry#52.global(32, "aqueous_capture_color_manager_v1", 1)
[14:48:38.841290] {Default Queue}  -> wl_registry#52.bind(32, "aqueous_capture_color_manager_v1", 1, new id [unknown]#59)
[14:48:38.841291] {Default Queue} wl_registry#52.global(33, "ext_output_image_capture_source_manager_v1", 1)
[14:48:38.841292] {Default Queue}  -> wl_registry#52.bind(33, "ext_output_image_capture_source_manager_v1", 1, new id [unknown]#60)
[14:48:38.841293] {Default Queue} wl_registry#52.global(34, "zwlr_foreign_toplevel_manager_v1", 3)
[14:48:38.841293] {Default Queue} wl_registry#52.global(35, "ext_foreign_toplevel_list_v1", 1)
[14:48:38.841294] {Default Queue}  -> wl_registry#52.bind(35, "ext_foreign_toplevel_list_v1", 1, new id [unknown]#61)
[14:48:38.841295] {Default Queue} wl_registry#52.global(36, "ext_foreign_toplevel_image_capture_source_manager_v1", 1)
[14:48:38.841296] {Default Queue}  -> wl_registry#52.bind(36, "ext_foreign_toplevel_image_capture_source_manager_v1", 1, new id [unknown]#62)
[14:48:38.841297] {Default Queue} wl_registry#52.global(37, "wp_tearing_control_manager_v1", 1)
[14:48:38.841297] {Default Queue} wl_registry#52.global(38, "zwp_linux_dmabuf_v1", 5)
[14:48:38.841298] {Default Queue} wl_registry#52.global(39, "wp_linux_drm_syncobj_manager_v1", 1)
[14:48:38.841299] {Default Queue} wl_registry#52.global(40, "wp_color_manager_v1", 3)
[14:48:38.841299] {Default Queue} wl_registry#52.global(41, "aqueous_window_manager_v1", 10)
[14:48:38.841300] {Default Queue} wl_registry#52.global(42, "ext_workspace_manager_v1", 1)
[14:48:38.841301] {Default Queue} wl_registry#52.global(43, "aqueous_window_info_manager_v1", 8)
[14:48:38.841301] {Default Queue} wl_registry#52.global(44, "aqueous_xkb_bindings_v1", 3)
[14:48:38.841302] {Default Queue} wl_registry#52.global(45, "aqueous_layer_shell_v1", 1)
[14:48:38.841303] {Default Queue} wl_registry#52.global(46, "zwlr_layer_shell_v1", 4)
[14:48:38.841303] {Default Queue} wl_registry#52.global(47, "zwlr_gamma_control_manager_v1", 1)
[14:48:38.841304] {Default Queue} wl_registry#52.global(48, "wp_presentation", 2)
[14:48:38.841305] {Default Queue} wl_registry#52.global(49, "zxdg_output_manager_v1", 3)
[14:48:38.841305] {Default Queue} wl_registry#52.global(50, "zwlr_output_manager_v1", 4)
[14:48:38.841306] {Default Queue} wl_registry#52.global(51, "zwlr_output_power_manager_v1", 1)
[14:48:38.841306] {Default Queue} wl_registry#52.global(52, "aqueous_input_manager_v1", 2)
[14:48:38.841307] {Default Queue} wl_registry#52.global(53, "ext_idle_notifier_v1", 2)
[14:48:38.841307] {Default Queue} wl_registry#52.global(54, "zwp_relative_pointer_manager_v1", 1)
[14:48:38.841308] {Default Queue} wl_registry#52.global(55, "zwp_pointer_gestures_v1", 3)
[14:48:38.841309] {Default Queue} wl_registry#52.global(56, "zwlr_virtual_pointer_manager_v1", 2)
[14:48:38.841309] {Default Queue} wl_registry#52.global(57, "zwp_virtual_keyboard_manager_v1", 1)
[14:48:38.841310] {Default Queue} wl_registry#52.global(58, "zwp_pointer_constraints_v1", 1)
[14:48:38.841310] {Default Queue} wl_registry#52.global(59, "zwp_input_method_manager_v2", 1)
[14:48:38.841311] {Default Queue} wl_registry#52.global(60, "zwp_text_input_manager_v3", 1)
[14:48:38.841312] {Default Queue} wl_registry#52.global(61, "zwp_tablet_manager_v2", 1)
[14:48:38.841312] {Default Queue} wl_registry#52.global(62, "wp_pointer_warp_v1", 1)
[14:48:38.841313] {Default Queue} wl_registry#52.global(63, "wl_seat", 9)
[14:48:38.841313] {Default Queue} wl_registry#52.global(64, "aqueous_libinput_config_v1", 2)
[14:48:38.841314] {Default Queue} wl_registry#52.global(65, "aqueous_xkb_config_v1", 2)
[14:48:38.841315] {Default Queue} wl_registry#52.global(66, "zwp_idle_inhibit_manager_v1", 1)
[14:48:38.841315] {Default Queue} wl_registry#52.global(67, "ext_session_lock_manager_v1", 1)
[14:48:38.841316] {Default Queue} wl_registry#52.global(68, "aqueous_shell_manager_v1", 2)
[14:48:38.841316] {Default Queue} wl_registry#52.global(69, "zwp_keyboard_shortcuts_inhibit_manager_v1", 1)
[14:48:38.841317] {Default Queue} wl_registry#52.global(70, "ext_background_effect_manager_v1", 1)
[14:48:38.841317] {Default Queue} wl_registry#52.global(71, "xdg_system_bell_v1", 1)
[14:48:38.841318] {Default Queue} wl_registry#52.global(72, "wl_output", 4)
[14:48:38.841319] {Default Queue}  -> wl_registry#52.bind(72, "wl_output", 4, new id [unknown]#63)
[14:48:38.841320] {Default Queue} wl_registry#52.global(73, "wl_output", 4)
[14:48:38.841321] {Default Queue}  -> wl_registry#52.bind(73, "wl_output", 4, new id [unknown]#64)
[14:48:38.841449] {Default Queue} wl_seat#53.name("default")
[14:48:38.841451] {Default Queue} wl_seat#53.capabilities(0)
[14:48:38.841549] {Default Queue} wl_seat#55.name("default")
[14:48:38.841551] {Default Queue} wl_seat#55.capabilities(0)
[14:48:38.841551] {Default Queue} wl_shm#56.format(538982482)
[14:48:38.841552] {Default Queue} wl_shm#56.format(1210064978)
[14:48:38.841553] {Default Queue} wl_shm#56.format(1176510546)
[14:48:38.841553] {Default Queue} wl_shm#56.format(943215175)
[14:48:38.841553] {Default Queue} wl_shm#56.format(1210077767)
[14:48:38.841554] {Default Queue} wl_shm#56.format(1176523335)
[14:48:38.841554] {Default Queue} wl_shm#56.format(1)
[14:48:38.841555] {Default Queue} wl_shm#56.format(875709016)
[14:48:38.841555] {Default Queue} wl_shm#56.format(0)
[14:48:38.841556] {Default Queue} wl_shm#56.format(875708993)
[14:48:38.841557] {Default Queue} wl_shm#56.format(842088786)
[14:48:38.841557] {Default Queue} wl_shm#56.format(842094674)
[14:48:38.841557] {Default Queue} wl_shm#56.format(842088770)
[14:48:38.841558] {Default Queue} wl_shm#56.format(842094658)
[14:48:38.841558] {Default Queue} wl_shm#56.format(909199186)
[14:48:38.841559] {Default Queue} wl_shm#56.format(909199170)
[14:48:38.841559] {Default Queue} wl_shm#56.format(892420434)
[14:48:38.841560] {Default Queue} wl_shm#56.format(892426322)
[14:48:38.841560] {Default Queue} wl_shm#56.format(892420418)
[14:48:38.841561] {Default Queue} wl_shm#56.format(892426306)
[14:48:38.841561] {Default Queue} wl_shm#56.format(892424769)
[14:48:38.841562] {Default Queue} wl_shm#56.format(892424792)
[14:48:38.841562] {Default Queue} wl_shm#56.format(808669761)
[14:48:38.841562] {Default Queue} wl_shm#56.format(808669784)
[14:48:38.841563] {Default Queue} wl_shm#56.format(808665665)
[14:48:38.841563] {Default Queue} wl_shm#56.format(808665688)
[14:48:38.841564] {Default Queue} wl_shm#56.format(942948929)
[14:48:38.841564] {Default Queue} wl_shm#56.format(942948952)
[14:48:38.841565] {Default Queue} wl_shm#56.format(1211384385)
[14:48:38.841565] {Default Queue} wl_shm#56.format(1211384408)
[14:48:38.841566] {Default Queue} wl_shm#56.format(1178092097)
[14:48:38.841566] {Default Queue} ext_foreign_toplevel_list_v1#61.toplevel(new id ext_foreign_toplevel_handle_v1#4278190080)
[14:48:38.841569] {Default Queue} ext_foreign_toplevel_handle_v1#4278190080.title("Pearl · Component gallery")
[14:48:38.841570] {Default Queue} ext_foreign_toplevel_handle_v1#4278190080.app_id("pearl")
[14:48:38.841570] {Default Queue} ext_foreign_toplevel_handle_v1#4278190080.identifier("b78a3f4a0c6ed1242057e1a379a3ea00")
[14:48:38.841571] {Default Queue} ext_foreign_toplevel_handle_v1#4278190080.done()
[14:48:38.841572] {Default Queue} wl_output#63.geometry(0, 0, 0, 0, 0, "Unknown", "Unknown", 0)
[14:48:38.841574] {Default Queue} wl_output#63.mode(1, 1280, 720, 0)
[14:48:38.841574] {Default Queue} wl_output#63.scale(1)
[14:48:38.841575] {Default Queue} wl_output#63.name("HEADLESS-2")
[14:48:38.841576] {Default Queue} wl_output#63.description("Headless output 2")
[14:48:38.841576] {Default Queue} wl_output#63.done()
[14:48:38.841577] {Default Queue} wl_output#64.geometry(0, 0, 0, 0, 0, "Unknown", "Unknown", 0)
[14:48:38.841578] {Default Queue} wl_output#64.mode(1, 1280, 720, 0)
[14:48:38.841578] {Default Queue} wl_output#64.scale(1)
[14:48:38.841579] {Default Queue} wl_output#64.name("HEADLESS-1")
[14:48:38.841579] {Default Queue} wl_output#64.description("Headless output 1")
[14:48:38.841580] {Default Queue} wl_output#64.done()
info(pearl): event=aqueous-availability state=subscribing
info(pearl): event=aqueous-availability state=ready
[14:48:38.842079] {Default Queue}  -> wl_compositor#4.create_surface(new id wl_surface#65)
[14:48:38.842083] {Default Queue}  -> wp_fractional_scale_manager_v1#11.get_fractional_scale(new id wp_fractional_scale_v1#66, wl_surface#65)
[14:48:38.842085] {Default Queue}  -> wp_viewporter#10.get_viewport(new id wp_viewport#67, wl_surface#65)
[14:48:38.842125] {Default Queue}  -> xdg_toplevel_icon_manager_v1#9.create_icon(new id xdg_toplevel_icon_v1#68)
[14:48:38.842140] {Default Queue}  -> zwlr_layer_shell_v1#49.get_layer_surface(new id zwlr_layer_surface_v1#69, wl_surface#65, wl_output#31, 0, "pearl:wallpaper")
[14:48:38.842142] {Default Queue}  -> zwlr_layer_surface_v1#69.set_keyboard_interactivity(0)
[14:48:38.842143] {Default Queue}  -> zwlr_layer_surface_v1#69.set_exclusive_zone(-1)
[14:48:38.842143] {Default Queue}  -> zwlr_layer_surface_v1#69.set_anchor(15)
[14:48:38.842144] {Default Queue}  -> zwlr_layer_surface_v1#69.set_margin(0, 0, 0, 0)
[14:48:38.842145] {Default Queue}  -> zwlr_layer_surface_v1#69.set_size(0, 0)
[14:48:38.842150]  -> wl_surface#65.commit()
[14:48:38.842173] {Default Queue}  -> xdg_activation_v1#15.get_activation_token(new id xdg_activation_token_v1#70)
[14:48:38.842176]  -> xdg_activation_token_v1#70.set_serial(0, wl_seat#3)
[14:48:38.842177]  -> xdg_activation_token_v1#70.commit()
[14:48:38.842375] xdg_activation_token_v1#70.done("4c448fac39cbd500582d62376155b068")
[14:48:38.842378]  -> xdg_activation_token_v1#70.destroy()
[14:48:38.842380] {Default Queue}  -> xdg_activation_v1#15.activate("4c448fac39cbd500582d62376155b068", wl_surface#65)
[14:48:38.848498] {Default Queue}  -> wl_compositor#4.create_surface(new id wl_surface#71)
[14:48:38.848502] {Default Queue}  -> wp_fractional_scale_manager_v1#11.get_fractional_scale(new id wp_fractional_scale_v1#72, wl_surface#71)
[14:48:38.848504] {Default Queue}  -> wp_viewporter#10.get_viewport(new id wp_viewport#73, wl_surface#71)
[14:48:38.848519] {Default Queue}  -> xdg_toplevel_icon_manager_v1#9.create_icon(new id xdg_toplevel_icon_v1#74)
[14:48:38.848527] {Default Queue}  -> zwlr_layer_shell_v1#49.get_layer_surface(new id zwlr_layer_surface_v1#75, wl_surface#71, wl_output#31, 2, "pearl:bar")
[14:48:38.848528] {Default Queue}  -> zwlr_layer_surface_v1#75.set_keyboard_interactivity(0)
[14:48:38.848529] {Default Queue}  -> zwlr_layer_surface_v1#75.set_exclusive_zone(48)
[14:48:38.848530] {Default Queue}  -> zwlr_layer_surface_v1#75.set_anchor(13)
[14:48:38.848530] {Default Queue}  -> zwlr_layer_surface_v1#75.set_margin(0, 0, 0, 0)
[14:48:38.848531] {Default Queue}  -> zwlr_layer_surface_v1#75.set_size(0, 200)
[14:48:38.848535]  -> wl_surface#71.commit()
[14:48:38.848639] {Default Queue}  -> xdg_activation_v1#15.get_activation_token(new id xdg_activation_token_v1#76)
[14:48:38.848640]  -> xdg_activation_token_v1#76.set_serial(0, wl_seat#3)
[14:48:38.848641]  -> xdg_activation_token_v1#76.commit()
[14:48:38.848753] {Display Queue} wl_display#1.delete_id(70)
[14:48:38.848755] xdg_activation_token_v1#76.done("0c89167be257c6e6c559aacb15ff6ecf")
[14:48:38.848756]  -> xdg_activation_token_v1#76.destroy()
[14:48:38.848757] {Default Queue}  -> xdg_activation_v1#15.activate("0c89167be257c6e6c559aacb15ff6ecf", wl_surface#71)
info: event=output-mapped id=1 connector=HEADLESS-2 scale=1
[14:48:38.851040] {Default Queue}  -> wl_compositor#4.create_surface(new id wl_surface#70)
[14:48:38.851044] {Default Queue}  -> wp_fractional_scale_manager_v1#11.get_fractional_scale(new id wp_fractional_scale_v1#77, wl_surface#70)
[14:48:38.851046] {Default Queue}  -> wp_viewporter#10.get_viewport(new id wp_viewport#78, wl_surface#70)
[14:48:38.851059] {Default Queue}  -> xdg_toplevel_icon_manager_v1#9.create_icon(new id xdg_toplevel_icon_v1#79)
[14:48:38.851065] {Default Queue}  -> zwlr_layer_shell_v1#49.get_layer_surface(new id zwlr_layer_surface_v1#80, wl_surface#70, wl_output#31, 3, "pearl:dock-reveal")
[14:48:38.851067] {Default Queue}  -> zwlr_layer_surface_v1#80.set_keyboard_interactivity(0)
[14:48:38.851068] {Default Queue}  -> zwlr_layer_surface_v1#80.set_exclusive_zone(-1)
[14:48:38.851069] {Default Queue}  -> zwlr_layer_surface_v1#80.set_anchor(2)
[14:48:38.851069] {Default Queue}  -> zwlr_layer_surface_v1#80.set_margin(0, 0, 0, 0)
[14:48:38.851070] {Default Queue}  -> zwlr_layer_surface_v1#80.set_size(200, 200)
[14:48:38.851073]  -> wl_surface#70.commit()
[14:48:38.851138] {Default Queue}  -> wl_compositor#4.create_surface(new id wl_surface#81)
[14:48:38.851140] {Default Queue}  -> wp_fractional_scale_manager_v1#11.get_fractional_scale(new id wp_fractional_scale_v1#82, wl_surface#81)
[14:48:38.851141] {Default Queue}  -> wp_viewporter#10.get_viewport(new id wp_viewport#83, wl_surface#81)
[14:48:38.851149] {Default Queue}  -> xdg_toplevel_icon_manager_v1#9.create_icon(new id xdg_toplevel_icon_v1#84)
[14:48:38.851153] {Default Queue}  -> zwlr_layer_shell_v1#49.get_layer_surface(new id zwlr_layer_surface_v1#85, wl_surface#81, wl_output#34, 0, "pearl:wallpaper")
[14:48:38.851154] {Default Queue}  -> zwlr_layer_surface_v1#85.set_keyboard_interactivity(0)
[14:48:38.851155] {Default Queue}  -> zwlr_layer_surface_v1#85.set_exclusive_zone(-1)
[14:48:38.851155] {Default Queue}  -> zwlr_layer_surface_v1#85.set_anchor(15)
[14:48:38.851156] {Default Queue}  -> zwlr_layer_surface_v1#85.set_margin(0, 0, 0, 0)
[14:48:38.851157] {Default Queue}  -> zwlr_layer_surface_v1#85.set_size(0, 0)
[14:48:38.851159]  -> wl_surface#81.commit()
[14:48:38.851168] {Default Queue}  -> xdg_activation_v1#15.get_activation_token(new id xdg_activation_token_v1#86)
[14:48:38.851169]  -> xdg_activation_token_v1#86.set_serial(0, wl_seat#3)
[14:48:38.851170]  -> xdg_activation_token_v1#86.commit()
[14:48:38.851283] {Display Queue} wl_display#1.delete_id(76)
[14:48:38.851287] xdg_activation_token_v1#86.done("d1d68f25e5ffa1d731db3619b074df5b")
[14:48:38.851290]  -> xdg_activation_token_v1#86.destroy()
[14:48:38.851291] {Default Queue}  -> xdg_activation_v1#15.activate("d1d68f25e5ffa1d731db3619b074df5b", wl_surface#81)
[14:48:38.852477] {Default Queue}  -> wl_compositor#4.create_surface(new id wl_surface#76)
[14:48:38.852480] {Default Queue}  -> wp_fractional_scale_manager_v1#11.get_fractional_scale(new id wp_fractional_scale_v1#87, wl_surface#76)
[14:48:38.852482] {Default Queue}  -> wp_viewporter#10.get_viewport(new id wp_viewport#88, wl_surface#76)
[14:48:38.852496] {Default Queue}  -> xdg_toplevel_icon_manager_v1#9.create_icon(new id xdg_toplevel_icon_v1#89)
[14:48:38.852503] {Default Queue}  -> zwlr_layer_shell_v1#49.get_layer_surface(new id zwlr_layer_surface_v1#90, wl_surface#76, wl_output#34, 2, "pearl:bar")
[14:48:38.852505] {Default Queue}  -> zwlr_layer_surface_v1#90.set_keyboard_interactivity(0)
[14:48:38.852506] {Default Queue}  -> zwlr_layer_surface_v1#90.set_exclusive_zone(48)
[14:48:38.852506] {Default Queue}  -> zwlr_layer_surface_v1#90.set_anchor(13)
[14:48:38.852507] {Default Queue}  -> zwlr_layer_surface_v1#90.set_margin(0, 0, 0, 0)
[14:48:38.852508] {Default Queue}  -> zwlr_layer_surface_v1#90.set_size(0, 200)
[14:48:38.852511]  -> wl_surface#76.commit()
[14:48:38.852603] {Default Queue}  -> xdg_activation_v1#15.get_activation_token(new id xdg_activation_token_v1#91)
[14:48:38.852605]  -> xdg_activation_token_v1#91.set_serial(0, wl_seat#3)
[14:48:38.852606]  -> xdg_activation_token_v1#91.commit()
[14:48:38.852669] {Display Queue} wl_display#1.delete_id(86)
[14:48:38.852672] xdg_activation_token_v1#91.done("cb3c1c8f89f9963bc8f008e74714f1c3")
[14:48:38.852674]  -> xdg_activation_token_v1#91.destroy()
[14:48:38.852675] {Default Queue}  -> xdg_activation_v1#15.activate("cb3c1c8f89f9963bc8f008e74714f1c3", wl_surface#76)
info: event=output-mapped id=2 connector=HEADLESS-1 scale=1
info(pearl): event=control-ready session=1f7bc29896944c55881287fe64dabb58
[14:48:38.853261] {Default Queue} zwlr_layer_surface_v1#69.configure(7, 1280, 720)
[14:48:38.853270] {Default Queue}  -> zwlr_layer_surface_v1#69.ack_configure(7)
[14:48:38.853271] {Default Queue} zwlr_layer_surface_v1#75.configure(8, 1280, 200)
[14:48:38.853337] {Default Queue}  -> zwlr_layer_surface_v1#75.ack_configure(8)
[14:48:38.853339] {Default Queue} zwlr_layer_surface_v1#69.configure(9, 1280, 720)
[14:48:38.853340] {Default Queue}  -> zwlr_layer_surface_v1#69.ack_configure(9)
[14:48:38.853340] {Default Queue} zwlr_layer_surface_v1#75.configure(10, 1280, 200)
[14:48:38.853341] {Default Queue}  -> zwlr_layer_surface_v1#75.ack_configure(10)
[14:48:38.853342] {Default Queue} zwlr_layer_surface_v1#69.configure(11, 1280, 720)
[14:48:38.853342] {Default Queue}  -> zwlr_layer_surface_v1#69.ack_configure(11)
[14:48:38.853343] {Default Queue} zwlr_layer_surface_v1#80.configure(12, 200, 200)
[14:48:38.853349] {Default Queue}  -> zwlr_layer_surface_v1#80.ack_configure(12)
[14:48:38.853350] {Default Queue} zwlr_layer_surface_v1#85.configure(13, 1280, 720)
[14:48:38.853351] {Default Queue}  -> zwlr_layer_surface_v1#85.ack_configure(13)
[14:48:38.853352] {Default Queue} zwlr_layer_surface_v1#90.configure(14, 1280, 200)
[14:48:38.853401] {Default Queue}  -> zwlr_layer_surface_v1#90.ack_configure(14)
[14:48:38.853402] {Default Queue} zwlr_layer_surface_v1#85.configure(15, 1280, 720)
[14:48:38.853403] {Default Queue}  -> zwlr_layer_surface_v1#85.ack_configure(15)
info: event=app-index-ready entries=160 truncated=false
[14:48:38.853475] {Default Queue}  -> wl_shm#5.create_pool(new id wl_shm_pool#86, fd 16, 3686400)
[14:48:38.853481] {Default Queue}  -> wl_shm_pool#86.create_buffer(new id wl_buffer#92, 0, 1280, 720, 5120, 0)
[14:48:38.855828] {Default Queue}  -> wl_compositor#4.create_region(new id wl_region#93)
[14:48:38.855833] {Default Queue}  -> wl_region#93.add(0, 0, 1280, 720)
[14:48:38.855835]  -> wl_surface#65.set_opaque_region(wl_region#93)
[14:48:38.855836] {Default Queue}  -> wl_region#93.destroy()
[14:48:38.855837] {Default Queue}  -> wp_viewport#67.set_destination(1280, 720)
[14:48:38.855839]  -> wl_surface#65.attach(wl_buffer#92, 0, 0)
[14:48:38.855840]  -> wl_surface#65.damage_buffer(0, 0, 1280, 720)
[14:48:38.855841]  -> wl_surface#65.frame(new id wl_callback#94)
[14:48:38.855842] {Default Queue}  -> wp_presentation#23.feedback(wl_surface#65, new id wp_presentation_feedback#95)
[14:48:38.855844]  -> wl_surface#65.commit()
[14:48:38.856270] {Default Queue}  -> wl_shm#5.create_pool(new id wl_shm_pool#96, fd 16, 245760)
[14:48:38.856278] {Default Queue}  -> wl_shm_pool#96.create_buffer(new id wl_buffer#97, 0, 1280, 48, 5120, 0)
[14:48:38.856822] {Default Queue}  -> zwlr_layer_surface_v1#75.set_size(0, 48)
[14:48:38.856825] {Default Queue}  -> wl_compositor#4.create_region(new id wl_region#98)
[14:48:38.856826] {Default Queue}  -> wl_region#98.add(76, 4, 6, 40)
[14:48:38.856827]  -> wl_surface#71.set_opaque_region(wl_region#98)
[14:48:38.856828] {Default Queue}  -> wl_region#98.destroy()
[14:48:38.856829] {Default Queue}  -> wp_viewport#73.set_destination(1280, 48)
[14:48:38.856830]  -> wl_surface#71.attach(wl_buffer#97, 0, 0)
[14:48:38.856831]  -> wl_surface#71.damage_buffer(0, 0, 1280, 48)
[14:48:38.856832]  -> wl_surface#71.frame(new id wl_callback#99)
[14:48:38.856833] {Default Queue}  -> wp_presentation#23.feedback(wl_surface#71, new id wp_presentation_feedback#100)
[14:48:38.856834]  -> wl_surface#71.commit()
[14:48:38.856855] {Default Queue}  -> ext_background_effect_manager_v1#48.get_background_effect(new id ext_background_effect_surface_v1#101, wl_surface#71)
[14:48:38.856857] {Default Queue}  -> wl_compositor#46.create_region(new id wl_region#102)
[14:48:38.856871] {Default Queue}  -> wl_region#102.add(19, 4, 641, 1)
[14:48:38.856872] {Default Queue}  -> wl_region#102.add(690, 4, 126, 1)
[14:48:38.856873] {Default Queue}  -> wl_region#102.add(888, 4, 373, 1)
[14:48:38.856873] {Default Queue}  -> wl_region#102.add(17, 5, 645, 1)
[14:48:38.856874] {Default Queue}  -> wl_region#102.add(688, 5, 130, 1)
[14:48:38.856875] {Default Queue}  -> wl_region#102.add(886, 5, 377, 1)
[14:48:38.856875] {Default Queue}  -> wl_region#102.add(16, 6, 647, 1)
[14:48:38.856876] {Default Queue}  -> wl_region#102.add(687, 6, 132, 1)
[14:48:38.856876] {Default Queue}  -> wl_region#102.add(885, 6, 379, 1)
[14:48:38.856877] {Default Queue}  -> wl_region#102.add(15, 7, 649, 1)
[14:48:38.856878] {Default Queue}  -> wl_region#102.add(686, 7, 134, 1)
[14:48:38.856878] {Default Queue}  -> wl_region#102.add(884, 7, 381, 1)
[14:48:38.856879] {Default Queue}  -> wl_region#102.add(14, 8, 651, 1)
[14:48:38.856879] {Default Queue}  -> wl_region#102.add(685, 8, 136, 1)
[14:48:38.856880] {Default Queue}  -> wl_region#102.add(883, 8, 383, 1)
[14:48:38.856881] {Default Queue}  -> wl_region#102.add(13, 9, 653, 1)
[14:48:38.856881] {Default Queue}  -> wl_region#102.add(684, 9, 138, 1)
[14:48:38.856882] {Default Queue}  -> wl_region#102.add(882, 9, 385, 1)
[14:48:38.856882] {Default Queue}  -> wl_region#102.add(12, 10, 655, 2)
[14:48:38.856883] {Default Queue}  -> wl_region#102.add(683, 10, 140, 2)
[14:48:38.856884] {Default Queue}  -> wl_region#102.add(881, 10, 387, 2)
[14:48:38.856884] {Default Queue}  -> wl_region#102.add(11, 12, 657, 5)
[14:48:38.856885] {Default Queue}  -> wl_region#102.add(682, 12, 142, 5)
[14:48:38.856885] {Default Queue}  -> wl_region#102.add(880, 12, 389, 5)
[14:48:38.856886] {Default Queue}  -> wl_region#102.add(10, 17, 659, 14)
[14:48:38.856887] {Default Queue}  -> wl_region#102.add(681, 17, 144, 14)
[14:48:38.856887] {Default Queue}  -> wl_region#102.add(879, 17, 391, 14)
[14:48:38.856888] {Default Queue}  -> wl_region#102.add(11, 31, 657, 5)
[14:48:38.856888] {Default Queue}  -> wl_region#102.add(682, 31, 142, 5)
[14:48:38.856889] {Default Queue}  -> wl_region#102.add(880, 31, 389, 5)
[14:48:38.856890] {Default Queue}  -> wl_region#102.add(12, 36, 655, 2)
[14:48:38.856890] {Default Queue}  -> wl_region#102.add(683, 36, 140, 2)
[14:48:38.856891] {Default Queue}  -> wl_region#102.add(881, 36, 387, 2)
[14:48:38.856891] {Default Queue}  -> wl_region#102.add(13, 38, 653, 1)
[14:48:38.856892] {Default Queue}  -> wl_region#102.add(684, 38, 138, 1)
[14:48:38.856893] {Default Queue}  -> wl_region#102.add(882, 38, 385, 1)
[14:48:38.856893] {Default Queue}  -> wl_region#102.add(14, 39, 651, 1)
[14:48:38.856894] {Default Queue}  -> wl_region#102.add(685, 39, 136, 1)
[14:48:38.856894] {Default Queue}  -> wl_region#102.add(883, 39, 383, 1)
[14:48:38.856895] {Default Queue}  -> wl_region#102.add(15, 40, 649, 1)
[14:48:38.856896] {Default Queue}  -> wl_region#102.add(686, 40, 134, 1)
[14:48:38.856896] {Default Queue}  -> wl_region#102.add(884, 40, 381, 1)
[14:48:38.856897] {Default Queue}  -> wl_region#102.add(16, 41, 647, 1)
[14:48:38.856897] {Default Queue}  -> wl_region#102.add(687, 41, 132, 1)
[14:48:38.856898] {Default Queue}  -> wl_region#102.add(885, 41, 379, 1)
[14:48:38.856898] {Default Queue}  -> wl_region#102.add(17, 42, 645, 1)
[14:48:38.856899] {Default Queue}  -> wl_region#102.add(688, 42, 130, 1)
[14:48:38.856900] {Default Queue}  -> wl_region#102.add(886, 42, 377, 1)
[14:48:38.856900] {Default Queue}  -> wl_region#102.add(19, 43, 641, 1)
[14:48:38.856901] {Default Queue}  -> wl_region#102.add(690, 43, 126, 1)
[14:48:38.856901] {Default Queue}  -> wl_region#102.add(888, 43, 373, 1)
[14:48:38.856902] {Default Queue}  -> ext_background_effect_surface_v1#101.set_blur_region(wl_region#102)
[14:48:38.856903] {Default Queue}  -> wl_region#102.destroy()
[14:48:38.856955] {Default Queue}  -> wl_shm#5.create_pool(new id wl_shm_pool#103, fd 16, 704)
[14:48:38.856957] {Default Queue}  -> wl_shm_pool#103.create_buffer(new id wl_buffer#104, 0, 88, 2, 352, 0)
[14:48:38.856974] {Default Queue}  -> zwlr_layer_surface_v1#80.set_size(88, 2)
[14:48:38.856976] {Default Queue}  -> wp_viewport#78.set_destination(88, 2)
[14:48:38.856977]  -> wl_surface#70.attach(wl_buffer#104, 0, 0)
[14:48:38.856978]  -> wl_surface#70.damage_buffer(0, 0, 88, 2)
[14:48:38.856978]  -> wl_surface#70.frame(new id wl_callback#105)
[14:48:38.856979] {Default Queue}  -> wp_presentation#23.feedback(wl_surface#70, new id wp_presentation_feedback#106)
[14:48:38.856980]  -> wl_surface#70.commit()
[14:48:38.857013] {Default Queue}  -> wl_shm#5.create_pool(new id wl_shm_pool#107, fd 17, 3686400)
[14:48:38.857015] {Default Queue}  -> wl_shm_pool#107.create_buffer(new id wl_buffer#108, 0, 1280, 720, 5120, 0)
[14:48:38.859632] {Default Queue}  -> wl_compositor#4.create_region(new id wl_region#109)
[14:48:38.859633] {Default Queue}  -> wl_region#109.add(0, 0, 1280, 720)
[14:48:38.859634]  -> wl_surface#81.set_opaque_region(wl_region#109)
[14:48:38.859635] {Default Queue}  -> wl_region#109.destroy()
[14:48:38.859636] {Default Queue}  -> wp_viewport#83.set_destination(1280, 720)
[14:48:38.859636]  -> wl_surface#81.attach(wl_buffer#108, 0, 0)
[14:48:38.859637]  -> wl_surface#81.damage_buffer(0, 0, 1280, 720)
[14:48:38.859638]  -> wl_surface#81.frame(new id wl_callback#110)
[14:48:38.859638] {Default Queue}  -> wp_presentation#23.feedback(wl_surface#81, new id wp_presentation_feedback#111)
[14:48:38.859639]  -> wl_surface#81.commit()
[14:48:38.859958] {Default Queue}  -> wl_shm#5.create_pool(new id wl_shm_pool#112, fd 16, 245760)
[14:48:38.859964] {Default Queue}  -> wl_shm_pool#112.create_buffer(new id wl_buffer#113, 0, 1280, 48, 5120, 0)
[14:48:38.860257] {Default Queue}  -> zwlr_layer_surface_v1#90.set_size(0, 48)
[14:48:38.860259] {Default Queue}  -> wl_compositor#4.create_region(new id wl_region#114)
[14:48:38.860260] {Default Queue}  -> wl_region#114.add(76, 4, 6, 40)
[14:48:38.860261]  -> wl_surface#76.set_opaque_region(wl_region#114)
[14:48:38.860262] {Default Queue}  -> wl_region#114.destroy()
[14:48:38.860263] {Default Queue}  -> wp_viewport#88.set_destination(1280, 48)
[14:48:38.860264]  -> wl_surface#76.attach(wl_buffer#113, 0, 0)
[14:48:38.860265]  -> wl_surface#76.damage_buffer(0, 0, 1280, 48)
[14:48:38.860266]  -> wl_surface#76.frame(new id wl_callback#115)
[14:48:38.860267] {Default Queue}  -> wp_presentation#23.feedback(wl_surface#76, new id wp_presentation_feedback#116)
[14:48:38.860268]  -> wl_surface#76.commit()
[14:48:38.860286] {Default Queue}  -> ext_background_effect_manager_v1#48.get_background_effect(new id ext_background_effect_surface_v1#117, wl_surface#76)
[14:48:38.860288] {Default Queue}  -> wl_compositor#46.create_region(new id wl_region#118)
[14:48:38.860300] {Default Queue}  -> wl_region#118.add(19, 4, 525, 1)
[14:48:38.860301] {Default Queue}  -> wl_region#118.add(577, 4, 126, 1)
[14:48:38.860302] {Default Queue}  -> wl_region#118.add(888, 4, 373, 1)
[14:48:38.860303] {Default Queue}  -> wl_region#118.add(17, 5, 529, 1)
[14:48:38.860303] {Default Queue}  -> wl_region#118.add(575, 5, 130, 1)
[14:48:38.860304] {Default Queue}  -> wl_region#118.add(886, 5, 377, 1)
[14:48:38.860304] {Default Queue}  -> wl_region#118.add(16, 6, 531, 1)
[14:48:38.860305] {Default Queue}  -> wl_region#118.add(574, 6, 132, 1)
[14:48:38.860306] {Default Queue}  -> wl_region#118.add(885, 6, 379, 1)
[14:48:38.860307] {Default Queue}  -> wl_region#118.add(15, 7, 533, 1)
[14:48:38.860307] {Default Queue}  -> wl_region#118.add(573, 7, 134, 1)
[14:48:38.860308] {Default Queue}  -> wl_region#118.add(884, 7, 381, 1)
[14:48:38.860308] {Default Queue}  -> wl_region#118.add(14, 8, 535, 1)
[14:48:38.860309] {Default Queue}  -> wl_region#118.add(572, 8, 136, 1)
[14:48:38.860310] {Default Queue}  -> wl_region#118.add(883, 8, 383, 1)
[14:48:38.860310] {Default Queue}  -> wl_region#118.add(13, 9, 537, 1)
[14:48:38.860311] {Default Queue}  -> wl_region#118.add(571, 9, 138, 1)
[14:48:38.860312] {Default Queue}  -> wl_region#118.add(882, 9, 385, 1)
[14:48:38.860313] {Default Queue}  -> wl_region#118.add(12, 10, 539, 2)
[14:48:38.860314] {Default Queue}  -> wl_region#118.add(570, 10, 140, 2)
[14:48:38.860314] {Default Queue}  -> wl_region#118.add(881, 10, 387, 2)
[14:48:38.860315] {Default Queue}  -> wl_region#118.add(11, 12, 541, 5)
[14:48:38.860316] {Default Queue}  -> wl_region#118.add(569, 12, 142, 5)
[14:48:38.860316] {Default Queue}  -> wl_region#118.add(880, 12, 389, 5)
[14:48:38.860317] {Default Queue}  -> wl_region#118.add(10, 17, 543, 14)
[14:48:38.860318] {Default Queue}  -> wl_region#118.add(568, 17, 144, 14)
[14:48:38.860318] {Default Queue}  -> wl_region#118.add(879, 17, 391, 14)
[14:48:38.860319] {Default Queue}  -> wl_region#118.add(11, 31, 541, 5)
[14:48:38.860319] {Default Queue}  -> wl_region#118.add(569, 31, 142, 5)
[14:48:38.860320] {Default Queue}  -> wl_region#118.add(880, 31, 389, 5)
[14:48:38.860321] {Default Queue}  -> wl_region#118.add(12, 36, 539, 2)
[14:48:38.860321] {Default Queue}  -> wl_region#118.add(570, 36, 140, 2)
[14:48:38.860322] {Default Queue}  -> wl_region#118.add(881, 36, 387, 2)
[14:48:38.860322] {Default Queue}  -> wl_region#118.add(13, 38, 537, 1)
[14:48:38.860323] {Default Queue}  -> wl_region#118.add(571, 38, 138, 1)
[14:48:38.860324] {Default Queue}  -> wl_region#118.add(882, 38, 385, 1)
[14:48:38.860324] {Default Queue}  -> wl_region#118.add(14, 39, 535, 1)
[14:48:38.860325] {Default Queue}  -> wl_region#118.add(572, 39, 136, 1)
[14:48:38.860325] {Default Queue}  -> wl_region#118.add(883, 39, 383, 1)
[14:48:38.860326] {Default Queue}  -> wl_region#118.add(15, 40, 533, 1)
[14:48:38.860327] {Default Queue}  -> wl_region#118.add(573, 40, 134, 1)
[14:48:38.860327] {Default Queue}  -> wl_region#118.add(884, 40, 381, 1)
[14:48:38.860328] {Default Queue}  -> wl_region#118.add(16, 41, 531, 1)
[14:48:38.860328] {Default Queue}  -> wl_region#118.add(574, 41, 132, 1)
[14:48:38.860329] {Default Queue}  -> wl_region#118.add(885, 41, 379, 1)
[14:48:38.860330] {Default Queue}  -> wl_region#118.add(17, 42, 529, 1)
[14:48:38.860330] {Default Queue}  -> wl_region#118.add(575, 42, 130, 1)
[14:48:38.860331] {Default Queue}  -> wl_region#118.add(886, 42, 377, 1)
[14:48:38.860331] {Default Queue}  -> wl_region#118.add(19, 43, 525, 1)
[14:48:38.860332] {Default Queue}  -> wl_region#118.add(577, 43, 126, 1)
[14:48:38.860333] {Default Queue}  -> wl_region#118.add(888, 43, 373, 1)
[14:48:38.860333] {Default Queue}  -> ext_background_effect_surface_v1#117.set_blur_region(wl_region#118)
[14:48:38.860334] {Default Queue}  -> wl_region#118.destroy()
[14:48:38.860351] {Display Queue} wl_display#1.delete_id(91)
[14:48:38.860352] {Display Queue} wl_display#1.delete_id(93)
[14:48:38.860353] {Display Queue} wl_display#1.delete_id(98)
[14:48:38.860353] {Display Queue} wl_display#1.delete_id(102)
[14:48:38.860354] {Display Queue} wl_display#1.delete_id(109)
[14:48:38.860354] {Default Queue} zwlr_layer_surface_v1#75.configure(16, 1280, 200)
[14:48:38.860357] {Default Queue}  -> zwlr_layer_surface_v1#75.ack_configure(16)
[14:48:38.860357] {Default Queue} zwlr_layer_surface_v1#69.configure(17, 1280, 720)
[14:48:38.860358] {Default Queue}  -> zwlr_layer_surface_v1#69.ack_configure(17)
[14:48:38.860359] {Default Queue} zwlr_layer_surface_v1#80.configure(18, 200, 200)
[14:48:38.860360] {Default Queue}  -> zwlr_layer_surface_v1#80.ack_configure(18)
[14:48:38.860361] {Default Queue} wp_fractional_scale_v1#66.preferred_scale(120)
[14:48:38.860361] {Default Queue} wl_buffer#92.release()
[14:48:38.860362] {Default Queue} zwlr_layer_surface_v1#75.configure(19, 1280, 48)
[14:48:38.860363] {Default Queue}  -> zwlr_layer_surface_v1#75.ack_configure(19)
[14:48:38.860364] {Default Queue} zwlr_layer_surface_v1#69.configure(20, 1280, 720)
[14:48:38.860364] {Default Queue}  -> zwlr_layer_surface_v1#69.ack_configure(20)
[14:48:38.860365] {Default Queue} zwlr_layer_surface_v1#80.configure(21, 200, 200)
[14:48:38.860366] {Default Queue}  -> zwlr_layer_surface_v1#80.ack_configure(21)
[14:48:38.860366] {Default Queue} wp_fractional_scale_v1#72.preferred_scale(120)
[14:48:38.860367] {Default Queue} zwlr_layer_surface_v1#75.configure(22, 1280, 48)
[14:48:38.860368] {Default Queue}  -> zwlr_layer_surface_v1#75.ack_configure(22)
[14:48:38.860368] {Default Queue} zwlr_layer_surface_v1#69.configure(23, 1280, 720)
[14:48:38.860369] {Default Queue}  -> zwlr_layer_surface_v1#69.ack_configure(23)
[14:48:38.860369] {Default Queue} zwlr_layer_surface_v1#80.configure(24, 200, 200)
[14:48:38.860370] {Default Queue}  -> zwlr_layer_surface_v1#80.ack_configure(24)
[14:48:38.860371] {Default Queue} wl_buffer#97.release()
[14:48:38.860371] {Default Queue} zwlr_layer_surface_v1#75.configure(26, 1280, 48)
[14:48:38.860372] {Default Queue}  -> zwlr_layer_surface_v1#75.ack_configure(26)
[14:48:38.860372] {Default Queue} zwlr_layer_surface_v1#69.configure(27, 1280, 720)
[14:48:38.860373] {Default Queue}  -> zwlr_layer_surface_v1#69.ack_configure(27)
[14:48:38.860373] {Default Queue} zwlr_layer_surface_v1#80.configure(28, 88, 2)
[14:48:38.860374] {Default Queue}  -> zwlr_layer_surface_v1#80.ack_configure(28)
[14:48:38.860375] {Default Queue} wp_fractional_scale_v1#77.preferred_scale(120)
[14:48:38.860375] {Default Queue} zwlr_layer_surface_v1#75.configure(29, 1280, 48)
[14:48:38.860376] {Default Queue}  -> zwlr_layer_surface_v1#75.ack_configure(29)
[14:48:38.860377] {Default Queue} zwlr_layer_surface_v1#69.configure(30, 1280, 720)
[14:48:38.860377] {Default Queue}  -> zwlr_layer_surface_v1#69.ack_configure(30)
[14:48:38.860378] {Default Queue} zwlr_layer_surface_v1#80.configure(31, 88, 2)
[14:48:38.860378] {Default Queue}  -> zwlr_layer_surface_v1#80.ack_configure(31)
[14:48:38.860379] {Default Queue} wl_buffer#104.release()
[14:48:38.860380] {Default Queue} zwlr_layer_surface_v1#90.configure(32, 1280, 200)
[14:48:38.860380] {Default Queue}  -> zwlr_layer_surface_v1#90.ack_configure(32)
[14:48:38.860381] {Default Queue} zwlr_layer_surface_v1#85.configure(33, 1280, 720)
[14:48:38.860382] {Default Queue}  -> zwlr_layer_surface_v1#85.ack_configure(33)
[14:48:38.860382] {Default Queue} wp_fractional_scale_v1#82.preferred_scale(120)
[14:48:38.860383] {Default Queue} wl_buffer#108.release()
[14:48:38.860383] wl_surface#81.enter(wl_output#64)
[14:48:38.860385] wl_surface#81.enter(wl_output#34)
[14:48:38.860386] wl_surface#81.preferred_buffer_scale(1)
[14:48:38.860387] wl_surface#70.enter(wl_output#63)
[14:48:38.860388] wl_surface#70.enter(wl_output#31)
[14:48:38.860389] wl_surface#70.preferred_buffer_scale(1)
[14:48:38.860389] wl_surface#71.enter(wl_output#63)
[14:48:38.860402] wl_surface#71.enter(wl_output#31)
[14:48:38.860411] wl_surface#71.preferred_buffer_scale(1)
[14:48:38.860411] wl_surface#65.enter(wl_output#63)
[14:48:38.860412] wl_surface#65.enter(wl_output#31)
[14:48:38.860413] wl_surface#65.preferred_buffer_scale(1)
[14:48:38.860657] {Display Queue} wl_display#1.delete_id(114)
[14:48:38.860659] {Display Queue} wl_display#1.delete_id(118)
[14:48:38.860660] {Default Queue} zwlr_layer_surface_v1#90.configure(34, 1280, 48)
[14:48:38.860662] {Default Queue}  -> zwlr_layer_surface_v1#90.ack_configure(34)
[14:48:38.860662] {Default Queue} zwlr_layer_surface_v1#85.configure(35, 1280, 720)
[14:48:38.860663] {Default Queue}  -> zwlr_layer_surface_v1#85.ack_configure(35)
[14:48:38.860664] {Default Queue} wp_fractional_scale_v1#87.preferred_scale(120)
[14:48:38.860664] {Default Queue} zwlr_layer_surface_v1#90.configure(36, 1280, 48)
[14:48:38.860665] {Default Queue}  -> zwlr_layer_surface_v1#90.ack_configure(36)
[14:48:38.860666] {Default Queue} zwlr_layer_surface_v1#85.configure(37, 1280, 720)
[14:48:38.860667] {Default Queue}  -> zwlr_layer_surface_v1#85.ack_configure(37)
[14:48:38.860667] {Default Queue} wl_buffer#113.release()
[14:48:38.860669] wl_surface#76.enter(wl_output#64)
[14:48:38.860680] wl_surface#76.enter(wl_output#34)
[14:48:38.860689] wl_surface#76.preferred_buffer_scale(1)
[14:48:38.867441] {Display Queue} wl_display#1.delete_id(94)
[14:48:38.867450] {Display Queue} wl_display#1.delete_id(99)
[14:48:38.867451] {Display Queue} wl_display#1.delete_id(105)
[14:48:38.867452] {Display Queue} wl_display#1.delete_id(95)
[14:48:38.867453] {Display Queue} wl_display#1.delete_id(100)
[14:48:38.867453] {Display Queue} wl_display#1.delete_id(106)
[14:48:38.867454] {Default Queue} wl_callback#94.done(6841982)
[14:48:38.867464] {Default Queue} wl_callback#99.done(6841982)
[14:48:38.867466] {Default Queue} wl_callback#105.done(6841982)
[14:48:38.867467] {Default Queue} wp_presentation_feedback#95.sync_output(wl_output#63)
[14:48:38.867469] {Default Queue} wp_presentation_feedback#95.sync_output(wl_output#31)
[14:48:38.867470] {Default Queue} wp_presentation_feedback#95.presented(0, 6841, 982308113, 0, 0, 0, 0)
[14:48:38.867472] {Default Queue} wp_presentation_feedback#100.sync_output(wl_output#63)
[14:48:38.867473] {Default Queue} wp_presentation_feedback#100.sync_output(wl_output#31)
[14:48:38.867474] {Default Queue} wp_presentation_feedback#100.presented(0, 6841, 982308113, 0, 0, 0, 0)
[14:48:38.867476] {Default Queue} wp_presentation_feedback#106.sync_output(wl_output#63)
[14:48:38.867476] {Default Queue} wp_presentation_feedback#106.sync_output(wl_output#31)
[14:48:38.867477] {Default Queue} wp_presentation_feedback#106.presented(0, 6841, 982308113, 0, 0, 0, 0)
[14:48:38.867478] wl_surface#70.preferred_buffer_transform(0)
[14:48:38.867479] wl_surface#71.preferred_buffer_transform(0)
[14:48:38.867480] wl_surface#65.preferred_buffer_transform(0)
[14:48:38.867542] {Default Queue}  -> wl_compositor#4.create_region(new id wl_region#106)
[14:48:38.867545]  -> wl_surface#65.set_input_region(wl_region#106)
[14:48:38.867546] {Default Queue}  -> wl_region#106.destroy()
[14:48:38.867547]  -> wl_surface#65.attach(wl_buffer#92, 0, 0)
[14:48:38.867549]  -> wl_surface#65.frame(new id wl_callback#100)
[14:48:38.867550] {Default Queue}  -> wp_presentation#23.feedback(wl_surface#65, new id wp_presentation_feedback#95)
[14:48:38.867552]  -> wl_surface#65.commit()
[14:48:38.867618] {Default Queue}  -> wl_compositor#4.create_region(new id wl_region#105)
[14:48:38.867620] {Default Queue}  -> wl_region#105.add(19, 4, 641, 1)
[14:48:38.867621] {Default Queue}  -> wl_region#105.add(690, 4, 126, 1)
[14:48:38.867621] {Default Queue}  -> wl_region#105.add(888, 4, 373, 1)
[14:48:38.867622] {Default Queue}  -> wl_region#105.add(17, 5, 645, 1)
[14:48:38.867623] {Default Queue}  -> wl_region#105.add(688, 5, 130, 1)
[14:48:38.867623] {Default Queue}  -> wl_region#105.add(886, 5, 377, 1)
[14:48:38.867624] {Default Queue}  -> wl_region#105.add(16, 6, 647, 1)
[14:48:38.867625] {Default Queue}  -> wl_region#105.add(687, 6, 132, 1)
[14:48:38.867625] {Default Queue}  -> wl_region#105.add(885, 6, 379, 1)
[14:48:38.867626] {Default Queue}  -> wl_region#105.add(15, 7, 649, 1)
[14:48:38.867627] {Default Queue}  -> wl_region#105.add(686, 7, 134, 1)
[14:48:38.867627] {Default Queue}  -> wl_region#105.add(884, 7, 381, 1)
[14:48:38.867628] {Default Queue}  -> wl_region#105.add(14, 8, 651, 1)
[14:48:38.867629] {Default Queue}  -> wl_region#105.add(685, 8, 136, 1)
[14:48:38.867629] {Default Queue}  -> wl_region#105.add(883, 8, 383, 1)
[14:48:38.867630] {Default Queue}  -> wl_region#105.add(13, 9, 653, 1)
[14:48:38.867630] {Default Queue}  -> wl_region#105.add(684, 9, 138, 1)
[14:48:38.867631] {Default Queue}  -> wl_region#105.add(882, 9, 385, 1)
[14:48:38.867632] {Default Queue}  -> wl_region#105.add(12, 10, 655, 2)
[14:48:38.867632] {Default Queue}  -> wl_region#105.add(683, 10, 140, 2)
[14:48:38.867633] {Default Queue}  -> wl_region#105.add(881, 10, 387, 2)
[14:48:38.867633] {Default Queue}  -> wl_region#105.add(11, 12, 657, 5)
[14:48:38.867634] {Default Queue}  -> wl_region#105.add(682, 12, 142, 5)
[14:48:38.867635] {Default Queue}  -> wl_region#105.add(880, 12, 389, 5)
[14:48:38.867635] {Default Queue}  -> wl_region#105.add(10, 17, 659, 14)
[14:48:38.867636] {Default Queue}  -> wl_region#105.add(681, 17, 144, 14)
[14:48:38.867636] {Default Queue}  -> wl_region#105.add(879, 17, 391, 14)
[14:48:38.867637] {Default Queue}  -> wl_region#105.add(11, 31, 657, 5)
[14:48:38.867638] {Default Queue}  -> wl_region#105.add(682, 31, 142, 5)
[14:48:38.867638] {Default Queue}  -> wl_region#105.add(880, 31, 389, 5)
[14:48:38.867639] {Default Queue}  -> wl_region#105.add(12, 36, 655, 2)
[14:48:38.867639] {Default Queue}  -> wl_region#105.add(683, 36, 140, 2)
[14:48:38.867640] {Default Queue}  -> wl_region#105.add(881, 36, 387, 2)
[14:48:38.867641] {Default Queue}  -> wl_region#105.add(13, 38, 653, 1)
[14:48:38.867641] {Default Queue}  -> wl_region#105.add(684, 38, 138, 1)
[14:48:38.867642] {Default Queue}  -> wl_region#105.add(882, 38, 385, 1)
[14:48:38.867643] {Default Queue}  -> wl_region#105.add(14, 39, 651, 1)
[14:48:38.867643] {Default Queue}  -> wl_region#105.add(685, 39, 136, 1)
[14:48:38.867644] {Default Queue}  -> wl_region#105.add(883, 39, 383, 1)
[14:48:38.867644] {Default Queue}  -> wl_region#105.add(15, 40, 649, 1)
[14:48:38.867645] {Default Queue}  -> wl_region#105.add(686, 40, 134, 1)
[14:48:38.867645] {Default Queue}  -> wl_region#105.add(884, 40, 381, 1)
[14:48:38.867646] {Default Queue}  -> wl_region#105.add(16, 41, 647, 1)
[14:48:38.867647] {Default Queue}  -> wl_region#105.add(687, 41, 132, 1)
[14:48:38.867647] {Default Queue}  -> wl_region#105.add(885, 41, 379, 1)
[14:48:38.867648] {Default Queue}  -> wl_region#105.add(17, 42, 645, 1)
[14:48:38.867648] {Default Queue}  -> wl_region#105.add(688, 42, 130, 1)
[14:48:38.867649] {Default Queue}  -> wl_region#105.add(886, 42, 377, 1)
[14:48:38.867650] {Default Queue}  -> wl_region#105.add(19, 43, 641, 1)
[14:48:38.867650] {Default Queue}  -> wl_region#105.add(690, 43, 126, 1)
[14:48:38.867651] {Default Queue}  -> wl_region#105.add(888, 43, 373, 1)
[14:48:38.867651]  -> wl_surface#71.set_input_region(wl_region#105)
[14:48:38.867652] {Default Queue}  -> wl_region#105.destroy()
[14:48:38.867653]  -> wl_surface#71.attach(wl_buffer#97, 0, 0)
[14:48:38.867654]  -> wl_surface#71.frame(new id wl_callback#99)
[14:48:38.867654] {Default Queue}  -> wp_presentation#23.feedback(wl_surface#71, new id wp_presentation_feedback#94)
[14:48:38.867655]  -> wl_surface#71.commit()
[14:48:38.867683]  -> wl_surface#70.attach(wl_buffer#104, 0, 0)
[14:48:38.867684]  -> wl_surface#70.frame(new id wl_callback#118)
[14:48:38.867684] {Default Queue}  -> wp_presentation#23.feedback(wl_surface#70, new id wp_presentation_feedback#114)
[14:48:38.867685]  -> wl_surface#70.commit()
[14:48:38.869481] {Display Queue} wl_display#1.delete_id(110)
[14:48:38.869486] {Display Queue} wl_display#1.delete_id(115)
[14:48:38.869487] {Display Queue} wl_display#1.delete_id(111)
[14:48:38.869488] {Display Queue} wl_display#1.delete_id(116)
[14:48:38.869488] {Default Queue} wl_callback#110.done(6841982)
[14:48:38.869493] {Default Queue} wl_callback#115.done(6841982)
[14:48:38.869495] {Default Queue} wp_presentation_feedback#111.sync_output(wl_output#64)
[14:48:38.869496] {Default Queue} wp_presentation_feedback#111.sync_output(wl_output#34)
[14:48:38.869497] {Default Queue} wp_presentation_feedback#111.presented(0, 6841, 984274567, 0, 0, 0, 0)
[14:48:38.869499] {Default Queue} wp_presentation_feedback#116.sync_output(wl_output#64)
[14:48:38.869500] {Default Queue} wp_presentation_feedback#116.sync_output(wl_output#34)
[14:48:38.869501] {Default Queue} wp_presentation_feedback#116.presented(0, 6841, 984274567, 0, 0, 0, 0)
[14:48:38.869502] wl_surface#76.preferred_buffer_transform(0)
[14:48:38.869503] wl_surface#81.preferred_buffer_transform(0)
[14:48:38.869537] {Default Queue}  -> wl_compositor#4.create_region(new id wl_region#116)
[14:48:38.869539]  -> wl_surface#81.set_input_region(wl_region#116)
[14:48:38.869540] {Default Queue}  -> wl_region#116.destroy()
[14:48:38.869541]  -> wl_surface#81.attach(wl_buffer#108, 0, 0)
[14:48:38.869542]  -> wl_surface#81.frame(new id wl_callback#111)
[14:48:38.869543] {Default Queue}  -> wp_presentation#23.feedback(wl_surface#81, new id wp_presentation_feedback#115)
[14:48:38.869544]  -> wl_surface#81.commit()
[14:48:38.869596] {Default Queue}  -> wl_compositor#4.create_region(new id wl_region#110)
[14:48:38.869597] {Default Queue}  -> wl_region#110.add(19, 4, 525, 1)
[14:48:38.869598] {Default Queue}  -> wl_region#110.add(577, 4, 126, 1)
[14:48:38.869599] {Default Queue}  -> wl_region#110.add(888, 4, 373, 1)
[14:48:38.869600] {Default Queue}  -> wl_region#110.add(17, 5, 529, 1)
[14:48:38.869600] {Default Queue}  -> wl_region#110.add(575, 5, 130, 1)
[14:48:38.869601] {Default Queue}  -> wl_region#110.add(886, 5, 377, 1)
[14:48:38.869601] {Default Queue}  -> wl_region#110.add(16, 6, 531, 1)
[14:48:38.869602] {Default Queue}  -> wl_region#110.add(574, 6, 132, 1)
[14:48:38.869603] {Default Queue}  -> wl_region#110.add(885, 6, 379, 1)
[14:48:38.869603] {Default Queue}  -> wl_region#110.add(15, 7, 533, 1)
[14:48:38.869604] {Default Queue}  -> wl_region#110.add(573, 7, 134, 1)
[14:48:38.869605] {Default Queue}  -> wl_region#110.add(884, 7, 381, 1)
[14:48:38.869605] {Default Queue}  -> wl_region#110.add(14, 8, 535, 1)
[14:48:38.869606] {Default Queue}  -> wl_region#110.add(572, 8, 136, 1)
[14:48:38.869606] {Default Queue}  -> wl_region#110.add(883, 8, 383, 1)
[14:48:38.869607] {Default Queue}  -> wl_region#110.add(13, 9, 537, 1)
[14:48:38.869608] {Default Queue}  -> wl_region#110.add(571, 9, 138, 1)
[14:48:38.869608] {Default Queue}  -> wl_region#110.add(882, 9, 385, 1)
[14:48:38.869609] {Default Queue}  -> wl_region#110.add(12, 10, 539, 2)
[14:48:38.869609] {Default Queue}  -> wl_region#110.add(570, 10, 140, 2)
[14:48:38.869610] {Default Queue}  -> wl_region#110.add(881, 10, 387, 2)
[14:48:38.869611] {Default Queue}  -> wl_region#110.add(11, 12, 541, 5)
[14:48:38.869611] {Default Queue}  -> wl_region#110.add(569, 12, 142, 5)
[14:48:38.869612] {Default Queue}  -> wl_region#110.add(880, 12, 389, 5)
[14:48:38.869612] {Default Queue}  -> wl_region#110.add(10, 17, 543, 14)
[14:48:38.869613] {Default Queue}  -> wl_region#110.add(568, 17, 144, 14)
[14:48:38.869614] {Default Queue}  -> wl_region#110.add(879, 17, 391, 14)
[14:48:38.869614] {Default Queue}  -> wl_region#110.add(11, 31, 541, 5)
[14:48:38.869615] {Default Queue}  -> wl_region#110.add(569, 31, 142, 5)
[14:48:38.869616] {Default Queue}  -> wl_region#110.add(880, 31, 389, 5)
[14:48:38.869616] {Default Queue}  -> wl_region#110.add(12, 36, 539, 2)
[14:48:38.869617] {Default Queue}  -> wl_region#110.add(570, 36, 140, 2)
[14:48:38.869617] {Default Queue}  -> wl_region#110.add(881, 36, 387, 2)
[14:48:38.869618] {Default Queue}  -> wl_region#110.add(13, 38, 537, 1)
[14:48:38.869619] {Default Queue}  -> wl_region#110.add(571, 38, 138, 1)
[14:48:38.869619] {Default Queue}  -> wl_region#110.add(882, 38, 385, 1)
[14:48:38.869620] {Default Queue}  -> wl_region#110.add(14, 39, 535, 1)
[14:48:38.869620] {Default Queue}  -> wl_region#110.add(572, 39, 136, 1)
[14:48:38.869621] {Default Queue}  -> wl_region#110.add(883, 39, 383, 1)
[14:48:38.869621] {Default Queue}  -> wl_region#110.add(15, 40, 533, 1)
[14:48:38.869622] {Default Queue}  -> wl_region#110.add(573, 40, 134, 1)
[14:48:38.869623] {Default Queue}  -> wl_region#110.add(884, 40, 381, 1)
[14:48:38.869623] {Default Queue}  -> wl_region#110.add(16, 41, 531, 1)
[14:48:38.869624] {Default Queue}  -> wl_region#110.add(574, 41, 132, 1)
[14:48:38.869624] {Default Queue}  -> wl_region#110.add(885, 41, 379, 1)
[14:48:38.869625] {Default Queue}  -> wl_region#110.add(17, 42, 529, 1)
[14:48:38.869626] {Default Queue}  -> wl_region#110.add(575, 42, 130, 1)
[14:48:38.869626] {Default Queue}  -> wl_region#110.add(886, 42, 377, 1)
[14:48:38.869627] {Default Queue}  -> wl_region#110.add(19, 43, 525, 1)
[14:48:38.869627] {Default Queue}  -> wl_region#110.add(577, 43, 126, 1)
[14:48:38.869628] {Default Queue}  -> wl_region#110.add(888, 43, 373, 1)
[14:48:38.869629]  -> wl_surface#76.set_input_region(wl_region#110)
[14:48:38.869629] {Default Queue}  -> wl_region#110.destroy()
[14:48:38.869630]  -> wl_surface#76.attach(wl_buffer#113, 0, 0)
[14:48:38.869631]  -> wl_surface#76.frame(new id wl_callback#109)
[14:48:38.869631] {Default Queue}  -> wp_presentation#23.feedback(wl_surface#76, new id wp_presentation_feedback#102)
[14:48:38.869632]  -> wl_surface#76.commit()
[14:48:38.869644] {Display Queue} wl_display#1.delete_id(106)
[14:48:38.869645] {Display Queue} wl_display#1.delete_id(105)
[14:48:38.869645] {Default Queue} wl_buffer#92.release()
[14:48:38.869646] {Default Queue} wl_buffer#97.release()
[14:48:38.869647] {Default Queue} wl_buffer#104.release()
[14:48:38.869740] {Display Queue} wl_display#1.delete_id(116)
[14:48:38.869741] {Display Queue} wl_display#1.delete_id(110)
[14:48:38.869742] {Default Queue} wl_buffer#108.release()
[14:48:38.869742] {Default Queue} wl_buffer#113.release()
[14:48:38.880791] {Default Queue}  -> wl_compositor#4.create_surface(new id wl_surface#110)
[14:48:38.880796] {Default Queue}  -> wp_fractional_scale_manager_v1#11.get_fractional_scale(new id wp_fractional_scale_v1#116, wl_surface#110)
[14:48:38.880798] {Default Queue}  -> wp_viewporter#10.get_viewport(new id wp_viewport#105, wl_surface#110)
[14:48:38.880812] {Default Queue}  -> xdg_toplevel_icon_manager_v1#9.create_icon(new id xdg_toplevel_icon_v1#106)
[14:48:38.880819] {Default Queue}  -> zwlr_layer_shell_v1#49.get_layer_surface(new id zwlr_layer_surface_v1#98, wl_surface#110, wl_output#31, 3, "pearl:popup")
[14:48:38.880822] {Default Queue}  -> zwlr_layer_surface_v1#98.set_keyboard_interactivity(1)
[14:48:38.880823] {Default Queue}  -> zwlr_layer_surface_v1#98.set_exclusive_zone(0)
[14:48:38.880823] {Default Queue}  -> zwlr_layer_surface_v1#98.set_anchor(15)
[14:48:38.880825] {Default Queue}  -> zwlr_layer_surface_v1#98.set_margin(0, 0, 0, 0)
[14:48:38.880826] {Default Queue}  -> zwlr_layer_surface_v1#98.set_size(0, 0)
[14:48:38.880829]  -> wl_surface#110.commit()
[14:48:38.880899] {Default Queue}  -> ext_background_effect_manager_v1#48.get_background_effect(new id ext_background_effect_surface_v1#93, wl_surface#110)
[14:48:38.880900] {Default Queue}  -> wl_compositor#46.create_region(new id wl_region#91)
[14:48:38.880905] {Default Queue}  -> wl_region#91.add(-11, -20, 22, 1)
[14:48:38.880906] {Default Queue}  -> wl_region#91.add(-13, -19, 26, 1)
[14:48:38.880907] {Default Queue}  -> wl_region#91.add(-14, -18, 28, 1)
[14:48:38.880907] {Default Queue}  -> wl_region#91.add(-15, -17, 30, 1)
[14:48:38.880908] {Default Queue}  -> wl_region#91.add(-16, -16, 32, 1)
[14:48:38.880909] {Default Queue}  -> wl_region#91.add(-17, -15, 34, 1)
[14:48:38.880909] {Default Queue}  -> wl_region#91.add(-18, -14, 36, 2)
[14:48:38.880910] {Default Queue}  -> wl_region#91.add(-19, -12, 38, 5)
[14:48:38.880911] {Default Queue}  -> wl_region#91.add(-20, -7, 40, 14)
[14:48:38.880912] {Default Queue}  -> wl_region#91.add(-19, 7, 38, 5)
[14:48:38.880912] {Default Queue}  -> wl_region#91.add(-18, 12, 36, 2)
[14:48:38.880913] {Default Queue}  -> wl_region#91.add(-17, 14, 34, 1)
[14:48:38.880913] {Default Queue}  -> wl_region#91.add(-16, 15, 32, 1)
[14:48:38.880914] {Default Queue}  -> wl_region#91.add(-15, 16, 30, 1)
[14:48:38.880914] {Default Queue}  -> wl_region#91.add(-14, 17, 28, 1)
[14:48:38.880915] {Default Queue}  -> wl_region#91.add(-13, 18, 26, 1)
[14:48:38.880916] {Default Queue}  -> wl_region#91.add(-11, 19, 22, 1)
[14:48:38.880918] {Default Queue}  -> ext_background_effect_surface_v1#93.set_blur_region(wl_region#91)
[14:48:38.880919] {Default Queue}  -> wl_region#91.destroy()
[14:48:38.880965] {Default Queue}  -> wl_display#1.get_registry(new id wl_registry#119)
[14:48:38.880973] {Default Queue}  -> xdg_activation_v1#15.get_activation_token(new id xdg_activation_token_v1#120)
[14:48:38.880974]  -> xdg_activation_token_v1#120.set_serial(0, wl_seat#3)
[14:48:38.880975]  -> xdg_activation_token_v1#120.commit()
[14:48:38.881031] {Display Queue} wl_display#1.delete_id(91)
[14:48:38.881064] xdg_activation_token_v1#120.done("0d7c5d2704a5ff7c8086bd7af2e57abd")
[14:48:38.881069]  -> xdg_activation_token_v1#120.destroy()
[14:48:38.881070] {Default Queue}  -> xdg_activation_v1#15.activate("0d7c5d2704a5ff7c8086bd7af2e57abd", wl_surface#110)
info: event=popup-opened output=1
[14:48:38.881084] {Default Queue} zwlr_layer_surface_v1#75.configure(38, 1280, 48)
[14:48:38.881087] {Default Queue}  -> zwlr_layer_surface_v1#75.ack_configure(38)
[14:48:38.881088] {Default Queue} zwlr_layer_surface_v1#69.configure(39, 1280, 720)
[14:48:38.881089] {Default Queue}  -> zwlr_layer_surface_v1#69.ack_configure(39)
[14:48:38.881089] {Default Queue} zwlr_layer_surface_v1#80.configure(40, 88, 2)
[14:48:38.881092] {Default Queue}  -> zwlr_layer_surface_v1#80.ack_configure(40)
[14:48:38.881093] {Default Queue} zwlr_layer_surface_v1#98.configure(41, 1280, 672)
[14:48:38.881096] {Default Queue}  -> zwlr_layer_surface_v1#98.ack_configure(41)
[14:48:38.881096] {Default Queue} wl_registry#119.global(1, "wl_compositor", 6)
[14:48:38.881097] {Default Queue} wl_registry#119.global(2, "wl_fixes", 1)
[14:48:38.881099] {Default Queue} wl_registry#119.global(3, "wp_security_context_manager_v1", 1)
[14:48:38.881100] {Default Queue} wl_registry#119.global(4, "wl_shm", 2)
[14:48:38.881100] {Default Queue} wl_registry#119.global(5, "wp_single_pixel_buffer_manager_v1", 1)
[14:48:38.881101] {Default Queue} wl_registry#119.global(6, "wp_alpha_modifier_v1", 1)
[14:48:38.881101] {Default Queue} wl_registry#119.global(7, "wp_color_representation_manager_v1", 1)
[14:48:38.881102] {Default Queue} wl_registry#119.global(8, "wp_content_type_manager_v1", 1)
[14:48:38.881103] {Default Queue} wl_registry#119.global(9, "wp_fifo_manager_v1", 1)
[14:48:38.881103] {Default Queue} wl_registry#119.global(10, "wp_commit_timing_manager_v1", 1)
[14:48:38.881105] {Default Queue} wl_registry#119.global(11, "xdg_wm_dialog_v1", 1)
[14:48:38.881105] {Default Queue} wl_registry#119.global(12, "xdg_toplevel_drag_manager_v1", 1)
[14:48:38.881106] {Default Queue} wl_registry#119.global(13, "xdg_toplevel_icon_manager_v1", 1)
[14:48:38.881107] {Default Queue} wl_registry#119.global(14, "xdg_toplevel_tag_manager_v1", 1)
[14:48:38.881107] {Default Queue} wl_registry#119.global(15, "wp_viewporter", 1)
[14:48:38.881108] {Default Queue} wl_registry#119.global(16, "wp_fractional_scale_manager_v1", 1)
[14:48:38.881111] {Default Queue} wl_registry#119.global(17, "wl_subcompositor", 1)
[14:48:38.881112] {Default Queue} wl_registry#119.global(18, "wp_cursor_shape_manager_v1", 2)
[14:48:38.881113] {Default Queue} wl_registry#119.global(19, "xdg_wm_base", 7)
[14:48:38.881113] {Default Queue} wl_registry#119.global(20, "zxdg_decoration_manager_v1", 1)
[14:48:38.881114] {Default Queue} wl_registry#119.global(21, "org_kde_kwin_server_decoration_manager", 1)
[14:48:38.881114] {Default Queue} wl_registry#119.global(22, "xdg_activation_v1", 1)
[14:48:38.881115] {Default Queue} wl_registry#119.global(23, "zxdg_exporter_v2", 1)
[14:48:38.881116] {Default Queue} wl_registry#119.global(24, "zxdg_importer_v2", 1)
[14:48:38.881116] {Default Queue} wl_registry#119.global(25, "wl_data_device_manager", 3)
[14:48:38.881117] {Default Queue} wl_registry#119.global(26, "zwp_primary_selection_device_manager_v1", 1)
[14:48:38.881117] {Default Queue} wl_registry#119.global(27, "ext_data_control_manager_v1", 1)
[14:48:38.881118] {Default Queue} wl_registry#119.global(28, "zwlr_data_control_manager_v1", 2)
[14:48:38.881119] {Default Queue} wl_registry#119.global(29, "zwlr_export_dmabuf_manager_v1", 1)
[14:48:38.881119] {Default Queue} wl_registry#119.global(30, "zwlr_screencopy_manager_v1", 3)
[14:48:38.881120] {Default Queue} wl_registry#119.global(31, "ext_image_copy_capture_manager_v1", 1)
[14:48:38.881121] {Default Queue} wl_registry#119.global(32, "aqueous_capture_color_manager_v1", 1)
[14:48:38.881121] {Default Queue} wl_registry#119.global(33, "ext_output_image_capture_source_manager_v1", 1)
[14:48:38.881122] {Default Queue} wl_registry#119.global(34, "zwlr_foreign_toplevel_manager_v1", 3)
[14:48:38.881123] {Default Queue} wl_registry#119.global(35, "ext_foreign_toplevel_list_v1", 1)
[14:48:38.881123] {Default Queue} wl_registry#119.global(36, "ext_foreign_toplevel_image_capture_source_manager_v1", 1)
[14:48:38.881124] {Default Queue} wl_registry#119.global(37, "wp_tearing_control_manager_v1", 1)
[14:48:38.881125] {Default Queue} wl_registry#119.global(38, "zwp_linux_dmabuf_v1", 5)
[14:48:38.881125] {Default Queue} wl_registry#119.global(39, "wp_linux_drm_syncobj_manager_v1", 1)
[14:48:38.881126] {Default Queue} wl_registry#119.global(40, "wp_color_manager_v1", 3)
[14:48:38.881127] {Default Queue} wl_registry#119.global(41, "aqueous_window_manager_v1", 10)
[14:48:38.881127] {Default Queue} wl_registry#119.global(42, "ext_workspace_manager_v1", 1)
[14:48:38.881128] {Default Queue} wl_registry#119.global(43, "aqueous_window_info_manager_v1", 8)
[14:48:38.881128] {Default Queue} wl_registry#119.global(44, "aqueous_xkb_bindings_v1", 3)
[14:48:38.881129] {Default Queue} wl_registry#119.global(45, "aqueous_layer_shell_v1", 1)
[14:48:38.881130] {Default Queue} wl_registry#119.global(46, "zwlr_layer_shell_v1", 4)
[14:48:38.881130] {Default Queue} wl_registry#119.global(47, "zwlr_gamma_control_manager_v1", 1)
[14:48:38.881131] {Default Queue} wl_registry#119.global(48, "wp_presentation", 2)
[14:48:38.881131] {Default Queue} wl_registry#119.global(49, "zxdg_output_manager_v1", 3)
[14:48:38.881132] {Default Queue} wl_registry#119.global(50, "zwlr_output_manager_v1", 4)
[14:48:38.881133] {Default Queue} wl_registry#119.global(51, "zwlr_output_power_manager_v1", 1)
[14:48:38.881133] {Default Queue} wl_registry#119.global(52, "aqueous_input_manager_v1", 2)
[14:48:38.881134] {Default Queue} wl_registry#119.global(53, "ext_idle_notifier_v1", 2)
[14:48:38.881134] {Default Queue} wl_registry#119.global(54, "zwp_relative_pointer_manager_v1", 1)
[14:48:38.881135] {Default Queue} wl_registry#119.global(55, "zwp_pointer_gestures_v1", 3)
[14:48:38.881136] {Default Queue} wl_registry#119.global(56, "zwlr_virtual_pointer_manager_v1", 2)
[14:48:38.881136] {Default Queue} wl_registry#119.global(57, "zwp_virtual_keyboard_manager_v1", 1)
[14:48:38.881137] {Default Queue} wl_registry#119.global(58, "zwp_pointer_constraints_v1", 1)
[14:48:38.881138] {Default Queue} wl_registry#119.global(59, "zwp_input_method_manager_v2", 1)
[14:48:38.881138] {Default Queue} wl_registry#119.global(60, "zwp_text_input_manager_v3", 1)
[14:48:38.881139] {Default Queue}  -> wl_registry#119.bind(60, "zwp_text_input_manager_v3", 1, new id [unknown]#91)
[14:48:38.881140] {Default Queue}  -> zwp_text_input_manager_v3#91.get_text_input(new id zwp_text_input_v3#121, wl_seat#3)
[14:48:38.881142] {Default Queue} wl_registry#119.global(61, "zwp_tablet_manager_v2", 1)
[14:48:38.881142] {Default Queue} wl_registry#119.global(62, "wp_pointer_warp_v1", 1)
[14:48:38.881143] {Default Queue} wl_registry#119.global(63, "wl_seat", 9)
[14:48:38.881144] {Default Queue} wl_registry#119.global(64, "aqueous_libinput_config_v1", 2)
[14:48:38.881144] {Default Queue} wl_registry#119.global(65, "aqueous_xkb_config_v1", 2)
[14:48:38.881145] {Default Queue} wl_registry#119.global(66, "zwp_idle_inhibit_manager_v1", 1)
[14:48:38.881146] {Default Queue} wl_registry#119.global(67, "ext_session_lock_manager_v1", 1)
[14:48:38.881146] {Default Queue} wl_registry#119.global(68, "aqueous_shell_manager_v1", 2)
[14:48:38.881147] {Default Queue} wl_registry#119.global(69, "zwp_keyboard_shortcuts_inhibit_manager_v1", 1)
[14:48:38.881148] {Default Queue} wl_registry#119.global(70, "ext_background_effect_manager_v1", 1)
[14:48:38.881148] {Default Queue} wl_registry#119.global(71, "xdg_system_bell_v1", 1)
[14:48:38.881149] {Default Queue} wl_registry#119.global(72, "wl_output", 4)
[14:48:38.881150] {Default Queue} wl_registry#119.global(73, "wl_output", 4)
[14:48:38.883136] {Default Queue}  -> wl_shm#5.create_pool(new id wl_shm_pool#122, fd 16, 3440640)
[14:48:38.883142] {Default Queue}  -> wl_shm_pool#122.create_buffer(new id wl_buffer#123, 0, 1280, 672, 5120, 0)
[14:48:38.883964] {Default Queue}  -> wl_compositor#4.create_region(new id wl_region#124)
[14:48:38.883966] {Default Queue}  -> wl_region#124.add(377, 90, 526, 54)
[14:48:38.883968]  -> wl_surface#110.set_opaque_region(wl_region#124)
[14:48:38.883969] {Default Queue}  -> wl_region#124.destroy()
[14:48:38.883970] {Default Queue}  -> wp_viewport#105.set_destination(1280, 672)
[14:48:38.883971]  -> wl_surface#110.attach(wl_buffer#123, 0, 0)
[14:48:38.883972]  -> wl_surface#110.damage_buffer(0, 0, 1280, 672)
[14:48:38.883973]  -> wl_surface#110.frame(new id wl_callback#125)
[14:48:38.883974] {Default Queue}  -> wp_presentation#23.feedback(wl_surface#110, new id wp_presentation_feedback#126)
[14:48:38.883975]  -> wl_surface#110.commit()
[14:48:38.883979] {Default Queue}  -> wl_compositor#46.create_region(new id wl_region#127)
[14:48:38.884008] {Default Queue}  -> wl_region#127.add(339, 36, 602, 1)
[14:48:38.884009] {Default Queue}  -> wl_region#127.add(337, 37, 606, 1)
[14:48:38.884010] {Default Queue}  -> wl_region#127.add(336, 38, 608, 1)
[14:48:38.884010] {Default Queue}  -> wl_region#127.add(335, 39, 610, 1)
[14:48:38.884011] {Default Queue}  -> wl_region#127.add(334, 40, 612, 1)
[14:48:38.884012] {Default Queue}  -> wl_region#127.add(333, 41, 614, 1)
[14:48:38.884012] {Default Queue}  -> wl_region#127.add(332, 42, 616, 2)
[14:48:38.884013] {Default Queue}  -> wl_region#127.add(331, 44, 618, 5)
[14:48:38.884014] {Default Queue}  -> wl_region#127.add(330, 49, 620, 574)
[14:48:38.884014] {Default Queue}  -> wl_region#127.add(331, 623, 618, 5)
[14:48:38.884015] {Default Queue}  -> wl_region#127.add(332, 628, 616, 2)
[14:48:38.884015] {Default Queue}  -> wl_region#127.add(333, 630, 614, 1)
[14:48:38.884016] {Default Queue}  -> wl_region#127.add(334, 631, 612, 1)
[14:48:38.884017] {Default Queue}  -> wl_region#127.add(335, 632, 610, 1)
[14:48:38.884017] {Default Queue}  -> wl_region#127.add(336, 633, 608, 1)
[14:48:38.884018] {Default Queue}  -> wl_region#127.add(337, 634, 606, 1)
[14:48:38.884019] {Default Queue}  -> wl_region#127.add(339, 635, 602, 1)
[14:48:38.884019] {Default Queue}  -> ext_background_effect_surface_v1#93.set_blur_region(wl_region#127)
[14:48:38.884020] {Default Queue}  -> wl_region#127.destroy()
[14:48:38.884035] {Display Queue} wl_display#1.delete_id(120)
[14:48:38.884037] {Display Queue} wl_display#1.delete_id(100)
[14:48:38.884037] {Display Queue} wl_display#1.delete_id(99)
[14:48:38.884038] {Display Queue} wl_display#1.delete_id(118)
[14:48:38.884039] {Display Queue} wl_display#1.delete_id(95)
[14:48:38.884039] {Display Queue} wl_display#1.delete_id(94)
[14:48:38.884040] {Display Queue} wl_display#1.delete_id(114)
[14:48:38.884040] {Display Queue} wl_display#1.delete_id(111)
[14:48:38.884041] {Display Queue} wl_display#1.delete_id(109)
[14:48:38.884041] {Display Queue} wl_display#1.delete_id(115)
[14:48:38.884042] {Display Queue} wl_display#1.delete_id(102)
[14:48:38.884042] {Default Queue} wl_callback#100.done(6841998)
[14:48:38.884045] {Default Queue} wl_callback#99.done(6841998)
[14:48:38.884046] {Default Queue} wl_callback#118.done(6841998)
[14:48:38.884048] {Default Queue} wp_presentation_feedback#95.sync_output(wl_output#63)
[14:48:38.884049] {Default Queue} wp_presentation_feedback#95.sync_output(wl_output#31)
[14:48:38.884049] {Default Queue} wp_presentation_feedback#95.presented(0, 6841, 998642289, 0, 0, 0, 0)
[14:48:38.884051] {Default Queue} wp_presentation_feedback#94.sync_output(wl_output#63)
[14:48:38.884051] {Default Queue} wp_presentation_feedback#94.sync_output(wl_output#31)
[14:48:38.884052] {Default Queue} wp_presentation_feedback#94.presented(0, 6841, 998642289, 0, 0, 0, 0)
[14:48:38.884053] {Default Queue} wp_presentation_feedback#114.sync_output(wl_output#63)
[14:48:38.884054] {Default Queue} wp_presentation_feedback#114.sync_output(wl_output#31)
[14:48:38.884054] {Default Queue} wp_presentation_feedback#114.presented(0, 6841, 998642289, 0, 0, 0, 0)
[14:48:38.884055] {Default Queue} wl_callback#111.done(6841998)
[14:48:38.884056] {Default Queue} wl_callback#109.done(6841998)
[14:48:38.884058] {Default Queue} wp_presentation_feedback#115.sync_output(wl_output#64)
[14:48:38.884058] {Default Queue} wp_presentation_feedback#115.sync_output(wl_output#34)
[14:48:38.884059] {Default Queue} wp_presentation_feedback#115.presented(0, 6841, 998891822, 0, 0, 0, 0)
[14:48:38.884060] {Default Queue} wp_presentation_feedback#102.sync_output(wl_output#64)
[14:48:38.884060] {Default Queue} wp_presentation_feedback#102.sync_output(wl_output#34)
[14:48:38.884061] {Default Queue} wp_presentation_feedback#102.presented(0, 6841, 998891822, 0, 0, 0, 0)
info: event=launcher-results count=114 shown=114 publish_us=5249
[14:48:38.886412] {Display Queue} wl_display#1.delete_id(124)
[14:48:38.886414] {Display Queue} wl_display#1.delete_id(127)
[14:48:38.886415] {Default Queue} zwlr_layer_surface_v1#75.configure(42, 1280, 48)
[14:48:38.886417] {Default Queue}  -> zwlr_layer_surface_v1#75.ack_configure(42)
[14:48:38.886418] {Default Queue} zwlr_layer_surface_v1#69.configure(43, 1280, 720)
[14:48:38.886419] {Default Queue}  -> zwlr_layer_surface_v1#69.ack_configure(43)
[14:48:38.886420] {Default Queue} zwlr_layer_surface_v1#80.configure(44, 88, 2)
[14:48:38.886421] {Default Queue}  -> zwlr_layer_surface_v1#80.ack_configure(44)
[14:48:38.886421] {Default Queue} zwlr_layer_surface_v1#98.configure(45, 1280, 672)
[14:48:38.886422] {Default Queue}  -> zwlr_layer_surface_v1#98.ack_configure(45)
[14:48:38.886422] {Default Queue} wp_fractional_scale_v1#116.preferred_scale(120)
[14:48:38.886424] {Default Queue} wl_buffer#123.release()
[14:48:38.886425] {Default Queue} wl_data_device#38.selection(nil)
[14:48:38.886428] {Default Queue} zwp_primary_selection_device_v1#37.selection(nil)
[14:48:38.886430] wl_surface#110.enter(wl_output#63)
[14:48:38.886445] wl_surface#110.enter(wl_output#31)
[14:48:38.886456] wl_surface#110.preferred_buffer_scale(1)
[14:48:38.886528]  -> wl_surface#65.commit()
[14:48:38.886532]  -> wl_surface#71.commit()
[14:48:38.886551]  -> wl_surface#70.attach(wl_buffer#104, 0, 0)
[14:48:38.886553]  -> wl_surface#70.frame(new id wl_callback#127)
[14:48:38.886554] {Default Queue}  -> wp_presentation#23.feedback(wl_surface#70, new id wp_presentation_feedback#124)
[14:48:38.886555]  -> wl_surface#70.commit()
[14:48:38.886832] {Default Queue} wl_buffer#104.release()
[14:48:38.886962]  -> wl_surface#76.attach(wl_buffer#113, 0, 0)
[14:48:38.886965]  -> wl_surface#76.damage_buffer(4, 4, 555, 40)
[14:48:38.886966]  -> wl_surface#76.frame(new id wl_callback#102)
[14:48:38.886967] {Default Queue}  -> wp_presentation#23.feedback(wl_surface#76, new id wp_presentation_feedback#115)
[14:48:38.886968]  -> wl_surface#76.commit()
[14:48:38.886988] {Default Queue}  -> wl_compositor#46.create_region(new id wl_region#109)
[14:48:38.887002] {Default Queue}  -> wl_region#109.add(19, 4, 504, 1)
[14:48:38.887003] {Default Queue}  -> wl_region#109.add(577, 4, 126, 1)
[14:48:38.887004] {Default Queue}  -> wl_region#109.add(888, 4, 373, 1)
[14:48:38.887005] {Default Queue}  -> wl_region#109.add(17, 5, 508, 1)
[14:48:38.887005] {Default Queue}  -> wl_region#109.add(575, 5, 130, 1)
[14:48:38.887006] {Default Queue}  -> wl_region#109.add(886, 5, 377, 1)
[14:48:38.887006] {Default Queue}  -> wl_region#109.add(16, 6, 510, 1)
[14:48:38.887007] {Default Queue}  -> wl_region#109.add(574, 6, 132, 1)
[14:48:38.887008] {Default Queue}  -> wl_region#109.add(885, 6, 379, 1)
[14:48:38.887008] {Default Queue}  -> wl_region#109.add(15, 7, 512, 1)
[14:48:38.887009] {Default Queue}  -> wl_region#109.add(573, 7, 134, 1)
[14:48:38.887010] {Default Queue}  -> wl_region#109.add(884, 7, 381, 1)
[14:48:38.887010] {Default Queue}  -> wl_region#109.add(14, 8, 514, 1)
[14:48:38.887011] {Default Queue}  -> wl_region#109.add(572, 8, 136, 1)
[14:48:38.887012] {Default Queue}  -> wl_region#109.add(883, 8, 383, 1)
[14:48:38.887012] {Default Queue}  -> wl_region#109.add(13, 9, 516, 1)
[14:48:38.887013] {Default Queue}  -> wl_region#109.add(571, 9, 138, 1)
[14:48:38.887014] {Default Queue}  -> wl_region#109.add(882, 9, 385, 1)
[14:48:38.887014] {Default Queue}  -> wl_region#109.add(12, 10, 518, 2)
[14:48:38.887015] {Default Queue}  -> wl_region#109.add(570, 10, 140, 2)
[14:48:38.887015] {Default Queue}  -> wl_region#109.add(881, 10, 387, 2)
[14:48:38.887016] {Default Queue}  -> wl_region#109.add(11, 12, 520, 5)
[14:48:38.887017] {Default Queue}  -> wl_region#109.add(569, 12, 142, 5)
[14:48:38.887017] {Default Queue}  -> wl_region#109.add(880, 12, 389, 5)
[14:48:38.887018] {Default Queue}  -> wl_region#109.add(10, 17, 522, 14)
[14:48:38.887019] {Default Queue}  -> wl_region#109.add(568, 17, 144, 14)
[14:48:38.887019] {Default Queue}  -> wl_region#109.add(879, 17, 391, 14)
[14:48:38.887020] {Default Queue}  -> wl_region#109.add(11, 31, 520, 5)
[14:48:38.887020] {Default Queue}  -> wl_region#109.add(569, 31, 142, 5)
[14:48:38.887021] {Default Queue}  -> wl_region#109.add(880, 31, 389, 5)
[14:48:38.887022] {Default Queue}  -> wl_region#109.add(12, 36, 518, 2)
[14:48:38.887022] {Default Queue}  -> wl_region#109.add(570, 36, 140, 2)
[14:48:38.887023] {Default Queue}  -> wl_region#109.add(881, 36, 387, 2)
[14:48:38.887024] {Default Queue}  -> wl_region#109.add(13, 38, 516, 1)
[14:48:38.887024] {Default Queue}  -> wl_region#109.add(571, 38, 138, 1)
[14:48:38.887025] {Default Queue}  -> wl_region#109.add(882, 38, 385, 1)
[14:48:38.887025] {Default Queue}  -> wl_region#109.add(14, 39, 514, 1)
[14:48:38.887026] {Default Queue}  -> wl_region#109.add(572, 39, 136, 1)
[14:48:38.887027] {Default Queue}  -> wl_region#109.add(883, 39, 383, 1)
[14:48:38.887027] {Default Queue}  -> wl_region#109.add(15, 40, 512, 1)
[14:48:38.887028] {Default Queue}  -> wl_region#109.add(573, 40, 134, 1)
[14:48:38.887028] {Default Queue}  -> wl_region#109.add(884, 40, 381, 1)
[14:48:38.887029] {Default Queue}  -> wl_region#109.add(16, 41, 510, 1)
[14:48:38.887030] {Default Queue}  -> wl_region#109.add(574, 41, 132, 1)
[14:48:38.887030] {Default Queue}  -> wl_region#109.add(885, 41, 379, 1)
[14:48:38.887031] {Default Queue}  -> wl_region#109.add(17, 42, 508, 1)
[14:48:38.887032] {Default Queue}  -> wl_region#109.add(575, 42, 130, 1)
[14:48:38.887032] {Default Queue}  -> wl_region#109.add(886, 42, 377, 1)
[14:48:38.887033] {Default Queue}  -> wl_region#109.add(19, 43, 504, 1)
[14:48:38.887033] {Default Queue}  -> wl_region#109.add(577, 43, 126, 1)
[14:48:38.887034] {Default Queue}  -> wl_region#109.add(888, 43, 373, 1)
[14:48:38.887035] {Default Queue}  -> ext_background_effect_surface_v1#117.set_blur_region(wl_region#109)
[14:48:38.887036] {Default Queue}  -> wl_region#109.destroy()
info: event=launcher-results count=114 shown=114 publish_us=3513
[14:48:38.890346] {Display Queue} wl_display#1.delete_id(109)
[14:48:38.890348] {Default Queue} wl_buffer#113.release()
[14:48:38.900077] {Display Queue} wl_display#1.delete_id(127)
[14:48:38.900079] {Display Queue} wl_display#1.delete_id(125)
[14:48:38.900079] {Display Queue} wl_display#1.delete_id(124)
[14:48:38.900080] {Display Queue} wl_display#1.delete_id(126)
[14:48:38.900081] {Default Queue} wl_callback#127.done(6842014)
[14:48:38.900084] {Default Queue} wl_callback#125.done(6842014)
[14:48:38.900085] {Default Queue} wp_presentation_feedback#124.sync_output(wl_output#63)
[14:48:38.900086] {Default Queue} wp_presentation_feedback#124.sync_output(wl_output#31)
[14:48:38.900087] {Default Queue} wp_presentation_feedback#124.presented(0, 6842, 14965445, 0, 0, 0, 0)
[14:48:38.900089] {Default Queue} wp_presentation_feedback#126.sync_output(wl_output#63)
[14:48:38.900089] {Default Queue} wp_presentation_feedback#126.sync_output(wl_output#31)
[14:48:38.900090] {Default Queue} wp_presentation_feedback#126.presented(0, 6842, 14965445, 0, 0, 0, 0)
[14:48:38.900091] wl_surface#110.preferred_buffer_transform(0)
[14:48:38.900114]  -> wl_surface#70.attach(wl_buffer#104, 0, 0)
[14:48:38.900116]  -> wl_surface#70.frame(new id wl_callback#126)
[14:48:38.900117] {Default Queue}  -> wp_presentation#23.feedback(wl_surface#70, new id wp_presentation_feedback#124)
[14:48:38.900118]  -> wl_surface#70.commit()
[14:48:38.911361] {Default Queue}  -> wl_compositor#4.create_region(new id wl_region#125)
[14:48:38.911365] {Default Queue}  -> wl_region#125.add(365, 158, 550, 62)
[14:48:38.911367]  -> wl_surface#110.set_opaque_region(wl_region#125)
[14:48:38.911368] {Default Queue}  -> wl_region#125.destroy()
[14:48:38.911370]  -> wl_surface#110.attach(wl_buffer#123, 0, 0)
[14:48:38.911371]  -> wl_surface#110.damage_buffer(346, 86, 588, 62)
[14:48:38.911372]  -> wl_surface#110.damage_buffer(353, 158, 574, 426)
[14:48:38.911373]  -> wl_surface#110.damage_buffer(351, 600, 285, 15)
[14:48:38.911373]  -> wl_surface#110.frame(new id wl_callback#127)
[14:48:38.911375] {Default Queue}  -> wp_presentation#23.feedback(wl_surface#110, new id wp_presentation_feedback#109)
[14:48:38.911376]  -> wl_surface#110.commit()
info: event=launcher-painted latency_us=24561
[14:48:38.911402] {Display Queue} wl_display#1.delete_id(102)
[14:48:38.911404] {Display Queue} wl_display#1.delete_id(115)
[14:48:38.911405] {Default Queue} wl_callback#102.done(6842015)
[14:48:38.911409] {Default Queue} wp_presentation_feedback#115.sync_output(wl_output#64)
[14:48:38.911410] {Default Queue} wp_presentation_feedback#115.sync_output(wl_output#34)
[14:48:38.911411] {Default Queue} wp_presentation_feedback#115.presented(0, 6842, 15038386, 0, 0, 0, 0)
[14:48:38.911590]  -> wl_surface#71.attach(wl_buffer#97, 0, 0)
[14:48:38.911592]  -> wl_surface#71.damage_buffer(4, 4, 827, 40)
[14:48:38.911593]  -> wl_surface#71.frame(new id wl_callback#115)
[14:48:38.911594] {Default Queue}  -> wp_presentation#23.feedback(wl_surface#71, new id wp_presentation_feedback#102)
[14:48:38.911595]  -> wl_surface#71.commit()
[14:48:38.911613] {Default Queue}  -> wl_compositor#46.create_region(new id wl_region#111)
[14:48:38.911626] {Default Queue}  -> wl_region#111.add(19, 4, 504, 1)
[14:48:38.911627] {Default Queue}  -> wl_region#111.add(577, 4, 126, 1)
[14:48:38.911628] {Default Queue}  -> wl_region#111.add(888, 4, 373, 1)
[14:48:38.911628] {Default Queue}  -> wl_region#111.add(17, 5, 508, 1)
[14:48:38.911629] {Default Queue}  -> wl_region#111.add(575, 5, 130, 1)
[14:48:38.911630] {Default Queue}  -> wl_region#111.add(886, 5, 377, 1)
[14:48:38.911630] {Default Queue}  -> wl_region#111.add(16, 6, 510, 1)
[14:48:38.911631] {Default Queue}  -> wl_region#111.add(574, 6, 132, 1)
[14:48:38.911632] {Default Queue}  -> wl_region#111.add(885, 6, 379, 1)
[14:48:38.911632] {Default Queue}  -> wl_region#111.add(15, 7, 512, 1)
[14:48:38.911633] {Default Queue}  -> wl_region#111.add(573, 7, 134, 1)
[14:48:38.911633] {Default Queue}  -> wl_region#111.add(884, 7, 381, 1)
[14:48:38.911634] {Default Queue}  -> wl_region#111.add(14, 8, 514, 1)
[14:48:38.911635] {Default Queue}  -> wl_region#111.add(572, 8, 136, 1)
[14:48:38.911635] {Default Queue}  -> wl_region#111.add(883, 8, 383, 1)
[14:48:38.911636] {Default Queue}  -> wl_region#111.add(13, 9, 516, 1)
[14:48:38.911636] {Default Queue}  -> wl_region#111.add(571, 9, 138, 1)
[14:48:38.911637] {Default Queue}  -> wl_region#111.add(882, 9, 385, 1)
[14:48:38.911638] {Default Queue}  -> wl_region#111.add(12, 10, 518, 2)
[14:48:38.911638] {Default Queue}  -> wl_region#111.add(570, 10, 140, 2)
[14:48:38.911639] {Default Queue}  -> wl_region#111.add(881, 10, 387, 2)
[14:48:38.911640] {Default Queue}  -> wl_region#111.add(11, 12, 520, 5)
[14:48:38.911640] {Default Queue}  -> wl_region#111.add(569, 12, 142, 5)
[14:48:38.911641] {Default Queue}  -> wl_region#111.add(880, 12, 389, 5)
[14:48:38.911641] {Default Queue}  -> wl_region#111.add(10, 17, 522, 14)
[14:48:38.911642] {Default Queue}  -> wl_region#111.add(568, 17, 144, 14)
[14:48:38.911643] {Default Queue}  -> wl_region#111.add(879, 17, 391, 14)
[14:48:38.911643] {Default Queue}  -> wl_region#111.add(11, 31, 520, 5)
[14:48:38.911644] {Default Queue}  -> wl_region#111.add(569, 31, 142, 5)
[14:48:38.911644] {Default Queue}  -> wl_region#111.add(880, 31, 389, 5)
[14:48:38.911645] {Default Queue}  -> wl_region#111.add(12, 36, 518, 2)
[14:48:38.911646] {Default Queue}  -> wl_region#111.add(570, 36, 140, 2)
[14:48:38.911646] {Default Queue}  -> wl_region#111.add(881, 36, 387, 2)
[14:48:38.911647] {Default Queue}  -> wl_region#111.add(13, 38, 516, 1)
[14:48:38.911647] {Default Queue}  -> wl_region#111.add(571, 38, 138, 1)
[14:48:38.911648] {Default Queue}  -> wl_region#111.add(882, 38, 385, 1)
[14:48:38.911649] {Default Queue}  -> wl_region#111.add(14, 39, 514, 1)
[14:48:38.911649] {Default Queue}  -> wl_region#111.add(572, 39, 136, 1)
[14:48:38.911650] {Default Queue}  -> wl_region#111.add(883, 39, 383, 1)
[14:48:38.911650] {Default Queue}  -> wl_region#111.add(15, 40, 512, 1)
[14:48:38.911651] {Default Queue}  -> wl_region#111.add(573, 40, 134, 1)
[14:48:38.911652] {Default Queue}  -> wl_region#111.add(884, 40, 381, 1)
[14:48:38.911652] {Default Queue}  -> wl_region#111.add(16, 41, 510, 1)
[14:48:38.911653] {Default Queue}  -> wl_region#111.add(574, 41, 132, 1)
[14:48:38.911653] {Default Queue}  -> wl_region#111.add(885, 41, 379, 1)
[14:48:38.911654] {Default Queue}  -> wl_region#111.add(17, 42, 508, 1)
[14:48:38.911655] {Default Queue}  -> wl_region#111.add(575, 42, 130, 1)
[14:48:38.911655] {Default Queue}  -> wl_region#111.add(886, 42, 377, 1)
[14:48:38.911656] {Default Queue}  -> wl_region#111.add(19, 43, 504, 1)
[14:48:38.911656] {Default Queue}  -> wl_region#111.add(577, 43, 126, 1)
[14:48:38.911657] {Default Queue}  -> wl_region#111.add(888, 43, 373, 1)
[14:48:38.911658] {Default Queue}  -> ext_background_effect_surface_v1#101.set_blur_region(wl_region#111)
[14:48:38.911659] {Default Queue}  -> wl_region#111.destroy()
[14:48:38.911686] {Default Queue}  -> wl_compositor#4.create_region(new id wl_region#114)
[14:48:38.911688] {Default Queue}  -> wl_region#114.add(19, 4, 504, 1)
[14:48:38.911688] {Default Queue}  -> wl_region#114.add(577, 4, 126, 1)
[14:48:38.911689] {Default Queue}  -> wl_region#114.add(888, 4, 373, 1)
[14:48:38.911690] {Default Queue}  -> wl_region#114.add(17, 5, 508, 1)
[14:48:38.911690] {Default Queue}  -> wl_region#114.add(575, 5, 130, 1)
[14:48:38.911691] {Default Queue}  -> wl_region#114.add(886, 5, 377, 1)
[14:48:38.911691] {Default Queue}  -> wl_region#114.add(16, 6, 510, 1)
[14:48:38.911692] {Default Queue}  -> wl_region#114.add(574, 6, 132, 1)
[14:48:38.911693] {Default Queue}  -> wl_region#114.add(885, 6, 379, 1)
[14:48:38.911693] {Default Queue}  -> wl_region#114.add(15, 7, 512, 1)
[14:48:38.911694] {Default Queue}  -> wl_region#114.add(573, 7, 134, 1)
[14:48:38.911695] {Default Queue}  -> wl_region#114.add(884, 7, 381, 1)
[14:48:38.911695] {Default Queue}  -> wl_region#114.add(14, 8, 514, 1)
[14:48:38.911696] {Default Queue}  -> wl_region#114.add(572, 8, 136, 1)
[14:48:38.911697] {Default Queue}  -> wl_region#114.add(883, 8, 383, 1)
[14:48:38.911697] {Default Queue}  -> wl_region#114.add(13, 9, 516, 1)
[14:48:38.911698] {Default Queue}  -> wl_region#114.add(571, 9, 138, 1)
[14:48:38.911698] {Default Queue}  -> wl_region#114.add(882, 9, 385, 1)
[14:48:38.911699] {Default Queue}  -> wl_region#114.add(12, 10, 518, 2)
[14:48:38.911700] {Default Queue}  -> wl_region#114.add(570, 10, 140, 2)
[14:48:38.911700] {Default Queue}  -> wl_region#114.add(881, 10, 387, 2)
[14:48:38.911701] {Default Queue}  -> wl_region#114.add(11, 12, 520, 5)
[14:48:38.911702] {Default Queue}  -> wl_region#114.add(569, 12, 142, 5)
[14:48:38.911702] {Default Queue}  -> wl_region#114.add(880, 12, 389, 5)
[14:48:38.911703] {Default Queue}  -> wl_region#114.add(10, 17, 522, 14)
[14:48:38.911703] {Default Queue}  -> wl_region#114.add(568, 17, 144, 14)
[14:48:38.911704] {Default Queue}  -> wl_region#114.add(879, 17, 391, 14)
[14:48:38.911705] {Default Queue}  -> wl_region#114.add(11, 31, 520, 5)
[14:48:38.911705] {Default Queue}  -> wl_region#114.add(569, 31, 142, 5)
[14:48:38.911706] {Default Queue}  -> wl_region#114.add(880, 31, 389, 5)
[14:48:38.911707] {Default Queue}  -> wl_region#114.add(12, 36, 518, 2)
[14:48:38.911707] {Default Queue}  -> wl_region#114.add(570, 36, 140, 2)
[14:48:38.911708] {Default Queue}  -> wl_region#114.add(881, 36, 387, 2)
[14:48:38.911708] {Default Queue}  -> wl_region#114.add(13, 38, 516, 1)
[14:48:38.911709] {Default Queue}  -> wl_region#114.add(571, 38, 138, 1)
[14:48:38.911710] {Default Queue}  -> wl_region#114.add(882, 38, 385, 1)
[14:48:38.911710] {Default Queue}  -> wl_region#114.add(14, 39, 514, 1)
[14:48:38.911711] {Default Queue}  -> wl_region#114.add(572, 39, 136, 1)
[14:48:38.911711] {Default Queue}  -> wl_region#114.add(883, 39, 383, 1)
[14:48:38.911712] {Default Queue}  -> wl_region#114.add(15, 40, 512, 1)
[14:48:38.911713] {Default Queue}  -> wl_region#114.add(573, 40, 134, 1)
[14:48:38.911713] {Default Queue}  -> wl_region#114.add(884, 40, 381, 1)
[14:48:38.911714] {Default Queue}  -> wl_region#114.add(16, 41, 510, 1)
[14:48:38.911715] {Default Queue}  -> wl_region#114.add(574, 41, 132, 1)
[14:48:38.911715] {Default Queue}  -> wl_region#114.add(885, 41, 379, 1)
[14:48:38.911716] {Default Queue}  -> wl_region#114.add(17, 42, 508, 1)
[14:48:38.911716] {Default Queue}  -> wl_region#114.add(575, 42, 130, 1)
[14:48:38.911717] {Default Queue}  -> wl_region#114.add(886, 42, 377, 1)
[14:48:38.911718] {Default Queue}  -> wl_region#114.add(19, 43, 504, 1)
[14:48:38.911718] {Default Queue}  -> wl_region#114.add(577, 43, 126, 1)
[14:48:38.911719] {Default Queue}  -> wl_region#114.add(888, 43, 373, 1)
[14:48:38.911720]  -> wl_surface#76.set_input_region(wl_region#114)
[14:48:38.911720] {Default Queue}  -> wl_region#114.destroy()
[14:48:38.911721]  -> wl_surface#76.attach(wl_buffer#113, 0, 0)
[14:48:38.911722]  -> wl_surface#76.frame(new id wl_callback#94)
[14:48:38.911723] {Default Queue}  -> wp_presentation#23.feedback(wl_surface#76, new id wp_presentation_feedback#95)
[14:48:38.911723]  -> wl_surface#76.commit()
[14:48:38.911732] {Display Queue} wl_display#1.delete_id(125)
[14:48:38.911733] {Display Queue} wl_display#1.delete_id(111)
[14:48:38.911734] {Default Queue} wl_buffer#104.release()
[14:48:38.911734] {Default Queue} wl_buffer#123.release()
[14:48:38.911735] {Default Queue} wl_buffer#97.release()
[14:48:38.911761] {Display Queue} wl_display#1.delete_id(114)
[14:48:38.911765] {Default Queue} wl_buffer#113.release()
[14:48:38.916453] {Display Queue} wl_display#1.delete_id(115)
[14:48:38.916463] {Display Queue} wl_display#1.delete_id(126)
[14:48:38.916465] {Display Queue} wl_display#1.delete_id(127)
[14:48:38.916465] {Display Queue} wl_display#1.delete_id(102)
[14:48:38.916466] {Display Queue} wl_display#1.delete_id(124)
[14:48:38.916467] {Display Queue} wl_display#1.delete_id(109)
[14:48:38.916468] {Default Queue} wl_callback#115.done(6842031)
[14:48:38.916478] {Default Queue} wl_callback#126.done(6842031)
[14:48:38.916480] {Default Queue} wl_callback#127.done(6842031)
[14:48:38.916482] {Default Queue} wp_presentation_feedback#102.sync_output(wl_output#63)
[14:48:38.916484] {Default Queue} wp_presentation_feedback#102.sync_output(wl_output#31)
[14:48:38.916485] {Default Queue} wp_presentation_feedback#102.presented(0, 6842, 31309161, 0, 0, 0, 0)
[14:48:38.916487] {Default Queue} wp_presentation_feedback#124.sync_output(wl_output#63)
[14:48:38.916488] {Default Queue} wp_presentation_feedback#124.sync_output(wl_output#31)
[14:48:38.916489] {Default Queue} wp_presentation_feedback#124.presented(0, 6842, 31309161, 0, 0, 0, 0)
[14:48:38.916492] {Default Queue} wp_presentation_feedback#109.sync_output(wl_output#63)
[14:48:38.916493] {Default Queue} wp_presentation_feedback#109.sync_output(wl_output#31)
[14:48:38.916493] {Default Queue} wp_presentation_feedback#109.presented(0, 6842, 31309161, 0, 0, 0, 0)
[14:48:38.916610] {Default Queue}  -> wl_compositor#4.create_region(new id wl_region#109)
[14:48:38.916614] {Default Queue}  -> wl_region#109.add(19, 4, 504, 1)
[14:48:38.916616] {Default Queue}  -> wl_region#109.add(577, 4, 126, 1)
[14:48:38.916617] {Default Queue}  -> wl_region#109.add(888, 4, 373, 1)
[14:48:38.916618] {Default Queue}  -> wl_region#109.add(17, 5, 508, 1)
[14:48:38.916619] {Default Queue}  -> wl_region#109.add(575, 5, 130, 1)
[14:48:38.916620] {Default Queue}  -> wl_region#109.add(886, 5, 377, 1)
[14:48:38.916620] {Default Queue}  -> wl_region#109.add(16, 6, 510, 1)
[14:48:38.916621] {Default Queue}  -> wl_region#109.add(574, 6, 132, 1)
[14:48:38.916622] {Default Queue}  -> wl_region#109.add(885, 6, 379, 1)
[14:48:38.916622] {Default Queue}  -> wl_region#109.add(15, 7, 512, 1)
[14:48:38.916623] {Default Queue}  -> wl_region#109.add(573, 7, 134, 1)
[14:48:38.916623] {Default Queue}  -> wl_region#109.add(884, 7, 381, 1)
[14:48:38.916624] {Default Queue}  -> wl_region#109.add(14, 8, 514, 1)
[14:48:38.916625] {Default Queue}  -> wl_region#109.add(572, 8, 136, 1)
[14:48:38.916625] {Default Queue}  -> wl_region#109.add(883, 8, 383, 1)
[14:48:38.916626] {Default Queue}  -> wl_region#109.add(13, 9, 516, 1)
[14:48:38.916626] {Default Queue}  -> wl_region#109.add(571, 9, 138, 1)
[14:48:38.916627] {Default Queue}  -> wl_region#109.add(882, 9, 385, 1)
[14:48:38.916628] {Default Queue}  -> wl_region#109.add(12, 10, 518, 2)
[14:48:38.916628] {Default Queue}  -> wl_region#109.add(570, 10, 140, 2)
[14:48:38.916629] {Default Queue}  -> wl_region#109.add(881, 10, 387, 2)
[14:48:38.916630] {Default Queue}  -> wl_region#109.add(11, 12, 520, 5)
[14:48:38.916630] {Default Queue}  -> wl_region#109.add(569, 12, 142, 5)
[14:48:38.916631] {Default Queue}  -> wl_region#109.add(880, 12, 389, 5)
[14:48:38.916632] {Default Queue}  -> wl_region#109.add(10, 17, 522, 14)
[14:48:38.916632] {Default Queue}  -> wl_region#109.add(568, 17, 144, 14)
[14:48:38.916633] {Default Queue}  -> wl_region#109.add(879, 17, 391, 14)
[14:48:38.916634] {Default Queue}  -> wl_region#109.add(11, 31, 520, 5)
[14:48:38.916634] {Default Queue}  -> wl_region#109.add(569, 31, 142, 5)
[14:48:38.916635] {Default Queue}  -> wl_region#109.add(880, 31, 389, 5)
[14:48:38.916636] {Default Queue}  -> wl_region#109.add(12, 36, 518, 2)
[14:48:38.916636] {Default Queue}  -> wl_region#109.add(570, 36, 140, 2)
[14:48:38.916637] {Default Queue}  -> wl_region#109.add(881, 36, 387, 2)
[14:48:38.916638] {Default Queue}  -> wl_region#109.add(13, 38, 516, 1)
[14:48:38.916638] {Default Queue}  -> wl_region#109.add(571, 38, 138, 1)
[14:48:38.916639] {Default Queue}  -> wl_region#109.add(882, 38, 385, 1)
[14:48:38.916640] {Default Queue}  -> wl_region#109.add(14, 39, 514, 1)
[14:48:38.916640] {Default Queue}  -> wl_region#109.add(572, 39, 136, 1)
[14:48:38.916641] {Default Queue}  -> wl_region#109.add(883, 39, 383, 1)
[14:48:38.916643] {Default Queue}  -> wl_region#109.add(15, 40, 512, 1)
[14:48:38.916643] {Default Queue}  -> wl_region#109.add(573, 40, 134, 1)
[14:48:38.916644] {Default Queue}  -> wl_region#109.add(884, 40, 381, 1)
[14:48:38.916645] {Default Queue}  -> wl_region#109.add(16, 41, 510, 1)
[14:48:38.916645] {Default Queue}  -> wl_region#109.add(574, 41, 132, 1)
[14:48:38.916646] {Default Queue}  -> wl_region#109.add(885, 41, 379, 1)
[14:48:38.916646] {Default Queue}  -> wl_region#109.add(17, 42, 508, 1)
[14:48:38.916647] {Default Queue}  -> wl_region#109.add(575, 42, 130, 1)
[14:48:38.916648] {Default Queue}  -> wl_region#109.add(886, 42, 377, 1)
[14:48:38.916648] {Default Queue}  -> wl_region#109.add(19, 43, 504, 1)
[14:48:38.916649] {Default Queue}  -> wl_region#109.add(577, 43, 126, 1)
[14:48:38.916649] {Default Queue}  -> wl_region#109.add(888, 43, 373, 1)
[14:48:38.916650]  -> wl_surface#71.set_input_region(wl_region#109)
[14:48:38.916651] {Default Queue}  -> wl_region#109.destroy()
[14:48:38.916652]  -> wl_surface#71.attach(wl_buffer#97, 0, 0)
[14:48:38.916654]  -> wl_surface#71.frame(new id wl_callback#124)
[14:48:38.916655] {Default Queue}  -> wp_presentation#23.feedback(wl_surface#71, new id wp_presentation_feedback#102)
[14:48:38.916656]  -> wl_surface#71.commit()
[14:48:38.916931]  -> wl_surface#110.attach(wl_buffer#123, 0, 0)
[14:48:38.916934]  -> wl_surface#110.damage_buffer(346, 86, 588, 62)
[14:48:38.916935]  -> wl_surface#110.frame(new id wl_callback#127)
[14:48:38.916936] {Default Queue}  -> wp_presentation#23.feedback(wl_surface#110, new id wp_presentation_feedback#126)
[14:48:38.916937]  -> wl_surface#110.commit()
[14:48:38.916953] {Display Queue} wl_display#1.delete_id(94)
[14:48:38.916955] {Display Queue} wl_display#1.delete_id(95)
[14:48:38.916955] {Default Queue} wl_callback#94.done(6842031)
[14:48:38.916957] {Default Queue} wp_presentation_feedback#95.sync_output(wl_output#64)
[14:48:38.916958] {Default Queue} wp_presentation_feedback#95.sync_output(wl_output#34)
[14:48:38.916959] {Default Queue} wp_presentation_feedback#95.presented(0, 6842, 31547144, 0, 0, 0, 0)
[14:48:38.917008] {Display Queue} wl_display#1.delete_id(109)
[14:48:38.917010] {Default Queue} wl_buffer#97.release()
[14:48:38.917011] {Default Queue} wl_buffer#123.release()
[14:48:38.932776] {Display Queue} wl_display#1.delete_id(124)
[14:48:38.932784] {Display Queue} wl_display#1.delete_id(127)
[14:48:38.932786] {Display Queue} wl_display#1.delete_id(102)
[14:48:38.932786] {Display Queue} wl_display#1.delete_id(126)
[14:48:38.932787] {Default Queue} wl_callback#124.done(6842047)
[14:48:38.932794] {Default Queue} wl_callback#127.done(6842047)
[14:48:38.932798] {Default Queue} wp_presentation_feedback#102.sync_output(wl_output#63)
[14:48:38.932800] {Default Queue} wp_presentation_feedback#102.sync_output(wl_output#31)
[14:48:38.932801] {Default Queue} wp_presentation_feedback#102.presented(0, 6842, 47640227, 0, 0, 0, 0)
[14:48:38.932803] {Default Queue} wp_presentation_feedback#126.sync_output(wl_output#63)
[14:48:38.932804] {Default Queue} wp_presentation_feedback#126.sync_output(wl_output#31)
[14:48:38.932805] {Default Queue} wp_presentation_feedback#126.presented(0, 6842, 47640227, 0, 0, 0, 0)
[14:48:38.933247]  -> wl_surface#110.attach(wl_buffer#123, 0, 0)
[14:48:38.933251]  -> wl_surface#110.damage_buffer(346, 86, 588, 62)
[14:48:38.933253]  -> wl_surface#110.frame(new id wl_callback#126)
[14:48:38.933255] {Default Queue}  -> wp_presentation#23.feedback(wl_surface#110, new id wp_presentation_feedback#102)
[14:48:38.933256]  -> wl_surface#110.commit()
[14:48:38.933323] {Default Queue} wl_buffer#123.release()
[14:48:38.949121] {Display Queue} wl_display#1.delete_id(126)
[14:48:38.949131] {Display Queue} wl_display#1.delete_id(102)
[14:48:38.949132] {Default Queue} wl_callback#126.done(6842063)
[14:48:38.949142] {Default Queue} wp_presentation_feedback#102.sync_output(wl_output#63)
[14:48:38.949144] {Default Queue} wp_presentation_feedback#102.sync_output(wl_output#31)
[14:48:38.949144] {Default Queue} wp_presentation_feedback#102.presented(0, 6842, 63981504, 0, 0, 0, 0)
[14:48:38.949662]  -> wl_surface#110.attach(wl_buffer#123, 0, 0)
[14:48:38.949667]  -> wl_surface#110.damage_buffer(346, 86, 588, 62)
[14:48:38.949670]  -> wl_surface#110.frame(new id wl_callback#102)
[14:48:38.949671] {Default Queue}  -> wp_presentation#23.feedback(wl_surface#110, new id wp_presentation_feedback#126)
[14:48:38.949673]  -> wl_surface#110.commit()
[14:48:38.949748] {Default Queue} wl_buffer#123.release()
[14:48:38.965464] {Display Queue} wl_display#1.delete_id(102)
[14:48:38.965472] {Display Queue} wl_display#1.delete_id(126)
[14:48:38.965473] {Default Queue} wl_callback#102.done(6842080)
[14:48:38.965482] {Default Queue} wp_presentation_feedback#126.sync_output(wl_output#63)
[14:48:38.965483] {Default Queue} wp_presentation_feedback#126.sync_output(wl_output#31)
[14:48:38.965484] {Default Queue} wp_presentation_feedback#126.presented(0, 6842, 80334340, 0, 0, 0, 0)
[14:48:38.965960]  -> wl_surface#110.attach(wl_buffer#123, 0, 0)
[14:48:38.965963]  -> wl_surface#110.damage_buffer(346, 86, 588, 62)
[14:48:38.965965]  -> wl_surface#110.frame(new id wl_callback#126)
[14:48:38.965967] {Default Queue}  -> wp_presentation#23.feedback(wl_surface#110, new id wp_presentation_feedback#102)
[14:48:38.965969]  -> wl_surface#110.commit()
[14:48:38.966035] {Default Queue} wl_buffer#123.release()
[14:48:38.981862] {Display Queue} wl_display#1.delete_id(126)
[14:48:38.981872] {Display Queue} wl_display#1.delete_id(102)
[14:48:38.981874] {Default Queue} wl_callback#126.done(6842096)
[14:48:38.981883] {Default Queue} wp_presentation_feedback#102.sync_output(wl_output#63)
[14:48:38.981884] {Default Queue} wp_presentation_feedback#102.sync_output(wl_output#31)
[14:48:38.981885] {Default Queue} wp_presentation_feedback#102.presented(0, 6842, 96728707, 0, 0, 0, 0)
[14:48:38.982403]  -> wl_surface#110.attach(wl_buffer#123, 0, 0)
[14:48:38.982408]  -> wl_surface#110.damage_buffer(346, 86, 588, 62)
[14:48:38.982409]  -> wl_surface#110.frame(new id wl_callback#102)
[14:48:38.982411] {Default Queue}  -> wp_presentation#23.feedback(wl_surface#110, new id wp_presentation_feedback#126)
[14:48:38.982413]  -> wl_surface#110.commit()
[14:48:38.982496] {Default Queue} wl_buffer#123.release()
[14:48:38.998282] {Display Queue} wl_display#1.delete_id(102)
[14:48:38.998290] {Display Queue} wl_display#1.delete_id(126)
[14:48:38.998292] {Default Queue} wl_callback#102.done(6842113)
[14:48:38.998301] {Default Queue} wp_presentation_feedback#126.sync_output(wl_output#63)
[14:48:38.998303] {Default Queue} wp_presentation_feedback#126.sync_output(wl_output#31)
[14:48:38.998304] {Default Queue} wp_presentation_feedback#126.presented(0, 6842, 113146674, 0, 0, 0, 0)
[14:48:38.998860]  -> wl_surface#110.attach(wl_buffer#123, 0, 0)
[14:48:38.998864]  -> wl_surface#110.damage_buffer(346, 86, 588, 62)
[14:48:38.998866]  -> wl_surface#110.frame(new id wl_callback#126)
[14:48:38.998868] {Default Queue}  -> wp_presentation#23.feedback(wl_surface#110, new id wp_presentation_feedback#102)
[14:48:38.998870]  -> wl_surface#110.commit()
[14:48:38.998940] {Default Queue} wl_buffer#123.release()
[14:48:39.014732] {Display Queue} wl_display#1.delete_id(126)
[14:48:39.014739] {Display Queue} wl_display#1.delete_id(102)
[14:48:39.014741] {Default Queue} wl_callback#126.done(6842129)
[14:48:39.014751] {Default Queue} wp_presentation_feedback#102.sync_output(wl_output#63)
[14:48:39.014752] {Default Queue} wp_presentation_feedback#102.sync_output(wl_output#31)
[14:48:39.014753] {Default Queue} wp_presentation_feedback#102.presented(0, 6842, 129593402, 0, 0, 0, 0)
[14:48:39.015292]  -> wl_surface#110.attach(wl_buffer#123, 0, 0)
[14:48:39.015297]  -> wl_surface#110.damage_buffer(346, 86, 588, 62)
[14:48:39.015299]  -> wl_surface#110.frame(new id wl_callback#102)
[14:48:39.015301] {Default Queue}  -> wp_presentation#23.feedback(wl_surface#110, new id wp_presentation_feedback#126)
[14:48:39.015303]  -> wl_surface#110.commit()
[14:48:39.015386] {Default Queue} wl_buffer#123.release()
[14:48:39.020233]  -> wl_surface#70.attach(wl_buffer#104, 0, 0)
[14:48:39.020237]  -> wl_surface#70.frame(new id wl_callback#127)
[14:48:39.020239] {Default Queue}  -> wp_presentation#23.feedback(wl_surface#70, new id wp_presentation_feedback#124)
[14:48:39.020241]  -> wl_surface#70.commit()
info: event=launcher-results count=114 shown=114 publish_us=6357
[14:48:39.026597] {Default Queue} wl_buffer#104.release()
info: event=preferences-applied revision=0 mode=static cache=false
info: event=launcher-results count=114 shown=114 publish_us=3745
[14:48:39.034159] {Display Queue} wl_display#1.delete_id(127)
[14:48:39.034165] {Display Queue} wl_display#1.delete_id(102)
[14:48:39.034166] {Display Queue} wl_display#1.delete_id(124)
[14:48:39.034167] {Display Queue} wl_display#1.delete_id(126)
[14:48:39.034168] {Default Queue} wl_callback#127.done(6842145)
[14:48:39.034172] {Default Queue} wl_callback#102.done(6842145)
[14:48:39.034174] {Default Queue} wp_presentation_feedback#124.sync_output(wl_output#63)
[14:48:39.034175] {Default Queue} wp_presentation_feedback#124.sync_output(wl_output#31)
[14:48:39.034176] {Default Queue} wp_presentation_feedback#124.presented(0, 6842, 145913068, 0, 0, 0, 0)
[14:48:39.034178] {Default Queue} wp_presentation_feedback#126.sync_output(wl_output#63)
[14:48:39.034179] {Default Queue} wp_presentation_feedback#126.sync_output(wl_output#31)
[14:48:39.034179] {Default Queue} wp_presentation_feedback#126.presented(0, 6842, 145913068, 0, 0, 0, 0)
[14:48:39.034240]  -> wl_surface#70.attach(wl_buffer#104, 0, 0)
[14:48:39.034242]  -> wl_surface#70.frame(new id wl_callback#126)
[14:48:39.034244] {Default Queue}  -> wp_presentation#23.feedback(wl_surface#70, new id wp_presentation_feedback#124)
[14:48:39.034246]  -> wl_surface#70.commit()
[14:48:39.043915]  -> wl_surface#110.attach(wl_buffer#123, 0, 0)
[14:48:39.043924]  -> wl_surface#110.damage_buffer(346, 86, 588, 62)
[14:48:39.043926]  -> wl_surface#110.frame(new id wl_callback#102)
[14:48:39.043929] {Default Queue}  -> wp_presentation#23.feedback(wl_surface#110, new id wp_presentation_feedback#127)
[14:48:39.043931]  -> wl_surface#110.commit()
info: event=launcher-painted latency_us=13555
[14:48:39.044921]  -> wl_surface#71.attach(wl_buffer#97, 0, 0)
[14:48:39.044927]  -> wl_surface#71.damage_buffer(873, 4, 403, 11)
[14:48:39.044928]  -> wl_surface#71.damage_buffer(22, 15, 18, 18)
[14:48:39.044929]  -> wl_surface#71.damage_buffer(873, 15, 403, 18)
[14:48:39.044929]  -> wl_surface#71.damage_buffer(873, 33, 403, 11)
[14:48:39.044930]  -> wl_surface#71.frame(new id wl_callback#109)
[14:48:39.044932] {Default Queue}  -> wp_presentation#23.feedback(wl_surface#71, new id wp_presentation_feedback#95)
[14:48:39.044933]  -> wl_surface#71.commit()
[14:48:39.046151]  -> wl_surface#76.attach(wl_buffer#113, 0, 0)
[14:48:39.046156]  -> wl_surface#76.damage_buffer(873, 4, 403, 11)
[14:48:39.046157]  -> wl_surface#76.damage_buffer(22, 15, 18, 18)
[14:48:39.046158]  -> wl_surface#76.damage_buffer(873, 15, 403, 18)
[14:48:39.046158]  -> wl_surface#76.damage_buffer(873, 33, 403, 11)
[14:48:39.046159]  -> wl_surface#76.frame(new id wl_callback#94)
[14:48:39.046161] {Default Queue}  -> wp_presentation#23.feedback(wl_surface#76, new id wp_presentation_feedback#115)
[14:48:39.046162]  -> wl_surface#76.commit()
[14:48:39.046635] {Default Queue} wl_buffer#104.release()
[14:48:39.046639] {Default Queue} wl_buffer#123.release()
[14:48:39.046742] {Default Queue} wl_buffer#97.release()
[14:48:39.046743] {Default Queue} wl_buffer#113.release()
[14:48:39.047368] {Display Queue} wl_display#1.delete_id(109)
[14:48:39.047373] {Display Queue} wl_display#1.delete_id(126)
[14:48:39.047374] {Display Queue} wl_display#1.delete_id(102)
[14:48:39.047375] {Display Queue} wl_display#1.delete_id(95)
[14:48:39.047375] {Display Queue} wl_display#1.delete_id(124)
[14:48:39.047376] {Display Queue} wl_display#1.delete_id(127)
[14:48:39.047376] {Default Queue} wl_callback#109.done(6842162)
[14:48:39.047381] {Default Queue} wl_callback#126.done(6842162)
[14:48:39.047383] {Default Queue} wl_callback#102.done(6842162)
[14:48:39.047385] {Default Queue} wp_presentation_feedback#95.sync_output(wl_output#63)
[14:48:39.047386] {Default Queue} wp_presentation_feedback#95.sync_output(wl_output#31)
[14:48:39.047387] {Default Queue} wp_presentation_feedback#95.presented(0, 6842, 162242684, 0, 0, 0, 0)
[14:48:39.047389] {Default Queue} wp_presentation_feedback#124.sync_output(wl_output#63)
[14:48:39.047390] {Default Queue} wp_presentation_feedback#124.sync_output(wl_output#31)
[14:48:39.047390] {Default Queue} wp_presentation_feedback#124.presented(0, 6842, 162242684, 0, 0, 0, 0)
[14:48:39.047392] {Default Queue} wp_presentation_feedback#127.sync_output(wl_output#63)
[14:48:39.047393] {Default Queue} wp_presentation_feedback#127.sync_output(wl_output#31)
[14:48:39.047393] {Default Queue} wp_presentation_feedback#127.presented(0, 6842, 162242684, 0, 0, 0, 0)
[14:48:39.048044]  -> wl_surface#110.attach(wl_buffer#123, 0, 0)
[14:48:39.048048]  -> wl_surface#110.damage_buffer(346, 86, 588, 62)
[14:48:39.048049]  -> wl_surface#110.frame(new id wl_callback#127)
[14:48:39.048050] {Default Queue}  -> wp_presentation#23.feedback(wl_surface#110, new id wp_presentation_feedback#124)
[14:48:39.048052]  -> wl_surface#110.commit()
[14:48:39.048067] {Display Queue} wl_display#1.delete_id(94)
[14:48:39.048068] {Display Queue} wl_display#1.delete_id(115)
[14:48:39.048069] {Default Queue} wl_callback#94.done(6842162)
[14:48:39.048072] {Default Queue} wp_presentation_feedback#115.sync_output(wl_output#64)
[14:48:39.048073] {Default Queue} wp_presentation_feedback#115.sync_output(wl_output#34)
[14:48:39.048073] {Default Queue} wp_presentation_feedback#115.presented(0, 6842, 162356915, 0, 0, 0, 0)
[14:48:39.048132] {Default Queue} wl_buffer#123.release()
[14:48:39.063697] {Display Queue} wl_display#1.delete_id(127)
[14:48:39.063705] {Display Queue} wl_display#1.delete_id(124)
[14:48:39.063707] {Default Queue} wl_callback#127.done(6842178)
[14:48:39.063717] {Default Queue} wp_presentation_feedback#124.sync_output(wl_output#63)
[14:48:39.063718] {Default Queue} wp_presentation_feedback#124.sync_output(wl_output#31)
[14:48:39.063719] {Default Queue} wp_presentation_feedback#124.presented(0, 6842, 178565790, 0, 0, 0, 0)
[14:48:39.064289]  -> wl_surface#110.attach(wl_buffer#123, 0, 0)
[14:48:39.064295]  -> wl_surface#110.damage_buffer(346, 86, 588, 62)
[14:48:39.064297]  -> wl_surface#110.frame(new id wl_callback#124)
[14:48:39.064298] {Default Queue}  -> wp_presentation#23.feedback(wl_surface#110, new id wp_presentation_feedback#127)
[14:48:39.064301]  -> wl_surface#110.commit()
[14:48:39.064390] {Default Queue} wl_buffer#123.release()
[14:48:39.080053] {Display Queue} wl_display#1.delete_id(124)
[14:48:39.080061] {Display Queue} wl_display#1.delete_id(127)
[14:48:39.080063] {Default Queue} wl_callback#124.done(6842194)
[14:48:39.080072] {Default Queue} wp_presentation_feedback#127.sync_output(wl_output#63)
[14:48:39.080074] {Default Queue} wp_presentation_feedback#127.sync_output(wl_output#31)
[14:48:39.080075] {Default Queue} wp_presentation_feedback#127.presented(0, 6842, 194917296, 0, 0, 0, 0)
[14:48:39.080664]  -> wl_surface#110.attach(wl_buffer#123, 0, 0)
[14:48:39.080668]  -> wl_surface#110.damage_buffer(346, 86, 588, 62)
[14:48:39.080670]  -> wl_surface#110.frame(new id wl_callback#127)
[14:48:39.080673] {Default Queue}  -> wp_presentation#23.feedback(wl_surface#110, new id wp_presentation_feedback#124)
[14:48:39.080674]  -> wl_surface#110.commit()
[14:48:39.080782] {Default Queue} wl_buffer#123.release()
[14:48:39.096399] {Display Queue} wl_display#1.delete_id(127)
[14:48:39.096405] {Display Queue} wl_display#1.delete_id(124)
[14:48:39.096406] {Default Queue} wl_callback#127.done(6842211)
[14:48:39.096415] {Default Queue} wp_presentation_feedback#124.sync_output(wl_output#63)
[14:48:39.096416] {Default Queue} wp_presentation_feedback#124.sync_output(wl_output#31)
[14:48:39.096417] {Default Queue} wp_presentation_feedback#124.presented(0, 6842, 211266692, 0, 0, 0, 0)
[14:48:39.096915]  -> wl_surface#110.attach(wl_buffer#123, 0, 0)
[14:48:39.096919]  -> wl_surface#110.damage_buffer(346, 86, 588, 62)
[14:48:39.096921]  -> wl_surface#110.frame(new id wl_callback#124)
[14:48:39.096923] {Default Queue}  -> wp_presentation#23.feedback(wl_surface#110, new id wp_presentation_feedback#127)
[14:48:39.096924]  -> wl_surface#110.commit()
[14:48:39.097009] {Default Queue} wl_buffer#123.release()
[14:48:39.112713] {Display Queue} wl_display#1.delete_id(124)
[14:48:39.112721] {Display Queue} wl_display#1.delete_id(127)
[14:48:39.112722] {Default Queue} wl_callback#124.done(6842227)
[14:48:39.112732] {Default Queue} wp_presentation_feedback#127.sync_output(wl_output#63)
[14:48:39.112733] {Default Queue} wp_presentation_feedback#127.sync_output(wl_output#31)
[14:48:39.112734] {Default Queue} wp_presentation_feedback#127.presented(0, 6842, 227581128, 0, 0, 0, 0)
[14:48:39.113291]  -> wl_surface#110.attach(wl_buffer#123, 0, 0)
[14:48:39.113296]  -> wl_surface#110.damage_buffer(346, 86, 588, 62)
[14:48:39.113297]  -> wl_surface#110.frame(new id wl_callback#127)
[14:48:39.113299] {Default Queue}  -> wp_presentation#23.feedback(wl_surface#110, new id wp_presentation_feedback#124)
[14:48:39.113301]  -> wl_surface#110.commit()
[14:48:39.113402] {Default Queue} wl_buffer#123.release()
[14:48:39.129061] {Display Queue} wl_display#1.delete_id(127)
[14:48:39.129069] {Display Queue} wl_display#1.delete_id(124)
[14:48:39.129070] {Default Queue} wl_callback#127.done(6842243)
[14:48:39.129078] {Default Queue} wp_presentation_feedback#124.sync_output(wl_output#63)
[14:48:39.129080] {Default Queue} wp_presentation_feedback#124.sync_output(wl_output#31)
[14:48:39.129080] {Default Queue} wp_presentation_feedback#124.presented(0, 6842, 243930404, 0, 0, 0, 0)
[14:48:39.129564]  -> wl_surface#110.attach(wl_buffer#123, 0, 0)
[14:48:39.129568]  -> wl_surface#110.damage_buffer(346, 86, 588, 62)
[14:48:39.129570]  -> wl_surface#110.frame(new id wl_callback#124)
[14:48:39.129572] {Default Queue}  -> wp_presentation#23.feedback(wl_surface#110, new id wp_presentation_feedback#127)
[14:48:39.129573]  -> wl_surface#110.commit()
[14:48:39.129650] {Default Queue} wl_buffer#123.release()
[14:48:39.145348] {Display Queue} wl_display#1.delete_id(124)
[14:48:39.145354] {Display Queue} wl_display#1.delete_id(127)
[14:48:39.145354] {Default Queue} wl_callback#124.done(6842260)
[14:48:39.145362] {Default Queue} wp_presentation_feedback#127.sync_output(wl_output#63)
[14:48:39.145363] {Default Queue} wp_presentation_feedback#127.sync_output(wl_output#31)
[14:48:39.145364] {Default Queue} wp_presentation_feedback#127.presented(0, 6842, 260226670, 0, 0, 0, 0)
[14:48:39.145801]  -> wl_surface#110.attach(wl_buffer#123, 0, 0)
[14:48:39.145804]  -> wl_surface#110.damage_buffer(346, 86, 588, 62)
[14:48:39.145805]  -> wl_surface#110.frame(new id wl_callback#127)
[14:48:39.145807] {Default Queue}  -> wp_presentation#23.feedback(wl_surface#110, new id wp_presentation_feedback#124)
[14:48:39.145809]  -> wl_surface#110.commit()
[14:48:39.145877] {Default Queue} wl_buffer#123.release()
[14:48:39.161786] {Display Queue} wl_display#1.delete_id(127)
[14:48:39.161800] {Display Queue} wl_display#1.delete_id(124)
[14:48:39.161802] {Default Queue} wl_callback#127.done(6842276)
[14:48:39.161813] {Default Queue} wp_presentation_feedback#124.sync_output(wl_output#63)
[14:48:39.161815] {Default Queue} wp_presentation_feedback#124.sync_output(wl_output#31)
[14:48:39.161816] {Default Queue} wp_presentation_feedback#124.presented(0, 6842, 276620447, 0, 0, 0, 0)
[14:48:39.162384]  -> wl_surface#110.attach(wl_buffer#123, 0, 0)
[14:48:39.162388]  -> wl_surface#110.damage_buffer(346, 86, 588, 62)
[14:48:39.162390]  -> wl_surface#110.frame(new id wl_callback#124)
[14:48:39.162393] {Default Queue}  -> wp_presentation#23.feedback(wl_surface#110, new id wp_presentation_feedback#127)
[14:48:39.162395]  -> wl_surface#110.commit()
[14:48:39.162480] {Default Queue} wl_buffer#123.release()
[14:48:39.177994] {Display Queue} wl_display#1.delete_id(124)
[14:48:39.177999] {Display Queue} wl_display#1.delete_id(127)
[14:48:39.178000] {Default Queue} wl_callback#124.done(6842292)
[14:48:39.178009] {Default Queue} wp_presentation_feedback#127.sync_output(wl_output#63)
[14:48:39.178010] {Default Queue} wp_presentation_feedback#127.sync_output(wl_output#31)
[14:48:39.178010] {Default Queue} wp_presentation_feedback#127.presented(0, 6842, 292877162, 0, 0, 0, 0)
[14:48:39.178554]  -> wl_surface#110.attach(wl_buffer#123, 0, 0)
[14:48:39.178559]  -> wl_surface#110.damage_buffer(346, 86, 588, 62)
[14:48:39.178561]  -> wl_surface#110.frame(new id wl_callback#127)
[14:48:39.178563] {Default Queue}  -> wp_presentation#23.feedback(wl_surface#110, new id wp_presentation_feedback#124)
[14:48:39.178565]  -> wl_surface#110.commit()
[14:48:39.178642] {Default Queue} wl_buffer#123.release()
[14:48:39.195526] {Display Queue} wl_display#1.delete_id(127)
[14:48:39.195532] {Display Queue} wl_display#1.delete_id(124)
[14:48:39.195533] {Default Queue} wl_callback#127.done(6842310)
[14:48:39.195539] {Default Queue} wp_presentation_feedback#124.sync_output(wl_output#63)
[14:48:39.195540] {Default Queue} wp_presentation_feedback#124.sync_output(wl_output#31)
[14:48:39.195541] {Default Queue} wp_presentation_feedback#124.presented(0, 6842, 310409233, 0, 0, 0, 0)
[14:48:39.195935]  -> wl_surface#110.attach(wl_buffer#123, 0, 0)
[14:48:39.195938]  -> wl_surface#110.damage_buffer(346, 86, 588, 62)
[14:48:39.195939]  -> wl_surface#110.frame(new id wl_callback#124)
[14:48:39.195940] {Default Queue}  -> wp_presentation#23.feedback(wl_surface#110, new id wp_presentation_feedback#127)
[14:48:39.195942]  -> wl_surface#110.commit()
[14:48:39.195986] {Default Queue} wl_buffer#123.release()
[14:48:39.211586] {Display Queue} wl_display#1.delete_id(124)
[14:48:39.211590] {Display Queue} wl_display#1.delete_id(127)
[14:48:39.211591] {Default Queue} wl_callback#124.done(6842326)
[14:48:39.211595] {Default Queue} wp_presentation_feedback#127.sync_output(wl_output#63)
[14:48:39.211596] {Default Queue} wp_presentation_feedback#127.sync_output(wl_output#31)
[14:48:39.211597] {Default Queue} wp_presentation_feedback#127.presented(0, 6842, 326475056, 0, 0, 0, 0)
[14:48:39.252478]  -> wl_surface#71.attach(wl_buffer#97, 0, 0)
[14:48:39.252486]  -> wl_surface#71.damage_buffer(862, 4, 414, 40)
[14:48:39.252488]  -> wl_surface#71.frame(new id wl_callback#127)
[14:48:39.252491] {Default Queue}  -> wp_presentation#23.feedback(wl_surface#71, new id wp_presentation_feedback#124)
[14:48:39.252495]  -> wl_surface#71.commit()
[14:48:39.252547] {Default Queue}  -> wl_compositor#46.create_region(new id wl_region#115)
[14:48:39.252561] {Default Queue}  -> wl_region#115.add(19, 4, 504, 1)
[14:48:39.252563] {Default Queue}  -> wl_region#115.add(577, 4, 126, 1)
[14:48:39.252564] {Default Queue}  -> wl_region#115.add(877, 4, 384, 1)
[14:48:39.252564] {Default Queue}  -> wl_region#115.add(17, 5, 508, 1)
[14:48:39.252565] {Default Queue}  -> wl_region#115.add(575, 5, 130, 1)
[14:48:39.252566] {Default Queue}  -> wl_region#115.add(875, 5, 388, 1)
[14:48:39.252566] {Default Queue}  -> wl_region#115.add(16, 6, 510, 1)
[14:48:39.252567] {Default Queue}  -> wl_region#115.add(574, 6, 132, 1)
[14:48:39.252567] {Default Queue}  -> wl_region#115.add(874, 6, 390, 1)
[14:48:39.252568] {Default Queue}  -> wl_region#115.add(15, 7, 512, 1)
[14:48:39.252569] {Default Queue}  -> wl_region#115.add(573, 7, 134, 1)
[14:48:39.252569] {Default Queue}  -> wl_region#115.add(873, 7, 392, 1)
[14:48:39.252570] {Default Queue}  -> wl_region#115.add(14, 8, 514, 1)
[14:48:39.252570] {Default Queue}  -> wl_region#115.add(572, 8, 136, 1)
[14:48:39.252571] {Default Queue}  -> wl_region#115.add(872, 8, 394, 1)
[14:48:39.252572] {Default Queue}  -> wl_region#115.add(13, 9, 516, 1)
[14:48:39.252572] {Default Queue}  -> wl_region#115.add(571, 9, 138, 1)
[14:48:39.252573] {Default Queue}  -> wl_region#115.add(871, 9, 396, 1)
[14:48:39.252573] {Default Queue}  -> wl_region#115.add(12, 10, 518, 2)
[14:48:39.252574] {Default Queue}  -> wl_region#115.add(570, 10, 140, 2)
[14:48:39.252575] {Default Queue}  -> wl_region#115.add(870, 10, 398, 2)
[14:48:39.252575] {Default Queue}  -> wl_region#115.add(11, 12, 520, 5)
[14:48:39.252576] {Default Queue}  -> wl_region#115.add(569, 12, 142, 5)
[14:48:39.252576] {Default Queue}  -> wl_region#115.add(869, 12, 400, 5)
[14:48:39.252577] {Default Queue}  -> wl_region#115.add(10, 17, 522, 14)
[14:48:39.252578] {Default Queue}  -> wl_region#115.add(568, 17, 144, 14)
[14:48:39.252578] {Default Queue}  -> wl_region#115.add(868, 17, 402, 14)
[14:48:39.252579] {Default Queue}  -> wl_region#115.add(11, 31, 520, 5)
[14:48:39.252580] {Default Queue}  -> wl_region#115.add(569, 31, 142, 5)
[14:48:39.252580] {Default Queue}  -> wl_region#115.add(869, 31, 400, 5)
[14:48:39.252581] {Default Queue}  -> wl_region#115.add(12, 36, 518, 2)
[14:48:39.252582] {Default Queue}  -> wl_region#115.add(570, 36, 140, 2)
[14:48:39.252582] {Default Queue}  -> wl_region#115.add(870, 36, 398, 2)
[14:48:39.252583] {Default Queue}  -> wl_region#115.add(13, 38, 516, 1)
[14:48:39.252584] {Default Queue}  -> wl_region#115.add(571, 38, 138, 1)
[14:48:39.252584] {Default Queue}  -> wl_region#115.add(871, 38, 396, 1)
[14:48:39.252585] {Default Queue}  -> wl_region#115.add(14, 39, 514, 1)
[14:48:39.252585] {Default Queue}  -> wl_region#115.add(572, 39, 136, 1)
[14:48:39.252586] {Default Queue}  -> wl_region#115.add(872, 39, 394, 1)
[14:48:39.252587] {Default Queue}  -> wl_region#115.add(15, 40, 512, 1)
[14:48:39.252587] {Default Queue}  -> wl_region#115.add(573, 40, 134, 1)
[14:48:39.252588] {Default Queue}  -> wl_region#115.add(873, 40, 392, 1)
[14:48:39.252588] {Default Queue}  -> wl_region#115.add(16, 41, 510, 1)
[14:48:39.252589] {Default Queue}  -> wl_region#115.add(574, 41, 132, 1)
[14:48:39.252590] {Default Queue}  -> wl_region#115.add(874, 41, 390, 1)
[14:48:39.252590] {Default Queue}  -> wl_region#115.add(17, 42, 508, 1)
[14:48:39.252591] {Default Queue}  -> wl_region#115.add(575, 42, 130, 1)
[14:48:39.252591] {Default Queue}  -> wl_region#115.add(875, 42, 388, 1)
[14:48:39.252592] {Default Queue}  -> wl_region#115.add(19, 43, 504, 1)
[14:48:39.252593] {Default Queue}  -> wl_region#115.add(577, 43, 126, 1)
[14:48:39.252593] {Default Queue}  -> wl_region#115.add(877, 43, 384, 1)
[14:48:39.252594] {Default Queue}  -> ext_background_effect_surface_v1#101.set_blur_region(wl_region#115)
[14:48:39.252595] {Default Queue}  -> wl_region#115.destroy()
[14:48:39.252655]  -> wl_surface#70.attach(wl_buffer#104, 0, 0)
[14:48:39.252656]  -> wl_surface#70.frame(new id wl_callback#94)
[14:48:39.252657] {Default Queue}  -> wp_presentation#23.feedback(wl_surface#70, new id wp_presentation_feedback#95)
[14:48:39.252658]  -> wl_surface#70.commit()
[14:48:39.252909]  -> wl_surface#76.attach(wl_buffer#113, 0, 0)
[14:48:39.252911]  -> wl_surface#76.damage_buffer(862, 4, 414, 40)
[14:48:39.252912]  -> wl_surface#76.frame(new id wl_callback#102)
[14:48:39.252913] {Default Queue}  -> wp_presentation#23.feedback(wl_surface#76, new id wp_presentation_feedback#126)
[14:48:39.252914]  -> wl_surface#76.commit()
[14:48:39.252933] {Default Queue}  -> wl_compositor#46.create_region(new id wl_region#109)
[14:48:39.252945] {Default Queue}  -> wl_region#109.add(19, 4, 504, 1)
[14:48:39.252946] {Default Queue}  -> wl_region#109.add(577, 4, 126, 1)
[14:48:39.252947] {Default Queue}  -> wl_region#109.add(877, 4, 384, 1)
[14:48:39.252948] {Default Queue}  -> wl_region#109.add(17, 5, 508, 1)
[14:48:39.252948] {Default Queue}  -> wl_region#109.add(575, 5, 130, 1)
[14:48:39.252949] {Default Queue}  -> wl_region#109.add(875, 5, 388, 1)
[14:48:39.252950] {Default Queue}  -> wl_region#109.add(16, 6, 510, 1)
[14:48:39.252950] {Default Queue}  -> wl_region#109.add(574, 6, 132, 1)
[14:48:39.252951] {Default Queue}  -> wl_region#109.add(874, 6, 390, 1)
[14:48:39.252951] {Default Queue}  -> wl_region#109.add(15, 7, 512, 1)
[14:48:39.252952] {Default Queue}  -> wl_region#109.add(573, 7, 134, 1)
[14:48:39.252953] {Default Queue}  -> wl_region#109.add(873, 7, 392, 1)
[14:48:39.252953] {Default Queue}  -> wl_region#109.add(14, 8, 514, 1)
[14:48:39.252954] {Default Queue}  -> wl_region#109.add(572, 8, 136, 1)
[14:48:39.252954] {Default Queue}  -> wl_region#109.add(872, 8, 394, 1)
[14:48:39.252955] {Default Queue}  -> wl_region#109.add(13, 9, 516, 1)
[14:48:39.252956] {Default Queue}  -> wl_region#109.add(571, 9, 138, 1)
[14:48:39.252956] {Default Queue}  -> wl_region#109.add(871, 9, 396, 1)
[14:48:39.252957] {Default Queue}  -> wl_region#109.add(12, 10, 518, 2)
[14:48:39.252957] {Default Queue}  -> wl_region#109.add(570, 10, 140, 2)
[14:48:39.252958] {Default Queue}  -> wl_region#109.add(870, 10, 398, 2)
[14:48:39.252959] {Default Queue}  -> wl_region#109.add(11, 12, 520, 5)
[14:48:39.252959] {Default Queue}  -> wl_region#109.add(569, 12, 142, 5)
[14:48:39.252960] {Default Queue}  -> wl_region#109.add(869, 12, 400, 5)
[14:48:39.252960] {Default Queue}  -> wl_region#109.add(10, 17, 522, 14)
[14:48:39.252961] {Default Queue}  -> wl_region#109.add(568, 17, 144, 14)
[14:48:39.252961] {Default Queue}  -> wl_region#109.add(868, 17, 402, 14)
[14:48:39.252962] {Default Queue}  -> wl_region#109.add(11, 31, 520, 5)
[14:48:39.252963] {Default Queue}  -> wl_region#109.add(569, 31, 142, 5)
[14:48:39.252963] {Default Queue}  -> wl_region#109.add(869, 31, 400, 5)
[14:48:39.252964] {Default Queue}  -> wl_region#109.add(12, 36, 518, 2)
[14:48:39.252964] {Default Queue}  -> wl_region#109.add(570, 36, 140, 2)
[14:48:39.252965] {Default Queue}  -> wl_region#109.add(870, 36, 398, 2)
[14:48:39.252965] {Default Queue}  -> wl_region#109.add(13, 38, 516, 1)
[14:48:39.252966] {Default Queue}  -> wl_region#109.add(571, 38, 138, 1)
[14:48:39.252967] {Default Queue}  -> wl_region#109.add(871, 38, 396, 1)
[14:48:39.252967] {Default Queue}  -> wl_region#109.add(14, 39, 514, 1)
[14:48:39.252968] {Default Queue}  -> wl_region#109.add(572, 39, 136, 1)
[14:48:39.252968] {Default Queue}  -> wl_region#109.add(872, 39, 394, 1)
[14:48:39.252970] {Default Queue}  -> wl_region#109.add(15, 40, 512, 1)
[14:48:39.252971] {Default Queue}  -> wl_region#109.add(573, 40, 134, 1)
[14:48:39.252971] {Default Queue}  -> wl_region#109.add(873, 40, 392, 1)
[14:48:39.252972] {Default Queue}  -> wl_region#109.add(16, 41, 510, 1)
[14:48:39.252973] {Default Queue}  -> wl_region#109.add(574, 41, 132, 1)
[14:48:39.252973] {Default Queue}  -> wl_region#109.add(874, 41, 390, 1)
[14:48:39.252974] {Default Queue}  -> wl_region#109.add(17, 42, 508, 1)
[14:48:39.252974] {Default Queue}  -> wl_region#109.add(575, 42, 130, 1)
[14:48:39.252975] {Default Queue}  -> wl_region#109.add(875, 42, 388, 1)
[14:48:39.252976] {Default Queue}  -> wl_region#109.add(19, 43, 504, 1)
[14:48:39.252976] {Default Queue}  -> wl_region#109.add(577, 43, 126, 1)
[14:48:39.252977] {Default Queue}  -> wl_region#109.add(877, 43, 384, 1)
[14:48:39.252977] {Default Queue}  -> ext_background_effect_surface_v1#117.set_blur_region(wl_region#109)
[14:48:39.252978] {Default Queue}  -> wl_region#109.destroy()
[14:48:39.252999] {Display Queue} wl_display#1.delete_id(115)
[14:48:39.253001] {Display Queue} wl_display#1.delete_id(127)
[14:48:39.253001] {Display Queue} wl_display#1.delete_id(124)
[14:48:39.253002] {Default Queue} wl_buffer#97.release()
[14:48:39.253003] {Default Queue} wl_callback#127.done(6842367)
[14:48:39.253007] {Default Queue} wp_presentation_feedback#124.sync_output(wl_output#63)
[14:48:39.253008] {Default Queue} wp_presentation_feedback#124.sync_output(wl_output#31)
[14:48:39.253009] {Default Queue} wp_presentation_feedback#124.presented(0, 6842, 367775437, 0, 0, 0, 0)
info: event=launcher-results count=114 shown=114 publish_us=6755
[14:48:39.258928] {Display Queue} wl_display#1.delete_id(109)
[14:48:39.258935] {Default Queue} wl_buffer#104.release()
[14:48:39.258938] {Default Queue} wl_buffer#113.release()
[14:48:39.259056] {Default Queue}  -> wl_compositor#4.create_region(new id wl_region#109)
[14:48:39.259060] {Default Queue}  -> wl_region#109.add(19, 4, 504, 1)
[14:48:39.259062] {Default Queue}  -> wl_region#109.add(577, 4, 126, 1)
[14:48:39.259062] {Default Queue}  -> wl_region#109.add(877, 4, 384, 1)
[14:48:39.259063] {Default Queue}  -> wl_region#109.add(17, 5, 508, 1)
[14:48:39.259064] {Default Queue}  -> wl_region#109.add(575, 5, 130, 1)
[14:48:39.259065] {Default Queue}  -> wl_region#109.add(875, 5, 388, 1)
[14:48:39.259066] {Default Queue}  -> wl_region#109.add(16, 6, 510, 1)
[14:48:39.259066] {Default Queue}  -> wl_region#109.add(574, 6, 132, 1)
[14:48:39.259067] {Default Queue}  -> wl_region#109.add(874, 6, 390, 1)
[14:48:39.259068] {Default Queue}  -> wl_region#109.add(15, 7, 512, 1)
[14:48:39.259069] {Default Queue}  -> wl_region#109.add(573, 7, 134, 1)
[14:48:39.259070] {Default Queue}  -> wl_region#109.add(873, 7, 392, 1)
[14:48:39.259071] {Default Queue}  -> wl_region#109.add(14, 8, 514, 1)
[14:48:39.259071] {Default Queue}  -> wl_region#109.add(572, 8, 136, 1)
[14:48:39.259072] {Default Queue}  -> wl_region#109.add(872, 8, 394, 1)
[14:48:39.259073] {Default Queue}  -> wl_region#109.add(13, 9, 516, 1)
[14:48:39.259074] {Default Queue}  -> wl_region#109.add(571, 9, 138, 1)
[14:48:39.259074] {Default Queue}  -> wl_region#109.add(871, 9, 396, 1)
[14:48:39.259075] {Default Queue}  -> wl_region#109.add(12, 10, 518, 2)
[14:48:39.259075] {Default Queue}  -> wl_region#109.add(570, 10, 140, 2)
[14:48:39.259076] {Default Queue}  -> wl_region#109.add(870, 10, 398, 2)
[14:48:39.259077] {Default Queue}  -> wl_region#109.add(11, 12, 520, 5)
[14:48:39.259077] {Default Queue}  -> wl_region#109.add(569, 12, 142, 5)
[14:48:39.259078] {Default Queue}  -> wl_region#109.add(869, 12, 400, 5)
[14:48:39.259079] {Default Queue}  -> wl_region#109.add(10, 17, 522, 14)
[14:48:39.259079] {Default Queue}  -> wl_region#109.add(568, 17, 144, 14)
[14:48:39.259080] {Default Queue}  -> wl_region#109.add(868, 17, 402, 14)
[14:48:39.259081] {Default Queue}  -> wl_region#109.add(11, 31, 520, 5)
[14:48:39.259082] {Default Queue}  -> wl_region#109.add(569, 31, 142, 5)
[14:48:39.259083] {Default Queue}  -> wl_region#109.add(869, 31, 400, 5)
[14:48:39.259083] {Default Queue}  -> wl_region#109.add(12, 36, 518, 2)
[14:48:39.259084] {Default Queue}  -> wl_region#109.add(570, 36, 140, 2)
[14:48:39.259085] {Default Queue}  -> wl_region#109.add(870, 36, 398, 2)
[14:48:39.259085] {Default Queue}  -> wl_region#109.add(13, 38, 516, 1)
[14:48:39.259086] {Default Queue}  -> wl_region#109.add(571, 38, 138, 1)
[14:48:39.259086] {Default Queue}  -> wl_region#109.add(871, 38, 396, 1)
[14:48:39.259087] {Default Queue}  -> wl_region#109.add(14, 39, 514, 1)
[14:48:39.259088] {Default Queue}  -> wl_region#109.add(572, 39, 136, 1)
[14:48:39.259088] {Default Queue}  -> wl_region#109.add(872, 39, 394, 1)
[14:48:39.259089] {Default Queue}  -> wl_region#109.add(15, 40, 512, 1)
[14:48:39.259090] {Default Queue}  -> wl_region#109.add(573, 40, 134, 1)
[14:48:39.259091] {Default Queue}  -> wl_region#109.add(873, 40, 392, 1)
[14:48:39.259092] {Default Queue}  -> wl_region#109.add(16, 41, 510, 1)
[14:48:39.259093] {Default Queue}  -> wl_region#109.add(574, 41, 132, 1)
[14:48:39.259094] {Default Queue}  -> wl_region#109.add(874, 41, 390, 1)
[14:48:39.259095] {Default Queue}  -> wl_region#109.add(17, 42, 508, 1)
[14:48:39.259096] {Default Queue}  -> wl_region#109.add(575, 42, 130, 1)
[14:48:39.259097] {Default Queue}  -> wl_region#109.add(875, 42, 388, 1)
[14:48:39.259097] {Default Queue}  -> wl_region#109.add(19, 43, 504, 1)
[14:48:39.259098] {Default Queue}  -> wl_region#109.add(577, 43, 126, 1)
[14:48:39.259099] {Default Queue}  -> wl_region#109.add(877, 43, 384, 1)
[14:48:39.259100]  -> wl_surface#71.set_input_region(wl_region#109)
[14:48:39.259101] {Default Queue}  -> wl_region#109.destroy()
[14:48:39.259103]  -> wl_surface#71.attach(wl_buffer#97, 0, 0)
[14:48:39.259104]  -> wl_surface#71.frame(new id wl_callback#124)
[14:48:39.259106] {Default Queue}  -> wp_presentation#23.feedback(wl_surface#71, new id wp_presentation_feedback#127)
[14:48:39.259108]  -> wl_surface#71.commit()
[14:48:39.268746]  -> wl_surface#110.attach(wl_buffer#123, 0, 0)
[14:48:39.268752]  -> wl_surface#110.frame(new id wl_callback#115)
[14:48:39.268760] {Default Queue}  -> wp_presentation#23.feedback(wl_surface#110, new id wp_presentation_feedback#114)
[14:48:39.268762]  -> wl_surface#110.commit()
info: event=launcher-painted latency_us=16651
[14:48:39.268853] {Display Queue} wl_display#1.delete_id(109)
[14:48:39.268855] {Default Queue} wl_buffer#97.release()
[14:48:39.268856] {Default Queue} wl_buffer#123.release()
[14:48:39.269011] {Display Queue} wl_display#1.delete_id(124)
[14:48:39.269012] {Display Queue} wl_display#1.delete_id(94)
[14:48:39.269013] {Display Queue} wl_display#1.delete_id(115)
[14:48:39.269013] {Display Queue} wl_display#1.delete_id(127)
[14:48:39.269014] {Display Queue} wl_display#1.delete_id(95)
[14:48:39.269014] {Display Queue} wl_display#1.delete_id(114)
[14:48:39.269015] {Default Queue} wl_callback#124.done(6842383)
[14:48:39.269017] {Default Queue} wl_callback#94.done(6842383)
[14:48:39.269018] {Default Queue} wl_callback#115.done(6842383)
[14:48:39.269021] {Default Queue} wp_presentation_feedback#127.sync_output(wl_output#63)
[14:48:39.269022] {Default Queue} wp_presentation_feedback#127.sync_output(wl_output#31)
[14:48:39.269022] {Default Queue} wp_presentation_feedback#127.presented(0, 6842, 383902420, 0, 0, 0, 0)
[14:48:39.269024] {Default Queue} wp_presentation_feedback#95.sync_output(wl_output#63)
[14:48:39.269025] {Default Queue} wp_presentation_feedback#95.sync_output(wl_output#31)
[14:48:39.269026] {Default Queue} wp_presentation_feedback#95.presented(0, 6842, 383902420, 0, 0, 0, 0)
[14:48:39.269028] {Default Queue} wp_presentation_feedback#114.sync_output(wl_output#63)
[14:48:39.269028] {Default Queue} wp_presentation_feedback#114.sync_output(wl_output#31)
[14:48:39.269029] {Default Queue} wp_presentation_feedback#114.presented(0, 6842, 383902420, 0, 0, 0, 0)
[14:48:39.269053] {Display Queue} wl_display#1.delete_id(102)
[14:48:39.269054] {Display Queue} wl_display#1.delete_id(126)
[14:48:39.269055] {Default Queue} wl_callback#102.done(6842383)
[14:48:39.269056] {Default Queue} wp_presentation_feedback#126.sync_output(wl_output#64)
[14:48:39.269057] {Default Queue} wp_presentation_feedback#126.sync_output(wl_output#34)
[14:48:39.269058] {Default Queue} wp_presentation_feedback#126.presented(0, 6842, 383948561, 0, 0, 0, 0)
[14:48:39.269095] {Default Queue}  -> wl_compositor#4.create_region(new id wl_region#126)
[14:48:39.269097] {Default Queue}  -> wl_region#126.add(19, 4, 504, 1)
[14:48:39.269099] {Default Queue}  -> wl_region#126.add(577, 4, 126, 1)
[14:48:39.269101] {Default Queue}  -> wl_region#126.add(877, 4, 384, 1)
[14:48:39.269102] {Default Queue}  -> wl_region#126.add(17, 5, 508, 1)
[14:48:39.269103] {Default Queue}  -> wl_region#126.add(575, 5, 130, 1)
[14:48:39.269104] {Default Queue}  -> wl_region#126.add(875, 5, 388, 1)
[14:48:39.269105] {Default Queue}  -> wl_region#126.add(16, 6, 510, 1)
[14:48:39.269106] {Default Queue}  -> wl_region#126.add(574, 6, 132, 1)
[14:48:39.269107] {Default Queue}  -> wl_region#126.add(874, 6, 390, 1)
[14:48:39.269108] {Default Queue}  -> wl_region#126.add(15, 7, 512, 1)
[14:48:39.269112] {Default Queue}  -> wl_region#126.add(573, 7, 134, 1)
[14:48:39.269113] {Default Queue}  -> wl_region#126.add(873, 7, 392, 1)
[14:48:39.269114] {Default Queue}  -> wl_region#126.add(14, 8, 514, 1)
[14:48:39.269115] {Default Queue}  -> wl_region#126.add(572, 8, 136, 1)
[14:48:39.269116] {Default Queue}  -> wl_region#126.add(872, 8, 394, 1)
[14:48:39.269116] {Default Queue}  -> wl_region#126.add(13, 9, 516, 1)
[14:48:39.269117] {Default Queue}  -> wl_region#126.add(571, 9, 138, 1)
[14:48:39.269118] {Default Queue}  -> wl_region#126.add(871, 9, 396, 1)
[14:48:39.269118] {Default Queue}  -> wl_region#126.add(12, 10, 518, 2)
[14:48:39.269119] {Default Queue}  -> wl_region#126.add(570, 10, 140, 2)
[14:48:39.269120] {Default Queue}  -> wl_region#126.add(870, 10, 398, 2)
[14:48:39.269120] {Default Queue}  -> wl_region#126.add(11, 12, 520, 5)
[14:48:39.269121] {Default Queue}  -> wl_region#126.add(569, 12, 142, 5)
[14:48:39.269121] {Default Queue}  -> wl_region#126.add(869, 12, 400, 5)
[14:48:39.269122] {Default Queue}  -> wl_region#126.add(10, 17, 522, 14)
[14:48:39.269123] {Default Queue}  -> wl_region#126.add(568, 17, 144, 14)
[14:48:39.269123] {Default Queue}  -> wl_region#126.add(868, 17, 402, 14)
[14:48:39.269124] {Default Queue}  -> wl_region#126.add(11, 31, 520, 5)
[14:48:39.269125] {Default Queue}  -> wl_region#126.add(569, 31, 142, 5)
[14:48:39.269125] {Default Queue}  -> wl_region#126.add(869, 31, 400, 5)
[14:48:39.269126] {Default Queue}  -> wl_region#126.add(12, 36, 518, 2)
[14:48:39.269127] {Default Queue}  -> wl_region#126.add(570, 36, 140, 2)
[14:48:39.269127] {Default Queue}  -> wl_region#126.add(870, 36, 398, 2)
[14:48:39.269128] {Default Queue}  -> wl_region#126.add(13, 38, 516, 1)
[14:48:39.269129] {Default Queue}  -> wl_region#126.add(571, 38, 138, 1)
[14:48:39.269129] {Default Queue}  -> wl_region#126.add(871, 38, 396, 1)
[14:48:39.269130] {Default Queue}  -> wl_region#126.add(14, 39, 514, 1)
[14:48:39.269131] {Default Queue}  -> wl_region#126.add(572, 39, 136, 1)
[14:48:39.269131] {Default Queue}  -> wl_region#126.add(872, 39, 394, 1)
[14:48:39.269132] {Default Queue}  -> wl_region#126.add(15, 40, 512, 1)
[14:48:39.269132] {Default Queue}  -> wl_region#126.add(573, 40, 134, 1)
[14:48:39.269133] {Default Queue}  -> wl_region#126.add(873, 40, 392, 1)
[14:48:39.269134] {Default Queue}  -> wl_region#126.add(16, 41, 510, 1)
[14:48:39.269134] {Default Queue}  -> wl_region#126.add(574, 41, 132, 1)
[14:48:39.269135] {Default Queue}  -> wl_region#126.add(874, 41, 390, 1)
[14:48:39.269136] {Default Queue}  -> wl_region#126.add(17, 42, 508, 1)
[14:48:39.269136] {Default Queue}  -> wl_region#126.add(575, 42, 130, 1)
[14:48:39.269137] {Default Queue}  -> wl_region#126.add(875, 42, 388, 1)
[14:48:39.269138] {Default Queue}  -> wl_region#126.add(19, 43, 504, 1)
[14:48:39.269138] {Default Queue}  -> wl_region#126.add(577, 43, 126, 1)
[14:48:39.269139] {Default Queue}  -> wl_region#126.add(877, 43, 384, 1)
[14:48:39.269140]  -> wl_surface#76.set_input_region(wl_region#126)
[14:48:39.269141] {Default Queue}  -> wl_region#126.destroy()
[14:48:39.269142]  -> wl_surface#76.attach(wl_buffer#113, 0, 0)
[14:48:39.269143]  -> wl_surface#76.frame(new id wl_callback#102)
[14:48:39.269144] {Default Queue}  -> wp_presentation#23.feedback(wl_surface#76, new id wp_presentation_feedback#114)
[14:48:39.269145]  -> wl_surface#76.commit()
[14:48:39.269176] {Display Queue} wl_display#1.delete_id(126)
[14:48:39.269177] {Default Queue} wl_buffer#113.release()
[14:48:39.285148] {Display Queue} wl_display#1.delete_id(102)
[14:48:39.285152] {Display Queue} wl_display#1.delete_id(114)
[14:48:39.285153] {Default Queue} wl_callback#102.done(6842400)
[14:48:39.285156] {Default Queue} wp_presentation_feedback#114.sync_output(wl_output#64)
[14:48:39.285158] {Default Queue} wp_presentation_feedback#114.sync_output(wl_output#34)
[14:48:39.285158] {Default Queue} wp_presentation_feedback#114.presented(0, 6842, 400036964, 0, 0, 0, 0)
[14:48:39.662494]  -> wl_surface#70.attach(wl_buffer#104, 0, 0)
[14:48:39.662500]  -> wl_surface#70.frame(new id wl_callback#114)
[14:48:39.662502] {Default Queue}  -> wp_presentation#23.feedback(wl_surface#70, new id wp_presentation_feedback#102)
[14:48:39.662505]  -> wl_surface#70.commit()
info: event=launcher-results count=114 shown=114 publish_us=5243
[14:48:39.667732] {Default Queue} wl_buffer#104.release()
[14:48:39.676376]  -> wl_surface#110.attach(wl_buffer#123, 0, 0)
[14:48:39.676381]  -> wl_surface#110.frame(new id wl_callback#126)
[14:48:39.676384] {Default Queue}  -> wp_presentation#23.feedback(wl_surface#110, new id wp_presentation_feedback#95)
[14:48:39.676386]  -> wl_surface#110.commit()
info: event=launcher-painted latency_us=13948
[14:48:39.676418] {Display Queue} wl_display#1.delete_id(114)
[14:48:39.676420] {Default Queue} wl_callback#114.done(6842788)
[14:48:39.676482] {Default Queue} wl_buffer#123.release()
[14:48:39.676954]  -> wl_surface#71.attach(wl_buffer#97, 0, 0)
[14:48:39.676958]  -> wl_surface#71.damage_buffer(1099, 18, 19, 12)
[14:48:39.676960]  -> wl_surface#71.frame(new id wl_callback#114)
[14:48:39.676962] {Default Queue}  -> wp_presentation#23.feedback(wl_surface#71, new id wp_presentation_feedback#127)
[14:48:39.676964]  -> wl_surface#71.commit()
[14:48:39.676985]  -> wl_surface#70.attach(wl_buffer#104, 0, 0)
[14:48:39.676987]  -> wl_surface#70.frame(new id wl_callback#115)
[14:48:39.676988] {Default Queue}  -> wp_presentation#23.feedback(wl_surface#70, new id wp_presentation_feedback#94)
[14:48:39.676990]  -> wl_surface#70.commit()
[14:48:39.677045]  -> wl_surface#76.attach(wl_buffer#113, 0, 0)
[14:48:39.677046]  -> wl_surface#76.damage_buffer(1099, 18, 19, 12)
[14:48:39.677048]  -> wl_surface#76.frame(new id wl_callback#124)
[14:48:39.677049] {Default Queue}  -> wp_presentation#23.feedback(wl_surface#76, new id wp_presentation_feedback#109)
[14:48:39.677050]  -> wl_surface#76.commit()
info: event=launcher-results count=114 shown=114 publish_us=3906
[14:48:39.680736] {Display Queue} wl_display#1.delete_id(102)
[14:48:39.680739] {Default Queue} wl_buffer#97.release()
[14:48:39.680740] {Default Queue} wp_presentation_feedback#102.discarded()
[14:48:39.680741] {Default Queue} wl_buffer#104.release()
[14:48:39.680742] {Default Queue} wl_buffer#113.release()
info: event=launcher-results count=114 shown=114 publish_us=3430
[14:48:39.691617] {Display Queue} wl_display#1.delete_id(114)
[14:48:39.691620] {Display Queue} wl_display#1.delete_id(115)
[14:48:39.691621] {Display Queue} wl_display#1.delete_id(126)
[14:48:39.691622] {Display Queue} wl_display#1.delete_id(127)
[14:48:39.691622] {Default Queue} wl_callback#114.done(6842806)
[14:48:39.691625] {Default Queue} wl_callback#115.done(6842806)
[14:48:39.691627] {Default Queue} wl_callback#126.done(6842806)
[14:48:39.691628] {Default Queue} wp_presentation_feedback#127.sync_output(wl_output#63)
[14:48:39.691629] {Default Queue} wp_presentation_feedback#127.sync_output(wl_output#31)
[14:48:39.691629] {Default Queue} wp_presentation_feedback#127.presented(0, 6842, 806496492, 0, 0, 0, 0)
[14:48:39.691652]  -> wl_surface#70.attach(wl_buffer#104, 0, 0)
[14:48:39.691654]  -> wl_surface#70.frame(new id wl_callback#127)
[14:48:39.691655] {Default Queue}  -> wp_presentation#23.feedback(wl_surface#70, new id wp_presentation_feedback#126)
[14:48:39.691657]  -> wl_surface#70.commit()
[14:48:39.701813]  -> wl_surface#110.attach(wl_buffer#123, 0, 0)
[14:48:39.701818]  -> wl_surface#110.frame(new id wl_callback#115)
[14:48:39.701819] {Default Queue}  -> wp_presentation#23.feedback(wl_surface#110, new id wp_presentation_feedback#114)
[14:48:39.701821]  -> wl_surface#110.commit()
info: event=launcher-painted latency_us=21062
[14:48:39.701853] {Display Queue} wl_display#1.delete_id(124)
[14:48:39.701855] {Display Queue} wl_display#1.delete_id(109)
[14:48:39.701856] {Default Queue} wl_callback#124.done(6842806)
[14:48:39.701858] {Default Queue} wp_presentation_feedback#109.sync_output(wl_output#64)
[14:48:39.701859] {Default Queue} wp_presentation_feedback#109.sync_output(wl_output#34)
[14:48:39.701860] {Default Queue} wp_presentation_feedback#109.presented(0, 6842, 806582693, 0, 0, 0, 0)
[14:48:39.701911] {Display Queue} wl_display#1.delete_id(94)
[14:48:39.701912] {Display Queue} wl_display#1.delete_id(95)
[14:48:39.701912] {Default Queue} wp_presentation_feedback#94.discarded()
[14:48:39.701913] {Default Queue} wl_buffer#104.release()
[14:48:39.701914] {Default Queue} wp_presentation_feedback#95.discarded()
[14:48:39.701915] {Default Queue} wl_buffer#123.release()
[14:48:39.707136] {Display Queue} wl_display#1.delete_id(127)
[14:48:39.707140] {Display Queue} wl_display#1.delete_id(115)
[14:48:39.707142] {Default Queue} wl_callback#127.done(6842822)
[14:48:39.707145] {Default Queue} wl_callback#115.done(6842822)
[14:48:40.659071] {Display Queue} wl_display#1.delete_id(126)
[14:48:40.659078] {Display Queue} wl_display#1.delete_id(114)
[14:48:40.659080] {Default Queue} wp_presentation_feedback#126.sync_output(wl_output#63)
[14:48:40.659082] {Default Queue} wp_presentation_feedback#126.sync_output(wl_output#31)
[14:48:40.659083] {Default Queue} wp_presentation_feedback#126.presented(0, 6843, 773926033, 0, 0, 0, 0)
[14:48:40.659088] {Default Queue} wp_presentation_feedback#114.sync_output(wl_output#63)
[14:48:40.659089] {Default Queue} wp_presentation_feedback#114.sync_output(wl_output#31)
[14:48:40.659090] {Default Queue} wp_presentation_feedback#114.presented(0, 6843, 773926033, 0, 0, 0, 0)
[14:48:40.662427]  -> wl_surface#70.attach(wl_buffer#104, 0, 0)
[14:48:40.662431]  -> wl_surface#70.frame(new id wl_callback#114)
[14:48:40.662433] {Default Queue}  -> wp_presentation#23.feedback(wl_surface#70, new id wp_presentation_feedback#126)
[14:48:40.662436]  -> wl_surface#70.commit()
info: event=launcher-results count=114 shown=114 publish_us=4978
[14:48:40.667343] {Default Queue} wl_buffer#104.release()
[14:48:40.675895]  -> wl_surface#110.attach(wl_buffer#123, 0, 0)
[14:48:40.675899]  -> wl_surface#110.frame(new id wl_callback#115)
[14:48:40.675901] {Default Queue}  -> wp_presentation#23.feedback(wl_surface#110, new id wp_presentation_feedback#127)
[14:48:40.675903]  -> wl_surface#110.commit()
info: event=launcher-painted latency_us=13564
[14:48:40.675933] {Display Queue} wl_display#1.delete_id(114)
[14:48:40.675935] {Default Queue} wl_callback#114.done(6843789)
[14:48:40.676003] {Default Queue} wl_buffer#123.release()
[14:48:40.676192]  -> wl_surface#71.attach(wl_buffer#97, 0, 0)
[14:48:40.676195]  -> wl_surface#71.damage_buffer(1099, 18, 19, 11)
[14:48:40.676197]  -> wl_surface#71.frame(new id wl_callback#114)
[14:48:40.676198] {Default Queue}  -> wp_presentation#23.feedback(wl_surface#71, new id wp_presentation_feedback#95)
[14:48:40.676199]  -> wl_surface#71.commit()
[14:48:40.676213]  -> wl_surface#70.attach(wl_buffer#104, 0, 0)
[14:48:40.676214]  -> wl_surface#70.frame(new id wl_callback#94)
[14:48:40.676215] {Default Queue}  -> wp_presentation#23.feedback(wl_surface#70, new id wp_presentation_feedback#109)
[14:48:40.676216]  -> wl_surface#70.commit()
[14:48:40.676262]  -> wl_surface#76.attach(wl_buffer#113, 0, 0)
[14:48:40.676264]  -> wl_surface#76.damage_buffer(1099, 18, 19, 11)
[14:48:40.676264]  -> wl_surface#76.frame(new id wl_callback#124)
[14:48:40.676265] {Default Queue}  -> wp_presentation#23.feedback(wl_surface#76, new id wp_presentation_feedback#102)
[14:48:40.676266]  -> wl_surface#76.commit()
info: event=launcher-results count=114 shown=114 publish_us=3934
[14:48:40.680030] {Display Queue} wl_display#1.delete_id(126)
[14:48:40.680032] {Default Queue} wl_buffer#97.release()
[14:48:40.680033] {Default Queue} wp_presentation_feedback#126.discarded()
[14:48:40.680035] {Default Queue} wl_buffer#104.release()
[14:48:40.680035] {Default Queue} wl_buffer#113.release()
info: event=launcher-results count=114 shown=114 publish_us=3458
[14:48:40.692107] {Display Queue} wl_display#1.delete_id(114)
[14:48:40.692113] {Display Queue} wl_display#1.delete_id(94)
[14:48:40.692114] {Display Queue} wl_display#1.delete_id(115)
[14:48:40.692115] {Display Queue} wl_display#1.delete_id(95)
[14:48:40.692116] {Default Queue} wl_callback#114.done(6843806)
[14:48:40.692118] {Default Queue} wl_callback#94.done(6843806)
[14:48:40.692121] {Default Queue} wl_callback#115.done(6843806)
[14:48:40.692122] {Default Queue} wp_presentation_feedback#95.sync_output(wl_output#63)
[14:48:40.692123] {Default Queue} wp_presentation_feedback#95.sync_output(wl_output#31)
[14:48:40.692124] {Default Queue} wp_presentation_feedback#95.presented(0, 6843, 806987340, 0, 0, 0, 0)
[14:48:40.692150]  -> wl_surface#70.attach(wl_buffer#104, 0, 0)
[14:48:40.692153]  -> wl_surface#70.frame(new id wl_callback#95)
[14:48:40.692154] {Default Queue}  -> wp_presentation#23.feedback(wl_surface#70, new id wp_presentation_feedback#115)
[14:48:40.692155]  -> wl_surface#70.commit()
[14:48:40.700453]  -> wl_surface#110.attach(wl_buffer#123, 0, 0)
[14:48:40.700458]  -> wl_surface#110.frame(new id wl_callback#94)
[14:48:40.700460] {Default Queue}  -> wp_presentation#23.feedback(wl_surface#110, new id wp_presentation_feedback#114)
[14:48:40.700462]  -> wl_surface#110.commit()
info: event=launcher-painted latency_us=20409
[14:48:40.700490] {Display Queue} wl_display#1.delete_id(124)
[14:48:40.700492] {Display Queue} wl_display#1.delete_id(102)
[14:48:40.700493] {Default Queue} wl_callback#124.done(6843807)
[14:48:40.700495] {Default Queue} wp_presentation_feedback#102.sync_output(wl_output#64)
[14:48:40.700496] {Default Queue} wp_presentation_feedback#102.sync_output(wl_output#34)
[14:48:40.700497] {Default Queue} wp_presentation_feedback#102.presented(0, 6843, 807077091, 0, 0, 0, 0)
[14:48:40.700539] {Display Queue} wl_display#1.delete_id(109)
[14:48:40.700541] {Display Queue} wl_display#1.delete_id(127)
[14:48:40.700541] {Default Queue} wp_presentation_feedback#109.discarded()
[14:48:40.700542] {Default Queue} wl_buffer#104.release()
[14:48:40.700543] {Default Queue} wp_presentation_feedback#127.discarded()
[14:48:40.700543] {Default Queue} wl_buffer#123.release()
[14:48:40.708245] {Display Queue} wl_display#1.delete_id(95)
[14:48:40.708252] {Display Queue} wl_display#1.delete_id(94)
[14:48:40.708253] {Default Queue} wl_callback#95.done(6843823)
[14:48:40.708260] {Default Queue} wl_callback#94.done(6843823)
[14:48:40.840489]  -> wl_surface#70.attach(wl_buffer#104, 0, 0)
[14:48:40.840493]  -> wl_surface#70.frame(new id wl_callback#94)
[14:48:40.840495] {Default Queue}  -> wp_presentation#23.feedback(wl_surface#70, new id wp_presentation_feedback#95)
[14:48:40.840497]  -> wl_surface#70.commit()
info: event=launcher-results count=114 shown=114 publish_us=4360
[14:48:40.844835] {Display Queue} wl_display#1.delete_id(115)
[14:48:40.844839] {Display Queue} wl_display#1.delete_id(94)
[14:48:40.844841] {Default Queue} wp_presentation_feedback#115.discarded()
[14:48:40.844843] {Default Queue} wl_buffer#104.release()
[14:48:40.844844] {Default Queue} wl_callback#94.done(6843955)
[14:48:40.853288]  -> wl_surface#110.attach(wl_buffer#123, 0, 0)
[14:48:40.853292]  -> wl_surface#110.frame(new id wl_callback#94)
[14:48:40.853294] {Default Queue}  -> wp_presentation#23.feedback(wl_surface#110, new id wp_presentation_feedback#115)
[14:48:40.853296]  -> wl_surface#110.commit()
info: event=launcher-painted latency_us=12856
[14:48:40.853425] {Display Queue} wl_display#1.delete_id(114)
[14:48:40.853429] {Default Queue} wp_presentation_feedback#114.discarded()
[14:48:40.853431] {Default Queue} wl_buffer#123.release()
[14:48:40.856773] {Display Queue} wl_display#1.delete_id(94)
[14:48:40.856779] {Default Queue} wl_callback#94.done(6843971)
[14:48:41.661021] {Display Queue} wl_display#1.delete_id(95)
[14:48:41.661033] {Display Queue} wl_display#1.delete_id(115)
[14:48:41.661034] {Default Queue} ext_background_effect_manager_v1#48.capabilities(0)
info: event=blur-capability available=false
[14:48:41.661323] {Default Queue}  -> ext_background_effect_surface_v1#101.set_blur_region(nil)
[14:48:41.661394] {Default Queue}  -> ext_background_effect_surface_v1#117.set_blur_region(nil)
[14:48:41.661495] {Default Queue}  -> ext_background_effect_surface_v1#93.set_blur_region(nil)
[14:48:41.661499] {Default Queue} wp_presentation_feedback#95.sync_output(wl_output#63)
[14:48:41.661502] {Default Queue} wp_presentation_feedback#95.sync_output(wl_output#31)
[14:48:41.661503] {Default Queue} wp_presentation_feedback#95.presented(0, 6844, 775861543, 0, 0, 0, 0)
[14:48:41.661509] {Default Queue} wp_presentation_feedback#115.sync_output(wl_output#63)
[14:48:41.661510] {Default Queue} wp_presentation_feedback#115.sync_output(wl_output#31)
[14:48:41.661511] {Default Queue} wp_presentation_feedback#115.presented(0, 6844, 775861543, 0, 0, 0, 0)
[14:48:41.662320] {Default Queue}  -> wl_compositor#4.create_region(new id wl_region#115)
[14:48:41.662324] {Default Queue}  -> wl_region#115.add(18, 4, 506, 40)
[14:48:41.662327]  -> wl_surface#71.set_opaque_region(wl_region#115)
[14:48:41.662329] {Default Queue}  -> wl_region#115.destroy()
[14:48:41.662331]  -> wl_surface#71.attach(wl_buffer#97, 0, 0)
[14:48:41.662332]  -> wl_surface#71.damage_buffer(4, 4, 534, 40)
[14:48:41.662334]  -> wl_surface#71.damage_buffer(562, 4, 156, 40)
[14:48:41.662335]  -> wl_surface#71.damage_buffer(862, 4, 414, 40)
[14:48:41.662336]  -> wl_surface#71.frame(new id wl_callback#95)
[14:48:41.662338] {Default Queue}  -> wp_presentation#23.feedback(wl_surface#71, new id wp_presentation_feedback#94)
[14:48:41.662340]  -> wl_surface#71.commit()
[14:48:41.662934] {Default Queue}  -> wl_compositor#4.create_region(new id wl_region#114)
[14:48:41.662937] {Default Queue}  -> wl_region#114.add(18, 4, 506, 40)
[14:48:41.662938]  -> wl_surface#76.set_opaque_region(wl_region#114)
[14:48:41.662939] {Default Queue}  -> wl_region#114.destroy()
[14:48:41.662941]  -> wl_surface#76.attach(wl_buffer#113, 0, 0)
[14:48:41.662942]  -> wl_surface#76.damage_buffer(4, 4, 534, 40)
[14:48:41.662943]  -> wl_surface#76.damage_buffer(562, 4, 156, 40)
[14:48:41.662944]  -> wl_surface#76.damage_buffer(862, 4, 414, 40)
[14:48:41.662945]  -> wl_surface#76.frame(new id wl_callback#127)
[14:48:41.662946] {Default Queue}  -> wp_presentation#23.feedback(wl_surface#76, new id wp_presentation_feedback#109)
[14:48:41.662947]  -> wl_surface#76.commit()
[14:48:41.666014] {Default Queue}  -> wl_compositor#4.create_region(new id wl_region#102)
[14:48:41.666017] {Default Queue}  -> wl_region#102.add(344, 36, 592, 600)
[14:48:41.666018]  -> wl_surface#110.set_opaque_region(wl_region#102)
[14:48:41.666019] {Default Queue}  -> wl_region#102.destroy()
[14:48:41.666020]  -> wl_surface#110.attach(wl_buffer#123, 0, 0)
[14:48:41.666020]  -> wl_surface#110.damage_buffer(330, 36, 620, 600)
[14:48:41.666021]  -> wl_surface#110.frame(new id wl_callback#124)
[14:48:41.666022] {Default Queue}  -> wp_presentation#23.feedback(wl_surface#110, new id wp_presentation_feedback#126)
[14:48:41.666023]  -> wl_surface#110.commit()
[14:48:41.666207]  -> wl_surface#70.attach(wl_buffer#104, 0, 0)
[14:48:41.666209]  -> wl_surface#70.frame(new id wl_callback#111)
[14:48:41.666210] {Default Queue}  -> wp_presentation#23.feedback(wl_surface#70, new id wp_presentation_feedback#125)
[14:48:41.666211]  -> wl_surface#70.commit()
[14:48:41.666231] {Display Queue} wl_display#1.delete_id(115)
[14:48:41.666233] {Display Queue} wl_display#1.delete_id(114)
[14:48:41.666234] {Display Queue} wl_display#1.delete_id(102)
[14:48:41.666234] {Default Queue} wl_buffer#97.release()
[14:48:41.666235] {Default Queue} wl_buffer#113.release()
[14:48:41.666236] {Default Queue} wl_buffer#123.release()
info: event=launcher-results count=114 shown=114 publish_us=5331
[14:48:41.671509] {Default Queue} wl_buffer#104.release()
info: event=launcher-results count=114 shown=114 publish_us=3956
[14:48:41.677014] {Display Queue} wl_display#1.delete_id(95)
[14:48:41.677018] {Display Queue} wl_display#1.delete_id(111)
[14:48:41.677020] {Display Queue} wl_display#1.delete_id(124)
[14:48:41.677020] {Display Queue} wl_display#1.delete_id(94)
[14:48:41.677021] {Display Queue} wl_display#1.delete_id(125)
[14:48:41.677021] {Display Queue} wl_display#1.delete_id(126)
[14:48:41.677022] {Default Queue} wl_callback#95.done(6844791)
[14:48:41.677027] {Default Queue} wl_callback#111.done(6844791)
[14:48:41.677029] {Default Queue} wl_callback#124.done(6844791)
[14:48:41.677030] {Default Queue} wp_presentation_feedback#94.sync_output(wl_output#63)
[14:48:41.677031] {Default Queue} wp_presentation_feedback#94.sync_output(wl_output#31)
[14:48:41.677032] {Default Queue} wp_presentation_feedback#94.presented(0, 6844, 791883015, 0, 0, 0, 0)
[14:48:41.677034] {Default Queue} wp_presentation_feedback#125.sync_output(wl_output#63)
[14:48:41.677035] {Default Queue} wp_presentation_feedback#125.sync_output(wl_output#31)
[14:48:41.677036] {Default Queue} wp_presentation_feedback#125.presented(0, 6844, 791883015, 0, 0, 0, 0)
[14:48:41.677037] {Default Queue} wp_presentation_feedback#126.sync_output(wl_output#63)
[14:48:41.677038] {Default Queue} wp_presentation_feedback#126.sync_output(wl_output#31)
[14:48:41.677038] {Default Queue} wp_presentation_feedback#126.presented(0, 6844, 791883015, 0, 0, 0, 0)
[14:48:41.677045] {Display Queue} wl_display#1.delete_id(127)
[14:48:41.677046] {Display Queue} wl_display#1.delete_id(109)
[14:48:41.677047] {Default Queue} wl_callback#127.done(6844791)
[14:48:41.677048] {Default Queue} wp_presentation_feedback#109.sync_output(wl_output#64)
[14:48:41.677049] {Default Queue} wp_presentation_feedback#109.sync_output(wl_output#34)
[14:48:41.677049] {Default Queue} wp_presentation_feedback#109.presented(0, 6844, 791924536, 0, 0, 0, 0)
[14:48:41.677216]  -> wl_surface#71.attach(wl_buffer#97, 0, 0)
[14:48:41.677219]  -> wl_surface#71.damage_buffer(1099, 18, 19, 12)
[14:48:41.677220]  -> wl_surface#71.frame(new id wl_callback#109)
[14:48:41.677222] {Default Queue}  -> wp_presentation#23.feedback(wl_surface#71, new id wp_presentation_feedback#127)
[14:48:41.677223]  -> wl_surface#71.commit()
[14:48:41.677245]  -> wl_surface#70.attach(wl_buffer#104, 0, 0)
[14:48:41.677246]  -> wl_surface#70.frame(new id wl_callback#126)
[14:48:41.677247] {Default Queue}  -> wp_presentation#23.feedback(wl_surface#70, new id wp_presentation_feedback#125)
[14:48:41.677248]  -> wl_surface#70.commit()
[14:48:41.686824]  -> wl_surface#110.attach(wl_buffer#123, 0, 0)
[14:48:41.686829]  -> wl_surface#110.frame(new id wl_callback#94)
[14:48:41.686831] {Default Queue}  -> wp_presentation#23.feedback(wl_surface#110, new id wp_presentation_feedback#124)
[14:48:41.686832]  -> wl_surface#110.commit()
info: event=launcher-painted latency_us=15125
[14:48:41.686934]  -> wl_surface#76.attach(wl_buffer#113, 0, 0)
[14:48:41.686936]  -> wl_surface#76.damage_buffer(1099, 18, 19, 12)
[14:48:41.686938]  -> wl_surface#76.frame(new id wl_callback#111)
[14:48:41.686938] {Default Queue}  -> wp_presentation#23.feedback(wl_surface#76, new id wp_presentation_feedback#95)
[14:48:41.686940]  -> wl_surface#76.commit()
[14:48:41.687123] {Default Queue} wl_buffer#97.release()
[14:48:41.687125] {Default Queue} wl_buffer#104.release()
[14:48:41.687126] {Default Queue} wl_buffer#123.release()
[14:48:41.687127] {Default Queue} wl_buffer#113.release()
[14:48:41.694042] {Display Queue} wl_display#1.delete_id(109)
[14:48:41.694049] {Display Queue} wl_display#1.delete_id(126)
[14:48:41.694050] {Display Queue} wl_display#1.delete_id(94)
[14:48:41.694051] {Display Queue} wl_display#1.delete_id(127)
[14:48:41.694052] {Default Queue} wl_callback#109.done(6844808)
[14:48:41.694057] {Default Queue} wl_callback#126.done(6844808)
[14:48:41.694059] {Default Queue} wl_callback#94.done(6844808)
[14:48:41.694062] {Default Queue} wp_presentation_feedback#127.sync_output(wl_output#63)
[14:48:41.694063] {Default Queue} wp_presentation_feedback#127.sync_output(wl_output#31)
[14:48:41.694064] {Default Queue} wp_presentation_feedback#127.presented(0, 6844, 808919620, 0, 0, 0, 0)
[14:48:41.694091] {Display Queue} wl_display#1.delete_id(111)
[14:48:41.694093] {Display Queue} wl_display#1.delete_id(95)
[14:48:41.694093] {Default Queue} wl_callback#111.done(6844808)
[14:48:41.694095] {Default Queue} wp_presentation_feedback#95.sync_output(wl_output#64)
[14:48:41.694096] {Default Queue} wp_presentation_feedback#95.sync_output(wl_output#34)
[14:48:41.694097] {Default Queue} wp_presentation_feedback#95.presented(0, 6844, 808981770, 0, 0, 0, 0)
[14:48:42.663862] {Display Queue} wl_display#1.delete_id(125)
[14:48:42.663878] {Display Queue} wl_display#1.delete_id(124)
[14:48:42.663879] {Default Queue} ext_background_effect_manager_v1#48.capabilities(1)
info: event=blur-capability available=true
[14:48:42.664157] {Default Queue}  -> wl_compositor#46.create_region(new id wl_region#95)
[14:48:42.664174] {Default Queue}  -> wl_region#95.add(19, 4, 504, 1)
[14:48:42.664175] {Default Queue}  -> wl_region#95.add(577, 4, 126, 1)
[14:48:42.664176] {Default Queue}  -> wl_region#95.add(877, 4, 384, 1)
[14:48:42.664177] {Default Queue}  -> wl_region#95.add(17, 5, 508, 1)
[14:48:42.664178] {Default Queue}  -> wl_region#95.add(575, 5, 130, 1)
[14:48:42.664179] {Default Queue}  -> wl_region#95.add(875, 5, 388, 1)
[14:48:42.664180] {Default Queue}  -> wl_region#95.add(16, 6, 510, 1)
[14:48:42.664180] {Default Queue}  -> wl_region#95.add(574, 6, 132, 1)
[14:48:42.664181] {Default Queue}  -> wl_region#95.add(874, 6, 390, 1)
[14:48:42.664181] {Default Queue}  -> wl_region#95.add(15, 7, 512, 1)
[14:48:42.664182] {Default Queue}  -> wl_region#95.add(573, 7, 134, 1)
[14:48:42.664183] {Default Queue}  -> wl_region#95.add(873, 7, 392, 1)
[14:48:42.664184] {Default Queue}  -> wl_region#95.add(14, 8, 514, 1)
[14:48:42.664185] {Default Queue}  -> wl_region#95.add(572, 8, 136, 1)
[14:48:42.664185] {Default Queue}  -> wl_region#95.add(872, 8, 394, 1)
[14:48:42.664186] {Default Queue}  -> wl_region#95.add(13, 9, 516, 1)
[14:48:42.664187] {Default Queue}  -> wl_region#95.add(571, 9, 138, 1)
[14:48:42.664188] {Default Queue}  -> wl_region#95.add(871, 9, 396, 1)
[14:48:42.664188] {Default Queue}  -> wl_region#95.add(12, 10, 518, 2)
[14:48:42.664189] {Default Queue}  -> wl_region#95.add(570, 10, 140, 2)
[14:48:42.664192] {Default Queue}  -> wl_region#95.add(870, 10, 398, 2)
[14:48:42.664192] {Default Queue}  -> wl_region#95.add(11, 12, 520, 5)
[14:48:42.664193] {Default Queue}  -> wl_region#95.add(569, 12, 142, 5)
[14:48:42.664194] {Default Queue}  -> wl_region#95.add(869, 12, 400, 5)
[14:48:42.664194] {Default Queue}  -> wl_region#95.add(10, 17, 522, 14)
[14:48:42.664195] {Default Queue}  -> wl_region#95.add(568, 17, 144, 14)
[14:48:42.664195] {Default Queue}  -> wl_region#95.add(868, 17, 402, 14)
[14:48:42.664196] {Default Queue}  -> wl_region#95.add(11, 31, 520, 5)
[14:48:42.664196] {Default Queue}  -> wl_region#95.add(569, 31, 142, 5)
[14:48:42.664197] {Default Queue}  -> wl_region#95.add(869, 31, 400, 5)
[14:48:42.664198] {Default Queue}  -> wl_region#95.add(12, 36, 518, 2)
[14:48:42.664198] {Default Queue}  -> wl_region#95.add(570, 36, 140, 2)
[14:48:42.664199] {Default Queue}  -> wl_region#95.add(870, 36, 398, 2)
[14:48:42.664199] {Default Queue}  -> wl_region#95.add(13, 38, 516, 1)
[14:48:42.664200] {Default Queue}  -> wl_region#95.add(571, 38, 138, 1)
[14:48:42.664201] {Default Queue}  -> wl_region#95.add(871, 38, 396, 1)
[14:48:42.664201] {Default Queue}  -> wl_region#95.add(14, 39, 514, 1)
[14:48:42.664202] {Default Queue}  -> wl_region#95.add(572, 39, 136, 1)
[14:48:42.664203] {Default Queue}  -> wl_region#95.add(872, 39, 394, 1)
[14:48:42.664203] {Default Queue}  -> wl_region#95.add(15, 40, 512, 1)
[14:48:42.664204] {Default Queue}  -> wl_region#95.add(573, 40, 134, 1)
[14:48:42.664205] {Default Queue}  -> wl_region#95.add(873, 40, 392, 1)
[14:48:42.664206] {Default Queue}  -> wl_region#95.add(16, 41, 510, 1)
[14:48:42.664206] {Default Queue}  -> wl_region#95.add(574, 41, 132, 1)
[14:48:42.664207] {Default Queue}  -> wl_region#95.add(874, 41, 390, 1)
[14:48:42.664208] {Default Queue}  -> wl_region#95.add(17, 42, 508, 1)
[14:48:42.664209] {Default Queue}  -> wl_region#95.add(575, 42, 130, 1)
[14:48:42.664210] {Default Queue}  -> wl_region#95.add(875, 42, 388, 1)
[14:48:42.664210] {Default Queue}  -> wl_region#95.add(19, 43, 504, 1)
[14:48:42.664211] {Default Queue}  -> wl_region#95.add(577, 43, 126, 1)
[14:48:42.664212] {Default Queue}  -> wl_region#95.add(877, 43, 384, 1)
[14:48:42.664213] {Default Queue}  -> ext_background_effect_surface_v1#101.set_blur_region(wl_region#95)
[14:48:42.664215] {Default Queue}  -> wl_region#95.destroy()
[14:48:42.664264] {Default Queue}  -> wl_compositor#46.create_region(new id wl_region#111)
[14:48:42.664276] {Default Queue}  -> wl_region#111.add(19, 4, 504, 1)
[14:48:42.664277] {Default Queue}  -> wl_region#111.add(577, 4, 126, 1)
[14:48:42.664278] {Default Queue}  -> wl_region#111.add(877, 4, 384, 1)
[14:48:42.664279] {Default Queue}  -> wl_region#111.add(17, 5, 508, 1)
[14:48:42.664280] {Default Queue}  -> wl_region#111.add(575, 5, 130, 1)
[14:48:42.664280] {Default Queue}  -> wl_region#111.add(875, 5, 388, 1)
[14:48:42.664281] {Default Queue}  -> wl_region#111.add(16, 6, 510, 1)
[14:48:42.664282] {Default Queue}  -> wl_region#111.add(574, 6, 132, 1)
[14:48:42.664282] {Default Queue}  -> wl_region#111.add(874, 6, 390, 1)
[14:48:42.664283] {Default Queue}  -> wl_region#111.add(15, 7, 512, 1)
[14:48:42.664283] {Default Queue}  -> wl_region#111.add(573, 7, 134, 1)
[14:48:42.664284] {Default Queue}  -> wl_region#111.add(873, 7, 392, 1)
[14:48:42.664285] {Default Queue}  -> wl_region#111.add(14, 8, 514, 1)
[14:48:42.664285] {Default Queue}  -> wl_region#111.add(572, 8, 136, 1)
[14:48:42.664286] {Default Queue}  -> wl_region#111.add(872, 8, 394, 1)
[14:48:42.664286] {Default Queue}  -> wl_region#111.add(13, 9, 516, 1)
[14:48:42.664287] {Default Queue}  -> wl_region#111.add(571, 9, 138, 1)
[14:48:42.664288] {Default Queue}  -> wl_region#111.add(871, 9, 396, 1)
[14:48:42.664288] {Default Queue}  -> wl_region#111.add(12, 10, 518, 2)
[14:48:42.664289] {Default Queue}  -> wl_region#111.add(570, 10, 140, 2)
[14:48:42.664289] {Default Queue}  -> wl_region#111.add(870, 10, 398, 2)
[14:48:42.664290] {Default Queue}  -> wl_region#111.add(11, 12, 520, 5)
[14:48:42.664291] {Default Queue}  -> wl_region#111.add(569, 12, 142, 5)
[14:48:42.664291] {Default Queue}  -> wl_region#111.add(869, 12, 400, 5)
[14:48:42.664292] {Default Queue}  -> wl_region#111.add(10, 17, 522, 14)
[14:48:42.664292] {Default Queue}  -> wl_region#111.add(568, 17, 144, 14)
[14:48:42.664293] {Default Queue}  -> wl_region#111.add(868, 17, 402, 14)
[14:48:42.664294] {Default Queue}  -> wl_region#111.add(11, 31, 520, 5)
[14:48:42.664294] {Default Queue}  -> wl_region#111.add(569, 31, 142, 5)
[14:48:42.664295] {Default Queue}  -> wl_region#111.add(869, 31, 400, 5)
[14:48:42.664295] {Default Queue}  -> wl_region#111.add(12, 36, 518, 2)
[14:48:42.664296] {Default Queue}  -> wl_region#111.add(570, 36, 140, 2)
[14:48:42.664297] {Default Queue}  -> wl_region#111.add(870, 36, 398, 2)
[14:48:42.664297] {Default Queue}  -> wl_region#111.add(13, 38, 516, 1)
[14:48:42.664298] {Default Queue}  -> wl_region#111.add(571, 38, 138, 1)
[14:48:42.664298] {Default Queue}  -> wl_region#111.add(871, 38, 396, 1)
[14:48:42.664299] {Default Queue}  -> wl_region#111.add(14, 39, 514, 1)
[14:48:42.664299] {Default Queue}  -> wl_region#111.add(572, 39, 136, 1)
[14:48:42.664300] {Default Queue}  -> wl_region#111.add(872, 39, 394, 1)
[14:48:42.664301] {Default Queue}  -> wl_region#111.add(15, 40, 512, 1)
[14:48:42.664301] {Default Queue}  -> wl_region#111.add(573, 40, 134, 1)
[14:48:42.664302] {Default Queue}  -> wl_region#111.add(873, 40, 392, 1)
[14:48:42.664302] {Default Queue}  -> wl_region#111.add(16, 41, 510, 1)
[14:48:42.664303] {Default Queue}  -> wl_region#111.add(574, 41, 132, 1)
[14:48:42.664304] {Default Queue}  -> wl_region#111.add(874, 41, 390, 1)
[14:48:42.664304] {Default Queue}  -> wl_region#111.add(17, 42, 508, 1)
[14:48:42.664305] {Default Queue}  -> wl_region#111.add(575, 42, 130, 1)
[14:48:42.664305] {Default Queue}  -> wl_region#111.add(875, 42, 388, 1)
[14:48:42.664306] {Default Queue}  -> wl_region#111.add(19, 43, 504, 1)
[14:48:42.664306] {Default Queue}  -> wl_region#111.add(577, 43, 126, 1)
[14:48:42.664307] {Default Queue}  -> wl_region#111.add(877, 43, 384, 1)
[14:48:42.664308] {Default Queue}  -> ext_background_effect_surface_v1#117.set_blur_region(wl_region#111)
[14:48:42.664309] {Default Queue}  -> wl_region#111.destroy()
[14:48:42.664359] {Default Queue}  -> wl_compositor#46.create_region(new id wl_region#127)
[14:48:42.664388] {Default Queue}  -> wl_region#127.add(339, 36, 602, 1)
[14:48:42.664389] {Default Queue}  -> wl_region#127.add(337, 37, 606, 1)
[14:48:42.664390] {Default Queue}  -> wl_region#127.add(336, 38, 608, 1)
[14:48:42.664390] {Default Queue}  -> wl_region#127.add(335, 39, 610, 1)
[14:48:42.664391] {Default Queue}  -> wl_region#127.add(334, 40, 612, 1)
[14:48:42.664392] {Default Queue}  -> wl_region#127.add(333, 41, 614, 1)
[14:48:42.664392] {Default Queue}  -> wl_region#127.add(332, 42, 616, 2)
[14:48:42.664393] {Default Queue}  -> wl_region#127.add(331, 44, 618, 5)
[14:48:42.664393] {Default Queue}  -> wl_region#127.add(330, 49, 620, 574)
[14:48:42.664394] {Default Queue}  -> wl_region#127.add(331, 623, 618, 5)
[14:48:42.664395] {Default Queue}  -> wl_region#127.add(332, 628, 616, 2)
[14:48:42.664395] {Default Queue}  -> wl_region#127.add(333, 630, 614, 1)
[14:48:42.664396] {Default Queue}  -> wl_region#127.add(334, 631, 612, 1)
[14:48:42.664396] {Default Queue}  -> wl_region#127.add(335, 632, 610, 1)
[14:48:42.664397] {Default Queue}  -> wl_region#127.add(336, 633, 608, 1)
[14:48:42.664397] {Default Queue}  -> wl_region#127.add(337, 634, 606, 1)
[14:48:42.664398] {Default Queue}  -> wl_region#127.add(339, 635, 602, 1)
[14:48:42.664399] {Default Queue}  -> ext_background_effect_surface_v1#93.set_blur_region(wl_region#127)
[14:48:42.664399] {Default Queue}  -> wl_region#127.destroy()
[14:48:42.664401] {Default Queue} wp_presentation_feedback#125.sync_output(wl_output#63)
[14:48:42.664403] {Default Queue} wp_presentation_feedback#125.sync_output(wl_output#31)
[14:48:42.664404] {Default Queue} wp_presentation_feedback#125.presented(0, 6845, 778700627, 0, 0, 0, 0)
[14:48:42.664407] {Default Queue} wp_presentation_feedback#124.sync_output(wl_output#63)
[14:48:42.664407] {Default Queue} wp_presentation_feedback#124.sync_output(wl_output#31)
[14:48:42.664408] {Default Queue} wp_presentation_feedback#124.presented(0, 6845, 778700627, 0, 0, 0, 0)
[14:48:42.665054] {Default Queue}  -> wl_compositor#4.create_region(new id wl_region#124)
[14:48:42.665059] {Default Queue}  -> wl_region#124.add(76, 4, 6, 40)
[14:48:42.665061]  -> wl_surface#71.set_opaque_region(wl_region#124)
[14:48:42.665062] {Default Queue}  -> wl_region#124.destroy()
[14:48:42.665064]  -> wl_surface#71.attach(wl_buffer#97, 0, 0)
[14:48:42.665065]  -> wl_surface#71.damage_buffer(4, 4, 534, 40)
[14:48:42.665066]  -> wl_surface#71.damage_buffer(562, 4, 156, 40)
[14:48:42.665067]  -> wl_surface#71.damage_buffer(862, 4, 414, 40)
[14:48:42.665068]  -> wl_surface#71.frame(new id wl_callback#125)
[14:48:42.665069] {Default Queue}  -> wp_presentation#23.feedback(wl_surface#71, new id wp_presentation_feedback#94)
[14:48:42.665071]  -> wl_surface#71.commit()
[14:48:42.665528] {Default Queue}  -> wl_compositor#4.create_region(new id wl_region#126)
[14:48:42.665530] {Default Queue}  -> wl_region#126.add(76, 4, 6, 40)
[14:48:42.665532]  -> wl_surface#76.set_opaque_region(wl_region#126)
[14:48:42.665532] {Default Queue}  -> wl_region#126.destroy()
[14:48:42.665533]  -> wl_surface#76.attach(wl_buffer#113, 0, 0)
[14:48:42.665534]  -> wl_surface#76.damage_buffer(4, 4, 534, 40)
[14:48:42.665535]  -> wl_surface#76.damage_buffer(562, 4, 156, 40)
[14:48:42.665536]  -> wl_surface#76.damage_buffer(862, 4, 414, 40)
[14:48:42.665537]  -> wl_surface#76.frame(new id wl_callback#109)
[14:48:42.665537] {Default Queue}  -> wp_presentation#23.feedback(wl_surface#76, new id wp_presentation_feedback#102)
[14:48:42.665538]  -> wl_surface#76.commit()
[14:48:42.668220] {Default Queue}  -> wl_compositor#4.create_region(new id wl_region#114)
[14:48:42.668224] {Default Queue}  -> wl_region#114.add(365, 158, 550, 62)
[14:48:42.668225]  -> wl_surface#110.set_opaque_region(wl_region#114)
[14:48:42.668226] {Default Queue}  -> wl_region#114.destroy()
[14:48:42.668227]  -> wl_surface#110.attach(wl_buffer#123, 0, 0)
[14:48:42.668228]  -> wl_surface#110.damage_buffer(330, 36, 620, 600)
[14:48:42.668229]  -> wl_surface#110.frame(new id wl_callback#115)
[14:48:42.668231] {Default Queue}  -> wp_presentation#23.feedback(wl_surface#110, new id wp_presentation_feedback#118)
[14:48:42.668232]  -> wl_surface#110.commit()
[14:48:42.668415]  -> wl_surface#70.attach(wl_buffer#104, 0, 0)
[14:48:42.668417]  -> wl_surface#70.frame(new id wl_callback#99)
[14:48:42.668418] {Default Queue}  -> wp_presentation#23.feedback(wl_surface#70, new id wp_presentation_feedback#100)
[14:48:42.668419]  -> wl_surface#70.commit()
[14:48:42.668437] {Display Queue} wl_display#1.delete_id(95)
[14:48:42.668439] {Display Queue} wl_display#1.delete_id(111)
[14:48:42.668440] {Display Queue} wl_display#1.delete_id(127)
[14:48:42.668440] {Display Queue} wl_display#1.delete_id(124)
[14:48:42.668441] {Display Queue} wl_display#1.delete_id(126)
[14:48:42.668441] {Display Queue} wl_display#1.delete_id(114)
[14:48:42.668442] {Default Queue} wl_buffer#97.release()
[14:48:42.668443] {Default Queue} wl_buffer#113.release()
[14:48:42.668443] {Default Queue} wl_buffer#123.release()
info: event=launcher-results count=114 shown=114 publish_us=5213
[14:48:42.673603] {Default Queue} wl_buffer#104.release()
info: event=launcher-results count=114 shown=114 publish_us=4433
[14:48:42.678488] {Default Queue}  -> ext_background_effect_surface_v1#93.destroy()
[14:48:42.678735] {Default Queue}  -> zwlr_layer_surface_v1#98.destroy()
[14:48:42.678739]  -> wl_surface#110.attach(nil, 0, 0)
[14:48:42.678741]  -> wl_surface#110.commit()
[14:48:42.678779] {Default Queue}  -> wl_buffer#123.destroy()
[14:48:42.678781] {Default Queue}  -> wl_shm_pool#122.destroy()
[14:48:42.678989] {Default Queue}  -> wp_viewport#105.destroy()
[14:48:42.678991] {Default Queue}  -> wp_fractional_scale_v1#116.destroy()
[14:48:42.678992]  -> wl_surface#110.destroy()
[14:48:42.679005] {Default Queue}  -> xdg_toplevel_icon_v1#106.destroy()
info: event=popup-closed
[14:48:42.680716] discarded [unknown]#115.[event 0](0 fd, 12 byte)
[14:48:42.680726] discarded [unknown]#118.[event 0](0 fd, 12 byte)
[14:48:42.680727] discarded [unknown]#118.[event 0](0 fd, 12 byte)
[14:48:42.680727] discarded [unknown]#118.[event 1](0 fd, 36 byte)
[14:48:42.680768] {Display Queue} wl_display#1.delete_id(125)
[14:48:42.680790] {Display Queue} wl_display#1.delete_id(99)
[14:48:42.680791] {Display Queue} wl_display#1.delete_id(115)
[14:48:42.680792] {Display Queue} wl_display#1.delete_id(94)
[14:48:42.680792] {Display Queue} wl_display#1.delete_id(100)
[14:48:42.680793] {Display Queue} wl_display#1.delete_id(118)
[14:48:42.680793] {Default Queue} wl_callback#125.done(6845795)
[14:48:42.680801] {Default Queue} wl_callback#99.done(6845795)
[14:48:42.680803] {Default Queue} wp_presentation_feedback#94.sync_output(wl_output#63)
[14:48:42.680804] {Default Queue} wp_presentation_feedback#94.sync_output(wl_output#31)
[14:48:42.680805] {Default Queue} wp_presentation_feedback#94.presented(0, 6845, 795599440, 0, 0, 0, 0)
[14:48:42.680808] {Default Queue} wp_presentation_feedback#100.sync_output(wl_output#63)
[14:48:42.680809] {Default Queue} wp_presentation_feedback#100.sync_output(wl_output#31)
[14:48:42.680810] {Default Queue} wp_presentation_feedback#100.presented(0, 6845, 795599440, 0, 0, 0, 0)
[14:48:42.680998]  -> wl_surface#71.attach(wl_buffer#97, 0, 0)
[14:48:42.681001]  -> wl_surface#71.damage_buffer(1099, 18, 20, 11)
[14:48:42.681002]  -> wl_surface#71.damage_buffer(1099, 29, 19, 1)
[14:48:42.681003]  -> wl_surface#71.frame(new id wl_callback#100)
[14:48:42.681005] {Default Queue}  -> wp_presentation#23.feedback(wl_surface#71, new id wp_presentation_feedback#94)
[14:48:42.681006]  -> wl_surface#71.commit()
[14:48:42.681031]  -> wl_surface#70.attach(wl_buffer#104, 0, 0)
[14:48:42.681033]  -> wl_surface#70.frame(new id wl_callback#99)
[14:48:42.681033] {Default Queue}  -> wp_presentation#23.feedback(wl_surface#70, new id wp_presentation_feedback#125)
[14:48:42.681034]  -> wl_surface#70.commit()
[14:48:42.681478] {Display Queue} wl_display#1.delete_id(109)
[14:48:42.681482] {Display Queue} wl_display#1.delete_id(93)
[14:48:42.681483] {Display Queue} wl_display#1.delete_id(98)
[14:48:42.681484] {Display Queue} wl_display#1.delete_id(123)
[14:48:42.681484] {Display Queue} wl_display#1.delete_id(122)
[14:48:42.681485] {Display Queue} wl_display#1.delete_id(105)
[14:48:42.681485] {Display Queue} wl_display#1.delete_id(116)
[14:48:42.681486] {Display Queue} wl_display#1.delete_id(110)
[14:48:42.681487] {Display Queue} wl_display#1.delete_id(106)
[14:48:42.681487] {Display Queue} wl_display#1.delete_id(102)
[14:48:42.681488] {Default Queue} wl_callback#109.done(6845795)
[14:48:42.681491] {Default Queue} zwlr_layer_surface_v1#75.configure(53, 1280, 48)
[14:48:42.681495] {Default Queue}  -> zwlr_layer_surface_v1#75.ack_configure(53)
[14:48:42.681497] {Default Queue} zwlr_layer_surface_v1#69.configure(54, 1280, 720)
[14:48:42.681499] {Default Queue}  -> zwlr_layer_surface_v1#69.ack_configure(54)
[14:48:42.681500] {Default Queue} zwlr_layer_surface_v1#80.configure(55, 88, 2)
[14:48:42.681504] {Default Queue}  -> zwlr_layer_surface_v1#80.ack_configure(55)
[14:48:42.681504] {Default Queue} wp_presentation_feedback#102.sync_output(wl_output#64)
[14:48:42.681505] {Default Queue} wp_presentation_feedback#102.sync_output(wl_output#34)
[14:48:42.681506] {Default Queue} wp_presentation_feedback#102.presented(0, 6845, 796190358, 0, 0, 0, 0)
[14:48:42.681652]  -> wl_surface#76.attach(wl_buffer#113, 0, 0)
[14:48:42.681654]  -> wl_surface#76.damage_buffer(1099, 18, 20, 11)
[14:48:42.681655]  -> wl_surface#76.damage_buffer(1099, 29, 19, 1)
[14:48:42.681656]  -> wl_surface#76.frame(new id wl_callback#102)
[14:48:42.681657] {Default Queue}  -> wp_presentation#23.feedback(wl_surface#76, new id wp_presentation_feedback#109)
[14:48:42.681659]  -> wl_surface#76.commit()
[14:48:42.681673]  -> wl_surface#65.commit()
[14:48:42.681680] {Default Queue} wl_buffer#97.release()
[14:48:42.681682] {Default Queue} wl_buffer#104.release()
[14:48:42.681755] {Default Queue} wl_buffer#113.release()
[14:48:42.682612] {Default Queue}  -> wl_compositor#4.create_surface(new id wl_surface#106)
[14:48:42.682617] {Default Queue}  -> wp_fractional_scale_manager_v1#11.get_fractional_scale(new id wp_fractional_scale_v1#110, wl_surface#106)
[14:48:42.682619] {Default Queue}  -> wp_viewporter#10.get_viewport(new id wp_viewport#116, wl_surface#106)
[14:48:42.682646] {Default Queue}  -> xdg_toplevel_icon_manager_v1#9.create_icon(new id xdg_toplevel_icon_v1#105)
[14:48:42.682660] {Default Queue}  -> zwlr_layer_shell_v1#49.get_layer_surface(new id zwlr_layer_surface_v1#122, wl_surface#106, wl_output#31, 3, "pearl:popup")
[14:48:42.682662] {Default Queue}  -> zwlr_layer_surface_v1#122.set_keyboard_interactivity(1)
[14:48:42.682663] {Default Queue}  -> zwlr_layer_surface_v1#122.set_exclusive_zone(0)
[14:48:42.682664] {Default Queue}  -> zwlr_layer_surface_v1#122.set_anchor(15)
[14:48:42.682665] {Default Queue}  -> zwlr_layer_surface_v1#122.set_margin(0, 0, 0, 0)
[14:48:42.682666] {Default Queue}  -> zwlr_layer_surface_v1#122.set_size(0, 0)
[14:48:42.682670]  -> wl_surface#106.commit()
[14:48:42.682746] {Default Queue}  -> ext_background_effect_manager_v1#48.get_background_effect(new id ext_background_effect_surface_v1#123, wl_surface#106)
[14:48:42.682748] {Default Queue}  -> wl_compositor#46.create_region(new id wl_region#98)
[14:48:42.682754] {Default Queue}  -> wl_region#98.add(-11, -20, 22, 1)
[14:48:42.682756] {Default Queue}  -> wl_region#98.add(-13, -19, 26, 1)
[14:48:42.682757] {Default Queue}  -> wl_region#98.add(-14, -18, 28, 1)
[14:48:42.682758] {Default Queue}  -> wl_region#98.add(-15, -17, 30, 1)
[14:48:42.682758] {Default Queue}  -> wl_region#98.add(-16, -16, 32, 1)
[14:48:42.682759] {Default Queue}  -> wl_region#98.add(-17, -15, 34, 1)
[14:48:42.682760] {Default Queue}  -> wl_region#98.add(-18, -14, 36, 2)
[14:48:42.682761] {Default Queue}  -> wl_region#98.add(-19, -12, 38, 5)
[14:48:42.682762] {Default Queue}  -> wl_region#98.add(-20, -7, 40, 14)
[14:48:42.682762] {Default Queue}  -> wl_region#98.add(-19, 7, 38, 5)
[14:48:42.682763] {Default Queue}  -> wl_region#98.add(-18, 12, 36, 2)
[14:48:42.682764] {Default Queue}  -> wl_region#98.add(-17, 14, 34, 1)
[14:48:42.682764] {Default Queue}  -> wl_region#98.add(-16, 15, 32, 1)
[14:48:42.682765] {Default Queue}  -> wl_region#98.add(-15, 16, 30, 1)
[14:48:42.682766] {Default Queue}  -> wl_region#98.add(-14, 17, 28, 1)
[14:48:42.682766] {Default Queue}  -> wl_region#98.add(-13, 18, 26, 1)
[14:48:42.682767] {Default Queue}  -> wl_region#98.add(-11, 19, 22, 1)
[14:48:42.682768] {Default Queue}  -> ext_background_effect_surface_v1#123.set_blur_region(wl_region#98)
[14:48:42.682769] {Default Queue}  -> wl_region#98.destroy()
[14:48:42.682832] {Default Queue}  -> zwp_text_input_v3#121.set_surrounding_text("", 0, 0)
[14:48:42.682834] {Default Queue}  -> zwp_text_input_v3#121.set_text_change_cause(1)
[14:48:42.682839] {Default Queue}  -> zwp_text_input_v3#121.set_content_type(0, 0)
[14:48:42.682846] {Default Queue}  -> zwp_text_input_v3#121.set_cursor_rectangle(0, 0, 0, 0)
[14:48:42.682847] {Default Queue}  -> zwp_text_input_v3#121.commit()
[14:48:42.682850] {Default Queue}  -> xdg_activation_v1#15.get_activation_token(new id xdg_activation_token_v1#93)
[14:48:42.682851]  -> xdg_activation_token_v1#93.set_serial(0, wl_seat#3)
[14:48:42.682853]  -> xdg_activation_token_v1#93.commit()
[14:48:42.682907] {Display Queue} wl_display#1.delete_id(98)
[14:48:42.682918] xdg_activation_token_v1#93.done("617618ea35e6100ab37f29a1abd2bffa")
[14:48:42.682919]  -> xdg_activation_token_v1#93.destroy()
[14:48:42.682920] {Default Queue}  -> xdg_activation_v1#15.activate("617618ea35e6100ab37f29a1abd2bffa", wl_surface#106)
info: event=popup-opened output=1
[14:48:42.682936] {Default Queue} zwlr_layer_surface_v1#75.configure(61, 1280, 48)
[14:48:42.682966] {Default Queue}  -> zwlr_layer_surface_v1#75.ack_configure(61)
[14:48:42.682967] {Default Queue} zwlr_layer_surface_v1#69.configure(62, 1280, 720)
[14:48:42.682969] {Default Queue}  -> zwlr_layer_surface_v1#69.ack_configure(62)
[14:48:42.682969] {Default Queue} zwlr_layer_surface_v1#80.configure(63, 88, 2)
[14:48:42.682971] {Default Queue}  -> zwlr_layer_surface_v1#80.ack_configure(63)
[14:48:42.682972] {Default Queue} zwlr_layer_surface_v1#122.configure(64, 1280, 672)
[14:48:42.682975] {Default Queue}  -> zwlr_layer_surface_v1#122.ack_configure(64)
[14:48:42.683476] {Default Queue}  -> wl_shm#5.create_pool(new id wl_shm_pool#98, fd 16, 3440640)
[14:48:42.683480] {Default Queue}  -> wl_shm_pool#98.create_buffer(new id wl_buffer#118, 0, 1280, 672, 5120, 0)
[14:48:42.684296] {Default Queue}  -> wl_compositor#4.create_region(new id wl_region#115)
[14:48:42.684298] {Default Queue}  -> wl_region#115.add(377, 90, 526, 54)
[14:48:42.684299]  -> wl_surface#106.set_opaque_region(wl_region#115)
[14:48:42.684300] {Default Queue}  -> wl_region#115.destroy()
[14:48:42.684301] {Default Queue}  -> wp_viewport#116.set_destination(1280, 672)
[14:48:42.684302]  -> wl_surface#106.attach(wl_buffer#118, 0, 0)
[14:48:42.684303]  -> wl_surface#106.damage_buffer(0, 0, 1280, 672)
[14:48:42.684304]  -> wl_surface#106.frame(new id wl_callback#114)
[14:48:42.684306] {Default Queue}  -> wp_presentation#23.feedback(wl_surface#106, new id wp_presentation_feedback#126)
[14:48:42.684307]  -> wl_surface#106.commit()
[14:48:42.684311] {Default Queue}  -> wl_compositor#46.create_region(new id wl_region#124)
[14:48:42.684340] {Default Queue}  -> wl_region#124.add(339, 36, 602, 1)
[14:48:42.684341] {Default Queue}  -> wl_region#124.add(337, 37, 606, 1)
[14:48:42.684342] {Default Queue}  -> wl_region#124.add(336, 38, 608, 1)
[14:48:42.684343] {Default Queue}  -> wl_region#124.add(335, 39, 610, 1)
[14:48:42.684343] {Default Queue}  -> wl_region#124.add(334, 40, 612, 1)
[14:48:42.684344] {Default Queue}  -> wl_region#124.add(333, 41, 614, 1)
[14:48:42.684345] {Default Queue}  -> wl_region#124.add(332, 42, 616, 2)
[14:48:42.684345] {Default Queue}  -> wl_region#124.add(331, 44, 618, 5)
[14:48:42.684346] {Default Queue}  -> wl_region#124.add(330, 49, 620, 574)
[14:48:42.684347] {Default Queue}  -> wl_region#124.add(331, 623, 618, 5)
[14:48:42.684347] {Default Queue}  -> wl_region#124.add(332, 628, 616, 2)
[14:48:42.684348] {Default Queue}  -> wl_region#124.add(333, 630, 614, 1)
[14:48:42.684349] {Default Queue}  -> wl_region#124.add(334, 631, 612, 1)
[14:48:42.684349] {Default Queue}  -> wl_region#124.add(335, 632, 610, 1)
[14:48:42.684350] {Default Queue}  -> wl_region#124.add(336, 633, 608, 1)
[14:48:42.684351] {Default Queue}  -> wl_region#124.add(337, 634, 606, 1)
[14:48:42.684351] {Default Queue}  -> wl_region#124.add(339, 635, 602, 1)
[14:48:42.684352] {Default Queue}  -> ext_background_effect_surface_v1#123.set_blur_region(wl_region#124)
[14:48:42.684353] {Default Queue}  -> wl_region#124.destroy()
info: event=launcher-results count=114 shown=114 publish_us=3717
[14:48:42.686706] {Display Queue} wl_display#1.delete_id(93)
[14:48:42.686708] {Display Queue} wl_display#1.delete_id(115)
[14:48:42.686709] {Display Queue} wl_display#1.delete_id(124)
[14:48:42.686709] {Default Queue} zwlr_layer_surface_v1#75.configure(65, 1280, 48)
[14:48:42.686712] {Default Queue}  -> zwlr_layer_surface_v1#75.ack_configure(65)
[14:48:42.686713] {Default Queue} zwlr_layer_surface_v1#69.configure(66, 1280, 720)
[14:48:42.686714] {Default Queue}  -> zwlr_layer_surface_v1#69.ack_configure(66)
[14:48:42.686714] {Default Queue} zwlr_layer_surface_v1#80.configure(67, 88, 2)
[14:48:42.686716] {Default Queue}  -> zwlr_layer_surface_v1#80.ack_configure(67)
[14:48:42.686716] {Default Queue} zwlr_layer_surface_v1#122.configure(68, 1280, 672)
[14:48:42.686717] {Default Queue}  -> zwlr_layer_surface_v1#122.ack_configure(68)
[14:48:42.686717] {Default Queue} wp_fractional_scale_v1#110.preferred_scale(120)
[14:48:42.686718] {Default Queue} wl_buffer#118.release()
[14:48:42.686719] {Default Queue} wl_data_device#38.selection(nil)
[14:48:42.686722] {Default Queue} zwp_primary_selection_device_v1#37.selection(nil)
[14:48:42.686725] wl_surface#106.enter(wl_output#63)
[14:48:42.686745] wl_surface#106.enter(wl_output#31)
[14:48:42.686756] wl_surface#106.preferred_buffer_scale(1)
info: event=launcher-results count=114 shown=114 publish_us=3468
[14:48:42.694044]  -> wl_surface#65.commit()
[14:48:42.697645] {Display Queue} wl_display#1.delete_id(100)
[14:48:42.697649] {Display Queue} wl_display#1.delete_id(99)
[14:48:42.697651] {Display Queue} wl_display#1.delete_id(114)
[14:48:42.697652] {Display Queue} wl_display#1.delete_id(94)
[14:48:42.697652] {Display Queue} wl_display#1.delete_id(125)
[14:48:42.697653] {Display Queue} wl_display#1.delete_id(126)
[14:48:42.697653] {Default Queue} wl_callback#100.done(6845812)
[14:48:42.697659] {Default Queue} wl_callback#99.done(6845812)
[14:48:42.697661] {Default Queue} wl_callback#114.done(6845812)
[14:48:42.697662] {Default Queue} wp_presentation_feedback#94.sync_output(wl_output#63)
[14:48:42.697664] {Default Queue} wp_presentation_feedback#94.sync_output(wl_output#31)
[14:48:42.697664] {Default Queue} wp_presentation_feedback#94.presented(0, 6845, 812515463, 0, 0, 0, 0)
[14:48:42.697667] {Default Queue} wp_presentation_feedback#125.sync_output(wl_output#63)
[14:48:42.697668] {Default Queue} wp_presentation_feedback#125.sync_output(wl_output#31)
[14:48:42.697669] {Default Queue} wp_presentation_feedback#125.presented(0, 6845, 812515463, 0, 0, 0, 0)
[14:48:42.697671] {Default Queue} wp_presentation_feedback#126.sync_output(wl_output#63)
[14:48:42.697671] {Default Queue} wp_presentation_feedback#126.sync_output(wl_output#31)
[14:48:42.697672] {Default Queue} wp_presentation_feedback#126.presented(0, 6845, 812515463, 0, 0, 0, 0)
[14:48:42.697673] wl_surface#106.preferred_buffer_transform(0)
[14:48:42.697851]  -> wl_surface#71.attach(wl_buffer#97, 0, 0)
[14:48:42.697853]  -> wl_surface#71.frame(new id wl_callback#126)
[14:48:42.697855] {Default Queue}  -> wp_presentation#23.feedback(wl_surface#71, new id wp_presentation_feedback#125)
[14:48:42.697856]  -> wl_surface#71.commit()
[14:48:42.697880]  -> wl_surface#70.attach(wl_buffer#104, 0, 0)
[14:48:42.697882]  -> wl_surface#70.frame(new id wl_callback#94)
[14:48:42.697883] {Default Queue}  -> wp_presentation#23.feedback(wl_surface#70, new id wp_presentation_feedback#114)
[14:48:42.697883]  -> wl_surface#70.commit()
[14:48:42.707718] {Default Queue}  -> wl_compositor#4.create_region(new id wl_region#99)
[14:48:42.707723] {Default Queue}  -> wl_region#99.add(365, 158, 550, 62)
[14:48:42.707726]  -> wl_surface#106.set_opaque_region(wl_region#99)
[14:48:42.707727] {Default Queue}  -> wl_region#99.destroy()
[14:48:42.707729]  -> wl_surface#106.attach(wl_buffer#118, 0, 0)
[14:48:42.707730]  -> wl_surface#106.damage_buffer(346, 86, 588, 62)
[14:48:42.707731]  -> wl_surface#106.damage_buffer(353, 158, 574, 426)
[14:48:42.707732]  -> wl_surface#106.damage_buffer(351, 600, 285, 15)
[14:48:42.707733]  -> wl_surface#106.frame(new id wl_callback#100)
[14:48:42.707734] {Default Queue}  -> wp_presentation#23.feedback(wl_surface#106, new id wp_presentation_feedback#124)
[14:48:42.707736]  -> wl_surface#106.commit()
info: event=launcher-painted latency_us=20671
[14:48:42.707767] {Display Queue} wl_display#1.delete_id(102)
[14:48:42.707769] {Display Queue} wl_display#1.delete_id(109)
[14:48:42.707770] {Default Queue} wl_callback#102.done(6845812)
[14:48:42.707774] {Default Queue} wp_presentation_feedback#109.sync_output(wl_output#64)
[14:48:42.707775] {Default Queue} wp_presentation_feedback#109.sync_output(wl_output#34)
[14:48:42.707776] {Default Queue} wp_presentation_feedback#109.presented(0, 6845, 812641925, 0, 0, 0, 0)
[14:48:42.707879]  -> wl_surface#76.attach(wl_buffer#113, 0, 0)
[14:48:42.707881]  -> wl_surface#76.frame(new id wl_callback#109)
[14:48:42.707882] {Default Queue}  -> wp_presentation#23.feedback(wl_surface#76, new id wp_presentation_feedback#102)
[14:48:42.707883]  -> wl_surface#76.commit()
[14:48:42.707892] {Display Queue} wl_display#1.delete_id(99)
[14:48:42.707894] {Default Queue} wl_buffer#97.release()
[14:48:42.707895] {Default Queue} wl_buffer#104.release()
[14:48:42.707896] {Default Queue} wl_buffer#118.release()
[14:48:42.707904] {Default Queue} wl_buffer#113.release()
[14:48:42.713814] {Display Queue} wl_display#1.delete_id(126)
[14:48:42.713819] {Display Queue} wl_display#1.delete_id(94)
[14:48:42.713821] {Display Queue} wl_display#1.delete_id(100)
[14:48:42.713821] {Display Queue} wl_display#1.delete_id(125)
[14:48:42.713822] {Display Queue} wl_display#1.delete_id(114)
[14:48:42.713823] {Display Queue} wl_display#1.delete_id(124)
[14:48:42.713823] {Default Queue} wl_callback#126.done(6845828)
[14:48:42.713828] {Default Queue} wl_callback#94.done(6845828)
[14:48:42.713830] {Default Queue} wl_callback#100.done(6845828)
[14:48:42.713832] {Default Queue} wp_presentation_feedback#125.sync_output(wl_output#63)
[14:48:42.713833] {Default Queue} wp_presentation_feedback#125.sync_output(wl_output#31)
[14:48:42.713834] {Default Queue} wp_presentation_feedback#125.presented(0, 6845, 828692247, 0, 0, 0, 0)
[14:48:42.713837] {Default Queue} wp_presentation_feedback#114.sync_output(wl_output#63)
[14:48:42.713837] {Default Queue} wp_presentation_feedback#114.sync_output(wl_output#31)
[14:48:42.713838] {Default Queue} wp_presentation_feedback#114.presented(0, 6845, 828692247, 0, 0, 0, 0)
[14:48:42.713840] {Default Queue} wp_presentation_feedback#124.sync_output(wl_output#63)
[14:48:42.713841] {Default Queue} wp_presentation_feedback#124.sync_output(wl_output#31)
[14:48:42.713842] {Default Queue} wp_presentation_feedback#124.presented(0, 6845, 828692247, 0, 0, 0, 0)
[14:48:42.714317]  -> wl_surface#106.attach(wl_buffer#118, 0, 0)
[14:48:42.714322]  -> wl_surface#106.damage_buffer(346, 86, 588, 62)
[14:48:42.714324]  -> wl_surface#106.frame(new id wl_callback#124)
[14:48:42.714325] {Default Queue}  -> wp_presentation#23.feedback(wl_surface#106, new id wp_presentation_feedback#114)
[14:48:42.714327]  -> wl_surface#106.commit()
[14:48:42.714344] {Display Queue} wl_display#1.delete_id(109)
[14:48:42.714347] {Display Queue} wl_display#1.delete_id(102)
[14:48:42.714348] {Default Queue} wl_callback#109.done(6845828)
[14:48:42.714351] {Default Queue} wp_presentation_feedback#102.sync_output(wl_output#64)
[14:48:42.714352] {Default Queue} wp_presentation_feedback#102.sync_output(wl_output#34)
[14:48:42.714353] {Default Queue} wp_presentation_feedback#102.presented(0, 6845, 828776438, 0, 0, 0, 0)
[14:48:42.714370] {Default Queue} wl_buffer#118.release()
[14:48:42.730284] {Display Queue} wl_display#1.delete_id(124)
[14:48:42.730297] {Display Queue} wl_display#1.delete_id(114)
[14:48:42.730298] {Default Queue} wl_callback#124.done(6845845)
[14:48:42.730311] {Default Queue} wp_presentation_feedback#114.sync_output(wl_output#63)
[14:48:42.730313] {Default Queue} wp_presentation_feedback#114.sync_output(wl_output#31)
[14:48:42.730314] {Default Queue} wp_presentation_feedback#114.presented(0, 6845, 845128144, 0, 0, 0, 0)
[14:48:42.730923]  -> wl_surface#106.attach(wl_buffer#118, 0, 0)
[14:48:42.730928]  -> wl_surface#106.damage_buffer(346, 86, 588, 62)
[14:48:42.730931]  -> wl_surface#106.frame(new id wl_callback#114)
[14:48:42.730933] {Default Queue}  -> wp_presentation#23.feedback(wl_surface#106, new id wp_presentation_feedback#124)
[14:48:42.730935]  -> wl_surface#106.commit()
[14:48:42.731066] {Default Queue} wl_buffer#118.release()
[14:48:42.746625] {Display Queue} wl_display#1.delete_id(114)
[14:48:42.746633] {Display Queue} wl_display#1.delete_id(124)
[14:48:42.746634] {Default Queue} wl_callback#114.done(6845861)
[14:48:42.746646] {Default Queue} wp_presentation_feedback#124.sync_output(wl_output#63)
[14:48:42.746650] {Default Queue} wp_presentation_feedback#124.sync_output(wl_output#31)
[14:48:42.746651] {Default Queue} wp_presentation_feedback#124.presented(0, 6845, 861475840, 0, 0, 0, 0)
[14:48:42.747416]  -> wl_surface#106.attach(wl_buffer#118, 0, 0)
[14:48:42.747420]  -> wl_surface#106.damage_buffer(346, 86, 588, 62)
[14:48:42.747422]  -> wl_surface#106.frame(new id wl_callback#124)
[14:48:42.747424] {Default Queue}  -> wp_presentation#23.feedback(wl_surface#106, new id wp_presentation_feedback#114)
[14:48:42.747427]  -> wl_surface#106.commit()
[14:48:42.747545] {Default Queue} wl_buffer#118.release()
[14:48:42.762976] {Display Queue} wl_display#1.delete_id(124)
[14:48:42.762982] {Display Queue} wl_display#1.delete_id(114)
[14:48:42.762983] {Default Queue} wl_callback#124.done(6845877)
[14:48:42.762994] {Default Queue} wp_presentation_feedback#114.sync_output(wl_output#63)
[14:48:42.762997] {Default Queue} wp_presentation_feedback#114.sync_output(wl_output#31)
[14:48:42.762998] {Default Queue} wp_presentation_feedback#114.presented(0, 6845, 877759115, 0, 0, 0, 0)
[14:48:42.763674]  -> wl_surface#106.attach(wl_buffer#118, 0, 0)
[14:48:42.763678]  -> wl_surface#106.damage_buffer(346, 86, 588, 62)
[14:48:42.763679]  -> wl_surface#106.frame(new id wl_callback#114)
[14:48:42.763682] {Default Queue}  -> wp_presentation#23.feedback(wl_surface#106, new id wp_presentation_feedback#124)
[14:48:42.763683]  -> wl_surface#106.commit()
[14:48:42.763762] {Default Queue} wl_buffer#118.release()
[14:48:42.779194] {Display Queue} wl_display#1.delete_id(114)
[14:48:42.779202] {Display Queue} wl_display#1.delete_id(124)
[14:48:42.779204] {Default Queue} wl_callback#114.done(6845894)
[14:48:42.779213] {Default Queue} wp_presentation_feedback#124.sync_output(wl_output#63)
[14:48:42.779215] {Default Queue} wp_presentation_feedback#124.sync_output(wl_output#31)
[14:48:42.779216] {Default Queue} wp_presentation_feedback#124.presented(0, 6845, 894057701, 0, 0, 0, 0)
[14:48:42.779922]  -> wl_surface#106.attach(wl_buffer#118, 0, 0)
[14:48:42.779928]  -> wl_surface#106.damage_buffer(346, 86, 588, 62)
[14:48:42.779930]  -> wl_surface#106.frame(new id wl_callback#124)
[14:48:42.779934] {Default Queue}  -> wp_presentation#23.feedback(wl_surface#106, new id wp_presentation_feedback#114)
[14:48:42.779936]  -> wl_surface#106.commit()
[14:48:42.780012] {Default Queue} wl_buffer#118.release()
[14:48:42.784181] {Default Queue}  -> ext_background_effect_surface_v1#123.destroy()
[14:48:42.784253] {Default Queue}  -> zwlr_layer_surface_v1#122.destroy()
[14:48:42.784256]  -> wl_surface#106.attach(nil, 0, 0)
[14:48:42.784257]  -> wl_surface#106.commit()
[14:48:42.784286] {Default Queue}  -> wl_buffer#118.destroy()
[14:48:42.784288] {Default Queue}  -> wl_shm_pool#98.destroy()
[14:48:42.784601] {Default Queue}  -> wp_viewport#116.destroy()
[14:48:42.784603] {Default Queue}  -> wp_fractional_scale_v1#110.destroy()
[14:48:42.784604]  -> wl_surface#106.destroy()
[14:48:42.784613] {Default Queue}  -> xdg_toplevel_icon_v1#105.destroy()
info: event=popup-closed
[14:48:42.787379] discarded [unknown]#114.[event 2](0 fd, 8 byte)
[14:48:42.787383] {Display Queue} wl_display#1.delete_id(123)
[14:48:42.787388] {Display Queue} wl_display#1.delete_id(122)
[14:48:42.787394] {Display Queue} wl_display#1.delete_id(114)
[14:48:42.787396] {Display Queue} wl_display#1.delete_id(118)
[14:48:42.787396] {Display Queue} wl_display#1.delete_id(98)
[14:48:42.787397] {Display Queue} wl_display#1.delete_id(116)
[14:48:42.787398] {Display Queue} wl_display#1.delete_id(110)
[14:48:42.787398] {Display Queue} wl_display#1.delete_id(124)
[14:48:42.787399] {Display Queue} wl_display#1.delete_id(106)
[14:48:42.787399] {Display Queue} wl_display#1.delete_id(105)
[14:48:42.787400] {Default Queue} zwlr_layer_surface_v1#75.configure(76, 1280, 48)
[14:48:42.787404] {Default Queue}  -> zwlr_layer_surface_v1#75.ack_configure(76)
[14:48:42.787405] {Default Queue} zwlr_layer_surface_v1#69.configure(77, 1280, 720)
[14:48:42.787407] {Default Queue}  -> zwlr_layer_surface_v1#69.ack_configure(77)
[14:48:42.787407] {Default Queue} zwlr_layer_surface_v1#80.configure(78, 88, 2)
[14:48:42.787411] {Default Queue}  -> zwlr_layer_surface_v1#80.ack_configure(78)
[14:48:42.787488]  -> wl_surface#71.commit()
[14:48:42.787499]  -> wl_surface#65.commit()
[14:48:42.787503]  -> wl_surface#70.commit()
[14:48:42.788467] {Default Queue}  -> wl_compositor#4.create_surface(new id wl_surface#105)
[14:48:42.788471] {Default Queue}  -> wp_fractional_scale_manager_v1#11.get_fractional_scale(new id wp_fractional_scale_v1#106, wl_surface#105)
[14:48:42.788474] {Default Queue}  -> wp_viewporter#10.get_viewport(new id wp_viewport#124, wl_surface#105)
[14:48:42.788497] {Default Queue}  -> xdg_toplevel_icon_manager_v1#9.create_icon(new id xdg_toplevel_icon_v1#110)
[14:48:42.788509] {Default Queue}  -> zwlr_layer_shell_v1#49.get_layer_surface(new id zwlr_layer_surface_v1#116, wl_surface#105, wl_output#31, 3, "pearl:popup")
[14:48:42.788511] {Default Queue}  -> zwlr_layer_surface_v1#116.set_keyboard_interactivity(1)
[14:48:42.788512] {Default Queue}  -> zwlr_layer_surface_v1#116.set_exclusive_zone(0)
[14:48:42.788513] {Default Queue}  -> zwlr_layer_surface_v1#116.set_anchor(15)
[14:48:42.788514] {Default Queue}  -> zwlr_layer_surface_v1#116.set_margin(0, 0, 0, 0)
[14:48:42.788515] {Default Queue}  -> zwlr_layer_surface_v1#116.set_size(0, 0)
[14:48:42.788519]  -> wl_surface#105.commit()
[14:48:42.788611] {Default Queue}  -> ext_background_effect_manager_v1#48.get_background_effect(new id ext_background_effect_surface_v1#98, wl_surface#105)
[14:48:42.788613] {Default Queue}  -> wl_compositor#46.create_region(new id wl_region#118)
[14:48:42.788620] {Default Queue}  -> wl_region#118.add(-11, -20, 22, 1)
[14:48:42.788621] {Default Queue}  -> wl_region#118.add(-13, -19, 26, 1)
[14:48:42.788623] {Default Queue}  -> wl_region#118.add(-14, -18, 28, 1)
[14:48:42.788623] {Default Queue}  -> wl_region#118.add(-15, -17, 30, 1)
[14:48:42.788624] {Default Queue}  -> wl_region#118.add(-16, -16, 32, 1)
[14:48:42.788625] {Default Queue}  -> wl_region#118.add(-17, -15, 34, 1)
[14:48:42.788625] {Default Queue}  -> wl_region#118.add(-18, -14, 36, 2)
[14:48:42.788626] {Default Queue}  -> wl_region#118.add(-19, -12, 38, 5)
[14:48:42.788627] {Default Queue}  -> wl_region#118.add(-20, -7, 40, 14)
[14:48:42.788628] {Default Queue}  -> wl_region#118.add(-19, 7, 38, 5)
[14:48:42.788628] {Default Queue}  -> wl_region#118.add(-18, 12, 36, 2)
[14:48:42.788629] {Default Queue}  -> wl_region#118.add(-17, 14, 34, 1)
[14:48:42.788630] {Default Queue}  -> wl_region#118.add(-16, 15, 32, 1)
[14:48:42.788630] {Default Queue}  -> wl_region#118.add(-15, 16, 30, 1)
[14:48:42.788631] {Default Queue}  -> wl_region#118.add(-14, 17, 28, 1)
[14:48:42.788632] {Default Queue}  -> wl_region#118.add(-13, 18, 26, 1)
[14:48:42.788632] {Default Queue}  -> wl_region#118.add(-11, 19, 22, 1)
[14:48:42.788633] {Default Queue}  -> ext_background_effect_surface_v1#98.set_blur_region(wl_region#118)
[14:48:42.788635] {Default Queue}  -> wl_region#118.destroy()
[14:48:42.788709] {Default Queue}  -> zwp_text_input_v3#121.set_surrounding_text("", 0, 0)
[14:48:42.788710] {Default Queue}  -> zwp_text_input_v3#121.set_text_change_cause(1)
[14:48:42.788712] {Default Queue}  -> zwp_text_input_v3#121.set_content_type(0, 0)
[14:48:42.788720] {Default Queue}  -> zwp_text_input_v3#121.set_cursor_rectangle(0, 0, 0, 0)
[14:48:42.788721] {Default Queue}  -> zwp_text_input_v3#121.commit()
[14:48:42.788723] {Default Queue}  -> xdg_activation_v1#15.get_activation_token(new id xdg_activation_token_v1#114)
[14:48:42.788726]  -> xdg_activation_token_v1#114.set_serial(0, wl_seat#3)
[14:48:42.788727]  -> xdg_activation_token_v1#114.commit()
[14:48:42.788759] {Display Queue} wl_display#1.delete_id(118)
[14:48:42.788774] xdg_activation_token_v1#114.done("149d7ea54f7390c2516cb5a5ae683060")
[14:48:42.788779]  -> xdg_activation_token_v1#114.destroy()
[14:48:42.788781] {Default Queue}  -> xdg_activation_v1#15.activate("149d7ea54f7390c2516cb5a5ae683060", wl_surface#105)
info: event=popup-opened output=1
[14:48:42.788807] {Default Queue} zwlr_layer_surface_v1#75.configure(84, 1280, 48)
[14:48:42.788853] {Default Queue}  -> zwlr_layer_surface_v1#75.ack_configure(84)
[14:48:42.788855] {Default Queue} zwlr_layer_surface_v1#69.configure(85, 1280, 720)
[14:48:42.788857] {Default Queue}  -> zwlr_layer_surface_v1#69.ack_configure(85)
[14:48:42.788858] {Default Queue} zwlr_layer_surface_v1#80.configure(86, 88, 2)
[14:48:42.788860] {Default Queue}  -> zwlr_layer_surface_v1#80.ack_configure(86)
[14:48:42.788860] {Default Queue} zwlr_layer_surface_v1#116.configure(87, 1280, 672)
[14:48:42.788866] {Default Queue}  -> zwlr_layer_surface_v1#116.ack_configure(87)
[14:48:42.789065]  -> wl_surface#76.attach(wl_buffer#113, 0, 0)
[14:48:42.789067]  -> wl_surface#76.damage_buffer(4, 4, 555, 40)
[14:48:42.789068]  -> wl_surface#76.frame(new id wl_callback#118)
[14:48:42.789070] {Default Queue}  -> wp_presentation#23.feedback(wl_surface#76, new id wp_presentation_feedback#122)
[14:48:42.789071]  -> wl_surface#76.commit()
[14:48:42.789102] {Default Queue}  -> wl_compositor#46.create_region(new id wl_region#123)
[14:48:42.789115] {Default Queue}  -> wl_region#123.add(19, 4, 525, 1)
[14:48:42.789116] {Default Queue}  -> wl_region#123.add(577, 4, 126, 1)
[14:48:42.789117] {Default Queue}  -> wl_region#123.add(877, 4, 384, 1)
[14:48:42.789118] {Default Queue}  -> wl_region#123.add(17, 5, 529, 1)
[14:48:42.789118] {Default Queue}  -> wl_region#123.add(575, 5, 130, 1)
[14:48:42.789119] {Default Queue}  -> wl_region#123.add(875, 5, 388, 1)
[14:48:42.789120] {Default Queue}  -> wl_region#123.add(16, 6, 531, 1)
[14:48:42.789120] {Default Queue}  -> wl_region#123.add(574, 6, 132, 1)
[14:48:42.789121] {Default Queue}  -> wl_region#123.add(874, 6, 390, 1)
[14:48:42.789121] {Default Queue}  -> wl_region#123.add(15, 7, 533, 1)
[14:48:42.789122] {Default Queue}  -> wl_region#123.add(573, 7, 134, 1)
[14:48:42.789123] {Default Queue}  -> wl_region#123.add(873, 7, 392, 1)
[14:48:42.789123] {Default Queue}  -> wl_region#123.add(14, 8, 535, 1)
[14:48:42.789124] {Default Queue}  -> wl_region#123.add(572, 8, 136, 1)
[14:48:42.789124] {Default Queue}  -> wl_region#123.add(872, 8, 394, 1)
[14:48:42.789125] {Default Queue}  -> wl_region#123.add(13, 9, 537, 1)
[14:48:42.789126] {Default Queue}  -> wl_region#123.add(571, 9, 138, 1)
[14:48:42.789126] {Default Queue}  -> wl_region#123.add(871, 9, 396, 1)
[14:48:42.789127] {Default Queue}  -> wl_region#123.add(12, 10, 539, 2)
[14:48:42.789127] {Default Queue}  -> wl_region#123.add(570, 10, 140, 2)
[14:48:42.789128] {Default Queue}  -> wl_region#123.add(870, 10, 398, 2)
[14:48:42.789129] {Default Queue}  -> wl_region#123.add(11, 12, 541, 5)
[14:48:42.789129] {Default Queue}  -> wl_region#123.add(569, 12, 142, 5)
[14:48:42.789130] {Default Queue}  -> wl_region#123.add(869, 12, 400, 5)
[14:48:42.789131] {Default Queue}  -> wl_region#123.add(10, 17, 543, 14)
[14:48:42.789131] {Default Queue}  -> wl_region#123.add(568, 17, 144, 14)
[14:48:42.789132] {Default Queue}  -> wl_region#123.add(868, 17, 402, 14)
[14:48:42.789133] {Default Queue}  -> wl_region#123.add(11, 31, 541, 5)
[14:48:42.789133] {Default Queue}  -> wl_region#123.add(569, 31, 142, 5)
[14:48:42.789134] {Default Queue}  -> wl_region#123.add(869, 31, 400, 5)
[14:48:42.789135] {Default Queue}  -> wl_region#123.add(12, 36, 539, 2)
[14:48:42.789136] {Default Queue}  -> wl_region#123.add(570, 36, 140, 2)
[14:48:42.789136] {Default Queue}  -> wl_region#123.add(870, 36, 398, 2)
[14:48:42.789137] {Default Queue}  -> wl_region#123.add(13, 38, 537, 1)
[14:48:42.789138] {Default Queue}  -> wl_region#123.add(571, 38, 138, 1)
[14:48:42.789138] {Default Queue}  -> wl_region#123.add(871, 38, 396, 1)
[14:48:42.789139] {Default Queue}  -> wl_region#123.add(14, 39, 535, 1)
[14:48:42.789139] {Default Queue}  -> wl_region#123.add(572, 39, 136, 1)
[14:48:42.789140] {Default Queue}  -> wl_region#123.add(872, 39, 394, 1)
[14:48:42.789141] {Default Queue}  -> wl_region#123.add(15, 40, 533, 1)
[14:48:42.789141] {Default Queue}  -> wl_region#123.add(573, 40, 134, 1)
[14:48:42.789142] {Default Queue}  -> wl_region#123.add(873, 40, 392, 1)
[14:48:42.789142] {Default Queue}  -> wl_region#123.add(16, 41, 531, 1)
[14:48:42.789143] {Default Queue}  -> wl_region#123.add(574, 41, 132, 1)
[14:48:42.789144] {Default Queue}  -> wl_region#123.add(874, 41, 390, 1)
[14:48:42.789144] {Default Queue}  -> wl_region#123.add(17, 42, 529, 1)
[14:48:42.789145] {Default Queue}  -> wl_region#123.add(575, 42, 130, 1)
[14:48:42.789145] {Default Queue}  -> wl_region#123.add(875, 42, 388, 1)
[14:48:42.789146] {Default Queue}  -> wl_region#123.add(19, 43, 525, 1)
[14:48:42.789147] {Default Queue}  -> wl_region#123.add(577, 43, 126, 1)
[14:48:42.789147] {Default Queue}  -> wl_region#123.add(877, 43, 384, 1)
[14:48:42.789148] {Default Queue}  -> ext_background_effect_surface_v1#117.set_blur_region(wl_region#123)
[14:48:42.789149] {Default Queue}  -> wl_region#123.destroy()
[14:48:42.789758] {Default Queue}  -> wl_shm#5.create_pool(new id wl_shm_pool#102, fd 16, 3440640)
[14:48:42.789764] {Default Queue}  -> wl_shm_pool#102.create_buffer(new id wl_buffer#109, 0, 1280, 672, 5120, 0)
[14:48:42.790596] {Default Queue}  -> wl_compositor#4.create_region(new id wl_region#125)
[14:48:42.790599] {Default Queue}  -> wl_region#125.add(377, 90, 526, 54)
[14:48:42.790600]  -> wl_surface#105.set_opaque_region(wl_region#125)
[14:48:42.790602] {Default Queue}  -> wl_region#125.destroy()
[14:48:42.790603] {Default Queue}  -> wp_viewport#124.set_destination(1280, 672)
[14:48:42.790604]  -> wl_surface#105.attach(wl_buffer#109, 0, 0)
[14:48:42.790605]  -> wl_surface#105.damage_buffer(0, 0, 1280, 672)
[14:48:42.790606]  -> wl_surface#105.frame(new id wl_callback#100)
[14:48:42.790608] {Default Queue}  -> wp_presentation#23.feedback(wl_surface#105, new id wp_presentation_feedback#94)
[14:48:42.790609]  -> wl_surface#105.commit()
[14:48:42.790614] {Default Queue}  -> wl_compositor#46.create_region(new id wl_region#126)
[14:48:42.790644] {Default Queue}  -> wl_region#126.add(339, 36, 602, 1)
[14:48:42.790645] {Default Queue}  -> wl_region#126.add(337, 37, 606, 1)
[14:48:42.790645] {Default Queue}  -> wl_region#126.add(336, 38, 608, 1)
[14:48:42.790646] {Default Queue}  -> wl_region#126.add(335, 39, 610, 1)
[14:48:42.790647] {Default Queue}  -> wl_region#126.add(334, 40, 612, 1)
[14:48:42.790648] {Default Queue}  -> wl_region#126.add(333, 41, 614, 1)
[14:48:42.790648] {Default Queue}  -> wl_region#126.add(332, 42, 616, 2)
[14:48:42.790649] {Default Queue}  -> wl_region#126.add(331, 44, 618, 5)
[14:48:42.790650] {Default Queue}  -> wl_region#126.add(330, 49, 620, 574)
[14:48:42.790650] {Default Queue}  -> wl_region#126.add(331, 623, 618, 5)
[14:48:42.790651] {Default Queue}  -> wl_region#126.add(332, 628, 616, 2)
[14:48:42.790652] {Default Queue}  -> wl_region#126.add(333, 630, 614, 1)
[14:48:42.790652] {Default Queue}  -> wl_region#126.add(334, 631, 612, 1)
[14:48:42.790653] {Default Queue}  -> wl_region#126.add(335, 632, 610, 1)
[14:48:42.790653] {Default Queue}  -> wl_region#126.add(336, 633, 608, 1)
[14:48:42.790654] {Default Queue}  -> wl_region#126.add(337, 634, 606, 1)
[14:48:42.790655] {Default Queue}  -> wl_region#126.add(339, 635, 602, 1)
[14:48:42.790655] {Default Queue}  -> ext_background_effect_surface_v1#98.set_blur_region(wl_region#126)
[14:48:42.790656] {Default Queue}  -> wl_region#126.destroy()
[14:48:42.790671] {Display Queue} wl_display#1.delete_id(114)
[14:48:42.790673] {Display Queue} wl_display#1.delete_id(123)
[14:48:42.790674] {Default Queue} wl_buffer#113.release()
info: event=launcher-results count=114 shown=114 publish_us=4305
[14:48:42.793185] {Display Queue} wl_display#1.delete_id(125)
[14:48:42.793187] {Display Queue} wl_display#1.delete_id(126)
[14:48:42.793188] {Default Queue} zwlr_layer_surface_v1#75.configure(88, 1280, 48)
[14:48:42.793190] {Default Queue}  -> zwlr_layer_surface_v1#75.ack_configure(88)
[14:48:42.793191] {Default Queue} zwlr_layer_surface_v1#69.configure(89, 1280, 720)
[14:48:42.793193] {Default Queue}  -> zwlr_layer_surface_v1#69.ack_configure(89)
[14:48:42.793193] {Default Queue} zwlr_layer_surface_v1#80.configure(90, 88, 2)
[14:48:42.793194] {Default Queue}  -> zwlr_layer_surface_v1#80.ack_configure(90)
[14:48:42.793195] {Default Queue} zwlr_layer_surface_v1#116.configure(91, 1280, 672)
[14:48:42.793196] {Default Queue}  -> zwlr_layer_surface_v1#116.ack_configure(91)
[14:48:42.793197] {Default Queue} wp_fractional_scale_v1#106.preferred_scale(120)
[14:48:42.793197] {Default Queue} wl_buffer#109.release()
[14:48:42.793198] {Default Queue} wl_data_device#38.selection(nil)
[14:48:42.793202] {Default Queue} zwp_primary_selection_device_v1#37.selection(nil)
[14:48:42.793204] wl_surface#105.enter(wl_output#63)
[14:48:42.793230] wl_surface#105.enter(wl_output#31)
[14:48:42.793242] wl_surface#105.preferred_buffer_scale(1)
info: event=launcher-results count=114 shown=114 publish_us=4981
[14:48:42.798605] {Display Queue} wl_display#1.delete_id(100)
[14:48:42.798609] {Display Queue} wl_display#1.delete_id(94)
[14:48:42.798610] {Display Queue} wl_display#1.delete_id(118)
[14:48:42.798610] {Display Queue} wl_display#1.delete_id(122)
[14:48:42.798611] {Default Queue} wl_callback#100.done(6845910)
[14:48:42.798614] {Default Queue} wp_presentation_feedback#94.sync_output(wl_output#63)
[14:48:42.798615] {Default Queue} wp_presentation_feedback#94.sync_output(wl_output#31)
[14:48:42.798616] {Default Queue} wp_presentation_feedback#94.presented(0, 6845, 910951653, 0, 0, 0, 0)
[14:48:42.798618] {Default Queue} wl_callback#118.done(6845911)
[14:48:42.798620] {Default Queue} wp_presentation_feedback#122.sync_output(wl_output#64)
[14:48:42.798621] {Default Queue} wp_presentation_feedback#122.sync_output(wl_output#34)
[14:48:42.798621] {Default Queue} wp_presentation_feedback#122.presented(0, 6845, 911073705, 0, 0, 0, 0)
[14:48:42.798623] wl_surface#105.preferred_buffer_transform(0)
[14:48:42.798702]  -> wl_surface#71.attach(wl_buffer#97, 0, 0)
[14:48:42.798705]  -> wl_surface#71.frame(new id wl_callback#122)
[14:48:42.798706] {Default Queue}  -> wp_presentation#23.feedback(wl_surface#71, new id wp_presentation_feedback#118)
[14:48:42.798707]  -> wl_surface#71.commit()
[14:48:42.807894] {Default Queue}  -> wl_compositor#4.create_region(new id wl_region#94)
[14:48:42.807899] {Default Queue}  -> wl_region#94.add(365, 158, 550, 62)
[14:48:42.807900]  -> wl_surface#105.set_opaque_region(wl_region#94)
[14:48:42.807902] {Default Queue}  -> wl_region#94.destroy()
[14:48:42.807903]  -> wl_surface#105.attach(wl_buffer#109, 0, 0)
[14:48:42.807904]  -> wl_surface#105.damage_buffer(346, 86, 588, 62)
[14:48:42.807905]  -> wl_surface#105.damage_buffer(353, 158, 574, 426)
[14:48:42.807906]  -> wl_surface#105.damage_buffer(351, 600, 285, 15)
[14:48:42.807906]  -> wl_surface#105.frame(new id wl_callback#100)
[14:48:42.807908] {Default Queue}  -> wp_presentation#23.feedback(wl_surface#105, new id wp_presentation_feedback#126)
[14:48:42.807909]  -> wl_surface#105.commit()
info: event=launcher-painted latency_us=14311
[14:48:42.808035] {Default Queue}  -> wl_compositor#4.create_region(new id wl_region#125)
[14:48:42.808037] {Default Queue}  -> wl_region#125.add(19, 4, 525, 1)
[14:48:42.808038] {Default Queue}  -> wl_region#125.add(577, 4, 126, 1)
[14:48:42.808039] {Default Queue}  -> wl_region#125.add(877, 4, 384, 1)
[14:48:42.808040] {Default Queue}  -> wl_region#125.add(17, 5, 529, 1)
[14:48:42.808040] {Default Queue}  -> wl_region#125.add(575, 5, 130, 1)
[14:48:42.808041] {Default Queue}  -> wl_region#125.add(875, 5, 388, 1)
[14:48:42.808042] {Default Queue}  -> wl_region#125.add(16, 6, 531, 1)
[14:48:42.808043] {Default Queue}  -> wl_region#125.add(574, 6, 132, 1)
[14:48:42.808043] {Default Queue}  -> wl_region#125.add(874, 6, 390, 1)
[14:48:42.808044] {Default Queue}  -> wl_region#125.add(15, 7, 533, 1)
[14:48:42.808045] {Default Queue}  -> wl_region#125.add(573, 7, 134, 1)
[14:48:42.808045] {Default Queue}  -> wl_region#125.add(873, 7, 392, 1)
[14:48:42.808046] {Default Queue}  -> wl_region#125.add(14, 8, 535, 1)
[14:48:42.808046] {Default Queue}  -> wl_region#125.add(572, 8, 136, 1)
[14:48:42.808047] {Default Queue}  -> wl_region#125.add(872, 8, 394, 1)
[14:48:42.808048] {Default Queue}  -> wl_region#125.add(13, 9, 537, 1)
[14:48:42.808048] {Default Queue}  -> wl_region#125.add(571, 9, 138, 1)
[14:48:42.808049] {Default Queue}  -> wl_region#125.add(871, 9, 396, 1)
[14:48:42.808050] {Default Queue}  -> wl_region#125.add(12, 10, 539, 2)
[14:48:42.808050] {Default Queue}  -> wl_region#125.add(570, 10, 140, 2)
[14:48:42.808051] {Default Queue}  -> wl_region#125.add(870, 10, 398, 2)
[14:48:42.808052] {Default Queue}  -> wl_region#125.add(11, 12, 541, 5)
[14:48:42.808052] {Default Queue}  -> wl_region#125.add(569, 12, 142, 5)
[14:48:42.808053] {Default Queue}  -> wl_region#125.add(869, 12, 400, 5)
[14:48:42.808054] {Default Queue}  -> wl_region#125.add(10, 17, 543, 14)
[14:48:42.808054] {Default Queue}  -> wl_region#125.add(568, 17, 144, 14)
[14:48:42.808055] {Default Queue}  -> wl_region#125.add(868, 17, 402, 14)
[14:48:42.808056] {Default Queue}  -> wl_region#125.add(11, 31, 541, 5)
[14:48:42.808056] {Default Queue}  -> wl_region#125.add(569, 31, 142, 5)
[14:48:42.808057] {Default Queue}  -> wl_region#125.add(869, 31, 400, 5)
[14:48:42.808057] {Default Queue}  -> wl_region#125.add(12, 36, 539, 2)
[14:48:42.808058] {Default Queue}  -> wl_region#125.add(570, 36, 140, 2)
[14:48:42.808059] {Default Queue}  -> wl_region#125.add(870, 36, 398, 2)
[14:48:42.808059] {Default Queue}  -> wl_region#125.add(13, 38, 537, 1)
[14:48:42.808060] {Default Queue}  -> wl_region#125.add(571, 38, 138, 1)
[14:48:42.808060] {Default Queue}  -> wl_region#125.add(871, 38, 396, 1)
[14:48:42.808061] {Default Queue}  -> wl_region#125.add(14, 39, 535, 1)
[14:48:42.808062] {Default Queue}  -> wl_region#125.add(572, 39, 136, 1)
[14:48:42.808062] {Default Queue}  -> wl_region#125.add(872, 39, 394, 1)
[14:48:42.808063] {Default Queue}  -> wl_region#125.add(15, 40, 533, 1)
[14:48:42.808064] {Default Queue}  -> wl_region#125.add(573, 40, 134, 1)
[14:48:42.808064] {Default Queue}  -> wl_region#125.add(873, 40, 392, 1)
[14:48:42.808065] {Default Queue}  -> wl_region#125.add(16, 41, 531, 1)
[14:48:42.808065] {Default Queue}  -> wl_region#125.add(574, 41, 132, 1)
[14:48:42.808066] {Default Queue}  -> wl_region#125.add(874, 41, 390, 1)
[14:48:42.808067] {Default Queue}  -> wl_region#125.add(17, 42, 529, 1)
[14:48:42.808067] {Default Queue}  -> wl_region#125.add(575, 42, 130, 1)
[14:48:42.808068] {Default Queue}  -> wl_region#125.add(875, 42, 388, 1)
[14:48:42.808068] {Default Queue}  -> wl_region#125.add(19, 43, 525, 1)
[14:48:42.808069] {Default Queue}  -> wl_region#125.add(577, 43, 126, 1)
[14:48:42.808070] {Default Queue}  -> wl_region#125.add(877, 43, 384, 1)
[14:48:42.808071]  -> wl_surface#76.set_input_region(wl_region#125)
[14:48:42.808071] {Default Queue}  -> wl_region#125.destroy()
[14:48:42.808072]  -> wl_surface#76.attach(wl_buffer#113, 0, 0)
[14:48:42.808073]  -> wl_surface#76.damage_buffer(4, 4, 555, 40)
[14:48:42.808073]  -> wl_surface#76.frame(new id wl_callback#123)
[14:48:42.808074] {Default Queue}  -> wp_presentation#23.feedback(wl_surface#76, new id wp_presentation_feedback#114)
[14:48:42.808075]  -> wl_surface#76.commit()
[14:48:42.808096] {Default Queue}  -> wl_compositor#46.create_region(new id wl_region#99)
[14:48:42.808113] {Default Queue}  -> wl_region#99.add(19, 4, 504, 1)
[14:48:42.808114] {Default Queue}  -> wl_region#99.add(577, 4, 126, 1)
[14:48:42.808114] {Default Queue}  -> wl_region#99.add(877, 4, 384, 1)
[14:48:42.808115] {Default Queue}  -> wl_region#99.add(17, 5, 508, 1)
[14:48:42.808116] {Default Queue}  -> wl_region#99.add(575, 5, 130, 1)
[14:48:42.808116] {Default Queue}  -> wl_region#99.add(875, 5, 388, 1)
[14:48:42.808117] {Default Queue}  -> wl_region#99.add(16, 6, 510, 1)
[14:48:42.808117] {Default Queue}  -> wl_region#99.add(574, 6, 132, 1)
[14:48:42.808118] {Default Queue}  -> wl_region#99.add(874, 6, 390, 1)
[14:48:42.808119] {Default Queue}  -> wl_region#99.add(15, 7, 512, 1)
[14:48:42.808119] {Default Queue}  -> wl_region#99.add(573, 7, 134, 1)
[14:48:42.808120] {Default Queue}  -> wl_region#99.add(873, 7, 392, 1)
[14:48:42.808120] {Default Queue}  -> wl_region#99.add(14, 8, 514, 1)
[14:48:42.808121] {Default Queue}  -> wl_region#99.add(572, 8, 136, 1)
[14:48:42.808122] {Default Queue}  -> wl_region#99.add(872, 8, 394, 1)
[14:48:42.808122] {Default Queue}  -> wl_region#99.add(13, 9, 516, 1)
[14:48:42.808123] {Default Queue}  -> wl_region#99.add(571, 9, 138, 1)
[14:48:42.808123] {Default Queue}  -> wl_region#99.add(871, 9, 396, 1)
[14:48:42.808124] {Default Queue}  -> wl_region#99.add(12, 10, 518, 2)
[14:48:42.808125] {Default Queue}  -> wl_region#99.add(570, 10, 140, 2)
[14:48:42.808125] {Default Queue}  -> wl_region#99.add(870, 10, 398, 2)
[14:48:42.808126] {Default Queue}  -> wl_region#99.add(11, 12, 520, 5)
[14:48:42.808127] {Default Queue}  -> wl_region#99.add(569, 12, 142, 5)
[14:48:42.808127] {Default Queue}  -> wl_region#99.add(869, 12, 400, 5)
[14:48:42.808128] {Default Queue}  -> wl_region#99.add(10, 17, 522, 14)
[14:48:42.808128] {Default Queue}  -> wl_region#99.add(568, 17, 144, 14)
[14:48:42.808129] {Default Queue}  -> wl_region#99.add(868, 17, 402, 14)
[14:48:42.808130] {Default Queue}  -> wl_region#99.add(11, 31, 520, 5)
[14:48:42.808130] {Default Queue}  -> wl_region#99.add(569, 31, 142, 5)
[14:48:42.808131] {Default Queue}  -> wl_region#99.add(869, 31, 400, 5)
[14:48:42.808131] {Default Queue}  -> wl_region#99.add(12, 36, 518, 2)
[14:48:42.808132] {Default Queue}  -> wl_region#99.add(570, 36, 140, 2)
[14:48:42.808133] {Default Queue}  -> wl_region#99.add(870, 36, 398, 2)
[14:48:42.808133] {Default Queue}  -> wl_region#99.add(13, 38, 516, 1)
[14:48:42.808134] {Default Queue}  -> wl_region#99.add(571, 38, 138, 1)
[14:48:42.808134] {Default Queue}  -> wl_region#99.add(871, 38, 396, 1)
[14:48:42.808135] {Default Queue}  -> wl_region#99.add(14, 39, 514, 1)
[14:48:42.808136] {Default Queue}  -> wl_region#99.add(572, 39, 136, 1)
[14:48:42.808136] {Default Queue}  -> wl_region#99.add(872, 39, 394, 1)
[14:48:42.808137] {Default Queue}  -> wl_region#99.add(15, 40, 512, 1)
[14:48:42.808137] {Default Queue}  -> wl_region#99.add(573, 40, 134, 1)
[14:48:42.808138] {Default Queue}  -> wl_region#99.add(873, 40, 392, 1)
[14:48:42.808138] {Default Queue}  -> wl_region#99.add(16, 41, 510, 1)
[14:48:42.808139] {Default Queue}  -> wl_region#99.add(574, 41, 132, 1)
[14:48:42.808140] {Default Queue}  -> wl_region#99.add(874, 41, 390, 1)
[14:48:42.808140] {Default Queue}  -> wl_region#99.add(17, 42, 508, 1)
[14:48:42.808141] {Default Queue}  -> wl_region#99.add(575, 42, 130, 1)
[14:48:42.808142] {Default Queue}  -> wl_region#99.add(875, 42, 388, 1)
[14:48:42.808142] {Default Queue}  -> wl_region#99.add(19, 43, 504, 1)
[14:48:42.808143] {Default Queue}  -> wl_region#99.add(577, 43, 126, 1)
[14:48:42.808143] {Default Queue}  -> wl_region#99.add(877, 43, 384, 1)
[14:48:42.808144] {Default Queue}  -> ext_background_effect_surface_v1#117.set_blur_region(wl_region#99)
[14:48:42.808145] {Default Queue}  -> wl_region#99.destroy()
[14:48:42.808307] {Display Queue} wl_display#1.delete_id(94)
[14:48:42.808308] {Display Queue} wl_display#1.delete_id(125)
[14:48:42.808309] {Display Queue} wl_display#1.delete_id(99)
[14:48:42.808310] {Default Queue} wl_buffer#97.release()
[14:48:42.808311] {Default Queue} wl_buffer#109.release()
[14:48:42.808311] {Default Queue} wl_buffer#113.release()
[14:48:42.810923]  -> wl_surface#65.commit()
[14:48:42.811032]  -> wl_surface#70.attach(wl_buffer#104, 0, 0)
[14:48:42.811034]  -> wl_surface#70.frame(new id wl_callback#99)
[14:48:42.811035] {Default Queue}  -> wp_presentation#23.feedback(wl_surface#70, new id wp_presentation_feedback#125)
[14:48:42.811036]  -> wl_surface#70.commit()
[14:48:42.811054] {Default Queue} wl_buffer#104.release()
[14:48:42.812299] {Display Queue} wl_display#1.delete_id(122)
[14:48:42.812301] {Display Queue} wl_display#1.delete_id(99)
[14:48:42.812301] {Display Queue} wl_display#1.delete_id(100)
[14:48:42.812302] {Display Queue} wl_display#1.delete_id(118)
[14:48:42.812302] {Display Queue} wl_display#1.delete_id(125)
[14:48:42.812303] {Display Queue} wl_display#1.delete_id(126)
[14:48:42.812303] {Default Queue} wl_callback#122.done(6845927)
[14:48:42.812306] {Default Queue} wl_callback#99.done(6845927)
[14:48:42.812307] {Default Queue} wl_callback#100.done(6845927)
[14:48:42.812309] {Default Queue} wp_presentation_feedback#118.sync_output(wl_output#63)
[14:48:42.812310] {Default Queue} wp_presentation_feedback#118.sync_output(wl_output#31)
[14:48:42.812311] {Default Queue} wp_presentation_feedback#118.presented(0, 6845, 927177958, 0, 0, 0, 0)
[14:48:42.812312] {Default Queue} wp_presentation_feedback#125.sync_output(wl_output#63)
[14:48:42.812313] {Default Queue} wp_presentation_feedback#125.sync_output(wl_output#31)
[14:48:42.812314] {Default Queue} wp_presentation_feedback#125.presented(0, 6845, 927177958, 0, 0, 0, 0)
[14:48:42.812315] {Default Queue} wp_presentation_feedback#126.sync_output(wl_output#63)
[14:48:42.812316] {Default Queue} wp_presentation_feedback#126.sync_output(wl_output#31)
[14:48:42.812316] {Default Queue} wp_presentation_feedback#126.presented(0, 6845, 927177958, 0, 0, 0, 0)
[14:48:42.812729]  -> wl_surface#105.attach(wl_buffer#109, 0, 0)
[14:48:42.812731]  -> wl_surface#105.damage_buffer(346, 86, 588, 62)
[14:48:42.812733]  -> wl_surface#105.frame(new id wl_callback#126)
[14:48:42.812734] {Default Queue}  -> wp_presentation#23.feedback(wl_surface#105, new id wp_presentation_feedback#125)
[14:48:42.812734]  -> wl_surface#105.commit()
[14:48:42.812746] {Display Queue} wl_display#1.delete_id(123)
[14:48:42.812748] {Display Queue} wl_display#1.delete_id(114)
[14:48:42.812748] {Default Queue} wl_callback#123.done(6845927)
[14:48:42.812750] {Default Queue} wp_presentation_feedback#114.sync_output(wl_output#64)
[14:48:42.812751] {Default Queue} wp_presentation_feedback#114.sync_output(wl_output#34)
[14:48:42.812752] {Default Queue} wp_presentation_feedback#114.presented(0, 6845, 927280669, 0, 0, 0, 0)
[14:48:42.812787] {Default Queue}  -> wl_compositor#4.create_region(new id wl_region#114)
[14:48:42.812788] {Default Queue}  -> wl_region#114.add(19, 4, 504, 1)
[14:48:42.812789] {Default Queue}  -> wl_region#114.add(577, 4, 126, 1)
[14:48:42.812790] {Default Queue}  -> wl_region#114.add(877, 4, 384, 1)
[14:48:42.812791] {Default Queue}  -> wl_region#114.add(17, 5, 508, 1)
[14:48:42.812792] {Default Queue}  -> wl_region#114.add(575, 5, 130, 1)
[14:48:42.812793] {Default Queue}  -> wl_region#114.add(875, 5, 388, 1)
[14:48:42.812793] {Default Queue}  -> wl_region#114.add(16, 6, 510, 1)
[14:48:42.812794] {Default Queue}  -> wl_region#114.add(574, 6, 132, 1)
[14:48:42.812795] {Default Queue}  -> wl_region#114.add(874, 6, 390, 1)
[14:48:42.812795] {Default Queue}  -> wl_region#114.add(15, 7, 512, 1)
[14:48:42.812796] {Default Queue}  -> wl_region#114.add(573, 7, 134, 1)
[14:48:42.812797] {Default Queue}  -> wl_region#114.add(873, 7, 392, 1)
[14:48:42.812797] {Default Queue}  -> wl_region#114.add(14, 8, 514, 1)
[14:48:42.812798] {Default Queue}  -> wl_region#114.add(572, 8, 136, 1)
[14:48:42.812799] {Default Queue}  -> wl_region#114.add(872, 8, 394, 1)
[14:48:42.812799] {Default Queue}  -> wl_region#114.add(13, 9, 516, 1)
[14:48:42.812800] {Default Queue}  -> wl_region#114.add(571, 9, 138, 1)
[14:48:42.812801] {Default Queue}  -> wl_region#114.add(871, 9, 396, 1)
[14:48:42.812801] {Default Queue}  -> wl_region#114.add(12, 10, 518, 2)
[14:48:42.812802] {Default Queue}  -> wl_region#114.add(570, 10, 140, 2)
[14:48:42.812803] {Default Queue}  -> wl_region#114.add(870, 10, 398, 2)
[14:48:42.812803] {Default Queue}  -> wl_region#114.add(11, 12, 520, 5)
[14:48:42.812804] {Default Queue}  -> wl_region#114.add(569, 12, 142, 5)
[14:48:42.812804] {Default Queue}  -> wl_region#114.add(869, 12, 400, 5)
[14:48:42.812805] {Default Queue}  -> wl_region#114.add(10, 17, 522, 14)
[14:48:42.812806] {Default Queue}  -> wl_region#114.add(568, 17, 144, 14)
[14:48:42.812806] {Default Queue}  -> wl_region#114.add(868, 17, 402, 14)
[14:48:42.812807] {Default Queue}  -> wl_region#114.add(11, 31, 520, 5)
[14:48:42.812808] {Default Queue}  -> wl_region#114.add(569, 31, 142, 5)
[14:48:42.812808] {Default Queue}  -> wl_region#114.add(869, 31, 400, 5)
[14:48:42.812809] {Default Queue}  -> wl_region#114.add(12, 36, 518, 2)
[14:48:42.812810] {Default Queue}  -> wl_region#114.add(570, 36, 140, 2)
[14:48:42.812811] {Default Queue}  -> wl_region#114.add(870, 36, 398, 2)
[14:48:42.812811] {Default Queue}  -> wl_region#114.add(13, 38, 516, 1)
[14:48:42.812812] {Default Queue}  -> wl_region#114.add(571, 38, 138, 1)
[14:48:42.812813] {Default Queue}  -> wl_region#114.add(871, 38, 396, 1)
[14:48:42.812813] {Default Queue}  -> wl_region#114.add(14, 39, 514, 1)
[14:48:42.812814] {Default Queue}  -> wl_region#114.add(572, 39, 136, 1)
[14:48:42.812814] {Default Queue}  -> wl_region#114.add(872, 39, 394, 1)
[14:48:42.812815] {Default Queue}  -> wl_region#114.add(15, 40, 512, 1)
[14:48:42.812816] {Default Queue}  -> wl_region#114.add(573, 40, 134, 1)
[14:48:42.812816] {Default Queue}  -> wl_region#114.add(873, 40, 392, 1)
[14:48:42.812817] {Default Queue}  -> wl_region#114.add(16, 41, 510, 1)
[14:48:42.812818] {Default Queue}  -> wl_region#114.add(574, 41, 132, 1)
[14:48:42.812818] {Default Queue}  -> wl_region#114.add(874, 41, 390, 1)
[14:48:42.812819] {Default Queue}  -> wl_region#114.add(17, 42, 508, 1)
[14:48:42.812819] {Default Queue}  -> wl_region#114.add(575, 42, 130, 1)
[14:48:42.812820] {Default Queue}  -> wl_region#114.add(875, 42, 388, 1)
[14:48:42.812821] {Default Queue}  -> wl_region#114.add(19, 43, 504, 1)
[14:48:42.812821] {Default Queue}  -> wl_region#114.add(577, 43, 126, 1)
[14:48:42.812822] {Default Queue}  -> wl_region#114.add(877, 43, 384, 1)
[14:48:42.812823]  -> wl_surface#76.set_input_region(wl_region#114)
[14:48:42.812823] {Default Queue}  -> wl_region#114.destroy()
[14:48:42.812824]  -> wl_surface#76.attach(wl_buffer#113, 0, 0)
[14:48:42.812825]  -> wl_surface#76.frame(new id wl_callback#123)
[14:48:42.812825] {Default Queue}  -> wp_presentation#23.feedback(wl_surface#76, new id wp_presentation_feedback#118)
[14:48:42.812826]  -> wl_surface#76.commit()
[14:48:42.812834] {Default Queue} wl_buffer#109.release()
[14:48:42.812881] {Display Queue} wl_display#1.delete_id(114)
[14:48:42.812883] {Default Queue} wl_buffer#113.release()
[14:48:42.828575] {Display Queue} wl_display#1.delete_id(126)
[14:48:42.828581] {Display Queue} wl_display#1.delete_id(125)
[14:48:42.828582] {Default Queue} wl_callback#126.done(6845943)
[14:48:42.828588] {Default Queue} wp_presentation_feedback#125.sync_output(wl_output#63)
[14:48:42.828589] {Default Queue} wp_presentation_feedback#125.sync_output(wl_output#31)
[14:48:42.828590] {Default Queue} wp_presentation_feedback#125.presented(0, 6845, 943457573, 0, 0, 0, 0)
[14:48:42.828988]  -> wl_surface#105.attach(wl_buffer#109, 0, 0)
[14:48:42.828992]  -> wl_surface#105.damage_buffer(346, 86, 588, 62)
[14:48:42.828993]  -> wl_surface#105.frame(new id wl_callback#125)
[14:48:42.828996] {Default Queue}  -> wp_presentation#23.feedback(wl_surface#105, new id wp_presentation_feedback#126)
[14:48:42.828997]  -> wl_surface#105.commit()
[14:48:42.829013] {Display Queue} wl_display#1.delete_id(123)
[14:48:42.829014] {Display Queue} wl_display#1.delete_id(118)
[14:48:42.829015] {Default Queue} wl_callback#123.done(6845943)
[14:48:42.829016] {Default Queue} wp_presentation_feedback#118.sync_output(wl_output#64)
[14:48:42.829017] {Default Queue} wp_presentation_feedback#118.sync_output(wl_output#34)
[14:48:42.829018] {Default Queue} wp_presentation_feedback#118.presented(0, 6845, 943554414, 0, 0, 0, 0)
[14:48:42.829055] {Default Queue} wl_buffer#109.release()
[14:48:42.844891] {Display Queue} wl_display#1.delete_id(125)
[14:48:42.844897] {Display Queue} wl_display#1.delete_id(126)
[14:48:42.844898] {Default Queue} wl_callback#125.done(6845959)
[14:48:42.844904] {Default Queue} wp_presentation_feedback#126.sync_output(wl_output#63)
[14:48:42.844905] {Default Queue} wp_presentation_feedback#126.sync_output(wl_output#31)
[14:48:42.844907] {Default Queue} wp_presentation_feedback#126.presented(0, 6845, 959768938, 0, 0, 0, 0)
[14:48:42.845343]  -> wl_surface#105.attach(wl_buffer#109, 0, 0)
[14:48:42.845346]  -> wl_surface#105.damage_buffer(346, 86, 588, 62)
[14:48:42.845348]  -> wl_surface#105.frame(new id wl_callback#126)
[14:48:42.845349] {Default Queue}  -> wp_presentation#23.feedback(wl_surface#105, new id wp_presentation_feedback#125)
[14:48:42.845350]  -> wl_surface#105.commit()
[14:48:42.845410] {Default Queue} wl_buffer#109.release()
[14:48:42.861270] {Display Queue} wl_display#1.delete_id(126)
[14:48:42.861277] {Display Queue} wl_display#1.delete_id(125)
[14:48:42.861279] {Default Queue} wl_callback#126.done(6845976)
[14:48:42.861293] {Default Queue} wp_presentation_feedback#125.sync_output(wl_output#63)
[14:48:42.861295] {Default Queue} wp_presentation_feedback#125.sync_output(wl_output#31)
[14:48:42.861296] {Default Queue} wp_presentation_feedback#125.presented(0, 6845, 976127384, 0, 0, 0, 0)
[14:48:42.862012]  -> wl_surface#105.attach(wl_buffer#109, 0, 0)
[14:48:42.862016]  -> wl_surface#105.damage_buffer(346, 86, 588, 62)
[14:48:42.862018]  -> wl_surface#105.frame(new id wl_callback#125)
[14:48:42.862021] {Default Queue}  -> wp_presentation#23.feedback(wl_surface#105, new id wp_presentation_feedback#126)
[14:48:42.862024]  -> wl_surface#105.commit()
[14:48:42.862105] {Default Queue} wl_buffer#109.release()
[14:48:42.877427] {Display Queue} wl_display#1.delete_id(125)
[14:48:42.877431] {Display Queue} wl_display#1.delete_id(126)
[14:48:42.877432] {Default Queue} wl_callback#125.done(6845992)
[14:48:42.877438] {Default Queue} wp_presentation_feedback#126.sync_output(wl_output#63)
[14:48:42.877440] {Default Queue} wp_presentation_feedback#126.sync_output(wl_output#31)
[14:48:42.877441] {Default Queue} wp_presentation_feedback#126.presented(0, 6845, 992313408, 0, 0, 0, 0)
[14:48:42.878014]  -> wl_surface#105.attach(wl_buffer#109, 0, 0)
[14:48:42.878017]  -> wl_surface#105.damage_buffer(346, 86, 588, 62)
[14:48:42.878019]  -> wl_surface#105.frame(new id wl_callback#126)
[14:48:42.878021] {Default Queue}  -> wp_presentation#23.feedback(wl_surface#105, new id wp_presentation_feedback#125)
[14:48:42.878023]  -> wl_surface#105.commit()
[14:48:42.878079] {Default Queue} wl_buffer#109.release()
[14:48:42.890132] {Default Queue}  -> ext_background_effect_surface_v1#98.destroy()
[14:48:42.890223] {Default Queue}  -> zwlr_layer_surface_v1#116.destroy()
[14:48:42.890226]  -> wl_surface#105.attach(nil, 0, 0)
[14:48:42.890228]  -> wl_surface#105.commit()
[14:48:42.890263] {Default Queue}  -> wl_buffer#109.destroy()
[14:48:42.890265] {Default Queue}  -> wl_shm_pool#102.destroy()
[14:48:42.890657] {Default Queue}  -> wp_viewport#124.destroy()
[14:48:42.890659] {Default Queue}  -> wp_fractional_scale_v1#106.destroy()
[14:48:42.890660]  -> wl_surface#105.destroy()
[14:48:42.890670] {Default Queue}  -> xdg_toplevel_icon_v1#110.destroy()
info: event=popup-closed
[14:48:42.893400] discarded [unknown]#125.[event 2](0 fd, 8 byte)
[14:48:42.893415] {Display Queue} wl_display#1.delete_id(98)
[14:48:42.893418] {Display Queue} wl_display#1.delete_id(116)
[14:48:42.893420] {Display Queue} wl_display#1.delete_id(125)
[14:48:42.893421] {Display Queue} wl_display#1.delete_id(109)
[14:48:42.893422] {Display Queue} wl_display#1.delete_id(102)
[14:48:42.893422] {Display Queue} wl_display#1.delete_id(124)
[14:48:42.893423] {Display Queue} wl_display#1.delete_id(106)
[14:48:42.893423] {Display Queue} wl_display#1.delete_id(126)
[14:48:42.893424] {Display Queue} wl_display#1.delete_id(105)
[14:48:42.893424] {Display Queue} wl_display#1.delete_id(110)
[14:48:42.893425] {Default Queue} zwlr_layer_surface_v1#75.configure(99, 1280, 48)
[14:48:42.893431] {Default Queue}  -> zwlr_layer_surface_v1#75.ack_configure(99)
[14:48:42.893432] {Default Queue} zwlr_layer_surface_v1#69.configure(100, 1280, 720)
[14:48:42.893434] {Default Queue}  -> zwlr_layer_surface_v1#69.ack_configure(100)
[14:48:42.893435] {Default Queue} zwlr_layer_surface_v1#80.configure(101, 88, 2)
[14:48:42.893439] {Default Queue}  -> zwlr_layer_surface_v1#80.ack_configure(101)
[14:48:42.893528]  -> wl_surface#71.commit()
[14:48:42.893541]  -> wl_surface#65.commit()
[14:48:42.893546]  -> wl_surface#70.commit()
[14:48:42.894843] {Default Queue}  -> wl_compositor#4.create_surface(new id wl_surface#110)
[14:48:42.894848] {Default Queue}  -> wp_fractional_scale_manager_v1#11.get_fractional_scale(new id wp_fractional_scale_v1#105, wl_surface#110)
[14:48:42.894852] {Default Queue}  -> wp_viewporter#10.get_viewport(new id wp_viewport#126, wl_surface#110)
[14:48:42.894886] {Default Queue}  -> xdg_toplevel_icon_manager_v1#9.create_icon(new id xdg_toplevel_icon_v1#106)
[14:48:42.894906] {Default Queue}  -> zwlr_layer_shell_v1#49.get_layer_surface(new id zwlr_layer_surface_v1#124, wl_surface#110, wl_output#31, 3, "pearl:popup")
[14:48:42.894909] {Default Queue}  -> zwlr_layer_surface_v1#124.set_keyboard_interactivity(1)
[14:48:42.894909] {Default Queue}  -> zwlr_layer_surface_v1#124.set_exclusive_zone(0)
[14:48:42.894911] {Default Queue}  -> zwlr_layer_surface_v1#124.set_anchor(15)
[14:48:42.894911] {Default Queue}  -> zwlr_layer_surface_v1#124.set_margin(0, 0, 0, 0)
[14:48:42.894913] {Default Queue}  -> zwlr_layer_surface_v1#124.set_size(0, 0)
[14:48:42.894917]  -> wl_surface#110.commit()
[14:48:42.895044] {Default Queue}  -> ext_background_effect_manager_v1#48.get_background_effect(new id ext_background_effect_surface_v1#102, wl_surface#110)
[14:48:42.895048] {Default Queue}  -> wl_compositor#46.create_region(new id wl_region#109)
[14:48:42.895060] {Default Queue}  -> wl_region#109.add(-11, -20, 22, 1)
[14:48:42.895062] {Default Queue}  -> wl_region#109.add(-13, -19, 26, 1)
[14:48:42.895063] {Default Queue}  -> wl_region#109.add(-14, -18, 28, 1)
[14:48:42.895065] {Default Queue}  -> wl_region#109.add(-15, -17, 30, 1)
[14:48:42.895066] {Default Queue}  -> wl_region#109.add(-16, -16, 32, 1)
[14:48:42.895067] {Default Queue}  -> wl_region#109.add(-17, -15, 34, 1)
[14:48:42.895068] {Default Queue}  -> wl_region#109.add(-18, -14, 36, 2)
[14:48:42.895068] {Default Queue}  -> wl_region#109.add(-19, -12, 38, 5)
[14:48:42.895069] {Default Queue}  -> wl_region#109.add(-20, -7, 40, 14)
[14:48:42.895070] {Default Queue}  -> wl_region#109.add(-19, 7, 38, 5)
[14:48:42.895071] {Default Queue}  -> wl_region#109.add(-18, 12, 36, 2)
[14:48:42.895072] {Default Queue}  -> wl_region#109.add(-17, 14, 34, 1)
[14:48:42.895072] {Default Queue}  -> wl_region#109.add(-16, 15, 32, 1)
[14:48:42.895074] {Default Queue}  -> wl_region#109.add(-15, 16, 30, 1)
[14:48:42.895075] {Default Queue}  -> wl_region#109.add(-14, 17, 28, 1)
[14:48:42.895076] {Default Queue}  -> wl_region#109.add(-13, 18, 26, 1)
[14:48:42.895076] {Default Queue}  -> wl_region#109.add(-11, 19, 22, 1)
[14:48:42.895077] {Default Queue}  -> ext_background_effect_surface_v1#102.set_blur_region(wl_region#109)
[14:48:42.895079] {Default Queue}  -> wl_region#109.destroy()
[14:48:42.895199] {Default Queue}  -> zwp_text_input_v3#121.set_surrounding_text("", 0, 0)
[14:48:42.895201] {Default Queue}  -> zwp_text_input_v3#121.set_text_change_cause(1)
[14:48:42.895203] {Default Queue}  -> zwp_text_input_v3#121.set_content_type(0, 0)
[14:48:42.895213] {Default Queue}  -> zwp_text_input_v3#121.set_cursor_rectangle(0, 0, 0, 0)
[14:48:42.895214] {Default Queue}  -> zwp_text_input_v3#121.commit()
[14:48:42.895217] {Default Queue}  -> xdg_activation_v1#15.get_activation_token(new id xdg_activation_token_v1#125)
[14:48:42.895220]  -> xdg_activation_token_v1#125.set_serial(0, wl_seat#3)
[14:48:42.895222]  -> xdg_activation_token_v1#125.commit()
[14:48:42.895320] {Display Queue} wl_display#1.delete_id(109)
[14:48:42.895344] xdg_activation_token_v1#125.done("3f53b4f6d76dca6aeda593e0ae6de338")
[14:48:42.895347]  -> xdg_activation_token_v1#125.destroy()
[14:48:42.895349] {Default Queue}  -> xdg_activation_v1#15.activate("3f53b4f6d76dca6aeda593e0ae6de338", wl_surface#110)
info: event=popup-opened output=1
[14:48:42.895388] {Default Queue} zwlr_layer_surface_v1#75.configure(107, 1280, 48)
[14:48:42.895433] {Default Queue}  -> zwlr_layer_surface_v1#75.ack_configure(107)
[14:48:42.895435] {Default Queue} zwlr_layer_surface_v1#69.configure(108, 1280, 720)
[14:48:42.895439] {Default Queue}  -> zwlr_layer_surface_v1#69.ack_configure(108)
[14:48:42.895439] {Default Queue} zwlr_layer_surface_v1#80.configure(109, 88, 2)
[14:48:42.895443] {Default Queue}  -> zwlr_layer_surface_v1#80.ack_configure(109)
[14:48:42.895444] {Default Queue} zwlr_layer_surface_v1#124.configure(110, 1280, 672)
[14:48:42.895451] {Default Queue}  -> zwlr_layer_surface_v1#124.ack_configure(110)
[14:48:42.895722]  -> wl_surface#76.attach(wl_buffer#113, 0, 0)
[14:48:42.895724]  -> wl_surface#76.damage_buffer(4, 4, 555, 40)
[14:48:42.895726]  -> wl_surface#76.frame(new id wl_callback#109)
[14:48:42.895728] {Default Queue}  -> wp_presentation#23.feedback(wl_surface#76, new id wp_presentation_feedback#116)
[14:48:42.895729]  -> wl_surface#76.commit()
[14:48:42.895765] {Default Queue}  -> wl_compositor#46.create_region(new id wl_region#98)
[14:48:42.895780] {Default Queue}  -> wl_region#98.add(19, 4, 525, 1)
[14:48:42.895782] {Default Queue}  -> wl_region#98.add(577, 4, 126, 1)
[14:48:42.895782] {Default Queue}  -> wl_region#98.add(877, 4, 384, 1)
[14:48:42.895783] {Default Queue}  -> wl_region#98.add(17, 5, 529, 1)
[14:48:42.895785] {Default Queue}  -> wl_region#98.add(575, 5, 130, 1)
[14:48:42.895785] {Default Queue}  -> wl_region#98.add(875, 5, 388, 1)
[14:48:42.895786] {Default Queue}  -> wl_region#98.add(16, 6, 531, 1)
[14:48:42.895787] {Default Queue}  -> wl_region#98.add(574, 6, 132, 1)
[14:48:42.895788] {Default Queue}  -> wl_region#98.add(874, 6, 390, 1)
[14:48:42.895789] {Default Queue}  -> wl_region#98.add(15, 7, 533, 1)
[14:48:42.895790] {Default Queue}  -> wl_region#98.add(573, 7, 134, 1)
[14:48:42.895790] {Default Queue}  -> wl_region#98.add(873, 7, 392, 1)
[14:48:42.895791] {Default Queue}  -> wl_region#98.add(14, 8, 535, 1)
[14:48:42.895792] {Default Queue}  -> wl_region#98.add(572, 8, 136, 1)
[14:48:42.895793] {Default Queue}  -> wl_region#98.add(872, 8, 394, 1)
[14:48:42.895794] {Default Queue}  -> wl_region#98.add(13, 9, 537, 1)
[14:48:42.895795] {Default Queue}  -> wl_region#98.add(571, 9, 138, 1)
[14:48:42.895795] {Default Queue}  -> wl_region#98.add(871, 9, 396, 1)
[14:48:42.895796] {Default Queue}  -> wl_region#98.add(12, 10, 539, 2)
[14:48:42.895797] {Default Queue}  -> wl_region#98.add(570, 10, 140, 2)
[14:48:42.895797] {Default Queue}  -> wl_region#98.add(870, 10, 398, 2)
[14:48:42.895798] {Default Queue}  -> wl_region#98.add(11, 12, 541, 5)
[14:48:42.895799] {Default Queue}  -> wl_region#98.add(569, 12, 142, 5)
[14:48:42.895799] {Default Queue}  -> wl_region#98.add(869, 12, 400, 5)
[14:48:42.895800] {Default Queue}  -> wl_region#98.add(10, 17, 543, 14)
[14:48:42.895801] {Default Queue}  -> wl_region#98.add(568, 17, 144, 14)
[14:48:42.895802] {Default Queue}  -> wl_region#98.add(868, 17, 402, 14)
[14:48:42.895805] {Default Queue}  -> wl_region#98.add(11, 31, 541, 5)
[14:48:42.895806] {Default Queue}  -> wl_region#98.add(569, 31, 142, 5)
[14:48:42.895808] {Default Queue}  -> wl_region#98.add(869, 31, 400, 5)
[14:48:42.895809] {Default Queue}  -> wl_region#98.add(12, 36, 539, 2)
[14:48:42.895810] {Default Queue}  -> wl_region#98.add(570, 36, 140, 2)
[14:48:42.895811] {Default Queue}  -> wl_region#98.add(870, 36, 398, 2)
[14:48:42.895812] {Default Queue}  -> wl_region#98.add(13, 38, 537, 1)
[14:48:42.895813] {Default Queue}  -> wl_region#98.add(571, 38, 138, 1)
[14:48:42.895814] {Default Queue}  -> wl_region#98.add(871, 38, 396, 1)
[14:48:42.895815] {Default Queue}  -> wl_region#98.add(14, 39, 535, 1)
[14:48:42.895816] {Default Queue}  -> wl_region#98.add(572, 39, 136, 1)
[14:48:42.895817] {Default Queue}  -> wl_region#98.add(872, 39, 394, 1)
[14:48:42.895818] {Default Queue}  -> wl_region#98.add(15, 40, 533, 1)
[14:48:42.895819] {Default Queue}  -> wl_region#98.add(573, 40, 134, 1)
[14:48:42.895820] {Default Queue}  -> wl_region#98.add(873, 40, 392, 1)
[14:48:42.895821] {Default Queue}  -> wl_region#98.add(16, 41, 531, 1)
[14:48:42.895822] {Default Queue}  -> wl_region#98.add(574, 41, 132, 1)
[14:48:42.895823] {Default Queue}  -> wl_region#98.add(874, 41, 390, 1)
[14:48:42.895824] {Default Queue}  -> wl_region#98.add(17, 42, 529, 1)
[14:48:42.895824] {Default Queue}  -> wl_region#98.add(575, 42, 130, 1)
[14:48:42.895825] {Default Queue}  -> wl_region#98.add(875, 42, 388, 1)
[14:48:42.895826] {Default Queue}  -> wl_region#98.add(19, 43, 525, 1)
[14:48:42.895826] {Default Queue}  -> wl_region#98.add(577, 43, 126, 1)
[14:48:42.895827] {Default Queue}  -> wl_region#98.add(877, 43, 384, 1)
[14:48:42.895828] {Default Queue}  -> ext_background_effect_surface_v1#117.set_blur_region(wl_region#98)
[14:48:42.895829] {Default Queue}  -> wl_region#98.destroy()
[14:48:42.896562] {Default Queue}  -> wl_shm#5.create_pool(new id wl_shm_pool#118, fd 16, 3440640)
[14:48:42.896567] {Default Queue}  -> wl_shm_pool#118.create_buffer(new id wl_buffer#123, 0, 1280, 672, 5120, 0)
[14:48:42.897904] {Default Queue}  -> wl_compositor#4.create_region(new id wl_region#114)
[14:48:42.897906] {Default Queue}  -> wl_region#114.add(377, 90, 526, 54)
[14:48:42.897907]  -> wl_surface#110.set_opaque_region(wl_region#114)
[14:48:42.897910] {Default Queue}  -> wl_region#114.destroy()
[14:48:42.897911] {Default Queue}  -> wp_viewport#126.set_destination(1280, 672)
[14:48:42.897914]  -> wl_surface#110.attach(wl_buffer#123, 0, 0)
[14:48:42.897915]  -> wl_surface#110.damage_buffer(0, 0, 1280, 672)
[14:48:42.897916]  -> wl_surface#110.frame(new id wl_callback#100)
[14:48:42.897917] {Default Queue}  -> wp_presentation#23.feedback(wl_surface#110, new id wp_presentation_feedback#99)
[14:48:42.897919]  -> wl_surface#110.commit()
[14:48:42.897924] {Default Queue}  -> wl_compositor#46.create_region(new id wl_region#122)
[14:48:42.897956] {Default Queue}  -> wl_region#122.add(339, 36, 602, 1)
[14:48:42.897958] {Default Queue}  -> wl_region#122.add(337, 37, 606, 1)
[14:48:42.897959] {Default Queue}  -> wl_region#122.add(336, 38, 608, 1)
[14:48:42.897960] {Default Queue}  -> wl_region#122.add(335, 39, 610, 1)
[14:48:42.897962] {Default Queue}  -> wl_region#122.add(334, 40, 612, 1)
[14:48:42.897963] {Default Queue}  -> wl_region#122.add(333, 41, 614, 1)
[14:48:42.897964] {Default Queue}  -> wl_region#122.add(332, 42, 616, 2)
[14:48:42.897965] {Default Queue}  -> wl_region#122.add(331, 44, 618, 5)
[14:48:42.897966] {Default Queue}  -> wl_region#122.add(330, 49, 620, 574)
[14:48:42.897966] {Default Queue}  -> wl_region#122.add(331, 623, 618, 5)
[14:48:42.897967] {Default Queue}  -> wl_region#122.add(332, 628, 616, 2)
[14:48:42.897968] {Default Queue}  -> wl_region#122.add(333, 630, 614, 1)
[14:48:42.897969] {Default Queue}  -> wl_region#122.add(334, 631, 612, 1)
[14:48:42.897969] {Default Queue}  -> wl_region#122.add(335, 632, 610, 1)
[14:48:42.897970] {Default Queue}  -> wl_region#122.add(336, 633, 608, 1)
[14:48:42.897971] {Default Queue}  -> wl_region#122.add(337, 634, 606, 1)
[14:48:42.897972] {Default Queue}  -> wl_region#122.add(339, 635, 602, 1)
[14:48:42.897973] {Default Queue}  -> ext_background_effect_surface_v1#102.set_blur_region(wl_region#122)
[14:48:42.897973] {Default Queue}  -> wl_region#122.destroy()
[14:48:42.897988] {Display Queue} wl_display#1.delete_id(125)
[14:48:42.897989] {Display Queue} wl_display#1.delete_id(98)
[14:48:42.897990] {Default Queue} wl_buffer#113.release()
info: event=launcher-results count=114 shown=114 publish_us=5359
[14:48:42.900829] {Display Queue} wl_display#1.delete_id(114)
[14:48:42.900833] {Display Queue} wl_display#1.delete_id(122)
[14:48:42.900834] {Default Queue} zwlr_layer_surface_v1#75.configure(111, 1280, 48)
[14:48:42.900839] {Default Queue}  -> zwlr_layer_surface_v1#75.ack_configure(111)
[14:48:42.900840] {Default Queue} zwlr_layer_surface_v1#69.configure(112, 1280, 720)
[14:48:42.900841] {Default Queue}  -> zwlr_layer_surface_v1#69.ack_configure(112)
[14:48:42.900842] {Default Queue} zwlr_layer_surface_v1#80.configure(113, 88, 2)
[14:48:42.900844] {Default Queue}  -> zwlr_layer_surface_v1#80.ack_configure(113)
[14:48:42.900844] {Default Queue} zwlr_layer_surface_v1#124.configure(114, 1280, 672)
[14:48:42.900845] {Default Queue}  -> zwlr_layer_surface_v1#124.ack_configure(114)
[14:48:42.900846] {Default Queue} wp_fractional_scale_v1#105.preferred_scale(120)
[14:48:42.900847] {Default Queue} wl_buffer#123.release()
[14:48:42.900848] {Default Queue} wl_data_device#38.selection(nil)
[14:48:42.900851] {Default Queue} zwp_primary_selection_device_v1#37.selection(nil)
[14:48:42.900853] wl_surface#110.enter(wl_output#63)
[14:48:42.900881] wl_surface#110.enter(wl_output#31)
[14:48:42.900892] wl_surface#110.preferred_buffer_scale(1)
info: event=launcher-results count=114 shown=114 publish_us=3503
[14:48:42.910185] {Display Queue} wl_display#1.delete_id(100)
[14:48:42.910189] {Display Queue} wl_display#1.delete_id(99)
[14:48:42.910190] {Default Queue} wl_callback#100.done(6846025)
[14:48:42.910195] {Default Queue} wp_presentation_feedback#99.sync_output(wl_output#63)
[14:48:42.910196] {Default Queue} wp_presentation_feedback#99.sync_output(wl_output#31)
[14:48:42.910197] {Default Queue} wp_presentation_feedback#99.presented(0, 6846, 25060011, 0, 0, 0, 0)
[14:48:42.910199] wl_surface#110.preferred_buffer_transform(0)
[14:48:42.920670] {Default Queue}  -> wl_compositor#4.create_region(new id wl_region#99)
[14:48:42.920675] {Default Queue}  -> wl_region#99.add(365, 158, 550, 62)
[14:48:42.920677]  -> wl_surface#110.set_opaque_region(wl_region#99)
[14:48:42.920678] {Default Queue}  -> wl_region#99.destroy()
[14:48:42.920680]  -> wl_surface#110.attach(wl_buffer#123, 0, 0)
[14:48:42.920681]  -> wl_surface#110.damage_buffer(346, 86, 588, 62)
[14:48:42.920682]  -> wl_surface#110.damage_buffer(353, 158, 574, 426)
[14:48:42.920682]  -> wl_surface#110.damage_buffer(351, 600, 285, 15)
[14:48:42.920683]  -> wl_surface#110.frame(new id wl_callback#100)
[14:48:42.920685] {Default Queue}  -> wp_presentation#23.feedback(wl_surface#110, new id wp_presentation_feedback#122)
[14:48:42.920686]  -> wl_surface#110.commit()
info: event=launcher-painted latency_us=19387
[14:48:42.920719] {Display Queue} wl_display#1.delete_id(109)
[14:48:42.920721] {Display Queue} wl_display#1.delete_id(116)
[14:48:42.920722] {Default Queue} wl_callback#109.done(6846025)
[14:48:42.920727] {Default Queue} wp_presentation_feedback#116.sync_output(wl_output#64)
[14:48:42.920728] {Default Queue} wp_presentation_feedback#116.sync_output(wl_output#34)
[14:48:42.920729] {Default Queue} wp_presentation_feedback#116.presented(0, 6846, 25144312, 0, 0, 0, 0)
[14:48:42.920835]  -> wl_surface#71.attach(wl_buffer#97, 0, 0)
[14:48:42.920837]  -> wl_surface#71.frame(new id wl_callback#116)
[14:48:42.920838] {Default Queue}  -> wp_presentation#23.feedback(wl_surface#71, new id wp_presentation_feedback#109)
[14:48:42.920839]  -> wl_surface#71.commit()
[14:48:42.920852]  -> wl_surface#70.attach(wl_buffer#104, 0, 0)
[14:48:42.920853]  -> wl_surface#70.frame(new id wl_callback#114)
[14:48:42.920854] {Default Queue}  -> wp_presentation#23.feedback(wl_surface#70, new id wp_presentation_feedback#98)
[14:48:42.920854]  -> wl_surface#70.commit()
[14:48:42.920858]  -> wl_surface#65.commit()
[14:48:42.920962] {Default Queue}  -> wl_compositor#4.create_region(new id wl_region#125)
[14:48:42.920963] {Default Queue}  -> wl_region#125.add(19, 4, 525, 1)
[14:48:42.920964] {Default Queue}  -> wl_region#125.add(577, 4, 126, 1)
[14:48:42.920965] {Default Queue}  -> wl_region#125.add(877, 4, 384, 1)
[14:48:42.920966] {Default Queue}  -> wl_region#125.add(17, 5, 529, 1)
[14:48:42.920966] {Default Queue}  -> wl_region#125.add(575, 5, 130, 1)
[14:48:42.920967] {Default Queue}  -> wl_region#125.add(875, 5, 388, 1)
[14:48:42.920968] {Default Queue}  -> wl_region#125.add(16, 6, 531, 1)
[14:48:42.920968] {Default Queue}  -> wl_region#125.add(574, 6, 132, 1)
[14:48:42.920969] {Default Queue}  -> wl_region#125.add(874, 6, 390, 1)
[14:48:42.920970] {Default Queue}  -> wl_region#125.add(15, 7, 533, 1)
[14:48:42.920970] {Default Queue}  -> wl_region#125.add(573, 7, 134, 1)
[14:48:42.920971] {Default Queue}  -> wl_region#125.add(873, 7, 392, 1)
[14:48:42.920971] {Default Queue}  -> wl_region#125.add(14, 8, 535, 1)
[14:48:42.920972] {Default Queue}  -> wl_region#125.add(572, 8, 136, 1)
[14:48:42.920973] {Default Queue}  -> wl_region#125.add(872, 8, 394, 1)
[14:48:42.920973] {Default Queue}  -> wl_region#125.add(13, 9, 537, 1)
[14:48:42.920974] {Default Queue}  -> wl_region#125.add(571, 9, 138, 1)
[14:48:42.920975] {Default Queue}  -> wl_region#125.add(871, 9, 396, 1)
[14:48:42.920975] {Default Queue}  -> wl_region#125.add(12, 10, 539, 2)
[14:48:42.920976] {Default Queue}  -> wl_region#125.add(570, 10, 140, 2)
[14:48:42.920977] {Default Queue}  -> wl_region#125.add(870, 10, 398, 2)
[14:48:42.920978] {Default Queue}  -> wl_region#125.add(11, 12, 541, 5)
[14:48:42.920979] {Default Queue}  -> wl_region#125.add(569, 12, 142, 5)
[14:48:42.920979] {Default Queue}  -> wl_region#125.add(869, 12, 400, 5)
[14:48:42.920980] {Default Queue}  -> wl_region#125.add(10, 17, 543, 14)
[14:48:42.920980] {Default Queue}  -> wl_region#125.add(568, 17, 144, 14)
[14:48:42.920981] {Default Queue}  -> wl_region#125.add(868, 17, 402, 14)
[14:48:42.920982] {Default Queue}  -> wl_region#125.add(11, 31, 541, 5)
[14:48:42.920982] {Default Queue}  -> wl_region#125.add(569, 31, 142, 5)
[14:48:42.920983] {Default Queue}  -> wl_region#125.add(869, 31, 400, 5)
[14:48:42.920983] {Default Queue}  -> wl_region#125.add(12, 36, 539, 2)
[14:48:42.920984] {Default Queue}  -> wl_region#125.add(570, 36, 140, 2)
[14:48:42.920985] {Default Queue}  -> wl_region#125.add(870, 36, 398, 2)
[14:48:42.920985] {Default Queue}  -> wl_region#125.add(13, 38, 537, 1)
[14:48:42.920986] {Default Queue}  -> wl_region#125.add(571, 38, 138, 1)
[14:48:42.920987] {Default Queue}  -> wl_region#125.add(871, 38, 396, 1)
[14:48:42.920987] {Default Queue}  -> wl_region#125.add(14, 39, 535, 1)
[14:48:42.920988] {Default Queue}  -> wl_region#125.add(572, 39, 136, 1)
[14:48:42.920988] {Default Queue}  -> wl_region#125.add(872, 39, 394, 1)
[14:48:42.920989] {Default Queue}  -> wl_region#125.add(15, 40, 533, 1)
[14:48:42.920990] {Default Queue}  -> wl_region#125.add(573, 40, 134, 1)
[14:48:42.920990] {Default Queue}  -> wl_region#125.add(873, 40, 392, 1)
[14:48:42.920991] {Default Queue}  -> wl_region#125.add(16, 41, 531, 1)
[14:48:42.920992] {Default Queue}  -> wl_region#125.add(574, 41, 132, 1)
[14:48:42.920992] {Default Queue}  -> wl_region#125.add(874, 41, 390, 1)
[14:48:42.920993] {Default Queue}  -> wl_region#125.add(17, 42, 529, 1)
[14:48:42.920993] {Default Queue}  -> wl_region#125.add(575, 42, 130, 1)
[14:48:42.920994] {Default Queue}  -> wl_region#125.add(875, 42, 388, 1)
[14:48:42.920995] {Default Queue}  -> wl_region#125.add(19, 43, 525, 1)
[14:48:42.920995] {Default Queue}  -> wl_region#125.add(577, 43, 126, 1)
[14:48:42.920996] {Default Queue}  -> wl_region#125.add(877, 43, 384, 1)
[14:48:42.920997]  -> wl_surface#76.set_input_region(wl_region#125)
[14:48:42.920997] {Default Queue}  -> wl_region#125.destroy()
[14:48:42.920998]  -> wl_surface#76.attach(wl_buffer#113, 0, 0)
[14:48:42.920999]  -> wl_surface#76.damage_buffer(4, 4, 555, 40)
[14:48:42.921000]  -> wl_surface#76.frame(new id wl_callback#94)
[14:48:42.921001] {Default Queue}  -> wp_presentation#23.feedback(wl_surface#76, new id wp_presentation_feedback#115)
[14:48:42.921001]  -> wl_surface#76.commit()
[14:48:42.921021] {Default Queue}  -> wl_compositor#46.create_region(new id wl_region#93)
[14:48:42.921034] {Default Queue}  -> wl_region#93.add(19, 4, 504, 1)
[14:48:42.921034] {Default Queue}  -> wl_region#93.add(577, 4, 126, 1)
[14:48:42.921035] {Default Queue}  -> wl_region#93.add(877, 4, 384, 1)
[14:48:42.921036] {Default Queue}  -> wl_region#93.add(17, 5, 508, 1)
[14:48:42.921036] {Default Queue}  -> wl_region#93.add(575, 5, 130, 1)
[14:48:42.921037] {Default Queue}  -> wl_region#93.add(875, 5, 388, 1)
[14:48:42.921038] {Default Queue}  -> wl_region#93.add(16, 6, 510, 1)
[14:48:42.921038] {Default Queue}  -> wl_region#93.add(574, 6, 132, 1)
[14:48:42.921039] {Default Queue}  -> wl_region#93.add(874, 6, 390, 1)
[14:48:42.921039] {Default Queue}  -> wl_region#93.add(15, 7, 512, 1)
[14:48:42.921040] {Default Queue}  -> wl_region#93.add(573, 7, 134, 1)
[14:48:42.921041] {Default Queue}  -> wl_region#93.add(873, 7, 392, 1)
[14:48:42.921041] {Default Queue}  -> wl_region#93.add(14, 8, 514, 1)
[14:48:42.921042] {Default Queue}  -> wl_region#93.add(572, 8, 136, 1)
[14:48:42.921042] {Default Queue}  -> wl_region#93.add(872, 8, 394, 1)
[14:48:42.921043] {Default Queue}  -> wl_region#93.add(13, 9, 516, 1)
[14:48:42.921044] {Default Queue}  -> wl_region#93.add(571, 9, 138, 1)
[14:48:42.921044] {Default Queue}  -> wl_region#93.add(871, 9, 396, 1)
[14:48:42.921045] {Default Queue}  -> wl_region#93.add(12, 10, 518, 2)
[14:48:42.921046] {Default Queue}  -> wl_region#93.add(570, 10, 140, 2)
[14:48:42.921046] {Default Queue}  -> wl_region#93.add(870, 10, 398, 2)
[14:48:42.921047] {Default Queue}  -> wl_region#93.add(11, 12, 520, 5)
[14:48:42.921047] {Default Queue}  -> wl_region#93.add(569, 12, 142, 5)
[14:48:42.921048] {Default Queue}  -> wl_region#93.add(869, 12, 400, 5)
[14:48:42.921049] {Default Queue}  -> wl_region#93.add(10, 17, 522, 14)
[14:48:42.921049] {Default Queue}  -> wl_region#93.add(568, 17, 144, 14)
[14:48:42.921050] {Default Queue}  -> wl_region#93.add(868, 17, 402, 14)
[14:48:42.921050] {Default Queue}  -> wl_region#93.add(11, 31, 520, 5)
[14:48:42.921051] {Default Queue}  -> wl_region#93.add(569, 31, 142, 5)
[14:48:42.921052] {Default Queue}  -> wl_region#93.add(869, 31, 400, 5)
[14:48:42.921052] {Default Queue}  -> wl_region#93.add(12, 36, 518, 2)
[14:48:42.921053] {Default Queue}  -> wl_region#93.add(570, 36, 140, 2)
[14:48:42.921053] {Default Queue}  -> wl_region#93.add(870, 36, 398, 2)
[14:48:42.921054] {Default Queue}  -> wl_region#93.add(13, 38, 516, 1)
[14:48:42.921055] {Default Queue}  -> wl_region#93.add(571, 38, 138, 1)
[14:48:42.921055] {Default Queue}  -> wl_region#93.add(871, 38, 396, 1)
[14:48:42.921056] {Default Queue}  -> wl_region#93.add(14, 39, 514, 1)
[14:48:42.921056] {Default Queue}  -> wl_region#93.add(572, 39, 136, 1)
[14:48:42.921057] {Default Queue}  -> wl_region#93.add(872, 39, 394, 1)
[14:48:42.921058] {Default Queue}  -> wl_region#93.add(15, 40, 512, 1)
[14:48:42.921058] {Default Queue}  -> wl_region#93.add(573, 40, 134, 1)
[14:48:42.921059] {Default Queue}  -> wl_region#93.add(873, 40, 392, 1)
[14:48:42.921059] {Default Queue}  -> wl_region#93.add(16, 41, 510, 1)
[14:48:42.921060] {Default Queue}  -> wl_region#93.add(574, 41, 132, 1)
[14:48:42.921061] {Default Queue}  -> wl_region#93.add(874, 41, 390, 1)
[14:48:42.921061] {Default Queue}  -> wl_region#93.add(17, 42, 508, 1)
[14:48:42.921062] {Default Queue}  -> wl_region#93.add(575, 42, 130, 1)
[14:48:42.921062] {Default Queue}  -> wl_region#93.add(875, 42, 388, 1)
[14:48:42.921063] {Default Queue}  -> wl_region#93.add(19, 43, 504, 1)
[14:48:42.921064] {Default Queue}  -> wl_region#93.add(577, 43, 126, 1)
[14:48:42.921064] {Default Queue}  -> wl_region#93.add(877, 43, 384, 1)
[14:48:42.921065] {Default Queue}  -> ext_background_effect_surface_v1#117.set_blur_region(wl_region#93)
[14:48:42.921066] {Default Queue}  -> wl_region#93.destroy()
[14:48:42.921075] {Display Queue} wl_display#1.delete_id(99)
[14:48:42.921076] {Default Queue} wl_buffer#123.release()
[14:48:42.921136] {Display Queue} wl_display#1.delete_id(125)
[14:48:42.921140] {Display Queue} wl_display#1.delete_id(93)
[14:48:42.921141] {Default Queue} wl_buffer#97.release()
[14:48:42.921142] {Default Queue} wl_buffer#104.release()
[14:48:42.921143] {Default Queue} wl_buffer#113.release()
[14:48:42.926327] {Display Queue} wl_display#1.delete_id(116)
[14:48:42.926328] {Display Queue} wl_display#1.delete_id(114)
[14:48:42.926329] {Display Queue} wl_display#1.delete_id(100)
[14:48:42.926330] {Display Queue} wl_display#1.delete_id(109)
[14:48:42.926330] {Display Queue} wl_display#1.delete_id(98)
[14:48:42.926331] {Display Queue} wl_display#1.delete_id(122)
[14:48:42.926331] {Default Queue} wl_callback#116.done(6846041)
[14:48:42.926334] {Default Queue} wl_callback#114.done(6846041)
[14:48:42.926334] {Default Queue} wl_callback#100.done(6846041)
[14:48:42.926336] {Default Queue} wp_presentation_feedback#109.sync_output(wl_output#63)
[14:48:42.926337] {Default Queue} wp_presentation_feedback#109.sync_output(wl_output#31)
[14:48:42.926338] {Default Queue} wp_presentation_feedback#109.presented(0, 6846, 41214614, 0, 0, 0, 0)
[14:48:42.926340] {Default Queue} wp_presentation_feedback#98.sync_output(wl_output#63)
[14:48:42.926341] {Default Queue} wp_presentation_feedback#98.sync_output(wl_output#31)
[14:48:42.926341] {Default Queue} wp_presentation_feedback#98.presented(0, 6846, 41214614, 0, 0, 0, 0)
[14:48:42.926343] {Default Queue} wp_presentation_feedback#122.sync_output(wl_output#63)
[14:48:42.926343] {Default Queue} wp_presentation_feedback#122.sync_output(wl_output#31)
[14:48:42.926344] {Default Queue} wp_presentation_feedback#122.presented(0, 6846, 41214614, 0, 0, 0, 0)
[14:48:42.926672]  -> wl_surface#110.attach(wl_buffer#123, 0, 0)
[14:48:42.926674]  -> wl_surface#110.damage_buffer(346, 86, 588, 62)
[14:48:42.926676]  -> wl_surface#110.frame(new id wl_callback#122)
[14:48:42.926677] {Default Queue}  -> wp_presentation#23.feedback(wl_surface#110, new id wp_presentation_feedback#98)
[14:48:42.926679]  -> wl_surface#110.commit()
[14:48:42.926690] {Display Queue} wl_display#1.delete_id(94)
[14:48:42.926692] {Display Queue} wl_display#1.delete_id(115)
[14:48:42.926692] {Default Queue} wl_callback#94.done(6846041)
[14:48:42.926694] {Default Queue} wp_presentation_feedback#115.sync_output(wl_output#64)
[14:48:42.926695] {Default Queue} wp_presentation_feedback#115.sync_output(wl_output#34)
[14:48:42.926695] {Default Queue} wp_presentation_feedback#115.presented(0, 6846, 41275785, 0, 0, 0, 0)
[14:48:42.926723] {Default Queue}  -> wl_compositor#4.create_region(new id wl_region#115)
[14:48:42.926725] {Default Queue}  -> wl_region#115.add(19, 4, 504, 1)
[14:48:42.926726] {Default Queue}  -> wl_region#115.add(577, 4, 126, 1)
[14:48:42.926726] {Default Queue}  -> wl_region#115.add(877, 4, 384, 1)
[14:48:42.926727] {Default Queue}  -> wl_region#115.add(17, 5, 508, 1)
[14:48:42.926728] {Default Queue}  -> wl_region#115.add(575, 5, 130, 1)
[14:48:42.926728] {Default Queue}  -> wl_region#115.add(875, 5, 388, 1)
[14:48:42.926729] {Default Queue}  -> wl_region#115.add(16, 6, 510, 1)
[14:48:42.926729] {Default Queue}  -> wl_region#115.add(574, 6, 132, 1)
[14:48:42.926730] {Default Queue}  -> wl_region#115.add(874, 6, 390, 1)
[14:48:42.926731] {Default Queue}  -> wl_region#115.add(15, 7, 512, 1)
[14:48:42.926731] {Default Queue}  -> wl_region#115.add(573, 7, 134, 1)
[14:48:42.926732] {Default Queue}  -> wl_region#115.add(873, 7, 392, 1)
[14:48:42.926733] {Default Queue}  -> wl_region#115.add(14, 8, 514, 1)
[14:48:42.926733] {Default Queue}  -> wl_region#115.add(572, 8, 136, 1)
[14:48:42.926734] {Default Queue}  -> wl_region#115.add(872, 8, 394, 1)
[14:48:42.926734] {Default Queue}  -> wl_region#115.add(13, 9, 516, 1)
[14:48:42.926735] {Default Queue}  -> wl_region#115.add(571, 9, 138, 1)
[14:48:42.926736] {Default Queue}  -> wl_region#115.add(871, 9, 396, 1)
[14:48:42.926736] {Default Queue}  -> wl_region#115.add(12, 10, 518, 2)
[14:48:42.926737] {Default Queue}  -> wl_region#115.add(570, 10, 140, 2)
[14:48:42.926737] {Default Queue}  -> wl_region#115.add(870, 10, 398, 2)
[14:48:42.926738] {Default Queue}  -> wl_region#115.add(11, 12, 520, 5)
[14:48:42.926739] {Default Queue}  -> wl_region#115.add(569, 12, 142, 5)
[14:48:42.926739] {Default Queue}  -> wl_region#115.add(869, 12, 400, 5)
[14:48:42.926740] {Default Queue}  -> wl_region#115.add(10, 17, 522, 14)
[14:48:42.926741] {Default Queue}  -> wl_region#115.add(568, 17, 144, 14)
[14:48:42.926741] {Default Queue}  -> wl_region#115.add(868, 17, 402, 14)
[14:48:42.926742] {Default Queue}  -> wl_region#115.add(11, 31, 520, 5)
[14:48:42.926742] {Default Queue}  -> wl_region#115.add(569, 31, 142, 5)
[14:48:42.926743] {Default Queue}  -> wl_region#115.add(869, 31, 400, 5)
[14:48:42.926744] {Default Queue}  -> wl_region#115.add(12, 36, 518, 2)
[14:48:42.926744] {Default Queue}  -> wl_region#115.add(570, 36, 140, 2)
[14:48:42.926745] {Default Queue}  -> wl_region#115.add(870, 36, 398, 2)
[14:48:42.926745] {Default Queue}  -> wl_region#115.add(13, 38, 516, 1)
[14:48:42.926746] {Default Queue}  -> wl_region#115.add(571, 38, 138, 1)
[14:48:42.926747] {Default Queue}  -> wl_region#115.add(871, 38, 396, 1)
[14:48:42.926747] {Default Queue}  -> wl_region#115.add(14, 39, 514, 1)
[14:48:42.926748] {Default Queue}  -> wl_region#115.add(572, 39, 136, 1)
[14:48:42.926748] {Default Queue}  -> wl_region#115.add(872, 39, 394, 1)
[14:48:42.926749] {Default Queue}  -> wl_region#115.add(15, 40, 512, 1)
[14:48:42.926750] {Default Queue}  -> wl_region#115.add(573, 40, 134, 1)
[14:48:42.926750] {Default Queue}  -> wl_region#115.add(873, 40, 392, 1)
[14:48:42.926752] {Default Queue}  -> wl_region#115.add(16, 41, 510, 1)
[14:48:42.926753] {Default Queue}  -> wl_region#115.add(574, 41, 132, 1)
[14:48:42.926753] {Default Queue}  -> wl_region#115.add(874, 41, 390, 1)
[14:48:42.926754] {Default Queue}  -> wl_region#115.add(17, 42, 508, 1)
[14:48:42.926755] {Default Queue}  -> wl_region#115.add(575, 42, 130, 1)
[14:48:42.926755] {Default Queue}  -> wl_region#115.add(875, 42, 388, 1)
[14:48:42.926756] {Default Queue}  -> wl_region#115.add(19, 43, 504, 1)
[14:48:42.926756] {Default Queue}  -> wl_region#115.add(577, 43, 126, 1)
[14:48:42.926757] {Default Queue}  -> wl_region#115.add(877, 43, 384, 1)
[14:48:42.926758]  -> wl_surface#76.set_input_region(wl_region#115)
[14:48:42.926758] {Default Queue}  -> wl_region#115.destroy()
[14:48:42.926759]  -> wl_surface#76.attach(wl_buffer#113, 0, 0)
[14:48:42.926760]  -> wl_surface#76.frame(new id wl_callback#94)
[14:48:42.926761] {Default Queue}  -> wp_presentation#23.feedback(wl_surface#76, new id wp_presentation_feedback#109)
[14:48:42.926762]  -> wl_surface#76.commit()
[14:48:42.926769] {Default Queue} wl_buffer#123.release()
[14:48:42.926866] {Display Queue} wl_display#1.delete_id(115)
[14:48:42.926875] {Default Queue} wl_buffer#113.release()
[14:48:42.942596] {Display Queue} wl_display#1.delete_id(122)
[14:48:42.942601] {Display Queue} wl_display#1.delete_id(98)
[14:48:42.942602] {Default Queue} wl_callback#122.done(6846057)
[14:48:42.942610] {Default Queue} wp_presentation_feedback#98.sync_output(wl_output#63)
[14:48:42.942612] {Default Queue} wp_presentation_feedback#98.sync_output(wl_output#31)
[14:48:42.942613] {Default Queue} wp_presentation_feedback#98.presented(0, 6846, 57473179, 0, 0, 0, 0)
[14:48:42.943071]  -> wl_surface#110.attach(wl_buffer#123, 0, 0)
[14:48:42.943075]  -> wl_surface#110.damage_buffer(346, 86, 588, 62)
[14:48:42.943076]  -> wl_surface#110.frame(new id wl_callback#98)
[14:48:42.943079] {Default Queue}  -> wp_presentation#23.feedback(wl_surface#110, new id wp_presentation_feedback#122)
[14:48:42.943080]  -> wl_surface#110.commit()
[14:48:42.943098] {Display Queue} wl_display#1.delete_id(94)
[14:48:42.943102] {Display Queue} wl_display#1.delete_id(109)
[14:48:42.943103] {Default Queue} wl_callback#94.done(6846057)
[14:48:42.943105] {Default Queue} wp_presentation_feedback#109.sync_output(wl_output#64)
[14:48:42.943105] {Default Queue} wp_presentation_feedback#109.sync_output(wl_output#34)
[14:48:42.943106] {Default Queue} wp_presentation_feedback#109.presented(0, 6846, 57544410, 0, 0, 0, 0)
[14:48:42.943143] {Default Queue} wl_buffer#123.release()
[14:48:42.958832] {Display Queue} wl_display#1.delete_id(98)
[14:48:42.958834] {Display Queue} wl_display#1.delete_id(122)
[14:48:42.958835] {Default Queue} wl_callback#98.done(6846073)
[14:48:42.958840] {Default Queue} wp_presentation_feedback#122.sync_output(wl_output#63)
[14:48:42.958840] {Default Queue} wp_presentation_feedback#122.sync_output(wl_output#31)
[14:48:42.958841] {Default Queue} wp_presentation_feedback#122.presented(0, 6846, 73717534, 0, 0, 0, 0)
[14:48:42.959255]  -> wl_surface#110.attach(wl_buffer#123, 0, 0)
[14:48:42.959258]  -> wl_surface#110.damage_buffer(346, 86, 588, 62)
[14:48:42.959265]  -> wl_surface#110.frame(new id wl_callback#122)
[14:48:42.959267] {Default Queue}  -> wp_presentation#23.feedback(wl_surface#110, new id wp_presentation_feedback#98)
[14:48:42.959269]  -> wl_surface#110.commit()
[14:48:42.959326] {Default Queue} wl_buffer#123.release()
[14:48:42.975153] {Display Queue} wl_display#1.delete_id(122)
[14:48:42.975160] {Display Queue} wl_display#1.delete_id(98)
[14:48:42.975161] {Default Queue} wl_callback#122.done(6846090)
[14:48:42.975170] {Default Queue} wp_presentation_feedback#98.sync_output(wl_output#63)
[14:48:42.975172] {Default Queue} wp_presentation_feedback#98.sync_output(wl_output#31)
[14:48:42.975173] {Default Queue} wp_presentation_feedback#98.presented(0, 6846, 90022849, 0, 0, 0, 0)
[14:48:42.975715]  -> wl_surface#110.attach(wl_buffer#123, 0, 0)
[14:48:42.975719]  -> wl_surface#110.damage_buffer(346, 86, 588, 62)
[14:48:42.975720]  -> wl_surface#110.frame(new id wl_callback#98)
[14:48:42.975722] {Default Queue}  -> wp_presentation#23.feedback(wl_surface#110, new id wp_presentation_feedback#122)
[14:48:42.975724]  -> wl_surface#110.commit()
[14:48:42.975805] {Default Queue} wl_buffer#123.release()
[14:48:42.991419] {Display Queue} wl_display#1.delete_id(98)
[14:48:42.991425] {Display Queue} wl_display#1.delete_id(122)
[14:48:42.991426] {Default Queue} wl_callback#98.done(6846106)
[14:48:42.991435] {Default Queue} wp_presentation_feedback#122.sync_output(wl_output#63)
[14:48:42.991437] {Default Queue} wp_presentation_feedback#122.sync_output(wl_output#31)
[14:48:42.991437] {Default Queue} wp_presentation_feedback#122.presented(0, 6846, 106294194, 0, 0, 0, 0)
[14:48:42.991914]  -> wl_surface#110.attach(wl_buffer#123, 0, 0)
[14:48:42.991917]  -> wl_surface#110.damage_buffer(346, 86, 588, 62)
[14:48:42.991919]  -> wl_surface#110.frame(new id wl_callback#122)
[14:48:42.991921] {Default Queue}  -> wp_presentation#23.feedback(wl_surface#110, new id wp_presentation_feedback#98)
[14:48:42.991922]  -> wl_surface#110.commit()
[14:48:42.991986] {Default Queue} wl_buffer#123.release()
[14:48:42.997188] {Default Queue}  -> zwlr_layer_surface_v1#75.set_exclusive_zone(80)
[14:48:42.997245] {Default Queue}  -> wl_buffer#97.destroy()
[14:48:42.997247] {Default Queue}  -> wl_shm_pool#96.destroy()
[14:48:42.997600] {Default Queue}  -> wl_shm#5.create_pool(new id wl_shm_pool#109, fd 16, 409600)
[14:48:42.997605] {Default Queue}  -> wl_shm_pool#109.create_buffer(new id wl_buffer#94, 0, 1280, 80, 5120, 0)
[14:48:42.997978] {Default Queue}  -> zwlr_layer_surface_v1#75.set_size(0, 80)
[14:48:42.997983] {Default Queue}  -> wl_compositor#4.create_region(new id wl_region#115)
[14:48:42.997985] {Default Queue}  -> wl_region#115.add(56, 27, 46, 26)
[14:48:42.997986]  -> wl_surface#71.set_opaque_region(wl_region#115)
[14:48:42.997987] {Default Queue}  -> wl_region#115.destroy()
[14:48:42.997989] {Default Queue}  -> wp_viewport#73.set_destination(1280, 80)
[14:48:42.997990]  -> wl_surface#71.attach(wl_buffer#94, 0, 0)
[14:48:42.997991]  -> wl_surface#71.damage_buffer(0, 0, 1280, 80)
[14:48:42.997992]  -> wl_surface#71.frame(new id wl_callback#100)
[14:48:42.997994] {Default Queue}  -> wp_presentation#23.feedback(wl_surface#71, new id wp_presentation_feedback#114)
[14:48:42.997995]  -> wl_surface#71.commit()
[14:48:42.998047] {Default Queue}  -> wl_compositor#46.create_region(new id wl_region#116)
[14:48:42.998067] {Default Queue}  -> wl_region#116.add(19, 4, 504, 1)
[14:48:42.998068] {Default Queue}  -> wl_region#116.add(577, 4, 126, 1)
[14:48:42.998069] {Default Queue}  -> wl_region#116.add(877, 4, 384, 1)
[14:48:42.998070] {Default Queue}  -> wl_region#116.add(17, 5, 508, 1)
[14:48:42.998070] {Default Queue}  -> wl_region#116.add(575, 5, 130, 1)
[14:48:42.998071] {Default Queue}  -> wl_region#116.add(875, 5, 388, 1)
[14:48:42.998072] {Default Queue}  -> wl_region#116.add(16, 6, 510, 1)
[14:48:42.998072] {Default Queue}  -> wl_region#116.add(574, 6, 132, 1)
[14:48:42.998073] {Default Queue}  -> wl_region#116.add(874, 6, 390, 1)
[14:48:42.998073] {Default Queue}  -> wl_region#116.add(15, 7, 512, 1)
[14:48:42.998074] {Default Queue}  -> wl_region#116.add(573, 7, 134, 1)
[14:48:42.998075] {Default Queue}  -> wl_region#116.add(873, 7, 392, 1)
[14:48:42.998075] {Default Queue}  -> wl_region#116.add(14, 8, 514, 1)
[14:48:42.998076] {Default Queue}  -> wl_region#116.add(572, 8, 136, 1)
[14:48:42.998076] {Default Queue}  -> wl_region#116.add(872, 8, 394, 1)
[14:48:42.998077] {Default Queue}  -> wl_region#116.add(13, 9, 516, 1)
[14:48:42.998078] {Default Queue}  -> wl_region#116.add(571, 9, 138, 1)
[14:48:42.998078] {Default Queue}  -> wl_region#116.add(871, 9, 396, 1)
[14:48:42.998079] {Default Queue}  -> wl_region#116.add(12, 10, 518, 2)
[14:48:42.998080] {Default Queue}  -> wl_region#116.add(570, 10, 140, 2)
[14:48:42.998080] {Default Queue}  -> wl_region#116.add(870, 10, 398, 2)
[14:48:42.998081] {Default Queue}  -> wl_region#116.add(11, 12, 520, 5)
[14:48:42.998081] {Default Queue}  -> wl_region#116.add(569, 12, 142, 5)
[14:48:42.998082] {Default Queue}  -> wl_region#116.add(869, 12, 400, 5)
[14:48:42.998083] {Default Queue}  -> wl_region#116.add(10, 17, 522, 46)
[14:48:42.998083] {Default Queue}  -> wl_region#116.add(568, 17, 144, 46)
[14:48:42.998084] {Default Queue}  -> wl_region#116.add(868, 17, 402, 46)
[14:48:42.998084] {Default Queue}  -> wl_region#116.add(11, 63, 520, 5)
[14:48:42.998085] {Default Queue}  -> wl_region#116.add(569, 63, 142, 5)
[14:48:42.998085] {Default Queue}  -> wl_region#116.add(869, 63, 400, 5)
[14:48:42.998086] {Default Queue}  -> wl_region#116.add(12, 68, 518, 2)
[14:48:42.998087] {Default Queue}  -> wl_region#116.add(570, 68, 140, 2)
[14:48:42.998087] {Default Queue}  -> wl_region#116.add(870, 68, 398, 2)
[14:48:42.998088] {Default Queue}  -> wl_region#116.add(13, 70, 516, 1)
[14:48:42.998089] {Default Queue}  -> wl_region#116.add(571, 70, 138, 1)
[14:48:42.998089] {Default Queue}  -> wl_region#116.add(871, 70, 396, 1)
[14:48:42.998090] {Default Queue}  -> wl_region#116.add(14, 71, 514, 1)
[14:48:42.998091] {Default Queue}  -> wl_region#116.add(572, 71, 136, 1)
[14:48:42.998091] {Default Queue}  -> wl_region#116.add(872, 71, 394, 1)
[14:48:42.998092] {Default Queue}  -> wl_region#116.add(15, 72, 512, 1)
[14:48:42.998092] {Default Queue}  -> wl_region#116.add(573, 72, 134, 1)
[14:48:42.998093] {Default Queue}  -> wl_region#116.add(873, 72, 392, 1)
[14:48:42.998094] {Default Queue}  -> wl_region#116.add(16, 73, 510, 1)
[14:48:42.998095] {Default Queue}  -> wl_region#116.add(574, 73, 132, 1)
[14:48:42.998095] {Default Queue}  -> wl_region#116.add(874, 73, 390, 1)
[14:48:42.998096] {Default Queue}  -> wl_region#116.add(17, 74, 508, 1)
[14:48:42.998096] {Default Queue}  -> wl_region#116.add(575, 74, 130, 1)
[14:48:42.998097] {Default Queue}  -> wl_region#116.add(875, 74, 388, 1)
[14:48:42.998098] {Default Queue}  -> wl_region#116.add(19, 75, 504, 1)
[14:48:42.998098] {Default Queue}  -> wl_region#116.add(577, 75, 126, 1)
[14:48:42.998103] {Default Queue}  -> wl_region#116.add(877, 75, 384, 1)
[14:48:42.998104] {Default Queue}  -> ext_background_effect_surface_v1#101.set_blur_region(wl_region#116)
[14:48:42.998105] {Default Queue}  -> wl_region#116.destroy()
[14:48:42.998513] {Display Queue} wl_display#1.delete_id(97)
[14:48:42.998516] {Display Queue} wl_display#1.delete_id(96)
[14:48:42.998516] {Display Queue} wl_display#1.delete_id(115)
[14:48:42.998517] {Display Queue} wl_display#1.delete_id(116)
[14:48:42.998517] {Default Queue} zwlr_layer_surface_v1#75.configure(121, 1280, 80)
[14:48:42.998521] {Default Queue}  -> zwlr_layer_surface_v1#75.ack_configure(121)
[14:48:42.998522] {Default Queue} zwlr_layer_surface_v1#69.configure(122, 1280, 720)
[14:48:42.998525] {Default Queue}  -> zwlr_layer_surface_v1#69.ack_configure(122)
[14:48:42.998526] {Default Queue} zwlr_layer_surface_v1#80.configure(123, 88, 2)
[14:48:42.998530] {Default Queue}  -> zwlr_layer_surface_v1#80.ack_configure(123)
[14:48:42.998530] {Default Queue} zwlr_layer_surface_v1#124.configure(124, 1280, 640)
[14:48:42.998531] {Default Queue}  -> zwlr_layer_surface_v1#124.ack_configure(124)
[14:48:42.998532] {Default Queue} wl_buffer#94.release()
[14:48:42.998542]  -> wl_surface#65.commit()
[14:48:42.998549]  -> wl_surface#70.commit()
info: event=launcher-results count=114 shown=114 publish_us=5033
[14:48:43.007793] {Display Queue} wl_display#1.delete_id(100)
[14:48:43.007796] {Display Queue} wl_display#1.delete_id(122)
[14:48:43.007797] {Display Queue} wl_display#1.delete_id(114)
[14:48:43.007797] {Display Queue} wl_display#1.delete_id(98)
[14:48:43.007798] {Default Queue} wl_callback#100.done(6846122)
[14:48:43.007801] {Default Queue} wl_callback#122.done(6846122)
[14:48:43.007803] {Default Queue} wp_presentation_feedback#114.sync_output(wl_output#63)
[14:48:43.007804] {Default Queue} wp_presentation_feedback#114.sync_output(wl_output#31)
[14:48:43.007805] {Default Queue} wp_presentation_feedback#114.presented(0, 6846, 122659910, 0, 0, 0, 0)
[14:48:43.007807] {Default Queue} wp_presentation_feedback#98.sync_output(wl_output#63)
[14:48:43.007808] {Default Queue} wp_presentation_feedback#98.sync_output(wl_output#31)
[14:48:43.007808] {Default Queue} wp_presentation_feedback#98.presented(0, 6846, 122659910, 0, 0, 0, 0)
[14:48:43.007868] {Default Queue}  -> wl_compositor#4.create_region(new id wl_region#98)
[14:48:43.007870] {Default Queue}  -> wl_region#98.add(19, 4, 504, 1)
[14:48:43.007871] {Default Queue}  -> wl_region#98.add(577, 4, 126, 1)
[14:48:43.007872] {Default Queue}  -> wl_region#98.add(877, 4, 384, 1)
[14:48:43.007872] {Default Queue}  -> wl_region#98.add(17, 5, 508, 1)
[14:48:43.007873] {Default Queue}  -> wl_region#98.add(575, 5, 130, 1)
[14:48:43.007873] {Default Queue}  -> wl_region#98.add(875, 5, 388, 1)
[14:48:43.007874] {Default Queue}  -> wl_region#98.add(16, 6, 510, 1)
[14:48:43.007875] {Default Queue}  -> wl_region#98.add(574, 6, 132, 1)
[14:48:43.007875] {Default Queue}  -> wl_region#98.add(874, 6, 390, 1)
[14:48:43.007876] {Default Queue}  -> wl_region#98.add(15, 7, 512, 1)
[14:48:43.007877] {Default Queue}  -> wl_region#98.add(573, 7, 134, 1)
[14:48:43.007878] {Default Queue}  -> wl_region#98.add(873, 7, 392, 1)
[14:48:43.007878] {Default Queue}  -> wl_region#98.add(14, 8, 514, 1)
[14:48:43.007879] {Default Queue}  -> wl_region#98.add(572, 8, 136, 1)
[14:48:43.007879] {Default Queue}  -> wl_region#98.add(872, 8, 394, 1)
[14:48:43.007880] {Default Queue}  -> wl_region#98.add(13, 9, 516, 1)
[14:48:43.007881] {Default Queue}  -> wl_region#98.add(571, 9, 138, 1)
[14:48:43.007881] {Default Queue}  -> wl_region#98.add(871, 9, 396, 1)
[14:48:43.007882] {Default Queue}  -> wl_region#98.add(12, 10, 518, 2)
[14:48:43.007883] {Default Queue}  -> wl_region#98.add(570, 10, 140, 2)
[14:48:43.007883] {Default Queue}  -> wl_region#98.add(870, 10, 398, 2)
[14:48:43.007884] {Default Queue}  -> wl_region#98.add(11, 12, 520, 5)
[14:48:43.007884] {Default Queue}  -> wl_region#98.add(569, 12, 142, 5)
[14:48:43.007885] {Default Queue}  -> wl_region#98.add(869, 12, 400, 5)
[14:48:43.007885] {Default Queue}  -> wl_region#98.add(10, 17, 522, 46)
[14:48:43.007886] {Default Queue}  -> wl_region#98.add(568, 17, 144, 46)
[14:48:43.007887] {Default Queue}  -> wl_region#98.add(868, 17, 402, 46)
[14:48:43.007887] {Default Queue}  -> wl_region#98.add(11, 63, 520, 5)
[14:48:43.007888] {Default Queue}  -> wl_region#98.add(569, 63, 142, 5)
[14:48:43.007888] {Default Queue}  -> wl_region#98.add(869, 63, 400, 5)
[14:48:43.007889] {Default Queue}  -> wl_region#98.add(12, 68, 518, 2)
[14:48:43.007890] {Default Queue}  -> wl_region#98.add(570, 68, 140, 2)
[14:48:43.007890] {Default Queue}  -> wl_region#98.add(870, 68, 398, 2)
[14:48:43.007891] {Default Queue}  -> wl_region#98.add(13, 70, 516, 1)
[14:48:43.007891] {Default Queue}  -> wl_region#98.add(571, 70, 138, 1)
[14:48:43.007892] {Default Queue}  -> wl_region#98.add(871, 70, 396, 1)
[14:48:43.007893] {Default Queue}  -> wl_region#98.add(14, 71, 514, 1)
[14:48:43.007893] {Default Queue}  -> wl_region#98.add(572, 71, 136, 1)
[14:48:43.007894] {Default Queue}  -> wl_region#98.add(872, 71, 394, 1)
[14:48:43.007895] {Default Queue}  -> wl_region#98.add(15, 72, 512, 1)
[14:48:43.007895] {Default Queue}  -> wl_region#98.add(573, 72, 134, 1)
[14:48:43.007896] {Default Queue}  -> wl_region#98.add(873, 72, 392, 1)
[14:48:43.007897] {Default Queue}  -> wl_region#98.add(16, 73, 510, 1)
[14:48:43.007897] {Default Queue}  -> wl_region#98.add(574, 73, 132, 1)
[14:48:43.007898] {Default Queue}  -> wl_region#98.add(874, 73, 390, 1)
[14:48:43.007899] {Default Queue}  -> wl_region#98.add(17, 74, 508, 1)
[14:48:43.007899] {Default Queue}  -> wl_region#98.add(575, 74, 130, 1)
[14:48:43.007900] {Default Queue}  -> wl_region#98.add(875, 74, 388, 1)
[14:48:43.007901] {Default Queue}  -> wl_region#98.add(19, 75, 504, 1)
[14:48:43.007901] {Default Queue}  -> wl_region#98.add(577, 75, 126, 1)
[14:48:43.007902] {Default Queue}  -> wl_region#98.add(877, 75, 384, 1)
[14:48:43.007903]  -> wl_surface#71.set_input_region(wl_region#98)
[14:48:43.007904] {Default Queue}  -> wl_region#98.destroy()
[14:48:43.007905]  -> wl_surface#71.attach(wl_buffer#94, 0, 0)
[14:48:43.007906]  -> wl_surface#71.frame(new id wl_callback#114)
[14:48:43.007908] {Default Queue}  -> wp_presentation#23.feedback(wl_surface#71, new id wp_presentation_feedback#122)
[14:48:43.007909]  -> wl_surface#71.commit()
[14:48:43.015801] {Default Queue}  -> wl_buffer#123.destroy()
[14:48:43.015806] {Default Queue}  -> wl_shm_pool#118.destroy()
[14:48:43.017778] {Default Queue}  -> wl_shm#5.create_pool(new id wl_shm_pool#100, fd 16, 3276800)
[14:48:43.017783] {Default Queue}  -> wl_shm_pool#100.create_buffer(new id wl_buffer#116, 0, 1280, 640, 5120, 0)
[14:48:43.018580] {Default Queue}  -> wl_compositor#4.create_region(new id wl_region#115)
[14:48:43.018583] {Default Queue}  -> wl_region#115.add(365, 142, 550, 62)
[14:48:43.018585]  -> wl_surface#110.set_opaque_region(wl_region#115)
[14:48:43.018586] {Default Queue}  -> wl_region#115.destroy()
[14:48:43.018587] {Default Queue}  -> wp_viewport#126.set_destination(1280, 640)
[14:48:43.018588]  -> wl_surface#110.attach(wl_buffer#116, 0, 0)
[14:48:43.018589]  -> wl_surface#110.damage_buffer(0, 0, 1280, 640)
[14:48:43.018590]  -> wl_surface#110.frame(new id wl_callback#96)
[14:48:43.018592] {Default Queue}  -> wp_presentation#23.feedback(wl_surface#110, new id wp_presentation_feedback#97)
[14:48:43.018593]  -> wl_surface#110.commit()
[14:48:43.018611] {Default Queue}  -> wl_compositor#46.create_region(new id wl_region#93)
[14:48:43.018642] {Default Queue}  -> wl_region#93.add(339, 20, 602, 1)
[14:48:43.018643] {Default Queue}  -> wl_region#93.add(337, 21, 606, 1)
[14:48:43.018643] {Default Queue}  -> wl_region#93.add(336, 22, 608, 1)
[14:48:43.018644] {Default Queue}  -> wl_region#93.add(335, 23, 610, 1)
[14:48:43.018645] {Default Queue}  -> wl_region#93.add(334, 24, 612, 1)
[14:48:43.018645] {Default Queue}  -> wl_region#93.add(333, 25, 614, 1)
[14:48:43.018646] {Default Queue}  -> wl_region#93.add(332, 26, 616, 2)
[14:48:43.018647] {Default Queue}  -> wl_region#93.add(331, 28, 618, 5)
[14:48:43.018647] {Default Queue}  -> wl_region#93.add(330, 33, 620, 574)
[14:48:43.018648] {Default Queue}  -> wl_region#93.add(331, 607, 618, 5)
[14:48:43.018648] {Default Queue}  -> wl_region#93.add(332, 612, 616, 2)
[14:48:43.018649] {Default Queue}  -> wl_region#93.add(333, 614, 614, 1)
[14:48:43.018650] {Default Queue}  -> wl_region#93.add(334, 615, 612, 1)
[14:48:43.018650] {Default Queue}  -> wl_region#93.add(335, 616, 610, 1)
[14:48:43.018651] {Default Queue}  -> wl_region#93.add(336, 617, 608, 1)
[14:48:43.018651] {Default Queue}  -> wl_region#93.add(337, 618, 606, 1)
[14:48:43.018652] {Default Queue}  -> wl_region#93.add(339, 619, 602, 1)
[14:48:43.018653] {Default Queue}  -> ext_background_effect_surface_v1#102.set_blur_region(wl_region#93)
[14:48:43.018654] {Default Queue}  -> wl_region#93.destroy()
info: event=launcher-painted latency_us=17538
[14:48:43.018764]  -> wl_surface#70.attach(wl_buffer#104, 0, 0)
[14:48:43.018769]  -> wl_surface#70.frame(new id wl_callback#125)
[14:48:43.018771] {Default Queue}  -> wp_presentation#23.feedback(wl_surface#70, new id wp_presentation_feedback#99)
[14:48:43.018773]  -> wl_surface#70.commit()
[14:48:43.019309] {Display Queue} wl_display#1.delete_id(98)
[14:48:43.019314] {Display Queue} wl_display#1.delete_id(123)
[14:48:43.019315] {Display Queue} wl_display#1.delete_id(118)
[14:48:43.019316] {Display Queue} wl_display#1.delete_id(115)
[14:48:43.019316] {Display Queue} wl_display#1.delete_id(93)
[14:48:43.019317] {Default Queue} wl_buffer#94.release()
[14:48:43.019318] {Default Queue} wl_buffer#116.release()
[14:48:43.019326] {Default Queue} wl_buffer#104.release()
[14:48:43.024189] {Display Queue} wl_display#1.delete_id(114)
[14:48:43.024190] {Display Queue} wl_display#1.delete_id(125)
[14:48:43.024191] {Display Queue} wl_display#1.delete_id(96)
[14:48:43.024191] {Display Queue} wl_display#1.delete_id(122)
[14:48:43.024192] {Display Queue} wl_display#1.delete_id(99)
[14:48:43.024192] {Display Queue} wl_display#1.delete_id(97)
[14:48:43.024193] {Default Queue} wl_callback#114.done(6846139)
[14:48:43.024199] {Default Queue} wl_callback#125.done(6846139)
[14:48:43.024200] {Default Queue} wl_callback#96.done(6846139)
[14:48:43.024203] {Default Queue} wp_presentation_feedback#122.sync_output(wl_output#63)
[14:48:43.024204] {Default Queue} wp_presentation_feedback#122.sync_output(wl_output#31)
[14:48:43.024205] {Default Queue} wp_presentation_feedback#122.presented(0, 6846, 139070647, 0, 0, 0, 0)
[14:48:43.024207] {Default Queue} wp_presentation_feedback#99.sync_output(wl_output#63)
[14:48:43.024207] {Default Queue} wp_presentation_feedback#99.sync_output(wl_output#31)
[14:48:43.024208] {Default Queue} wp_presentation_feedback#99.presented(0, 6846, 139070647, 0, 0, 0, 0)
[14:48:43.024210] {Default Queue} wp_presentation_feedback#97.sync_output(wl_output#63)
[14:48:43.024210] {Default Queue} wp_presentation_feedback#97.sync_output(wl_output#31)
[14:48:43.024211] {Default Queue} wp_presentation_feedback#97.presented(0, 6846, 139070647, 0, 0, 0, 0)
[14:48:43.024869]  -> wl_surface#110.attach(wl_buffer#116, 0, 0)
[14:48:43.024873]  -> wl_surface#110.damage_buffer(346, 70, 588, 62)
[14:48:43.024875]  -> wl_surface#110.frame(new id wl_callback#97)
[14:48:43.024876] {Default Queue}  -> wp_presentation#23.feedback(wl_surface#110, new id wp_presentation_feedback#99)
[14:48:43.024878]  -> wl_surface#110.commit()
[14:48:43.024937] {Default Queue} wl_buffer#116.release()
[14:48:43.040407] {Display Queue} wl_display#1.delete_id(97)
[14:48:43.040413] {Display Queue} wl_display#1.delete_id(99)
[14:48:43.040414] {Default Queue} wl_callback#97.done(6846155)
[14:48:43.040423] {Default Queue} wp_presentation_feedback#99.sync_output(wl_output#63)
[14:48:43.040424] {Default Queue} wp_presentation_feedback#99.sync_output(wl_output#31)
[14:48:43.040425] {Default Queue} wp_presentation_feedback#99.presented(0, 6846, 155282841, 0, 0, 0, 0)
[14:48:43.040959]  -> wl_surface#110.attach(wl_buffer#116, 0, 0)
[14:48:43.040963]  -> wl_surface#110.damage_buffer(346, 70, 588, 62)
[14:48:43.040965]  -> wl_surface#110.frame(new id wl_callback#99)
[14:48:43.040967] {Default Queue}  -> wp_presentation#23.feedback(wl_surface#110, new id wp_presentation_feedback#97)
[14:48:43.040969]  -> wl_surface#110.commit()
[14:48:43.041035] {Default Queue} wl_buffer#116.release()
[14:48:43.056632] {Display Queue} wl_display#1.delete_id(99)
[14:48:43.056636] {Display Queue} wl_display#1.delete_id(97)
[14:48:43.056637] {Default Queue} wl_callback#99.done(6846171)
[14:48:43.056642] {Default Queue} wp_presentation_feedback#97.sync_output(wl_output#63)
[14:48:43.056644] {Default Queue} wp_presentation_feedback#97.sync_output(wl_output#31)
[14:48:43.056645] {Default Queue} wp_presentation_feedback#97.presented(0, 6846, 171514565, 0, 0, 0, 0)
[14:48:43.057094]  -> wl_surface#110.attach(wl_buffer#116, 0, 0)
[14:48:43.057097]  -> wl_surface#110.damage_buffer(346, 70, 588, 62)
[14:48:43.057103]  -> wl_surface#110.frame(new id wl_callback#97)
[14:48:43.057105] {Default Queue}  -> wp_presentation#23.feedback(wl_surface#110, new id wp_presentation_feedback#99)
[14:48:43.057106]  -> wl_surface#110.commit()
[14:48:43.057170] {Default Queue} wl_buffer#116.release()
[14:48:43.072876] {Display Queue} wl_display#1.delete_id(97)
[14:48:43.072883] {Display Queue} wl_display#1.delete_id(99)
[14:48:43.072885] {Default Queue} wl_callback#97.done(6846187)
[14:48:43.072893] {Default Queue} wp_presentation_feedback#99.sync_output(wl_output#63)
[14:48:43.072896] {Default Queue} wp_presentation_feedback#99.sync_output(wl_output#31)
[14:48:43.072897] {Default Queue} wp_presentation_feedback#99.presented(0, 6846, 187751599, 0, 0, 0, 0)
[14:48:43.073459]  -> wl_surface#110.attach(wl_buffer#116, 0, 0)
[14:48:43.073464]  -> wl_surface#110.damage_buffer(346, 70, 588, 62)
[14:48:43.073466]  -> wl_surface#110.frame(new id wl_callback#99)
[14:48:43.073468] {Default Queue}  -> wp_presentation#23.feedback(wl_surface#110, new id wp_presentation_feedback#97)
[14:48:43.073470]  -> wl_surface#110.commit()
[14:48:43.073547] {Default Queue} wl_buffer#116.release()
[14:48:43.089080] {Display Queue} wl_display#1.delete_id(99)
[14:48:43.089083] {Display Queue} wl_display#1.delete_id(97)
[14:48:43.089084] {Default Queue} wl_callback#99.done(6846203)
[14:48:43.089090] {Default Queue} wp_presentation_feedback#97.sync_output(wl_output#63)
[14:48:43.089091] {Default Queue} wp_presentation_feedback#97.sync_output(wl_output#31)
[14:48:43.089093] {Default Queue} wp_presentation_feedback#97.presented(0, 6846, 203965664, 0, 0, 0, 0)
[14:48:43.089486]  -> wl_surface#110.attach(wl_buffer#116, 0, 0)
[14:48:43.089488]  -> wl_surface#110.damage_buffer(346, 70, 588, 62)
[14:48:43.089490]  -> wl_surface#110.frame(new id wl_callback#97)
[14:48:43.089492] {Default Queue}  -> wp_presentation#23.feedback(wl_surface#110, new id wp_presentation_feedback#99)
[14:48:43.089493]  -> wl_surface#110.commit()
[14:48:43.089561] {Default Queue} wl_buffer#116.release()
[14:48:43.105361] {Display Queue} wl_display#1.delete_id(97)
[14:48:43.105366] {Display Queue} wl_display#1.delete_id(99)
[14:48:43.105367] {Default Queue} wl_callback#97.done(6846220)
[14:48:43.105374] {Default Queue} wp_presentation_feedback#99.sync_output(wl_output#63)
[14:48:43.105375] {Default Queue} wp_presentation_feedback#99.sync_output(wl_output#31)
[14:48:43.105376] {Default Queue} wp_presentation_feedback#99.presented(0, 6846, 220242638, 0, 0, 0, 0)
[14:48:43.105792]  -> wl_surface#110.attach(wl_buffer#116, 0, 0)
[14:48:43.105795]  -> wl_surface#110.damage_buffer(346, 70, 588, 62)
[14:48:43.105796]  -> wl_surface#110.frame(new id wl_callback#99)
[14:48:43.105798] {Default Queue}  -> wp_presentation#23.feedback(wl_surface#110, new id wp_presentation_feedback#97)
[14:48:43.105799]  -> wl_surface#110.commit()
[14:48:43.105859] {Default Queue} wl_buffer#116.release()
[14:48:43.121590] {Display Queue} wl_display#1.delete_id(99)
[14:48:43.121594] {Display Queue} wl_display#1.delete_id(97)
[14:48:43.121595] {Default Queue} wl_callback#99.done(6846236)
[14:48:43.121602] {Default Queue} wp_presentation_feedback#97.sync_output(wl_output#63)
[14:48:43.121603] {Default Queue} wp_presentation_feedback#97.sync_output(wl_output#31)
[14:48:43.121604] {Default Queue} wp_presentation_feedback#97.presented(0, 6846, 236475603, 0, 0, 0, 0)
[14:48:43.121994]  -> wl_surface#110.attach(wl_buffer#116, 0, 0)
[14:48:43.121997]  -> wl_surface#110.damage_buffer(346, 70, 588, 62)
[14:48:43.121998]  -> wl_surface#110.frame(new id wl_callback#97)
[14:48:43.122000] {Default Queue}  -> wp_presentation#23.feedback(wl_surface#110, new id wp_presentation_feedback#99)
[14:48:43.122002]  -> wl_surface#110.commit()
[14:48:43.122047] {Default Queue} wl_buffer#116.release()
[14:48:43.137790] {Display Queue} wl_display#1.delete_id(97)
[14:48:43.137793] {Display Queue} wl_display#1.delete_id(99)
[14:48:43.137793] {Default Queue} wl_callback#97.done(6846252)
[14:48:43.137798] {Default Queue} wp_presentation_feedback#99.sync_output(wl_output#63)
[14:48:43.137799] {Default Queue} wp_presentation_feedback#99.sync_output(wl_output#31)
[14:48:43.137800] {Default Queue} wp_presentation_feedback#99.presented(0, 6846, 252680027, 0, 0, 0, 0)
[14:48:43.138133]  -> wl_surface#110.attach(wl_buffer#116, 0, 0)
[14:48:43.138135]  -> wl_surface#110.damage_buffer(346, 70, 588, 62)
[14:48:43.138136]  -> wl_surface#110.frame(new id wl_callback#99)
[14:48:43.138138] {Default Queue}  -> wp_presentation#23.feedback(wl_surface#110, new id wp_presentation_feedback#97)
[14:48:43.138139]  -> wl_surface#110.commit()
[14:48:43.138172] {Default Queue} wl_buffer#116.release()
[14:48:43.154001] {Display Queue} wl_display#1.delete_id(99)
[14:48:43.154005] {Display Queue} wl_display#1.delete_id(97)
[14:48:43.154006] {Default Queue} wl_callback#99.done(6846268)
[14:48:43.154011] {Default Queue} wp_presentation_feedback#97.sync_output(wl_output#63)
[14:48:43.154012] {Default Queue} wp_presentation_feedback#97.sync_output(wl_output#31)
[14:48:43.154013] {Default Queue} wp_presentation_feedback#97.presented(0, 6846, 268888261, 0, 0, 0, 0)
[14:48:43.154354]  -> wl_surface#110.attach(wl_buffer#116, 0, 0)
[14:48:43.154356]  -> wl_surface#110.damage_buffer(346, 70, 588, 62)
[14:48:43.154357]  -> wl_surface#110.frame(new id wl_callback#97)
[14:48:43.154359] {Default Queue}  -> wp_presentation#23.feedback(wl_surface#110, new id wp_presentation_feedback#99)
[14:48:43.154360]  -> wl_surface#110.commit()
[14:48:43.154411] {Default Queue} wl_buffer#116.release()
[14:48:43.170982] {Display Queue} wl_display#1.delete_id(97)
[14:48:43.170987] {Display Queue} wl_display#1.delete_id(99)
[14:48:43.170987] {Default Queue} wl_callback#97.done(6846285)
[14:48:43.170994] {Default Queue} wp_presentation_feedback#99.sync_output(wl_output#63)
[14:48:43.170996] {Default Queue} wp_presentation_feedback#99.sync_output(wl_output#31)
[14:48:43.170997] {Default Queue} wp_presentation_feedback#99.presented(0, 6846, 285862085, 0, 0, 0, 0)
[14:48:43.171449]  -> wl_surface#110.attach(wl_buffer#116, 0, 0)
[14:48:43.171454]  -> wl_surface#110.damage_buffer(346, 70, 588, 62)
[14:48:43.171456]  -> wl_surface#110.frame(new id wl_callback#99)
[14:48:43.171458] {Default Queue}  -> wp_presentation#23.feedback(wl_surface#110, new id wp_presentation_feedback#97)
[14:48:43.171460]  -> wl_surface#110.commit()
[14:48:43.171515] {Default Queue} wl_buffer#116.release()
[14:48:43.187155] {Display Queue} wl_display#1.delete_id(99)
[14:48:43.187158] {Display Queue} wl_display#1.delete_id(97)
[14:48:43.187159] {Default Queue} wl_callback#99.done(6846302)
[14:48:43.187163] {Default Queue} wp_presentation_feedback#97.sync_output(wl_output#63)
[14:48:43.187164] {Default Queue} wp_presentation_feedback#97.sync_output(wl_output#31)
[14:48:43.187165] {Default Queue} wp_presentation_feedback#97.presented(0, 6846, 302042488, 0, 0, 0, 0)
[14:48:43.187514]  -> wl_surface#110.attach(wl_buffer#116, 0, 0)
[14:48:43.187517]  -> wl_surface#110.damage_buffer(346, 70, 588, 62)
[14:48:43.187519]  -> wl_surface#110.frame(new id wl_callback#97)
[14:48:43.187520] {Default Queue}  -> wp_presentation#23.feedback(wl_surface#110, new id wp_presentation_feedback#99)
[14:48:43.187522]  -> wl_surface#110.commit()
[14:48:43.187566] {Default Queue} wl_buffer#116.release()
[14:48:43.203368] {Display Queue} wl_display#1.delete_id(97)
[14:48:43.203373] {Display Queue} wl_display#1.delete_id(99)
[14:48:43.203374] {Default Queue} wl_callback#97.done(6846318)
[14:48:43.203381] {Default Queue} wp_presentation_feedback#99.sync_output(wl_output#63)
[14:48:43.203383] {Default Queue} wp_presentation_feedback#99.sync_output(wl_output#31)
[14:48:43.203383] {Default Queue} wp_presentation_feedback#99.presented(0, 6846, 318244392, 0, 0, 0, 0)
[14:48:43.203772]  -> wl_surface#110.attach(wl_buffer#116, 0, 0)
[14:48:43.203775]  -> wl_surface#110.damage_buffer(346, 70, 588, 62)
[14:48:43.203777]  -> wl_surface#110.frame(new id wl_callback#99)
[14:48:43.203778] {Default Queue}  -> wp_presentation#23.feedback(wl_surface#110, new id wp_presentation_feedback#97)
[14:48:43.203780]  -> wl_surface#110.commit()
[14:48:43.203831] {Default Queue} wl_buffer#116.release()
[14:48:43.219544] {Display Queue} wl_display#1.delete_id(99)
[14:48:43.219548] {Display Queue} wl_display#1.delete_id(97)
[14:48:43.219549] {Default Queue} wl_callback#99.done(6846334)
[14:48:43.219555] {Default Queue} wp_presentation_feedback#97.sync_output(wl_output#63)
[14:48:43.219556] {Default Queue} wp_presentation_feedback#97.sync_output(wl_output#31)
[14:48:43.219557] {Default Queue} wp_presentation_feedback#97.presented(0, 6846, 334429056, 0, 0, 0, 0)
[14:48:43.356106] {Default Queue}  -> ext_background_effect_surface_v1#102.destroy()
[14:48:43.356205] {Default Queue}  -> zwlr_layer_surface_v1#124.destroy()
[14:48:43.356208]  -> wl_surface#110.attach(nil, 0, 0)
[14:48:43.356210]  -> wl_surface#110.commit()
[14:48:43.356245] {Default Queue}  -> wl_buffer#116.destroy()
[14:48:43.356247] {Default Queue}  -> wl_shm_pool#100.destroy()
[14:48:43.356559] {Default Queue}  -> wp_viewport#126.destroy()
[14:48:43.356563] {Default Queue}  -> wp_fractional_scale_v1#105.destroy()
[14:48:43.356564]  -> wl_surface#110.destroy()
[14:48:43.356576] {Default Queue}  -> xdg_toplevel_icon_v1#106.destroy()
info: event=popup-closed
[14:48:43.360046] {Display Queue} wl_display#1.delete_id(102)
[14:48:43.360065] {Display Queue} wl_display#1.delete_id(124)
[14:48:43.360066] {Display Queue} wl_display#1.delete_id(116)
[14:48:43.360067] {Display Queue} wl_display#1.delete_id(100)
[14:48:43.360067] {Display Queue} wl_display#1.delete_id(126)
[14:48:43.360068] {Display Queue} wl_display#1.delete_id(105)
[14:48:43.360068] {Display Queue} wl_display#1.delete_id(110)
[14:48:43.360069] {Display Queue} wl_display#1.delete_id(106)
[14:48:43.360069] {Default Queue} zwlr_layer_surface_v1#75.configure(127, 1280, 80)
[14:48:43.360079] {Default Queue}  -> zwlr_layer_surface_v1#75.ack_configure(127)
[14:48:43.360080] {Default Queue} zwlr_layer_surface_v1#69.configure(128, 1280, 720)
[14:48:43.360082] {Default Queue}  -> zwlr_layer_surface_v1#69.ack_configure(128)
[14:48:43.360083] {Default Queue} zwlr_layer_surface_v1#80.configure(129, 88, 2)
[14:48:43.360088] {Default Queue}  -> zwlr_layer_surface_v1#80.ack_configure(129)
[14:48:43.360209]  -> wl_surface#71.commit()
[14:48:43.360227]  -> wl_surface#65.commit()
[14:48:43.360232]  -> wl_surface#70.commit()
[14:48:43.361045]  -> wl_surface#76.attach(wl_buffer#113, 0, 0)
[14:48:43.361050]  -> wl_surface#76.damage_buffer(4, 4, 555, 40)
[14:48:43.361054]  -> wl_surface#76.frame(new id wl_callback#106)
[14:48:43.361058] {Default Queue}  -> wp_presentation#23.feedback(wl_surface#76, new id wp_presentation_feedback#110)
[14:48:43.361063]  -> wl_surface#76.commit()
[14:48:43.361110] {Default Queue}  -> wl_compositor#46.create_region(new id wl_region#105)
[14:48:43.361125] {Default Queue}  -> wl_region#105.add(19, 4, 525, 1)
[14:48:43.361127] {Default Queue}  -> wl_region#105.add(577, 4, 126, 1)
[14:48:43.361128] {Default Queue}  -> wl_region#105.add(877, 4, 384, 1)
[14:48:43.361128] {Default Queue}  -> wl_region#105.add(17, 5, 529, 1)
[14:48:43.361129] {Default Queue}  -> wl_region#105.add(575, 5, 130, 1)
[14:48:43.361130] {Default Queue}  -> wl_region#105.add(875, 5, 388, 1)
[14:48:43.361130] {Default Queue}  -> wl_region#105.add(16, 6, 531, 1)
[14:48:43.361131] {Default Queue}  -> wl_region#105.add(574, 6, 132, 1)
[14:48:43.361132] {Default Queue}  -> wl_region#105.add(874, 6, 390, 1)
[14:48:43.361133] {Default Queue}  -> wl_region#105.add(15, 7, 533, 1)
[14:48:43.361133] {Default Queue}  -> wl_region#105.add(573, 7, 134, 1)
[14:48:43.361134] {Default Queue}  -> wl_region#105.add(873, 7, 392, 1)
[14:48:43.361135] {Default Queue}  -> wl_region#105.add(14, 8, 535, 1)
[14:48:43.361135] {Default Queue}  -> wl_region#105.add(572, 8, 136, 1)
[14:48:43.361136] {Default Queue}  -> wl_region#105.add(872, 8, 394, 1)
[14:48:43.361136] {Default Queue}  -> wl_region#105.add(13, 9, 537, 1)
[14:48:43.361137] {Default Queue}  -> wl_region#105.add(571, 9, 138, 1)
[14:48:43.361138] {Default Queue}  -> wl_region#105.add(871, 9, 396, 1)
[14:48:43.361138] {Default Queue}  -> wl_region#105.add(12, 10, 539, 2)
[14:48:43.361139] {Default Queue}  -> wl_region#105.add(570, 10, 140, 2)
[14:48:43.361140] {Default Queue}  -> wl_region#105.add(870, 10, 398, 2)
[14:48:43.361141] {Default Queue}  -> wl_region#105.add(11, 12, 541, 5)
[14:48:43.361142] {Default Queue}  -> wl_region#105.add(569, 12, 142, 5)
[14:48:43.361142] {Default Queue}  -> wl_region#105.add(869, 12, 400, 5)
[14:48:43.361143] {Default Queue}  -> wl_region#105.add(10, 17, 543, 14)
[14:48:43.361144] {Default Queue}  -> wl_region#105.add(568, 17, 144, 14)
[14:48:43.361145] {Default Queue}  -> wl_region#105.add(868, 17, 402, 14)
[14:48:43.361146] {Default Queue}  -> wl_region#105.add(11, 31, 541, 5)
[14:48:43.361147] {Default Queue}  -> wl_region#105.add(569, 31, 142, 5)
[14:48:43.361148] {Default Queue}  -> wl_region#105.add(869, 31, 400, 5)
[14:48:43.361149] {Default Queue}  -> wl_region#105.add(12, 36, 539, 2)
[14:48:43.361149] {Default Queue}  -> wl_region#105.add(570, 36, 140, 2)
[14:48:43.361150] {Default Queue}  -> wl_region#105.add(870, 36, 398, 2)
[14:48:43.361150] {Default Queue}  -> wl_region#105.add(13, 38, 537, 1)
[14:48:43.361151] {Default Queue}  -> wl_region#105.add(571, 38, 138, 1)
[14:48:43.361152] {Default Queue}  -> wl_region#105.add(871, 38, 396, 1)
[14:48:43.361152] {Default Queue}  -> wl_region#105.add(14, 39, 535, 1)
[14:48:43.361153] {Default Queue}  -> wl_region#105.add(572, 39, 136, 1)
[14:48:43.361153] {Default Queue}  -> wl_region#105.add(872, 39, 394, 1)
[14:48:43.361154] {Default Queue}  -> wl_region#105.add(15, 40, 533, 1)
[14:48:43.361154] {Default Queue}  -> wl_region#105.add(573, 40, 134, 1)
[14:48:43.361155] {Default Queue}  -> wl_region#105.add(873, 40, 392, 1)
[14:48:43.361156] {Default Queue}  -> wl_region#105.add(16, 41, 531, 1)
[14:48:43.361156] {Default Queue}  -> wl_region#105.add(574, 41, 132, 1)
[14:48:43.361157] {Default Queue}  -> wl_region#105.add(874, 41, 390, 1)
[14:48:43.361157] {Default Queue}  -> wl_region#105.add(17, 42, 529, 1)
[14:48:43.361158] {Default Queue}  -> wl_region#105.add(575, 42, 130, 1)
[14:48:43.361159] {Default Queue}  -> wl_region#105.add(875, 42, 388, 1)
[14:48:43.361159] {Default Queue}  -> wl_region#105.add(19, 43, 525, 1)
[14:48:43.361160] {Default Queue}  -> wl_region#105.add(577, 43, 126, 1)
[14:48:43.361160] {Default Queue}  -> wl_region#105.add(877, 43, 384, 1)
[14:48:43.361162] {Default Queue}  -> ext_background_effect_surface_v1#117.set_blur_region(wl_region#105)
[14:48:43.361163] {Default Queue}  -> wl_region#105.destroy()
info(pearl): event=stopping reason=control-quit pending=false
[14:48:43.362073] {Default Queue}  -> zwlr_layer_surface_v1#80.destroy()
[14:48:43.362078]  -> wl_surface#70.attach(nil, 0, 0)
[14:48:43.362080]  -> wl_surface#70.commit()
[14:48:43.362096] {Default Queue}  -> wl_buffer#104.destroy()
[14:48:43.362098] {Default Queue}  -> wl_shm_pool#103.destroy()
[14:48:43.362118] {Default Queue}  -> wp_viewport#78.destroy()
[14:48:43.362119] {Default Queue}  -> wp_fractional_scale_v1#77.destroy()
[14:48:43.362120]  -> wl_surface#70.destroy()
[14:48:43.362128] {Default Queue}  -> xdg_toplevel_icon_v1#79.destroy()
[14:48:43.362169] {Default Queue}  -> zwlr_layer_surface_v1#69.destroy()
[14:48:43.362171]  -> wl_surface#65.attach(nil, 0, 0)
[14:48:43.362172]  -> wl_surface#65.commit()
[14:48:43.362184] {Default Queue}  -> wl_buffer#92.destroy()
[14:48:43.362185] {Default Queue}  -> wl_shm_pool#86.destroy()
[14:48:43.362298] {Default Queue}  -> wp_viewport#67.destroy()
[14:48:43.362299] {Default Queue}  -> wp_fractional_scale_v1#66.destroy()
[14:48:43.362300]  -> wl_surface#65.destroy()
[14:48:43.362309] {Default Queue}  -> xdg_toplevel_icon_v1#68.destroy()
[14:48:43.362526] {Default Queue}  -> ext_background_effect_surface_v1#101.destroy()
[14:48:43.362533] {Default Queue}  -> zwlr_layer_surface_v1#75.destroy()
[14:48:43.362534]  -> wl_surface#71.attach(nil, 0, 0)
[14:48:43.362535]  -> wl_surface#71.commit()
[14:48:43.362549] {Default Queue}  -> wl_buffer#94.destroy()
[14:48:43.362550] {Default Queue}  -> wl_shm_pool#109.destroy()
[14:48:43.362595] {Default Queue}  -> wp_viewport#73.destroy()
[14:48:43.362596] {Default Queue}  -> wp_fractional_scale_v1#72.destroy()
[14:48:43.362597]  -> wl_surface#71.destroy()
[14:48:43.362610] {Default Queue}  -> xdg_toplevel_icon_v1#74.destroy()
[14:48:43.363566] {Default Queue}  -> zwlr_layer_surface_v1#85.destroy()
[14:48:43.363576]  -> wl_surface#81.attach(nil, 0, 0)
[14:48:43.363577]  -> wl_surface#81.commit()
[14:48:43.363590] {Default Queue}  -> wl_buffer#108.destroy()
[14:48:43.363591] {Default Queue}  -> wl_shm_pool#107.destroy()
[14:48:43.363693] {Default Queue}  -> wp_viewport#83.destroy()
[14:48:43.363693] {Default Queue}  -> wp_fractional_scale_v1#82.destroy()
[14:48:43.363694]  -> wl_surface#81.destroy()
[14:48:43.363700] {Default Queue}  -> xdg_toplevel_icon_v1#84.destroy()
[14:48:43.363930] {Default Queue}  -> ext_background_effect_surface_v1#117.destroy()
[14:48:43.363939] {Default Queue}  -> zwlr_layer_surface_v1#90.destroy()
[14:48:43.363940]  -> wl_surface#76.attach(nil, 0, 0)
[14:48:43.363941]  -> wl_surface#76.commit()
[14:48:43.363966] {Default Queue}  -> wp_viewport#88.destroy()
[14:48:43.363966] {Default Queue}  -> wp_fractional_scale_v1#87.destroy()
[14:48:43.363967]  -> wl_surface#76.destroy()
[14:48:43.363972] {Default Queue}  -> xdg_toplevel_icon_v1#89.destroy()
[14:48:43.364700] {Default Queue}  -> wl_seat#53.release()
[14:48:43.364706] {Default Queue}  -> ext_idle_notifier_v1#47.destroy()
[14:48:43.364731] {Default Queue}  -> wl_seat#55.release()
[14:48:43.364732] {Default Queue}  -> ext_data_control_manager_v1#54.destroy()
[14:48:43.364734] {Default Queue}  -> ext_foreign_toplevel_handle_v1#4278190080.destroy()
[14:48:43.364735] {Default Queue}  -> ext_image_copy_capture_manager_v1#58.destroy()
[14:48:43.364736] {Default Queue}  -> ext_output_image_capture_source_manager_v1#60.destroy()
[14:48:43.364737] {Default Queue}  -> ext_foreign_toplevel_image_capture_source_manager_v1#62.destroy()
[14:48:43.364738] {Default Queue}  -> ext_foreign_toplevel_list_v1#61.destroy()
[14:48:43.364739] {Default Queue}  -> aqueous_capture_color_manager_v1#59.destroy()
[14:48:43.364739] {Default Queue}  -> wl_output#63.release()
[14:48:43.364741] {Default Queue}  -> wl_output#64.release()
[14:48:43.364742] {Default Queue}  -> zwlr_screencopy_manager_v1#57.destroy()
[14:48:43.365142] {Default Queue}  -> ext_background_effect_manager_v1#48.destroy()
info(pearl): event=aqueous-availability state=stopped
[14:48:43.365210] {Display Queue} wl_display#1.delete_id(105)
[14:48:43.365213] {Default Queue} wl_buffer#113.release()
[14:48:43.365214] {Default Queue}  -> wl_buffer#113.destroy()
[14:48:43.365215] {Default Queue}  -> wl_shm_pool#112.destroy()
info(pearl): event=cleanup pending=false watched_objects=0
info(pearl): event=stopped
